#-----------------------------------------------------------
# xsim v2025.2 (64-bit)
# SW Build 6299465 on Fri Nov 14 12:34:56 MST 2025
# IP Build 6300035 on Fri Nov 14 10:48:45 MST 2025
# SharedData Build 6298862 on Thu Nov 13 04:50:51 MST 2025
# Start of session at: Wed Jun  3 02:34:35 2026
# Process ID         : 15813
# Current directory  : /run/media/sackb/Windows-SSD/Users/sackb/OneDrive/Desktop/University/Course_Work/2025-2026/Spring_2026/ECE_410/ECE410/project/post_m3_Minor_Redesign
# Command line       : xsim -log sim/cosim_run.log -mode tcl -source {xsim.dir/m3_snap/xsim_script.tcl}
# Log file           : /run/media/sackb/Windows-SSD/Users/sackb/OneDrive/Desktop/University/Course_Work/2025-2026/Spring_2026/ECE_410/ECE410/project/post_m3_Minor_Redesign/sim/cosim_run.log
# Journal file       : /run/media/sackb/Windows-SSD/Users/sackb/OneDrive/Desktop/University/Course_Work/2025-2026/Spring_2026/ECE_410/ECE410/project/post_m3_Minor_Redesign/xsim.jou
# Running On         : archlinux
# Platform           : unknown
# Operating System   : unknown
# Processor Detail   : 11th Gen Intel(R) Core(TM) i7-11800H @ 2.30GHz
# CPU Frequency      : 954.243 MHz
# CPU Physical cores : 8
# CPU Logical cores  : 16
# Host memory        : 16533 MB
# Swap memory        : 8266 MB
# Total Virtual      : 24800 MB
# Available Virtual  : 21147 MB
#-----------------------------------------------------------
source xsim.dir/m3_snap/xsim_script.tcl
# xsim {m3_snap} -autoloadwcfg -runall
Time resolution is 1 ps
run -all

Time: 55 ns Started: 45 ns Scope: /tb_top/u_mon File: /run/media/sackb/Windows-SSD/Users/sackb/OneDrive/Desktop/University/Course_Work/2025-2026/Spring_2026/ECE_410/ECE410/project/post_m3_Minor_Redesign/tb/tb_top.sv Line:256
Error: AXI MONITOR: core_C changed while core is idle
Time: 55 ns  Iteration: 0  Process: /tb_top/u_mon//tb_top/u_mon  Scope: tb_top.u_mon  File: /run/media/sackb/Windows-SSD/Users/sackb/OneDrive/Desktop/University/Course_Work/2025-2026/Spring_2026/ECE_410/ECE410/project/post_m3_Minor_Redesign/tb/tb_top.sv Line: 257

Time: 65 ns Started: 55 ns Scope: /tb_top/u_mon File: /run/media/sackb/Windows-SSD/Users/sackb/OneDrive/Desktop/University/Course_Work/2025-2026/Spring_2026/ECE_410/ECE410/project/post_m3_Minor_Redesign/tb/tb_top.sv Line:256
Error: AXI MONITOR: core_C changed while core is idle
Time: 65 ns  Iteration: 0  Process: /tb_top/u_mon//tb_top/u_mon  Scope: tb_top.u_mon  File: /run/media/sackb/Windows-SSD/Users/sackb/OneDrive/Desktop/University/Course_Work/2025-2026/Spring_2026/ECE_410/ECE410/project/post_m3_Minor_Redesign/tb/tb_top.sv Line: 257

Time: 75 ns Started: 65 ns Scope: /tb_top/u_mon File: /run/media/sackb/Windows-SSD/Users/sackb/OneDrive/Desktop/University/Course_Work/2025-2026/Spring_2026/ECE_410/ECE410/project/post_m3_Minor_Redesign/tb/tb_top.sv Line:256
Error: AXI MONITOR: core_C changed while core is idle
Time: 75 ns  Iteration: 0  Process: /tb_top/u_mon//tb_top/u_mon  Scope: tb_top.u_mon  File: /run/media/sackb/Windows-SSD/Users/sackb/OneDrive/Desktop/University/Course_Work/2025-2026/Spring_2026/ECE_410/ECE410/project/post_m3_Minor_Redesign/tb/tb_top.sv Line: 257

Time: 85 ns Started: 75 ns Scope: /tb_top/u_mon File: /run/media/sackb/Windows-SSD/Users/sackb/OneDrive/Desktop/University/Course_Work/2025-2026/Spring_2026/ECE_410/ECE410/project/post_m3_Minor_Redesign/tb/tb_top.sv Line:256
Error: AXI MONITOR: core_C changed while core is idle
Time: 85 ns  Iteration: 0  Process: /tb_top/u_mon//tb_top/u_mon  Scope: tb_top.u_mon  File: /run/media/sackb/Windows-SSD/Users/sackb/OneDrive/Desktop/University/Course_Work/2025-2026/Spring_2026/ECE_410/ECE410/project/post_m3_Minor_Redesign/tb/tb_top.sv Line: 257

Time: 95 ns Started: 85 ns Scope: /tb_top/u_mon File: /run/media/sackb/Windows-SSD/Users/sackb/OneDrive/Desktop/University/Course_Work/2025-2026/Spring_2026/ECE_410/ECE410/project/post_m3_Minor_Redesign/tb/tb_top.sv Line:256
Error: AXI MONITOR: core_C changed while core is idle
Time: 95 ns  Iteration: 0  Process: /tb_top/u_mon//tb_top/u_mon  Scope: tb_top.u_mon  File: /run/media/sackb/Windows-SSD/Users/sackb/OneDrive/Desktop/University/Course_Work/2025-2026/Spring_2026/ECE_410/ECE410/project/post_m3_Minor_Redesign/tb/tb_top.sv Line: 257

Time: 105 ns Started: 95 ns Scope: /tb_top/u_mon File: /run/media/sackb/Windows-SSD/Users/sackb/OneDrive/Desktop/University/Course_Work/2025-2026/Spring_2026/ECE_410/ECE410/project/post_m3_Minor_Redesign/tb/tb_top.sv Line:256
Error: AXI MONITOR: core_C changed while core is idle
Time: 105 ns  Iteration: 0  Process: /tb_top/u_mon//tb_top/u_mon  Scope: tb_top.u_mon  File: /run/media/sackb/Windows-SSD/Users/sackb/OneDrive/Desktop/University/Course_Work/2025-2026/Spring_2026/ECE_410/ECE410/project/post_m3_Minor_Redesign/tb/tb_top.sv Line: 257

Time: 115 ns Started: 105 ns Scope: /tb_top/u_mon File: /run/media/sackb/Windows-SSD/Users/sackb/OneDrive/Desktop/University/Course_Work/2025-2026/Spring_2026/ECE_410/ECE410/project/post_m3_Minor_Redesign/tb/tb_top.sv Line:256
Error: AXI MONITOR: core_C changed while core is idle
Time: 115 ns  Iteration: 0  Process: /tb_top/u_mon//tb_top/u_mon  Scope: tb_top.u_mon  File: /run/media/sackb/Windows-SSD/Users/sackb/OneDrive/Desktop/University/Course_Work/2025-2026/Spring_2026/ECE_410/ECE410/project/post_m3_Minor_Redesign/tb/tb_top.sv Line: 257
TB_TOP: Starting iteration 0

Time: 125 ns Started: 115 ns Scope: /tb_top/u_mon File: /run/media/sackb/Windows-SSD/Users/sackb/OneDrive/Desktop/University/Course_Work/2025-2026/Spring_2026/ECE_410/ECE410/project/post_m3_Minor_Redesign/tb/tb_top.sv Line:256
Error: AXI MONITOR: core_C changed while core is idle
Time: 125 ns  Iteration: 0  Process: /tb_top/u_mon//tb_top/u_mon  Scope: tb_top.u_mon  File: /run/media/sackb/Windows-SSD/Users/sackb/OneDrive/Desktop/University/Course_Work/2025-2026/Spring_2026/ECE_410/ECE410/project/post_m3_Minor_Redesign/tb/tb_top.sv Line: 257

Time: 135 ns Started: 125 ns Scope: /tb_top/u_mon File: /run/media/sackb/Windows-SSD/Users/sackb/OneDrive/Desktop/University/Course_Work/2025-2026/Spring_2026/ECE_410/ECE410/project/post_m3_Minor_Redesign/tb/tb_top.sv Line:256
Error: AXI MONITOR: core_C changed while core is idle
Time: 135 ns  Iteration: 0  Process: /tb_top/u_mon//tb_top/u_mon  Scope: tb_top.u_mon  File: /run/media/sackb/Windows-SSD/Users/sackb/OneDrive/Desktop/University/Course_Work/2025-2026/Spring_2026/ECE_410/ECE410/project/post_m3_Minor_Redesign/tb/tb_top.sv Line: 257

Time: 145 ns Started: 135 ns Scope: /tb_top/u_mon File: /run/media/sackb/Windows-SSD/Users/sackb/OneDrive/Desktop/University/Course_Work/2025-2026/Spring_2026/ECE_410/ECE410/project/post_m3_Minor_Redesign/tb/tb_top.sv Line:256
Error: AXI MONITOR: core_C changed while core is idle
Time: 145 ns  Iteration: 0  Process: /tb_top/u_mon//tb_top/u_mon  Scope: tb_top.u_mon  File: /run/media/sackb/Windows-SSD/Users/sackb/OneDrive/Desktop/University/Course_Work/2025-2026/Spring_2026/ECE_410/ECE410/project/post_m3_Minor_Redesign/tb/tb_top.sv Line: 257

Time: 155 ns Started: 145 ns Scope: /tb_top/u_mon File: /run/media/sackb/Windows-SSD/Users/sackb/OneDrive/Desktop/University/Course_Work/2025-2026/Spring_2026/ECE_410/ECE410/project/post_m3_Minor_Redesign/tb/tb_top.sv Line:256
Error: AXI MONITOR: core_C changed while core is idle
Time: 155 ns  Iteration: 0  Process: /tb_top/u_mon//tb_top/u_mon  Scope: tb_top.u_mon  File: /run/media/sackb/Windows-SSD/Users/sackb/OneDrive/Desktop/University/Course_Work/2025-2026/Spring_2026/ECE_410/ECE410/project/post_m3_Minor_Redesign/tb/tb_top.sv Line: 257

Time: 165 ns Started: 155 ns Scope: /tb_top/u_mon File: /run/media/sackb/Windows-SSD/Users/sackb/OneDrive/Desktop/University/Course_Work/2025-2026/Spring_2026/ECE_410/ECE410/project/post_m3_Minor_Redesign/tb/tb_top.sv Line:256
Error: AXI MONITOR: core_C changed while core is idle
Time: 165 ns  Iteration: 0  Process: /tb_top/u_mon//tb_top/u_mon  Scope: tb_top.u_mon  File: /run/media/sackb/Windows-SSD/Users/sackb/OneDrive/Desktop/University/Course_Work/2025-2026/Spring_2026/ECE_410/ECE410/project/post_m3_Minor_Redesign/tb/tb_top.sv Line: 257

Time: 175 ns Started: 165 ns Scope: /tb_top/u_mon File: /run/media/sackb/Windows-SSD/Users/sackb/OneDrive/Desktop/University/Course_Work/2025-2026/Spring_2026/ECE_410/ECE410/project/post_m3_Minor_Redesign/tb/tb_top.sv Line:256
Error: AXI MONITOR: core_C changed while core is idle
Time: 175 ns  Iteration: 0  Process: /tb_top/u_mon//tb_top/u_mon  Scope: tb_top.u_mon  File: /run/media/sackb/Windows-SSD/Users/sackb/OneDrive/Desktop/University/Course_Work/2025-2026/Spring_2026/ECE_410/ECE410/project/post_m3_Minor_Redesign/tb/tb_top.sv Line: 257

Time: 185 ns Started: 175 ns Scope: /tb_top/u_mon File: /run/media/sackb/Windows-SSD/Users/sackb/OneDrive/Desktop/University/Course_Work/2025-2026/Spring_2026/ECE_410/ECE410/project/post_m3_Minor_Redesign/tb/tb_top.sv Line:256
Error: AXI MONITOR: core_C changed while core is idle
Time: 185 ns  Iteration: 0  Process: /tb_top/u_mon//tb_top/u_mon  Scope: tb_top.u_mon  File: /run/media/sackb/Windows-SSD/Users/sackb/OneDrive/Desktop/University/Course_Work/2025-2026/Spring_2026/ECE_410/ECE410/project/post_m3_Minor_Redesign/tb/tb_top.sv Line: 257

Time: 195 ns Started: 185 ns Scope: /tb_top/u_mon File: /run/media/sackb/Windows-SSD/Users/sackb/OneDrive/Desktop/University/Course_Work/2025-2026/Spring_2026/ECE_410/ECE410/project/post_m3_Minor_Redesign/tb/tb_top.sv Line:256
Error: AXI MONITOR: core_C changed while core is idle
Time: 195 ns  Iteration: 0  Process: /tb_top/u_mon//tb_top/u_mon  Scope: tb_top.u_mon  File: /run/media/sackb/Windows-SSD/Users/sackb/OneDrive/Desktop/University/Course_Work/2025-2026/Spring_2026/ECE_410/ECE410/project/post_m3_Minor_Redesign/tb/tb_top.sv Line: 257

Time: 205 ns Started: 195 ns Scope: /tb_top/u_mon File: /run/media/sackb/Windows-SSD/Users/sackb/OneDrive/Desktop/University/Course_Work/2025-2026/Spring_2026/ECE_410/ECE410/project/post_m3_Minor_Redesign/tb/tb_top.sv Line:256
Error: AXI MONITOR: core_C changed while core is idle
Time: 205 ns  Iteration: 0  Process: /tb_top/u_mon//tb_top/u_mon  Scope: tb_top.u_mon  File: /run/media/sackb/Windows-SSD/Users/sackb/OneDrive/Desktop/University/Course_Work/2025-2026/Spring_2026/ECE_410/ECE410/project/post_m3_Minor_Redesign/tb/tb_top.sv Line: 257

Time: 215 ns Started: 205 ns Scope: /tb_top/u_mon File: /run/media/sackb/Windows-SSD/Users/sackb/OneDrive/Desktop/University/Course_Work/2025-2026/Spring_2026/ECE_410/ECE410/project/post_m3_Minor_Redesign/tb/tb_top.sv Line:256
Error: AXI MONITOR: core_C changed while core is idle
Time: 215 ns  Iteration: 0  Process: /tb_top/u_mon//tb_top/u_mon  Scope: tb_top.u_mon  File: /run/media/sackb/Windows-SSD/Users/sackb/OneDrive/Desktop/University/Course_Work/2025-2026/Spring_2026/ECE_410/ECE410/project/post_m3_Minor_Redesign/tb/tb_top.sv Line: 257

Time: 225 ns Started: 215 ns Scope: /tb_top/u_mon File: /run/media/sackb/Windows-SSD/Users/sackb/OneDrive/Desktop/University/Course_Work/2025-2026/Spring_2026/ECE_410/ECE410/project/post_m3_Minor_Redesign/tb/tb_top.sv Line:256
Error: AXI MONITOR: core_C changed while core is idle
Time: 225 ns  Iteration: 0  Process: /tb_top/u_mon//tb_top/u_mon  Scope: tb_top.u_mon  File: /run/media/sackb/Windows-SSD/Users/sackb/OneDrive/Desktop/University/Course_Work/2025-2026/Spring_2026/ECE_410/ECE410/project/post_m3_Minor_Redesign/tb/tb_top.sv Line: 257

Time: 235 ns Started: 225 ns Scope: /tb_top/u_mon File: /run/media/sackb/Windows-SSD/Users/sackb/OneDrive/Desktop/University/Course_Work/2025-2026/Spring_2026/ECE_410/ECE410/project/post_m3_Minor_Redesign/tb/tb_top.sv Line:256
Error: AXI MONITOR: core_C changed while core is idle
Time: 235 ns  Iteration: 0  Process: /tb_top/u_mon//tb_top/u_mon  Scope: tb_top.u_mon  File: /run/media/sackb/Windows-SSD/Users/sackb/OneDrive/Desktop/University/Course_Work/2025-2026/Spring_2026/ECE_410/ECE410/project/post_m3_Minor_Redesign/tb/tb_top.sv Line: 257

Time: 245 ns Started: 235 ns Scope: /tb_top/u_mon File: /run/media/sackb/Windows-SSD/Users/sackb/OneDrive/Desktop/University/Course_Work/2025-2026/Spring_2026/ECE_410/ECE410/project/post_m3_Minor_Redesign/tb/tb_top.sv Line:256
Error: AXI MONITOR: core_C changed while core is idle
Time: 245 ns  Iteration: 0  Process: /tb_top/u_mon//tb_top/u_mon  Scope: tb_top.u_mon  File: /run/media/sackb/Windows-SSD/Users/sackb/OneDrive/Desktop/University/Course_Work/2025-2026/Spring_2026/ECE_410/ECE410/project/post_m3_Minor_Redesign/tb/tb_top.sv Line: 257

Time: 255 ns Started: 245 ns Scope: /tb_top/u_mon File: /run/media/sackb/Windows-SSD/Users/sackb/OneDrive/Desktop/University/Course_Work/2025-2026/Spring_2026/ECE_410/ECE410/project/post_m3_Minor_Redesign/tb/tb_top.sv Line:256
Error: AXI MONITOR: core_C changed while core is idle
Time: 255 ns  Iteration: 0  Process: /tb_top/u_mon//tb_top/u_mon  Scope: tb_top.u_mon  File: /run/media/sackb/Windows-SSD/Users/sackb/OneDrive/Desktop/University/Course_Work/2025-2026/Spring_2026/ECE_410/ECE410/project/post_m3_Minor_Redesign/tb/tb_top.sv Line: 257

Time: 265 ns Started: 255 ns Scope: /tb_top/u_mon File: /run/media/sackb/Windows-SSD/Users/sackb/OneDrive/Desktop/University/Course_Work/2025-2026/Spring_2026/ECE_410/ECE410/project/post_m3_Minor_Redesign/tb/tb_top.sv Line:256
Error: AXI MONITOR: core_C changed while core is idle
Time: 265 ns  Iteration: 0  Process: /tb_top/u_mon//tb_top/u_mon  Scope: tb_top.u_mon  File: /run/media/sackb/Windows-SSD/Users/sackb/OneDrive/Desktop/University/Course_Work/2025-2026/Spring_2026/ECE_410/ECE410/project/post_m3_Minor_Redesign/tb/tb_top.sv Line: 257

Time: 275 ns Started: 265 ns Scope: /tb_top/u_mon File: /run/media/sackb/Windows-SSD/Users/sackb/OneDrive/Desktop/University/Course_Work/2025-2026/Spring_2026/ECE_410/ECE410/project/post_m3_Minor_Redesign/tb/tb_top.sv Line:256
Error: AXI MONITOR: core_C changed while core is idle
Time: 275 ns  Iteration: 0  Process: /tb_top/u_mon//tb_top/u_mon  Scope: tb_top.u_mon  File: /run/media/sackb/Windows-SSD/Users/sackb/OneDrive/Desktop/University/Course_Work/2025-2026/Spring_2026/ECE_410/ECE410/project/post_m3_Minor_Redesign/tb/tb_top.sv Line: 257

Time: 285 ns Started: 275 ns Scope: /tb_top/u_mon File: /run/media/sackb/Windows-SSD/Users/sackb/OneDrive/Desktop/University/Course_Work/2025-2026/Spring_2026/ECE_410/ECE410/project/post_m3_Minor_Redesign/tb/tb_top.sv Line:256
Error: AXI MONITOR: core_C changed while core is idle
Time: 285 ns  Iteration: 0  Process: /tb_top/u_mon//tb_top/u_mon  Scope: tb_top.u_mon  File: /run/media/sackb/Windows-SSD/Users/sackb/OneDrive/Desktop/University/Course_Work/2025-2026/Spring_2026/ECE_410/ECE410/project/post_m3_Minor_Redesign/tb/tb_top.sv Line: 257

Time: 295 ns Started: 285 ns Scope: /tb_top/u_mon File: /run/media/sackb/Windows-SSD/Users/sackb/OneDrive/Desktop/University/Course_Work/2025-2026/Spring_2026/ECE_410/ECE410/project/post_m3_Minor_Redesign/tb/tb_top.sv Line:256
Error: AXI MONITOR: core_C changed while core is idle
Time: 295 ns  Iteration: 0  Process: /tb_top/u_mon//tb_top/u_mon  Scope: tb_top.u_mon  File: /run/media/sackb/Windows-SSD/Users/sackb/OneDrive/Desktop/University/Course_Work/2025-2026/Spring_2026/ECE_410/ECE410/project/post_m3_Minor_Redesign/tb/tb_top.sv Line: 257

Time: 305 ns Started: 295 ns Scope: /tb_top/u_mon File: /run/media/sackb/Windows-SSD/Users/sackb/OneDrive/Desktop/University/Course_Work/2025-2026/Spring_2026/ECE_410/ECE410/project/post_m3_Minor_Redesign/tb/tb_top.sv Line:256
Error: AXI MONITOR: core_C changed while core is idle
Time: 305 ns  Iteration: 0  Process: /tb_top/u_mon//tb_top/u_mon  Scope: tb_top.u_mon  File: /run/media/sackb/Windows-SSD/Users/sackb/OneDrive/Desktop/University/Course_Work/2025-2026/Spring_2026/ECE_410/ECE410/project/post_m3_Minor_Redesign/tb/tb_top.sv Line: 257

Time: 315 ns Started: 305 ns Scope: /tb_top/u_mon File: /run/media/sackb/Windows-SSD/Users/sackb/OneDrive/Desktop/University/Course_Work/2025-2026/Spring_2026/ECE_410/ECE410/project/post_m3_Minor_Redesign/tb/tb_top.sv Line:256
Error: AXI MONITOR: core_C changed while core is idle
Time: 315 ns  Iteration: 0  Process: /tb_top/u_mon//tb_top/u_mon  Scope: tb_top.u_mon  File: /run/media/sackb/Windows-SSD/Users/sackb/OneDrive/Desktop/University/Course_Work/2025-2026/Spring_2026/ECE_410/ECE410/project/post_m3_Minor_Redesign/tb/tb_top.sv Line: 257

Time: 325 ns Started: 315 ns Scope: /tb_top/u_mon File: /run/media/sackb/Windows-SSD/Users/sackb/OneDrive/Desktop/University/Course_Work/2025-2026/Spring_2026/ECE_410/ECE410/project/post_m3_Minor_Redesign/tb/tb_top.sv Line:256
Error: AXI MONITOR: core_C changed while core is idle
Time: 325 ns  Iteration: 0  Process: /tb_top/u_mon//tb_top/u_mon  Scope: tb_top.u_mon  File: /run/media/sackb/Windows-SSD/Users/sackb/OneDrive/Desktop/University/Course_Work/2025-2026/Spring_2026/ECE_410/ECE410/project/post_m3_Minor_Redesign/tb/tb_top.sv Line: 257

Time: 335 ns Started: 325 ns Scope: /tb_top/u_mon File: /run/media/sackb/Windows-SSD/Users/sackb/OneDrive/Desktop/University/Course_Work/2025-2026/Spring_2026/ECE_410/ECE410/project/post_m3_Minor_Redesign/tb/tb_top.sv Line:256
Error: AXI MONITOR: core_C changed while core is idle
Time: 335 ns  Iteration: 0  Process: /tb_top/u_mon//tb_top/u_mon  Scope: tb_top.u_mon  File: /run/media/sackb/Windows-SSD/Users/sackb/OneDrive/Desktop/University/Course_Work/2025-2026/Spring_2026/ECE_410/ECE410/project/post_m3_Minor_Redesign/tb/tb_top.sv Line: 257

Time: 345 ns Started: 335 ns Scope: /tb_top/u_mon File: /run/media/sackb/Windows-SSD/Users/sackb/OneDrive/Desktop/University/Course_Work/2025-2026/Spring_2026/ECE_410/ECE410/project/post_m3_Minor_Redesign/tb/tb_top.sv Line:256
Error: AXI MONITOR: core_C changed while core is idle
Time: 345 ns  Iteration: 0  Process: /tb_top/u_mon//tb_top/u_mon  Scope: tb_top.u_mon  File: /run/media/sackb/Windows-SSD/Users/sackb/OneDrive/Desktop/University/Course_Work/2025-2026/Spring_2026/ECE_410/ECE410/project/post_m3_Minor_Redesign/tb/tb_top.sv Line: 257

Time: 355 ns Started: 345 ns Scope: /tb_top/u_mon File: /run/media/sackb/Windows-SSD/Users/sackb/OneDrive/Desktop/University/Course_Work/2025-2026/Spring_2026/ECE_410/ECE410/project/post_m3_Minor_Redesign/tb/tb_top.sv Line:256
Error: AXI MONITOR: core_C changed while core is idle
Time: 355 ns  Iteration: 0  Process: /tb_top/u_mon//tb_top/u_mon  Scope: tb_top.u_mon  File: /run/media/sackb/Windows-SSD/Users/sackb/OneDrive/Desktop/University/Course_Work/2025-2026/Spring_2026/ECE_410/ECE410/project/post_m3_Minor_Redesign/tb/tb_top.sv Line: 257

Time: 365 ns Started: 355 ns Scope: /tb_top/u_mon File: /run/media/sackb/Windows-SSD/Users/sackb/OneDrive/Desktop/University/Course_Work/2025-2026/Spring_2026/ECE_410/ECE410/project/post_m3_Minor_Redesign/tb/tb_top.sv Line:256
Error: AXI MONITOR: core_C changed while core is idle
Time: 365 ns  Iteration: 0  Process: /tb_top/u_mon//tb_top/u_mon  Scope: tb_top.u_mon  File: /run/media/sackb/Windows-SSD/Users/sackb/OneDrive/Desktop/University/Course_Work/2025-2026/Spring_2026/ECE_410/ECE410/project/post_m3_Minor_Redesign/tb/tb_top.sv Line: 257

Time: 375 ns Started: 365 ns Scope: /tb_top/u_mon File: /run/media/sackb/Windows-SSD/Users/sackb/OneDrive/Desktop/University/Course_Work/2025-2026/Spring_2026/ECE_410/ECE410/project/post_m3_Minor_Redesign/tb/tb_top.sv Line:256
Error: AXI MONITOR: core_C changed while core is idle
Time: 375 ns  Iteration: 0  Process: /tb_top/u_mon//tb_top/u_mon  Scope: tb_top.u_mon  File: /run/media/sackb/Windows-SSD/Users/sackb/OneDrive/Desktop/University/Course_Work/2025-2026/Spring_2026/ECE_410/ECE410/project/post_m3_Minor_Redesign/tb/tb_top.sv Line: 257

Time: 385 ns Started: 375 ns Scope: /tb_top/u_mon File: /run/media/sackb/Windows-SSD/Users/sackb/OneDrive/Desktop/University/Course_Work/2025-2026/Spring_2026/ECE_410/ECE410/project/post_m3_Minor_Redesign/tb/tb_top.sv Line:256
Error: AXI MONITOR: core_C changed while core is idle
Time: 385 ns  Iteration: 0  Process: /tb_top/u_mon//tb_top/u_mon  Scope: tb_top.u_mon  File: /run/media/sackb/Windows-SSD/Users/sackb/OneDrive/Desktop/University/Course_Work/2025-2026/Spring_2026/ECE_410/ECE410/project/post_m3_Minor_Redesign/tb/tb_top.sv Line: 257

Time: 395 ns Started: 385 ns Scope: /tb_top/u_mon File: /run/media/sackb/Windows-SSD/Users/sackb/OneDrive/Desktop/University/Course_Work/2025-2026/Spring_2026/ECE_410/ECE410/project/post_m3_Minor_Redesign/tb/tb_top.sv Line:256
Error: AXI MONITOR: core_C changed while core is idle
Time: 395 ns  Iteration: 0  Process: /tb_top/u_mon//tb_top/u_mon  Scope: tb_top.u_mon  File: /run/media/sackb/Windows-SSD/Users/sackb/OneDrive/Desktop/University/Course_Work/2025-2026/Spring_2026/ECE_410/ECE410/project/post_m3_Minor_Redesign/tb/tb_top.sv Line: 257

Time: 405 ns Started: 395 ns Scope: /tb_top/u_mon File: /run/media/sackb/Windows-SSD/Users/sackb/OneDrive/Desktop/University/Course_Work/2025-2026/Spring_2026/ECE_410/ECE410/project/post_m3_Minor_Redesign/tb/tb_top.sv Line:256
Error: AXI MONITOR: core_C changed while core is idle
Time: 405 ns  Iteration: 0  Process: /tb_top/u_mon//tb_top/u_mon  Scope: tb_top.u_mon  File: /run/media/sackb/Windows-SSD/Users/sackb/OneDrive/Desktop/University/Course_Work/2025-2026/Spring_2026/ECE_410/ECE410/project/post_m3_Minor_Redesign/tb/tb_top.sv Line: 257

Time: 415 ns Started: 405 ns Scope: /tb_top/u_mon File: /run/media/sackb/Windows-SSD/Users/sackb/OneDrive/Desktop/University/Course_Work/2025-2026/Spring_2026/ECE_410/ECE410/project/post_m3_Minor_Redesign/tb/tb_top.sv Line:256
Error: AXI MONITOR: core_C changed while core is idle
Time: 415 ns  Iteration: 0  Process: /tb_top/u_mon//tb_top/u_mon  Scope: tb_top.u_mon  File: /run/media/sackb/Windows-SSD/Users/sackb/OneDrive/Desktop/University/Course_Work/2025-2026/Spring_2026/ECE_410/ECE410/project/post_m3_Minor_Redesign/tb/tb_top.sv Line: 257

Time: 425 ns Started: 415 ns Scope: /tb_top/u_mon File: /run/media/sackb/Windows-SSD/Users/sackb/OneDrive/Desktop/University/Course_Work/2025-2026/Spring_2026/ECE_410/ECE410/project/post_m3_Minor_Redesign/tb/tb_top.sv Line:256
Error: AXI MONITOR: core_C changed while core is idle
Time: 425 ns  Iteration: 0  Process: /tb_top/u_mon//tb_top/u_mon  Scope: tb_top.u_mon  File: /run/media/sackb/Windows-SSD/Users/sackb/OneDrive/Desktop/University/Course_Work/2025-2026/Spring_2026/ECE_410/ECE410/project/post_m3_Minor_Redesign/tb/tb_top.sv Line: 257

Time: 435 ns Started: 425 ns Scope: /tb_top/u_mon File: /run/media/sackb/Windows-SSD/Users/sackb/OneDrive/Desktop/University/Course_Work/2025-2026/Spring_2026/ECE_410/ECE410/project/post_m3_Minor_Redesign/tb/tb_top.sv Line:256
Error: AXI MONITOR: core_C changed while core is idle
Time: 435 ns  Iteration: 0  Process: /tb_top/u_mon//tb_top/u_mon  Scope: tb_top.u_mon  File: /run/media/sackb/Windows-SSD/Users/sackb/OneDrive/Desktop/University/Course_Work/2025-2026/Spring_2026/ECE_410/ECE410/project/post_m3_Minor_Redesign/tb/tb_top.sv Line: 257

Time: 445 ns Started: 435 ns Scope: /tb_top/u_mon File: /run/media/sackb/Windows-SSD/Users/sackb/OneDrive/Desktop/University/Course_Work/2025-2026/Spring_2026/ECE_410/ECE410/project/post_m3_Minor_Redesign/tb/tb_top.sv Line:256
Error: AXI MONITOR: core_C changed while core is idle
Time: 445 ns  Iteration: 0  Process: /tb_top/u_mon//tb_top/u_mon  Scope: tb_top.u_mon  File: /run/media/sackb/Windows-SSD/Users/sackb/OneDrive/Desktop/University/Course_Work/2025-2026/Spring_2026/ECE_410/ECE410/project/post_m3_Minor_Redesign/tb/tb_top.sv Line: 257

Time: 455 ns Started: 445 ns Scope: /tb_top/u_mon File: /run/media/sackb/Windows-SSD/Users/sackb/OneDrive/Desktop/University/Course_Work/2025-2026/Spring_2026/ECE_410/ECE410/project/post_m3_Minor_Redesign/tb/tb_top.sv Line:256
Error: AXI MONITOR: core_C changed while core is idle
Time: 455 ns  Iteration: 0  Process: /tb_top/u_mon//tb_top/u_mon  Scope: tb_top.u_mon  File: /run/media/sackb/Windows-SSD/Users/sackb/OneDrive/Desktop/University/Course_Work/2025-2026/Spring_2026/ECE_410/ECE410/project/post_m3_Minor_Redesign/tb/tb_top.sv Line: 257

Time: 465 ns Started: 455 ns Scope: /tb_top/u_mon File: /run/media/sackb/Windows-SSD/Users/sackb/OneDrive/Desktop/University/Course_Work/2025-2026/Spring_2026/ECE_410/ECE410/project/post_m3_Minor_Redesign/tb/tb_top.sv Line:256
Error: AXI MONITOR: core_C changed while core is idle
Time: 465 ns  Iteration: 0  Process: /tb_top/u_mon//tb_top/u_mon  Scope: tb_top.u_mon  File: /run/media/sackb/Windows-SSD/Users/sackb/OneDrive/Desktop/University/Course_Work/2025-2026/Spring_2026/ECE_410/ECE410/project/post_m3_Minor_Redesign/tb/tb_top.sv Line: 257

Time: 475 ns Started: 465 ns Scope: /tb_top/u_mon File: /run/media/sackb/Windows-SSD/Users/sackb/OneDrive/Desktop/University/Course_Work/2025-2026/Spring_2026/ECE_410/ECE410/project/post_m3_Minor_Redesign/tb/tb_top.sv Line:256
Error: AXI MONITOR: core_C changed while core is idle
Time: 475 ns  Iteration: 0  Process: /tb_top/u_mon//tb_top/u_mon  Scope: tb_top.u_mon  File: /run/media/sackb/Windows-SSD/Users/sackb/OneDrive/Desktop/University/Course_Work/2025-2026/Spring_2026/ECE_410/ECE410/project/post_m3_Minor_Redesign/tb/tb_top.sv Line: 257

Time: 485 ns Started: 475 ns Scope: /tb_top/u_mon File: /run/media/sackb/Windows-SSD/Users/sackb/OneDrive/Desktop/University/Course_Work/2025-2026/Spring_2026/ECE_410/ECE410/project/post_m3_Minor_Redesign/tb/tb_top.sv Line:256
Error: AXI MONITOR: core_C changed while core is idle
Time: 485 ns  Iteration: 0  Process: /tb_top/u_mon//tb_top/u_mon  Scope: tb_top.u_mon  File: /run/media/sackb/Windows-SSD/Users/sackb/OneDrive/Desktop/University/Course_Work/2025-2026/Spring_2026/ECE_410/ECE410/project/post_m3_Minor_Redesign/tb/tb_top.sv Line: 257

Time: 495 ns Started: 485 ns Scope: /tb_top/u_mon File: /run/media/sackb/Windows-SSD/Users/sackb/OneDrive/Desktop/University/Course_Work/2025-2026/Spring_2026/ECE_410/ECE410/project/post_m3_Minor_Redesign/tb/tb_top.sv Line:256
Error: AXI MONITOR: core_C changed while core is idle
Time: 495 ns  Iteration: 0  Process: /tb_top/u_mon//tb_top/u_mon  Scope: tb_top.u_mon  File: /run/media/sackb/Windows-SSD/Users/sackb/OneDrive/Desktop/University/Course_Work/2025-2026/Spring_2026/ECE_410/ECE410/project/post_m3_Minor_Redesign/tb/tb_top.sv Line: 257

Time: 505 ns Started: 495 ns Scope: /tb_top/u_mon File: /run/media/sackb/Windows-SSD/Users/sackb/OneDrive/Desktop/University/Course_Work/2025-2026/Spring_2026/ECE_410/ECE410/project/post_m3_Minor_Redesign/tb/tb_top.sv Line:256
Error: AXI MONITOR: core_C changed while core is idle
Time: 505 ns  Iteration: 0  Process: /tb_top/u_mon//tb_top/u_mon  Scope: tb_top.u_mon  File: /run/media/sackb/Windows-SSD/Users/sackb/OneDrive/Desktop/University/Course_Work/2025-2026/Spring_2026/ECE_410/ECE410/project/post_m3_Minor_Redesign/tb/tb_top.sv Line: 257

Time: 515 ns Started: 505 ns Scope: /tb_top/u_mon File: /run/media/sackb/Windows-SSD/Users/sackb/OneDrive/Desktop/University/Course_Work/2025-2026/Spring_2026/ECE_410/ECE410/project/post_m3_Minor_Redesign/tb/tb_top.sv Line:256
Error: AXI MONITOR: core_C changed while core is idle
Time: 515 ns  Iteration: 0  Process: /tb_top/u_mon//tb_top/u_mon  Scope: tb_top.u_mon  File: /run/media/sackb/Windows-SSD/Users/sackb/OneDrive/Desktop/University/Course_Work/2025-2026/Spring_2026/ECE_410/ECE410/project/post_m3_Minor_Redesign/tb/tb_top.sv Line: 257

Time: 525 ns Started: 515 ns Scope: /tb_top/u_mon File: /run/media/sackb/Windows-SSD/Users/sackb/OneDrive/Desktop/University/Course_Work/2025-2026/Spring_2026/ECE_410/ECE410/project/post_m3_Minor_Redesign/tb/tb_top.sv Line:256
Error: AXI MONITOR: core_C changed while core is idle
Time: 525 ns  Iteration: 0  Process: /tb_top/u_mon//tb_top/u_mon  Scope: tb_top.u_mon  File: /run/media/sackb/Windows-SSD/Users/sackb/OneDrive/Desktop/University/Course_Work/2025-2026/Spring_2026/ECE_410/ECE410/project/post_m3_Minor_Redesign/tb/tb_top.sv Line: 257

Time: 535 ns Started: 525 ns Scope: /tb_top/u_mon File: /run/media/sackb/Windows-SSD/Users/sackb/OneDrive/Desktop/University/Course_Work/2025-2026/Spring_2026/ECE_410/ECE410/project/post_m3_Minor_Redesign/tb/tb_top.sv Line:256
Error: AXI MONITOR: core_C changed while core is idle
Time: 535 ns  Iteration: 0  Process: /tb_top/u_mon//tb_top/u_mon  Scope: tb_top.u_mon  File: /run/media/sackb/Windows-SSD/Users/sackb/OneDrive/Desktop/University/Course_Work/2025-2026/Spring_2026/ECE_410/ECE410/project/post_m3_Minor_Redesign/tb/tb_top.sv Line: 257

Time: 545 ns Started: 535 ns Scope: /tb_top/u_mon File: /run/media/sackb/Windows-SSD/Users/sackb/OneDrive/Desktop/University/Course_Work/2025-2026/Spring_2026/ECE_410/ECE410/project/post_m3_Minor_Redesign/tb/tb_top.sv Line:256
Error: AXI MONITOR: core_C changed while core is idle
Time: 545 ns  Iteration: 0  Process: /tb_top/u_mon//tb_top/u_mon  Scope: tb_top.u_mon  File: /run/media/sackb/Windows-SSD/Users/sackb/OneDrive/Desktop/University/Course_Work/2025-2026/Spring_2026/ECE_410/ECE410/project/post_m3_Minor_Redesign/tb/tb_top.sv Line: 257

Time: 555 ns Started: 545 ns Scope: /tb_top/u_mon File: /run/media/sackb/Windows-SSD/Users/sackb/OneDrive/Desktop/University/Course_Work/2025-2026/Spring_2026/ECE_410/ECE410/project/post_m3_Minor_Redesign/tb/tb_top.sv Line:256
Error: AXI MONITOR: core_C changed while core is idle
Time: 555 ns  Iteration: 0  Process: /tb_top/u_mon//tb_top/u_mon  Scope: tb_top.u_mon  File: /run/media/sackb/Windows-SSD/Users/sackb/OneDrive/Desktop/University/Course_Work/2025-2026/Spring_2026/ECE_410/ECE410/project/post_m3_Minor_Redesign/tb/tb_top.sv Line: 257

Time: 565 ns Started: 555 ns Scope: /tb_top/u_mon File: /run/media/sackb/Windows-SSD/Users/sackb/OneDrive/Desktop/University/Course_Work/2025-2026/Spring_2026/ECE_410/ECE410/project/post_m3_Minor_Redesign/tb/tb_top.sv Line:256
Error: AXI MONITOR: core_C changed while core is idle
Time: 565 ns  Iteration: 0  Process: /tb_top/u_mon//tb_top/u_mon  Scope: tb_top.u_mon  File: /run/media/sackb/Windows-SSD/Users/sackb/OneDrive/Desktop/University/Course_Work/2025-2026/Spring_2026/ECE_410/ECE410/project/post_m3_Minor_Redesign/tb/tb_top.sv Line: 257

Time: 575 ns Started: 565 ns Scope: /tb_top/u_mon File: /run/media/sackb/Windows-SSD/Users/sackb/OneDrive/Desktop/University/Course_Work/2025-2026/Spring_2026/ECE_410/ECE410/project/post_m3_Minor_Redesign/tb/tb_top.sv Line:256
Error: AXI MONITOR: core_C changed while core is idle
Time: 575 ns  Iteration: 0  Process: /tb_top/u_mon//tb_top/u_mon  Scope: tb_top.u_mon  File: /run/media/sackb/Windows-SSD/Users/sackb/OneDrive/Desktop/University/Course_Work/2025-2026/Spring_2026/ECE_410/ECE410/project/post_m3_Minor_Redesign/tb/tb_top.sv Line: 257

Time: 585 ns Started: 575 ns Scope: /tb_top/u_mon File: /run/media/sackb/Windows-SSD/Users/sackb/OneDrive/Desktop/University/Course_Work/2025-2026/Spring_2026/ECE_410/ECE410/project/post_m3_Minor_Redesign/tb/tb_top.sv Line:256
Error: AXI MONITOR: core_C changed while core is idle
Time: 585 ns  Iteration: 0  Process: /tb_top/u_mon//tb_top/u_mon  Scope: tb_top.u_mon  File: /run/media/sackb/Windows-SSD/Users/sackb/OneDrive/Desktop/University/Course_Work/2025-2026/Spring_2026/ECE_410/ECE410/project/post_m3_Minor_Redesign/tb/tb_top.sv Line: 257

Time: 595 ns Started: 585 ns Scope: /tb_top/u_mon File: /run/media/sackb/Windows-SSD/Users/sackb/OneDrive/Desktop/University/Course_Work/2025-2026/Spring_2026/ECE_410/ECE410/project/post_m3_Minor_Redesign/tb/tb_top.sv Line:256
Error: AXI MONITOR: core_C changed while core is idle
Time: 595 ns  Iteration: 0  Process: /tb_top/u_mon//tb_top/u_mon  Scope: tb_top.u_mon  File: /run/media/sackb/Windows-SSD/Users/sackb/OneDrive/Desktop/University/Course_Work/2025-2026/Spring_2026/ECE_410/ECE410/project/post_m3_Minor_Redesign/tb/tb_top.sv Line: 257

Time: 605 ns Started: 595 ns Scope: /tb_top/u_mon File: /run/media/sackb/Windows-SSD/Users/sackb/OneDrive/Desktop/University/Course_Work/2025-2026/Spring_2026/ECE_410/ECE410/project/post_m3_Minor_Redesign/tb/tb_top.sv Line:256
Error: AXI MONITOR: core_C changed while core is idle
Time: 605 ns  Iteration: 0  Process: /tb_top/u_mon//tb_top/u_mon  Scope: tb_top.u_mon  File: /run/media/sackb/Windows-SSD/Users/sackb/OneDrive/Desktop/University/Course_Work/2025-2026/Spring_2026/ECE_410/ECE410/project/post_m3_Minor_Redesign/tb/tb_top.sv Line: 257

Time: 615 ns Started: 605 ns Scope: /tb_top/u_mon File: /run/media/sackb/Windows-SSD/Users/sackb/OneDrive/Desktop/University/Course_Work/2025-2026/Spring_2026/ECE_410/ECE410/project/post_m3_Minor_Redesign/tb/tb_top.sv Line:256
Error: AXI MONITOR: core_C changed while core is idle
Time: 615 ns  Iteration: 0  Process: /tb_top/u_mon//tb_top/u_mon  Scope: tb_top.u_mon  File: /run/media/sackb/Windows-SSD/Users/sackb/OneDrive/Desktop/University/Course_Work/2025-2026/Spring_2026/ECE_410/ECE410/project/post_m3_Minor_Redesign/tb/tb_top.sv Line: 257

Time: 625 ns Started: 615 ns Scope: /tb_top/u_mon File: /run/media/sackb/Windows-SSD/Users/sackb/OneDrive/Desktop/University/Course_Work/2025-2026/Spring_2026/ECE_410/ECE410/project/post_m3_Minor_Redesign/tb/tb_top.sv Line:256
Error: AXI MONITOR: core_C changed while core is idle
Time: 625 ns  Iteration: 0  Process: /tb_top/u_mon//tb_top/u_mon  Scope: tb_top.u_mon  File: /run/media/sackb/Windows-SSD/Users/sackb/OneDrive/Desktop/University/Course_Work/2025-2026/Spring_2026/ECE_410/ECE410/project/post_m3_Minor_Redesign/tb/tb_top.sv Line: 257

Time: 635 ns Started: 625 ns Scope: /tb_top/u_mon File: /run/media/sackb/Windows-SSD/Users/sackb/OneDrive/Desktop/University/Course_Work/2025-2026/Spring_2026/ECE_410/ECE410/project/post_m3_Minor_Redesign/tb/tb_top.sv Line:256
Error: AXI MONITOR: core_C changed while core is idle
Time: 635 ns  Iteration: 0  Process: /tb_top/u_mon//tb_top/u_mon  Scope: tb_top.u_mon  File: /run/media/sackb/Windows-SSD/Users/sackb/OneDrive/Desktop/University/Course_Work/2025-2026/Spring_2026/ECE_410/ECE410/project/post_m3_Minor_Redesign/tb/tb_top.sv Line: 257

Time: 645 ns Started: 635 ns Scope: /tb_top/u_mon File: /run/media/sackb/Windows-SSD/Users/sackb/OneDrive/Desktop/University/Course_Work/2025-2026/Spring_2026/ECE_410/ECE410/project/post_m3_Minor_Redesign/tb/tb_top.sv Line:256
Error: AXI MONITOR: core_C changed while core is idle
Time: 645 ns  Iteration: 0  Process: /tb_top/u_mon//tb_top/u_mon  Scope: tb_top.u_mon  File: /run/media/sackb/Windows-SSD/Users/sackb/OneDrive/Desktop/University/Course_Work/2025-2026/Spring_2026/ECE_410/ECE410/project/post_m3_Minor_Redesign/tb/tb_top.sv Line: 257

Time: 655 ns Started: 645 ns Scope: /tb_top/u_mon File: /run/media/sackb/Windows-SSD/Users/sackb/OneDrive/Desktop/University/Course_Work/2025-2026/Spring_2026/ECE_410/ECE410/project/post_m3_Minor_Redesign/tb/tb_top.sv Line:256
Error: AXI MONITOR: core_C changed while core is idle
Time: 655 ns  Iteration: 0  Process: /tb_top/u_mon//tb_top/u_mon  Scope: tb_top.u_mon  File: /run/media/sackb/Windows-SSD/Users/sackb/OneDrive/Desktop/University/Course_Work/2025-2026/Spring_2026/ECE_410/ECE410/project/post_m3_Minor_Redesign/tb/tb_top.sv Line: 257

Time: 665 ns Started: 655 ns Scope: /tb_top/u_mon File: /run/media/sackb/Windows-SSD/Users/sackb/OneDrive/Desktop/University/Course_Work/2025-2026/Spring_2026/ECE_410/ECE410/project/post_m3_Minor_Redesign/tb/tb_top.sv Line:256
Error: AXI MONITOR: core_C changed while core is idle
Time: 665 ns  Iteration: 0  Process: /tb_top/u_mon//tb_top/u_mon  Scope: tb_top.u_mon  File: /run/media/sackb/Windows-SSD/Users/sackb/OneDrive/Desktop/University/Course_Work/2025-2026/Spring_2026/ECE_410/ECE410/project/post_m3_Minor_Redesign/tb/tb_top.sv Line: 257

Time: 675 ns Started: 665 ns Scope: /tb_top/u_mon File: /run/media/sackb/Windows-SSD/Users/sackb/OneDrive/Desktop/University/Course_Work/2025-2026/Spring_2026/ECE_410/ECE410/project/post_m3_Minor_Redesign/tb/tb_top.sv Line:256
Error: AXI MONITOR: core_C changed while core is idle
Time: 675 ns  Iteration: 0  Process: /tb_top/u_mon//tb_top/u_mon  Scope: tb_top.u_mon  File: /run/media/sackb/Windows-SSD/Users/sackb/OneDrive/Desktop/University/Course_Work/2025-2026/Spring_2026/ECE_410/ECE410/project/post_m3_Minor_Redesign/tb/tb_top.sv Line: 257

Time: 685 ns Started: 675 ns Scope: /tb_top/u_mon File: /run/media/sackb/Windows-SSD/Users/sackb/OneDrive/Desktop/University/Course_Work/2025-2026/Spring_2026/ECE_410/ECE410/project/post_m3_Minor_Redesign/tb/tb_top.sv Line:256
Error: AXI MONITOR: core_C changed while core is idle
Time: 685 ns  Iteration: 0  Process: /tb_top/u_mon//tb_top/u_mon  Scope: tb_top.u_mon  File: /run/media/sackb/Windows-SSD/Users/sackb/OneDrive/Desktop/University/Course_Work/2025-2026/Spring_2026/ECE_410/ECE410/project/post_m3_Minor_Redesign/tb/tb_top.sv Line: 257

Time: 695 ns Started: 685 ns Scope: /tb_top/u_mon File: /run/media/sackb/Windows-SSD/Users/sackb/OneDrive/Desktop/University/Course_Work/2025-2026/Spring_2026/ECE_410/ECE410/project/post_m3_Minor_Redesign/tb/tb_top.sv Line:256
Error: AXI MONITOR: core_C changed while core is idle
Time: 695 ns  Iteration: 0  Process: /tb_top/u_mon//tb_top/u_mon  Scope: tb_top.u_mon  File: /run/media/sackb/Windows-SSD/Users/sackb/OneDrive/Desktop/University/Course_Work/2025-2026/Spring_2026/ECE_410/ECE410/project/post_m3_Minor_Redesign/tb/tb_top.sv Line: 257

Time: 705 ns Started: 695 ns Scope: /tb_top/u_mon File: /run/media/sackb/Windows-SSD/Users/sackb/OneDrive/Desktop/University/Course_Work/2025-2026/Spring_2026/ECE_410/ECE410/project/post_m3_Minor_Redesign/tb/tb_top.sv Line:256
Error: AXI MONITOR: core_C changed while core is idle
Time: 705 ns  Iteration: 0  Process: /tb_top/u_mon//tb_top/u_mon  Scope: tb_top.u_mon  File: /run/media/sackb/Windows-SSD/Users/sackb/OneDrive/Desktop/University/Course_Work/2025-2026/Spring_2026/ECE_410/ECE410/project/post_m3_Minor_Redesign/tb/tb_top.sv Line: 257

Time: 715 ns Started: 705 ns Scope: /tb_top/u_mon File: /run/media/sackb/Windows-SSD/Users/sackb/OneDrive/Desktop/University/Course_Work/2025-2026/Spring_2026/ECE_410/ECE410/project/post_m3_Minor_Redesign/tb/tb_top.sv Line:256
Error: AXI MONITOR: core_C changed while core is idle
Time: 715 ns  Iteration: 0  Process: /tb_top/u_mon//tb_top/u_mon  Scope: tb_top.u_mon  File: /run/media/sackb/Windows-SSD/Users/sackb/OneDrive/Desktop/University/Course_Work/2025-2026/Spring_2026/ECE_410/ECE410/project/post_m3_Minor_Redesign/tb/tb_top.sv Line: 257

Time: 725 ns Started: 715 ns Scope: /tb_top/u_mon File: /run/media/sackb/Windows-SSD/Users/sackb/OneDrive/Desktop/University/Course_Work/2025-2026/Spring_2026/ECE_410/ECE410/project/post_m3_Minor_Redesign/tb/tb_top.sv Line:256
Error: AXI MONITOR: core_C changed while core is idle
Time: 725 ns  Iteration: 0  Process: /tb_top/u_mon//tb_top/u_mon  Scope: tb_top.u_mon  File: /run/media/sackb/Windows-SSD/Users/sackb/OneDrive/Desktop/University/Course_Work/2025-2026/Spring_2026/ECE_410/ECE410/project/post_m3_Minor_Redesign/tb/tb_top.sv Line: 257

Time: 735 ns Started: 725 ns Scope: /tb_top/u_mon File: /run/media/sackb/Windows-SSD/Users/sackb/OneDrive/Desktop/University/Course_Work/2025-2026/Spring_2026/ECE_410/ECE410/project/post_m3_Minor_Redesign/tb/tb_top.sv Line:256
Error: AXI MONITOR: core_C changed while core is idle
Time: 735 ns  Iteration: 0  Process: /tb_top/u_mon//tb_top/u_mon  Scope: tb_top.u_mon  File: /run/media/sackb/Windows-SSD/Users/sackb/OneDrive/Desktop/University/Course_Work/2025-2026/Spring_2026/ECE_410/ECE410/project/post_m3_Minor_Redesign/tb/tb_top.sv Line: 257

Time: 745 ns Started: 735 ns Scope: /tb_top/u_mon File: /run/media/sackb/Windows-SSD/Users/sackb/OneDrive/Desktop/University/Course_Work/2025-2026/Spring_2026/ECE_410/ECE410/project/post_m3_Minor_Redesign/tb/tb_top.sv Line:256
Error: AXI MONITOR: core_C changed while core is idle
Time: 745 ns  Iteration: 0  Process: /tb_top/u_mon//tb_top/u_mon  Scope: tb_top.u_mon  File: /run/media/sackb/Windows-SSD/Users/sackb/OneDrive/Desktop/University/Course_Work/2025-2026/Spring_2026/ECE_410/ECE410/project/post_m3_Minor_Redesign/tb/tb_top.sv Line: 257

Time: 755 ns Started: 745 ns Scope: /tb_top/u_mon File: /run/media/sackb/Windows-SSD/Users/sackb/OneDrive/Desktop/University/Course_Work/2025-2026/Spring_2026/ECE_410/ECE410/project/post_m3_Minor_Redesign/tb/tb_top.sv Line:256
Error: AXI MONITOR: core_C changed while core is idle
Time: 755 ns  Iteration: 0  Process: /tb_top/u_mon//tb_top/u_mon  Scope: tb_top.u_mon  File: /run/media/sackb/Windows-SSD/Users/sackb/OneDrive/Desktop/University/Course_Work/2025-2026/Spring_2026/ECE_410/ECE410/project/post_m3_Minor_Redesign/tb/tb_top.sv Line: 257

Time: 765 ns Started: 755 ns Scope: /tb_top/u_mon File: /run/media/sackb/Windows-SSD/Users/sackb/OneDrive/Desktop/University/Course_Work/2025-2026/Spring_2026/ECE_410/ECE410/project/post_m3_Minor_Redesign/tb/tb_top.sv Line:256
Error: AXI MONITOR: core_C changed while core is idle
Time: 765 ns  Iteration: 0  Process: /tb_top/u_mon//tb_top/u_mon  Scope: tb_top.u_mon  File: /run/media/sackb/Windows-SSD/Users/sackb/OneDrive/Desktop/University/Course_Work/2025-2026/Spring_2026/ECE_410/ECE410/project/post_m3_Minor_Redesign/tb/tb_top.sv Line: 257

Time: 775 ns Started: 765 ns Scope: /tb_top/u_mon File: /run/media/sackb/Windows-SSD/Users/sackb/OneDrive/Desktop/University/Course_Work/2025-2026/Spring_2026/ECE_410/ECE410/project/post_m3_Minor_Redesign/tb/tb_top.sv Line:256
Error: AXI MONITOR: core_C changed while core is idle
Time: 775 ns  Iteration: 0  Process: /tb_top/u_mon//tb_top/u_mon  Scope: tb_top.u_mon  File: /run/media/sackb/Windows-SSD/Users/sackb/OneDrive/Desktop/University/Course_Work/2025-2026/Spring_2026/ECE_410/ECE410/project/post_m3_Minor_Redesign/tb/tb_top.sv Line: 257

Time: 785 ns Started: 775 ns Scope: /tb_top/u_mon File: /run/media/sackb/Windows-SSD/Users/sackb/OneDrive/Desktop/University/Course_Work/2025-2026/Spring_2026/ECE_410/ECE410/project/post_m3_Minor_Redesign/tb/tb_top.sv Line:256
Error: AXI MONITOR: core_C changed while core is idle
Time: 785 ns  Iteration: 0  Process: /tb_top/u_mon//tb_top/u_mon  Scope: tb_top.u_mon  File: /run/media/sackb/Windows-SSD/Users/sackb/OneDrive/Desktop/University/Course_Work/2025-2026/Spring_2026/ECE_410/ECE410/project/post_m3_Minor_Redesign/tb/tb_top.sv Line: 257

Time: 795 ns Started: 785 ns Scope: /tb_top/u_mon File: /run/media/sackb/Windows-SSD/Users/sackb/OneDrive/Desktop/University/Course_Work/2025-2026/Spring_2026/ECE_410/ECE410/project/post_m3_Minor_Redesign/tb/tb_top.sv Line:256
Error: AXI MONITOR: core_C changed while core is idle
Time: 795 ns  Iteration: 0  Process: /tb_top/u_mon//tb_top/u_mon  Scope: tb_top.u_mon  File: /run/media/sackb/Windows-SSD/Users/sackb/OneDrive/Desktop/University/Course_Work/2025-2026/Spring_2026/ECE_410/ECE410/project/post_m3_Minor_Redesign/tb/tb_top.sv Line: 257

Time: 805 ns Started: 795 ns Scope: /tb_top/u_mon File: /run/media/sackb/Windows-SSD/Users/sackb/OneDrive/Desktop/University/Course_Work/2025-2026/Spring_2026/ECE_410/ECE410/project/post_m3_Minor_Redesign/tb/tb_top.sv Line:256
Error: AXI MONITOR: core_C changed while core is idle
Time: 805 ns  Iteration: 0  Process: /tb_top/u_mon//tb_top/u_mon  Scope: tb_top.u_mon  File: /run/media/sackb/Windows-SSD/Users/sackb/OneDrive/Desktop/University/Course_Work/2025-2026/Spring_2026/ECE_410/ECE410/project/post_m3_Minor_Redesign/tb/tb_top.sv Line: 257

Time: 815 ns Started: 805 ns Scope: /tb_top/u_mon File: /run/media/sackb/Windows-SSD/Users/sackb/OneDrive/Desktop/University/Course_Work/2025-2026/Spring_2026/ECE_410/ECE410/project/post_m3_Minor_Redesign/tb/tb_top.sv Line:256
Error: AXI MONITOR: core_C changed while core is idle
Time: 815 ns  Iteration: 0  Process: /tb_top/u_mon//tb_top/u_mon  Scope: tb_top.u_mon  File: /run/media/sackb/Windows-SSD/Users/sackb/OneDrive/Desktop/University/Course_Work/2025-2026/Spring_2026/ECE_410/ECE410/project/post_m3_Minor_Redesign/tb/tb_top.sv Line: 257

Time: 825 ns Started: 815 ns Scope: /tb_top/u_mon File: /run/media/sackb/Windows-SSD/Users/sackb/OneDrive/Desktop/University/Course_Work/2025-2026/Spring_2026/ECE_410/ECE410/project/post_m3_Minor_Redesign/tb/tb_top.sv Line:256
Error: AXI MONITOR: core_C changed while core is idle
Time: 825 ns  Iteration: 0  Process: /tb_top/u_mon//tb_top/u_mon  Scope: tb_top.u_mon  File: /run/media/sackb/Windows-SSD/Users/sackb/OneDrive/Desktop/University/Course_Work/2025-2026/Spring_2026/ECE_410/ECE410/project/post_m3_Minor_Redesign/tb/tb_top.sv Line: 257

Time: 835 ns Started: 825 ns Scope: /tb_top/u_mon File: /run/media/sackb/Windows-SSD/Users/sackb/OneDrive/Desktop/University/Course_Work/2025-2026/Spring_2026/ECE_410/ECE410/project/post_m3_Minor_Redesign/tb/tb_top.sv Line:256
Error: AXI MONITOR: core_C changed while core is idle
Time: 835 ns  Iteration: 0  Process: /tb_top/u_mon//tb_top/u_mon  Scope: tb_top.u_mon  File: /run/media/sackb/Windows-SSD/Users/sackb/OneDrive/Desktop/University/Course_Work/2025-2026/Spring_2026/ECE_410/ECE410/project/post_m3_Minor_Redesign/tb/tb_top.sv Line: 257

Time: 845 ns Started: 835 ns Scope: /tb_top/u_mon File: /run/media/sackb/Windows-SSD/Users/sackb/OneDrive/Desktop/University/Course_Work/2025-2026/Spring_2026/ECE_410/ECE410/project/post_m3_Minor_Redesign/tb/tb_top.sv Line:256
Error: AXI MONITOR: core_C changed while core is idle
Time: 845 ns  Iteration: 0  Process: /tb_top/u_mon//tb_top/u_mon  Scope: tb_top.u_mon  File: /run/media/sackb/Windows-SSD/Users/sackb/OneDrive/Desktop/University/Course_Work/2025-2026/Spring_2026/ECE_410/ECE410/project/post_m3_Minor_Redesign/tb/tb_top.sv Line: 257

Time: 855 ns Started: 845 ns Scope: /tb_top/u_mon File: /run/media/sackb/Windows-SSD/Users/sackb/OneDrive/Desktop/University/Course_Work/2025-2026/Spring_2026/ECE_410/ECE410/project/post_m3_Minor_Redesign/tb/tb_top.sv Line:256
Error: AXI MONITOR: core_C changed while core is idle
Time: 855 ns  Iteration: 0  Process: /tb_top/u_mon//tb_top/u_mon  Scope: tb_top.u_mon  File: /run/media/sackb/Windows-SSD/Users/sackb/OneDrive/Desktop/University/Course_Work/2025-2026/Spring_2026/ECE_410/ECE410/project/post_m3_Minor_Redesign/tb/tb_top.sv Line: 257

Time: 865 ns Started: 855 ns Scope: /tb_top/u_mon File: /run/media/sackb/Windows-SSD/Users/sackb/OneDrive/Desktop/University/Course_Work/2025-2026/Spring_2026/ECE_410/ECE410/project/post_m3_Minor_Redesign/tb/tb_top.sv Line:256
Error: AXI MONITOR: core_C changed while core is idle
Time: 865 ns  Iteration: 0  Process: /tb_top/u_mon//tb_top/u_mon  Scope: tb_top.u_mon  File: /run/media/sackb/Windows-SSD/Users/sackb/OneDrive/Desktop/University/Course_Work/2025-2026/Spring_2026/ECE_410/ECE410/project/post_m3_Minor_Redesign/tb/tb_top.sv Line: 257

Time: 875 ns Started: 865 ns Scope: /tb_top/u_mon File: /run/media/sackb/Windows-SSD/Users/sackb/OneDrive/Desktop/University/Course_Work/2025-2026/Spring_2026/ECE_410/ECE410/project/post_m3_Minor_Redesign/tb/tb_top.sv Line:256
Error: AXI MONITOR: core_C changed while core is idle
Time: 875 ns  Iteration: 0  Process: /tb_top/u_mon//tb_top/u_mon  Scope: tb_top.u_mon  File: /run/media/sackb/Windows-SSD/Users/sackb/OneDrive/Desktop/University/Course_Work/2025-2026/Spring_2026/ECE_410/ECE410/project/post_m3_Minor_Redesign/tb/tb_top.sv Line: 257

Time: 885 ns Started: 875 ns Scope: /tb_top/u_mon File: /run/media/sackb/Windows-SSD/Users/sackb/OneDrive/Desktop/University/Course_Work/2025-2026/Spring_2026/ECE_410/ECE410/project/post_m3_Minor_Redesign/tb/tb_top.sv Line:256
Error: AXI MONITOR: core_C changed while core is idle
Time: 885 ns  Iteration: 0  Process: /tb_top/u_mon//tb_top/u_mon  Scope: tb_top.u_mon  File: /run/media/sackb/Windows-SSD/Users/sackb/OneDrive/Desktop/University/Course_Work/2025-2026/Spring_2026/ECE_410/ECE410/project/post_m3_Minor_Redesign/tb/tb_top.sv Line: 257

Time: 1515 ns Started: 1505 ns Scope: /tb_top/u_mon File: /run/media/sackb/Windows-SSD/Users/sackb/OneDrive/Desktop/University/Course_Work/2025-2026/Spring_2026/ECE_410/ECE410/project/post_m3_Minor_Redesign/tb/tb_top.sv Line:256
Error: AXI MONITOR: core_C changed while core is idle
Time: 1515 ns  Iteration: 0  Process: /tb_top/u_mon//tb_top/u_mon  Scope: tb_top.u_mon  File: /run/media/sackb/Windows-SSD/Users/sackb/OneDrive/Desktop/University/Course_Work/2025-2026/Spring_2026/ECE_410/ECE410/project/post_m3_Minor_Redesign/tb/tb_top.sv Line: 257

Time: 1525 ns Started: 1515 ns Scope: /tb_top/u_mon File: /run/media/sackb/Windows-SSD/Users/sackb/OneDrive/Desktop/University/Course_Work/2025-2026/Spring_2026/ECE_410/ECE410/project/post_m3_Minor_Redesign/tb/tb_top.sv Line:256
Error: AXI MONITOR: core_C changed while core is idle
Time: 1525 ns  Iteration: 0  Process: /tb_top/u_mon//tb_top/u_mon  Scope: tb_top.u_mon  File: /run/media/sackb/Windows-SSD/Users/sackb/OneDrive/Desktop/University/Course_Work/2025-2026/Spring_2026/ECE_410/ECE410/project/post_m3_Minor_Redesign/tb/tb_top.sv Line: 257

Time: 1535 ns Started: 1525 ns Scope: /tb_top/u_mon File: /run/media/sackb/Windows-SSD/Users/sackb/OneDrive/Desktop/University/Course_Work/2025-2026/Spring_2026/ECE_410/ECE410/project/post_m3_Minor_Redesign/tb/tb_top.sv Line:256
Error: AXI MONITOR: core_C changed while core is idle
Time: 1535 ns  Iteration: 0  Process: /tb_top/u_mon//tb_top/u_mon  Scope: tb_top.u_mon  File: /run/media/sackb/Windows-SSD/Users/sackb/OneDrive/Desktop/University/Course_Work/2025-2026/Spring_2026/ECE_410/ECE410/project/post_m3_Minor_Redesign/tb/tb_top.sv Line: 257

Time: 1545 ns Started: 1535 ns Scope: /tb_top/u_mon File: /run/media/sackb/Windows-SSD/Users/sackb/OneDrive/Desktop/University/Course_Work/2025-2026/Spring_2026/ECE_410/ECE410/project/post_m3_Minor_Redesign/tb/tb_top.sv Line:256
Error: AXI MONITOR: core_C changed while core is idle
Time: 1545 ns  Iteration: 0  Process: /tb_top/u_mon//tb_top/u_mon  Scope: tb_top.u_mon  File: /run/media/sackb/Windows-SSD/Users/sackb/OneDrive/Desktop/University/Course_Work/2025-2026/Spring_2026/ECE_410/ECE410/project/post_m3_Minor_Redesign/tb/tb_top.sv Line: 257

Time: 1555 ns Started: 1545 ns Scope: /tb_top/u_mon File: /run/media/sackb/Windows-SSD/Users/sackb/OneDrive/Desktop/University/Course_Work/2025-2026/Spring_2026/ECE_410/ECE410/project/post_m3_Minor_Redesign/tb/tb_top.sv Line:256
Error: AXI MONITOR: core_C changed while core is idle
Time: 1555 ns  Iteration: 0  Process: /tb_top/u_mon//tb_top/u_mon  Scope: tb_top.u_mon  File: /run/media/sackb/Windows-SSD/Users/sackb/OneDrive/Desktop/University/Course_Work/2025-2026/Spring_2026/ECE_410/ECE410/project/post_m3_Minor_Redesign/tb/tb_top.sv Line: 257

Time: 1565 ns Started: 1555 ns Scope: /tb_top/u_mon File: /run/media/sackb/Windows-SSD/Users/sackb/OneDrive/Desktop/University/Course_Work/2025-2026/Spring_2026/ECE_410/ECE410/project/post_m3_Minor_Redesign/tb/tb_top.sv Line:256
Error: AXI MONITOR: core_C changed while core is idle
Time: 1565 ns  Iteration: 0  Process: /tb_top/u_mon//tb_top/u_mon  Scope: tb_top.u_mon  File: /run/media/sackb/Windows-SSD/Users/sackb/OneDrive/Desktop/University/Course_Work/2025-2026/Spring_2026/ECE_410/ECE410/project/post_m3_Minor_Redesign/tb/tb_top.sv Line: 257

Time: 1575 ns Started: 1565 ns Scope: /tb_top/u_mon File: /run/media/sackb/Windows-SSD/Users/sackb/OneDrive/Desktop/University/Course_Work/2025-2026/Spring_2026/ECE_410/ECE410/project/post_m3_Minor_Redesign/tb/tb_top.sv Line:256
Error: AXI MONITOR: core_C changed while core is idle
Time: 1575 ns  Iteration: 0  Process: /tb_top/u_mon//tb_top/u_mon  Scope: tb_top.u_mon  File: /run/media/sackb/Windows-SSD/Users/sackb/OneDrive/Desktop/University/Course_Work/2025-2026/Spring_2026/ECE_410/ECE410/project/post_m3_Minor_Redesign/tb/tb_top.sv Line: 257

Time: 1585 ns Started: 1575 ns Scope: /tb_top/u_mon File: /run/media/sackb/Windows-SSD/Users/sackb/OneDrive/Desktop/University/Course_Work/2025-2026/Spring_2026/ECE_410/ECE410/project/post_m3_Minor_Redesign/tb/tb_top.sv Line:256
Error: AXI MONITOR: core_C changed while core is idle
Time: 1585 ns  Iteration: 0  Process: /tb_top/u_mon//tb_top/u_mon  Scope: tb_top.u_mon  File: /run/media/sackb/Windows-SSD/Users/sackb/OneDrive/Desktop/University/Course_Work/2025-2026/Spring_2026/ECE_410/ECE410/project/post_m3_Minor_Redesign/tb/tb_top.sv Line: 257

Time: 1595 ns Started: 1585 ns Scope: /tb_top/u_mon File: /run/media/sackb/Windows-SSD/Users/sackb/OneDrive/Desktop/University/Course_Work/2025-2026/Spring_2026/ECE_410/ECE410/project/post_m3_Minor_Redesign/tb/tb_top.sv Line:256
Error: AXI MONITOR: core_C changed while core is idle
Time: 1595 ns  Iteration: 0  Process: /tb_top/u_mon//tb_top/u_mon  Scope: tb_top.u_mon  File: /run/media/sackb/Windows-SSD/Users/sackb/OneDrive/Desktop/University/Course_Work/2025-2026/Spring_2026/ECE_410/ECE410/project/post_m3_Minor_Redesign/tb/tb_top.sv Line: 257

Time: 1605 ns Started: 1595 ns Scope: /tb_top/u_mon File: /run/media/sackb/Windows-SSD/Users/sackb/OneDrive/Desktop/University/Course_Work/2025-2026/Spring_2026/ECE_410/ECE410/project/post_m3_Minor_Redesign/tb/tb_top.sv Line:256
Error: AXI MONITOR: core_C changed while core is idle
Time: 1605 ns  Iteration: 0  Process: /tb_top/u_mon//tb_top/u_mon  Scope: tb_top.u_mon  File: /run/media/sackb/Windows-SSD/Users/sackb/OneDrive/Desktop/University/Course_Work/2025-2026/Spring_2026/ECE_410/ECE410/project/post_m3_Minor_Redesign/tb/tb_top.sv Line: 257

Time: 1615 ns Started: 1605 ns Scope: /tb_top/u_mon File: /run/media/sackb/Windows-SSD/Users/sackb/OneDrive/Desktop/University/Course_Work/2025-2026/Spring_2026/ECE_410/ECE410/project/post_m3_Minor_Redesign/tb/tb_top.sv Line:256
Error: AXI MONITOR: core_C changed while core is idle
Time: 1615 ns  Iteration: 0  Process: /tb_top/u_mon//tb_top/u_mon  Scope: tb_top.u_mon  File: /run/media/sackb/Windows-SSD/Users/sackb/OneDrive/Desktop/University/Course_Work/2025-2026/Spring_2026/ECE_410/ECE410/project/post_m3_Minor_Redesign/tb/tb_top.sv Line: 257

Time: 1625 ns Started: 1615 ns Scope: /tb_top/u_mon File: /run/media/sackb/Windows-SSD/Users/sackb/OneDrive/Desktop/University/Course_Work/2025-2026/Spring_2026/ECE_410/ECE410/project/post_m3_Minor_Redesign/tb/tb_top.sv Line:256
Error: AXI MONITOR: core_C changed while core is idle
Time: 1625 ns  Iteration: 0  Process: /tb_top/u_mon//tb_top/u_mon  Scope: tb_top.u_mon  File: /run/media/sackb/Windows-SSD/Users/sackb/OneDrive/Desktop/University/Course_Work/2025-2026/Spring_2026/ECE_410/ECE410/project/post_m3_Minor_Redesign/tb/tb_top.sv Line: 257

Time: 1635 ns Started: 1625 ns Scope: /tb_top/u_mon File: /run/media/sackb/Windows-SSD/Users/sackb/OneDrive/Desktop/University/Course_Work/2025-2026/Spring_2026/ECE_410/ECE410/project/post_m3_Minor_Redesign/tb/tb_top.sv Line:256
Error: AXI MONITOR: core_C changed while core is idle
Time: 1635 ns  Iteration: 0  Process: /tb_top/u_mon//tb_top/u_mon  Scope: tb_top.u_mon  File: /run/media/sackb/Windows-SSD/Users/sackb/OneDrive/Desktop/University/Course_Work/2025-2026/Spring_2026/ECE_410/ECE410/project/post_m3_Minor_Redesign/tb/tb_top.sv Line: 257

Time: 1645 ns Started: 1635 ns Scope: /tb_top/u_mon File: /run/media/sackb/Windows-SSD/Users/sackb/OneDrive/Desktop/University/Course_Work/2025-2026/Spring_2026/ECE_410/ECE410/project/post_m3_Minor_Redesign/tb/tb_top.sv Line:256
Error: AXI MONITOR: core_C changed while core is idle
Time: 1645 ns  Iteration: 0  Process: /tb_top/u_mon//tb_top/u_mon  Scope: tb_top.u_mon  File: /run/media/sackb/Windows-SSD/Users/sackb/OneDrive/Desktop/University/Course_Work/2025-2026/Spring_2026/ECE_410/ECE410/project/post_m3_Minor_Redesign/tb/tb_top.sv Line: 257

Time: 1655 ns Started: 1645 ns Scope: /tb_top/u_mon File: /run/media/sackb/Windows-SSD/Users/sackb/OneDrive/Desktop/University/Course_Work/2025-2026/Spring_2026/ECE_410/ECE410/project/post_m3_Minor_Redesign/tb/tb_top.sv Line:256
Error: AXI MONITOR: core_C changed while core is idle
Time: 1655 ns  Iteration: 0  Process: /tb_top/u_mon//tb_top/u_mon  Scope: tb_top.u_mon  File: /run/media/sackb/Windows-SSD/Users/sackb/OneDrive/Desktop/University/Course_Work/2025-2026/Spring_2026/ECE_410/ECE410/project/post_m3_Minor_Redesign/tb/tb_top.sv Line: 257

Time: 1665 ns Started: 1655 ns Scope: /tb_top/u_mon File: /run/media/sackb/Windows-SSD/Users/sackb/OneDrive/Desktop/University/Course_Work/2025-2026/Spring_2026/ECE_410/ECE410/project/post_m3_Minor_Redesign/tb/tb_top.sv Line:256
Error: AXI MONITOR: core_C changed while core is idle
Time: 1665 ns  Iteration: 0  Process: /tb_top/u_mon//tb_top/u_mon  Scope: tb_top.u_mon  File: /run/media/sackb/Windows-SSD/Users/sackb/OneDrive/Desktop/University/Course_Work/2025-2026/Spring_2026/ECE_410/ECE410/project/post_m3_Minor_Redesign/tb/tb_top.sv Line: 257

Time: 1675 ns Started: 1665 ns Scope: /tb_top/u_mon File: /run/media/sackb/Windows-SSD/Users/sackb/OneDrive/Desktop/University/Course_Work/2025-2026/Spring_2026/ECE_410/ECE410/project/post_m3_Minor_Redesign/tb/tb_top.sv Line:256
Error: AXI MONITOR: core_C changed while core is idle
Time: 1675 ns  Iteration: 0  Process: /tb_top/u_mon//tb_top/u_mon  Scope: tb_top.u_mon  File: /run/media/sackb/Windows-SSD/Users/sackb/OneDrive/Desktop/University/Course_Work/2025-2026/Spring_2026/ECE_410/ECE410/project/post_m3_Minor_Redesign/tb/tb_top.sv Line: 257

Time: 1685 ns Started: 1675 ns Scope: /tb_top/u_mon File: /run/media/sackb/Windows-SSD/Users/sackb/OneDrive/Desktop/University/Course_Work/2025-2026/Spring_2026/ECE_410/ECE410/project/post_m3_Minor_Redesign/tb/tb_top.sv Line:256
Error: AXI MONITOR: core_C changed while core is idle
Time: 1685 ns  Iteration: 0  Process: /tb_top/u_mon//tb_top/u_mon  Scope: tb_top.u_mon  File: /run/media/sackb/Windows-SSD/Users/sackb/OneDrive/Desktop/University/Course_Work/2025-2026/Spring_2026/ECE_410/ECE410/project/post_m3_Minor_Redesign/tb/tb_top.sv Line: 257

Time: 1695 ns Started: 1685 ns Scope: /tb_top/u_mon File: /run/media/sackb/Windows-SSD/Users/sackb/OneDrive/Desktop/University/Course_Work/2025-2026/Spring_2026/ECE_410/ECE410/project/post_m3_Minor_Redesign/tb/tb_top.sv Line:256
Error: AXI MONITOR: core_C changed while core is idle
Time: 1695 ns  Iteration: 0  Process: /tb_top/u_mon//tb_top/u_mon  Scope: tb_top.u_mon  File: /run/media/sackb/Windows-SSD/Users/sackb/OneDrive/Desktop/University/Course_Work/2025-2026/Spring_2026/ECE_410/ECE410/project/post_m3_Minor_Redesign/tb/tb_top.sv Line: 257

Time: 1705 ns Started: 1695 ns Scope: /tb_top/u_mon File: /run/media/sackb/Windows-SSD/Users/sackb/OneDrive/Desktop/University/Course_Work/2025-2026/Spring_2026/ECE_410/ECE410/project/post_m3_Minor_Redesign/tb/tb_top.sv Line:256
Error: AXI MONITOR: core_C changed while core is idle
Time: 1705 ns  Iteration: 0  Process: /tb_top/u_mon//tb_top/u_mon  Scope: tb_top.u_mon  File: /run/media/sackb/Windows-SSD/Users/sackb/OneDrive/Desktop/University/Course_Work/2025-2026/Spring_2026/ECE_410/ECE410/project/post_m3_Minor_Redesign/tb/tb_top.sv Line: 257

Time: 1715 ns Started: 1705 ns Scope: /tb_top/u_mon File: /run/media/sackb/Windows-SSD/Users/sackb/OneDrive/Desktop/University/Course_Work/2025-2026/Spring_2026/ECE_410/ECE410/project/post_m3_Minor_Redesign/tb/tb_top.sv Line:256
Error: AXI MONITOR: core_C changed while core is idle
Time: 1715 ns  Iteration: 0  Process: /tb_top/u_mon//tb_top/u_mon  Scope: tb_top.u_mon  File: /run/media/sackb/Windows-SSD/Users/sackb/OneDrive/Desktop/University/Course_Work/2025-2026/Spring_2026/ECE_410/ECE410/project/post_m3_Minor_Redesign/tb/tb_top.sv Line: 257

Time: 1725 ns Started: 1715 ns Scope: /tb_top/u_mon File: /run/media/sackb/Windows-SSD/Users/sackb/OneDrive/Desktop/University/Course_Work/2025-2026/Spring_2026/ECE_410/ECE410/project/post_m3_Minor_Redesign/tb/tb_top.sv Line:256
Error: AXI MONITOR: core_C changed while core is idle
Time: 1725 ns  Iteration: 0  Process: /tb_top/u_mon//tb_top/u_mon  Scope: tb_top.u_mon  File: /run/media/sackb/Windows-SSD/Users/sackb/OneDrive/Desktop/University/Course_Work/2025-2026/Spring_2026/ECE_410/ECE410/project/post_m3_Minor_Redesign/tb/tb_top.sv Line: 257

Time: 1735 ns Started: 1725 ns Scope: /tb_top/u_mon File: /run/media/sackb/Windows-SSD/Users/sackb/OneDrive/Desktop/University/Course_Work/2025-2026/Spring_2026/ECE_410/ECE410/project/post_m3_Minor_Redesign/tb/tb_top.sv Line:256
Error: AXI MONITOR: core_C changed while core is idle
Time: 1735 ns  Iteration: 0  Process: /tb_top/u_mon//tb_top/u_mon  Scope: tb_top.u_mon  File: /run/media/sackb/Windows-SSD/Users/sackb/OneDrive/Desktop/University/Course_Work/2025-2026/Spring_2026/ECE_410/ECE410/project/post_m3_Minor_Redesign/tb/tb_top.sv Line: 257

Time: 1745 ns Started: 1735 ns Scope: /tb_top/u_mon File: /run/media/sackb/Windows-SSD/Users/sackb/OneDrive/Desktop/University/Course_Work/2025-2026/Spring_2026/ECE_410/ECE410/project/post_m3_Minor_Redesign/tb/tb_top.sv Line:256
Error: AXI MONITOR: core_C changed while core is idle
Time: 1745 ns  Iteration: 0  Process: /tb_top/u_mon//tb_top/u_mon  Scope: tb_top.u_mon  File: /run/media/sackb/Windows-SSD/Users/sackb/OneDrive/Desktop/University/Course_Work/2025-2026/Spring_2026/ECE_410/ECE410/project/post_m3_Minor_Redesign/tb/tb_top.sv Line: 257

Time: 1755 ns Started: 1745 ns Scope: /tb_top/u_mon File: /run/media/sackb/Windows-SSD/Users/sackb/OneDrive/Desktop/University/Course_Work/2025-2026/Spring_2026/ECE_410/ECE410/project/post_m3_Minor_Redesign/tb/tb_top.sv Line:256
Error: AXI MONITOR: core_C changed while core is idle
Time: 1755 ns  Iteration: 0  Process: /tb_top/u_mon//tb_top/u_mon  Scope: tb_top.u_mon  File: /run/media/sackb/Windows-SSD/Users/sackb/OneDrive/Desktop/University/Course_Work/2025-2026/Spring_2026/ECE_410/ECE410/project/post_m3_Minor_Redesign/tb/tb_top.sv Line: 257

Time: 1765 ns Started: 1755 ns Scope: /tb_top/u_mon File: /run/media/sackb/Windows-SSD/Users/sackb/OneDrive/Desktop/University/Course_Work/2025-2026/Spring_2026/ECE_410/ECE410/project/post_m3_Minor_Redesign/tb/tb_top.sv Line:256
Error: AXI MONITOR: core_C changed while core is idle
Time: 1765 ns  Iteration: 0  Process: /tb_top/u_mon//tb_top/u_mon  Scope: tb_top.u_mon  File: /run/media/sackb/Windows-SSD/Users/sackb/OneDrive/Desktop/University/Course_Work/2025-2026/Spring_2026/ECE_410/ECE410/project/post_m3_Minor_Redesign/tb/tb_top.sv Line: 257

Time: 1775 ns Started: 1765 ns Scope: /tb_top/u_mon File: /run/media/sackb/Windows-SSD/Users/sackb/OneDrive/Desktop/University/Course_Work/2025-2026/Spring_2026/ECE_410/ECE410/project/post_m3_Minor_Redesign/tb/tb_top.sv Line:256
Error: AXI MONITOR: core_C changed while core is idle
Time: 1775 ns  Iteration: 0  Process: /tb_top/u_mon//tb_top/u_mon  Scope: tb_top.u_mon  File: /run/media/sackb/Windows-SSD/Users/sackb/OneDrive/Desktop/University/Course_Work/2025-2026/Spring_2026/ECE_410/ECE410/project/post_m3_Minor_Redesign/tb/tb_top.sv Line: 257

Time: 1785 ns Started: 1775 ns Scope: /tb_top/u_mon File: /run/media/sackb/Windows-SSD/Users/sackb/OneDrive/Desktop/University/Course_Work/2025-2026/Spring_2026/ECE_410/ECE410/project/post_m3_Minor_Redesign/tb/tb_top.sv Line:256
Error: AXI MONITOR: core_C changed while core is idle
Time: 1785 ns  Iteration: 0  Process: /tb_top/u_mon//tb_top/u_mon  Scope: tb_top.u_mon  File: /run/media/sackb/Windows-SSD/Users/sackb/OneDrive/Desktop/University/Course_Work/2025-2026/Spring_2026/ECE_410/ECE410/project/post_m3_Minor_Redesign/tb/tb_top.sv Line: 257

Time: 1795 ns Started: 1785 ns Scope: /tb_top/u_mon File: /run/media/sackb/Windows-SSD/Users/sackb/OneDrive/Desktop/University/Course_Work/2025-2026/Spring_2026/ECE_410/ECE410/project/post_m3_Minor_Redesign/tb/tb_top.sv Line:256
Error: AXI MONITOR: core_C changed while core is idle
Time: 1795 ns  Iteration: 0  Process: /tb_top/u_mon//tb_top/u_mon  Scope: tb_top.u_mon  File: /run/media/sackb/Windows-SSD/Users/sackb/OneDrive/Desktop/University/Course_Work/2025-2026/Spring_2026/ECE_410/ECE410/project/post_m3_Minor_Redesign/tb/tb_top.sv Line: 257

Time: 1805 ns Started: 1795 ns Scope: /tb_top/u_mon File: /run/media/sackb/Windows-SSD/Users/sackb/OneDrive/Desktop/University/Course_Work/2025-2026/Spring_2026/ECE_410/ECE410/project/post_m3_Minor_Redesign/tb/tb_top.sv Line:256
Error: AXI MONITOR: core_C changed while core is idle
Time: 1805 ns  Iteration: 0  Process: /tb_top/u_mon//tb_top/u_mon  Scope: tb_top.u_mon  File: /run/media/sackb/Windows-SSD/Users/sackb/OneDrive/Desktop/University/Course_Work/2025-2026/Spring_2026/ECE_410/ECE410/project/post_m3_Minor_Redesign/tb/tb_top.sv Line: 257

Time: 1815 ns Started: 1805 ns Scope: /tb_top/u_mon File: /run/media/sackb/Windows-SSD/Users/sackb/OneDrive/Desktop/University/Course_Work/2025-2026/Spring_2026/ECE_410/ECE410/project/post_m3_Minor_Redesign/tb/tb_top.sv Line:256
Error: AXI MONITOR: core_C changed while core is idle
Time: 1815 ns  Iteration: 0  Process: /tb_top/u_mon//tb_top/u_mon  Scope: tb_top.u_mon  File: /run/media/sackb/Windows-SSD/Users/sackb/OneDrive/Desktop/University/Course_Work/2025-2026/Spring_2026/ECE_410/ECE410/project/post_m3_Minor_Redesign/tb/tb_top.sv Line: 257

Time: 1825 ns Started: 1815 ns Scope: /tb_top/u_mon File: /run/media/sackb/Windows-SSD/Users/sackb/OneDrive/Desktop/University/Course_Work/2025-2026/Spring_2026/ECE_410/ECE410/project/post_m3_Minor_Redesign/tb/tb_top.sv Line:256
Error: AXI MONITOR: core_C changed while core is idle
Time: 1825 ns  Iteration: 0  Process: /tb_top/u_mon//tb_top/u_mon  Scope: tb_top.u_mon  File: /run/media/sackb/Windows-SSD/Users/sackb/OneDrive/Desktop/University/Course_Work/2025-2026/Spring_2026/ECE_410/ECE410/project/post_m3_Minor_Redesign/tb/tb_top.sv Line: 257

Time: 1835 ns Started: 1825 ns Scope: /tb_top/u_mon File: /run/media/sackb/Windows-SSD/Users/sackb/OneDrive/Desktop/University/Course_Work/2025-2026/Spring_2026/ECE_410/ECE410/project/post_m3_Minor_Redesign/tb/tb_top.sv Line:256
Error: AXI MONITOR: core_C changed while core is idle
Time: 1835 ns  Iteration: 0  Process: /tb_top/u_mon//tb_top/u_mon  Scope: tb_top.u_mon  File: /run/media/sackb/Windows-SSD/Users/sackb/OneDrive/Desktop/University/Course_Work/2025-2026/Spring_2026/ECE_410/ECE410/project/post_m3_Minor_Redesign/tb/tb_top.sv Line: 257

Time: 1845 ns Started: 1835 ns Scope: /tb_top/u_mon File: /run/media/sackb/Windows-SSD/Users/sackb/OneDrive/Desktop/University/Course_Work/2025-2026/Spring_2026/ECE_410/ECE410/project/post_m3_Minor_Redesign/tb/tb_top.sv Line:256
Error: AXI MONITOR: core_C changed while core is idle
Time: 1845 ns  Iteration: 0  Process: /tb_top/u_mon//tb_top/u_mon  Scope: tb_top.u_mon  File: /run/media/sackb/Windows-SSD/Users/sackb/OneDrive/Desktop/University/Course_Work/2025-2026/Spring_2026/ECE_410/ECE410/project/post_m3_Minor_Redesign/tb/tb_top.sv Line: 257

Time: 1855 ns Started: 1845 ns Scope: /tb_top/u_mon File: /run/media/sackb/Windows-SSD/Users/sackb/OneDrive/Desktop/University/Course_Work/2025-2026/Spring_2026/ECE_410/ECE410/project/post_m3_Minor_Redesign/tb/tb_top.sv Line:256
Error: AXI MONITOR: core_C changed while core is idle
Time: 1855 ns  Iteration: 0  Process: /tb_top/u_mon//tb_top/u_mon  Scope: tb_top.u_mon  File: /run/media/sackb/Windows-SSD/Users/sackb/OneDrive/Desktop/University/Course_Work/2025-2026/Spring_2026/ECE_410/ECE410/project/post_m3_Minor_Redesign/tb/tb_top.sv Line: 257

Time: 1865 ns Started: 1855 ns Scope: /tb_top/u_mon File: /run/media/sackb/Windows-SSD/Users/sackb/OneDrive/Desktop/University/Course_Work/2025-2026/Spring_2026/ECE_410/ECE410/project/post_m3_Minor_Redesign/tb/tb_top.sv Line:256
Error: AXI MONITOR: core_C changed while core is idle
Time: 1865 ns  Iteration: 0  Process: /tb_top/u_mon//tb_top/u_mon  Scope: tb_top.u_mon  File: /run/media/sackb/Windows-SSD/Users/sackb/OneDrive/Desktop/University/Course_Work/2025-2026/Spring_2026/ECE_410/ECE410/project/post_m3_Minor_Redesign/tb/tb_top.sv Line: 257

Time: 1875 ns Started: 1865 ns Scope: /tb_top/u_mon File: /run/media/sackb/Windows-SSD/Users/sackb/OneDrive/Desktop/University/Course_Work/2025-2026/Spring_2026/ECE_410/ECE410/project/post_m3_Minor_Redesign/tb/tb_top.sv Line:256
Error: AXI MONITOR: core_C changed while core is idle
Time: 1875 ns  Iteration: 0  Process: /tb_top/u_mon//tb_top/u_mon  Scope: tb_top.u_mon  File: /run/media/sackb/Windows-SSD/Users/sackb/OneDrive/Desktop/University/Course_Work/2025-2026/Spring_2026/ECE_410/ECE410/project/post_m3_Minor_Redesign/tb/tb_top.sv Line: 257
TB_TOP: Iteration 0 complete
TB_TOP: Starting iteration 1

Time: 1885 ns Started: 1875 ns Scope: /tb_top/u_mon File: /run/media/sackb/Windows-SSD/Users/sackb/OneDrive/Desktop/University/Course_Work/2025-2026/Spring_2026/ECE_410/ECE410/project/post_m3_Minor_Redesign/tb/tb_top.sv Line:256
Error: AXI MONITOR: core_C changed while core is idle
Time: 1885 ns  Iteration: 0  Process: /tb_top/u_mon//tb_top/u_mon  Scope: tb_top.u_mon  File: /run/media/sackb/Windows-SSD/Users/sackb/OneDrive/Desktop/University/Course_Work/2025-2026/Spring_2026/ECE_410/ECE410/project/post_m3_Minor_Redesign/tb/tb_top.sv Line: 257

Time: 1895 ns Started: 1885 ns Scope: /tb_top/u_mon File: /run/media/sackb/Windows-SSD/Users/sackb/OneDrive/Desktop/University/Course_Work/2025-2026/Spring_2026/ECE_410/ECE410/project/post_m3_Minor_Redesign/tb/tb_top.sv Line:256
Error: AXI MONITOR: core_C changed while core is idle
Time: 1895 ns  Iteration: 0  Process: /tb_top/u_mon//tb_top/u_mon  Scope: tb_top.u_mon  File: /run/media/sackb/Windows-SSD/Users/sackb/OneDrive/Desktop/University/Course_Work/2025-2026/Spring_2026/ECE_410/ECE410/project/post_m3_Minor_Redesign/tb/tb_top.sv Line: 257

Time: 1905 ns Started: 1895 ns Scope: /tb_top/u_mon File: /run/media/sackb/Windows-SSD/Users/sackb/OneDrive/Desktop/University/Course_Work/2025-2026/Spring_2026/ECE_410/ECE410/project/post_m3_Minor_Redesign/tb/tb_top.sv Line:256
Error: AXI MONITOR: core_C changed while core is idle
Time: 1905 ns  Iteration: 0  Process: /tb_top/u_mon//tb_top/u_mon  Scope: tb_top.u_mon  File: /run/media/sackb/Windows-SSD/Users/sackb/OneDrive/Desktop/University/Course_Work/2025-2026/Spring_2026/ECE_410/ECE410/project/post_m3_Minor_Redesign/tb/tb_top.sv Line: 257

Time: 1915 ns Started: 1905 ns Scope: /tb_top/u_mon File: /run/media/sackb/Windows-SSD/Users/sackb/OneDrive/Desktop/University/Course_Work/2025-2026/Spring_2026/ECE_410/ECE410/project/post_m3_Minor_Redesign/tb/tb_top.sv Line:256
Error: AXI MONITOR: core_C changed while core is idle
Time: 1915 ns  Iteration: 0  Process: /tb_top/u_mon//tb_top/u_mon  Scope: tb_top.u_mon  File: /run/media/sackb/Windows-SSD/Users/sackb/OneDrive/Desktop/University/Course_Work/2025-2026/Spring_2026/ECE_410/ECE410/project/post_m3_Minor_Redesign/tb/tb_top.sv Line: 257

Time: 1925 ns Started: 1915 ns Scope: /tb_top/u_mon File: /run/media/sackb/Windows-SSD/Users/sackb/OneDrive/Desktop/University/Course_Work/2025-2026/Spring_2026/ECE_410/ECE410/project/post_m3_Minor_Redesign/tb/tb_top.sv Line:256
Error: AXI MONITOR: core_C changed while core is idle
Time: 1925 ns  Iteration: 0  Process: /tb_top/u_mon//tb_top/u_mon  Scope: tb_top.u_mon  File: /run/media/sackb/Windows-SSD/Users/sackb/OneDrive/Desktop/University/Course_Work/2025-2026/Spring_2026/ECE_410/ECE410/project/post_m3_Minor_Redesign/tb/tb_top.sv Line: 257

Time: 1935 ns Started: 1925 ns Scope: /tb_top/u_mon File: /run/media/sackb/Windows-SSD/Users/sackb/OneDrive/Desktop/University/Course_Work/2025-2026/Spring_2026/ECE_410/ECE410/project/post_m3_Minor_Redesign/tb/tb_top.sv Line:256
Error: AXI MONITOR: core_C changed while core is idle
Time: 1935 ns  Iteration: 0  Process: /tb_top/u_mon//tb_top/u_mon  Scope: tb_top.u_mon  File: /run/media/sackb/Windows-SSD/Users/sackb/OneDrive/Desktop/University/Course_Work/2025-2026/Spring_2026/ECE_410/ECE410/project/post_m3_Minor_Redesign/tb/tb_top.sv Line: 257

Time: 1945 ns Started: 1935 ns Scope: /tb_top/u_mon File: /run/media/sackb/Windows-SSD/Users/sackb/OneDrive/Desktop/University/Course_Work/2025-2026/Spring_2026/ECE_410/ECE410/project/post_m3_Minor_Redesign/tb/tb_top.sv Line:256
Error: AXI MONITOR: core_C changed while core is idle
Time: 1945 ns  Iteration: 0  Process: /tb_top/u_mon//tb_top/u_mon  Scope: tb_top.u_mon  File: /run/media/sackb/Windows-SSD/Users/sackb/OneDrive/Desktop/University/Course_Work/2025-2026/Spring_2026/ECE_410/ECE410/project/post_m3_Minor_Redesign/tb/tb_top.sv Line: 257

Time: 1955 ns Started: 1945 ns Scope: /tb_top/u_mon File: /run/media/sackb/Windows-SSD/Users/sackb/OneDrive/Desktop/University/Course_Work/2025-2026/Spring_2026/ECE_410/ECE410/project/post_m3_Minor_Redesign/tb/tb_top.sv Line:256
Error: AXI MONITOR: core_C changed while core is idle
Time: 1955 ns  Iteration: 0  Process: /tb_top/u_mon//tb_top/u_mon  Scope: tb_top.u_mon  File: /run/media/sackb/Windows-SSD/Users/sackb/OneDrive/Desktop/University/Course_Work/2025-2026/Spring_2026/ECE_410/ECE410/project/post_m3_Minor_Redesign/tb/tb_top.sv Line: 257

Time: 1965 ns Started: 1955 ns Scope: /tb_top/u_mon File: /run/media/sackb/Windows-SSD/Users/sackb/OneDrive/Desktop/University/Course_Work/2025-2026/Spring_2026/ECE_410/ECE410/project/post_m3_Minor_Redesign/tb/tb_top.sv Line:256
Error: AXI MONITOR: core_C changed while core is idle
Time: 1965 ns  Iteration: 0  Process: /tb_top/u_mon//tb_top/u_mon  Scope: tb_top.u_mon  File: /run/media/sackb/Windows-SSD/Users/sackb/OneDrive/Desktop/University/Course_Work/2025-2026/Spring_2026/ECE_410/ECE410/project/post_m3_Minor_Redesign/tb/tb_top.sv Line: 257

Time: 1975 ns Started: 1965 ns Scope: /tb_top/u_mon File: /run/media/sackb/Windows-SSD/Users/sackb/OneDrive/Desktop/University/Course_Work/2025-2026/Spring_2026/ECE_410/ECE410/project/post_m3_Minor_Redesign/tb/tb_top.sv Line:256
Error: AXI MONITOR: core_C changed while core is idle
Time: 1975 ns  Iteration: 0  Process: /tb_top/u_mon//tb_top/u_mon  Scope: tb_top.u_mon  File: /run/media/sackb/Windows-SSD/Users/sackb/OneDrive/Desktop/University/Course_Work/2025-2026/Spring_2026/ECE_410/ECE410/project/post_m3_Minor_Redesign/tb/tb_top.sv Line: 257

Time: 1985 ns Started: 1975 ns Scope: /tb_top/u_mon File: /run/media/sackb/Windows-SSD/Users/sackb/OneDrive/Desktop/University/Course_Work/2025-2026/Spring_2026/ECE_410/ECE410/project/post_m3_Minor_Redesign/tb/tb_top.sv Line:256
Error: AXI MONITOR: core_C changed while core is idle
Time: 1985 ns  Iteration: 0  Process: /tb_top/u_mon//tb_top/u_mon  Scope: tb_top.u_mon  File: /run/media/sackb/Windows-SSD/Users/sackb/OneDrive/Desktop/University/Course_Work/2025-2026/Spring_2026/ECE_410/ECE410/project/post_m3_Minor_Redesign/tb/tb_top.sv Line: 257

Time: 1995 ns Started: 1985 ns Scope: /tb_top/u_mon File: /run/media/sackb/Windows-SSD/Users/sackb/OneDrive/Desktop/University/Course_Work/2025-2026/Spring_2026/ECE_410/ECE410/project/post_m3_Minor_Redesign/tb/tb_top.sv Line:256
Error: AXI MONITOR: core_C changed while core is idle
Time: 1995 ns  Iteration: 0  Process: /tb_top/u_mon//tb_top/u_mon  Scope: tb_top.u_mon  File: /run/media/sackb/Windows-SSD/Users/sackb/OneDrive/Desktop/University/Course_Work/2025-2026/Spring_2026/ECE_410/ECE410/project/post_m3_Minor_Redesign/tb/tb_top.sv Line: 257

Time: 2005 ns Started: 1995 ns Scope: /tb_top/u_mon File: /run/media/sackb/Windows-SSD/Users/sackb/OneDrive/Desktop/University/Course_Work/2025-2026/Spring_2026/ECE_410/ECE410/project/post_m3_Minor_Redesign/tb/tb_top.sv Line:256
Error: AXI MONITOR: core_C changed while core is idle
Time: 2005 ns  Iteration: 0  Process: /tb_top/u_mon//tb_top/u_mon  Scope: tb_top.u_mon  File: /run/media/sackb/Windows-SSD/Users/sackb/OneDrive/Desktop/University/Course_Work/2025-2026/Spring_2026/ECE_410/ECE410/project/post_m3_Minor_Redesign/tb/tb_top.sv Line: 257

Time: 2015 ns Started: 2005 ns Scope: /tb_top/u_mon File: /run/media/sackb/Windows-SSD/Users/sackb/OneDrive/Desktop/University/Course_Work/2025-2026/Spring_2026/ECE_410/ECE410/project/post_m3_Minor_Redesign/tb/tb_top.sv Line:256
Error: AXI MONITOR: core_C changed while core is idle
Time: 2015 ns  Iteration: 0  Process: /tb_top/u_mon//tb_top/u_mon  Scope: tb_top.u_mon  File: /run/media/sackb/Windows-SSD/Users/sackb/OneDrive/Desktop/University/Course_Work/2025-2026/Spring_2026/ECE_410/ECE410/project/post_m3_Minor_Redesign/tb/tb_top.sv Line: 257

Time: 2025 ns Started: 2015 ns Scope: /tb_top/u_mon File: /run/media/sackb/Windows-SSD/Users/sackb/OneDrive/Desktop/University/Course_Work/2025-2026/Spring_2026/ECE_410/ECE410/project/post_m3_Minor_Redesign/tb/tb_top.sv Line:256
Error: AXI MONITOR: core_C changed while core is idle
Time: 2025 ns  Iteration: 0  Process: /tb_top/u_mon//tb_top/u_mon  Scope: tb_top.u_mon  File: /run/media/sackb/Windows-SSD/Users/sackb/OneDrive/Desktop/University/Course_Work/2025-2026/Spring_2026/ECE_410/ECE410/project/post_m3_Minor_Redesign/tb/tb_top.sv Line: 257

Time: 2035 ns Started: 2025 ns Scope: /tb_top/u_mon File: /run/media/sackb/Windows-SSD/Users/sackb/OneDrive/Desktop/University/Course_Work/2025-2026/Spring_2026/ECE_410/ECE410/project/post_m3_Minor_Redesign/tb/tb_top.sv Line:256
Error: AXI MONITOR: core_C changed while core is idle
Time: 2035 ns  Iteration: 0  Process: /tb_top/u_mon//tb_top/u_mon  Scope: tb_top.u_mon  File: /run/media/sackb/Windows-SSD/Users/sackb/OneDrive/Desktop/University/Course_Work/2025-2026/Spring_2026/ECE_410/ECE410/project/post_m3_Minor_Redesign/tb/tb_top.sv Line: 257

Time: 2045 ns Started: 2035 ns Scope: /tb_top/u_mon File: /run/media/sackb/Windows-SSD/Users/sackb/OneDrive/Desktop/University/Course_Work/2025-2026/Spring_2026/ECE_410/ECE410/project/post_m3_Minor_Redesign/tb/tb_top.sv Line:256
Error: AXI MONITOR: core_C changed while core is idle
Time: 2045 ns  Iteration: 0  Process: /tb_top/u_mon//tb_top/u_mon  Scope: tb_top.u_mon  File: /run/media/sackb/Windows-SSD/Users/sackb/OneDrive/Desktop/University/Course_Work/2025-2026/Spring_2026/ECE_410/ECE410/project/post_m3_Minor_Redesign/tb/tb_top.sv Line: 257

Time: 2055 ns Started: 2045 ns Scope: /tb_top/u_mon File: /run/media/sackb/Windows-SSD/Users/sackb/OneDrive/Desktop/University/Course_Work/2025-2026/Spring_2026/ECE_410/ECE410/project/post_m3_Minor_Redesign/tb/tb_top.sv Line:256
Error: AXI MONITOR: core_C changed while core is idle
Time: 2055 ns  Iteration: 0  Process: /tb_top/u_mon//tb_top/u_mon  Scope: tb_top.u_mon  File: /run/media/sackb/Windows-SSD/Users/sackb/OneDrive/Desktop/University/Course_Work/2025-2026/Spring_2026/ECE_410/ECE410/project/post_m3_Minor_Redesign/tb/tb_top.sv Line: 257

Time: 2065 ns Started: 2055 ns Scope: /tb_top/u_mon File: /run/media/sackb/Windows-SSD/Users/sackb/OneDrive/Desktop/University/Course_Work/2025-2026/Spring_2026/ECE_410/ECE410/project/post_m3_Minor_Redesign/tb/tb_top.sv Line:256
Error: AXI MONITOR: core_C changed while core is idle
Time: 2065 ns  Iteration: 0  Process: /tb_top/u_mon//tb_top/u_mon  Scope: tb_top.u_mon  File: /run/media/sackb/Windows-SSD/Users/sackb/OneDrive/Desktop/University/Course_Work/2025-2026/Spring_2026/ECE_410/ECE410/project/post_m3_Minor_Redesign/tb/tb_top.sv Line: 257

Time: 2075 ns Started: 2065 ns Scope: /tb_top/u_mon File: /run/media/sackb/Windows-SSD/Users/sackb/OneDrive/Desktop/University/Course_Work/2025-2026/Spring_2026/ECE_410/ECE410/project/post_m3_Minor_Redesign/tb/tb_top.sv Line:256
Error: AXI MONITOR: core_C changed while core is idle
Time: 2075 ns  Iteration: 0  Process: /tb_top/u_mon//tb_top/u_mon  Scope: tb_top.u_mon  File: /run/media/sackb/Windows-SSD/Users/sackb/OneDrive/Desktop/University/Course_Work/2025-2026/Spring_2026/ECE_410/ECE410/project/post_m3_Minor_Redesign/tb/tb_top.sv Line: 257

Time: 2085 ns Started: 2075 ns Scope: /tb_top/u_mon File: /run/media/sackb/Windows-SSD/Users/sackb/OneDrive/Desktop/University/Course_Work/2025-2026/Spring_2026/ECE_410/ECE410/project/post_m3_Minor_Redesign/tb/tb_top.sv Line:256
Error: AXI MONITOR: core_C changed while core is idle
Time: 2085 ns  Iteration: 0  Process: /tb_top/u_mon//tb_top/u_mon  Scope: tb_top.u_mon  File: /run/media/sackb/Windows-SSD/Users/sackb/OneDrive/Desktop/University/Course_Work/2025-2026/Spring_2026/ECE_410/ECE410/project/post_m3_Minor_Redesign/tb/tb_top.sv Line: 257

Time: 2095 ns Started: 2085 ns Scope: /tb_top/u_mon File: /run/media/sackb/Windows-SSD/Users/sackb/OneDrive/Desktop/University/Course_Work/2025-2026/Spring_2026/ECE_410/ECE410/project/post_m3_Minor_Redesign/tb/tb_top.sv Line:256
Error: AXI MONITOR: core_C changed while core is idle
Time: 2095 ns  Iteration: 0  Process: /tb_top/u_mon//tb_top/u_mon  Scope: tb_top.u_mon  File: /run/media/sackb/Windows-SSD/Users/sackb/OneDrive/Desktop/University/Course_Work/2025-2026/Spring_2026/ECE_410/ECE410/project/post_m3_Minor_Redesign/tb/tb_top.sv Line: 257

Time: 2105 ns Started: 2095 ns Scope: /tb_top/u_mon File: /run/media/sackb/Windows-SSD/Users/sackb/OneDrive/Desktop/University/Course_Work/2025-2026/Spring_2026/ECE_410/ECE410/project/post_m3_Minor_Redesign/tb/tb_top.sv Line:256
Error: AXI MONITOR: core_C changed while core is idle
Time: 2105 ns  Iteration: 0  Process: /tb_top/u_mon//tb_top/u_mon  Scope: tb_top.u_mon  File: /run/media/sackb/Windows-SSD/Users/sackb/OneDrive/Desktop/University/Course_Work/2025-2026/Spring_2026/ECE_410/ECE410/project/post_m3_Minor_Redesign/tb/tb_top.sv Line: 257

Time: 2115 ns Started: 2105 ns Scope: /tb_top/u_mon File: /run/media/sackb/Windows-SSD/Users/sackb/OneDrive/Desktop/University/Course_Work/2025-2026/Spring_2026/ECE_410/ECE410/project/post_m3_Minor_Redesign/tb/tb_top.sv Line:256
Error: AXI MONITOR: core_C changed while core is idle
Time: 2115 ns  Iteration: 0  Process: /tb_top/u_mon//tb_top/u_mon  Scope: tb_top.u_mon  File: /run/media/sackb/Windows-SSD/Users/sackb/OneDrive/Desktop/University/Course_Work/2025-2026/Spring_2026/ECE_410/ECE410/project/post_m3_Minor_Redesign/tb/tb_top.sv Line: 257

Time: 2125 ns Started: 2115 ns Scope: /tb_top/u_mon File: /run/media/sackb/Windows-SSD/Users/sackb/OneDrive/Desktop/University/Course_Work/2025-2026/Spring_2026/ECE_410/ECE410/project/post_m3_Minor_Redesign/tb/tb_top.sv Line:256
Error: AXI MONITOR: core_C changed while core is idle
Time: 2125 ns  Iteration: 0  Process: /tb_top/u_mon//tb_top/u_mon  Scope: tb_top.u_mon  File: /run/media/sackb/Windows-SSD/Users/sackb/OneDrive/Desktop/University/Course_Work/2025-2026/Spring_2026/ECE_410/ECE410/project/post_m3_Minor_Redesign/tb/tb_top.sv Line: 257

Time: 2135 ns Started: 2125 ns Scope: /tb_top/u_mon File: /run/media/sackb/Windows-SSD/Users/sackb/OneDrive/Desktop/University/Course_Work/2025-2026/Spring_2026/ECE_410/ECE410/project/post_m3_Minor_Redesign/tb/tb_top.sv Line:256
Error: AXI MONITOR: core_C changed while core is idle
Time: 2135 ns  Iteration: 0  Process: /tb_top/u_mon//tb_top/u_mon  Scope: tb_top.u_mon  File: /run/media/sackb/Windows-SSD/Users/sackb/OneDrive/Desktop/University/Course_Work/2025-2026/Spring_2026/ECE_410/ECE410/project/post_m3_Minor_Redesign/tb/tb_top.sv Line: 257

Time: 2145 ns Started: 2135 ns Scope: /tb_top/u_mon File: /run/media/sackb/Windows-SSD/Users/sackb/OneDrive/Desktop/University/Course_Work/2025-2026/Spring_2026/ECE_410/ECE410/project/post_m3_Minor_Redesign/tb/tb_top.sv Line:256
Error: AXI MONITOR: core_C changed while core is idle
Time: 2145 ns  Iteration: 0  Process: /tb_top/u_mon//tb_top/u_mon  Scope: tb_top.u_mon  File: /run/media/sackb/Windows-SSD/Users/sackb/OneDrive/Desktop/University/Course_Work/2025-2026/Spring_2026/ECE_410/ECE410/project/post_m3_Minor_Redesign/tb/tb_top.sv Line: 257

Time: 2155 ns Started: 2145 ns Scope: /tb_top/u_mon File: /run/media/sackb/Windows-SSD/Users/sackb/OneDrive/Desktop/University/Course_Work/2025-2026/Spring_2026/ECE_410/ECE410/project/post_m3_Minor_Redesign/tb/tb_top.sv Line:256
Error: AXI MONITOR: core_C changed while core is idle
Time: 2155 ns  Iteration: 0  Process: /tb_top/u_mon//tb_top/u_mon  Scope: tb_top.u_mon  File: /run/media/sackb/Windows-SSD/Users/sackb/OneDrive/Desktop/University/Course_Work/2025-2026/Spring_2026/ECE_410/ECE410/project/post_m3_Minor_Redesign/tb/tb_top.sv Line: 257

Time: 2165 ns Started: 2155 ns Scope: /tb_top/u_mon File: /run/media/sackb/Windows-SSD/Users/sackb/OneDrive/Desktop/University/Course_Work/2025-2026/Spring_2026/ECE_410/ECE410/project/post_m3_Minor_Redesign/tb/tb_top.sv Line:256
Error: AXI MONITOR: core_C changed while core is idle
Time: 2165 ns  Iteration: 0  Process: /tb_top/u_mon//tb_top/u_mon  Scope: tb_top.u_mon  File: /run/media/sackb/Windows-SSD/Users/sackb/OneDrive/Desktop/University/Course_Work/2025-2026/Spring_2026/ECE_410/ECE410/project/post_m3_Minor_Redesign/tb/tb_top.sv Line: 257

Time: 2175 ns Started: 2165 ns Scope: /tb_top/u_mon File: /run/media/sackb/Windows-SSD/Users/sackb/OneDrive/Desktop/University/Course_Work/2025-2026/Spring_2026/ECE_410/ECE410/project/post_m3_Minor_Redesign/tb/tb_top.sv Line:256
Error: AXI MONITOR: core_C changed while core is idle
Time: 2175 ns  Iteration: 0  Process: /tb_top/u_mon//tb_top/u_mon  Scope: tb_top.u_mon  File: /run/media/sackb/Windows-SSD/Users/sackb/OneDrive/Desktop/University/Course_Work/2025-2026/Spring_2026/ECE_410/ECE410/project/post_m3_Minor_Redesign/tb/tb_top.sv Line: 257

Time: 2185 ns Started: 2175 ns Scope: /tb_top/u_mon File: /run/media/sackb/Windows-SSD/Users/sackb/OneDrive/Desktop/University/Course_Work/2025-2026/Spring_2026/ECE_410/ECE410/project/post_m3_Minor_Redesign/tb/tb_top.sv Line:256
Error: AXI MONITOR: core_C changed while core is idle
Time: 2185 ns  Iteration: 0  Process: /tb_top/u_mon//tb_top/u_mon  Scope: tb_top.u_mon  File: /run/media/sackb/Windows-SSD/Users/sackb/OneDrive/Desktop/University/Course_Work/2025-2026/Spring_2026/ECE_410/ECE410/project/post_m3_Minor_Redesign/tb/tb_top.sv Line: 257

Time: 2195 ns Started: 2185 ns Scope: /tb_top/u_mon File: /run/media/sackb/Windows-SSD/Users/sackb/OneDrive/Desktop/University/Course_Work/2025-2026/Spring_2026/ECE_410/ECE410/project/post_m3_Minor_Redesign/tb/tb_top.sv Line:256
Error: AXI MONITOR: core_C changed while core is idle
Time: 2195 ns  Iteration: 0  Process: /tb_top/u_mon//tb_top/u_mon  Scope: tb_top.u_mon  File: /run/media/sackb/Windows-SSD/Users/sackb/OneDrive/Desktop/University/Course_Work/2025-2026/Spring_2026/ECE_410/ECE410/project/post_m3_Minor_Redesign/tb/tb_top.sv Line: 257

Time: 2205 ns Started: 2195 ns Scope: /tb_top/u_mon File: /run/media/sackb/Windows-SSD/Users/sackb/OneDrive/Desktop/University/Course_Work/2025-2026/Spring_2026/ECE_410/ECE410/project/post_m3_Minor_Redesign/tb/tb_top.sv Line:256
Error: AXI MONITOR: core_C changed while core is idle
Time: 2205 ns  Iteration: 0  Process: /tb_top/u_mon//tb_top/u_mon  Scope: tb_top.u_mon  File: /run/media/sackb/Windows-SSD/Users/sackb/OneDrive/Desktop/University/Course_Work/2025-2026/Spring_2026/ECE_410/ECE410/project/post_m3_Minor_Redesign/tb/tb_top.sv Line: 257

Time: 2215 ns Started: 2205 ns Scope: /tb_top/u_mon File: /run/media/sackb/Windows-SSD/Users/sackb/OneDrive/Desktop/University/Course_Work/2025-2026/Spring_2026/ECE_410/ECE410/project/post_m3_Minor_Redesign/tb/tb_top.sv Line:256
Error: AXI MONITOR: core_C changed while core is idle
Time: 2215 ns  Iteration: 0  Process: /tb_top/u_mon//tb_top/u_mon  Scope: tb_top.u_mon  File: /run/media/sackb/Windows-SSD/Users/sackb/OneDrive/Desktop/University/Course_Work/2025-2026/Spring_2026/ECE_410/ECE410/project/post_m3_Minor_Redesign/tb/tb_top.sv Line: 257

Time: 2225 ns Started: 2215 ns Scope: /tb_top/u_mon File: /run/media/sackb/Windows-SSD/Users/sackb/OneDrive/Desktop/University/Course_Work/2025-2026/Spring_2026/ECE_410/ECE410/project/post_m3_Minor_Redesign/tb/tb_top.sv Line:256
Error: AXI MONITOR: core_C changed while core is idle
Time: 2225 ns  Iteration: 0  Process: /tb_top/u_mon//tb_top/u_mon  Scope: tb_top.u_mon  File: /run/media/sackb/Windows-SSD/Users/sackb/OneDrive/Desktop/University/Course_Work/2025-2026/Spring_2026/ECE_410/ECE410/project/post_m3_Minor_Redesign/tb/tb_top.sv Line: 257

Time: 2235 ns Started: 2225 ns Scope: /tb_top/u_mon File: /run/media/sackb/Windows-SSD/Users/sackb/OneDrive/Desktop/University/Course_Work/2025-2026/Spring_2026/ECE_410/ECE410/project/post_m3_Minor_Redesign/tb/tb_top.sv Line:256
Error: AXI MONITOR: core_C changed while core is idle
Time: 2235 ns  Iteration: 0  Process: /tb_top/u_mon//tb_top/u_mon  Scope: tb_top.u_mon  File: /run/media/sackb/Windows-SSD/Users/sackb/OneDrive/Desktop/University/Course_Work/2025-2026/Spring_2026/ECE_410/ECE410/project/post_m3_Minor_Redesign/tb/tb_top.sv Line: 257

Time: 2245 ns Started: 2235 ns Scope: /tb_top/u_mon File: /run/media/sackb/Windows-SSD/Users/sackb/OneDrive/Desktop/University/Course_Work/2025-2026/Spring_2026/ECE_410/ECE410/project/post_m3_Minor_Redesign/tb/tb_top.sv Line:256
Error: AXI MONITOR: core_C changed while core is idle
Time: 2245 ns  Iteration: 0  Process: /tb_top/u_mon//tb_top/u_mon  Scope: tb_top.u_mon  File: /run/media/sackb/Windows-SSD/Users/sackb/OneDrive/Desktop/University/Course_Work/2025-2026/Spring_2026/ECE_410/ECE410/project/post_m3_Minor_Redesign/tb/tb_top.sv Line: 257

Time: 2255 ns Started: 2245 ns Scope: /tb_top/u_mon File: /run/media/sackb/Windows-SSD/Users/sackb/OneDrive/Desktop/University/Course_Work/2025-2026/Spring_2026/ECE_410/ECE410/project/post_m3_Minor_Redesign/tb/tb_top.sv Line:256
Error: AXI MONITOR: core_C changed while core is idle
Time: 2255 ns  Iteration: 0  Process: /tb_top/u_mon//tb_top/u_mon  Scope: tb_top.u_mon  File: /run/media/sackb/Windows-SSD/Users/sackb/OneDrive/Desktop/University/Course_Work/2025-2026/Spring_2026/ECE_410/ECE410/project/post_m3_Minor_Redesign/tb/tb_top.sv Line: 257

Time: 2265 ns Started: 2255 ns Scope: /tb_top/u_mon File: /run/media/sackb/Windows-SSD/Users/sackb/OneDrive/Desktop/University/Course_Work/2025-2026/Spring_2026/ECE_410/ECE410/project/post_m3_Minor_Redesign/tb/tb_top.sv Line:256
Error: AXI MONITOR: core_C changed while core is idle
Time: 2265 ns  Iteration: 0  Process: /tb_top/u_mon//tb_top/u_mon  Scope: tb_top.u_mon  File: /run/media/sackb/Windows-SSD/Users/sackb/OneDrive/Desktop/University/Course_Work/2025-2026/Spring_2026/ECE_410/ECE410/project/post_m3_Minor_Redesign/tb/tb_top.sv Line: 257

Time: 2275 ns Started: 2265 ns Scope: /tb_top/u_mon File: /run/media/sackb/Windows-SSD/Users/sackb/OneDrive/Desktop/University/Course_Work/2025-2026/Spring_2026/ECE_410/ECE410/project/post_m3_Minor_Redesign/tb/tb_top.sv Line:256
Error: AXI MONITOR: core_C changed while core is idle
Time: 2275 ns  Iteration: 0  Process: /tb_top/u_mon//tb_top/u_mon  Scope: tb_top.u_mon  File: /run/media/sackb/Windows-SSD/Users/sackb/OneDrive/Desktop/University/Course_Work/2025-2026/Spring_2026/ECE_410/ECE410/project/post_m3_Minor_Redesign/tb/tb_top.sv Line: 257

Time: 2285 ns Started: 2275 ns Scope: /tb_top/u_mon File: /run/media/sackb/Windows-SSD/Users/sackb/OneDrive/Desktop/University/Course_Work/2025-2026/Spring_2026/ECE_410/ECE410/project/post_m3_Minor_Redesign/tb/tb_top.sv Line:256
Error: AXI MONITOR: core_C changed while core is idle
Time: 2285 ns  Iteration: 0  Process: /tb_top/u_mon//tb_top/u_mon  Scope: tb_top.u_mon  File: /run/media/sackb/Windows-SSD/Users/sackb/OneDrive/Desktop/University/Course_Work/2025-2026/Spring_2026/ECE_410/ECE410/project/post_m3_Minor_Redesign/tb/tb_top.sv Line: 257

Time: 2295 ns Started: 2285 ns Scope: /tb_top/u_mon File: /run/media/sackb/Windows-SSD/Users/sackb/OneDrive/Desktop/University/Course_Work/2025-2026/Spring_2026/ECE_410/ECE410/project/post_m3_Minor_Redesign/tb/tb_top.sv Line:256
Error: AXI MONITOR: core_C changed while core is idle
Time: 2295 ns  Iteration: 0  Process: /tb_top/u_mon//tb_top/u_mon  Scope: tb_top.u_mon  File: /run/media/sackb/Windows-SSD/Users/sackb/OneDrive/Desktop/University/Course_Work/2025-2026/Spring_2026/ECE_410/ECE410/project/post_m3_Minor_Redesign/tb/tb_top.sv Line: 257

Time: 2305 ns Started: 2295 ns Scope: /tb_top/u_mon File: /run/media/sackb/Windows-SSD/Users/sackb/OneDrive/Desktop/University/Course_Work/2025-2026/Spring_2026/ECE_410/ECE410/project/post_m3_Minor_Redesign/tb/tb_top.sv Line:256
Error: AXI MONITOR: core_C changed while core is idle
Time: 2305 ns  Iteration: 0  Process: /tb_top/u_mon//tb_top/u_mon  Scope: tb_top.u_mon  File: /run/media/sackb/Windows-SSD/Users/sackb/OneDrive/Desktop/University/Course_Work/2025-2026/Spring_2026/ECE_410/ECE410/project/post_m3_Minor_Redesign/tb/tb_top.sv Line: 257

Time: 2315 ns Started: 2305 ns Scope: /tb_top/u_mon File: /run/media/sackb/Windows-SSD/Users/sackb/OneDrive/Desktop/University/Course_Work/2025-2026/Spring_2026/ECE_410/ECE410/project/post_m3_Minor_Redesign/tb/tb_top.sv Line:256
Error: AXI MONITOR: core_C changed while core is idle
Time: 2315 ns  Iteration: 0  Process: /tb_top/u_mon//tb_top/u_mon  Scope: tb_top.u_mon  File: /run/media/sackb/Windows-SSD/Users/sackb/OneDrive/Desktop/University/Course_Work/2025-2026/Spring_2026/ECE_410/ECE410/project/post_m3_Minor_Redesign/tb/tb_top.sv Line: 257

Time: 2325 ns Started: 2315 ns Scope: /tb_top/u_mon File: /run/media/sackb/Windows-SSD/Users/sackb/OneDrive/Desktop/University/Course_Work/2025-2026/Spring_2026/ECE_410/ECE410/project/post_m3_Minor_Redesign/tb/tb_top.sv Line:256
Error: AXI MONITOR: core_C changed while core is idle
Time: 2325 ns  Iteration: 0  Process: /tb_top/u_mon//tb_top/u_mon  Scope: tb_top.u_mon  File: /run/media/sackb/Windows-SSD/Users/sackb/OneDrive/Desktop/University/Course_Work/2025-2026/Spring_2026/ECE_410/ECE410/project/post_m3_Minor_Redesign/tb/tb_top.sv Line: 257

Time: 2335 ns Started: 2325 ns Scope: /tb_top/u_mon File: /run/media/sackb/Windows-SSD/Users/sackb/OneDrive/Desktop/University/Course_Work/2025-2026/Spring_2026/ECE_410/ECE410/project/post_m3_Minor_Redesign/tb/tb_top.sv Line:256
Error: AXI MONITOR: core_C changed while core is idle
Time: 2335 ns  Iteration: 0  Process: /tb_top/u_mon//tb_top/u_mon  Scope: tb_top.u_mon  File: /run/media/sackb/Windows-SSD/Users/sackb/OneDrive/Desktop/University/Course_Work/2025-2026/Spring_2026/ECE_410/ECE410/project/post_m3_Minor_Redesign/tb/tb_top.sv Line: 257

Time: 2345 ns Started: 2335 ns Scope: /tb_top/u_mon File: /run/media/sackb/Windows-SSD/Users/sackb/OneDrive/Desktop/University/Course_Work/2025-2026/Spring_2026/ECE_410/ECE410/project/post_m3_Minor_Redesign/tb/tb_top.sv Line:256
Error: AXI MONITOR: core_C changed while core is idle
Time: 2345 ns  Iteration: 0  Process: /tb_top/u_mon//tb_top/u_mon  Scope: tb_top.u_mon  File: /run/media/sackb/Windows-SSD/Users/sackb/OneDrive/Desktop/University/Course_Work/2025-2026/Spring_2026/ECE_410/ECE410/project/post_m3_Minor_Redesign/tb/tb_top.sv Line: 257

Time: 2355 ns Started: 2345 ns Scope: /tb_top/u_mon File: /run/media/sackb/Windows-SSD/Users/sackb/OneDrive/Desktop/University/Course_Work/2025-2026/Spring_2026/ECE_410/ECE410/project/post_m3_Minor_Redesign/tb/tb_top.sv Line:256
Error: AXI MONITOR: core_C changed while core is idle
Time: 2355 ns  Iteration: 0  Process: /tb_top/u_mon//tb_top/u_mon  Scope: tb_top.u_mon  File: /run/media/sackb/Windows-SSD/Users/sackb/OneDrive/Desktop/University/Course_Work/2025-2026/Spring_2026/ECE_410/ECE410/project/post_m3_Minor_Redesign/tb/tb_top.sv Line: 257

Time: 2365 ns Started: 2355 ns Scope: /tb_top/u_mon File: /run/media/sackb/Windows-SSD/Users/sackb/OneDrive/Desktop/University/Course_Work/2025-2026/Spring_2026/ECE_410/ECE410/project/post_m3_Minor_Redesign/tb/tb_top.sv Line:256
Error: AXI MONITOR: core_C changed while core is idle
Time: 2365 ns  Iteration: 0  Process: /tb_top/u_mon//tb_top/u_mon  Scope: tb_top.u_mon  File: /run/media/sackb/Windows-SSD/Users/sackb/OneDrive/Desktop/University/Course_Work/2025-2026/Spring_2026/ECE_410/ECE410/project/post_m3_Minor_Redesign/tb/tb_top.sv Line: 257

Time: 2375 ns Started: 2365 ns Scope: /tb_top/u_mon File: /run/media/sackb/Windows-SSD/Users/sackb/OneDrive/Desktop/University/Course_Work/2025-2026/Spring_2026/ECE_410/ECE410/project/post_m3_Minor_Redesign/tb/tb_top.sv Line:256
Error: AXI MONITOR: core_C changed while core is idle
Time: 2375 ns  Iteration: 0  Process: /tb_top/u_mon//tb_top/u_mon  Scope: tb_top.u_mon  File: /run/media/sackb/Windows-SSD/Users/sackb/OneDrive/Desktop/University/Course_Work/2025-2026/Spring_2026/ECE_410/ECE410/project/post_m3_Minor_Redesign/tb/tb_top.sv Line: 257

Time: 2385 ns Started: 2375 ns Scope: /tb_top/u_mon File: /run/media/sackb/Windows-SSD/Users/sackb/OneDrive/Desktop/University/Course_Work/2025-2026/Spring_2026/ECE_410/ECE410/project/post_m3_Minor_Redesign/tb/tb_top.sv Line:256
Error: AXI MONITOR: core_C changed while core is idle
Time: 2385 ns  Iteration: 0  Process: /tb_top/u_mon//tb_top/u_mon  Scope: tb_top.u_mon  File: /run/media/sackb/Windows-SSD/Users/sackb/OneDrive/Desktop/University/Course_Work/2025-2026/Spring_2026/ECE_410/ECE410/project/post_m3_Minor_Redesign/tb/tb_top.sv Line: 257

Time: 2395 ns Started: 2385 ns Scope: /tb_top/u_mon File: /run/media/sackb/Windows-SSD/Users/sackb/OneDrive/Desktop/University/Course_Work/2025-2026/Spring_2026/ECE_410/ECE410/project/post_m3_Minor_Redesign/tb/tb_top.sv Line:256
Error: AXI MONITOR: core_C changed while core is idle
Time: 2395 ns  Iteration: 0  Process: /tb_top/u_mon//tb_top/u_mon  Scope: tb_top.u_mon  File: /run/media/sackb/Windows-SSD/Users/sackb/OneDrive/Desktop/University/Course_Work/2025-2026/Spring_2026/ECE_410/ECE410/project/post_m3_Minor_Redesign/tb/tb_top.sv Line: 257

Time: 2405 ns Started: 2395 ns Scope: /tb_top/u_mon File: /run/media/sackb/Windows-SSD/Users/sackb/OneDrive/Desktop/University/Course_Work/2025-2026/Spring_2026/ECE_410/ECE410/project/post_m3_Minor_Redesign/tb/tb_top.sv Line:256
Error: AXI MONITOR: core_C changed while core is idle
Time: 2405 ns  Iteration: 0  Process: /tb_top/u_mon//tb_top/u_mon  Scope: tb_top.u_mon  File: /run/media/sackb/Windows-SSD/Users/sackb/OneDrive/Desktop/University/Course_Work/2025-2026/Spring_2026/ECE_410/ECE410/project/post_m3_Minor_Redesign/tb/tb_top.sv Line: 257

Time: 2415 ns Started: 2405 ns Scope: /tb_top/u_mon File: /run/media/sackb/Windows-SSD/Users/sackb/OneDrive/Desktop/University/Course_Work/2025-2026/Spring_2026/ECE_410/ECE410/project/post_m3_Minor_Redesign/tb/tb_top.sv Line:256
Error: AXI MONITOR: core_C changed while core is idle
Time: 2415 ns  Iteration: 0  Process: /tb_top/u_mon//tb_top/u_mon  Scope: tb_top.u_mon  File: /run/media/sackb/Windows-SSD/Users/sackb/OneDrive/Desktop/University/Course_Work/2025-2026/Spring_2026/ECE_410/ECE410/project/post_m3_Minor_Redesign/tb/tb_top.sv Line: 257

Time: 2425 ns Started: 2415 ns Scope: /tb_top/u_mon File: /run/media/sackb/Windows-SSD/Users/sackb/OneDrive/Desktop/University/Course_Work/2025-2026/Spring_2026/ECE_410/ECE410/project/post_m3_Minor_Redesign/tb/tb_top.sv Line:256
Error: AXI MONITOR: core_C changed while core is idle
Time: 2425 ns  Iteration: 0  Process: /tb_top/u_mon//tb_top/u_mon  Scope: tb_top.u_mon  File: /run/media/sackb/Windows-SSD/Users/sackb/OneDrive/Desktop/University/Course_Work/2025-2026/Spring_2026/ECE_410/ECE410/project/post_m3_Minor_Redesign/tb/tb_top.sv Line: 257

Time: 2435 ns Started: 2425 ns Scope: /tb_top/u_mon File: /run/media/sackb/Windows-SSD/Users/sackb/OneDrive/Desktop/University/Course_Work/2025-2026/Spring_2026/ECE_410/ECE410/project/post_m3_Minor_Redesign/tb/tb_top.sv Line:256
Error: AXI MONITOR: core_C changed while core is idle
Time: 2435 ns  Iteration: 0  Process: /tb_top/u_mon//tb_top/u_mon  Scope: tb_top.u_mon  File: /run/media/sackb/Windows-SSD/Users/sackb/OneDrive/Desktop/University/Course_Work/2025-2026/Spring_2026/ECE_410/ECE410/project/post_m3_Minor_Redesign/tb/tb_top.sv Line: 257

Time: 2445 ns Started: 2435 ns Scope: /tb_top/u_mon File: /run/media/sackb/Windows-SSD/Users/sackb/OneDrive/Desktop/University/Course_Work/2025-2026/Spring_2026/ECE_410/ECE410/project/post_m3_Minor_Redesign/tb/tb_top.sv Line:256
Error: AXI MONITOR: core_C changed while core is idle
Time: 2445 ns  Iteration: 0  Process: /tb_top/u_mon//tb_top/u_mon  Scope: tb_top.u_mon  File: /run/media/sackb/Windows-SSD/Users/sackb/OneDrive/Desktop/University/Course_Work/2025-2026/Spring_2026/ECE_410/ECE410/project/post_m3_Minor_Redesign/tb/tb_top.sv Line: 257

Time: 2455 ns Started: 2445 ns Scope: /tb_top/u_mon File: /run/media/sackb/Windows-SSD/Users/sackb/OneDrive/Desktop/University/Course_Work/2025-2026/Spring_2026/ECE_410/ECE410/project/post_m3_Minor_Redesign/tb/tb_top.sv Line:256
Error: AXI MONITOR: core_C changed while core is idle
Time: 2455 ns  Iteration: 0  Process: /tb_top/u_mon//tb_top/u_mon  Scope: tb_top.u_mon  File: /run/media/sackb/Windows-SSD/Users/sackb/OneDrive/Desktop/University/Course_Work/2025-2026/Spring_2026/ECE_410/ECE410/project/post_m3_Minor_Redesign/tb/tb_top.sv Line: 257

Time: 2465 ns Started: 2455 ns Scope: /tb_top/u_mon File: /run/media/sackb/Windows-SSD/Users/sackb/OneDrive/Desktop/University/Course_Work/2025-2026/Spring_2026/ECE_410/ECE410/project/post_m3_Minor_Redesign/tb/tb_top.sv Line:256
Error: AXI MONITOR: core_C changed while core is idle
Time: 2465 ns  Iteration: 0  Process: /tb_top/u_mon//tb_top/u_mon  Scope: tb_top.u_mon  File: /run/media/sackb/Windows-SSD/Users/sackb/OneDrive/Desktop/University/Course_Work/2025-2026/Spring_2026/ECE_410/ECE410/project/post_m3_Minor_Redesign/tb/tb_top.sv Line: 257

Time: 2475 ns Started: 2465 ns Scope: /tb_top/u_mon File: /run/media/sackb/Windows-SSD/Users/sackb/OneDrive/Desktop/University/Course_Work/2025-2026/Spring_2026/ECE_410/ECE410/project/post_m3_Minor_Redesign/tb/tb_top.sv Line:256
Error: AXI MONITOR: core_C changed while core is idle
Time: 2475 ns  Iteration: 0  Process: /tb_top/u_mon//tb_top/u_mon  Scope: tb_top.u_mon  File: /run/media/sackb/Windows-SSD/Users/sackb/OneDrive/Desktop/University/Course_Work/2025-2026/Spring_2026/ECE_410/ECE410/project/post_m3_Minor_Redesign/tb/tb_top.sv Line: 257

Time: 2485 ns Started: 2475 ns Scope: /tb_top/u_mon File: /run/media/sackb/Windows-SSD/Users/sackb/OneDrive/Desktop/University/Course_Work/2025-2026/Spring_2026/ECE_410/ECE410/project/post_m3_Minor_Redesign/tb/tb_top.sv Line:256
Error: AXI MONITOR: core_C changed while core is idle
Time: 2485 ns  Iteration: 0  Process: /tb_top/u_mon//tb_top/u_mon  Scope: tb_top.u_mon  File: /run/media/sackb/Windows-SSD/Users/sackb/OneDrive/Desktop/University/Course_Work/2025-2026/Spring_2026/ECE_410/ECE410/project/post_m3_Minor_Redesign/tb/tb_top.sv Line: 257

Time: 2495 ns Started: 2485 ns Scope: /tb_top/u_mon File: /run/media/sackb/Windows-SSD/Users/sackb/OneDrive/Desktop/University/Course_Work/2025-2026/Spring_2026/ECE_410/ECE410/project/post_m3_Minor_Redesign/tb/tb_top.sv Line:256
Error: AXI MONITOR: core_C changed while core is idle
Time: 2495 ns  Iteration: 0  Process: /tb_top/u_mon//tb_top/u_mon  Scope: tb_top.u_mon  File: /run/media/sackb/Windows-SSD/Users/sackb/OneDrive/Desktop/University/Course_Work/2025-2026/Spring_2026/ECE_410/ECE410/project/post_m3_Minor_Redesign/tb/tb_top.sv Line: 257

Time: 2505 ns Started: 2495 ns Scope: /tb_top/u_mon File: /run/media/sackb/Windows-SSD/Users/sackb/OneDrive/Desktop/University/Course_Work/2025-2026/Spring_2026/ECE_410/ECE410/project/post_m3_Minor_Redesign/tb/tb_top.sv Line:256
Error: AXI MONITOR: core_C changed while core is idle
Time: 2505 ns  Iteration: 0  Process: /tb_top/u_mon//tb_top/u_mon  Scope: tb_top.u_mon  File: /run/media/sackb/Windows-SSD/Users/sackb/OneDrive/Desktop/University/Course_Work/2025-2026/Spring_2026/ECE_410/ECE410/project/post_m3_Minor_Redesign/tb/tb_top.sv Line: 257

Time: 2515 ns Started: 2505 ns Scope: /tb_top/u_mon File: /run/media/sackb/Windows-SSD/Users/sackb/OneDrive/Desktop/University/Course_Work/2025-2026/Spring_2026/ECE_410/ECE410/project/post_m3_Minor_Redesign/tb/tb_top.sv Line:256
Error: AXI MONITOR: core_C changed while core is idle
Time: 2515 ns  Iteration: 0  Process: /tb_top/u_mon//tb_top/u_mon  Scope: tb_top.u_mon  File: /run/media/sackb/Windows-SSD/Users/sackb/OneDrive/Desktop/University/Course_Work/2025-2026/Spring_2026/ECE_410/ECE410/project/post_m3_Minor_Redesign/tb/tb_top.sv Line: 257

Time: 2525 ns Started: 2515 ns Scope: /tb_top/u_mon File: /run/media/sackb/Windows-SSD/Users/sackb/OneDrive/Desktop/University/Course_Work/2025-2026/Spring_2026/ECE_410/ECE410/project/post_m3_Minor_Redesign/tb/tb_top.sv Line:256
Error: AXI MONITOR: core_C changed while core is idle
Time: 2525 ns  Iteration: 0  Process: /tb_top/u_mon//tb_top/u_mon  Scope: tb_top.u_mon  File: /run/media/sackb/Windows-SSD/Users/sackb/OneDrive/Desktop/University/Course_Work/2025-2026/Spring_2026/ECE_410/ECE410/project/post_m3_Minor_Redesign/tb/tb_top.sv Line: 257

Time: 2535 ns Started: 2525 ns Scope: /tb_top/u_mon File: /run/media/sackb/Windows-SSD/Users/sackb/OneDrive/Desktop/University/Course_Work/2025-2026/Spring_2026/ECE_410/ECE410/project/post_m3_Minor_Redesign/tb/tb_top.sv Line:256
Error: AXI MONITOR: core_C changed while core is idle
Time: 2535 ns  Iteration: 0  Process: /tb_top/u_mon//tb_top/u_mon  Scope: tb_top.u_mon  File: /run/media/sackb/Windows-SSD/Users/sackb/OneDrive/Desktop/University/Course_Work/2025-2026/Spring_2026/ECE_410/ECE410/project/post_m3_Minor_Redesign/tb/tb_top.sv Line: 257

Time: 2545 ns Started: 2535 ns Scope: /tb_top/u_mon File: /run/media/sackb/Windows-SSD/Users/sackb/OneDrive/Desktop/University/Course_Work/2025-2026/Spring_2026/ECE_410/ECE410/project/post_m3_Minor_Redesign/tb/tb_top.sv Line:256
Error: AXI MONITOR: core_C changed while core is idle
Time: 2545 ns  Iteration: 0  Process: /tb_top/u_mon//tb_top/u_mon  Scope: tb_top.u_mon  File: /run/media/sackb/Windows-SSD/Users/sackb/OneDrive/Desktop/University/Course_Work/2025-2026/Spring_2026/ECE_410/ECE410/project/post_m3_Minor_Redesign/tb/tb_top.sv Line: 257

Time: 2555 ns Started: 2545 ns Scope: /tb_top/u_mon File: /run/media/sackb/Windows-SSD/Users/sackb/OneDrive/Desktop/University/Course_Work/2025-2026/Spring_2026/ECE_410/ECE410/project/post_m3_Minor_Redesign/tb/tb_top.sv Line:256
Error: AXI MONITOR: core_C changed while core is idle
Time: 2555 ns  Iteration: 0  Process: /tb_top/u_mon//tb_top/u_mon  Scope: tb_top.u_mon  File: /run/media/sackb/Windows-SSD/Users/sackb/OneDrive/Desktop/University/Course_Work/2025-2026/Spring_2026/ECE_410/ECE410/project/post_m3_Minor_Redesign/tb/tb_top.sv Line: 257

Time: 2565 ns Started: 2555 ns Scope: /tb_top/u_mon File: /run/media/sackb/Windows-SSD/Users/sackb/OneDrive/Desktop/University/Course_Work/2025-2026/Spring_2026/ECE_410/ECE410/project/post_m3_Minor_Redesign/tb/tb_top.sv Line:256
Error: AXI MONITOR: core_C changed while core is idle
Time: 2565 ns  Iteration: 0  Process: /tb_top/u_mon//tb_top/u_mon  Scope: tb_top.u_mon  File: /run/media/sackb/Windows-SSD/Users/sackb/OneDrive/Desktop/University/Course_Work/2025-2026/Spring_2026/ECE_410/ECE410/project/post_m3_Minor_Redesign/tb/tb_top.sv Line: 257

Time: 2575 ns Started: 2565 ns Scope: /tb_top/u_mon File: /run/media/sackb/Windows-SSD/Users/sackb/OneDrive/Desktop/University/Course_Work/2025-2026/Spring_2026/ECE_410/ECE410/project/post_m3_Minor_Redesign/tb/tb_top.sv Line:256
Error: AXI MONITOR: core_C changed while core is idle
Time: 2575 ns  Iteration: 0  Process: /tb_top/u_mon//tb_top/u_mon  Scope: tb_top.u_mon  File: /run/media/sackb/Windows-SSD/Users/sackb/OneDrive/Desktop/University/Course_Work/2025-2026/Spring_2026/ECE_410/ECE410/project/post_m3_Minor_Redesign/tb/tb_top.sv Line: 257

Time: 2585 ns Started: 2575 ns Scope: /tb_top/u_mon File: /run/media/sackb/Windows-SSD/Users/sackb/OneDrive/Desktop/University/Course_Work/2025-2026/Spring_2026/ECE_410/ECE410/project/post_m3_Minor_Redesign/tb/tb_top.sv Line:256
Error: AXI MONITOR: core_C changed while core is idle
Time: 2585 ns  Iteration: 0  Process: /tb_top/u_mon//tb_top/u_mon  Scope: tb_top.u_mon  File: /run/media/sackb/Windows-SSD/Users/sackb/OneDrive/Desktop/University/Course_Work/2025-2026/Spring_2026/ECE_410/ECE410/project/post_m3_Minor_Redesign/tb/tb_top.sv Line: 257

Time: 2595 ns Started: 2585 ns Scope: /tb_top/u_mon File: /run/media/sackb/Windows-SSD/Users/sackb/OneDrive/Desktop/University/Course_Work/2025-2026/Spring_2026/ECE_410/ECE410/project/post_m3_Minor_Redesign/tb/tb_top.sv Line:256
Error: AXI MONITOR: core_C changed while core is idle
Time: 2595 ns  Iteration: 0  Process: /tb_top/u_mon//tb_top/u_mon  Scope: tb_top.u_mon  File: /run/media/sackb/Windows-SSD/Users/sackb/OneDrive/Desktop/University/Course_Work/2025-2026/Spring_2026/ECE_410/ECE410/project/post_m3_Minor_Redesign/tb/tb_top.sv Line: 257

Time: 2605 ns Started: 2595 ns Scope: /tb_top/u_mon File: /run/media/sackb/Windows-SSD/Users/sackb/OneDrive/Desktop/University/Course_Work/2025-2026/Spring_2026/ECE_410/ECE410/project/post_m3_Minor_Redesign/tb/tb_top.sv Line:256
Error: AXI MONITOR: core_C changed while core is idle
Time: 2605 ns  Iteration: 0  Process: /tb_top/u_mon//tb_top/u_mon  Scope: tb_top.u_mon  File: /run/media/sackb/Windows-SSD/Users/sackb/OneDrive/Desktop/University/Course_Work/2025-2026/Spring_2026/ECE_410/ECE410/project/post_m3_Minor_Redesign/tb/tb_top.sv Line: 257

Time: 2615 ns Started: 2605 ns Scope: /tb_top/u_mon File: /run/media/sackb/Windows-SSD/Users/sackb/OneDrive/Desktop/University/Course_Work/2025-2026/Spring_2026/ECE_410/ECE410/project/post_m3_Minor_Redesign/tb/tb_top.sv Line:256
Error: AXI MONITOR: core_C changed while core is idle
Time: 2615 ns  Iteration: 0  Process: /tb_top/u_mon//tb_top/u_mon  Scope: tb_top.u_mon  File: /run/media/sackb/Windows-SSD/Users/sackb/OneDrive/Desktop/University/Course_Work/2025-2026/Spring_2026/ECE_410/ECE410/project/post_m3_Minor_Redesign/tb/tb_top.sv Line: 257

Time: 2625 ns Started: 2615 ns Scope: /tb_top/u_mon File: /run/media/sackb/Windows-SSD/Users/sackb/OneDrive/Desktop/University/Course_Work/2025-2026/Spring_2026/ECE_410/ECE410/project/post_m3_Minor_Redesign/tb/tb_top.sv Line:256
Error: AXI MONITOR: core_C changed while core is idle
Time: 2625 ns  Iteration: 0  Process: /tb_top/u_mon//tb_top/u_mon  Scope: tb_top.u_mon  File: /run/media/sackb/Windows-SSD/Users/sackb/OneDrive/Desktop/University/Course_Work/2025-2026/Spring_2026/ECE_410/ECE410/project/post_m3_Minor_Redesign/tb/tb_top.sv Line: 257

Time: 2635 ns Started: 2625 ns Scope: /tb_top/u_mon File: /run/media/sackb/Windows-SSD/Users/sackb/OneDrive/Desktop/University/Course_Work/2025-2026/Spring_2026/ECE_410/ECE410/project/post_m3_Minor_Redesign/tb/tb_top.sv Line:256
Error: AXI MONITOR: core_C changed while core is idle
Time: 2635 ns  Iteration: 0  Process: /tb_top/u_mon//tb_top/u_mon  Scope: tb_top.u_mon  File: /run/media/sackb/Windows-SSD/Users/sackb/OneDrive/Desktop/University/Course_Work/2025-2026/Spring_2026/ECE_410/ECE410/project/post_m3_Minor_Redesign/tb/tb_top.sv Line: 257

Time: 2645 ns Started: 2635 ns Scope: /tb_top/u_mon File: /run/media/sackb/Windows-SSD/Users/sackb/OneDrive/Desktop/University/Course_Work/2025-2026/Spring_2026/ECE_410/ECE410/project/post_m3_Minor_Redesign/tb/tb_top.sv Line:256
Error: AXI MONITOR: core_C changed while core is idle
Time: 2645 ns  Iteration: 0  Process: /tb_top/u_mon//tb_top/u_mon  Scope: tb_top.u_mon  File: /run/media/sackb/Windows-SSD/Users/sackb/OneDrive/Desktop/University/Course_Work/2025-2026/Spring_2026/ECE_410/ECE410/project/post_m3_Minor_Redesign/tb/tb_top.sv Line: 257

Time: 2655 ns Started: 2645 ns Scope: /tb_top/u_mon File: /run/media/sackb/Windows-SSD/Users/sackb/OneDrive/Desktop/University/Course_Work/2025-2026/Spring_2026/ECE_410/ECE410/project/post_m3_Minor_Redesign/tb/tb_top.sv Line:256
Error: AXI MONITOR: core_C changed while core is idle
Time: 2655 ns  Iteration: 0  Process: /tb_top/u_mon//tb_top/u_mon  Scope: tb_top.u_mon  File: /run/media/sackb/Windows-SSD/Users/sackb/OneDrive/Desktop/University/Course_Work/2025-2026/Spring_2026/ECE_410/ECE410/project/post_m3_Minor_Redesign/tb/tb_top.sv Line: 257

Time: 3285 ns Started: 3275 ns Scope: /tb_top/u_mon File: /run/media/sackb/Windows-SSD/Users/sackb/OneDrive/Desktop/University/Course_Work/2025-2026/Spring_2026/ECE_410/ECE410/project/post_m3_Minor_Redesign/tb/tb_top.sv Line:256
Error: AXI MONITOR: core_C changed while core is idle
Time: 3285 ns  Iteration: 0  Process: /tb_top/u_mon//tb_top/u_mon  Scope: tb_top.u_mon  File: /run/media/sackb/Windows-SSD/Users/sackb/OneDrive/Desktop/University/Course_Work/2025-2026/Spring_2026/ECE_410/ECE410/project/post_m3_Minor_Redesign/tb/tb_top.sv Line: 257

Time: 3295 ns Started: 3285 ns Scope: /tb_top/u_mon File: /run/media/sackb/Windows-SSD/Users/sackb/OneDrive/Desktop/University/Course_Work/2025-2026/Spring_2026/ECE_410/ECE410/project/post_m3_Minor_Redesign/tb/tb_top.sv Line:256
Error: AXI MONITOR: core_C changed while core is idle
Time: 3295 ns  Iteration: 0  Process: /tb_top/u_mon//tb_top/u_mon  Scope: tb_top.u_mon  File: /run/media/sackb/Windows-SSD/Users/sackb/OneDrive/Desktop/University/Course_Work/2025-2026/Spring_2026/ECE_410/ECE410/project/post_m3_Minor_Redesign/tb/tb_top.sv Line: 257

Time: 3305 ns Started: 3295 ns Scope: /tb_top/u_mon File: /run/media/sackb/Windows-SSD/Users/sackb/OneDrive/Desktop/University/Course_Work/2025-2026/Spring_2026/ECE_410/ECE410/project/post_m3_Minor_Redesign/tb/tb_top.sv Line:256
Error: AXI MONITOR: core_C changed while core is idle
Time: 3305 ns  Iteration: 0  Process: /tb_top/u_mon//tb_top/u_mon  Scope: tb_top.u_mon  File: /run/media/sackb/Windows-SSD/Users/sackb/OneDrive/Desktop/University/Course_Work/2025-2026/Spring_2026/ECE_410/ECE410/project/post_m3_Minor_Redesign/tb/tb_top.sv Line: 257

Time: 3315 ns Started: 3305 ns Scope: /tb_top/u_mon File: /run/media/sackb/Windows-SSD/Users/sackb/OneDrive/Desktop/University/Course_Work/2025-2026/Spring_2026/ECE_410/ECE410/project/post_m3_Minor_Redesign/tb/tb_top.sv Line:256
Error: AXI MONITOR: core_C changed while core is idle
Time: 3315 ns  Iteration: 0  Process: /tb_top/u_mon//tb_top/u_mon  Scope: tb_top.u_mon  File: /run/media/sackb/Windows-SSD/Users/sackb/OneDrive/Desktop/University/Course_Work/2025-2026/Spring_2026/ECE_410/ECE410/project/post_m3_Minor_Redesign/tb/tb_top.sv Line: 257

Time: 3325 ns Started: 3315 ns Scope: /tb_top/u_mon File: /run/media/sackb/Windows-SSD/Users/sackb/OneDrive/Desktop/University/Course_Work/2025-2026/Spring_2026/ECE_410/ECE410/project/post_m3_Minor_Redesign/tb/tb_top.sv Line:256
Error: AXI MONITOR: core_C changed while core is idle
Time: 3325 ns  Iteration: 0  Process: /tb_top/u_mon//tb_top/u_mon  Scope: tb_top.u_mon  File: /run/media/sackb/Windows-SSD/Users/sackb/OneDrive/Desktop/University/Course_Work/2025-2026/Spring_2026/ECE_410/ECE410/project/post_m3_Minor_Redesign/tb/tb_top.sv Line: 257

Time: 3335 ns Started: 3325 ns Scope: /tb_top/u_mon File: /run/media/sackb/Windows-SSD/Users/sackb/OneDrive/Desktop/University/Course_Work/2025-2026/Spring_2026/ECE_410/ECE410/project/post_m3_Minor_Redesign/tb/tb_top.sv Line:256
Error: AXI MONITOR: core_C changed while core is idle
Time: 3335 ns  Iteration: 0  Process: /tb_top/u_mon//tb_top/u_mon  Scope: tb_top.u_mon  File: /run/media/sackb/Windows-SSD/Users/sackb/OneDrive/Desktop/University/Course_Work/2025-2026/Spring_2026/ECE_410/ECE410/project/post_m3_Minor_Redesign/tb/tb_top.sv Line: 257

Time: 3345 ns Started: 3335 ns Scope: /tb_top/u_mon File: /run/media/sackb/Windows-SSD/Users/sackb/OneDrive/Desktop/University/Course_Work/2025-2026/Spring_2026/ECE_410/ECE410/project/post_m3_Minor_Redesign/tb/tb_top.sv Line:256
Error: AXI MONITOR: core_C changed while core is idle
Time: 3345 ns  Iteration: 0  Process: /tb_top/u_mon//tb_top/u_mon  Scope: tb_top.u_mon  File: /run/media/sackb/Windows-SSD/Users/sackb/OneDrive/Desktop/University/Course_Work/2025-2026/Spring_2026/ECE_410/ECE410/project/post_m3_Minor_Redesign/tb/tb_top.sv Line: 257

Time: 3355 ns Started: 3345 ns Scope: /tb_top/u_mon File: /run/media/sackb/Windows-SSD/Users/sackb/OneDrive/Desktop/University/Course_Work/2025-2026/Spring_2026/ECE_410/ECE410/project/post_m3_Minor_Redesign/tb/tb_top.sv Line:256
Error: AXI MONITOR: core_C changed while core is idle
Time: 3355 ns  Iteration: 0  Process: /tb_top/u_mon//tb_top/u_mon  Scope: tb_top.u_mon  File: /run/media/sackb/Windows-SSD/Users/sackb/OneDrive/Desktop/University/Course_Work/2025-2026/Spring_2026/ECE_410/ECE410/project/post_m3_Minor_Redesign/tb/tb_top.sv Line: 257

Time: 3365 ns Started: 3355 ns Scope: /tb_top/u_mon File: /run/media/sackb/Windows-SSD/Users/sackb/OneDrive/Desktop/University/Course_Work/2025-2026/Spring_2026/ECE_410/ECE410/project/post_m3_Minor_Redesign/tb/tb_top.sv Line:256
Error: AXI MONITOR: core_C changed while core is idle
Time: 3365 ns  Iteration: 0  Process: /tb_top/u_mon//tb_top/u_mon  Scope: tb_top.u_mon  File: /run/media/sackb/Windows-SSD/Users/sackb/OneDrive/Desktop/University/Course_Work/2025-2026/Spring_2026/ECE_410/ECE410/project/post_m3_Minor_Redesign/tb/tb_top.sv Line: 257

Time: 3375 ns Started: 3365 ns Scope: /tb_top/u_mon File: /run/media/sackb/Windows-SSD/Users/sackb/OneDrive/Desktop/University/Course_Work/2025-2026/Spring_2026/ECE_410/ECE410/project/post_m3_Minor_Redesign/tb/tb_top.sv Line:256
Error: AXI MONITOR: core_C changed while core is idle
Time: 3375 ns  Iteration: 0  Process: /tb_top/u_mon//tb_top/u_mon  Scope: tb_top.u_mon  File: /run/media/sackb/Windows-SSD/Users/sackb/OneDrive/Desktop/University/Course_Work/2025-2026/Spring_2026/ECE_410/ECE410/project/post_m3_Minor_Redesign/tb/tb_top.sv Line: 257

Time: 3385 ns Started: 3375 ns Scope: /tb_top/u_mon File: /run/media/sackb/Windows-SSD/Users/sackb/OneDrive/Desktop/University/Course_Work/2025-2026/Spring_2026/ECE_410/ECE410/project/post_m3_Minor_Redesign/tb/tb_top.sv Line:256
Error: AXI MONITOR: core_C changed while core is idle
Time: 3385 ns  Iteration: 0  Process: /tb_top/u_mon//tb_top/u_mon  Scope: tb_top.u_mon  File: /run/media/sackb/Windows-SSD/Users/sackb/OneDrive/Desktop/University/Course_Work/2025-2026/Spring_2026/ECE_410/ECE410/project/post_m3_Minor_Redesign/tb/tb_top.sv Line: 257

Time: 3395 ns Started: 3385 ns Scope: /tb_top/u_mon File: /run/media/sackb/Windows-SSD/Users/sackb/OneDrive/Desktop/University/Course_Work/2025-2026/Spring_2026/ECE_410/ECE410/project/post_m3_Minor_Redesign/tb/tb_top.sv Line:256
Error: AXI MONITOR: core_C changed while core is idle
Time: 3395 ns  Iteration: 0  Process: /tb_top/u_mon//tb_top/u_mon  Scope: tb_top.u_mon  File: /run/media/sackb/Windows-SSD/Users/sackb/OneDrive/Desktop/University/Course_Work/2025-2026/Spring_2026/ECE_410/ECE410/project/post_m3_Minor_Redesign/tb/tb_top.sv Line: 257

Time: 3405 ns Started: 3395 ns Scope: /tb_top/u_mon File: /run/media/sackb/Windows-SSD/Users/sackb/OneDrive/Desktop/University/Course_Work/2025-2026/Spring_2026/ECE_410/ECE410/project/post_m3_Minor_Redesign/tb/tb_top.sv Line:256
Error: AXI MONITOR: core_C changed while core is idle
Time: 3405 ns  Iteration: 0  Process: /tb_top/u_mon//tb_top/u_mon  Scope: tb_top.u_mon  File: /run/media/sackb/Windows-SSD/Users/sackb/OneDrive/Desktop/University/Course_Work/2025-2026/Spring_2026/ECE_410/ECE410/project/post_m3_Minor_Redesign/tb/tb_top.sv Line: 257

Time: 3415 ns Started: 3405 ns Scope: /tb_top/u_mon File: /run/media/sackb/Windows-SSD/Users/sackb/OneDrive/Desktop/University/Course_Work/2025-2026/Spring_2026/ECE_410/ECE410/project/post_m3_Minor_Redesign/tb/tb_top.sv Line:256
Error: AXI MONITOR: core_C changed while core is idle
Time: 3415 ns  Iteration: 0  Process: /tb_top/u_mon//tb_top/u_mon  Scope: tb_top.u_mon  File: /run/media/sackb/Windows-SSD/Users/sackb/OneDrive/Desktop/University/Course_Work/2025-2026/Spring_2026/ECE_410/ECE410/project/post_m3_Minor_Redesign/tb/tb_top.sv Line: 257

Time: 3425 ns Started: 3415 ns Scope: /tb_top/u_mon File: /run/media/sackb/Windows-SSD/Users/sackb/OneDrive/Desktop/University/Course_Work/2025-2026/Spring_2026/ECE_410/ECE410/project/post_m3_Minor_Redesign/tb/tb_top.sv Line:256
Error: AXI MONITOR: core_C changed while core is idle
Time: 3425 ns  Iteration: 0  Process: /tb_top/u_mon//tb_top/u_mon  Scope: tb_top.u_mon  File: /run/media/sackb/Windows-SSD/Users/sackb/OneDrive/Desktop/University/Course_Work/2025-2026/Spring_2026/ECE_410/ECE410/project/post_m3_Minor_Redesign/tb/tb_top.sv Line: 257

Time: 3435 ns Started: 3425 ns Scope: /tb_top/u_mon File: /run/media/sackb/Windows-SSD/Users/sackb/OneDrive/Desktop/University/Course_Work/2025-2026/Spring_2026/ECE_410/ECE410/project/post_m3_Minor_Redesign/tb/tb_top.sv Line:256
Error: AXI MONITOR: core_C changed while core is idle
Time: 3435 ns  Iteration: 0  Process: /tb_top/u_mon//tb_top/u_mon  Scope: tb_top.u_mon  File: /run/media/sackb/Windows-SSD/Users/sackb/OneDrive/Desktop/University/Course_Work/2025-2026/Spring_2026/ECE_410/ECE410/project/post_m3_Minor_Redesign/tb/tb_top.sv Line: 257

Time: 3445 ns Started: 3435 ns Scope: /tb_top/u_mon File: /run/media/sackb/Windows-SSD/Users/sackb/OneDrive/Desktop/University/Course_Work/2025-2026/Spring_2026/ECE_410/ECE410/project/post_m3_Minor_Redesign/tb/tb_top.sv Line:256
Error: AXI MONITOR: core_C changed while core is idle
Time: 3445 ns  Iteration: 0  Process: /tb_top/u_mon//tb_top/u_mon  Scope: tb_top.u_mon  File: /run/media/sackb/Windows-SSD/Users/sackb/OneDrive/Desktop/University/Course_Work/2025-2026/Spring_2026/ECE_410/ECE410/project/post_m3_Minor_Redesign/tb/tb_top.sv Line: 257

Time: 3455 ns Started: 3445 ns Scope: /tb_top/u_mon File: /run/media/sackb/Windows-SSD/Users/sackb/OneDrive/Desktop/University/Course_Work/2025-2026/Spring_2026/ECE_410/ECE410/project/post_m3_Minor_Redesign/tb/tb_top.sv Line:256
Error: AXI MONITOR: core_C changed while core is idle
Time: 3455 ns  Iteration: 0  Process: /tb_top/u_mon//tb_top/u_mon  Scope: tb_top.u_mon  File: /run/media/sackb/Windows-SSD/Users/sackb/OneDrive/Desktop/University/Course_Work/2025-2026/Spring_2026/ECE_410/ECE410/project/post_m3_Minor_Redesign/tb/tb_top.sv Line: 257

Time: 3465 ns Started: 3455 ns Scope: /tb_top/u_mon File: /run/media/sackb/Windows-SSD/Users/sackb/OneDrive/Desktop/University/Course_Work/2025-2026/Spring_2026/ECE_410/ECE410/project/post_m3_Minor_Redesign/tb/tb_top.sv Line:256
Error: AXI MONITOR: core_C changed while core is idle
Time: 3465 ns  Iteration: 0  Process: /tb_top/u_mon//tb_top/u_mon  Scope: tb_top.u_mon  File: /run/media/sackb/Windows-SSD/Users/sackb/OneDrive/Desktop/University/Course_Work/2025-2026/Spring_2026/ECE_410/ECE410/project/post_m3_Minor_Redesign/tb/tb_top.sv Line: 257

Time: 3475 ns Started: 3465 ns Scope: /tb_top/u_mon File: /run/media/sackb/Windows-SSD/Users/sackb/OneDrive/Desktop/University/Course_Work/2025-2026/Spring_2026/ECE_410/ECE410/project/post_m3_Minor_Redesign/tb/tb_top.sv Line:256
Error: AXI MONITOR: core_C changed while core is idle
Time: 3475 ns  Iteration: 0  Process: /tb_top/u_mon//tb_top/u_mon  Scope: tb_top.u_mon  File: /run/media/sackb/Windows-SSD/Users/sackb/OneDrive/Desktop/University/Course_Work/2025-2026/Spring_2026/ECE_410/ECE410/project/post_m3_Minor_Redesign/tb/tb_top.sv Line: 257

Time: 3485 ns Started: 3475 ns Scope: /tb_top/u_mon File: /run/media/sackb/Windows-SSD/Users/sackb/OneDrive/Desktop/University/Course_Work/2025-2026/Spring_2026/ECE_410/ECE410/project/post_m3_Minor_Redesign/tb/tb_top.sv Line:256
Error: AXI MONITOR: core_C changed while core is idle
Time: 3485 ns  Iteration: 0  Process: /tb_top/u_mon//tb_top/u_mon  Scope: tb_top.u_mon  File: /run/media/sackb/Windows-SSD/Users/sackb/OneDrive/Desktop/University/Course_Work/2025-2026/Spring_2026/ECE_410/ECE410/project/post_m3_Minor_Redesign/tb/tb_top.sv Line: 257

Time: 3495 ns Started: 3485 ns Scope: /tb_top/u_mon File: /run/media/sackb/Windows-SSD/Users/sackb/OneDrive/Desktop/University/Course_Work/2025-2026/Spring_2026/ECE_410/ECE410/project/post_m3_Minor_Redesign/tb/tb_top.sv Line:256
Error: AXI MONITOR: core_C changed while core is idle
Time: 3495 ns  Iteration: 0  Process: /tb_top/u_mon//tb_top/u_mon  Scope: tb_top.u_mon  File: /run/media/sackb/Windows-SSD/Users/sackb/OneDrive/Desktop/University/Course_Work/2025-2026/Spring_2026/ECE_410/ECE410/project/post_m3_Minor_Redesign/tb/tb_top.sv Line: 257

Time: 3505 ns Started: 3495 ns Scope: /tb_top/u_mon File: /run/media/sackb/Windows-SSD/Users/sackb/OneDrive/Desktop/University/Course_Work/2025-2026/Spring_2026/ECE_410/ECE410/project/post_m3_Minor_Redesign/tb/tb_top.sv Line:256
Error: AXI MONITOR: core_C changed while core is idle
Time: 3505 ns  Iteration: 0  Process: /tb_top/u_mon//tb_top/u_mon  Scope: tb_top.u_mon  File: /run/media/sackb/Windows-SSD/Users/sackb/OneDrive/Desktop/University/Course_Work/2025-2026/Spring_2026/ECE_410/ECE410/project/post_m3_Minor_Redesign/tb/tb_top.sv Line: 257

Time: 3515 ns Started: 3505 ns Scope: /tb_top/u_mon File: /run/media/sackb/Windows-SSD/Users/sackb/OneDrive/Desktop/University/Course_Work/2025-2026/Spring_2026/ECE_410/ECE410/project/post_m3_Minor_Redesign/tb/tb_top.sv Line:256
Error: AXI MONITOR: core_C changed while core is idle
Time: 3515 ns  Iteration: 0  Process: /tb_top/u_mon//tb_top/u_mon  Scope: tb_top.u_mon  File: /run/media/sackb/Windows-SSD/Users/sackb/OneDrive/Desktop/University/Course_Work/2025-2026/Spring_2026/ECE_410/ECE410/project/post_m3_Minor_Redesign/tb/tb_top.sv Line: 257

Time: 3525 ns Started: 3515 ns Scope: /tb_top/u_mon File: /run/media/sackb/Windows-SSD/Users/sackb/OneDrive/Desktop/University/Course_Work/2025-2026/Spring_2026/ECE_410/ECE410/project/post_m3_Minor_Redesign/tb/tb_top.sv Line:256
Error: AXI MONITOR: core_C changed while core is idle
Time: 3525 ns  Iteration: 0  Process: /tb_top/u_mon//tb_top/u_mon  Scope: tb_top.u_mon  File: /run/media/sackb/Windows-SSD/Users/sackb/OneDrive/Desktop/University/Course_Work/2025-2026/Spring_2026/ECE_410/ECE410/project/post_m3_Minor_Redesign/tb/tb_top.sv Line: 257

Time: 3535 ns Started: 3525 ns Scope: /tb_top/u_mon File: /run/media/sackb/Windows-SSD/Users/sackb/OneDrive/Desktop/University/Course_Work/2025-2026/Spring_2026/ECE_410/ECE410/project/post_m3_Minor_Redesign/tb/tb_top.sv Line:256
Error: AXI MONITOR: core_C changed while core is idle
Time: 3535 ns  Iteration: 0  Process: /tb_top/u_mon//tb_top/u_mon  Scope: tb_top.u_mon  File: /run/media/sackb/Windows-SSD/Users/sackb/OneDrive/Desktop/University/Course_Work/2025-2026/Spring_2026/ECE_410/ECE410/project/post_m3_Minor_Redesign/tb/tb_top.sv Line: 257

Time: 3545 ns Started: 3535 ns Scope: /tb_top/u_mon File: /run/media/sackb/Windows-SSD/Users/sackb/OneDrive/Desktop/University/Course_Work/2025-2026/Spring_2026/ECE_410/ECE410/project/post_m3_Minor_Redesign/tb/tb_top.sv Line:256
Error: AXI MONITOR: core_C changed while core is idle
Time: 3545 ns  Iteration: 0  Process: /tb_top/u_mon//tb_top/u_mon  Scope: tb_top.u_mon  File: /run/media/sackb/Windows-SSD/Users/sackb/OneDrive/Desktop/University/Course_Work/2025-2026/Spring_2026/ECE_410/ECE410/project/post_m3_Minor_Redesign/tb/tb_top.sv Line: 257

Time: 3555 ns Started: 3545 ns Scope: /tb_top/u_mon File: /run/media/sackb/Windows-SSD/Users/sackb/OneDrive/Desktop/University/Course_Work/2025-2026/Spring_2026/ECE_410/ECE410/project/post_m3_Minor_Redesign/tb/tb_top.sv Line:256
Error: AXI MONITOR: core_C changed while core is idle
Time: 3555 ns  Iteration: 0  Process: /tb_top/u_mon//tb_top/u_mon  Scope: tb_top.u_mon  File: /run/media/sackb/Windows-SSD/Users/sackb/OneDrive/Desktop/University/Course_Work/2025-2026/Spring_2026/ECE_410/ECE410/project/post_m3_Minor_Redesign/tb/tb_top.sv Line: 257

Time: 3565 ns Started: 3555 ns Scope: /tb_top/u_mon File: /run/media/sackb/Windows-SSD/Users/sackb/OneDrive/Desktop/University/Course_Work/2025-2026/Spring_2026/ECE_410/ECE410/project/post_m3_Minor_Redesign/tb/tb_top.sv Line:256
Error: AXI MONITOR: core_C changed while core is idle
Time: 3565 ns  Iteration: 0  Process: /tb_top/u_mon//tb_top/u_mon  Scope: tb_top.u_mon  File: /run/media/sackb/Windows-SSD/Users/sackb/OneDrive/Desktop/University/Course_Work/2025-2026/Spring_2026/ECE_410/ECE410/project/post_m3_Minor_Redesign/tb/tb_top.sv Line: 257

Time: 3575 ns Started: 3565 ns Scope: /tb_top/u_mon File: /run/media/sackb/Windows-SSD/Users/sackb/OneDrive/Desktop/University/Course_Work/2025-2026/Spring_2026/ECE_410/ECE410/project/post_m3_Minor_Redesign/tb/tb_top.sv Line:256
Error: AXI MONITOR: core_C changed while core is idle
Time: 3575 ns  Iteration: 0  Process: /tb_top/u_mon//tb_top/u_mon  Scope: tb_top.u_mon  File: /run/media/sackb/Windows-SSD/Users/sackb/OneDrive/Desktop/University/Course_Work/2025-2026/Spring_2026/ECE_410/ECE410/project/post_m3_Minor_Redesign/tb/tb_top.sv Line: 257

Time: 3585 ns Started: 3575 ns Scope: /tb_top/u_mon File: /run/media/sackb/Windows-SSD/Users/sackb/OneDrive/Desktop/University/Course_Work/2025-2026/Spring_2026/ECE_410/ECE410/project/post_m3_Minor_Redesign/tb/tb_top.sv Line:256
Error: AXI MONITOR: core_C changed while core is idle
Time: 3585 ns  Iteration: 0  Process: /tb_top/u_mon//tb_top/u_mon  Scope: tb_top.u_mon  File: /run/media/sackb/Windows-SSD/Users/sackb/OneDrive/Desktop/University/Course_Work/2025-2026/Spring_2026/ECE_410/ECE410/project/post_m3_Minor_Redesign/tb/tb_top.sv Line: 257

Time: 3595 ns Started: 3585 ns Scope: /tb_top/u_mon File: /run/media/sackb/Windows-SSD/Users/sackb/OneDrive/Desktop/University/Course_Work/2025-2026/Spring_2026/ECE_410/ECE410/project/post_m3_Minor_Redesign/tb/tb_top.sv Line:256
Error: AXI MONITOR: core_C changed while core is idle
Time: 3595 ns  Iteration: 0  Process: /tb_top/u_mon//tb_top/u_mon  Scope: tb_top.u_mon  File: /run/media/sackb/Windows-SSD/Users/sackb/OneDrive/Desktop/University/Course_Work/2025-2026/Spring_2026/ECE_410/ECE410/project/post_m3_Minor_Redesign/tb/tb_top.sv Line: 257

Time: 3605 ns Started: 3595 ns Scope: /tb_top/u_mon File: /run/media/sackb/Windows-SSD/Users/sackb/OneDrive/Desktop/University/Course_Work/2025-2026/Spring_2026/ECE_410/ECE410/project/post_m3_Minor_Redesign/tb/tb_top.sv Line:256
Error: AXI MONITOR: core_C changed while core is idle
Time: 3605 ns  Iteration: 0  Process: /tb_top/u_mon//tb_top/u_mon  Scope: tb_top.u_mon  File: /run/media/sackb/Windows-SSD/Users/sackb/OneDrive/Desktop/University/Course_Work/2025-2026/Spring_2026/ECE_410/ECE410/project/post_m3_Minor_Redesign/tb/tb_top.sv Line: 257

Time: 3615 ns Started: 3605 ns Scope: /tb_top/u_mon File: /run/media/sackb/Windows-SSD/Users/sackb/OneDrive/Desktop/University/Course_Work/2025-2026/Spring_2026/ECE_410/ECE410/project/post_m3_Minor_Redesign/tb/tb_top.sv Line:256
Error: AXI MONITOR: core_C changed while core is idle
Time: 3615 ns  Iteration: 0  Process: /tb_top/u_mon//tb_top/u_mon  Scope: tb_top.u_mon  File: /run/media/sackb/Windows-SSD/Users/sackb/OneDrive/Desktop/University/Course_Work/2025-2026/Spring_2026/ECE_410/ECE410/project/post_m3_Minor_Redesign/tb/tb_top.sv Line: 257

Time: 3625 ns Started: 3615 ns Scope: /tb_top/u_mon File: /run/media/sackb/Windows-SSD/Users/sackb/OneDrive/Desktop/University/Course_Work/2025-2026/Spring_2026/ECE_410/ECE410/project/post_m3_Minor_Redesign/tb/tb_top.sv Line:256
Error: AXI MONITOR: core_C changed while core is idle
Time: 3625 ns  Iteration: 0  Process: /tb_top/u_mon//tb_top/u_mon  Scope: tb_top.u_mon  File: /run/media/sackb/Windows-SSD/Users/sackb/OneDrive/Desktop/University/Course_Work/2025-2026/Spring_2026/ECE_410/ECE410/project/post_m3_Minor_Redesign/tb/tb_top.sv Line: 257

Time: 3635 ns Started: 3625 ns Scope: /tb_top/u_mon File: /run/media/sackb/Windows-SSD/Users/sackb/OneDrive/Desktop/University/Course_Work/2025-2026/Spring_2026/ECE_410/ECE410/project/post_m3_Minor_Redesign/tb/tb_top.sv Line:256
Error: AXI MONITOR: core_C changed while core is idle
Time: 3635 ns  Iteration: 0  Process: /tb_top/u_mon//tb_top/u_mon  Scope: tb_top.u_mon  File: /run/media/sackb/Windows-SSD/Users/sackb/OneDrive/Desktop/University/Course_Work/2025-2026/Spring_2026/ECE_410/ECE410/project/post_m3_Minor_Redesign/tb/tb_top.sv Line: 257

Time: 3645 ns Started: 3635 ns Scope: /tb_top/u_mon File: /run/media/sackb/Windows-SSD/Users/sackb/OneDrive/Desktop/University/Course_Work/2025-2026/Spring_2026/ECE_410/ECE410/project/post_m3_Minor_Redesign/tb/tb_top.sv Line:256
Error: AXI MONITOR: core_C changed while core is idle
Time: 3645 ns  Iteration: 0  Process: /tb_top/u_mon//tb_top/u_mon  Scope: tb_top.u_mon  File: /run/media/sackb/Windows-SSD/Users/sackb/OneDrive/Desktop/University/Course_Work/2025-2026/Spring_2026/ECE_410/ECE410/project/post_m3_Minor_Redesign/tb/tb_top.sv Line: 257
TB_TOP: Iteration 1 complete
TB_TOP: Starting iteration 2

Time: 3655 ns Started: 3645 ns Scope: /tb_top/u_mon File: /run/media/sackb/Windows-SSD/Users/sackb/OneDrive/Desktop/University/Course_Work/2025-2026/Spring_2026/ECE_410/ECE410/project/post_m3_Minor_Redesign/tb/tb_top.sv Line:256
Error: AXI MONITOR: core_C changed while core is idle
Time: 3655 ns  Iteration: 0  Process: /tb_top/u_mon//tb_top/u_mon  Scope: tb_top.u_mon  File: /run/media/sackb/Windows-SSD/Users/sackb/OneDrive/Desktop/University/Course_Work/2025-2026/Spring_2026/ECE_410/ECE410/project/post_m3_Minor_Redesign/tb/tb_top.sv Line: 257

Time: 3665 ns Started: 3655 ns Scope: /tb_top/u_mon File: /run/media/sackb/Windows-SSD/Users/sackb/OneDrive/Desktop/University/Course_Work/2025-2026/Spring_2026/ECE_410/ECE410/project/post_m3_Minor_Redesign/tb/tb_top.sv Line:256
Error: AXI MONITOR: core_C changed while core is idle
Time: 3665 ns  Iteration: 0  Process: /tb_top/u_mon//tb_top/u_mon  Scope: tb_top.u_mon  File: /run/media/sackb/Windows-SSD/Users/sackb/OneDrive/Desktop/University/Course_Work/2025-2026/Spring_2026/ECE_410/ECE410/project/post_m3_Minor_Redesign/tb/tb_top.sv Line: 257

Time: 3675 ns Started: 3665 ns Scope: /tb_top/u_mon File: /run/media/sackb/Windows-SSD/Users/sackb/OneDrive/Desktop/University/Course_Work/2025-2026/Spring_2026/ECE_410/ECE410/project/post_m3_Minor_Redesign/tb/tb_top.sv Line:256
Error: AXI MONITOR: core_C changed while core is idle
Time: 3675 ns  Iteration: 0  Process: /tb_top/u_mon//tb_top/u_mon  Scope: tb_top.u_mon  File: /run/media/sackb/Windows-SSD/Users/sackb/OneDrive/Desktop/University/Course_Work/2025-2026/Spring_2026/ECE_410/ECE410/project/post_m3_Minor_Redesign/tb/tb_top.sv Line: 257

Time: 3685 ns Started: 3675 ns Scope: /tb_top/u_mon File: /run/media/sackb/Windows-SSD/Users/sackb/OneDrive/Desktop/University/Course_Work/2025-2026/Spring_2026/ECE_410/ECE410/project/post_m3_Minor_Redesign/tb/tb_top.sv Line:256
Error: AXI MONITOR: core_C changed while core is idle
Time: 3685 ns  Iteration: 0  Process: /tb_top/u_mon//tb_top/u_mon  Scope: tb_top.u_mon  File: /run/media/sackb/Windows-SSD/Users/sackb/OneDrive/Desktop/University/Course_Work/2025-2026/Spring_2026/ECE_410/ECE410/project/post_m3_Minor_Redesign/tb/tb_top.sv Line: 257

Time: 3695 ns Started: 3685 ns Scope: /tb_top/u_mon File: /run/media/sackb/Windows-SSD/Users/sackb/OneDrive/Desktop/University/Course_Work/2025-2026/Spring_2026/ECE_410/ECE410/project/post_m3_Minor_Redesign/tb/tb_top.sv Line:256
Error: AXI MONITOR: core_C changed while core is idle
Time: 3695 ns  Iteration: 0  Process: /tb_top/u_mon//tb_top/u_mon  Scope: tb_top.u_mon  File: /run/media/sackb/Windows-SSD/Users/sackb/OneDrive/Desktop/University/Course_Work/2025-2026/Spring_2026/ECE_410/ECE410/project/post_m3_Minor_Redesign/tb/tb_top.sv Line: 257

Time: 3705 ns Started: 3695 ns Scope: /tb_top/u_mon File: /run/media/sackb/Windows-SSD/Users/sackb/OneDrive/Desktop/University/Course_Work/2025-2026/Spring_2026/ECE_410/ECE410/project/post_m3_Minor_Redesign/tb/tb_top.sv Line:256
Error: AXI MONITOR: core_C changed while core is idle
Time: 3705 ns  Iteration: 0  Process: /tb_top/u_mon//tb_top/u_mon  Scope: tb_top.u_mon  File: /run/media/sackb/Windows-SSD/Users/sackb/OneDrive/Desktop/University/Course_Work/2025-2026/Spring_2026/ECE_410/ECE410/project/post_m3_Minor_Redesign/tb/tb_top.sv Line: 257

Time: 3715 ns Started: 3705 ns Scope: /tb_top/u_mon File: /run/media/sackb/Windows-SSD/Users/sackb/OneDrive/Desktop/University/Course_Work/2025-2026/Spring_2026/ECE_410/ECE410/project/post_m3_Minor_Redesign/tb/tb_top.sv Line:256
Error: AXI MONITOR: core_C changed while core is idle
Time: 3715 ns  Iteration: 0  Process: /tb_top/u_mon//tb_top/u_mon  Scope: tb_top.u_mon  File: /run/media/sackb/Windows-SSD/Users/sackb/OneDrive/Desktop/University/Course_Work/2025-2026/Spring_2026/ECE_410/ECE410/project/post_m3_Minor_Redesign/tb/tb_top.sv Line: 257

Time: 3725 ns Started: 3715 ns Scope: /tb_top/u_mon File: /run/media/sackb/Windows-SSD/Users/sackb/OneDrive/Desktop/University/Course_Work/2025-2026/Spring_2026/ECE_410/ECE410/project/post_m3_Minor_Redesign/tb/tb_top.sv Line:256
Error: AXI MONITOR: core_C changed while core is idle
Time: 3725 ns  Iteration: 0  Process: /tb_top/u_mon//tb_top/u_mon  Scope: tb_top.u_mon  File: /run/media/sackb/Windows-SSD/Users/sackb/OneDrive/Desktop/University/Course_Work/2025-2026/Spring_2026/ECE_410/ECE410/project/post_m3_Minor_Redesign/tb/tb_top.sv Line: 257

Time: 3735 ns Started: 3725 ns Scope: /tb_top/u_mon File: /run/media/sackb/Windows-SSD/Users/sackb/OneDrive/Desktop/University/Course_Work/2025-2026/Spring_2026/ECE_410/ECE410/project/post_m3_Minor_Redesign/tb/tb_top.sv Line:256
Error: AXI MONITOR: core_C changed while core is idle
Time: 3735 ns  Iteration: 0  Process: /tb_top/u_mon//tb_top/u_mon  Scope: tb_top.u_mon  File: /run/media/sackb/Windows-SSD/Users/sackb/OneDrive/Desktop/University/Course_Work/2025-2026/Spring_2026/ECE_410/ECE410/project/post_m3_Minor_Redesign/tb/tb_top.sv Line: 257

Time: 3745 ns Started: 3735 ns Scope: /tb_top/u_mon File: /run/media/sackb/Windows-SSD/Users/sackb/OneDrive/Desktop/University/Course_Work/2025-2026/Spring_2026/ECE_410/ECE410/project/post_m3_Minor_Redesign/tb/tb_top.sv Line:256
Error: AXI MONITOR: core_C changed while core is idle
Time: 3745 ns  Iteration: 0  Process: /tb_top/u_mon//tb_top/u_mon  Scope: tb_top.u_mon  File: /run/media/sackb/Windows-SSD/Users/sackb/OneDrive/Desktop/University/Course_Work/2025-2026/Spring_2026/ECE_410/ECE410/project/post_m3_Minor_Redesign/tb/tb_top.sv Line: 257

Time: 3755 ns Started: 3745 ns Scope: /tb_top/u_mon File: /run/media/sackb/Windows-SSD/Users/sackb/OneDrive/Desktop/University/Course_Work/2025-2026/Spring_2026/ECE_410/ECE410/project/post_m3_Minor_Redesign/tb/tb_top.sv Line:256
Error: AXI MONITOR: core_C changed while core is idle
Time: 3755 ns  Iteration: 0  Process: /tb_top/u_mon//tb_top/u_mon  Scope: tb_top.u_mon  File: /run/media/sackb/Windows-SSD/Users/sackb/OneDrive/Desktop/University/Course_Work/2025-2026/Spring_2026/ECE_410/ECE410/project/post_m3_Minor_Redesign/tb/tb_top.sv Line: 257

Time: 3765 ns Started: 3755 ns Scope: /tb_top/u_mon File: /run/media/sackb/Windows-SSD/Users/sackb/OneDrive/Desktop/University/Course_Work/2025-2026/Spring_2026/ECE_410/ECE410/project/post_m3_Minor_Redesign/tb/tb_top.sv Line:256
Error: AXI MONITOR: core_C changed while core is idle
Time: 3765 ns  Iteration: 0  Process: /tb_top/u_mon//tb_top/u_mon  Scope: tb_top.u_mon  File: /run/media/sackb/Windows-SSD/Users/sackb/OneDrive/Desktop/University/Course_Work/2025-2026/Spring_2026/ECE_410/ECE410/project/post_m3_Minor_Redesign/tb/tb_top.sv Line: 257

Time: 3775 ns Started: 3765 ns Scope: /tb_top/u_mon File: /run/media/sackb/Windows-SSD/Users/sackb/OneDrive/Desktop/University/Course_Work/2025-2026/Spring_2026/ECE_410/ECE410/project/post_m3_Minor_Redesign/tb/tb_top.sv Line:256
Error: AXI MONITOR: core_C changed while core is idle
Time: 3775 ns  Iteration: 0  Process: /tb_top/u_mon//tb_top/u_mon  Scope: tb_top.u_mon  File: /run/media/sackb/Windows-SSD/Users/sackb/OneDrive/Desktop/University/Course_Work/2025-2026/Spring_2026/ECE_410/ECE410/project/post_m3_Minor_Redesign/tb/tb_top.sv Line: 257

Time: 3785 ns Started: 3775 ns Scope: /tb_top/u_mon File: /run/media/sackb/Windows-SSD/Users/sackb/OneDrive/Desktop/University/Course_Work/2025-2026/Spring_2026/ECE_410/ECE410/project/post_m3_Minor_Redesign/tb/tb_top.sv Line:256
Error: AXI MONITOR: core_C changed while core is idle
Time: 3785 ns  Iteration: 0  Process: /tb_top/u_mon//tb_top/u_mon  Scope: tb_top.u_mon  File: /run/media/sackb/Windows-SSD/Users/sackb/OneDrive/Desktop/University/Course_Work/2025-2026/Spring_2026/ECE_410/ECE410/project/post_m3_Minor_Redesign/tb/tb_top.sv Line: 257

Time: 3795 ns Started: 3785 ns Scope: /tb_top/u_mon File: /run/media/sackb/Windows-SSD/Users/sackb/OneDrive/Desktop/University/Course_Work/2025-2026/Spring_2026/ECE_410/ECE410/project/post_m3_Minor_Redesign/tb/tb_top.sv Line:256
Error: AXI MONITOR: core_C changed while core is idle
Time: 3795 ns  Iteration: 0  Process: /tb_top/u_mon//tb_top/u_mon  Scope: tb_top.u_mon  File: /run/media/sackb/Windows-SSD/Users/sackb/OneDrive/Desktop/University/Course_Work/2025-2026/Spring_2026/ECE_410/ECE410/project/post_m3_Minor_Redesign/tb/tb_top.sv Line: 257

Time: 3805 ns Started: 3795 ns Scope: /tb_top/u_mon File: /run/media/sackb/Windows-SSD/Users/sackb/OneDrive/Desktop/University/Course_Work/2025-2026/Spring_2026/ECE_410/ECE410/project/post_m3_Minor_Redesign/tb/tb_top.sv Line:256
Error: AXI MONITOR: core_C changed while core is idle
Time: 3805 ns  Iteration: 0  Process: /tb_top/u_mon//tb_top/u_mon  Scope: tb_top.u_mon  File: /run/media/sackb/Windows-SSD/Users/sackb/OneDrive/Desktop/University/Course_Work/2025-2026/Spring_2026/ECE_410/ECE410/project/post_m3_Minor_Redesign/tb/tb_top.sv Line: 257

Time: 3815 ns Started: 3805 ns Scope: /tb_top/u_mon File: /run/media/sackb/Windows-SSD/Users/sackb/OneDrive/Desktop/University/Course_Work/2025-2026/Spring_2026/ECE_410/ECE410/project/post_m3_Minor_Redesign/tb/tb_top.sv Line:256
Error: AXI MONITOR: core_C changed while core is idle
Time: 3815 ns  Iteration: 0  Process: /tb_top/u_mon//tb_top/u_mon  Scope: tb_top.u_mon  File: /run/media/sackb/Windows-SSD/Users/sackb/OneDrive/Desktop/University/Course_Work/2025-2026/Spring_2026/ECE_410/ECE410/project/post_m3_Minor_Redesign/tb/tb_top.sv Line: 257

Time: 3825 ns Started: 3815 ns Scope: /tb_top/u_mon File: /run/media/sackb/Windows-SSD/Users/sackb/OneDrive/Desktop/University/Course_Work/2025-2026/Spring_2026/ECE_410/ECE410/project/post_m3_Minor_Redesign/tb/tb_top.sv Line:256
Error: AXI MONITOR: core_C changed while core is idle
Time: 3825 ns  Iteration: 0  Process: /tb_top/u_mon//tb_top/u_mon  Scope: tb_top.u_mon  File: /run/media/sackb/Windows-SSD/Users/sackb/OneDrive/Desktop/University/Course_Work/2025-2026/Spring_2026/ECE_410/ECE410/project/post_m3_Minor_Redesign/tb/tb_top.sv Line: 257

Time: 3835 ns Started: 3825 ns Scope: /tb_top/u_mon File: /run/media/sackb/Windows-SSD/Users/sackb/OneDrive/Desktop/University/Course_Work/2025-2026/Spring_2026/ECE_410/ECE410/project/post_m3_Minor_Redesign/tb/tb_top.sv Line:256
Error: AXI MONITOR: core_C changed while core is idle
Time: 3835 ns  Iteration: 0  Process: /tb_top/u_mon//tb_top/u_mon  Scope: tb_top.u_mon  File: /run/media/sackb/Windows-SSD/Users/sackb/OneDrive/Desktop/University/Course_Work/2025-2026/Spring_2026/ECE_410/ECE410/project/post_m3_Minor_Redesign/tb/tb_top.sv Line: 257

Time: 3845 ns Started: 3835 ns Scope: /tb_top/u_mon File: /run/media/sackb/Windows-SSD/Users/sackb/OneDrive/Desktop/University/Course_Work/2025-2026/Spring_2026/ECE_410/ECE410/project/post_m3_Minor_Redesign/tb/tb_top.sv Line:256
Error: AXI MONITOR: core_C changed while core is idle
Time: 3845 ns  Iteration: 0  Process: /tb_top/u_mon//tb_top/u_mon  Scope: tb_top.u_mon  File: /run/media/sackb/Windows-SSD/Users/sackb/OneDrive/Desktop/University/Course_Work/2025-2026/Spring_2026/ECE_410/ECE410/project/post_m3_Minor_Redesign/tb/tb_top.sv Line: 257

Time: 3855 ns Started: 3845 ns Scope: /tb_top/u_mon File: /run/media/sackb/Windows-SSD/Users/sackb/OneDrive/Desktop/University/Course_Work/2025-2026/Spring_2026/ECE_410/ECE410/project/post_m3_Minor_Redesign/tb/tb_top.sv Line:256
Error: AXI MONITOR: core_C changed while core is idle
Time: 3855 ns  Iteration: 0  Process: /tb_top/u_mon//tb_top/u_mon  Scope: tb_top.u_mon  File: /run/media/sackb/Windows-SSD/Users/sackb/OneDrive/Desktop/University/Course_Work/2025-2026/Spring_2026/ECE_410/ECE410/project/post_m3_Minor_Redesign/tb/tb_top.sv Line: 257

Time: 3865 ns Started: 3855 ns Scope: /tb_top/u_mon File: /run/media/sackb/Windows-SSD/Users/sackb/OneDrive/Desktop/University/Course_Work/2025-2026/Spring_2026/ECE_410/ECE410/project/post_m3_Minor_Redesign/tb/tb_top.sv Line:256
Error: AXI MONITOR: core_C changed while core is idle
Time: 3865 ns  Iteration: 0  Process: /tb_top/u_mon//tb_top/u_mon  Scope: tb_top.u_mon  File: /run/media/sackb/Windows-SSD/Users/sackb/OneDrive/Desktop/University/Course_Work/2025-2026/Spring_2026/ECE_410/ECE410/project/post_m3_Minor_Redesign/tb/tb_top.sv Line: 257

Time: 3875 ns Started: 3865 ns Scope: /tb_top/u_mon File: /run/media/sackb/Windows-SSD/Users/sackb/OneDrive/Desktop/University/Course_Work/2025-2026/Spring_2026/ECE_410/ECE410/project/post_m3_Minor_Redesign/tb/tb_top.sv Line:256
Error: AXI MONITOR: core_C changed while core is idle
Time: 3875 ns  Iteration: 0  Process: /tb_top/u_mon//tb_top/u_mon  Scope: tb_top.u_mon  File: /run/media/sackb/Windows-SSD/Users/sackb/OneDrive/Desktop/University/Course_Work/2025-2026/Spring_2026/ECE_410/ECE410/project/post_m3_Minor_Redesign/tb/tb_top.sv Line: 257

Time: 3885 ns Started: 3875 ns Scope: /tb_top/u_mon File: /run/media/sackb/Windows-SSD/Users/sackb/OneDrive/Desktop/University/Course_Work/2025-2026/Spring_2026/ECE_410/ECE410/project/post_m3_Minor_Redesign/tb/tb_top.sv Line:256
Error: AXI MONITOR: core_C changed while core is idle
Time: 3885 ns  Iteration: 0  Process: /tb_top/u_mon//tb_top/u_mon  Scope: tb_top.u_mon  File: /run/media/sackb/Windows-SSD/Users/sackb/OneDrive/Desktop/University/Course_Work/2025-2026/Spring_2026/ECE_410/ECE410/project/post_m3_Minor_Redesign/tb/tb_top.sv Line: 257

Time: 3895 ns Started: 3885 ns Scope: /tb_top/u_mon File: /run/media/sackb/Windows-SSD/Users/sackb/OneDrive/Desktop/University/Course_Work/2025-2026/Spring_2026/ECE_410/ECE410/project/post_m3_Minor_Redesign/tb/tb_top.sv Line:256
Error: AXI MONITOR: core_C changed while core is idle
Time: 3895 ns  Iteration: 0  Process: /tb_top/u_mon//tb_top/u_mon  Scope: tb_top.u_mon  File: /run/media/sackb/Windows-SSD/Users/sackb/OneDrive/Desktop/University/Course_Work/2025-2026/Spring_2026/ECE_410/ECE410/project/post_m3_Minor_Redesign/tb/tb_top.sv Line: 257

Time: 3905 ns Started: 3895 ns Scope: /tb_top/u_mon File: /run/media/sackb/Windows-SSD/Users/sackb/OneDrive/Desktop/University/Course_Work/2025-2026/Spring_2026/ECE_410/ECE410/project/post_m3_Minor_Redesign/tb/tb_top.sv Line:256
Error: AXI MONITOR: core_C changed while core is idle
Time: 3905 ns  Iteration: 0  Process: /tb_top/u_mon//tb_top/u_mon  Scope: tb_top.u_mon  File: /run/media/sackb/Windows-SSD/Users/sackb/OneDrive/Desktop/University/Course_Work/2025-2026/Spring_2026/ECE_410/ECE410/project/post_m3_Minor_Redesign/tb/tb_top.sv Line: 257

Time: 3915 ns Started: 3905 ns Scope: /tb_top/u_mon File: /run/media/sackb/Windows-SSD/Users/sackb/OneDrive/Desktop/University/Course_Work/2025-2026/Spring_2026/ECE_410/ECE410/project/post_m3_Minor_Redesign/tb/tb_top.sv Line:256
Error: AXI MONITOR: core_C changed while core is idle
Time: 3915 ns  Iteration: 0  Process: /tb_top/u_mon//tb_top/u_mon  Scope: tb_top.u_mon  File: /run/media/sackb/Windows-SSD/Users/sackb/OneDrive/Desktop/University/Course_Work/2025-2026/Spring_2026/ECE_410/ECE410/project/post_m3_Minor_Redesign/tb/tb_top.sv Line: 257

Time: 3925 ns Started: 3915 ns Scope: /tb_top/u_mon File: /run/media/sackb/Windows-SSD/Users/sackb/OneDrive/Desktop/University/Course_Work/2025-2026/Spring_2026/ECE_410/ECE410/project/post_m3_Minor_Redesign/tb/tb_top.sv Line:256
Error: AXI MONITOR: core_C changed while core is idle
Time: 3925 ns  Iteration: 0  Process: /tb_top/u_mon//tb_top/u_mon  Scope: tb_top.u_mon  File: /run/media/sackb/Windows-SSD/Users/sackb/OneDrive/Desktop/University/Course_Work/2025-2026/Spring_2026/ECE_410/ECE410/project/post_m3_Minor_Redesign/tb/tb_top.sv Line: 257

Time: 3935 ns Started: 3925 ns Scope: /tb_top/u_mon File: /run/media/sackb/Windows-SSD/Users/sackb/OneDrive/Desktop/University/Course_Work/2025-2026/Spring_2026/ECE_410/ECE410/project/post_m3_Minor_Redesign/tb/tb_top.sv Line:256
Error: AXI MONITOR: core_C changed while core is idle
Time: 3935 ns  Iteration: 0  Process: /tb_top/u_mon//tb_top/u_mon  Scope: tb_top.u_mon  File: /run/media/sackb/Windows-SSD/Users/sackb/OneDrive/Desktop/University/Course_Work/2025-2026/Spring_2026/ECE_410/ECE410/project/post_m3_Minor_Redesign/tb/tb_top.sv Line: 257

Time: 3945 ns Started: 3935 ns Scope: /tb_top/u_mon File: /run/media/sackb/Windows-SSD/Users/sackb/OneDrive/Desktop/University/Course_Work/2025-2026/Spring_2026/ECE_410/ECE410/project/post_m3_Minor_Redesign/tb/tb_top.sv Line:256
Error: AXI MONITOR: core_C changed while core is idle
Time: 3945 ns  Iteration: 0  Process: /tb_top/u_mon//tb_top/u_mon  Scope: tb_top.u_mon  File: /run/media/sackb/Windows-SSD/Users/sackb/OneDrive/Desktop/University/Course_Work/2025-2026/Spring_2026/ECE_410/ECE410/project/post_m3_Minor_Redesign/tb/tb_top.sv Line: 257

Time: 3955 ns Started: 3945 ns Scope: /tb_top/u_mon File: /run/media/sackb/Windows-SSD/Users/sackb/OneDrive/Desktop/University/Course_Work/2025-2026/Spring_2026/ECE_410/ECE410/project/post_m3_Minor_Redesign/tb/tb_top.sv Line:256
Error: AXI MONITOR: core_C changed while core is idle
Time: 3955 ns  Iteration: 0  Process: /tb_top/u_mon//tb_top/u_mon  Scope: tb_top.u_mon  File: /run/media/sackb/Windows-SSD/Users/sackb/OneDrive/Desktop/University/Course_Work/2025-2026/Spring_2026/ECE_410/ECE410/project/post_m3_Minor_Redesign/tb/tb_top.sv Line: 257

Time: 3965 ns Started: 3955 ns Scope: /tb_top/u_mon File: /run/media/sackb/Windows-SSD/Users/sackb/OneDrive/Desktop/University/Course_Work/2025-2026/Spring_2026/ECE_410/ECE410/project/post_m3_Minor_Redesign/tb/tb_top.sv Line:256
Error: AXI MONITOR: core_C changed while core is idle
Time: 3965 ns  Iteration: 0  Process: /tb_top/u_mon//tb_top/u_mon  Scope: tb_top.u_mon  File: /run/media/sackb/Windows-SSD/Users/sackb/OneDrive/Desktop/University/Course_Work/2025-2026/Spring_2026/ECE_410/ECE410/project/post_m3_Minor_Redesign/tb/tb_top.sv Line: 257

Time: 3975 ns Started: 3965 ns Scope: /tb_top/u_mon File: /run/media/sackb/Windows-SSD/Users/sackb/OneDrive/Desktop/University/Course_Work/2025-2026/Spring_2026/ECE_410/ECE410/project/post_m3_Minor_Redesign/tb/tb_top.sv Line:256
Error: AXI MONITOR: core_C changed while core is idle
Time: 3975 ns  Iteration: 0  Process: /tb_top/u_mon//tb_top/u_mon  Scope: tb_top.u_mon  File: /run/media/sackb/Windows-SSD/Users/sackb/OneDrive/Desktop/University/Course_Work/2025-2026/Spring_2026/ECE_410/ECE410/project/post_m3_Minor_Redesign/tb/tb_top.sv Line: 257

Time: 3985 ns Started: 3975 ns Scope: /tb_top/u_mon File: /run/media/sackb/Windows-SSD/Users/sackb/OneDrive/Desktop/University/Course_Work/2025-2026/Spring_2026/ECE_410/ECE410/project/post_m3_Minor_Redesign/tb/tb_top.sv Line:256
Error: AXI MONITOR: core_C changed while core is idle
Time: 3985 ns  Iteration: 0  Process: /tb_top/u_mon//tb_top/u_mon  Scope: tb_top.u_mon  File: /run/media/sackb/Windows-SSD/Users/sackb/OneDrive/Desktop/University/Course_Work/2025-2026/Spring_2026/ECE_410/ECE410/project/post_m3_Minor_Redesign/tb/tb_top.sv Line: 257

Time: 3995 ns Started: 3985 ns Scope: /tb_top/u_mon File: /run/media/sackb/Windows-SSD/Users/sackb/OneDrive/Desktop/University/Course_Work/2025-2026/Spring_2026/ECE_410/ECE410/project/post_m3_Minor_Redesign/tb/tb_top.sv Line:256
Error: AXI MONITOR: core_C changed while core is idle
Time: 3995 ns  Iteration: 0  Process: /tb_top/u_mon//tb_top/u_mon  Scope: tb_top.u_mon  File: /run/media/sackb/Windows-SSD/Users/sackb/OneDrive/Desktop/University/Course_Work/2025-2026/Spring_2026/ECE_410/ECE410/project/post_m3_Minor_Redesign/tb/tb_top.sv Line: 257

Time: 4005 ns Started: 3995 ns Scope: /tb_top/u_mon File: /run/media/sackb/Windows-SSD/Users/sackb/OneDrive/Desktop/University/Course_Work/2025-2026/Spring_2026/ECE_410/ECE410/project/post_m3_Minor_Redesign/tb/tb_top.sv Line:256
Error: AXI MONITOR: core_C changed while core is idle
Time: 4005 ns  Iteration: 0  Process: /tb_top/u_mon//tb_top/u_mon  Scope: tb_top.u_mon  File: /run/media/sackb/Windows-SSD/Users/sackb/OneDrive/Desktop/University/Course_Work/2025-2026/Spring_2026/ECE_410/ECE410/project/post_m3_Minor_Redesign/tb/tb_top.sv Line: 257

Time: 4015 ns Started: 4005 ns Scope: /tb_top/u_mon File: /run/media/sackb/Windows-SSD/Users/sackb/OneDrive/Desktop/University/Course_Work/2025-2026/Spring_2026/ECE_410/ECE410/project/post_m3_Minor_Redesign/tb/tb_top.sv Line:256
Error: AXI MONITOR: core_C changed while core is idle
Time: 4015 ns  Iteration: 0  Process: /tb_top/u_mon//tb_top/u_mon  Scope: tb_top.u_mon  File: /run/media/sackb/Windows-SSD/Users/sackb/OneDrive/Desktop/University/Course_Work/2025-2026/Spring_2026/ECE_410/ECE410/project/post_m3_Minor_Redesign/tb/tb_top.sv Line: 257

Time: 4025 ns Started: 4015 ns Scope: /tb_top/u_mon File: /run/media/sackb/Windows-SSD/Users/sackb/OneDrive/Desktop/University/Course_Work/2025-2026/Spring_2026/ECE_410/ECE410/project/post_m3_Minor_Redesign/tb/tb_top.sv Line:256
Error: AXI MONITOR: core_C changed while core is idle
Time: 4025 ns  Iteration: 0  Process: /tb_top/u_mon//tb_top/u_mon  Scope: tb_top.u_mon  File: /run/media/sackb/Windows-SSD/Users/sackb/OneDrive/Desktop/University/Course_Work/2025-2026/Spring_2026/ECE_410/ECE410/project/post_m3_Minor_Redesign/tb/tb_top.sv Line: 257

Time: 4035 ns Started: 4025 ns Scope: /tb_top/u_mon File: /run/media/sackb/Windows-SSD/Users/sackb/OneDrive/Desktop/University/Course_Work/2025-2026/Spring_2026/ECE_410/ECE410/project/post_m3_Minor_Redesign/tb/tb_top.sv Line:256
Error: AXI MONITOR: core_C changed while core is idle
Time: 4035 ns  Iteration: 0  Process: /tb_top/u_mon//tb_top/u_mon  Scope: tb_top.u_mon  File: /run/media/sackb/Windows-SSD/Users/sackb/OneDrive/Desktop/University/Course_Work/2025-2026/Spring_2026/ECE_410/ECE410/project/post_m3_Minor_Redesign/tb/tb_top.sv Line: 257

Time: 4045 ns Started: 4035 ns Scope: /tb_top/u_mon File: /run/media/sackb/Windows-SSD/Users/sackb/OneDrive/Desktop/University/Course_Work/2025-2026/Spring_2026/ECE_410/ECE410/project/post_m3_Minor_Redesign/tb/tb_top.sv Line:256
Error: AXI MONITOR: core_C changed while core is idle
Time: 4045 ns  Iteration: 0  Process: /tb_top/u_mon//tb_top/u_mon  Scope: tb_top.u_mon  File: /run/media/sackb/Windows-SSD/Users/sackb/OneDrive/Desktop/University/Course_Work/2025-2026/Spring_2026/ECE_410/ECE410/project/post_m3_Minor_Redesign/tb/tb_top.sv Line: 257

Time: 4055 ns Started: 4045 ns Scope: /tb_top/u_mon File: /run/media/sackb/Windows-SSD/Users/sackb/OneDrive/Desktop/University/Course_Work/2025-2026/Spring_2026/ECE_410/ECE410/project/post_m3_Minor_Redesign/tb/tb_top.sv Line:256
Error: AXI MONITOR: core_C changed while core is idle
Time: 4055 ns  Iteration: 0  Process: /tb_top/u_mon//tb_top/u_mon  Scope: tb_top.u_mon  File: /run/media/sackb/Windows-SSD/Users/sackb/OneDrive/Desktop/University/Course_Work/2025-2026/Spring_2026/ECE_410/ECE410/project/post_m3_Minor_Redesign/tb/tb_top.sv Line: 257

Time: 4065 ns Started: 4055 ns Scope: /tb_top/u_mon File: /run/media/sackb/Windows-SSD/Users/sackb/OneDrive/Desktop/University/Course_Work/2025-2026/Spring_2026/ECE_410/ECE410/project/post_m3_Minor_Redesign/tb/tb_top.sv Line:256
Error: AXI MONITOR: core_C changed while core is idle
Time: 4065 ns  Iteration: 0  Process: /tb_top/u_mon//tb_top/u_mon  Scope: tb_top.u_mon  File: /run/media/sackb/Windows-SSD/Users/sackb/OneDrive/Desktop/University/Course_Work/2025-2026/Spring_2026/ECE_410/ECE410/project/post_m3_Minor_Redesign/tb/tb_top.sv Line: 257

Time: 4075 ns Started: 4065 ns Scope: /tb_top/u_mon File: /run/media/sackb/Windows-SSD/Users/sackb/OneDrive/Desktop/University/Course_Work/2025-2026/Spring_2026/ECE_410/ECE410/project/post_m3_Minor_Redesign/tb/tb_top.sv Line:256
Error: AXI MONITOR: core_C changed while core is idle
Time: 4075 ns  Iteration: 0  Process: /tb_top/u_mon//tb_top/u_mon  Scope: tb_top.u_mon  File: /run/media/sackb/Windows-SSD/Users/sackb/OneDrive/Desktop/University/Course_Work/2025-2026/Spring_2026/ECE_410/ECE410/project/post_m3_Minor_Redesign/tb/tb_top.sv Line: 257

Time: 4085 ns Started: 4075 ns Scope: /tb_top/u_mon File: /run/media/sackb/Windows-SSD/Users/sackb/OneDrive/Desktop/University/Course_Work/2025-2026/Spring_2026/ECE_410/ECE410/project/post_m3_Minor_Redesign/tb/tb_top.sv Line:256
Error: AXI MONITOR: core_C changed while core is idle
Time: 4085 ns  Iteration: 0  Process: /tb_top/u_mon//tb_top/u_mon  Scope: tb_top.u_mon  File: /run/media/sackb/Windows-SSD/Users/sackb/OneDrive/Desktop/University/Course_Work/2025-2026/Spring_2026/ECE_410/ECE410/project/post_m3_Minor_Redesign/tb/tb_top.sv Line: 257

Time: 4095 ns Started: 4085 ns Scope: /tb_top/u_mon File: /run/media/sackb/Windows-SSD/Users/sackb/OneDrive/Desktop/University/Course_Work/2025-2026/Spring_2026/ECE_410/ECE410/project/post_m3_Minor_Redesign/tb/tb_top.sv Line:256
Error: AXI MONITOR: core_C changed while core is idle
Time: 4095 ns  Iteration: 0  Process: /tb_top/u_mon//tb_top/u_mon  Scope: tb_top.u_mon  File: /run/media/sackb/Windows-SSD/Users/sackb/OneDrive/Desktop/University/Course_Work/2025-2026/Spring_2026/ECE_410/ECE410/project/post_m3_Minor_Redesign/tb/tb_top.sv Line: 257

Time: 4105 ns Started: 4095 ns Scope: /tb_top/u_mon File: /run/media/sackb/Windows-SSD/Users/sackb/OneDrive/Desktop/University/Course_Work/2025-2026/Spring_2026/ECE_410/ECE410/project/post_m3_Minor_Redesign/tb/tb_top.sv Line:256
Error: AXI MONITOR: core_C changed while core is idle
Time: 4105 ns  Iteration: 0  Process: /tb_top/u_mon//tb_top/u_mon  Scope: tb_top.u_mon  File: /run/media/sackb/Windows-SSD/Users/sackb/OneDrive/Desktop/University/Course_Work/2025-2026/Spring_2026/ECE_410/ECE410/project/post_m3_Minor_Redesign/tb/tb_top.sv Line: 257

Time: 4115 ns Started: 4105 ns Scope: /tb_top/u_mon File: /run/media/sackb/Windows-SSD/Users/sackb/OneDrive/Desktop/University/Course_Work/2025-2026/Spring_2026/ECE_410/ECE410/project/post_m3_Minor_Redesign/tb/tb_top.sv Line:256
Error: AXI MONITOR: core_C changed while core is idle
Time: 4115 ns  Iteration: 0  Process: /tb_top/u_mon//tb_top/u_mon  Scope: tb_top.u_mon  File: /run/media/sackb/Windows-SSD/Users/sackb/OneDrive/Desktop/University/Course_Work/2025-2026/Spring_2026/ECE_410/ECE410/project/post_m3_Minor_Redesign/tb/tb_top.sv Line: 257

Time: 4125 ns Started: 4115 ns Scope: /tb_top/u_mon File: /run/media/sackb/Windows-SSD/Users/sackb/OneDrive/Desktop/University/Course_Work/2025-2026/Spring_2026/ECE_410/ECE410/project/post_m3_Minor_Redesign/tb/tb_top.sv Line:256
Error: AXI MONITOR: core_C changed while core is idle
Time: 4125 ns  Iteration: 0  Process: /tb_top/u_mon//tb_top/u_mon  Scope: tb_top.u_mon  File: /run/media/sackb/Windows-SSD/Users/sackb/OneDrive/Desktop/University/Course_Work/2025-2026/Spring_2026/ECE_410/ECE410/project/post_m3_Minor_Redesign/tb/tb_top.sv Line: 257

Time: 4135 ns Started: 4125 ns Scope: /tb_top/u_mon File: /run/media/sackb/Windows-SSD/Users/sackb/OneDrive/Desktop/University/Course_Work/2025-2026/Spring_2026/ECE_410/ECE410/project/post_m3_Minor_Redesign/tb/tb_top.sv Line:256
Error: AXI MONITOR: core_C changed while core is idle
Time: 4135 ns  Iteration: 0  Process: /tb_top/u_mon//tb_top/u_mon  Scope: tb_top.u_mon  File: /run/media/sackb/Windows-SSD/Users/sackb/OneDrive/Desktop/University/Course_Work/2025-2026/Spring_2026/ECE_410/ECE410/project/post_m3_Minor_Redesign/tb/tb_top.sv Line: 257

Time: 4145 ns Started: 4135 ns Scope: /tb_top/u_mon File: /run/media/sackb/Windows-SSD/Users/sackb/OneDrive/Desktop/University/Course_Work/2025-2026/Spring_2026/ECE_410/ECE410/project/post_m3_Minor_Redesign/tb/tb_top.sv Line:256
Error: AXI MONITOR: core_C changed while core is idle
Time: 4145 ns  Iteration: 0  Process: /tb_top/u_mon//tb_top/u_mon  Scope: tb_top.u_mon  File: /run/media/sackb/Windows-SSD/Users/sackb/OneDrive/Desktop/University/Course_Work/2025-2026/Spring_2026/ECE_410/ECE410/project/post_m3_Minor_Redesign/tb/tb_top.sv Line: 257

Time: 4155 ns Started: 4145 ns Scope: /tb_top/u_mon File: /run/media/sackb/Windows-SSD/Users/sackb/OneDrive/Desktop/University/Course_Work/2025-2026/Spring_2026/ECE_410/ECE410/project/post_m3_Minor_Redesign/tb/tb_top.sv Line:256
Error: AXI MONITOR: core_C changed while core is idle
Time: 4155 ns  Iteration: 0  Process: /tb_top/u_mon//tb_top/u_mon  Scope: tb_top.u_mon  File: /run/media/sackb/Windows-SSD/Users/sackb/OneDrive/Desktop/University/Course_Work/2025-2026/Spring_2026/ECE_410/ECE410/project/post_m3_Minor_Redesign/tb/tb_top.sv Line: 257

Time: 4165 ns Started: 4155 ns Scope: /tb_top/u_mon File: /run/media/sackb/Windows-SSD/Users/sackb/OneDrive/Desktop/University/Course_Work/2025-2026/Spring_2026/ECE_410/ECE410/project/post_m3_Minor_Redesign/tb/tb_top.sv Line:256
Error: AXI MONITOR: core_C changed while core is idle
Time: 4165 ns  Iteration: 0  Process: /tb_top/u_mon//tb_top/u_mon  Scope: tb_top.u_mon  File: /run/media/sackb/Windows-SSD/Users/sackb/OneDrive/Desktop/University/Course_Work/2025-2026/Spring_2026/ECE_410/ECE410/project/post_m3_Minor_Redesign/tb/tb_top.sv Line: 257

Time: 4175 ns Started: 4165 ns Scope: /tb_top/u_mon File: /run/media/sackb/Windows-SSD/Users/sackb/OneDrive/Desktop/University/Course_Work/2025-2026/Spring_2026/ECE_410/ECE410/project/post_m3_Minor_Redesign/tb/tb_top.sv Line:256
Error: AXI MONITOR: core_C changed while core is idle
Time: 4175 ns  Iteration: 0  Process: /tb_top/u_mon//tb_top/u_mon  Scope: tb_top.u_mon  File: /run/media/sackb/Windows-SSD/Users/sackb/OneDrive/Desktop/University/Course_Work/2025-2026/Spring_2026/ECE_410/ECE410/project/post_m3_Minor_Redesign/tb/tb_top.sv Line: 257

Time: 4185 ns Started: 4175 ns Scope: /tb_top/u_mon File: /run/media/sackb/Windows-SSD/Users/sackb/OneDrive/Desktop/University/Course_Work/2025-2026/Spring_2026/ECE_410/ECE410/project/post_m3_Minor_Redesign/tb/tb_top.sv Line:256
Error: AXI MONITOR: core_C changed while core is idle
Time: 4185 ns  Iteration: 0  Process: /tb_top/u_mon//tb_top/u_mon  Scope: tb_top.u_mon  File: /run/media/sackb/Windows-SSD/Users/sackb/OneDrive/Desktop/University/Course_Work/2025-2026/Spring_2026/ECE_410/ECE410/project/post_m3_Minor_Redesign/tb/tb_top.sv Line: 257

Time: 4195 ns Started: 4185 ns Scope: /tb_top/u_mon File: /run/media/sackb/Windows-SSD/Users/sackb/OneDrive/Desktop/University/Course_Work/2025-2026/Spring_2026/ECE_410/ECE410/project/post_m3_Minor_Redesign/tb/tb_top.sv Line:256
Error: AXI MONITOR: core_C changed while core is idle
Time: 4195 ns  Iteration: 0  Process: /tb_top/u_mon//tb_top/u_mon  Scope: tb_top.u_mon  File: /run/media/sackb/Windows-SSD/Users/sackb/OneDrive/Desktop/University/Course_Work/2025-2026/Spring_2026/ECE_410/ECE410/project/post_m3_Minor_Redesign/tb/tb_top.sv Line: 257

Time: 4205 ns Started: 4195 ns Scope: /tb_top/u_mon File: /run/media/sackb/Windows-SSD/Users/sackb/OneDrive/Desktop/University/Course_Work/2025-2026/Spring_2026/ECE_410/ECE410/project/post_m3_Minor_Redesign/tb/tb_top.sv Line:256
Error: AXI MONITOR: core_C changed while core is idle
Time: 4205 ns  Iteration: 0  Process: /tb_top/u_mon//tb_top/u_mon  Scope: tb_top.u_mon  File: /run/media/sackb/Windows-SSD/Users/sackb/OneDrive/Desktop/University/Course_Work/2025-2026/Spring_2026/ECE_410/ECE410/project/post_m3_Minor_Redesign/tb/tb_top.sv Line: 257

Time: 4215 ns Started: 4205 ns Scope: /tb_top/u_mon File: /run/media/sackb/Windows-SSD/Users/sackb/OneDrive/Desktop/University/Course_Work/2025-2026/Spring_2026/ECE_410/ECE410/project/post_m3_Minor_Redesign/tb/tb_top.sv Line:256
Error: AXI MONITOR: core_C changed while core is idle
Time: 4215 ns  Iteration: 0  Process: /tb_top/u_mon//tb_top/u_mon  Scope: tb_top.u_mon  File: /run/media/sackb/Windows-SSD/Users/sackb/OneDrive/Desktop/University/Course_Work/2025-2026/Spring_2026/ECE_410/ECE410/project/post_m3_Minor_Redesign/tb/tb_top.sv Line: 257

Time: 4225 ns Started: 4215 ns Scope: /tb_top/u_mon File: /run/media/sackb/Windows-SSD/Users/sackb/OneDrive/Desktop/University/Course_Work/2025-2026/Spring_2026/ECE_410/ECE410/project/post_m3_Minor_Redesign/tb/tb_top.sv Line:256
Error: AXI MONITOR: core_C changed while core is idle
Time: 4225 ns  Iteration: 0  Process: /tb_top/u_mon//tb_top/u_mon  Scope: tb_top.u_mon  File: /run/media/sackb/Windows-SSD/Users/sackb/OneDrive/Desktop/University/Course_Work/2025-2026/Spring_2026/ECE_410/ECE410/project/post_m3_Minor_Redesign/tb/tb_top.sv Line: 257

Time: 4235 ns Started: 4225 ns Scope: /tb_top/u_mon File: /run/media/sackb/Windows-SSD/Users/sackb/OneDrive/Desktop/University/Course_Work/2025-2026/Spring_2026/ECE_410/ECE410/project/post_m3_Minor_Redesign/tb/tb_top.sv Line:256
Error: AXI MONITOR: core_C changed while core is idle
Time: 4235 ns  Iteration: 0  Process: /tb_top/u_mon//tb_top/u_mon  Scope: tb_top.u_mon  File: /run/media/sackb/Windows-SSD/Users/sackb/OneDrive/Desktop/University/Course_Work/2025-2026/Spring_2026/ECE_410/ECE410/project/post_m3_Minor_Redesign/tb/tb_top.sv Line: 257

Time: 4245 ns Started: 4235 ns Scope: /tb_top/u_mon File: /run/media/sackb/Windows-SSD/Users/sackb/OneDrive/Desktop/University/Course_Work/2025-2026/Spring_2026/ECE_410/ECE410/project/post_m3_Minor_Redesign/tb/tb_top.sv Line:256
Error: AXI MONITOR: core_C changed while core is idle
Time: 4245 ns  Iteration: 0  Process: /tb_top/u_mon//tb_top/u_mon  Scope: tb_top.u_mon  File: /run/media/sackb/Windows-SSD/Users/sackb/OneDrive/Desktop/University/Course_Work/2025-2026/Spring_2026/ECE_410/ECE410/project/post_m3_Minor_Redesign/tb/tb_top.sv Line: 257

Time: 4255 ns Started: 4245 ns Scope: /tb_top/u_mon File: /run/media/sackb/Windows-SSD/Users/sackb/OneDrive/Desktop/University/Course_Work/2025-2026/Spring_2026/ECE_410/ECE410/project/post_m3_Minor_Redesign/tb/tb_top.sv Line:256
Error: AXI MONITOR: core_C changed while core is idle
Time: 4255 ns  Iteration: 0  Process: /tb_top/u_mon//tb_top/u_mon  Scope: tb_top.u_mon  File: /run/media/sackb/Windows-SSD/Users/sackb/OneDrive/Desktop/University/Course_Work/2025-2026/Spring_2026/ECE_410/ECE410/project/post_m3_Minor_Redesign/tb/tb_top.sv Line: 257

Time: 4265 ns Started: 4255 ns Scope: /tb_top/u_mon File: /run/media/sackb/Windows-SSD/Users/sackb/OneDrive/Desktop/University/Course_Work/2025-2026/Spring_2026/ECE_410/ECE410/project/post_m3_Minor_Redesign/tb/tb_top.sv Line:256
Error: AXI MONITOR: core_C changed while core is idle
Time: 4265 ns  Iteration: 0  Process: /tb_top/u_mon//tb_top/u_mon  Scope: tb_top.u_mon  File: /run/media/sackb/Windows-SSD/Users/sackb/OneDrive/Desktop/University/Course_Work/2025-2026/Spring_2026/ECE_410/ECE410/project/post_m3_Minor_Redesign/tb/tb_top.sv Line: 257

Time: 4275 ns Started: 4265 ns Scope: /tb_top/u_mon File: /run/media/sackb/Windows-SSD/Users/sackb/OneDrive/Desktop/University/Course_Work/2025-2026/Spring_2026/ECE_410/ECE410/project/post_m3_Minor_Redesign/tb/tb_top.sv Line:256
Error: AXI MONITOR: core_C changed while core is idle
Time: 4275 ns  Iteration: 0  Process: /tb_top/u_mon//tb_top/u_mon  Scope: tb_top.u_mon  File: /run/media/sackb/Windows-SSD/Users/sackb/OneDrive/Desktop/University/Course_Work/2025-2026/Spring_2026/ECE_410/ECE410/project/post_m3_Minor_Redesign/tb/tb_top.sv Line: 257

Time: 4285 ns Started: 4275 ns Scope: /tb_top/u_mon File: /run/media/sackb/Windows-SSD/Users/sackb/OneDrive/Desktop/University/Course_Work/2025-2026/Spring_2026/ECE_410/ECE410/project/post_m3_Minor_Redesign/tb/tb_top.sv Line:256
Error: AXI MONITOR: core_C changed while core is idle
Time: 4285 ns  Iteration: 0  Process: /tb_top/u_mon//tb_top/u_mon  Scope: tb_top.u_mon  File: /run/media/sackb/Windows-SSD/Users/sackb/OneDrive/Desktop/University/Course_Work/2025-2026/Spring_2026/ECE_410/ECE410/project/post_m3_Minor_Redesign/tb/tb_top.sv Line: 257

Time: 4295 ns Started: 4285 ns Scope: /tb_top/u_mon File: /run/media/sackb/Windows-SSD/Users/sackb/OneDrive/Desktop/University/Course_Work/2025-2026/Spring_2026/ECE_410/ECE410/project/post_m3_Minor_Redesign/tb/tb_top.sv Line:256
Error: AXI MONITOR: core_C changed while core is idle
Time: 4295 ns  Iteration: 0  Process: /tb_top/u_mon//tb_top/u_mon  Scope: tb_top.u_mon  File: /run/media/sackb/Windows-SSD/Users/sackb/OneDrive/Desktop/University/Course_Work/2025-2026/Spring_2026/ECE_410/ECE410/project/post_m3_Minor_Redesign/tb/tb_top.sv Line: 257

Time: 4305 ns Started: 4295 ns Scope: /tb_top/u_mon File: /run/media/sackb/Windows-SSD/Users/sackb/OneDrive/Desktop/University/Course_Work/2025-2026/Spring_2026/ECE_410/ECE410/project/post_m3_Minor_Redesign/tb/tb_top.sv Line:256
Error: AXI MONITOR: core_C changed while core is idle
Time: 4305 ns  Iteration: 0  Process: /tb_top/u_mon//tb_top/u_mon  Scope: tb_top.u_mon  File: /run/media/sackb/Windows-SSD/Users/sackb/OneDrive/Desktop/University/Course_Work/2025-2026/Spring_2026/ECE_410/ECE410/project/post_m3_Minor_Redesign/tb/tb_top.sv Line: 257

Time: 4315 ns Started: 4305 ns Scope: /tb_top/u_mon File: /run/media/sackb/Windows-SSD/Users/sackb/OneDrive/Desktop/University/Course_Work/2025-2026/Spring_2026/ECE_410/ECE410/project/post_m3_Minor_Redesign/tb/tb_top.sv Line:256
Error: AXI MONITOR: core_C changed while core is idle
Time: 4315 ns  Iteration: 0  Process: /tb_top/u_mon//tb_top/u_mon  Scope: tb_top.u_mon  File: /run/media/sackb/Windows-SSD/Users/sackb/OneDrive/Desktop/University/Course_Work/2025-2026/Spring_2026/ECE_410/ECE410/project/post_m3_Minor_Redesign/tb/tb_top.sv Line: 257

Time: 4325 ns Started: 4315 ns Scope: /tb_top/u_mon File: /run/media/sackb/Windows-SSD/Users/sackb/OneDrive/Desktop/University/Course_Work/2025-2026/Spring_2026/ECE_410/ECE410/project/post_m3_Minor_Redesign/tb/tb_top.sv Line:256
Error: AXI MONITOR: core_C changed while core is idle
Time: 4325 ns  Iteration: 0  Process: /tb_top/u_mon//tb_top/u_mon  Scope: tb_top.u_mon  File: /run/media/sackb/Windows-SSD/Users/sackb/OneDrive/Desktop/University/Course_Work/2025-2026/Spring_2026/ECE_410/ECE410/project/post_m3_Minor_Redesign/tb/tb_top.sv Line: 257

Time: 4335 ns Started: 4325 ns Scope: /tb_top/u_mon File: /run/media/sackb/Windows-SSD/Users/sackb/OneDrive/Desktop/University/Course_Work/2025-2026/Spring_2026/ECE_410/ECE410/project/post_m3_Minor_Redesign/tb/tb_top.sv Line:256
Error: AXI MONITOR: core_C changed while core is idle
Time: 4335 ns  Iteration: 0  Process: /tb_top/u_mon//tb_top/u_mon  Scope: tb_top.u_mon  File: /run/media/sackb/Windows-SSD/Users/sackb/OneDrive/Desktop/University/Course_Work/2025-2026/Spring_2026/ECE_410/ECE410/project/post_m3_Minor_Redesign/tb/tb_top.sv Line: 257

Time: 4345 ns Started: 4335 ns Scope: /tb_top/u_mon File: /run/media/sackb/Windows-SSD/Users/sackb/OneDrive/Desktop/University/Course_Work/2025-2026/Spring_2026/ECE_410/ECE410/project/post_m3_Minor_Redesign/tb/tb_top.sv Line:256
Error: AXI MONITOR: core_C changed while core is idle
Time: 4345 ns  Iteration: 0  Process: /tb_top/u_mon//tb_top/u_mon  Scope: tb_top.u_mon  File: /run/media/sackb/Windows-SSD/Users/sackb/OneDrive/Desktop/University/Course_Work/2025-2026/Spring_2026/ECE_410/ECE410/project/post_m3_Minor_Redesign/tb/tb_top.sv Line: 257

Time: 4355 ns Started: 4345 ns Scope: /tb_top/u_mon File: /run/media/sackb/Windows-SSD/Users/sackb/OneDrive/Desktop/University/Course_Work/2025-2026/Spring_2026/ECE_410/ECE410/project/post_m3_Minor_Redesign/tb/tb_top.sv Line:256
Error: AXI MONITOR: core_C changed while core is idle
Time: 4355 ns  Iteration: 0  Process: /tb_top/u_mon//tb_top/u_mon  Scope: tb_top.u_mon  File: /run/media/sackb/Windows-SSD/Users/sackb/OneDrive/Desktop/University/Course_Work/2025-2026/Spring_2026/ECE_410/ECE410/project/post_m3_Minor_Redesign/tb/tb_top.sv Line: 257

Time: 4365 ns Started: 4355 ns Scope: /tb_top/u_mon File: /run/media/sackb/Windows-SSD/Users/sackb/OneDrive/Desktop/University/Course_Work/2025-2026/Spring_2026/ECE_410/ECE410/project/post_m3_Minor_Redesign/tb/tb_top.sv Line:256
Error: AXI MONITOR: core_C changed while core is idle
Time: 4365 ns  Iteration: 0  Process: /tb_top/u_mon//tb_top/u_mon  Scope: tb_top.u_mon  File: /run/media/sackb/Windows-SSD/Users/sackb/OneDrive/Desktop/University/Course_Work/2025-2026/Spring_2026/ECE_410/ECE410/project/post_m3_Minor_Redesign/tb/tb_top.sv Line: 257

Time: 4375 ns Started: 4365 ns Scope: /tb_top/u_mon File: /run/media/sackb/Windows-SSD/Users/sackb/OneDrive/Desktop/University/Course_Work/2025-2026/Spring_2026/ECE_410/ECE410/project/post_m3_Minor_Redesign/tb/tb_top.sv Line:256
Error: AXI MONITOR: core_C changed while core is idle
Time: 4375 ns  Iteration: 0  Process: /tb_top/u_mon//tb_top/u_mon  Scope: tb_top.u_mon  File: /run/media/sackb/Windows-SSD/Users/sackb/OneDrive/Desktop/University/Course_Work/2025-2026/Spring_2026/ECE_410/ECE410/project/post_m3_Minor_Redesign/tb/tb_top.sv Line: 257

Time: 4385 ns Started: 4375 ns Scope: /tb_top/u_mon File: /run/media/sackb/Windows-SSD/Users/sackb/OneDrive/Desktop/University/Course_Work/2025-2026/Spring_2026/ECE_410/ECE410/project/post_m3_Minor_Redesign/tb/tb_top.sv Line:256
Error: AXI MONITOR: core_C changed while core is idle
Time: 4385 ns  Iteration: 0  Process: /tb_top/u_mon//tb_top/u_mon  Scope: tb_top.u_mon  File: /run/media/sackb/Windows-SSD/Users/sackb/OneDrive/Desktop/University/Course_Work/2025-2026/Spring_2026/ECE_410/ECE410/project/post_m3_Minor_Redesign/tb/tb_top.sv Line: 257

Time: 4395 ns Started: 4385 ns Scope: /tb_top/u_mon File: /run/media/sackb/Windows-SSD/Users/sackb/OneDrive/Desktop/University/Course_Work/2025-2026/Spring_2026/ECE_410/ECE410/project/post_m3_Minor_Redesign/tb/tb_top.sv Line:256
Error: AXI MONITOR: core_C changed while core is idle
Time: 4395 ns  Iteration: 0  Process: /tb_top/u_mon//tb_top/u_mon  Scope: tb_top.u_mon  File: /run/media/sackb/Windows-SSD/Users/sackb/OneDrive/Desktop/University/Course_Work/2025-2026/Spring_2026/ECE_410/ECE410/project/post_m3_Minor_Redesign/tb/tb_top.sv Line: 257

Time: 4405 ns Started: 4395 ns Scope: /tb_top/u_mon File: /run/media/sackb/Windows-SSD/Users/sackb/OneDrive/Desktop/University/Course_Work/2025-2026/Spring_2026/ECE_410/ECE410/project/post_m3_Minor_Redesign/tb/tb_top.sv Line:256
Error: AXI MONITOR: core_C changed while core is idle
Time: 4405 ns  Iteration: 0  Process: /tb_top/u_mon//tb_top/u_mon  Scope: tb_top.u_mon  File: /run/media/sackb/Windows-SSD/Users/sackb/OneDrive/Desktop/University/Course_Work/2025-2026/Spring_2026/ECE_410/ECE410/project/post_m3_Minor_Redesign/tb/tb_top.sv Line: 257

Time: 4415 ns Started: 4405 ns Scope: /tb_top/u_mon File: /run/media/sackb/Windows-SSD/Users/sackb/OneDrive/Desktop/University/Course_Work/2025-2026/Spring_2026/ECE_410/ECE410/project/post_m3_Minor_Redesign/tb/tb_top.sv Line:256
Error: AXI MONITOR: core_C changed while core is idle
Time: 4415 ns  Iteration: 0  Process: /tb_top/u_mon//tb_top/u_mon  Scope: tb_top.u_mon  File: /run/media/sackb/Windows-SSD/Users/sackb/OneDrive/Desktop/University/Course_Work/2025-2026/Spring_2026/ECE_410/ECE410/project/post_m3_Minor_Redesign/tb/tb_top.sv Line: 257

Time: 4425 ns Started: 4415 ns Scope: /tb_top/u_mon File: /run/media/sackb/Windows-SSD/Users/sackb/OneDrive/Desktop/University/Course_Work/2025-2026/Spring_2026/ECE_410/ECE410/project/post_m3_Minor_Redesign/tb/tb_top.sv Line:256
Error: AXI MONITOR: core_C changed while core is idle
Time: 4425 ns  Iteration: 0  Process: /tb_top/u_mon//tb_top/u_mon  Scope: tb_top.u_mon  File: /run/media/sackb/Windows-SSD/Users/sackb/OneDrive/Desktop/University/Course_Work/2025-2026/Spring_2026/ECE_410/ECE410/project/post_m3_Minor_Redesign/tb/tb_top.sv Line: 257

Time: 5055 ns Started: 5045 ns Scope: /tb_top/u_mon File: /run/media/sackb/Windows-SSD/Users/sackb/OneDrive/Desktop/University/Course_Work/2025-2026/Spring_2026/ECE_410/ECE410/project/post_m3_Minor_Redesign/tb/tb_top.sv Line:256
Error: AXI MONITOR: core_C changed while core is idle
Time: 5055 ns  Iteration: 0  Process: /tb_top/u_mon//tb_top/u_mon  Scope: tb_top.u_mon  File: /run/media/sackb/Windows-SSD/Users/sackb/OneDrive/Desktop/University/Course_Work/2025-2026/Spring_2026/ECE_410/ECE410/project/post_m3_Minor_Redesign/tb/tb_top.sv Line: 257

Time: 5065 ns Started: 5055 ns Scope: /tb_top/u_mon File: /run/media/sackb/Windows-SSD/Users/sackb/OneDrive/Desktop/University/Course_Work/2025-2026/Spring_2026/ECE_410/ECE410/project/post_m3_Minor_Redesign/tb/tb_top.sv Line:256
Error: AXI MONITOR: core_C changed while core is idle
Time: 5065 ns  Iteration: 0  Process: /tb_top/u_mon//tb_top/u_mon  Scope: tb_top.u_mon  File: /run/media/sackb/Windows-SSD/Users/sackb/OneDrive/Desktop/University/Course_Work/2025-2026/Spring_2026/ECE_410/ECE410/project/post_m3_Minor_Redesign/tb/tb_top.sv Line: 257

Time: 5075 ns Started: 5065 ns Scope: /tb_top/u_mon File: /run/media/sackb/Windows-SSD/Users/sackb/OneDrive/Desktop/University/Course_Work/2025-2026/Spring_2026/ECE_410/ECE410/project/post_m3_Minor_Redesign/tb/tb_top.sv Line:256
Error: AXI MONITOR: core_C changed while core is idle
Time: 5075 ns  Iteration: 0  Process: /tb_top/u_mon//tb_top/u_mon  Scope: tb_top.u_mon  File: /run/media/sackb/Windows-SSD/Users/sackb/OneDrive/Desktop/University/Course_Work/2025-2026/Spring_2026/ECE_410/ECE410/project/post_m3_Minor_Redesign/tb/tb_top.sv Line: 257

Time: 5085 ns Started: 5075 ns Scope: /tb_top/u_mon File: /run/media/sackb/Windows-SSD/Users/sackb/OneDrive/Desktop/University/Course_Work/2025-2026/Spring_2026/ECE_410/ECE410/project/post_m3_Minor_Redesign/tb/tb_top.sv Line:256
Error: AXI MONITOR: core_C changed while core is idle
Time: 5085 ns  Iteration: 0  Process: /tb_top/u_mon//tb_top/u_mon  Scope: tb_top.u_mon  File: /run/media/sackb/Windows-SSD/Users/sackb/OneDrive/Desktop/University/Course_Work/2025-2026/Spring_2026/ECE_410/ECE410/project/post_m3_Minor_Redesign/tb/tb_top.sv Line: 257

Time: 5095 ns Started: 5085 ns Scope: /tb_top/u_mon File: /run/media/sackb/Windows-SSD/Users/sackb/OneDrive/Desktop/University/Course_Work/2025-2026/Spring_2026/ECE_410/ECE410/project/post_m3_Minor_Redesign/tb/tb_top.sv Line:256
Error: AXI MONITOR: core_C changed while core is idle
Time: 5095 ns  Iteration: 0  Process: /tb_top/u_mon//tb_top/u_mon  Scope: tb_top.u_mon  File: /run/media/sackb/Windows-SSD/Users/sackb/OneDrive/Desktop/University/Course_Work/2025-2026/Spring_2026/ECE_410/ECE410/project/post_m3_Minor_Redesign/tb/tb_top.sv Line: 257

Time: 5105 ns Started: 5095 ns Scope: /tb_top/u_mon File: /run/media/sackb/Windows-SSD/Users/sackb/OneDrive/Desktop/University/Course_Work/2025-2026/Spring_2026/ECE_410/ECE410/project/post_m3_Minor_Redesign/tb/tb_top.sv Line:256
Error: AXI MONITOR: core_C changed while core is idle
Time: 5105 ns  Iteration: 0  Process: /tb_top/u_mon//tb_top/u_mon  Scope: tb_top.u_mon  File: /run/media/sackb/Windows-SSD/Users/sackb/OneDrive/Desktop/University/Course_Work/2025-2026/Spring_2026/ECE_410/ECE410/project/post_m3_Minor_Redesign/tb/tb_top.sv Line: 257

Time: 5115 ns Started: 5105 ns Scope: /tb_top/u_mon File: /run/media/sackb/Windows-SSD/Users/sackb/OneDrive/Desktop/University/Course_Work/2025-2026/Spring_2026/ECE_410/ECE410/project/post_m3_Minor_Redesign/tb/tb_top.sv Line:256
Error: AXI MONITOR: core_C changed while core is idle
Time: 5115 ns  Iteration: 0  Process: /tb_top/u_mon//tb_top/u_mon  Scope: tb_top.u_mon  File: /run/media/sackb/Windows-SSD/Users/sackb/OneDrive/Desktop/University/Course_Work/2025-2026/Spring_2026/ECE_410/ECE410/project/post_m3_Minor_Redesign/tb/tb_top.sv Line: 257

Time: 5125 ns Started: 5115 ns Scope: /tb_top/u_mon File: /run/media/sackb/Windows-SSD/Users/sackb/OneDrive/Desktop/University/Course_Work/2025-2026/Spring_2026/ECE_410/ECE410/project/post_m3_Minor_Redesign/tb/tb_top.sv Line:256
Error: AXI MONITOR: core_C changed while core is idle
Time: 5125 ns  Iteration: 0  Process: /tb_top/u_mon//tb_top/u_mon  Scope: tb_top.u_mon  File: /run/media/sackb/Windows-SSD/Users/sackb/OneDrive/Desktop/University/Course_Work/2025-2026/Spring_2026/ECE_410/ECE410/project/post_m3_Minor_Redesign/tb/tb_top.sv Line: 257

Time: 5135 ns Started: 5125 ns Scope: /tb_top/u_mon File: /run/media/sackb/Windows-SSD/Users/sackb/OneDrive/Desktop/University/Course_Work/2025-2026/Spring_2026/ECE_410/ECE410/project/post_m3_Minor_Redesign/tb/tb_top.sv Line:256
Error: AXI MONITOR: core_C changed while core is idle
Time: 5135 ns  Iteration: 0  Process: /tb_top/u_mon//tb_top/u_mon  Scope: tb_top.u_mon  File: /run/media/sackb/Windows-SSD/Users/sackb/OneDrive/Desktop/University/Course_Work/2025-2026/Spring_2026/ECE_410/ECE410/project/post_m3_Minor_Redesign/tb/tb_top.sv Line: 257

Time: 5145 ns Started: 5135 ns Scope: /tb_top/u_mon File: /run/media/sackb/Windows-SSD/Users/sackb/OneDrive/Desktop/University/Course_Work/2025-2026/Spring_2026/ECE_410/ECE410/project/post_m3_Minor_Redesign/tb/tb_top.sv Line:256
Error: AXI MONITOR: core_C changed while core is idle
Time: 5145 ns  Iteration: 0  Process: /tb_top/u_mon//tb_top/u_mon  Scope: tb_top.u_mon  File: /run/media/sackb/Windows-SSD/Users/sackb/OneDrive/Desktop/University/Course_Work/2025-2026/Spring_2026/ECE_410/ECE410/project/post_m3_Minor_Redesign/tb/tb_top.sv Line: 257

Time: 5155 ns Started: 5145 ns Scope: /tb_top/u_mon File: /run/media/sackb/Windows-SSD/Users/sackb/OneDrive/Desktop/University/Course_Work/2025-2026/Spring_2026/ECE_410/ECE410/project/post_m3_Minor_Redesign/tb/tb_top.sv Line:256
Error: AXI MONITOR: core_C changed while core is idle
Time: 5155 ns  Iteration: 0  Process: /tb_top/u_mon//tb_top/u_mon  Scope: tb_top.u_mon  File: /run/media/sackb/Windows-SSD/Users/sackb/OneDrive/Desktop/University/Course_Work/2025-2026/Spring_2026/ECE_410/ECE410/project/post_m3_Minor_Redesign/tb/tb_top.sv Line: 257

Time: 5165 ns Started: 5155 ns Scope: /tb_top/u_mon File: /run/media/sackb/Windows-SSD/Users/sackb/OneDrive/Desktop/University/Course_Work/2025-2026/Spring_2026/ECE_410/ECE410/project/post_m3_Minor_Redesign/tb/tb_top.sv Line:256
Error: AXI MONITOR: core_C changed while core is idle
Time: 5165 ns  Iteration: 0  Process: /tb_top/u_mon//tb_top/u_mon  Scope: tb_top.u_mon  File: /run/media/sackb/Windows-SSD/Users/sackb/OneDrive/Desktop/University/Course_Work/2025-2026/Spring_2026/ECE_410/ECE410/project/post_m3_Minor_Redesign/tb/tb_top.sv Line: 257

Time: 5175 ns Started: 5165 ns Scope: /tb_top/u_mon File: /run/media/sackb/Windows-SSD/Users/sackb/OneDrive/Desktop/University/Course_Work/2025-2026/Spring_2026/ECE_410/ECE410/project/post_m3_Minor_Redesign/tb/tb_top.sv Line:256
Error: AXI MONITOR: core_C changed while core is idle
Time: 5175 ns  Iteration: 0  Process: /tb_top/u_mon//tb_top/u_mon  Scope: tb_top.u_mon  File: /run/media/sackb/Windows-SSD/Users/sackb/OneDrive/Desktop/University/Course_Work/2025-2026/Spring_2026/ECE_410/ECE410/project/post_m3_Minor_Redesign/tb/tb_top.sv Line: 257

Time: 5185 ns Started: 5175 ns Scope: /tb_top/u_mon File: /run/media/sackb/Windows-SSD/Users/sackb/OneDrive/Desktop/University/Course_Work/2025-2026/Spring_2026/ECE_410/ECE410/project/post_m3_Minor_Redesign/tb/tb_top.sv Line:256
Error: AXI MONITOR: core_C changed while core is idle
Time: 5185 ns  Iteration: 0  Process: /tb_top/u_mon//tb_top/u_mon  Scope: tb_top.u_mon  File: /run/media/sackb/Windows-SSD/Users/sackb/OneDrive/Desktop/University/Course_Work/2025-2026/Spring_2026/ECE_410/ECE410/project/post_m3_Minor_Redesign/tb/tb_top.sv Line: 257

Time: 5195 ns Started: 5185 ns Scope: /tb_top/u_mon File: /run/media/sackb/Windows-SSD/Users/sackb/OneDrive/Desktop/University/Course_Work/2025-2026/Spring_2026/ECE_410/ECE410/project/post_m3_Minor_Redesign/tb/tb_top.sv Line:256
Error: AXI MONITOR: core_C changed while core is idle
Time: 5195 ns  Iteration: 0  Process: /tb_top/u_mon//tb_top/u_mon  Scope: tb_top.u_mon  File: /run/media/sackb/Windows-SSD/Users/sackb/OneDrive/Desktop/University/Course_Work/2025-2026/Spring_2026/ECE_410/ECE410/project/post_m3_Minor_Redesign/tb/tb_top.sv Line: 257

Time: 5205 ns Started: 5195 ns Scope: /tb_top/u_mon File: /run/media/sackb/Windows-SSD/Users/sackb/OneDrive/Desktop/University/Course_Work/2025-2026/Spring_2026/ECE_410/ECE410/project/post_m3_Minor_Redesign/tb/tb_top.sv Line:256
Error: AXI MONITOR: core_C changed while core is idle
Time: 5205 ns  Iteration: 0  Process: /tb_top/u_mon//tb_top/u_mon  Scope: tb_top.u_mon  File: /run/media/sackb/Windows-SSD/Users/sackb/OneDrive/Desktop/University/Course_Work/2025-2026/Spring_2026/ECE_410/ECE410/project/post_m3_Minor_Redesign/tb/tb_top.sv Line: 257

Time: 5215 ns Started: 5205 ns Scope: /tb_top/u_mon File: /run/media/sackb/Windows-SSD/Users/sackb/OneDrive/Desktop/University/Course_Work/2025-2026/Spring_2026/ECE_410/ECE410/project/post_m3_Minor_Redesign/tb/tb_top.sv Line:256
Error: AXI MONITOR: core_C changed while core is idle
Time: 5215 ns  Iteration: 0  Process: /tb_top/u_mon//tb_top/u_mon  Scope: tb_top.u_mon  File: /run/media/sackb/Windows-SSD/Users/sackb/OneDrive/Desktop/University/Course_Work/2025-2026/Spring_2026/ECE_410/ECE410/project/post_m3_Minor_Redesign/tb/tb_top.sv Line: 257

Time: 5225 ns Started: 5215 ns Scope: /tb_top/u_mon File: /run/media/sackb/Windows-SSD/Users/sackb/OneDrive/Desktop/University/Course_Work/2025-2026/Spring_2026/ECE_410/ECE410/project/post_m3_Minor_Redesign/tb/tb_top.sv Line:256
Error: AXI MONITOR: core_C changed while core is idle
Time: 5225 ns  Iteration: 0  Process: /tb_top/u_mon//tb_top/u_mon  Scope: tb_top.u_mon  File: /run/media/sackb/Windows-SSD/Users/sackb/OneDrive/Desktop/University/Course_Work/2025-2026/Spring_2026/ECE_410/ECE410/project/post_m3_Minor_Redesign/tb/tb_top.sv Line: 257

Time: 5235 ns Started: 5225 ns Scope: /tb_top/u_mon File: /run/media/sackb/Windows-SSD/Users/sackb/OneDrive/Desktop/University/Course_Work/2025-2026/Spring_2026/ECE_410/ECE410/project/post_m3_Minor_Redesign/tb/tb_top.sv Line:256
Error: AXI MONITOR: core_C changed while core is idle
Time: 5235 ns  Iteration: 0  Process: /tb_top/u_mon//tb_top/u_mon  Scope: tb_top.u_mon  File: /run/media/sackb/Windows-SSD/Users/sackb/OneDrive/Desktop/University/Course_Work/2025-2026/Spring_2026/ECE_410/ECE410/project/post_m3_Minor_Redesign/tb/tb_top.sv Line: 257

Time: 5245 ns Started: 5235 ns Scope: /tb_top/u_mon File: /run/media/sackb/Windows-SSD/Users/sackb/OneDrive/Desktop/University/Course_Work/2025-2026/Spring_2026/ECE_410/ECE410/project/post_m3_Minor_Redesign/tb/tb_top.sv Line:256
Error: AXI MONITOR: core_C changed while core is idle
Time: 5245 ns  Iteration: 0  Process: /tb_top/u_mon//tb_top/u_mon  Scope: tb_top.u_mon  File: /run/media/sackb/Windows-SSD/Users/sackb/OneDrive/Desktop/University/Course_Work/2025-2026/Spring_2026/ECE_410/ECE410/project/post_m3_Minor_Redesign/tb/tb_top.sv Line: 257

Time: 5255 ns Started: 5245 ns Scope: /tb_top/u_mon File: /run/media/sackb/Windows-SSD/Users/sackb/OneDrive/Desktop/University/Course_Work/2025-2026/Spring_2026/ECE_410/ECE410/project/post_m3_Minor_Redesign/tb/tb_top.sv Line:256
Error: AXI MONITOR: core_C changed while core is idle
Time: 5255 ns  Iteration: 0  Process: /tb_top/u_mon//tb_top/u_mon  Scope: tb_top.u_mon  File: /run/media/sackb/Windows-SSD/Users/sackb/OneDrive/Desktop/University/Course_Work/2025-2026/Spring_2026/ECE_410/ECE410/project/post_m3_Minor_Redesign/tb/tb_top.sv Line: 257

Time: 5265 ns Started: 5255 ns Scope: /tb_top/u_mon File: /run/media/sackb/Windows-SSD/Users/sackb/OneDrive/Desktop/University/Course_Work/2025-2026/Spring_2026/ECE_410/ECE410/project/post_m3_Minor_Redesign/tb/tb_top.sv Line:256
Error: AXI MONITOR: core_C changed while core is idle
Time: 5265 ns  Iteration: 0  Process: /tb_top/u_mon//tb_top/u_mon  Scope: tb_top.u_mon  File: /run/media/sackb/Windows-SSD/Users/sackb/OneDrive/Desktop/University/Course_Work/2025-2026/Spring_2026/ECE_410/ECE410/project/post_m3_Minor_Redesign/tb/tb_top.sv Line: 257

Time: 5275 ns Started: 5265 ns Scope: /tb_top/u_mon File: /run/media/sackb/Windows-SSD/Users/sackb/OneDrive/Desktop/University/Course_Work/2025-2026/Spring_2026/ECE_410/ECE410/project/post_m3_Minor_Redesign/tb/tb_top.sv Line:256
Error: AXI MONITOR: core_C changed while core is idle
Time: 5275 ns  Iteration: 0  Process: /tb_top/u_mon//tb_top/u_mon  Scope: tb_top.u_mon  File: /run/media/sackb/Windows-SSD/Users/sackb/OneDrive/Desktop/University/Course_Work/2025-2026/Spring_2026/ECE_410/ECE410/project/post_m3_Minor_Redesign/tb/tb_top.sv Line: 257

Time: 5285 ns Started: 5275 ns Scope: /tb_top/u_mon File: /run/media/sackb/Windows-SSD/Users/sackb/OneDrive/Desktop/University/Course_Work/2025-2026/Spring_2026/ECE_410/ECE410/project/post_m3_Minor_Redesign/tb/tb_top.sv Line:256
Error: AXI MONITOR: core_C changed while core is idle
Time: 5285 ns  Iteration: 0  Process: /tb_top/u_mon//tb_top/u_mon  Scope: tb_top.u_mon  File: /run/media/sackb/Windows-SSD/Users/sackb/OneDrive/Desktop/University/Course_Work/2025-2026/Spring_2026/ECE_410/ECE410/project/post_m3_Minor_Redesign/tb/tb_top.sv Line: 257

Time: 5295 ns Started: 5285 ns Scope: /tb_top/u_mon File: /run/media/sackb/Windows-SSD/Users/sackb/OneDrive/Desktop/University/Course_Work/2025-2026/Spring_2026/ECE_410/ECE410/project/post_m3_Minor_Redesign/tb/tb_top.sv Line:256
Error: AXI MONITOR: core_C changed while core is idle
Time: 5295 ns  Iteration: 0  Process: /tb_top/u_mon//tb_top/u_mon  Scope: tb_top.u_mon  File: /run/media/sackb/Windows-SSD/Users/sackb/OneDrive/Desktop/University/Course_Work/2025-2026/Spring_2026/ECE_410/ECE410/project/post_m3_Minor_Redesign/tb/tb_top.sv Line: 257

Time: 5305 ns Started: 5295 ns Scope: /tb_top/u_mon File: /run/media/sackb/Windows-SSD/Users/sackb/OneDrive/Desktop/University/Course_Work/2025-2026/Spring_2026/ECE_410/ECE410/project/post_m3_Minor_Redesign/tb/tb_top.sv Line:256
Error: AXI MONITOR: core_C changed while core is idle
Time: 5305 ns  Iteration: 0  Process: /tb_top/u_mon//tb_top/u_mon  Scope: tb_top.u_mon  File: /run/media/sackb/Windows-SSD/Users/sackb/OneDrive/Desktop/University/Course_Work/2025-2026/Spring_2026/ECE_410/ECE410/project/post_m3_Minor_Redesign/tb/tb_top.sv Line: 257

Time: 5315 ns Started: 5305 ns Scope: /tb_top/u_mon File: /run/media/sackb/Windows-SSD/Users/sackb/OneDrive/Desktop/University/Course_Work/2025-2026/Spring_2026/ECE_410/ECE410/project/post_m3_Minor_Redesign/tb/tb_top.sv Line:256
Error: AXI MONITOR: core_C changed while core is idle
Time: 5315 ns  Iteration: 0  Process: /tb_top/u_mon//tb_top/u_mon  Scope: tb_top.u_mon  File: /run/media/sackb/Windows-SSD/Users/sackb/OneDrive/Desktop/University/Course_Work/2025-2026/Spring_2026/ECE_410/ECE410/project/post_m3_Minor_Redesign/tb/tb_top.sv Line: 257

Time: 5325 ns Started: 5315 ns Scope: /tb_top/u_mon File: /run/media/sackb/Windows-SSD/Users/sackb/OneDrive/Desktop/University/Course_Work/2025-2026/Spring_2026/ECE_410/ECE410/project/post_m3_Minor_Redesign/tb/tb_top.sv Line:256
Error: AXI MONITOR: core_C changed while core is idle
Time: 5325 ns  Iteration: 0  Process: /tb_top/u_mon//tb_top/u_mon  Scope: tb_top.u_mon  File: /run/media/sackb/Windows-SSD/Users/sackb/OneDrive/Desktop/University/Course_Work/2025-2026/Spring_2026/ECE_410/ECE410/project/post_m3_Minor_Redesign/tb/tb_top.sv Line: 257

Time: 5335 ns Started: 5325 ns Scope: /tb_top/u_mon File: /run/media/sackb/Windows-SSD/Users/sackb/OneDrive/Desktop/University/Course_Work/2025-2026/Spring_2026/ECE_410/ECE410/project/post_m3_Minor_Redesign/tb/tb_top.sv Line:256
Error: AXI MONITOR: core_C changed while core is idle
Time: 5335 ns  Iteration: 0  Process: /tb_top/u_mon//tb_top/u_mon  Scope: tb_top.u_mon  File: /run/media/sackb/Windows-SSD/Users/sackb/OneDrive/Desktop/University/Course_Work/2025-2026/Spring_2026/ECE_410/ECE410/project/post_m3_Minor_Redesign/tb/tb_top.sv Line: 257

Time: 5345 ns Started: 5335 ns Scope: /tb_top/u_mon File: /run/media/sackb/Windows-SSD/Users/sackb/OneDrive/Desktop/University/Course_Work/2025-2026/Spring_2026/ECE_410/ECE410/project/post_m3_Minor_Redesign/tb/tb_top.sv Line:256
Error: AXI MONITOR: core_C changed while core is idle
Time: 5345 ns  Iteration: 0  Process: /tb_top/u_mon//tb_top/u_mon  Scope: tb_top.u_mon  File: /run/media/sackb/Windows-SSD/Users/sackb/OneDrive/Desktop/University/Course_Work/2025-2026/Spring_2026/ECE_410/ECE410/project/post_m3_Minor_Redesign/tb/tb_top.sv Line: 257

Time: 5355 ns Started: 5345 ns Scope: /tb_top/u_mon File: /run/media/sackb/Windows-SSD/Users/sackb/OneDrive/Desktop/University/Course_Work/2025-2026/Spring_2026/ECE_410/ECE410/project/post_m3_Minor_Redesign/tb/tb_top.sv Line:256
Error: AXI MONITOR: core_C changed while core is idle
Time: 5355 ns  Iteration: 0  Process: /tb_top/u_mon//tb_top/u_mon  Scope: tb_top.u_mon  File: /run/media/sackb/Windows-SSD/Users/sackb/OneDrive/Desktop/University/Course_Work/2025-2026/Spring_2026/ECE_410/ECE410/project/post_m3_Minor_Redesign/tb/tb_top.sv Line: 257

Time: 5365 ns Started: 5355 ns Scope: /tb_top/u_mon File: /run/media/sackb/Windows-SSD/Users/sackb/OneDrive/Desktop/University/Course_Work/2025-2026/Spring_2026/ECE_410/ECE410/project/post_m3_Minor_Redesign/tb/tb_top.sv Line:256
Error: AXI MONITOR: core_C changed while core is idle
Time: 5365 ns  Iteration: 0  Process: /tb_top/u_mon//tb_top/u_mon  Scope: tb_top.u_mon  File: /run/media/sackb/Windows-SSD/Users/sackb/OneDrive/Desktop/University/Course_Work/2025-2026/Spring_2026/ECE_410/ECE410/project/post_m3_Minor_Redesign/tb/tb_top.sv Line: 257

Time: 5375 ns Started: 5365 ns Scope: /tb_top/u_mon File: /run/media/sackb/Windows-SSD/Users/sackb/OneDrive/Desktop/University/Course_Work/2025-2026/Spring_2026/ECE_410/ECE410/project/post_m3_Minor_Redesign/tb/tb_top.sv Line:256
Error: AXI MONITOR: core_C changed while core is idle
Time: 5375 ns  Iteration: 0  Process: /tb_top/u_mon//tb_top/u_mon  Scope: tb_top.u_mon  File: /run/media/sackb/Windows-SSD/Users/sackb/OneDrive/Desktop/University/Course_Work/2025-2026/Spring_2026/ECE_410/ECE410/project/post_m3_Minor_Redesign/tb/tb_top.sv Line: 257

Time: 5385 ns Started: 5375 ns Scope: /tb_top/u_mon File: /run/media/sackb/Windows-SSD/Users/sackb/OneDrive/Desktop/University/Course_Work/2025-2026/Spring_2026/ECE_410/ECE410/project/post_m3_Minor_Redesign/tb/tb_top.sv Line:256
Error: AXI MONITOR: core_C changed while core is idle
Time: 5385 ns  Iteration: 0  Process: /tb_top/u_mon//tb_top/u_mon  Scope: tb_top.u_mon  File: /run/media/sackb/Windows-SSD/Users/sackb/OneDrive/Desktop/University/Course_Work/2025-2026/Spring_2026/ECE_410/ECE410/project/post_m3_Minor_Redesign/tb/tb_top.sv Line: 257

Time: 5395 ns Started: 5385 ns Scope: /tb_top/u_mon File: /run/media/sackb/Windows-SSD/Users/sackb/OneDrive/Desktop/University/Course_Work/2025-2026/Spring_2026/ECE_410/ECE410/project/post_m3_Minor_Redesign/tb/tb_top.sv Line:256
Error: AXI MONITOR: core_C changed while core is idle
Time: 5395 ns  Iteration: 0  Process: /tb_top/u_mon//tb_top/u_mon  Scope: tb_top.u_mon  File: /run/media/sackb/Windows-SSD/Users/sackb/OneDrive/Desktop/University/Course_Work/2025-2026/Spring_2026/ECE_410/ECE410/project/post_m3_Minor_Redesign/tb/tb_top.sv Line: 257

Time: 5405 ns Started: 5395 ns Scope: /tb_top/u_mon File: /run/media/sackb/Windows-SSD/Users/sackb/OneDrive/Desktop/University/Course_Work/2025-2026/Spring_2026/ECE_410/ECE410/project/post_m3_Minor_Redesign/tb/tb_top.sv Line:256
Error: AXI MONITOR: core_C changed while core is idle
Time: 5405 ns  Iteration: 0  Process: /tb_top/u_mon//tb_top/u_mon  Scope: tb_top.u_mon  File: /run/media/sackb/Windows-SSD/Users/sackb/OneDrive/Desktop/University/Course_Work/2025-2026/Spring_2026/ECE_410/ECE410/project/post_m3_Minor_Redesign/tb/tb_top.sv Line: 257

Time: 5415 ns Started: 5405 ns Scope: /tb_top/u_mon File: /run/media/sackb/Windows-SSD/Users/sackb/OneDrive/Desktop/University/Course_Work/2025-2026/Spring_2026/ECE_410/ECE410/project/post_m3_Minor_Redesign/tb/tb_top.sv Line:256
Error: AXI MONITOR: core_C changed while core is idle
Time: 5415 ns  Iteration: 0  Process: /tb_top/u_mon//tb_top/u_mon  Scope: tb_top.u_mon  File: /run/media/sackb/Windows-SSD/Users/sackb/OneDrive/Desktop/University/Course_Work/2025-2026/Spring_2026/ECE_410/ECE410/project/post_m3_Minor_Redesign/tb/tb_top.sv Line: 257
TB_TOP: Iteration 2 complete
TB_TOP: Starting iteration 3

Time: 5425 ns Started: 5415 ns Scope: /tb_top/u_mon File: /run/media/sackb/Windows-SSD/Users/sackb/OneDrive/Desktop/University/Course_Work/2025-2026/Spring_2026/ECE_410/ECE410/project/post_m3_Minor_Redesign/tb/tb_top.sv Line:256
Error: AXI MONITOR: core_C changed while core is idle
Time: 5425 ns  Iteration: 0  Process: /tb_top/u_mon//tb_top/u_mon  Scope: tb_top.u_mon  File: /run/media/sackb/Windows-SSD/Users/sackb/OneDrive/Desktop/University/Course_Work/2025-2026/Spring_2026/ECE_410/ECE410/project/post_m3_Minor_Redesign/tb/tb_top.sv Line: 257

Time: 5435 ns Started: 5425 ns Scope: /tb_top/u_mon File: /run/media/sackb/Windows-SSD/Users/sackb/OneDrive/Desktop/University/Course_Work/2025-2026/Spring_2026/ECE_410/ECE410/project/post_m3_Minor_Redesign/tb/tb_top.sv Line:256
Error: AXI MONITOR: core_C changed while core is idle
Time: 5435 ns  Iteration: 0  Process: /tb_top/u_mon//tb_top/u_mon  Scope: tb_top.u_mon  File: /run/media/sackb/Windows-SSD/Users/sackb/OneDrive/Desktop/University/Course_Work/2025-2026/Spring_2026/ECE_410/ECE410/project/post_m3_Minor_Redesign/tb/tb_top.sv Line: 257

Time: 5445 ns Started: 5435 ns Scope: /tb_top/u_mon File: /run/media/sackb/Windows-SSD/Users/sackb/OneDrive/Desktop/University/Course_Work/2025-2026/Spring_2026/ECE_410/ECE410/project/post_m3_Minor_Redesign/tb/tb_top.sv Line:256
Error: AXI MONITOR: core_C changed while core is idle
Time: 5445 ns  Iteration: 0  Process: /tb_top/u_mon//tb_top/u_mon  Scope: tb_top.u_mon  File: /run/media/sackb/Windows-SSD/Users/sackb/OneDrive/Desktop/University/Course_Work/2025-2026/Spring_2026/ECE_410/ECE410/project/post_m3_Minor_Redesign/tb/tb_top.sv Line: 257

Time: 5455 ns Started: 5445 ns Scope: /tb_top/u_mon File: /run/media/sackb/Windows-SSD/Users/sackb/OneDrive/Desktop/University/Course_Work/2025-2026/Spring_2026/ECE_410/ECE410/project/post_m3_Minor_Redesign/tb/tb_top.sv Line:256
Error: AXI MONITOR: core_C changed while core is idle
Time: 5455 ns  Iteration: 0  Process: /tb_top/u_mon//tb_top/u_mon  Scope: tb_top.u_mon  File: /run/media/sackb/Windows-SSD/Users/sackb/OneDrive/Desktop/University/Course_Work/2025-2026/Spring_2026/ECE_410/ECE410/project/post_m3_Minor_Redesign/tb/tb_top.sv Line: 257

Time: 5465 ns Started: 5455 ns Scope: /tb_top/u_mon File: /run/media/sackb/Windows-SSD/Users/sackb/OneDrive/Desktop/University/Course_Work/2025-2026/Spring_2026/ECE_410/ECE410/project/post_m3_Minor_Redesign/tb/tb_top.sv Line:256
Error: AXI MONITOR: core_C changed while core is idle
Time: 5465 ns  Iteration: 0  Process: /tb_top/u_mon//tb_top/u_mon  Scope: tb_top.u_mon  File: /run/media/sackb/Windows-SSD/Users/sackb/OneDrive/Desktop/University/Course_Work/2025-2026/Spring_2026/ECE_410/ECE410/project/post_m3_Minor_Redesign/tb/tb_top.sv Line: 257

Time: 5475 ns Started: 5465 ns Scope: /tb_top/u_mon File: /run/media/sackb/Windows-SSD/Users/sackb/OneDrive/Desktop/University/Course_Work/2025-2026/Spring_2026/ECE_410/ECE410/project/post_m3_Minor_Redesign/tb/tb_top.sv Line:256
Error: AXI MONITOR: core_C changed while core is idle
Time: 5475 ns  Iteration: 0  Process: /tb_top/u_mon//tb_top/u_mon  Scope: tb_top.u_mon  File: /run/media/sackb/Windows-SSD/Users/sackb/OneDrive/Desktop/University/Course_Work/2025-2026/Spring_2026/ECE_410/ECE410/project/post_m3_Minor_Redesign/tb/tb_top.sv Line: 257

Time: 5485 ns Started: 5475 ns Scope: /tb_top/u_mon File: /run/media/sackb/Windows-SSD/Users/sackb/OneDrive/Desktop/University/Course_Work/2025-2026/Spring_2026/ECE_410/ECE410/project/post_m3_Minor_Redesign/tb/tb_top.sv Line:256
Error: AXI MONITOR: core_C changed while core is idle
Time: 5485 ns  Iteration: 0  Process: /tb_top/u_mon//tb_top/u_mon  Scope: tb_top.u_mon  File: /run/media/sackb/Windows-SSD/Users/sackb/OneDrive/Desktop/University/Course_Work/2025-2026/Spring_2026/ECE_410/ECE410/project/post_m3_Minor_Redesign/tb/tb_top.sv Line: 257

Time: 5495 ns Started: 5485 ns Scope: /tb_top/u_mon File: /run/media/sackb/Windows-SSD/Users/sackb/OneDrive/Desktop/University/Course_Work/2025-2026/Spring_2026/ECE_410/ECE410/project/post_m3_Minor_Redesign/tb/tb_top.sv Line:256
Error: AXI MONITOR: core_C changed while core is idle
Time: 5495 ns  Iteration: 0  Process: /tb_top/u_mon//tb_top/u_mon  Scope: tb_top.u_mon  File: /run/media/sackb/Windows-SSD/Users/sackb/OneDrive/Desktop/University/Course_Work/2025-2026/Spring_2026/ECE_410/ECE410/project/post_m3_Minor_Redesign/tb/tb_top.sv Line: 257

Time: 5505 ns Started: 5495 ns Scope: /tb_top/u_mon File: /run/media/sackb/Windows-SSD/Users/sackb/OneDrive/Desktop/University/Course_Work/2025-2026/Spring_2026/ECE_410/ECE410/project/post_m3_Minor_Redesign/tb/tb_top.sv Line:256
Error: AXI MONITOR: core_C changed while core is idle
Time: 5505 ns  Iteration: 0  Process: /tb_top/u_mon//tb_top/u_mon  Scope: tb_top.u_mon  File: /run/media/sackb/Windows-SSD/Users/sackb/OneDrive/Desktop/University/Course_Work/2025-2026/Spring_2026/ECE_410/ECE410/project/post_m3_Minor_Redesign/tb/tb_top.sv Line: 257

Time: 5515 ns Started: 5505 ns Scope: /tb_top/u_mon File: /run/media/sackb/Windows-SSD/Users/sackb/OneDrive/Desktop/University/Course_Work/2025-2026/Spring_2026/ECE_410/ECE410/project/post_m3_Minor_Redesign/tb/tb_top.sv Line:256
Error: AXI MONITOR: core_C changed while core is idle
Time: 5515 ns  Iteration: 0  Process: /tb_top/u_mon//tb_top/u_mon  Scope: tb_top.u_mon  File: /run/media/sackb/Windows-SSD/Users/sackb/OneDrive/Desktop/University/Course_Work/2025-2026/Spring_2026/ECE_410/ECE410/project/post_m3_Minor_Redesign/tb/tb_top.sv Line: 257

Time: 5525 ns Started: 5515 ns Scope: /tb_top/u_mon File: /run/media/sackb/Windows-SSD/Users/sackb/OneDrive/Desktop/University/Course_Work/2025-2026/Spring_2026/ECE_410/ECE410/project/post_m3_Minor_Redesign/tb/tb_top.sv Line:256
Error: AXI MONITOR: core_C changed while core is idle
Time: 5525 ns  Iteration: 0  Process: /tb_top/u_mon//tb_top/u_mon  Scope: tb_top.u_mon  File: /run/media/sackb/Windows-SSD/Users/sackb/OneDrive/Desktop/University/Course_Work/2025-2026/Spring_2026/ECE_410/ECE410/project/post_m3_Minor_Redesign/tb/tb_top.sv Line: 257

Time: 5535 ns Started: 5525 ns Scope: /tb_top/u_mon File: /run/media/sackb/Windows-SSD/Users/sackb/OneDrive/Desktop/University/Course_Work/2025-2026/Spring_2026/ECE_410/ECE410/project/post_m3_Minor_Redesign/tb/tb_top.sv Line:256
Error: AXI MONITOR: core_C changed while core is idle
Time: 5535 ns  Iteration: 0  Process: /tb_top/u_mon//tb_top/u_mon  Scope: tb_top.u_mon  File: /run/media/sackb/Windows-SSD/Users/sackb/OneDrive/Desktop/University/Course_Work/2025-2026/Spring_2026/ECE_410/ECE410/project/post_m3_Minor_Redesign/tb/tb_top.sv Line: 257

Time: 5545 ns Started: 5535 ns Scope: /tb_top/u_mon File: /run/media/sackb/Windows-SSD/Users/sackb/OneDrive/Desktop/University/Course_Work/2025-2026/Spring_2026/ECE_410/ECE410/project/post_m3_Minor_Redesign/tb/tb_top.sv Line:256
Error: AXI MONITOR: core_C changed while core is idle
Time: 5545 ns  Iteration: 0  Process: /tb_top/u_mon//tb_top/u_mon  Scope: tb_top.u_mon  File: /run/media/sackb/Windows-SSD/Users/sackb/OneDrive/Desktop/University/Course_Work/2025-2026/Spring_2026/ECE_410/ECE410/project/post_m3_Minor_Redesign/tb/tb_top.sv Line: 257

Time: 5555 ns Started: 5545 ns Scope: /tb_top/u_mon File: /run/media/sackb/Windows-SSD/Users/sackb/OneDrive/Desktop/University/Course_Work/2025-2026/Spring_2026/ECE_410/ECE410/project/post_m3_Minor_Redesign/tb/tb_top.sv Line:256
Error: AXI MONITOR: core_C changed while core is idle
Time: 5555 ns  Iteration: 0  Process: /tb_top/u_mon//tb_top/u_mon  Scope: tb_top.u_mon  File: /run/media/sackb/Windows-SSD/Users/sackb/OneDrive/Desktop/University/Course_Work/2025-2026/Spring_2026/ECE_410/ECE410/project/post_m3_Minor_Redesign/tb/tb_top.sv Line: 257

Time: 5565 ns Started: 5555 ns Scope: /tb_top/u_mon File: /run/media/sackb/Windows-SSD/Users/sackb/OneDrive/Desktop/University/Course_Work/2025-2026/Spring_2026/ECE_410/ECE410/project/post_m3_Minor_Redesign/tb/tb_top.sv Line:256
Error: AXI MONITOR: core_C changed while core is idle
Time: 5565 ns  Iteration: 0  Process: /tb_top/u_mon//tb_top/u_mon  Scope: tb_top.u_mon  File: /run/media/sackb/Windows-SSD/Users/sackb/OneDrive/Desktop/University/Course_Work/2025-2026/Spring_2026/ECE_410/ECE410/project/post_m3_Minor_Redesign/tb/tb_top.sv Line: 257

Time: 5575 ns Started: 5565 ns Scope: /tb_top/u_mon File: /run/media/sackb/Windows-SSD/Users/sackb/OneDrive/Desktop/University/Course_Work/2025-2026/Spring_2026/ECE_410/ECE410/project/post_m3_Minor_Redesign/tb/tb_top.sv Line:256
Error: AXI MONITOR: core_C changed while core is idle
Time: 5575 ns  Iteration: 0  Process: /tb_top/u_mon//tb_top/u_mon  Scope: tb_top.u_mon  File: /run/media/sackb/Windows-SSD/Users/sackb/OneDrive/Desktop/University/Course_Work/2025-2026/Spring_2026/ECE_410/ECE410/project/post_m3_Minor_Redesign/tb/tb_top.sv Line: 257

Time: 5585 ns Started: 5575 ns Scope: /tb_top/u_mon File: /run/media/sackb/Windows-SSD/Users/sackb/OneDrive/Desktop/University/Course_Work/2025-2026/Spring_2026/ECE_410/ECE410/project/post_m3_Minor_Redesign/tb/tb_top.sv Line:256
Error: AXI MONITOR: core_C changed while core is idle
Time: 5585 ns  Iteration: 0  Process: /tb_top/u_mon//tb_top/u_mon  Scope: tb_top.u_mon  File: /run/media/sackb/Windows-SSD/Users/sackb/OneDrive/Desktop/University/Course_Work/2025-2026/Spring_2026/ECE_410/ECE410/project/post_m3_Minor_Redesign/tb/tb_top.sv Line: 257

Time: 5595 ns Started: 5585 ns Scope: /tb_top/u_mon File: /run/media/sackb/Windows-SSD/Users/sackb/OneDrive/Desktop/University/Course_Work/2025-2026/Spring_2026/ECE_410/ECE410/project/post_m3_Minor_Redesign/tb/tb_top.sv Line:256
Error: AXI MONITOR: core_C changed while core is idle
Time: 5595 ns  Iteration: 0  Process: /tb_top/u_mon//tb_top/u_mon  Scope: tb_top.u_mon  File: /run/media/sackb/Windows-SSD/Users/sackb/OneDrive/Desktop/University/Course_Work/2025-2026/Spring_2026/ECE_410/ECE410/project/post_m3_Minor_Redesign/tb/tb_top.sv Line: 257

Time: 5605 ns Started: 5595 ns Scope: /tb_top/u_mon File: /run/media/sackb/Windows-SSD/Users/sackb/OneDrive/Desktop/University/Course_Work/2025-2026/Spring_2026/ECE_410/ECE410/project/post_m3_Minor_Redesign/tb/tb_top.sv Line:256
Error: AXI MONITOR: core_C changed while core is idle
Time: 5605 ns  Iteration: 0  Process: /tb_top/u_mon//tb_top/u_mon  Scope: tb_top.u_mon  File: /run/media/sackb/Windows-SSD/Users/sackb/OneDrive/Desktop/University/Course_Work/2025-2026/Spring_2026/ECE_410/ECE410/project/post_m3_Minor_Redesign/tb/tb_top.sv Line: 257

Time: 5615 ns Started: 5605 ns Scope: /tb_top/u_mon File: /run/media/sackb/Windows-SSD/Users/sackb/OneDrive/Desktop/University/Course_Work/2025-2026/Spring_2026/ECE_410/ECE410/project/post_m3_Minor_Redesign/tb/tb_top.sv Line:256
Error: AXI MONITOR: core_C changed while core is idle
Time: 5615 ns  Iteration: 0  Process: /tb_top/u_mon//tb_top/u_mon  Scope: tb_top.u_mon  File: /run/media/sackb/Windows-SSD/Users/sackb/OneDrive/Desktop/University/Course_Work/2025-2026/Spring_2026/ECE_410/ECE410/project/post_m3_Minor_Redesign/tb/tb_top.sv Line: 257

Time: 5625 ns Started: 5615 ns Scope: /tb_top/u_mon File: /run/media/sackb/Windows-SSD/Users/sackb/OneDrive/Desktop/University/Course_Work/2025-2026/Spring_2026/ECE_410/ECE410/project/post_m3_Minor_Redesign/tb/tb_top.sv Line:256
Error: AXI MONITOR: core_C changed while core is idle
Time: 5625 ns  Iteration: 0  Process: /tb_top/u_mon//tb_top/u_mon  Scope: tb_top.u_mon  File: /run/media/sackb/Windows-SSD/Users/sackb/OneDrive/Desktop/University/Course_Work/2025-2026/Spring_2026/ECE_410/ECE410/project/post_m3_Minor_Redesign/tb/tb_top.sv Line: 257

Time: 5635 ns Started: 5625 ns Scope: /tb_top/u_mon File: /run/media/sackb/Windows-SSD/Users/sackb/OneDrive/Desktop/University/Course_Work/2025-2026/Spring_2026/ECE_410/ECE410/project/post_m3_Minor_Redesign/tb/tb_top.sv Line:256
Error: AXI MONITOR: core_C changed while core is idle
Time: 5635 ns  Iteration: 0  Process: /tb_top/u_mon//tb_top/u_mon  Scope: tb_top.u_mon  File: /run/media/sackb/Windows-SSD/Users/sackb/OneDrive/Desktop/University/Course_Work/2025-2026/Spring_2026/ECE_410/ECE410/project/post_m3_Minor_Redesign/tb/tb_top.sv Line: 257

Time: 5645 ns Started: 5635 ns Scope: /tb_top/u_mon File: /run/media/sackb/Windows-SSD/Users/sackb/OneDrive/Desktop/University/Course_Work/2025-2026/Spring_2026/ECE_410/ECE410/project/post_m3_Minor_Redesign/tb/tb_top.sv Line:256
Error: AXI MONITOR: core_C changed while core is idle
Time: 5645 ns  Iteration: 0  Process: /tb_top/u_mon//tb_top/u_mon  Scope: tb_top.u_mon  File: /run/media/sackb/Windows-SSD/Users/sackb/OneDrive/Desktop/University/Course_Work/2025-2026/Spring_2026/ECE_410/ECE410/project/post_m3_Minor_Redesign/tb/tb_top.sv Line: 257

Time: 5655 ns Started: 5645 ns Scope: /tb_top/u_mon File: /run/media/sackb/Windows-SSD/Users/sackb/OneDrive/Desktop/University/Course_Work/2025-2026/Spring_2026/ECE_410/ECE410/project/post_m3_Minor_Redesign/tb/tb_top.sv Line:256
Error: AXI MONITOR: core_C changed while core is idle
Time: 5655 ns  Iteration: 0  Process: /tb_top/u_mon//tb_top/u_mon  Scope: tb_top.u_mon  File: /run/media/sackb/Windows-SSD/Users/sackb/OneDrive/Desktop/University/Course_Work/2025-2026/Spring_2026/ECE_410/ECE410/project/post_m3_Minor_Redesign/tb/tb_top.sv Line: 257

Time: 5665 ns Started: 5655 ns Scope: /tb_top/u_mon File: /run/media/sackb/Windows-SSD/Users/sackb/OneDrive/Desktop/University/Course_Work/2025-2026/Spring_2026/ECE_410/ECE410/project/post_m3_Minor_Redesign/tb/tb_top.sv Line:256
Error: AXI MONITOR: core_C changed while core is idle
Time: 5665 ns  Iteration: 0  Process: /tb_top/u_mon//tb_top/u_mon  Scope: tb_top.u_mon  File: /run/media/sackb/Windows-SSD/Users/sackb/OneDrive/Desktop/University/Course_Work/2025-2026/Spring_2026/ECE_410/ECE410/project/post_m3_Minor_Redesign/tb/tb_top.sv Line: 257

Time: 5675 ns Started: 5665 ns Scope: /tb_top/u_mon File: /run/media/sackb/Windows-SSD/Users/sackb/OneDrive/Desktop/University/Course_Work/2025-2026/Spring_2026/ECE_410/ECE410/project/post_m3_Minor_Redesign/tb/tb_top.sv Line:256
Error: AXI MONITOR: core_C changed while core is idle
Time: 5675 ns  Iteration: 0  Process: /tb_top/u_mon//tb_top/u_mon  Scope: tb_top.u_mon  File: /run/media/sackb/Windows-SSD/Users/sackb/OneDrive/Desktop/University/Course_Work/2025-2026/Spring_2026/ECE_410/ECE410/project/post_m3_Minor_Redesign/tb/tb_top.sv Line: 257

Time: 5685 ns Started: 5675 ns Scope: /tb_top/u_mon File: /run/media/sackb/Windows-SSD/Users/sackb/OneDrive/Desktop/University/Course_Work/2025-2026/Spring_2026/ECE_410/ECE410/project/post_m3_Minor_Redesign/tb/tb_top.sv Line:256
Error: AXI MONITOR: core_C changed while core is idle
Time: 5685 ns  Iteration: 0  Process: /tb_top/u_mon//tb_top/u_mon  Scope: tb_top.u_mon  File: /run/media/sackb/Windows-SSD/Users/sackb/OneDrive/Desktop/University/Course_Work/2025-2026/Spring_2026/ECE_410/ECE410/project/post_m3_Minor_Redesign/tb/tb_top.sv Line: 257

Time: 5695 ns Started: 5685 ns Scope: /tb_top/u_mon File: /run/media/sackb/Windows-SSD/Users/sackb/OneDrive/Desktop/University/Course_Work/2025-2026/Spring_2026/ECE_410/ECE410/project/post_m3_Minor_Redesign/tb/tb_top.sv Line:256
Error: AXI MONITOR: core_C changed while core is idle
Time: 5695 ns  Iteration: 0  Process: /tb_top/u_mon//tb_top/u_mon  Scope: tb_top.u_mon  File: /run/media/sackb/Windows-SSD/Users/sackb/OneDrive/Desktop/University/Course_Work/2025-2026/Spring_2026/ECE_410/ECE410/project/post_m3_Minor_Redesign/tb/tb_top.sv Line: 257

Time: 5705 ns Started: 5695 ns Scope: /tb_top/u_mon File: /run/media/sackb/Windows-SSD/Users/sackb/OneDrive/Desktop/University/Course_Work/2025-2026/Spring_2026/ECE_410/ECE410/project/post_m3_Minor_Redesign/tb/tb_top.sv Line:256
Error: AXI MONITOR: core_C changed while core is idle
Time: 5705 ns  Iteration: 0  Process: /tb_top/u_mon//tb_top/u_mon  Scope: tb_top.u_mon  File: /run/media/sackb/Windows-SSD/Users/sackb/OneDrive/Desktop/University/Course_Work/2025-2026/Spring_2026/ECE_410/ECE410/project/post_m3_Minor_Redesign/tb/tb_top.sv Line: 257

Time: 5715 ns Started: 5705 ns Scope: /tb_top/u_mon File: /run/media/sackb/Windows-SSD/Users/sackb/OneDrive/Desktop/University/Course_Work/2025-2026/Spring_2026/ECE_410/ECE410/project/post_m3_Minor_Redesign/tb/tb_top.sv Line:256
Error: AXI MONITOR: core_C changed while core is idle
Time: 5715 ns  Iteration: 0  Process: /tb_top/u_mon//tb_top/u_mon  Scope: tb_top.u_mon  File: /run/media/sackb/Windows-SSD/Users/sackb/OneDrive/Desktop/University/Course_Work/2025-2026/Spring_2026/ECE_410/ECE410/project/post_m3_Minor_Redesign/tb/tb_top.sv Line: 257

Time: 5725 ns Started: 5715 ns Scope: /tb_top/u_mon File: /run/media/sackb/Windows-SSD/Users/sackb/OneDrive/Desktop/University/Course_Work/2025-2026/Spring_2026/ECE_410/ECE410/project/post_m3_Minor_Redesign/tb/tb_top.sv Line:256
Error: AXI MONITOR: core_C changed while core is idle
Time: 5725 ns  Iteration: 0  Process: /tb_top/u_mon//tb_top/u_mon  Scope: tb_top.u_mon  File: /run/media/sackb/Windows-SSD/Users/sackb/OneDrive/Desktop/University/Course_Work/2025-2026/Spring_2026/ECE_410/ECE410/project/post_m3_Minor_Redesign/tb/tb_top.sv Line: 257

Time: 5735 ns Started: 5725 ns Scope: /tb_top/u_mon File: /run/media/sackb/Windows-SSD/Users/sackb/OneDrive/Desktop/University/Course_Work/2025-2026/Spring_2026/ECE_410/ECE410/project/post_m3_Minor_Redesign/tb/tb_top.sv Line:256
Error: AXI MONITOR: core_C changed while core is idle
Time: 5735 ns  Iteration: 0  Process: /tb_top/u_mon//tb_top/u_mon  Scope: tb_top.u_mon  File: /run/media/sackb/Windows-SSD/Users/sackb/OneDrive/Desktop/University/Course_Work/2025-2026/Spring_2026/ECE_410/ECE410/project/post_m3_Minor_Redesign/tb/tb_top.sv Line: 257

Time: 5745 ns Started: 5735 ns Scope: /tb_top/u_mon File: /run/media/sackb/Windows-SSD/Users/sackb/OneDrive/Desktop/University/Course_Work/2025-2026/Spring_2026/ECE_410/ECE410/project/post_m3_Minor_Redesign/tb/tb_top.sv Line:256
Error: AXI MONITOR: core_C changed while core is idle
Time: 5745 ns  Iteration: 0  Process: /tb_top/u_mon//tb_top/u_mon  Scope: tb_top.u_mon  File: /run/media/sackb/Windows-SSD/Users/sackb/OneDrive/Desktop/University/Course_Work/2025-2026/Spring_2026/ECE_410/ECE410/project/post_m3_Minor_Redesign/tb/tb_top.sv Line: 257

Time: 5755 ns Started: 5745 ns Scope: /tb_top/u_mon File: /run/media/sackb/Windows-SSD/Users/sackb/OneDrive/Desktop/University/Course_Work/2025-2026/Spring_2026/ECE_410/ECE410/project/post_m3_Minor_Redesign/tb/tb_top.sv Line:256
Error: AXI MONITOR: core_C changed while core is idle
Time: 5755 ns  Iteration: 0  Process: /tb_top/u_mon//tb_top/u_mon  Scope: tb_top.u_mon  File: /run/media/sackb/Windows-SSD/Users/sackb/OneDrive/Desktop/University/Course_Work/2025-2026/Spring_2026/ECE_410/ECE410/project/post_m3_Minor_Redesign/tb/tb_top.sv Line: 257

Time: 5765 ns Started: 5755 ns Scope: /tb_top/u_mon File: /run/media/sackb/Windows-SSD/Users/sackb/OneDrive/Desktop/University/Course_Work/2025-2026/Spring_2026/ECE_410/ECE410/project/post_m3_Minor_Redesign/tb/tb_top.sv Line:256
Error: AXI MONITOR: core_C changed while core is idle
Time: 5765 ns  Iteration: 0  Process: /tb_top/u_mon//tb_top/u_mon  Scope: tb_top.u_mon  File: /run/media/sackb/Windows-SSD/Users/sackb/OneDrive/Desktop/University/Course_Work/2025-2026/Spring_2026/ECE_410/ECE410/project/post_m3_Minor_Redesign/tb/tb_top.sv Line: 257

Time: 5775 ns Started: 5765 ns Scope: /tb_top/u_mon File: /run/media/sackb/Windows-SSD/Users/sackb/OneDrive/Desktop/University/Course_Work/2025-2026/Spring_2026/ECE_410/ECE410/project/post_m3_Minor_Redesign/tb/tb_top.sv Line:256
Error: AXI MONITOR: core_C changed while core is idle
Time: 5775 ns  Iteration: 0  Process: /tb_top/u_mon//tb_top/u_mon  Scope: tb_top.u_mon  File: /run/media/sackb/Windows-SSD/Users/sackb/OneDrive/Desktop/University/Course_Work/2025-2026/Spring_2026/ECE_410/ECE410/project/post_m3_Minor_Redesign/tb/tb_top.sv Line: 257

Time: 5785 ns Started: 5775 ns Scope: /tb_top/u_mon File: /run/media/sackb/Windows-SSD/Users/sackb/OneDrive/Desktop/University/Course_Work/2025-2026/Spring_2026/ECE_410/ECE410/project/post_m3_Minor_Redesign/tb/tb_top.sv Line:256
Error: AXI MONITOR: core_C changed while core is idle
Time: 5785 ns  Iteration: 0  Process: /tb_top/u_mon//tb_top/u_mon  Scope: tb_top.u_mon  File: /run/media/sackb/Windows-SSD/Users/sackb/OneDrive/Desktop/University/Course_Work/2025-2026/Spring_2026/ECE_410/ECE410/project/post_m3_Minor_Redesign/tb/tb_top.sv Line: 257

Time: 5795 ns Started: 5785 ns Scope: /tb_top/u_mon File: /run/media/sackb/Windows-SSD/Users/sackb/OneDrive/Desktop/University/Course_Work/2025-2026/Spring_2026/ECE_410/ECE410/project/post_m3_Minor_Redesign/tb/tb_top.sv Line:256
Error: AXI MONITOR: core_C changed while core is idle
Time: 5795 ns  Iteration: 0  Process: /tb_top/u_mon//tb_top/u_mon  Scope: tb_top.u_mon  File: /run/media/sackb/Windows-SSD/Users/sackb/OneDrive/Desktop/University/Course_Work/2025-2026/Spring_2026/ECE_410/ECE410/project/post_m3_Minor_Redesign/tb/tb_top.sv Line: 257

Time: 5805 ns Started: 5795 ns Scope: /tb_top/u_mon File: /run/media/sackb/Windows-SSD/Users/sackb/OneDrive/Desktop/University/Course_Work/2025-2026/Spring_2026/ECE_410/ECE410/project/post_m3_Minor_Redesign/tb/tb_top.sv Line:256
Error: AXI MONITOR: core_C changed while core is idle
Time: 5805 ns  Iteration: 0  Process: /tb_top/u_mon//tb_top/u_mon  Scope: tb_top.u_mon  File: /run/media/sackb/Windows-SSD/Users/sackb/OneDrive/Desktop/University/Course_Work/2025-2026/Spring_2026/ECE_410/ECE410/project/post_m3_Minor_Redesign/tb/tb_top.sv Line: 257

Time: 5815 ns Started: 5805 ns Scope: /tb_top/u_mon File: /run/media/sackb/Windows-SSD/Users/sackb/OneDrive/Desktop/University/Course_Work/2025-2026/Spring_2026/ECE_410/ECE410/project/post_m3_Minor_Redesign/tb/tb_top.sv Line:256
Error: AXI MONITOR: core_C changed while core is idle
Time: 5815 ns  Iteration: 0  Process: /tb_top/u_mon//tb_top/u_mon  Scope: tb_top.u_mon  File: /run/media/sackb/Windows-SSD/Users/sackb/OneDrive/Desktop/University/Course_Work/2025-2026/Spring_2026/ECE_410/ECE410/project/post_m3_Minor_Redesign/tb/tb_top.sv Line: 257

Time: 5825 ns Started: 5815 ns Scope: /tb_top/u_mon File: /run/media/sackb/Windows-SSD/Users/sackb/OneDrive/Desktop/University/Course_Work/2025-2026/Spring_2026/ECE_410/ECE410/project/post_m3_Minor_Redesign/tb/tb_top.sv Line:256
Error: AXI MONITOR: core_C changed while core is idle
Time: 5825 ns  Iteration: 0  Process: /tb_top/u_mon//tb_top/u_mon  Scope: tb_top.u_mon  File: /run/media/sackb/Windows-SSD/Users/sackb/OneDrive/Desktop/University/Course_Work/2025-2026/Spring_2026/ECE_410/ECE410/project/post_m3_Minor_Redesign/tb/tb_top.sv Line: 257

Time: 5835 ns Started: 5825 ns Scope: /tb_top/u_mon File: /run/media/sackb/Windows-SSD/Users/sackb/OneDrive/Desktop/University/Course_Work/2025-2026/Spring_2026/ECE_410/ECE410/project/post_m3_Minor_Redesign/tb/tb_top.sv Line:256
Error: AXI MONITOR: core_C changed while core is idle
Time: 5835 ns  Iteration: 0  Process: /tb_top/u_mon//tb_top/u_mon  Scope: tb_top.u_mon  File: /run/media/sackb/Windows-SSD/Users/sackb/OneDrive/Desktop/University/Course_Work/2025-2026/Spring_2026/ECE_410/ECE410/project/post_m3_Minor_Redesign/tb/tb_top.sv Line: 257

Time: 5845 ns Started: 5835 ns Scope: /tb_top/u_mon File: /run/media/sackb/Windows-SSD/Users/sackb/OneDrive/Desktop/University/Course_Work/2025-2026/Spring_2026/ECE_410/ECE410/project/post_m3_Minor_Redesign/tb/tb_top.sv Line:256
Error: AXI MONITOR: core_C changed while core is idle
Time: 5845 ns  Iteration: 0  Process: /tb_top/u_mon//tb_top/u_mon  Scope: tb_top.u_mon  File: /run/media/sackb/Windows-SSD/Users/sackb/OneDrive/Desktop/University/Course_Work/2025-2026/Spring_2026/ECE_410/ECE410/project/post_m3_Minor_Redesign/tb/tb_top.sv Line: 257

Time: 5855 ns Started: 5845 ns Scope: /tb_top/u_mon File: /run/media/sackb/Windows-SSD/Users/sackb/OneDrive/Desktop/University/Course_Work/2025-2026/Spring_2026/ECE_410/ECE410/project/post_m3_Minor_Redesign/tb/tb_top.sv Line:256
Error: AXI MONITOR: core_C changed while core is idle
Time: 5855 ns  Iteration: 0  Process: /tb_top/u_mon//tb_top/u_mon  Scope: tb_top.u_mon  File: /run/media/sackb/Windows-SSD/Users/sackb/OneDrive/Desktop/University/Course_Work/2025-2026/Spring_2026/ECE_410/ECE410/project/post_m3_Minor_Redesign/tb/tb_top.sv Line: 257

Time: 5865 ns Started: 5855 ns Scope: /tb_top/u_mon File: /run/media/sackb/Windows-SSD/Users/sackb/OneDrive/Desktop/University/Course_Work/2025-2026/Spring_2026/ECE_410/ECE410/project/post_m3_Minor_Redesign/tb/tb_top.sv Line:256
Error: AXI MONITOR: core_C changed while core is idle
Time: 5865 ns  Iteration: 0  Process: /tb_top/u_mon//tb_top/u_mon  Scope: tb_top.u_mon  File: /run/media/sackb/Windows-SSD/Users/sackb/OneDrive/Desktop/University/Course_Work/2025-2026/Spring_2026/ECE_410/ECE410/project/post_m3_Minor_Redesign/tb/tb_top.sv Line: 257

Time: 5875 ns Started: 5865 ns Scope: /tb_top/u_mon File: /run/media/sackb/Windows-SSD/Users/sackb/OneDrive/Desktop/University/Course_Work/2025-2026/Spring_2026/ECE_410/ECE410/project/post_m3_Minor_Redesign/tb/tb_top.sv Line:256
Error: AXI MONITOR: core_C changed while core is idle
Time: 5875 ns  Iteration: 0  Process: /tb_top/u_mon//tb_top/u_mon  Scope: tb_top.u_mon  File: /run/media/sackb/Windows-SSD/Users/sackb/OneDrive/Desktop/University/Course_Work/2025-2026/Spring_2026/ECE_410/ECE410/project/post_m3_Minor_Redesign/tb/tb_top.sv Line: 257

Time: 5885 ns Started: 5875 ns Scope: /tb_top/u_mon File: /run/media/sackb/Windows-SSD/Users/sackb/OneDrive/Desktop/University/Course_Work/2025-2026/Spring_2026/ECE_410/ECE410/project/post_m3_Minor_Redesign/tb/tb_top.sv Line:256
Error: AXI MONITOR: core_C changed while core is idle
Time: 5885 ns  Iteration: 0  Process: /tb_top/u_mon//tb_top/u_mon  Scope: tb_top.u_mon  File: /run/media/sackb/Windows-SSD/Users/sackb/OneDrive/Desktop/University/Course_Work/2025-2026/Spring_2026/ECE_410/ECE410/project/post_m3_Minor_Redesign/tb/tb_top.sv Line: 257

Time: 5895 ns Started: 5885 ns Scope: /tb_top/u_mon File: /run/media/sackb/Windows-SSD/Users/sackb/OneDrive/Desktop/University/Course_Work/2025-2026/Spring_2026/ECE_410/ECE410/project/post_m3_Minor_Redesign/tb/tb_top.sv Line:256
Error: AXI MONITOR: core_C changed while core is idle
Time: 5895 ns  Iteration: 0  Process: /tb_top/u_mon//tb_top/u_mon  Scope: tb_top.u_mon  File: /run/media/sackb/Windows-SSD/Users/sackb/OneDrive/Desktop/University/Course_Work/2025-2026/Spring_2026/ECE_410/ECE410/project/post_m3_Minor_Redesign/tb/tb_top.sv Line: 257

Time: 5905 ns Started: 5895 ns Scope: /tb_top/u_mon File: /run/media/sackb/Windows-SSD/Users/sackb/OneDrive/Desktop/University/Course_Work/2025-2026/Spring_2026/ECE_410/ECE410/project/post_m3_Minor_Redesign/tb/tb_top.sv Line:256
Error: AXI MONITOR: core_C changed while core is idle
Time: 5905 ns  Iteration: 0  Process: /tb_top/u_mon//tb_top/u_mon  Scope: tb_top.u_mon  File: /run/media/sackb/Windows-SSD/Users/sackb/OneDrive/Desktop/University/Course_Work/2025-2026/Spring_2026/ECE_410/ECE410/project/post_m3_Minor_Redesign/tb/tb_top.sv Line: 257

Time: 5915 ns Started: 5905 ns Scope: /tb_top/u_mon File: /run/media/sackb/Windows-SSD/Users/sackb/OneDrive/Desktop/University/Course_Work/2025-2026/Spring_2026/ECE_410/ECE410/project/post_m3_Minor_Redesign/tb/tb_top.sv Line:256
Error: AXI MONITOR: core_C changed while core is idle
Time: 5915 ns  Iteration: 0  Process: /tb_top/u_mon//tb_top/u_mon  Scope: tb_top.u_mon  File: /run/media/sackb/Windows-SSD/Users/sackb/OneDrive/Desktop/University/Course_Work/2025-2026/Spring_2026/ECE_410/ECE410/project/post_m3_Minor_Redesign/tb/tb_top.sv Line: 257

Time: 5925 ns Started: 5915 ns Scope: /tb_top/u_mon File: /run/media/sackb/Windows-SSD/Users/sackb/OneDrive/Desktop/University/Course_Work/2025-2026/Spring_2026/ECE_410/ECE410/project/post_m3_Minor_Redesign/tb/tb_top.sv Line:256
Error: AXI MONITOR: core_C changed while core is idle
Time: 5925 ns  Iteration: 0  Process: /tb_top/u_mon//tb_top/u_mon  Scope: tb_top.u_mon  File: /run/media/sackb/Windows-SSD/Users/sackb/OneDrive/Desktop/University/Course_Work/2025-2026/Spring_2026/ECE_410/ECE410/project/post_m3_Minor_Redesign/tb/tb_top.sv Line: 257

Time: 5935 ns Started: 5925 ns Scope: /tb_top/u_mon File: /run/media/sackb/Windows-SSD/Users/sackb/OneDrive/Desktop/University/Course_Work/2025-2026/Spring_2026/ECE_410/ECE410/project/post_m3_Minor_Redesign/tb/tb_top.sv Line:256
Error: AXI MONITOR: core_C changed while core is idle
Time: 5935 ns  Iteration: 0  Process: /tb_top/u_mon//tb_top/u_mon  Scope: tb_top.u_mon  File: /run/media/sackb/Windows-SSD/Users/sackb/OneDrive/Desktop/University/Course_Work/2025-2026/Spring_2026/ECE_410/ECE410/project/post_m3_Minor_Redesign/tb/tb_top.sv Line: 257

Time: 5945 ns Started: 5935 ns Scope: /tb_top/u_mon File: /run/media/sackb/Windows-SSD/Users/sackb/OneDrive/Desktop/University/Course_Work/2025-2026/Spring_2026/ECE_410/ECE410/project/post_m3_Minor_Redesign/tb/tb_top.sv Line:256
Error: AXI MONITOR: core_C changed while core is idle
Time: 5945 ns  Iteration: 0  Process: /tb_top/u_mon//tb_top/u_mon  Scope: tb_top.u_mon  File: /run/media/sackb/Windows-SSD/Users/sackb/OneDrive/Desktop/University/Course_Work/2025-2026/Spring_2026/ECE_410/ECE410/project/post_m3_Minor_Redesign/tb/tb_top.sv Line: 257

Time: 5955 ns Started: 5945 ns Scope: /tb_top/u_mon File: /run/media/sackb/Windows-SSD/Users/sackb/OneDrive/Desktop/University/Course_Work/2025-2026/Spring_2026/ECE_410/ECE410/project/post_m3_Minor_Redesign/tb/tb_top.sv Line:256
Error: AXI MONITOR: core_C changed while core is idle
Time: 5955 ns  Iteration: 0  Process: /tb_top/u_mon//tb_top/u_mon  Scope: tb_top.u_mon  File: /run/media/sackb/Windows-SSD/Users/sackb/OneDrive/Desktop/University/Course_Work/2025-2026/Spring_2026/ECE_410/ECE410/project/post_m3_Minor_Redesign/tb/tb_top.sv Line: 257

Time: 5965 ns Started: 5955 ns Scope: /tb_top/u_mon File: /run/media/sackb/Windows-SSD/Users/sackb/OneDrive/Desktop/University/Course_Work/2025-2026/Spring_2026/ECE_410/ECE410/project/post_m3_Minor_Redesign/tb/tb_top.sv Line:256
Error: AXI MONITOR: core_C changed while core is idle
Time: 5965 ns  Iteration: 0  Process: /tb_top/u_mon//tb_top/u_mon  Scope: tb_top.u_mon  File: /run/media/sackb/Windows-SSD/Users/sackb/OneDrive/Desktop/University/Course_Work/2025-2026/Spring_2026/ECE_410/ECE410/project/post_m3_Minor_Redesign/tb/tb_top.sv Line: 257

Time: 5975 ns Started: 5965 ns Scope: /tb_top/u_mon File: /run/media/sackb/Windows-SSD/Users/sackb/OneDrive/Desktop/University/Course_Work/2025-2026/Spring_2026/ECE_410/ECE410/project/post_m3_Minor_Redesign/tb/tb_top.sv Line:256
Error: AXI MONITOR: core_C changed while core is idle
Time: 5975 ns  Iteration: 0  Process: /tb_top/u_mon//tb_top/u_mon  Scope: tb_top.u_mon  File: /run/media/sackb/Windows-SSD/Users/sackb/OneDrive/Desktop/University/Course_Work/2025-2026/Spring_2026/ECE_410/ECE410/project/post_m3_Minor_Redesign/tb/tb_top.sv Line: 257

Time: 5985 ns Started: 5975 ns Scope: /tb_top/u_mon File: /run/media/sackb/Windows-SSD/Users/sackb/OneDrive/Desktop/University/Course_Work/2025-2026/Spring_2026/ECE_410/ECE410/project/post_m3_Minor_Redesign/tb/tb_top.sv Line:256
Error: AXI MONITOR: core_C changed while core is idle
Time: 5985 ns  Iteration: 0  Process: /tb_top/u_mon//tb_top/u_mon  Scope: tb_top.u_mon  File: /run/media/sackb/Windows-SSD/Users/sackb/OneDrive/Desktop/University/Course_Work/2025-2026/Spring_2026/ECE_410/ECE410/project/post_m3_Minor_Redesign/tb/tb_top.sv Line: 257

Time: 5995 ns Started: 5985 ns Scope: /tb_top/u_mon File: /run/media/sackb/Windows-SSD/Users/sackb/OneDrive/Desktop/University/Course_Work/2025-2026/Spring_2026/ECE_410/ECE410/project/post_m3_Minor_Redesign/tb/tb_top.sv Line:256
Error: AXI MONITOR: core_C changed while core is idle
Time: 5995 ns  Iteration: 0  Process: /tb_top/u_mon//tb_top/u_mon  Scope: tb_top.u_mon  File: /run/media/sackb/Windows-SSD/Users/sackb/OneDrive/Desktop/University/Course_Work/2025-2026/Spring_2026/ECE_410/ECE410/project/post_m3_Minor_Redesign/tb/tb_top.sv Line: 257

Time: 6005 ns Started: 5995 ns Scope: /tb_top/u_mon File: /run/media/sackb/Windows-SSD/Users/sackb/OneDrive/Desktop/University/Course_Work/2025-2026/Spring_2026/ECE_410/ECE410/project/post_m3_Minor_Redesign/tb/tb_top.sv Line:256
Error: AXI MONITOR: core_C changed while core is idle
Time: 6005 ns  Iteration: 0  Process: /tb_top/u_mon//tb_top/u_mon  Scope: tb_top.u_mon  File: /run/media/sackb/Windows-SSD/Users/sackb/OneDrive/Desktop/University/Course_Work/2025-2026/Spring_2026/ECE_410/ECE410/project/post_m3_Minor_Redesign/tb/tb_top.sv Line: 257

Time: 6015 ns Started: 6005 ns Scope: /tb_top/u_mon File: /run/media/sackb/Windows-SSD/Users/sackb/OneDrive/Desktop/University/Course_Work/2025-2026/Spring_2026/ECE_410/ECE410/project/post_m3_Minor_Redesign/tb/tb_top.sv Line:256
Error: AXI MONITOR: core_C changed while core is idle
Time: 6015 ns  Iteration: 0  Process: /tb_top/u_mon//tb_top/u_mon  Scope: tb_top.u_mon  File: /run/media/sackb/Windows-SSD/Users/sackb/OneDrive/Desktop/University/Course_Work/2025-2026/Spring_2026/ECE_410/ECE410/project/post_m3_Minor_Redesign/tb/tb_top.sv Line: 257

Time: 6025 ns Started: 6015 ns Scope: /tb_top/u_mon File: /run/media/sackb/Windows-SSD/Users/sackb/OneDrive/Desktop/University/Course_Work/2025-2026/Spring_2026/ECE_410/ECE410/project/post_m3_Minor_Redesign/tb/tb_top.sv Line:256
Error: AXI MONITOR: core_C changed while core is idle
Time: 6025 ns  Iteration: 0  Process: /tb_top/u_mon//tb_top/u_mon  Scope: tb_top.u_mon  File: /run/media/sackb/Windows-SSD/Users/sackb/OneDrive/Desktop/University/Course_Work/2025-2026/Spring_2026/ECE_410/ECE410/project/post_m3_Minor_Redesign/tb/tb_top.sv Line: 257

Time: 6035 ns Started: 6025 ns Scope: /tb_top/u_mon File: /run/media/sackb/Windows-SSD/Users/sackb/OneDrive/Desktop/University/Course_Work/2025-2026/Spring_2026/ECE_410/ECE410/project/post_m3_Minor_Redesign/tb/tb_top.sv Line:256
Error: AXI MONITOR: core_C changed while core is idle
Time: 6035 ns  Iteration: 0  Process: /tb_top/u_mon//tb_top/u_mon  Scope: tb_top.u_mon  File: /run/media/sackb/Windows-SSD/Users/sackb/OneDrive/Desktop/University/Course_Work/2025-2026/Spring_2026/ECE_410/ECE410/project/post_m3_Minor_Redesign/tb/tb_top.sv Line: 257

Time: 6045 ns Started: 6035 ns Scope: /tb_top/u_mon File: /run/media/sackb/Windows-SSD/Users/sackb/OneDrive/Desktop/University/Course_Work/2025-2026/Spring_2026/ECE_410/ECE410/project/post_m3_Minor_Redesign/tb/tb_top.sv Line:256
Error: AXI MONITOR: core_C changed while core is idle
Time: 6045 ns  Iteration: 0  Process: /tb_top/u_mon//tb_top/u_mon  Scope: tb_top.u_mon  File: /run/media/sackb/Windows-SSD/Users/sackb/OneDrive/Desktop/University/Course_Work/2025-2026/Spring_2026/ECE_410/ECE410/project/post_m3_Minor_Redesign/tb/tb_top.sv Line: 257

Time: 6055 ns Started: 6045 ns Scope: /tb_top/u_mon File: /run/media/sackb/Windows-SSD/Users/sackb/OneDrive/Desktop/University/Course_Work/2025-2026/Spring_2026/ECE_410/ECE410/project/post_m3_Minor_Redesign/tb/tb_top.sv Line:256
Error: AXI MONITOR: core_C changed while core is idle
Time: 6055 ns  Iteration: 0  Process: /tb_top/u_mon//tb_top/u_mon  Scope: tb_top.u_mon  File: /run/media/sackb/Windows-SSD/Users/sackb/OneDrive/Desktop/University/Course_Work/2025-2026/Spring_2026/ECE_410/ECE410/project/post_m3_Minor_Redesign/tb/tb_top.sv Line: 257

Time: 6065 ns Started: 6055 ns Scope: /tb_top/u_mon File: /run/media/sackb/Windows-SSD/Users/sackb/OneDrive/Desktop/University/Course_Work/2025-2026/Spring_2026/ECE_410/ECE410/project/post_m3_Minor_Redesign/tb/tb_top.sv Line:256
Error: AXI MONITOR: core_C changed while core is idle
Time: 6065 ns  Iteration: 0  Process: /tb_top/u_mon//tb_top/u_mon  Scope: tb_top.u_mon  File: /run/media/sackb/Windows-SSD/Users/sackb/OneDrive/Desktop/University/Course_Work/2025-2026/Spring_2026/ECE_410/ECE410/project/post_m3_Minor_Redesign/tb/tb_top.sv Line: 257

Time: 6075 ns Started: 6065 ns Scope: /tb_top/u_mon File: /run/media/sackb/Windows-SSD/Users/sackb/OneDrive/Desktop/University/Course_Work/2025-2026/Spring_2026/ECE_410/ECE410/project/post_m3_Minor_Redesign/tb/tb_top.sv Line:256
Error: AXI MONITOR: core_C changed while core is idle
Time: 6075 ns  Iteration: 0  Process: /tb_top/u_mon//tb_top/u_mon  Scope: tb_top.u_mon  File: /run/media/sackb/Windows-SSD/Users/sackb/OneDrive/Desktop/University/Course_Work/2025-2026/Spring_2026/ECE_410/ECE410/project/post_m3_Minor_Redesign/tb/tb_top.sv Line: 257

Time: 6085 ns Started: 6075 ns Scope: /tb_top/u_mon File: /run/media/sackb/Windows-SSD/Users/sackb/OneDrive/Desktop/University/Course_Work/2025-2026/Spring_2026/ECE_410/ECE410/project/post_m3_Minor_Redesign/tb/tb_top.sv Line:256
Error: AXI MONITOR: core_C changed while core is idle
Time: 6085 ns  Iteration: 0  Process: /tb_top/u_mon//tb_top/u_mon  Scope: tb_top.u_mon  File: /run/media/sackb/Windows-SSD/Users/sackb/OneDrive/Desktop/University/Course_Work/2025-2026/Spring_2026/ECE_410/ECE410/project/post_m3_Minor_Redesign/tb/tb_top.sv Line: 257

Time: 6095 ns Started: 6085 ns Scope: /tb_top/u_mon File: /run/media/sackb/Windows-SSD/Users/sackb/OneDrive/Desktop/University/Course_Work/2025-2026/Spring_2026/ECE_410/ECE410/project/post_m3_Minor_Redesign/tb/tb_top.sv Line:256
Error: AXI MONITOR: core_C changed while core is idle
Time: 6095 ns  Iteration: 0  Process: /tb_top/u_mon//tb_top/u_mon  Scope: tb_top.u_mon  File: /run/media/sackb/Windows-SSD/Users/sackb/OneDrive/Desktop/University/Course_Work/2025-2026/Spring_2026/ECE_410/ECE410/project/post_m3_Minor_Redesign/tb/tb_top.sv Line: 257

Time: 6105 ns Started: 6095 ns Scope: /tb_top/u_mon File: /run/media/sackb/Windows-SSD/Users/sackb/OneDrive/Desktop/University/Course_Work/2025-2026/Spring_2026/ECE_410/ECE410/project/post_m3_Minor_Redesign/tb/tb_top.sv Line:256
Error: AXI MONITOR: core_C changed while core is idle
Time: 6105 ns  Iteration: 0  Process: /tb_top/u_mon//tb_top/u_mon  Scope: tb_top.u_mon  File: /run/media/sackb/Windows-SSD/Users/sackb/OneDrive/Desktop/University/Course_Work/2025-2026/Spring_2026/ECE_410/ECE410/project/post_m3_Minor_Redesign/tb/tb_top.sv Line: 257

Time: 6115 ns Started: 6105 ns Scope: /tb_top/u_mon File: /run/media/sackb/Windows-SSD/Users/sackb/OneDrive/Desktop/University/Course_Work/2025-2026/Spring_2026/ECE_410/ECE410/project/post_m3_Minor_Redesign/tb/tb_top.sv Line:256
Error: AXI MONITOR: core_C changed while core is idle
Time: 6115 ns  Iteration: 0  Process: /tb_top/u_mon//tb_top/u_mon  Scope: tb_top.u_mon  File: /run/media/sackb/Windows-SSD/Users/sackb/OneDrive/Desktop/University/Course_Work/2025-2026/Spring_2026/ECE_410/ECE410/project/post_m3_Minor_Redesign/tb/tb_top.sv Line: 257

Time: 6125 ns Started: 6115 ns Scope: /tb_top/u_mon File: /run/media/sackb/Windows-SSD/Users/sackb/OneDrive/Desktop/University/Course_Work/2025-2026/Spring_2026/ECE_410/ECE410/project/post_m3_Minor_Redesign/tb/tb_top.sv Line:256
Error: AXI MONITOR: core_C changed while core is idle
Time: 6125 ns  Iteration: 0  Process: /tb_top/u_mon//tb_top/u_mon  Scope: tb_top.u_mon  File: /run/media/sackb/Windows-SSD/Users/sackb/OneDrive/Desktop/University/Course_Work/2025-2026/Spring_2026/ECE_410/ECE410/project/post_m3_Minor_Redesign/tb/tb_top.sv Line: 257

Time: 6135 ns Started: 6125 ns Scope: /tb_top/u_mon File: /run/media/sackb/Windows-SSD/Users/sackb/OneDrive/Desktop/University/Course_Work/2025-2026/Spring_2026/ECE_410/ECE410/project/post_m3_Minor_Redesign/tb/tb_top.sv Line:256
Error: AXI MONITOR: core_C changed while core is idle
Time: 6135 ns  Iteration: 0  Process: /tb_top/u_mon//tb_top/u_mon  Scope: tb_top.u_mon  File: /run/media/sackb/Windows-SSD/Users/sackb/OneDrive/Desktop/University/Course_Work/2025-2026/Spring_2026/ECE_410/ECE410/project/post_m3_Minor_Redesign/tb/tb_top.sv Line: 257

Time: 6145 ns Started: 6135 ns Scope: /tb_top/u_mon File: /run/media/sackb/Windows-SSD/Users/sackb/OneDrive/Desktop/University/Course_Work/2025-2026/Spring_2026/ECE_410/ECE410/project/post_m3_Minor_Redesign/tb/tb_top.sv Line:256
Error: AXI MONITOR: core_C changed while core is idle
Time: 6145 ns  Iteration: 0  Process: /tb_top/u_mon//tb_top/u_mon  Scope: tb_top.u_mon  File: /run/media/sackb/Windows-SSD/Users/sackb/OneDrive/Desktop/University/Course_Work/2025-2026/Spring_2026/ECE_410/ECE410/project/post_m3_Minor_Redesign/tb/tb_top.sv Line: 257

Time: 6155 ns Started: 6145 ns Scope: /tb_top/u_mon File: /run/media/sackb/Windows-SSD/Users/sackb/OneDrive/Desktop/University/Course_Work/2025-2026/Spring_2026/ECE_410/ECE410/project/post_m3_Minor_Redesign/tb/tb_top.sv Line:256
Error: AXI MONITOR: core_C changed while core is idle
Time: 6155 ns  Iteration: 0  Process: /tb_top/u_mon//tb_top/u_mon  Scope: tb_top.u_mon  File: /run/media/sackb/Windows-SSD/Users/sackb/OneDrive/Desktop/University/Course_Work/2025-2026/Spring_2026/ECE_410/ECE410/project/post_m3_Minor_Redesign/tb/tb_top.sv Line: 257

Time: 6165 ns Started: 6155 ns Scope: /tb_top/u_mon File: /run/media/sackb/Windows-SSD/Users/sackb/OneDrive/Desktop/University/Course_Work/2025-2026/Spring_2026/ECE_410/ECE410/project/post_m3_Minor_Redesign/tb/tb_top.sv Line:256
Error: AXI MONITOR: core_C changed while core is idle
Time: 6165 ns  Iteration: 0  Process: /tb_top/u_mon//tb_top/u_mon  Scope: tb_top.u_mon  File: /run/media/sackb/Windows-SSD/Users/sackb/OneDrive/Desktop/University/Course_Work/2025-2026/Spring_2026/ECE_410/ECE410/project/post_m3_Minor_Redesign/tb/tb_top.sv Line: 257

Time: 6175 ns Started: 6165 ns Scope: /tb_top/u_mon File: /run/media/sackb/Windows-SSD/Users/sackb/OneDrive/Desktop/University/Course_Work/2025-2026/Spring_2026/ECE_410/ECE410/project/post_m3_Minor_Redesign/tb/tb_top.sv Line:256
Error: AXI MONITOR: core_C changed while core is idle
Time: 6175 ns  Iteration: 0  Process: /tb_top/u_mon//tb_top/u_mon  Scope: tb_top.u_mon  File: /run/media/sackb/Windows-SSD/Users/sackb/OneDrive/Desktop/University/Course_Work/2025-2026/Spring_2026/ECE_410/ECE410/project/post_m3_Minor_Redesign/tb/tb_top.sv Line: 257

Time: 6185 ns Started: 6175 ns Scope: /tb_top/u_mon File: /run/media/sackb/Windows-SSD/Users/sackb/OneDrive/Desktop/University/Course_Work/2025-2026/Spring_2026/ECE_410/ECE410/project/post_m3_Minor_Redesign/tb/tb_top.sv Line:256
Error: AXI MONITOR: core_C changed while core is idle
Time: 6185 ns  Iteration: 0  Process: /tb_top/u_mon//tb_top/u_mon  Scope: tb_top.u_mon  File: /run/media/sackb/Windows-SSD/Users/sackb/OneDrive/Desktop/University/Course_Work/2025-2026/Spring_2026/ECE_410/ECE410/project/post_m3_Minor_Redesign/tb/tb_top.sv Line: 257

Time: 6195 ns Started: 6185 ns Scope: /tb_top/u_mon File: /run/media/sackb/Windows-SSD/Users/sackb/OneDrive/Desktop/University/Course_Work/2025-2026/Spring_2026/ECE_410/ECE410/project/post_m3_Minor_Redesign/tb/tb_top.sv Line:256
Error: AXI MONITOR: core_C changed while core is idle
Time: 6195 ns  Iteration: 0  Process: /tb_top/u_mon//tb_top/u_mon  Scope: tb_top.u_mon  File: /run/media/sackb/Windows-SSD/Users/sackb/OneDrive/Desktop/University/Course_Work/2025-2026/Spring_2026/ECE_410/ECE410/project/post_m3_Minor_Redesign/tb/tb_top.sv Line: 257

Time: 6825 ns Started: 6815 ns Scope: /tb_top/u_mon File: /run/media/sackb/Windows-SSD/Users/sackb/OneDrive/Desktop/University/Course_Work/2025-2026/Spring_2026/ECE_410/ECE410/project/post_m3_Minor_Redesign/tb/tb_top.sv Line:256
Error: AXI MONITOR: core_C changed while core is idle
Time: 6825 ns  Iteration: 0  Process: /tb_top/u_mon//tb_top/u_mon  Scope: tb_top.u_mon  File: /run/media/sackb/Windows-SSD/Users/sackb/OneDrive/Desktop/University/Course_Work/2025-2026/Spring_2026/ECE_410/ECE410/project/post_m3_Minor_Redesign/tb/tb_top.sv Line: 257

Time: 6835 ns Started: 6825 ns Scope: /tb_top/u_mon File: /run/media/sackb/Windows-SSD/Users/sackb/OneDrive/Desktop/University/Course_Work/2025-2026/Spring_2026/ECE_410/ECE410/project/post_m3_Minor_Redesign/tb/tb_top.sv Line:256
Error: AXI MONITOR: core_C changed while core is idle
Time: 6835 ns  Iteration: 0  Process: /tb_top/u_mon//tb_top/u_mon  Scope: tb_top.u_mon  File: /run/media/sackb/Windows-SSD/Users/sackb/OneDrive/Desktop/University/Course_Work/2025-2026/Spring_2026/ECE_410/ECE410/project/post_m3_Minor_Redesign/tb/tb_top.sv Line: 257

Time: 6845 ns Started: 6835 ns Scope: /tb_top/u_mon File: /run/media/sackb/Windows-SSD/Users/sackb/OneDrive/Desktop/University/Course_Work/2025-2026/Spring_2026/ECE_410/ECE410/project/post_m3_Minor_Redesign/tb/tb_top.sv Line:256
Error: AXI MONITOR: core_C changed while core is idle
Time: 6845 ns  Iteration: 0  Process: /tb_top/u_mon//tb_top/u_mon  Scope: tb_top.u_mon  File: /run/media/sackb/Windows-SSD/Users/sackb/OneDrive/Desktop/University/Course_Work/2025-2026/Spring_2026/ECE_410/ECE410/project/post_m3_Minor_Redesign/tb/tb_top.sv Line: 257

Time: 6855 ns Started: 6845 ns Scope: /tb_top/u_mon File: /run/media/sackb/Windows-SSD/Users/sackb/OneDrive/Desktop/University/Course_Work/2025-2026/Spring_2026/ECE_410/ECE410/project/post_m3_Minor_Redesign/tb/tb_top.sv Line:256
Error: AXI MONITOR: core_C changed while core is idle
Time: 6855 ns  Iteration: 0  Process: /tb_top/u_mon//tb_top/u_mon  Scope: tb_top.u_mon  File: /run/media/sackb/Windows-SSD/Users/sackb/OneDrive/Desktop/University/Course_Work/2025-2026/Spring_2026/ECE_410/ECE410/project/post_m3_Minor_Redesign/tb/tb_top.sv Line: 257

Time: 6865 ns Started: 6855 ns Scope: /tb_top/u_mon File: /run/media/sackb/Windows-SSD/Users/sackb/OneDrive/Desktop/University/Course_Work/2025-2026/Spring_2026/ECE_410/ECE410/project/post_m3_Minor_Redesign/tb/tb_top.sv Line:256
Error: AXI MONITOR: core_C changed while core is idle
Time: 6865 ns  Iteration: 0  Process: /tb_top/u_mon//tb_top/u_mon  Scope: tb_top.u_mon  File: /run/media/sackb/Windows-SSD/Users/sackb/OneDrive/Desktop/University/Course_Work/2025-2026/Spring_2026/ECE_410/ECE410/project/post_m3_Minor_Redesign/tb/tb_top.sv Line: 257

Time: 6875 ns Started: 6865 ns Scope: /tb_top/u_mon File: /run/media/sackb/Windows-SSD/Users/sackb/OneDrive/Desktop/University/Course_Work/2025-2026/Spring_2026/ECE_410/ECE410/project/post_m3_Minor_Redesign/tb/tb_top.sv Line:256
Error: AXI MONITOR: core_C changed while core is idle
Time: 6875 ns  Iteration: 0  Process: /tb_top/u_mon//tb_top/u_mon  Scope: tb_top.u_mon  File: /run/media/sackb/Windows-SSD/Users/sackb/OneDrive/Desktop/University/Course_Work/2025-2026/Spring_2026/ECE_410/ECE410/project/post_m3_Minor_Redesign/tb/tb_top.sv Line: 257

Time: 6885 ns Started: 6875 ns Scope: /tb_top/u_mon File: /run/media/sackb/Windows-SSD/Users/sackb/OneDrive/Desktop/University/Course_Work/2025-2026/Spring_2026/ECE_410/ECE410/project/post_m3_Minor_Redesign/tb/tb_top.sv Line:256
Error: AXI MONITOR: core_C changed while core is idle
Time: 6885 ns  Iteration: 0  Process: /tb_top/u_mon//tb_top/u_mon  Scope: tb_top.u_mon  File: /run/media/sackb/Windows-SSD/Users/sackb/OneDrive/Desktop/University/Course_Work/2025-2026/Spring_2026/ECE_410/ECE410/project/post_m3_Minor_Redesign/tb/tb_top.sv Line: 257

Time: 6895 ns Started: 6885 ns Scope: /tb_top/u_mon File: /run/media/sackb/Windows-SSD/Users/sackb/OneDrive/Desktop/University/Course_Work/2025-2026/Spring_2026/ECE_410/ECE410/project/post_m3_Minor_Redesign/tb/tb_top.sv Line:256
Error: AXI MONITOR: core_C changed while core is idle
Time: 6895 ns  Iteration: 0  Process: /tb_top/u_mon//tb_top/u_mon  Scope: tb_top.u_mon  File: /run/media/sackb/Windows-SSD/Users/sackb/OneDrive/Desktop/University/Course_Work/2025-2026/Spring_2026/ECE_410/ECE410/project/post_m3_Minor_Redesign/tb/tb_top.sv Line: 257

Time: 6905 ns Started: 6895 ns Scope: /tb_top/u_mon File: /run/media/sackb/Windows-SSD/Users/sackb/OneDrive/Desktop/University/Course_Work/2025-2026/Spring_2026/ECE_410/ECE410/project/post_m3_Minor_Redesign/tb/tb_top.sv Line:256
Error: AXI MONITOR: core_C changed while core is idle
Time: 6905 ns  Iteration: 0  Process: /tb_top/u_mon//tb_top/u_mon  Scope: tb_top.u_mon  File: /run/media/sackb/Windows-SSD/Users/sackb/OneDrive/Desktop/University/Course_Work/2025-2026/Spring_2026/ECE_410/ECE410/project/post_m3_Minor_Redesign/tb/tb_top.sv Line: 257

Time: 6915 ns Started: 6905 ns Scope: /tb_top/u_mon File: /run/media/sackb/Windows-SSD/Users/sackb/OneDrive/Desktop/University/Course_Work/2025-2026/Spring_2026/ECE_410/ECE410/project/post_m3_Minor_Redesign/tb/tb_top.sv Line:256
Error: AXI MONITOR: core_C changed while core is idle
Time: 6915 ns  Iteration: 0  Process: /tb_top/u_mon//tb_top/u_mon  Scope: tb_top.u_mon  File: /run/media/sackb/Windows-SSD/Users/sackb/OneDrive/Desktop/University/Course_Work/2025-2026/Spring_2026/ECE_410/ECE410/project/post_m3_Minor_Redesign/tb/tb_top.sv Line: 257

Time: 6925 ns Started: 6915 ns Scope: /tb_top/u_mon File: /run/media/sackb/Windows-SSD/Users/sackb/OneDrive/Desktop/University/Course_Work/2025-2026/Spring_2026/ECE_410/ECE410/project/post_m3_Minor_Redesign/tb/tb_top.sv Line:256
Error: AXI MONITOR: core_C changed while core is idle
Time: 6925 ns  Iteration: 0  Process: /tb_top/u_mon//tb_top/u_mon  Scope: tb_top.u_mon  File: /run/media/sackb/Windows-SSD/Users/sackb/OneDrive/Desktop/University/Course_Work/2025-2026/Spring_2026/ECE_410/ECE410/project/post_m3_Minor_Redesign/tb/tb_top.sv Line: 257

Time: 6935 ns Started: 6925 ns Scope: /tb_top/u_mon File: /run/media/sackb/Windows-SSD/Users/sackb/OneDrive/Desktop/University/Course_Work/2025-2026/Spring_2026/ECE_410/ECE410/project/post_m3_Minor_Redesign/tb/tb_top.sv Line:256
Error: AXI MONITOR: core_C changed while core is idle
Time: 6935 ns  Iteration: 0  Process: /tb_top/u_mon//tb_top/u_mon  Scope: tb_top.u_mon  File: /run/media/sackb/Windows-SSD/Users/sackb/OneDrive/Desktop/University/Course_Work/2025-2026/Spring_2026/ECE_410/ECE410/project/post_m3_Minor_Redesign/tb/tb_top.sv Line: 257

Time: 6945 ns Started: 6935 ns Scope: /tb_top/u_mon File: /run/media/sackb/Windows-SSD/Users/sackb/OneDrive/Desktop/University/Course_Work/2025-2026/Spring_2026/ECE_410/ECE410/project/post_m3_Minor_Redesign/tb/tb_top.sv Line:256
Error: AXI MONITOR: core_C changed while core is idle
Time: 6945 ns  Iteration: 0  Process: /tb_top/u_mon//tb_top/u_mon  Scope: tb_top.u_mon  File: /run/media/sackb/Windows-SSD/Users/sackb/OneDrive/Desktop/University/Course_Work/2025-2026/Spring_2026/ECE_410/ECE410/project/post_m3_Minor_Redesign/tb/tb_top.sv Line: 257

Time: 6955 ns Started: 6945 ns Scope: /tb_top/u_mon File: /run/media/sackb/Windows-SSD/Users/sackb/OneDrive/Desktop/University/Course_Work/2025-2026/Spring_2026/ECE_410/ECE410/project/post_m3_Minor_Redesign/tb/tb_top.sv Line:256
Error: AXI MONITOR: core_C changed while core is idle
Time: 6955 ns  Iteration: 0  Process: /tb_top/u_mon//tb_top/u_mon  Scope: tb_top.u_mon  File: /run/media/sackb/Windows-SSD/Users/sackb/OneDrive/Desktop/University/Course_Work/2025-2026/Spring_2026/ECE_410/ECE410/project/post_m3_Minor_Redesign/tb/tb_top.sv Line: 257

Time: 6965 ns Started: 6955 ns Scope: /tb_top/u_mon File: /run/media/sackb/Windows-SSD/Users/sackb/OneDrive/Desktop/University/Course_Work/2025-2026/Spring_2026/ECE_410/ECE410/project/post_m3_Minor_Redesign/tb/tb_top.sv Line:256
Error: AXI MONITOR: core_C changed while core is idle
Time: 6965 ns  Iteration: 0  Process: /tb_top/u_mon//tb_top/u_mon  Scope: tb_top.u_mon  File: /run/media/sackb/Windows-SSD/Users/sackb/OneDrive/Desktop/University/Course_Work/2025-2026/Spring_2026/ECE_410/ECE410/project/post_m3_Minor_Redesign/tb/tb_top.sv Line: 257

Time: 6975 ns Started: 6965 ns Scope: /tb_top/u_mon File: /run/media/sackb/Windows-SSD/Users/sackb/OneDrive/Desktop/University/Course_Work/2025-2026/Spring_2026/ECE_410/ECE410/project/post_m3_Minor_Redesign/tb/tb_top.sv Line:256
Error: AXI MONITOR: core_C changed while core is idle
Time: 6975 ns  Iteration: 0  Process: /tb_top/u_mon//tb_top/u_mon  Scope: tb_top.u_mon  File: /run/media/sackb/Windows-SSD/Users/sackb/OneDrive/Desktop/University/Course_Work/2025-2026/Spring_2026/ECE_410/ECE410/project/post_m3_Minor_Redesign/tb/tb_top.sv Line: 257

Time: 6985 ns Started: 6975 ns Scope: /tb_top/u_mon File: /run/media/sackb/Windows-SSD/Users/sackb/OneDrive/Desktop/University/Course_Work/2025-2026/Spring_2026/ECE_410/ECE410/project/post_m3_Minor_Redesign/tb/tb_top.sv Line:256
Error: AXI MONITOR: core_C changed while core is idle
Time: 6985 ns  Iteration: 0  Process: /tb_top/u_mon//tb_top/u_mon  Scope: tb_top.u_mon  File: /run/media/sackb/Windows-SSD/Users/sackb/OneDrive/Desktop/University/Course_Work/2025-2026/Spring_2026/ECE_410/ECE410/project/post_m3_Minor_Redesign/tb/tb_top.sv Line: 257

Time: 6995 ns Started: 6985 ns Scope: /tb_top/u_mon File: /run/media/sackb/Windows-SSD/Users/sackb/OneDrive/Desktop/University/Course_Work/2025-2026/Spring_2026/ECE_410/ECE410/project/post_m3_Minor_Redesign/tb/tb_top.sv Line:256
Error: AXI MONITOR: core_C changed while core is idle
Time: 6995 ns  Iteration: 0  Process: /tb_top/u_mon//tb_top/u_mon  Scope: tb_top.u_mon  File: /run/media/sackb/Windows-SSD/Users/sackb/OneDrive/Desktop/University/Course_Work/2025-2026/Spring_2026/ECE_410/ECE410/project/post_m3_Minor_Redesign/tb/tb_top.sv Line: 257

Time: 7005 ns Started: 6995 ns Scope: /tb_top/u_mon File: /run/media/sackb/Windows-SSD/Users/sackb/OneDrive/Desktop/University/Course_Work/2025-2026/Spring_2026/ECE_410/ECE410/project/post_m3_Minor_Redesign/tb/tb_top.sv Line:256
Error: AXI MONITOR: core_C changed while core is idle
Time: 7005 ns  Iteration: 0  Process: /tb_top/u_mon//tb_top/u_mon  Scope: tb_top.u_mon  File: /run/media/sackb/Windows-SSD/Users/sackb/OneDrive/Desktop/University/Course_Work/2025-2026/Spring_2026/ECE_410/ECE410/project/post_m3_Minor_Redesign/tb/tb_top.sv Line: 257

Time: 7015 ns Started: 7005 ns Scope: /tb_top/u_mon File: /run/media/sackb/Windows-SSD/Users/sackb/OneDrive/Desktop/University/Course_Work/2025-2026/Spring_2026/ECE_410/ECE410/project/post_m3_Minor_Redesign/tb/tb_top.sv Line:256
Error: AXI MONITOR: core_C changed while core is idle
Time: 7015 ns  Iteration: 0  Process: /tb_top/u_mon//tb_top/u_mon  Scope: tb_top.u_mon  File: /run/media/sackb/Windows-SSD/Users/sackb/OneDrive/Desktop/University/Course_Work/2025-2026/Spring_2026/ECE_410/ECE410/project/post_m3_Minor_Redesign/tb/tb_top.sv Line: 257

Time: 7025 ns Started: 7015 ns Scope: /tb_top/u_mon File: /run/media/sackb/Windows-SSD/Users/sackb/OneDrive/Desktop/University/Course_Work/2025-2026/Spring_2026/ECE_410/ECE410/project/post_m3_Minor_Redesign/tb/tb_top.sv Line:256
Error: AXI MONITOR: core_C changed while core is idle
Time: 7025 ns  Iteration: 0  Process: /tb_top/u_mon//tb_top/u_mon  Scope: tb_top.u_mon  File: /run/media/sackb/Windows-SSD/Users/sackb/OneDrive/Desktop/University/Course_Work/2025-2026/Spring_2026/ECE_410/ECE410/project/post_m3_Minor_Redesign/tb/tb_top.sv Line: 257

Time: 7035 ns Started: 7025 ns Scope: /tb_top/u_mon File: /run/media/sackb/Windows-SSD/Users/sackb/OneDrive/Desktop/University/Course_Work/2025-2026/Spring_2026/ECE_410/ECE410/project/post_m3_Minor_Redesign/tb/tb_top.sv Line:256
Error: AXI MONITOR: core_C changed while core is idle
Time: 7035 ns  Iteration: 0  Process: /tb_top/u_mon//tb_top/u_mon  Scope: tb_top.u_mon  File: /run/media/sackb/Windows-SSD/Users/sackb/OneDrive/Desktop/University/Course_Work/2025-2026/Spring_2026/ECE_410/ECE410/project/post_m3_Minor_Redesign/tb/tb_top.sv Line: 257

Time: 7045 ns Started: 7035 ns Scope: /tb_top/u_mon File: /run/media/sackb/Windows-SSD/Users/sackb/OneDrive/Desktop/University/Course_Work/2025-2026/Spring_2026/ECE_410/ECE410/project/post_m3_Minor_Redesign/tb/tb_top.sv Line:256
Error: AXI MONITOR: core_C changed while core is idle
Time: 7045 ns  Iteration: 0  Process: /tb_top/u_mon//tb_top/u_mon  Scope: tb_top.u_mon  File: /run/media/sackb/Windows-SSD/Users/sackb/OneDrive/Desktop/University/Course_Work/2025-2026/Spring_2026/ECE_410/ECE410/project/post_m3_Minor_Redesign/tb/tb_top.sv Line: 257

Time: 7055 ns Started: 7045 ns Scope: /tb_top/u_mon File: /run/media/sackb/Windows-SSD/Users/sackb/OneDrive/Desktop/University/Course_Work/2025-2026/Spring_2026/ECE_410/ECE410/project/post_m3_Minor_Redesign/tb/tb_top.sv Line:256
Error: AXI MONITOR: core_C changed while core is idle
Time: 7055 ns  Iteration: 0  Process: /tb_top/u_mon//tb_top/u_mon  Scope: tb_top.u_mon  File: /run/media/sackb/Windows-SSD/Users/sackb/OneDrive/Desktop/University/Course_Work/2025-2026/Spring_2026/ECE_410/ECE410/project/post_m3_Minor_Redesign/tb/tb_top.sv Line: 257

Time: 7065 ns Started: 7055 ns Scope: /tb_top/u_mon File: /run/media/sackb/Windows-SSD/Users/sackb/OneDrive/Desktop/University/Course_Work/2025-2026/Spring_2026/ECE_410/ECE410/project/post_m3_Minor_Redesign/tb/tb_top.sv Line:256
Error: AXI MONITOR: core_C changed while core is idle
Time: 7065 ns  Iteration: 0  Process: /tb_top/u_mon//tb_top/u_mon  Scope: tb_top.u_mon  File: /run/media/sackb/Windows-SSD/Users/sackb/OneDrive/Desktop/University/Course_Work/2025-2026/Spring_2026/ECE_410/ECE410/project/post_m3_Minor_Redesign/tb/tb_top.sv Line: 257

Time: 7075 ns Started: 7065 ns Scope: /tb_top/u_mon File: /run/media/sackb/Windows-SSD/Users/sackb/OneDrive/Desktop/University/Course_Work/2025-2026/Spring_2026/ECE_410/ECE410/project/post_m3_Minor_Redesign/tb/tb_top.sv Line:256
Error: AXI MONITOR: core_C changed while core is idle
Time: 7075 ns  Iteration: 0  Process: /tb_top/u_mon//tb_top/u_mon  Scope: tb_top.u_mon  File: /run/media/sackb/Windows-SSD/Users/sackb/OneDrive/Desktop/University/Course_Work/2025-2026/Spring_2026/ECE_410/ECE410/project/post_m3_Minor_Redesign/tb/tb_top.sv Line: 257

Time: 7085 ns Started: 7075 ns Scope: /tb_top/u_mon File: /run/media/sackb/Windows-SSD/Users/sackb/OneDrive/Desktop/University/Course_Work/2025-2026/Spring_2026/ECE_410/ECE410/project/post_m3_Minor_Redesign/tb/tb_top.sv Line:256
Error: AXI MONITOR: core_C changed while core is idle
Time: 7085 ns  Iteration: 0  Process: /tb_top/u_mon//tb_top/u_mon  Scope: tb_top.u_mon  File: /run/media/sackb/Windows-SSD/Users/sackb/OneDrive/Desktop/University/Course_Work/2025-2026/Spring_2026/ECE_410/ECE410/project/post_m3_Minor_Redesign/tb/tb_top.sv Line: 257

Time: 7095 ns Started: 7085 ns Scope: /tb_top/u_mon File: /run/media/sackb/Windows-SSD/Users/sackb/OneDrive/Desktop/University/Course_Work/2025-2026/Spring_2026/ECE_410/ECE410/project/post_m3_Minor_Redesign/tb/tb_top.sv Line:256
Error: AXI MONITOR: core_C changed while core is idle
Time: 7095 ns  Iteration: 0  Process: /tb_top/u_mon//tb_top/u_mon  Scope: tb_top.u_mon  File: /run/media/sackb/Windows-SSD/Users/sackb/OneDrive/Desktop/University/Course_Work/2025-2026/Spring_2026/ECE_410/ECE410/project/post_m3_Minor_Redesign/tb/tb_top.sv Line: 257

Time: 7105 ns Started: 7095 ns Scope: /tb_top/u_mon File: /run/media/sackb/Windows-SSD/Users/sackb/OneDrive/Desktop/University/Course_Work/2025-2026/Spring_2026/ECE_410/ECE410/project/post_m3_Minor_Redesign/tb/tb_top.sv Line:256
Error: AXI MONITOR: core_C changed while core is idle
Time: 7105 ns  Iteration: 0  Process: /tb_top/u_mon//tb_top/u_mon  Scope: tb_top.u_mon  File: /run/media/sackb/Windows-SSD/Users/sackb/OneDrive/Desktop/University/Course_Work/2025-2026/Spring_2026/ECE_410/ECE410/project/post_m3_Minor_Redesign/tb/tb_top.sv Line: 257

Time: 7115 ns Started: 7105 ns Scope: /tb_top/u_mon File: /run/media/sackb/Windows-SSD/Users/sackb/OneDrive/Desktop/University/Course_Work/2025-2026/Spring_2026/ECE_410/ECE410/project/post_m3_Minor_Redesign/tb/tb_top.sv Line:256
Error: AXI MONITOR: core_C changed while core is idle
Time: 7115 ns  Iteration: 0  Process: /tb_top/u_mon//tb_top/u_mon  Scope: tb_top.u_mon  File: /run/media/sackb/Windows-SSD/Users/sackb/OneDrive/Desktop/University/Course_Work/2025-2026/Spring_2026/ECE_410/ECE410/project/post_m3_Minor_Redesign/tb/tb_top.sv Line: 257

Time: 7125 ns Started: 7115 ns Scope: /tb_top/u_mon File: /run/media/sackb/Windows-SSD/Users/sackb/OneDrive/Desktop/University/Course_Work/2025-2026/Spring_2026/ECE_410/ECE410/project/post_m3_Minor_Redesign/tb/tb_top.sv Line:256
Error: AXI MONITOR: core_C changed while core is idle
Time: 7125 ns  Iteration: 0  Process: /tb_top/u_mon//tb_top/u_mon  Scope: tb_top.u_mon  File: /run/media/sackb/Windows-SSD/Users/sackb/OneDrive/Desktop/University/Course_Work/2025-2026/Spring_2026/ECE_410/ECE410/project/post_m3_Minor_Redesign/tb/tb_top.sv Line: 257

Time: 7135 ns Started: 7125 ns Scope: /tb_top/u_mon File: /run/media/sackb/Windows-SSD/Users/sackb/OneDrive/Desktop/University/Course_Work/2025-2026/Spring_2026/ECE_410/ECE410/project/post_m3_Minor_Redesign/tb/tb_top.sv Line:256
Error: AXI MONITOR: core_C changed while core is idle
Time: 7135 ns  Iteration: 0  Process: /tb_top/u_mon//tb_top/u_mon  Scope: tb_top.u_mon  File: /run/media/sackb/Windows-SSD/Users/sackb/OneDrive/Desktop/University/Course_Work/2025-2026/Spring_2026/ECE_410/ECE410/project/post_m3_Minor_Redesign/tb/tb_top.sv Line: 257

Time: 7145 ns Started: 7135 ns Scope: /tb_top/u_mon File: /run/media/sackb/Windows-SSD/Users/sackb/OneDrive/Desktop/University/Course_Work/2025-2026/Spring_2026/ECE_410/ECE410/project/post_m3_Minor_Redesign/tb/tb_top.sv Line:256
Error: AXI MONITOR: core_C changed while core is idle
Time: 7145 ns  Iteration: 0  Process: /tb_top/u_mon//tb_top/u_mon  Scope: tb_top.u_mon  File: /run/media/sackb/Windows-SSD/Users/sackb/OneDrive/Desktop/University/Course_Work/2025-2026/Spring_2026/ECE_410/ECE410/project/post_m3_Minor_Redesign/tb/tb_top.sv Line: 257

Time: 7155 ns Started: 7145 ns Scope: /tb_top/u_mon File: /run/media/sackb/Windows-SSD/Users/sackb/OneDrive/Desktop/University/Course_Work/2025-2026/Spring_2026/ECE_410/ECE410/project/post_m3_Minor_Redesign/tb/tb_top.sv Line:256
Error: AXI MONITOR: core_C changed while core is idle
Time: 7155 ns  Iteration: 0  Process: /tb_top/u_mon//tb_top/u_mon  Scope: tb_top.u_mon  File: /run/media/sackb/Windows-SSD/Users/sackb/OneDrive/Desktop/University/Course_Work/2025-2026/Spring_2026/ECE_410/ECE410/project/post_m3_Minor_Redesign/tb/tb_top.sv Line: 257

Time: 7165 ns Started: 7155 ns Scope: /tb_top/u_mon File: /run/media/sackb/Windows-SSD/Users/sackb/OneDrive/Desktop/University/Course_Work/2025-2026/Spring_2026/ECE_410/ECE410/project/post_m3_Minor_Redesign/tb/tb_top.sv Line:256
Error: AXI MONITOR: core_C changed while core is idle
Time: 7165 ns  Iteration: 0  Process: /tb_top/u_mon//tb_top/u_mon  Scope: tb_top.u_mon  File: /run/media/sackb/Windows-SSD/Users/sackb/OneDrive/Desktop/University/Course_Work/2025-2026/Spring_2026/ECE_410/ECE410/project/post_m3_Minor_Redesign/tb/tb_top.sv Line: 257

Time: 7175 ns Started: 7165 ns Scope: /tb_top/u_mon File: /run/media/sackb/Windows-SSD/Users/sackb/OneDrive/Desktop/University/Course_Work/2025-2026/Spring_2026/ECE_410/ECE410/project/post_m3_Minor_Redesign/tb/tb_top.sv Line:256
Error: AXI MONITOR: core_C changed while core is idle
Time: 7175 ns  Iteration: 0  Process: /tb_top/u_mon//tb_top/u_mon  Scope: tb_top.u_mon  File: /run/media/sackb/Windows-SSD/Users/sackb/OneDrive/Desktop/University/Course_Work/2025-2026/Spring_2026/ECE_410/ECE410/project/post_m3_Minor_Redesign/tb/tb_top.sv Line: 257

Time: 7185 ns Started: 7175 ns Scope: /tb_top/u_mon File: /run/media/sackb/Windows-SSD/Users/sackb/OneDrive/Desktop/University/Course_Work/2025-2026/Spring_2026/ECE_410/ECE410/project/post_m3_Minor_Redesign/tb/tb_top.sv Line:256
Error: AXI MONITOR: core_C changed while core is idle
Time: 7185 ns  Iteration: 0  Process: /tb_top/u_mon//tb_top/u_mon  Scope: tb_top.u_mon  File: /run/media/sackb/Windows-SSD/Users/sackb/OneDrive/Desktop/University/Course_Work/2025-2026/Spring_2026/ECE_410/ECE410/project/post_m3_Minor_Redesign/tb/tb_top.sv Line: 257
TB_TOP: Iteration 3 complete
TB_TOP: Starting iteration 4

Time: 7195 ns Started: 7185 ns Scope: /tb_top/u_mon File: /run/media/sackb/Windows-SSD/Users/sackb/OneDrive/Desktop/University/Course_Work/2025-2026/Spring_2026/ECE_410/ECE410/project/post_m3_Minor_Redesign/tb/tb_top.sv Line:256
Error: AXI MONITOR: core_C changed while core is idle
Time: 7195 ns  Iteration: 0  Process: /tb_top/u_mon//tb_top/u_mon  Scope: tb_top.u_mon  File: /run/media/sackb/Windows-SSD/Users/sackb/OneDrive/Desktop/University/Course_Work/2025-2026/Spring_2026/ECE_410/ECE410/project/post_m3_Minor_Redesign/tb/tb_top.sv Line: 257

Time: 7205 ns Started: 7195 ns Scope: /tb_top/u_mon File: /run/media/sackb/Windows-SSD/Users/sackb/OneDrive/Desktop/University/Course_Work/2025-2026/Spring_2026/ECE_410/ECE410/project/post_m3_Minor_Redesign/tb/tb_top.sv Line:256
Error: AXI MONITOR: core_C changed while core is idle
Time: 7205 ns  Iteration: 0  Process: /tb_top/u_mon//tb_top/u_mon  Scope: tb_top.u_mon  File: /run/media/sackb/Windows-SSD/Users/sackb/OneDrive/Desktop/University/Course_Work/2025-2026/Spring_2026/ECE_410/ECE410/project/post_m3_Minor_Redesign/tb/tb_top.sv Line: 257

Time: 7215 ns Started: 7205 ns Scope: /tb_top/u_mon File: /run/media/sackb/Windows-SSD/Users/sackb/OneDrive/Desktop/University/Course_Work/2025-2026/Spring_2026/ECE_410/ECE410/project/post_m3_Minor_Redesign/tb/tb_top.sv Line:256
Error: AXI MONITOR: core_C changed while core is idle
Time: 7215 ns  Iteration: 0  Process: /tb_top/u_mon//tb_top/u_mon  Scope: tb_top.u_mon  File: /run/media/sackb/Windows-SSD/Users/sackb/OneDrive/Desktop/University/Course_Work/2025-2026/Spring_2026/ECE_410/ECE410/project/post_m3_Minor_Redesign/tb/tb_top.sv Line: 257

Time: 7225 ns Started: 7215 ns Scope: /tb_top/u_mon File: /run/media/sackb/Windows-SSD/Users/sackb/OneDrive/Desktop/University/Course_Work/2025-2026/Spring_2026/ECE_410/ECE410/project/post_m3_Minor_Redesign/tb/tb_top.sv Line:256
Error: AXI MONITOR: core_C changed while core is idle
Time: 7225 ns  Iteration: 0  Process: /tb_top/u_mon//tb_top/u_mon  Scope: tb_top.u_mon  File: /run/media/sackb/Windows-SSD/Users/sackb/OneDrive/Desktop/University/Course_Work/2025-2026/Spring_2026/ECE_410/ECE410/project/post_m3_Minor_Redesign/tb/tb_top.sv Line: 257

Time: 7235 ns Started: 7225 ns Scope: /tb_top/u_mon File: /run/media/sackb/Windows-SSD/Users/sackb/OneDrive/Desktop/University/Course_Work/2025-2026/Spring_2026/ECE_410/ECE410/project/post_m3_Minor_Redesign/tb/tb_top.sv Line:256
Error: AXI MONITOR: core_C changed while core is idle
Time: 7235 ns  Iteration: 0  Process: /tb_top/u_mon//tb_top/u_mon  Scope: tb_top.u_mon  File: /run/media/sackb/Windows-SSD/Users/sackb/OneDrive/Desktop/University/Course_Work/2025-2026/Spring_2026/ECE_410/ECE410/project/post_m3_Minor_Redesign/tb/tb_top.sv Line: 257

Time: 7245 ns Started: 7235 ns Scope: /tb_top/u_mon File: /run/media/sackb/Windows-SSD/Users/sackb/OneDrive/Desktop/University/Course_Work/2025-2026/Spring_2026/ECE_410/ECE410/project/post_m3_Minor_Redesign/tb/tb_top.sv Line:256
Error: AXI MONITOR: core_C changed while core is idle
Time: 7245 ns  Iteration: 0  Process: /tb_top/u_mon//tb_top/u_mon  Scope: tb_top.u_mon  File: /run/media/sackb/Windows-SSD/Users/sackb/OneDrive/Desktop/University/Course_Work/2025-2026/Spring_2026/ECE_410/ECE410/project/post_m3_Minor_Redesign/tb/tb_top.sv Line: 257

Time: 7255 ns Started: 7245 ns Scope: /tb_top/u_mon File: /run/media/sackb/Windows-SSD/Users/sackb/OneDrive/Desktop/University/Course_Work/2025-2026/Spring_2026/ECE_410/ECE410/project/post_m3_Minor_Redesign/tb/tb_top.sv Line:256
Error: AXI MONITOR: core_C changed while core is idle
Time: 7255 ns  Iteration: 0  Process: /tb_top/u_mon//tb_top/u_mon  Scope: tb_top.u_mon  File: /run/media/sackb/Windows-SSD/Users/sackb/OneDrive/Desktop/University/Course_Work/2025-2026/Spring_2026/ECE_410/ECE410/project/post_m3_Minor_Redesign/tb/tb_top.sv Line: 257

Time: 7265 ns Started: 7255 ns Scope: /tb_top/u_mon File: /run/media/sackb/Windows-SSD/Users/sackb/OneDrive/Desktop/University/Course_Work/2025-2026/Spring_2026/ECE_410/ECE410/project/post_m3_Minor_Redesign/tb/tb_top.sv Line:256
Error: AXI MONITOR: core_C changed while core is idle
Time: 7265 ns  Iteration: 0  Process: /tb_top/u_mon//tb_top/u_mon  Scope: tb_top.u_mon  File: /run/media/sackb/Windows-SSD/Users/sackb/OneDrive/Desktop/University/Course_Work/2025-2026/Spring_2026/ECE_410/ECE410/project/post_m3_Minor_Redesign/tb/tb_top.sv Line: 257

Time: 7275 ns Started: 7265 ns Scope: /tb_top/u_mon File: /run/media/sackb/Windows-SSD/Users/sackb/OneDrive/Desktop/University/Course_Work/2025-2026/Spring_2026/ECE_410/ECE410/project/post_m3_Minor_Redesign/tb/tb_top.sv Line:256
Error: AXI MONITOR: core_C changed while core is idle
Time: 7275 ns  Iteration: 0  Process: /tb_top/u_mon//tb_top/u_mon  Scope: tb_top.u_mon  File: /run/media/sackb/Windows-SSD/Users/sackb/OneDrive/Desktop/University/Course_Work/2025-2026/Spring_2026/ECE_410/ECE410/project/post_m3_Minor_Redesign/tb/tb_top.sv Line: 257

Time: 7285 ns Started: 7275 ns Scope: /tb_top/u_mon File: /run/media/sackb/Windows-SSD/Users/sackb/OneDrive/Desktop/University/Course_Work/2025-2026/Spring_2026/ECE_410/ECE410/project/post_m3_Minor_Redesign/tb/tb_top.sv Line:256
Error: AXI MONITOR: core_C changed while core is idle
Time: 7285 ns  Iteration: 0  Process: /tb_top/u_mon//tb_top/u_mon  Scope: tb_top.u_mon  File: /run/media/sackb/Windows-SSD/Users/sackb/OneDrive/Desktop/University/Course_Work/2025-2026/Spring_2026/ECE_410/ECE410/project/post_m3_Minor_Redesign/tb/tb_top.sv Line: 257

Time: 7295 ns Started: 7285 ns Scope: /tb_top/u_mon File: /run/media/sackb/Windows-SSD/Users/sackb/OneDrive/Desktop/University/Course_Work/2025-2026/Spring_2026/ECE_410/ECE410/project/post_m3_Minor_Redesign/tb/tb_top.sv Line:256
Error: AXI MONITOR: core_C changed while core is idle
Time: 7295 ns  Iteration: 0  Process: /tb_top/u_mon//tb_top/u_mon  Scope: tb_top.u_mon  File: /run/media/sackb/Windows-SSD/Users/sackb/OneDrive/Desktop/University/Course_Work/2025-2026/Spring_2026/ECE_410/ECE410/project/post_m3_Minor_Redesign/tb/tb_top.sv Line: 257

Time: 7305 ns Started: 7295 ns Scope: /tb_top/u_mon File: /run/media/sackb/Windows-SSD/Users/sackb/OneDrive/Desktop/University/Course_Work/2025-2026/Spring_2026/ECE_410/ECE410/project/post_m3_Minor_Redesign/tb/tb_top.sv Line:256
Error: AXI MONITOR: core_C changed while core is idle
Time: 7305 ns  Iteration: 0  Process: /tb_top/u_mon//tb_top/u_mon  Scope: tb_top.u_mon  File: /run/media/sackb/Windows-SSD/Users/sackb/OneDrive/Desktop/University/Course_Work/2025-2026/Spring_2026/ECE_410/ECE410/project/post_m3_Minor_Redesign/tb/tb_top.sv Line: 257

Time: 7315 ns Started: 7305 ns Scope: /tb_top/u_mon File: /run/media/sackb/Windows-SSD/Users/sackb/OneDrive/Desktop/University/Course_Work/2025-2026/Spring_2026/ECE_410/ECE410/project/post_m3_Minor_Redesign/tb/tb_top.sv Line:256
Error: AXI MONITOR: core_C changed while core is idle
Time: 7315 ns  Iteration: 0  Process: /tb_top/u_mon//tb_top/u_mon  Scope: tb_top.u_mon  File: /run/media/sackb/Windows-SSD/Users/sackb/OneDrive/Desktop/University/Course_Work/2025-2026/Spring_2026/ECE_410/ECE410/project/post_m3_Minor_Redesign/tb/tb_top.sv Line: 257

Time: 7325 ns Started: 7315 ns Scope: /tb_top/u_mon File: /run/media/sackb/Windows-SSD/Users/sackb/OneDrive/Desktop/University/Course_Work/2025-2026/Spring_2026/ECE_410/ECE410/project/post_m3_Minor_Redesign/tb/tb_top.sv Line:256
Error: AXI MONITOR: core_C changed while core is idle
Time: 7325 ns  Iteration: 0  Process: /tb_top/u_mon//tb_top/u_mon  Scope: tb_top.u_mon  File: /run/media/sackb/Windows-SSD/Users/sackb/OneDrive/Desktop/University/Course_Work/2025-2026/Spring_2026/ECE_410/ECE410/project/post_m3_Minor_Redesign/tb/tb_top.sv Line: 257

Time: 7335 ns Started: 7325 ns Scope: /tb_top/u_mon File: /run/media/sackb/Windows-SSD/Users/sackb/OneDrive/Desktop/University/Course_Work/2025-2026/Spring_2026/ECE_410/ECE410/project/post_m3_Minor_Redesign/tb/tb_top.sv Line:256
Error: AXI MONITOR: core_C changed while core is idle
Time: 7335 ns  Iteration: 0  Process: /tb_top/u_mon//tb_top/u_mon  Scope: tb_top.u_mon  File: /run/media/sackb/Windows-SSD/Users/sackb/OneDrive/Desktop/University/Course_Work/2025-2026/Spring_2026/ECE_410/ECE410/project/post_m3_Minor_Redesign/tb/tb_top.sv Line: 257

Time: 7345 ns Started: 7335 ns Scope: /tb_top/u_mon File: /run/media/sackb/Windows-SSD/Users/sackb/OneDrive/Desktop/University/Course_Work/2025-2026/Spring_2026/ECE_410/ECE410/project/post_m3_Minor_Redesign/tb/tb_top.sv Line:256
Error: AXI MONITOR: core_C changed while core is idle
Time: 7345 ns  Iteration: 0  Process: /tb_top/u_mon//tb_top/u_mon  Scope: tb_top.u_mon  File: /run/media/sackb/Windows-SSD/Users/sackb/OneDrive/Desktop/University/Course_Work/2025-2026/Spring_2026/ECE_410/ECE410/project/post_m3_Minor_Redesign/tb/tb_top.sv Line: 257

Time: 7355 ns Started: 7345 ns Scope: /tb_top/u_mon File: /run/media/sackb/Windows-SSD/Users/sackb/OneDrive/Desktop/University/Course_Work/2025-2026/Spring_2026/ECE_410/ECE410/project/post_m3_Minor_Redesign/tb/tb_top.sv Line:256
Error: AXI MONITOR: core_C changed while core is idle
Time: 7355 ns  Iteration: 0  Process: /tb_top/u_mon//tb_top/u_mon  Scope: tb_top.u_mon  File: /run/media/sackb/Windows-SSD/Users/sackb/OneDrive/Desktop/University/Course_Work/2025-2026/Spring_2026/ECE_410/ECE410/project/post_m3_Minor_Redesign/tb/tb_top.sv Line: 257

Time: 7365 ns Started: 7355 ns Scope: /tb_top/u_mon File: /run/media/sackb/Windows-SSD/Users/sackb/OneDrive/Desktop/University/Course_Work/2025-2026/Spring_2026/ECE_410/ECE410/project/post_m3_Minor_Redesign/tb/tb_top.sv Line:256
Error: AXI MONITOR: core_C changed while core is idle
Time: 7365 ns  Iteration: 0  Process: /tb_top/u_mon//tb_top/u_mon  Scope: tb_top.u_mon  File: /run/media/sackb/Windows-SSD/Users/sackb/OneDrive/Desktop/University/Course_Work/2025-2026/Spring_2026/ECE_410/ECE410/project/post_m3_Minor_Redesign/tb/tb_top.sv Line: 257

Time: 7375 ns Started: 7365 ns Scope: /tb_top/u_mon File: /run/media/sackb/Windows-SSD/Users/sackb/OneDrive/Desktop/University/Course_Work/2025-2026/Spring_2026/ECE_410/ECE410/project/post_m3_Minor_Redesign/tb/tb_top.sv Line:256
Error: AXI MONITOR: core_C changed while core is idle
Time: 7375 ns  Iteration: 0  Process: /tb_top/u_mon//tb_top/u_mon  Scope: tb_top.u_mon  File: /run/media/sackb/Windows-SSD/Users/sackb/OneDrive/Desktop/University/Course_Work/2025-2026/Spring_2026/ECE_410/ECE410/project/post_m3_Minor_Redesign/tb/tb_top.sv Line: 257

Time: 7385 ns Started: 7375 ns Scope: /tb_top/u_mon File: /run/media/sackb/Windows-SSD/Users/sackb/OneDrive/Desktop/University/Course_Work/2025-2026/Spring_2026/ECE_410/ECE410/project/post_m3_Minor_Redesign/tb/tb_top.sv Line:256
Error: AXI MONITOR: core_C changed while core is idle
Time: 7385 ns  Iteration: 0  Process: /tb_top/u_mon//tb_top/u_mon  Scope: tb_top.u_mon  File: /run/media/sackb/Windows-SSD/Users/sackb/OneDrive/Desktop/University/Course_Work/2025-2026/Spring_2026/ECE_410/ECE410/project/post_m3_Minor_Redesign/tb/tb_top.sv Line: 257

Time: 7395 ns Started: 7385 ns Scope: /tb_top/u_mon File: /run/media/sackb/Windows-SSD/Users/sackb/OneDrive/Desktop/University/Course_Work/2025-2026/Spring_2026/ECE_410/ECE410/project/post_m3_Minor_Redesign/tb/tb_top.sv Line:256
Error: AXI MONITOR: core_C changed while core is idle
Time: 7395 ns  Iteration: 0  Process: /tb_top/u_mon//tb_top/u_mon  Scope: tb_top.u_mon  File: /run/media/sackb/Windows-SSD/Users/sackb/OneDrive/Desktop/University/Course_Work/2025-2026/Spring_2026/ECE_410/ECE410/project/post_m3_Minor_Redesign/tb/tb_top.sv Line: 257

Time: 7405 ns Started: 7395 ns Scope: /tb_top/u_mon File: /run/media/sackb/Windows-SSD/Users/sackb/OneDrive/Desktop/University/Course_Work/2025-2026/Spring_2026/ECE_410/ECE410/project/post_m3_Minor_Redesign/tb/tb_top.sv Line:256
Error: AXI MONITOR: core_C changed while core is idle
Time: 7405 ns  Iteration: 0  Process: /tb_top/u_mon//tb_top/u_mon  Scope: tb_top.u_mon  File: /run/media/sackb/Windows-SSD/Users/sackb/OneDrive/Desktop/University/Course_Work/2025-2026/Spring_2026/ECE_410/ECE410/project/post_m3_Minor_Redesign/tb/tb_top.sv Line: 257

Time: 7415 ns Started: 7405 ns Scope: /tb_top/u_mon File: /run/media/sackb/Windows-SSD/Users/sackb/OneDrive/Desktop/University/Course_Work/2025-2026/Spring_2026/ECE_410/ECE410/project/post_m3_Minor_Redesign/tb/tb_top.sv Line:256
Error: AXI MONITOR: core_C changed while core is idle
Time: 7415 ns  Iteration: 0  Process: /tb_top/u_mon//tb_top/u_mon  Scope: tb_top.u_mon  File: /run/media/sackb/Windows-SSD/Users/sackb/OneDrive/Desktop/University/Course_Work/2025-2026/Spring_2026/ECE_410/ECE410/project/post_m3_Minor_Redesign/tb/tb_top.sv Line: 257

Time: 7425 ns Started: 7415 ns Scope: /tb_top/u_mon File: /run/media/sackb/Windows-SSD/Users/sackb/OneDrive/Desktop/University/Course_Work/2025-2026/Spring_2026/ECE_410/ECE410/project/post_m3_Minor_Redesign/tb/tb_top.sv Line:256
Error: AXI MONITOR: core_C changed while core is idle
Time: 7425 ns  Iteration: 0  Process: /tb_top/u_mon//tb_top/u_mon  Scope: tb_top.u_mon  File: /run/media/sackb/Windows-SSD/Users/sackb/OneDrive/Desktop/University/Course_Work/2025-2026/Spring_2026/ECE_410/ECE410/project/post_m3_Minor_Redesign/tb/tb_top.sv Line: 257

Time: 7435 ns Started: 7425 ns Scope: /tb_top/u_mon File: /run/media/sackb/Windows-SSD/Users/sackb/OneDrive/Desktop/University/Course_Work/2025-2026/Spring_2026/ECE_410/ECE410/project/post_m3_Minor_Redesign/tb/tb_top.sv Line:256
Error: AXI MONITOR: core_C changed while core is idle
Time: 7435 ns  Iteration: 0  Process: /tb_top/u_mon//tb_top/u_mon  Scope: tb_top.u_mon  File: /run/media/sackb/Windows-SSD/Users/sackb/OneDrive/Desktop/University/Course_Work/2025-2026/Spring_2026/ECE_410/ECE410/project/post_m3_Minor_Redesign/tb/tb_top.sv Line: 257

Time: 7445 ns Started: 7435 ns Scope: /tb_top/u_mon File: /run/media/sackb/Windows-SSD/Users/sackb/OneDrive/Desktop/University/Course_Work/2025-2026/Spring_2026/ECE_410/ECE410/project/post_m3_Minor_Redesign/tb/tb_top.sv Line:256
Error: AXI MONITOR: core_C changed while core is idle
Time: 7445 ns  Iteration: 0  Process: /tb_top/u_mon//tb_top/u_mon  Scope: tb_top.u_mon  File: /run/media/sackb/Windows-SSD/Users/sackb/OneDrive/Desktop/University/Course_Work/2025-2026/Spring_2026/ECE_410/ECE410/project/post_m3_Minor_Redesign/tb/tb_top.sv Line: 257

Time: 7455 ns Started: 7445 ns Scope: /tb_top/u_mon File: /run/media/sackb/Windows-SSD/Users/sackb/OneDrive/Desktop/University/Course_Work/2025-2026/Spring_2026/ECE_410/ECE410/project/post_m3_Minor_Redesign/tb/tb_top.sv Line:256
Error: AXI MONITOR: core_C changed while core is idle
Time: 7455 ns  Iteration: 0  Process: /tb_top/u_mon//tb_top/u_mon  Scope: tb_top.u_mon  File: /run/media/sackb/Windows-SSD/Users/sackb/OneDrive/Desktop/University/Course_Work/2025-2026/Spring_2026/ECE_410/ECE410/project/post_m3_Minor_Redesign/tb/tb_top.sv Line: 257

Time: 7465 ns Started: 7455 ns Scope: /tb_top/u_mon File: /run/media/sackb/Windows-SSD/Users/sackb/OneDrive/Desktop/University/Course_Work/2025-2026/Spring_2026/ECE_410/ECE410/project/post_m3_Minor_Redesign/tb/tb_top.sv Line:256
Error: AXI MONITOR: core_C changed while core is idle
Time: 7465 ns  Iteration: 0  Process: /tb_top/u_mon//tb_top/u_mon  Scope: tb_top.u_mon  File: /run/media/sackb/Windows-SSD/Users/sackb/OneDrive/Desktop/University/Course_Work/2025-2026/Spring_2026/ECE_410/ECE410/project/post_m3_Minor_Redesign/tb/tb_top.sv Line: 257

Time: 7475 ns Started: 7465 ns Scope: /tb_top/u_mon File: /run/media/sackb/Windows-SSD/Users/sackb/OneDrive/Desktop/University/Course_Work/2025-2026/Spring_2026/ECE_410/ECE410/project/post_m3_Minor_Redesign/tb/tb_top.sv Line:256
Error: AXI MONITOR: core_C changed while core is idle
Time: 7475 ns  Iteration: 0  Process: /tb_top/u_mon//tb_top/u_mon  Scope: tb_top.u_mon  File: /run/media/sackb/Windows-SSD/Users/sackb/OneDrive/Desktop/University/Course_Work/2025-2026/Spring_2026/ECE_410/ECE410/project/post_m3_Minor_Redesign/tb/tb_top.sv Line: 257

Time: 7485 ns Started: 7475 ns Scope: /tb_top/u_mon File: /run/media/sackb/Windows-SSD/Users/sackb/OneDrive/Desktop/University/Course_Work/2025-2026/Spring_2026/ECE_410/ECE410/project/post_m3_Minor_Redesign/tb/tb_top.sv Line:256
Error: AXI MONITOR: core_C changed while core is idle
Time: 7485 ns  Iteration: 0  Process: /tb_top/u_mon//tb_top/u_mon  Scope: tb_top.u_mon  File: /run/media/sackb/Windows-SSD/Users/sackb/OneDrive/Desktop/University/Course_Work/2025-2026/Spring_2026/ECE_410/ECE410/project/post_m3_Minor_Redesign/tb/tb_top.sv Line: 257

Time: 7495 ns Started: 7485 ns Scope: /tb_top/u_mon File: /run/media/sackb/Windows-SSD/Users/sackb/OneDrive/Desktop/University/Course_Work/2025-2026/Spring_2026/ECE_410/ECE410/project/post_m3_Minor_Redesign/tb/tb_top.sv Line:256
Error: AXI MONITOR: core_C changed while core is idle
Time: 7495 ns  Iteration: 0  Process: /tb_top/u_mon//tb_top/u_mon  Scope: tb_top.u_mon  File: /run/media/sackb/Windows-SSD/Users/sackb/OneDrive/Desktop/University/Course_Work/2025-2026/Spring_2026/ECE_410/ECE410/project/post_m3_Minor_Redesign/tb/tb_top.sv Line: 257

Time: 7505 ns Started: 7495 ns Scope: /tb_top/u_mon File: /run/media/sackb/Windows-SSD/Users/sackb/OneDrive/Desktop/University/Course_Work/2025-2026/Spring_2026/ECE_410/ECE410/project/post_m3_Minor_Redesign/tb/tb_top.sv Line:256
Error: AXI MONITOR: core_C changed while core is idle
Time: 7505 ns  Iteration: 0  Process: /tb_top/u_mon//tb_top/u_mon  Scope: tb_top.u_mon  File: /run/media/sackb/Windows-SSD/Users/sackb/OneDrive/Desktop/University/Course_Work/2025-2026/Spring_2026/ECE_410/ECE410/project/post_m3_Minor_Redesign/tb/tb_top.sv Line: 257

Time: 7515 ns Started: 7505 ns Scope: /tb_top/u_mon File: /run/media/sackb/Windows-SSD/Users/sackb/OneDrive/Desktop/University/Course_Work/2025-2026/Spring_2026/ECE_410/ECE410/project/post_m3_Minor_Redesign/tb/tb_top.sv Line:256
Error: AXI MONITOR: core_C changed while core is idle
Time: 7515 ns  Iteration: 0  Process: /tb_top/u_mon//tb_top/u_mon  Scope: tb_top.u_mon  File: /run/media/sackb/Windows-SSD/Users/sackb/OneDrive/Desktop/University/Course_Work/2025-2026/Spring_2026/ECE_410/ECE410/project/post_m3_Minor_Redesign/tb/tb_top.sv Line: 257

Time: 7525 ns Started: 7515 ns Scope: /tb_top/u_mon File: /run/media/sackb/Windows-SSD/Users/sackb/OneDrive/Desktop/University/Course_Work/2025-2026/Spring_2026/ECE_410/ECE410/project/post_m3_Minor_Redesign/tb/tb_top.sv Line:256
Error: AXI MONITOR: core_C changed while core is idle
Time: 7525 ns  Iteration: 0  Process: /tb_top/u_mon//tb_top/u_mon  Scope: tb_top.u_mon  File: /run/media/sackb/Windows-SSD/Users/sackb/OneDrive/Desktop/University/Course_Work/2025-2026/Spring_2026/ECE_410/ECE410/project/post_m3_Minor_Redesign/tb/tb_top.sv Line: 257

Time: 7535 ns Started: 7525 ns Scope: /tb_top/u_mon File: /run/media/sackb/Windows-SSD/Users/sackb/OneDrive/Desktop/University/Course_Work/2025-2026/Spring_2026/ECE_410/ECE410/project/post_m3_Minor_Redesign/tb/tb_top.sv Line:256
Error: AXI MONITOR: core_C changed while core is idle
Time: 7535 ns  Iteration: 0  Process: /tb_top/u_mon//tb_top/u_mon  Scope: tb_top.u_mon  File: /run/media/sackb/Windows-SSD/Users/sackb/OneDrive/Desktop/University/Course_Work/2025-2026/Spring_2026/ECE_410/ECE410/project/post_m3_Minor_Redesign/tb/tb_top.sv Line: 257

Time: 7545 ns Started: 7535 ns Scope: /tb_top/u_mon File: /run/media/sackb/Windows-SSD/Users/sackb/OneDrive/Desktop/University/Course_Work/2025-2026/Spring_2026/ECE_410/ECE410/project/post_m3_Minor_Redesign/tb/tb_top.sv Line:256
Error: AXI MONITOR: core_C changed while core is idle
Time: 7545 ns  Iteration: 0  Process: /tb_top/u_mon//tb_top/u_mon  Scope: tb_top.u_mon  File: /run/media/sackb/Windows-SSD/Users/sackb/OneDrive/Desktop/University/Course_Work/2025-2026/Spring_2026/ECE_410/ECE410/project/post_m3_Minor_Redesign/tb/tb_top.sv Line: 257

Time: 7555 ns Started: 7545 ns Scope: /tb_top/u_mon File: /run/media/sackb/Windows-SSD/Users/sackb/OneDrive/Desktop/University/Course_Work/2025-2026/Spring_2026/ECE_410/ECE410/project/post_m3_Minor_Redesign/tb/tb_top.sv Line:256
Error: AXI MONITOR: core_C changed while core is idle
Time: 7555 ns  Iteration: 0  Process: /tb_top/u_mon//tb_top/u_mon  Scope: tb_top.u_mon  File: /run/media/sackb/Windows-SSD/Users/sackb/OneDrive/Desktop/University/Course_Work/2025-2026/Spring_2026/ECE_410/ECE410/project/post_m3_Minor_Redesign/tb/tb_top.sv Line: 257

Time: 7565 ns Started: 7555 ns Scope: /tb_top/u_mon File: /run/media/sackb/Windows-SSD/Users/sackb/OneDrive/Desktop/University/Course_Work/2025-2026/Spring_2026/ECE_410/ECE410/project/post_m3_Minor_Redesign/tb/tb_top.sv Line:256
Error: AXI MONITOR: core_C changed while core is idle
Time: 7565 ns  Iteration: 0  Process: /tb_top/u_mon//tb_top/u_mon  Scope: tb_top.u_mon  File: /run/media/sackb/Windows-SSD/Users/sackb/OneDrive/Desktop/University/Course_Work/2025-2026/Spring_2026/ECE_410/ECE410/project/post_m3_Minor_Redesign/tb/tb_top.sv Line: 257

Time: 7575 ns Started: 7565 ns Scope: /tb_top/u_mon File: /run/media/sackb/Windows-SSD/Users/sackb/OneDrive/Desktop/University/Course_Work/2025-2026/Spring_2026/ECE_410/ECE410/project/post_m3_Minor_Redesign/tb/tb_top.sv Line:256
Error: AXI MONITOR: core_C changed while core is idle
Time: 7575 ns  Iteration: 0  Process: /tb_top/u_mon//tb_top/u_mon  Scope: tb_top.u_mon  File: /run/media/sackb/Windows-SSD/Users/sackb/OneDrive/Desktop/University/Course_Work/2025-2026/Spring_2026/ECE_410/ECE410/project/post_m3_Minor_Redesign/tb/tb_top.sv Line: 257

Time: 7585 ns Started: 7575 ns Scope: /tb_top/u_mon File: /run/media/sackb/Windows-SSD/Users/sackb/OneDrive/Desktop/University/Course_Work/2025-2026/Spring_2026/ECE_410/ECE410/project/post_m3_Minor_Redesign/tb/tb_top.sv Line:256
Error: AXI MONITOR: core_C changed while core is idle
Time: 7585 ns  Iteration: 0  Process: /tb_top/u_mon//tb_top/u_mon  Scope: tb_top.u_mon  File: /run/media/sackb/Windows-SSD/Users/sackb/OneDrive/Desktop/University/Course_Work/2025-2026/Spring_2026/ECE_410/ECE410/project/post_m3_Minor_Redesign/tb/tb_top.sv Line: 257

Time: 7595 ns Started: 7585 ns Scope: /tb_top/u_mon File: /run/media/sackb/Windows-SSD/Users/sackb/OneDrive/Desktop/University/Course_Work/2025-2026/Spring_2026/ECE_410/ECE410/project/post_m3_Minor_Redesign/tb/tb_top.sv Line:256
Error: AXI MONITOR: core_C changed while core is idle
Time: 7595 ns  Iteration: 0  Process: /tb_top/u_mon//tb_top/u_mon  Scope: tb_top.u_mon  File: /run/media/sackb/Windows-SSD/Users/sackb/OneDrive/Desktop/University/Course_Work/2025-2026/Spring_2026/ECE_410/ECE410/project/post_m3_Minor_Redesign/tb/tb_top.sv Line: 257

Time: 7605 ns Started: 7595 ns Scope: /tb_top/u_mon File: /run/media/sackb/Windows-SSD/Users/sackb/OneDrive/Desktop/University/Course_Work/2025-2026/Spring_2026/ECE_410/ECE410/project/post_m3_Minor_Redesign/tb/tb_top.sv Line:256
Error: AXI MONITOR: core_C changed while core is idle
Time: 7605 ns  Iteration: 0  Process: /tb_top/u_mon//tb_top/u_mon  Scope: tb_top.u_mon  File: /run/media/sackb/Windows-SSD/Users/sackb/OneDrive/Desktop/University/Course_Work/2025-2026/Spring_2026/ECE_410/ECE410/project/post_m3_Minor_Redesign/tb/tb_top.sv Line: 257

Time: 7615 ns Started: 7605 ns Scope: /tb_top/u_mon File: /run/media/sackb/Windows-SSD/Users/sackb/OneDrive/Desktop/University/Course_Work/2025-2026/Spring_2026/ECE_410/ECE410/project/post_m3_Minor_Redesign/tb/tb_top.sv Line:256
Error: AXI MONITOR: core_C changed while core is idle
Time: 7615 ns  Iteration: 0  Process: /tb_top/u_mon//tb_top/u_mon  Scope: tb_top.u_mon  File: /run/media/sackb/Windows-SSD/Users/sackb/OneDrive/Desktop/University/Course_Work/2025-2026/Spring_2026/ECE_410/ECE410/project/post_m3_Minor_Redesign/tb/tb_top.sv Line: 257

Time: 7625 ns Started: 7615 ns Scope: /tb_top/u_mon File: /run/media/sackb/Windows-SSD/Users/sackb/OneDrive/Desktop/University/Course_Work/2025-2026/Spring_2026/ECE_410/ECE410/project/post_m3_Minor_Redesign/tb/tb_top.sv Line:256
Error: AXI MONITOR: core_C changed while core is idle
Time: 7625 ns  Iteration: 0  Process: /tb_top/u_mon//tb_top/u_mon  Scope: tb_top.u_mon  File: /run/media/sackb/Windows-SSD/Users/sackb/OneDrive/Desktop/University/Course_Work/2025-2026/Spring_2026/ECE_410/ECE410/project/post_m3_Minor_Redesign/tb/tb_top.sv Line: 257

Time: 7635 ns Started: 7625 ns Scope: /tb_top/u_mon File: /run/media/sackb/Windows-SSD/Users/sackb/OneDrive/Desktop/University/Course_Work/2025-2026/Spring_2026/ECE_410/ECE410/project/post_m3_Minor_Redesign/tb/tb_top.sv Line:256
Error: AXI MONITOR: core_C changed while core is idle
Time: 7635 ns  Iteration: 0  Process: /tb_top/u_mon//tb_top/u_mon  Scope: tb_top.u_mon  File: /run/media/sackb/Windows-SSD/Users/sackb/OneDrive/Desktop/University/Course_Work/2025-2026/Spring_2026/ECE_410/ECE410/project/post_m3_Minor_Redesign/tb/tb_top.sv Line: 257

Time: 7645 ns Started: 7635 ns Scope: /tb_top/u_mon File: /run/media/sackb/Windows-SSD/Users/sackb/OneDrive/Desktop/University/Course_Work/2025-2026/Spring_2026/ECE_410/ECE410/project/post_m3_Minor_Redesign/tb/tb_top.sv Line:256
Error: AXI MONITOR: core_C changed while core is idle
Time: 7645 ns  Iteration: 0  Process: /tb_top/u_mon//tb_top/u_mon  Scope: tb_top.u_mon  File: /run/media/sackb/Windows-SSD/Users/sackb/OneDrive/Desktop/University/Course_Work/2025-2026/Spring_2026/ECE_410/ECE410/project/post_m3_Minor_Redesign/tb/tb_top.sv Line: 257

Time: 7655 ns Started: 7645 ns Scope: /tb_top/u_mon File: /run/media/sackb/Windows-SSD/Users/sackb/OneDrive/Desktop/University/Course_Work/2025-2026/Spring_2026/ECE_410/ECE410/project/post_m3_Minor_Redesign/tb/tb_top.sv Line:256
Error: AXI MONITOR: core_C changed while core is idle
Time: 7655 ns  Iteration: 0  Process: /tb_top/u_mon//tb_top/u_mon  Scope: tb_top.u_mon  File: /run/media/sackb/Windows-SSD/Users/sackb/OneDrive/Desktop/University/Course_Work/2025-2026/Spring_2026/ECE_410/ECE410/project/post_m3_Minor_Redesign/tb/tb_top.sv Line: 257

Time: 7665 ns Started: 7655 ns Scope: /tb_top/u_mon File: /run/media/sackb/Windows-SSD/Users/sackb/OneDrive/Desktop/University/Course_Work/2025-2026/Spring_2026/ECE_410/ECE410/project/post_m3_Minor_Redesign/tb/tb_top.sv Line:256
Error: AXI MONITOR: core_C changed while core is idle
Time: 7665 ns  Iteration: 0  Process: /tb_top/u_mon//tb_top/u_mon  Scope: tb_top.u_mon  File: /run/media/sackb/Windows-SSD/Users/sackb/OneDrive/Desktop/University/Course_Work/2025-2026/Spring_2026/ECE_410/ECE410/project/post_m3_Minor_Redesign/tb/tb_top.sv Line: 257

Time: 7675 ns Started: 7665 ns Scope: /tb_top/u_mon File: /run/media/sackb/Windows-SSD/Users/sackb/OneDrive/Desktop/University/Course_Work/2025-2026/Spring_2026/ECE_410/ECE410/project/post_m3_Minor_Redesign/tb/tb_top.sv Line:256
Error: AXI MONITOR: core_C changed while core is idle
Time: 7675 ns  Iteration: 0  Process: /tb_top/u_mon//tb_top/u_mon  Scope: tb_top.u_mon  File: /run/media/sackb/Windows-SSD/Users/sackb/OneDrive/Desktop/University/Course_Work/2025-2026/Spring_2026/ECE_410/ECE410/project/post_m3_Minor_Redesign/tb/tb_top.sv Line: 257

Time: 7685 ns Started: 7675 ns Scope: /tb_top/u_mon File: /run/media/sackb/Windows-SSD/Users/sackb/OneDrive/Desktop/University/Course_Work/2025-2026/Spring_2026/ECE_410/ECE410/project/post_m3_Minor_Redesign/tb/tb_top.sv Line:256
Error: AXI MONITOR: core_C changed while core is idle
Time: 7685 ns  Iteration: 0  Process: /tb_top/u_mon//tb_top/u_mon  Scope: tb_top.u_mon  File: /run/media/sackb/Windows-SSD/Users/sackb/OneDrive/Desktop/University/Course_Work/2025-2026/Spring_2026/ECE_410/ECE410/project/post_m3_Minor_Redesign/tb/tb_top.sv Line: 257

Time: 7695 ns Started: 7685 ns Scope: /tb_top/u_mon File: /run/media/sackb/Windows-SSD/Users/sackb/OneDrive/Desktop/University/Course_Work/2025-2026/Spring_2026/ECE_410/ECE410/project/post_m3_Minor_Redesign/tb/tb_top.sv Line:256
Error: AXI MONITOR: core_C changed while core is idle
Time: 7695 ns  Iteration: 0  Process: /tb_top/u_mon//tb_top/u_mon  Scope: tb_top.u_mon  File: /run/media/sackb/Windows-SSD/Users/sackb/OneDrive/Desktop/University/Course_Work/2025-2026/Spring_2026/ECE_410/ECE410/project/post_m3_Minor_Redesign/tb/tb_top.sv Line: 257

Time: 7705 ns Started: 7695 ns Scope: /tb_top/u_mon File: /run/media/sackb/Windows-SSD/Users/sackb/OneDrive/Desktop/University/Course_Work/2025-2026/Spring_2026/ECE_410/ECE410/project/post_m3_Minor_Redesign/tb/tb_top.sv Line:256
Error: AXI MONITOR: core_C changed while core is idle
Time: 7705 ns  Iteration: 0  Process: /tb_top/u_mon//tb_top/u_mon  Scope: tb_top.u_mon  File: /run/media/sackb/Windows-SSD/Users/sackb/OneDrive/Desktop/University/Course_Work/2025-2026/Spring_2026/ECE_410/ECE410/project/post_m3_Minor_Redesign/tb/tb_top.sv Line: 257

Time: 7715 ns Started: 7705 ns Scope: /tb_top/u_mon File: /run/media/sackb/Windows-SSD/Users/sackb/OneDrive/Desktop/University/Course_Work/2025-2026/Spring_2026/ECE_410/ECE410/project/post_m3_Minor_Redesign/tb/tb_top.sv Line:256
Error: AXI MONITOR: core_C changed while core is idle
Time: 7715 ns  Iteration: 0  Process: /tb_top/u_mon//tb_top/u_mon  Scope: tb_top.u_mon  File: /run/media/sackb/Windows-SSD/Users/sackb/OneDrive/Desktop/University/Course_Work/2025-2026/Spring_2026/ECE_410/ECE410/project/post_m3_Minor_Redesign/tb/tb_top.sv Line: 257

Time: 7725 ns Started: 7715 ns Scope: /tb_top/u_mon File: /run/media/sackb/Windows-SSD/Users/sackb/OneDrive/Desktop/University/Course_Work/2025-2026/Spring_2026/ECE_410/ECE410/project/post_m3_Minor_Redesign/tb/tb_top.sv Line:256
Error: AXI MONITOR: core_C changed while core is idle
Time: 7725 ns  Iteration: 0  Process: /tb_top/u_mon//tb_top/u_mon  Scope: tb_top.u_mon  File: /run/media/sackb/Windows-SSD/Users/sackb/OneDrive/Desktop/University/Course_Work/2025-2026/Spring_2026/ECE_410/ECE410/project/post_m3_Minor_Redesign/tb/tb_top.sv Line: 257

Time: 7735 ns Started: 7725 ns Scope: /tb_top/u_mon File: /run/media/sackb/Windows-SSD/Users/sackb/OneDrive/Desktop/University/Course_Work/2025-2026/Spring_2026/ECE_410/ECE410/project/post_m3_Minor_Redesign/tb/tb_top.sv Line:256
Error: AXI MONITOR: core_C changed while core is idle
Time: 7735 ns  Iteration: 0  Process: /tb_top/u_mon//tb_top/u_mon  Scope: tb_top.u_mon  File: /run/media/sackb/Windows-SSD/Users/sackb/OneDrive/Desktop/University/Course_Work/2025-2026/Spring_2026/ECE_410/ECE410/project/post_m3_Minor_Redesign/tb/tb_top.sv Line: 257

Time: 7745 ns Started: 7735 ns Scope: /tb_top/u_mon File: /run/media/sackb/Windows-SSD/Users/sackb/OneDrive/Desktop/University/Course_Work/2025-2026/Spring_2026/ECE_410/ECE410/project/post_m3_Minor_Redesign/tb/tb_top.sv Line:256
Error: AXI MONITOR: core_C changed while core is idle
Time: 7745 ns  Iteration: 0  Process: /tb_top/u_mon//tb_top/u_mon  Scope: tb_top.u_mon  File: /run/media/sackb/Windows-SSD/Users/sackb/OneDrive/Desktop/University/Course_Work/2025-2026/Spring_2026/ECE_410/ECE410/project/post_m3_Minor_Redesign/tb/tb_top.sv Line: 257

Time: 7755 ns Started: 7745 ns Scope: /tb_top/u_mon File: /run/media/sackb/Windows-SSD/Users/sackb/OneDrive/Desktop/University/Course_Work/2025-2026/Spring_2026/ECE_410/ECE410/project/post_m3_Minor_Redesign/tb/tb_top.sv Line:256
Error: AXI MONITOR: core_C changed while core is idle
Time: 7755 ns  Iteration: 0  Process: /tb_top/u_mon//tb_top/u_mon  Scope: tb_top.u_mon  File: /run/media/sackb/Windows-SSD/Users/sackb/OneDrive/Desktop/University/Course_Work/2025-2026/Spring_2026/ECE_410/ECE410/project/post_m3_Minor_Redesign/tb/tb_top.sv Line: 257

Time: 7765 ns Started: 7755 ns Scope: /tb_top/u_mon File: /run/media/sackb/Windows-SSD/Users/sackb/OneDrive/Desktop/University/Course_Work/2025-2026/Spring_2026/ECE_410/ECE410/project/post_m3_Minor_Redesign/tb/tb_top.sv Line:256
Error: AXI MONITOR: core_C changed while core is idle
Time: 7765 ns  Iteration: 0  Process: /tb_top/u_mon//tb_top/u_mon  Scope: tb_top.u_mon  File: /run/media/sackb/Windows-SSD/Users/sackb/OneDrive/Desktop/University/Course_Work/2025-2026/Spring_2026/ECE_410/ECE410/project/post_m3_Minor_Redesign/tb/tb_top.sv Line: 257

Time: 7775 ns Started: 7765 ns Scope: /tb_top/u_mon File: /run/media/sackb/Windows-SSD/Users/sackb/OneDrive/Desktop/University/Course_Work/2025-2026/Spring_2026/ECE_410/ECE410/project/post_m3_Minor_Redesign/tb/tb_top.sv Line:256
Error: AXI MONITOR: core_C changed while core is idle
Time: 7775 ns  Iteration: 0  Process: /tb_top/u_mon//tb_top/u_mon  Scope: tb_top.u_mon  File: /run/media/sackb/Windows-SSD/Users/sackb/OneDrive/Desktop/University/Course_Work/2025-2026/Spring_2026/ECE_410/ECE410/project/post_m3_Minor_Redesign/tb/tb_top.sv Line: 257

Time: 7785 ns Started: 7775 ns Scope: /tb_top/u_mon File: /run/media/sackb/Windows-SSD/Users/sackb/OneDrive/Desktop/University/Course_Work/2025-2026/Spring_2026/ECE_410/ECE410/project/post_m3_Minor_Redesign/tb/tb_top.sv Line:256
Error: AXI MONITOR: core_C changed while core is idle
Time: 7785 ns  Iteration: 0  Process: /tb_top/u_mon//tb_top/u_mon  Scope: tb_top.u_mon  File: /run/media/sackb/Windows-SSD/Users/sackb/OneDrive/Desktop/University/Course_Work/2025-2026/Spring_2026/ECE_410/ECE410/project/post_m3_Minor_Redesign/tb/tb_top.sv Line: 257

Time: 7795 ns Started: 7785 ns Scope: /tb_top/u_mon File: /run/media/sackb/Windows-SSD/Users/sackb/OneDrive/Desktop/University/Course_Work/2025-2026/Spring_2026/ECE_410/ECE410/project/post_m3_Minor_Redesign/tb/tb_top.sv Line:256
Error: AXI MONITOR: core_C changed while core is idle
Time: 7795 ns  Iteration: 0  Process: /tb_top/u_mon//tb_top/u_mon  Scope: tb_top.u_mon  File: /run/media/sackb/Windows-SSD/Users/sackb/OneDrive/Desktop/University/Course_Work/2025-2026/Spring_2026/ECE_410/ECE410/project/post_m3_Minor_Redesign/tb/tb_top.sv Line: 257

Time: 7805 ns Started: 7795 ns Scope: /tb_top/u_mon File: /run/media/sackb/Windows-SSD/Users/sackb/OneDrive/Desktop/University/Course_Work/2025-2026/Spring_2026/ECE_410/ECE410/project/post_m3_Minor_Redesign/tb/tb_top.sv Line:256
Error: AXI MONITOR: core_C changed while core is idle
Time: 7805 ns  Iteration: 0  Process: /tb_top/u_mon//tb_top/u_mon  Scope: tb_top.u_mon  File: /run/media/sackb/Windows-SSD/Users/sackb/OneDrive/Desktop/University/Course_Work/2025-2026/Spring_2026/ECE_410/ECE410/project/post_m3_Minor_Redesign/tb/tb_top.sv Line: 257

Time: 7815 ns Started: 7805 ns Scope: /tb_top/u_mon File: /run/media/sackb/Windows-SSD/Users/sackb/OneDrive/Desktop/University/Course_Work/2025-2026/Spring_2026/ECE_410/ECE410/project/post_m3_Minor_Redesign/tb/tb_top.sv Line:256
Error: AXI MONITOR: core_C changed while core is idle
Time: 7815 ns  Iteration: 0  Process: /tb_top/u_mon//tb_top/u_mon  Scope: tb_top.u_mon  File: /run/media/sackb/Windows-SSD/Users/sackb/OneDrive/Desktop/University/Course_Work/2025-2026/Spring_2026/ECE_410/ECE410/project/post_m3_Minor_Redesign/tb/tb_top.sv Line: 257

Time: 7825 ns Started: 7815 ns Scope: /tb_top/u_mon File: /run/media/sackb/Windows-SSD/Users/sackb/OneDrive/Desktop/University/Course_Work/2025-2026/Spring_2026/ECE_410/ECE410/project/post_m3_Minor_Redesign/tb/tb_top.sv Line:256
Error: AXI MONITOR: core_C changed while core is idle
Time: 7825 ns  Iteration: 0  Process: /tb_top/u_mon//tb_top/u_mon  Scope: tb_top.u_mon  File: /run/media/sackb/Windows-SSD/Users/sackb/OneDrive/Desktop/University/Course_Work/2025-2026/Spring_2026/ECE_410/ECE410/project/post_m3_Minor_Redesign/tb/tb_top.sv Line: 257

Time: 7835 ns Started: 7825 ns Scope: /tb_top/u_mon File: /run/media/sackb/Windows-SSD/Users/sackb/OneDrive/Desktop/University/Course_Work/2025-2026/Spring_2026/ECE_410/ECE410/project/post_m3_Minor_Redesign/tb/tb_top.sv Line:256
Error: AXI MONITOR: core_C changed while core is idle
Time: 7835 ns  Iteration: 0  Process: /tb_top/u_mon//tb_top/u_mon  Scope: tb_top.u_mon  File: /run/media/sackb/Windows-SSD/Users/sackb/OneDrive/Desktop/University/Course_Work/2025-2026/Spring_2026/ECE_410/ECE410/project/post_m3_Minor_Redesign/tb/tb_top.sv Line: 257

Time: 7845 ns Started: 7835 ns Scope: /tb_top/u_mon File: /run/media/sackb/Windows-SSD/Users/sackb/OneDrive/Desktop/University/Course_Work/2025-2026/Spring_2026/ECE_410/ECE410/project/post_m3_Minor_Redesign/tb/tb_top.sv Line:256
Error: AXI MONITOR: core_C changed while core is idle
Time: 7845 ns  Iteration: 0  Process: /tb_top/u_mon//tb_top/u_mon  Scope: tb_top.u_mon  File: /run/media/sackb/Windows-SSD/Users/sackb/OneDrive/Desktop/University/Course_Work/2025-2026/Spring_2026/ECE_410/ECE410/project/post_m3_Minor_Redesign/tb/tb_top.sv Line: 257

Time: 7855 ns Started: 7845 ns Scope: /tb_top/u_mon File: /run/media/sackb/Windows-SSD/Users/sackb/OneDrive/Desktop/University/Course_Work/2025-2026/Spring_2026/ECE_410/ECE410/project/post_m3_Minor_Redesign/tb/tb_top.sv Line:256
Error: AXI MONITOR: core_C changed while core is idle
Time: 7855 ns  Iteration: 0  Process: /tb_top/u_mon//tb_top/u_mon  Scope: tb_top.u_mon  File: /run/media/sackb/Windows-SSD/Users/sackb/OneDrive/Desktop/University/Course_Work/2025-2026/Spring_2026/ECE_410/ECE410/project/post_m3_Minor_Redesign/tb/tb_top.sv Line: 257

Time: 7865 ns Started: 7855 ns Scope: /tb_top/u_mon File: /run/media/sackb/Windows-SSD/Users/sackb/OneDrive/Desktop/University/Course_Work/2025-2026/Spring_2026/ECE_410/ECE410/project/post_m3_Minor_Redesign/tb/tb_top.sv Line:256
Error: AXI MONITOR: core_C changed while core is idle
Time: 7865 ns  Iteration: 0  Process: /tb_top/u_mon//tb_top/u_mon  Scope: tb_top.u_mon  File: /run/media/sackb/Windows-SSD/Users/sackb/OneDrive/Desktop/University/Course_Work/2025-2026/Spring_2026/ECE_410/ECE410/project/post_m3_Minor_Redesign/tb/tb_top.sv Line: 257

Time: 7875 ns Started: 7865 ns Scope: /tb_top/u_mon File: /run/media/sackb/Windows-SSD/Users/sackb/OneDrive/Desktop/University/Course_Work/2025-2026/Spring_2026/ECE_410/ECE410/project/post_m3_Minor_Redesign/tb/tb_top.sv Line:256
Error: AXI MONITOR: core_C changed while core is idle
Time: 7875 ns  Iteration: 0  Process: /tb_top/u_mon//tb_top/u_mon  Scope: tb_top.u_mon  File: /run/media/sackb/Windows-SSD/Users/sackb/OneDrive/Desktop/University/Course_Work/2025-2026/Spring_2026/ECE_410/ECE410/project/post_m3_Minor_Redesign/tb/tb_top.sv Line: 257

Time: 7885 ns Started: 7875 ns Scope: /tb_top/u_mon File: /run/media/sackb/Windows-SSD/Users/sackb/OneDrive/Desktop/University/Course_Work/2025-2026/Spring_2026/ECE_410/ECE410/project/post_m3_Minor_Redesign/tb/tb_top.sv Line:256
Error: AXI MONITOR: core_C changed while core is idle
Time: 7885 ns  Iteration: 0  Process: /tb_top/u_mon//tb_top/u_mon  Scope: tb_top.u_mon  File: /run/media/sackb/Windows-SSD/Users/sackb/OneDrive/Desktop/University/Course_Work/2025-2026/Spring_2026/ECE_410/ECE410/project/post_m3_Minor_Redesign/tb/tb_top.sv Line: 257

Time: 7895 ns Started: 7885 ns Scope: /tb_top/u_mon File: /run/media/sackb/Windows-SSD/Users/sackb/OneDrive/Desktop/University/Course_Work/2025-2026/Spring_2026/ECE_410/ECE410/project/post_m3_Minor_Redesign/tb/tb_top.sv Line:256
Error: AXI MONITOR: core_C changed while core is idle
Time: 7895 ns  Iteration: 0  Process: /tb_top/u_mon//tb_top/u_mon  Scope: tb_top.u_mon  File: /run/media/sackb/Windows-SSD/Users/sackb/OneDrive/Desktop/University/Course_Work/2025-2026/Spring_2026/ECE_410/ECE410/project/post_m3_Minor_Redesign/tb/tb_top.sv Line: 257

Time: 7905 ns Started: 7895 ns Scope: /tb_top/u_mon File: /run/media/sackb/Windows-SSD/Users/sackb/OneDrive/Desktop/University/Course_Work/2025-2026/Spring_2026/ECE_410/ECE410/project/post_m3_Minor_Redesign/tb/tb_top.sv Line:256
Error: AXI MONITOR: core_C changed while core is idle
Time: 7905 ns  Iteration: 0  Process: /tb_top/u_mon//tb_top/u_mon  Scope: tb_top.u_mon  File: /run/media/sackb/Windows-SSD/Users/sackb/OneDrive/Desktop/University/Course_Work/2025-2026/Spring_2026/ECE_410/ECE410/project/post_m3_Minor_Redesign/tb/tb_top.sv Line: 257

Time: 7915 ns Started: 7905 ns Scope: /tb_top/u_mon File: /run/media/sackb/Windows-SSD/Users/sackb/OneDrive/Desktop/University/Course_Work/2025-2026/Spring_2026/ECE_410/ECE410/project/post_m3_Minor_Redesign/tb/tb_top.sv Line:256
Error: AXI MONITOR: core_C changed while core is idle
Time: 7915 ns  Iteration: 0  Process: /tb_top/u_mon//tb_top/u_mon  Scope: tb_top.u_mon  File: /run/media/sackb/Windows-SSD/Users/sackb/OneDrive/Desktop/University/Course_Work/2025-2026/Spring_2026/ECE_410/ECE410/project/post_m3_Minor_Redesign/tb/tb_top.sv Line: 257

Time: 7925 ns Started: 7915 ns Scope: /tb_top/u_mon File: /run/media/sackb/Windows-SSD/Users/sackb/OneDrive/Desktop/University/Course_Work/2025-2026/Spring_2026/ECE_410/ECE410/project/post_m3_Minor_Redesign/tb/tb_top.sv Line:256
Error: AXI MONITOR: core_C changed while core is idle
Time: 7925 ns  Iteration: 0  Process: /tb_top/u_mon//tb_top/u_mon  Scope: tb_top.u_mon  File: /run/media/sackb/Windows-SSD/Users/sackb/OneDrive/Desktop/University/Course_Work/2025-2026/Spring_2026/ECE_410/ECE410/project/post_m3_Minor_Redesign/tb/tb_top.sv Line: 257

Time: 7935 ns Started: 7925 ns Scope: /tb_top/u_mon File: /run/media/sackb/Windows-SSD/Users/sackb/OneDrive/Desktop/University/Course_Work/2025-2026/Spring_2026/ECE_410/ECE410/project/post_m3_Minor_Redesign/tb/tb_top.sv Line:256
Error: AXI MONITOR: core_C changed while core is idle
Time: 7935 ns  Iteration: 0  Process: /tb_top/u_mon//tb_top/u_mon  Scope: tb_top.u_mon  File: /run/media/sackb/Windows-SSD/Users/sackb/OneDrive/Desktop/University/Course_Work/2025-2026/Spring_2026/ECE_410/ECE410/project/post_m3_Minor_Redesign/tb/tb_top.sv Line: 257

Time: 7945 ns Started: 7935 ns Scope: /tb_top/u_mon File: /run/media/sackb/Windows-SSD/Users/sackb/OneDrive/Desktop/University/Course_Work/2025-2026/Spring_2026/ECE_410/ECE410/project/post_m3_Minor_Redesign/tb/tb_top.sv Line:256
Error: AXI MONITOR: core_C changed while core is idle
Time: 7945 ns  Iteration: 0  Process: /tb_top/u_mon//tb_top/u_mon  Scope: tb_top.u_mon  File: /run/media/sackb/Windows-SSD/Users/sackb/OneDrive/Desktop/University/Course_Work/2025-2026/Spring_2026/ECE_410/ECE410/project/post_m3_Minor_Redesign/tb/tb_top.sv Line: 257

Time: 7955 ns Started: 7945 ns Scope: /tb_top/u_mon File: /run/media/sackb/Windows-SSD/Users/sackb/OneDrive/Desktop/University/Course_Work/2025-2026/Spring_2026/ECE_410/ECE410/project/post_m3_Minor_Redesign/tb/tb_top.sv Line:256
Error: AXI MONITOR: core_C changed while core is idle
Time: 7955 ns  Iteration: 0  Process: /tb_top/u_mon//tb_top/u_mon  Scope: tb_top.u_mon  File: /run/media/sackb/Windows-SSD/Users/sackb/OneDrive/Desktop/University/Course_Work/2025-2026/Spring_2026/ECE_410/ECE410/project/post_m3_Minor_Redesign/tb/tb_top.sv Line: 257

Time: 7965 ns Started: 7955 ns Scope: /tb_top/u_mon File: /run/media/sackb/Windows-SSD/Users/sackb/OneDrive/Desktop/University/Course_Work/2025-2026/Spring_2026/ECE_410/ECE410/project/post_m3_Minor_Redesign/tb/tb_top.sv Line:256
Error: AXI MONITOR: core_C changed while core is idle
Time: 7965 ns  Iteration: 0  Process: /tb_top/u_mon//tb_top/u_mon  Scope: tb_top.u_mon  File: /run/media/sackb/Windows-SSD/Users/sackb/OneDrive/Desktop/University/Course_Work/2025-2026/Spring_2026/ECE_410/ECE410/project/post_m3_Minor_Redesign/tb/tb_top.sv Line: 257

Time: 8595 ns Started: 8585 ns Scope: /tb_top/u_mon File: /run/media/sackb/Windows-SSD/Users/sackb/OneDrive/Desktop/University/Course_Work/2025-2026/Spring_2026/ECE_410/ECE410/project/post_m3_Minor_Redesign/tb/tb_top.sv Line:256
Error: AXI MONITOR: core_C changed while core is idle
Time: 8595 ns  Iteration: 0  Process: /tb_top/u_mon//tb_top/u_mon  Scope: tb_top.u_mon  File: /run/media/sackb/Windows-SSD/Users/sackb/OneDrive/Desktop/University/Course_Work/2025-2026/Spring_2026/ECE_410/ECE410/project/post_m3_Minor_Redesign/tb/tb_top.sv Line: 257

Time: 8605 ns Started: 8595 ns Scope: /tb_top/u_mon File: /run/media/sackb/Windows-SSD/Users/sackb/OneDrive/Desktop/University/Course_Work/2025-2026/Spring_2026/ECE_410/ECE410/project/post_m3_Minor_Redesign/tb/tb_top.sv Line:256
Error: AXI MONITOR: core_C changed while core is idle
Time: 8605 ns  Iteration: 0  Process: /tb_top/u_mon//tb_top/u_mon  Scope: tb_top.u_mon  File: /run/media/sackb/Windows-SSD/Users/sackb/OneDrive/Desktop/University/Course_Work/2025-2026/Spring_2026/ECE_410/ECE410/project/post_m3_Minor_Redesign/tb/tb_top.sv Line: 257

Time: 8615 ns Started: 8605 ns Scope: /tb_top/u_mon File: /run/media/sackb/Windows-SSD/Users/sackb/OneDrive/Desktop/University/Course_Work/2025-2026/Spring_2026/ECE_410/ECE410/project/post_m3_Minor_Redesign/tb/tb_top.sv Line:256
Error: AXI MONITOR: core_C changed while core is idle
Time: 8615 ns  Iteration: 0  Process: /tb_top/u_mon//tb_top/u_mon  Scope: tb_top.u_mon  File: /run/media/sackb/Windows-SSD/Users/sackb/OneDrive/Desktop/University/Course_Work/2025-2026/Spring_2026/ECE_410/ECE410/project/post_m3_Minor_Redesign/tb/tb_top.sv Line: 257

Time: 8625 ns Started: 8615 ns Scope: /tb_top/u_mon File: /run/media/sackb/Windows-SSD/Users/sackb/OneDrive/Desktop/University/Course_Work/2025-2026/Spring_2026/ECE_410/ECE410/project/post_m3_Minor_Redesign/tb/tb_top.sv Line:256
Error: AXI MONITOR: core_C changed while core is idle
Time: 8625 ns  Iteration: 0  Process: /tb_top/u_mon//tb_top/u_mon  Scope: tb_top.u_mon  File: /run/media/sackb/Windows-SSD/Users/sackb/OneDrive/Desktop/University/Course_Work/2025-2026/Spring_2026/ECE_410/ECE410/project/post_m3_Minor_Redesign/tb/tb_top.sv Line: 257

Time: 8635 ns Started: 8625 ns Scope: /tb_top/u_mon File: /run/media/sackb/Windows-SSD/Users/sackb/OneDrive/Desktop/University/Course_Work/2025-2026/Spring_2026/ECE_410/ECE410/project/post_m3_Minor_Redesign/tb/tb_top.sv Line:256
Error: AXI MONITOR: core_C changed while core is idle
Time: 8635 ns  Iteration: 0  Process: /tb_top/u_mon//tb_top/u_mon  Scope: tb_top.u_mon  File: /run/media/sackb/Windows-SSD/Users/sackb/OneDrive/Desktop/University/Course_Work/2025-2026/Spring_2026/ECE_410/ECE410/project/post_m3_Minor_Redesign/tb/tb_top.sv Line: 257

Time: 8645 ns Started: 8635 ns Scope: /tb_top/u_mon File: /run/media/sackb/Windows-SSD/Users/sackb/OneDrive/Desktop/University/Course_Work/2025-2026/Spring_2026/ECE_410/ECE410/project/post_m3_Minor_Redesign/tb/tb_top.sv Line:256
Error: AXI MONITOR: core_C changed while core is idle
Time: 8645 ns  Iteration: 0  Process: /tb_top/u_mon//tb_top/u_mon  Scope: tb_top.u_mon  File: /run/media/sackb/Windows-SSD/Users/sackb/OneDrive/Desktop/University/Course_Work/2025-2026/Spring_2026/ECE_410/ECE410/project/post_m3_Minor_Redesign/tb/tb_top.sv Line: 257

Time: 8655 ns Started: 8645 ns Scope: /tb_top/u_mon File: /run/media/sackb/Windows-SSD/Users/sackb/OneDrive/Desktop/University/Course_Work/2025-2026/Spring_2026/ECE_410/ECE410/project/post_m3_Minor_Redesign/tb/tb_top.sv Line:256
Error: AXI MONITOR: core_C changed while core is idle
Time: 8655 ns  Iteration: 0  Process: /tb_top/u_mon//tb_top/u_mon  Scope: tb_top.u_mon  File: /run/media/sackb/Windows-SSD/Users/sackb/OneDrive/Desktop/University/Course_Work/2025-2026/Spring_2026/ECE_410/ECE410/project/post_m3_Minor_Redesign/tb/tb_top.sv Line: 257

Time: 8665 ns Started: 8655 ns Scope: /tb_top/u_mon File: /run/media/sackb/Windows-SSD/Users/sackb/OneDrive/Desktop/University/Course_Work/2025-2026/Spring_2026/ECE_410/ECE410/project/post_m3_Minor_Redesign/tb/tb_top.sv Line:256
Error: AXI MONITOR: core_C changed while core is idle
Time: 8665 ns  Iteration: 0  Process: /tb_top/u_mon//tb_top/u_mon  Scope: tb_top.u_mon  File: /run/media/sackb/Windows-SSD/Users/sackb/OneDrive/Desktop/University/Course_Work/2025-2026/Spring_2026/ECE_410/ECE410/project/post_m3_Minor_Redesign/tb/tb_top.sv Line: 257

Time: 8675 ns Started: 8665 ns Scope: /tb_top/u_mon File: /run/media/sackb/Windows-SSD/Users/sackb/OneDrive/Desktop/University/Course_Work/2025-2026/Spring_2026/ECE_410/ECE410/project/post_m3_Minor_Redesign/tb/tb_top.sv Line:256
Error: AXI MONITOR: core_C changed while core is idle
Time: 8675 ns  Iteration: 0  Process: /tb_top/u_mon//tb_top/u_mon  Scope: tb_top.u_mon  File: /run/media/sackb/Windows-SSD/Users/sackb/OneDrive/Desktop/University/Course_Work/2025-2026/Spring_2026/ECE_410/ECE410/project/post_m3_Minor_Redesign/tb/tb_top.sv Line: 257

Time: 8685 ns Started: 8675 ns Scope: /tb_top/u_mon File: /run/media/sackb/Windows-SSD/Users/sackb/OneDrive/Desktop/University/Course_Work/2025-2026/Spring_2026/ECE_410/ECE410/project/post_m3_Minor_Redesign/tb/tb_top.sv Line:256
Error: AXI MONITOR: core_C changed while core is idle
Time: 8685 ns  Iteration: 0  Process: /tb_top/u_mon//tb_top/u_mon  Scope: tb_top.u_mon  File: /run/media/sackb/Windows-SSD/Users/sackb/OneDrive/Desktop/University/Course_Work/2025-2026/Spring_2026/ECE_410/ECE410/project/post_m3_Minor_Redesign/tb/tb_top.sv Line: 257

Time: 8695 ns Started: 8685 ns Scope: /tb_top/u_mon File: /run/media/sackb/Windows-SSD/Users/sackb/OneDrive/Desktop/University/Course_Work/2025-2026/Spring_2026/ECE_410/ECE410/project/post_m3_Minor_Redesign/tb/tb_top.sv Line:256
Error: AXI MONITOR: core_C changed while core is idle
Time: 8695 ns  Iteration: 0  Process: /tb_top/u_mon//tb_top/u_mon  Scope: tb_top.u_mon  File: /run/media/sackb/Windows-SSD/Users/sackb/OneDrive/Desktop/University/Course_Work/2025-2026/Spring_2026/ECE_410/ECE410/project/post_m3_Minor_Redesign/tb/tb_top.sv Line: 257

Time: 8705 ns Started: 8695 ns Scope: /tb_top/u_mon File: /run/media/sackb/Windows-SSD/Users/sackb/OneDrive/Desktop/University/Course_Work/2025-2026/Spring_2026/ECE_410/ECE410/project/post_m3_Minor_Redesign/tb/tb_top.sv Line:256
Error: AXI MONITOR: core_C changed while core is idle
Time: 8705 ns  Iteration: 0  Process: /tb_top/u_mon//tb_top/u_mon  Scope: tb_top.u_mon  File: /run/media/sackb/Windows-SSD/Users/sackb/OneDrive/Desktop/University/Course_Work/2025-2026/Spring_2026/ECE_410/ECE410/project/post_m3_Minor_Redesign/tb/tb_top.sv Line: 257

Time: 8715 ns Started: 8705 ns Scope: /tb_top/u_mon File: /run/media/sackb/Windows-SSD/Users/sackb/OneDrive/Desktop/University/Course_Work/2025-2026/Spring_2026/ECE_410/ECE410/project/post_m3_Minor_Redesign/tb/tb_top.sv Line:256
Error: AXI MONITOR: core_C changed while core is idle
Time: 8715 ns  Iteration: 0  Process: /tb_top/u_mon//tb_top/u_mon  Scope: tb_top.u_mon  File: /run/media/sackb/Windows-SSD/Users/sackb/OneDrive/Desktop/University/Course_Work/2025-2026/Spring_2026/ECE_410/ECE410/project/post_m3_Minor_Redesign/tb/tb_top.sv Line: 257

Time: 8725 ns Started: 8715 ns Scope: /tb_top/u_mon File: /run/media/sackb/Windows-SSD/Users/sackb/OneDrive/Desktop/University/Course_Work/2025-2026/Spring_2026/ECE_410/ECE410/project/post_m3_Minor_Redesign/tb/tb_top.sv Line:256
Error: AXI MONITOR: core_C changed while core is idle
Time: 8725 ns  Iteration: 0  Process: /tb_top/u_mon//tb_top/u_mon  Scope: tb_top.u_mon  File: /run/media/sackb/Windows-SSD/Users/sackb/OneDrive/Desktop/University/Course_Work/2025-2026/Spring_2026/ECE_410/ECE410/project/post_m3_Minor_Redesign/tb/tb_top.sv Line: 257

Time: 8735 ns Started: 8725 ns Scope: /tb_top/u_mon File: /run/media/sackb/Windows-SSD/Users/sackb/OneDrive/Desktop/University/Course_Work/2025-2026/Spring_2026/ECE_410/ECE410/project/post_m3_Minor_Redesign/tb/tb_top.sv Line:256
Error: AXI MONITOR: core_C changed while core is idle
Time: 8735 ns  Iteration: 0  Process: /tb_top/u_mon//tb_top/u_mon  Scope: tb_top.u_mon  File: /run/media/sackb/Windows-SSD/Users/sackb/OneDrive/Desktop/University/Course_Work/2025-2026/Spring_2026/ECE_410/ECE410/project/post_m3_Minor_Redesign/tb/tb_top.sv Line: 257

Time: 8745 ns Started: 8735 ns Scope: /tb_top/u_mon File: /run/media/sackb/Windows-SSD/Users/sackb/OneDrive/Desktop/University/Course_Work/2025-2026/Spring_2026/ECE_410/ECE410/project/post_m3_Minor_Redesign/tb/tb_top.sv Line:256
Error: AXI MONITOR: core_C changed while core is idle
Time: 8745 ns  Iteration: 0  Process: /tb_top/u_mon//tb_top/u_mon  Scope: tb_top.u_mon  File: /run/media/sackb/Windows-SSD/Users/sackb/OneDrive/Desktop/University/Course_Work/2025-2026/Spring_2026/ECE_410/ECE410/project/post_m3_Minor_Redesign/tb/tb_top.sv Line: 257

Time: 8755 ns Started: 8745 ns Scope: /tb_top/u_mon File: /run/media/sackb/Windows-SSD/Users/sackb/OneDrive/Desktop/University/Course_Work/2025-2026/Spring_2026/ECE_410/ECE410/project/post_m3_Minor_Redesign/tb/tb_top.sv Line:256
Error: AXI MONITOR: core_C changed while core is idle
Time: 8755 ns  Iteration: 0  Process: /tb_top/u_mon//tb_top/u_mon  Scope: tb_top.u_mon  File: /run/media/sackb/Windows-SSD/Users/sackb/OneDrive/Desktop/University/Course_Work/2025-2026/Spring_2026/ECE_410/ECE410/project/post_m3_Minor_Redesign/tb/tb_top.sv Line: 257

Time: 8765 ns Started: 8755 ns Scope: /tb_top/u_mon File: /run/media/sackb/Windows-SSD/Users/sackb/OneDrive/Desktop/University/Course_Work/2025-2026/Spring_2026/ECE_410/ECE410/project/post_m3_Minor_Redesign/tb/tb_top.sv Line:256
Error: AXI MONITOR: core_C changed while core is idle
Time: 8765 ns  Iteration: 0  Process: /tb_top/u_mon//tb_top/u_mon  Scope: tb_top.u_mon  File: /run/media/sackb/Windows-SSD/Users/sackb/OneDrive/Desktop/University/Course_Work/2025-2026/Spring_2026/ECE_410/ECE410/project/post_m3_Minor_Redesign/tb/tb_top.sv Line: 257

Time: 8775 ns Started: 8765 ns Scope: /tb_top/u_mon File: /run/media/sackb/Windows-SSD/Users/sackb/OneDrive/Desktop/University/Course_Work/2025-2026/Spring_2026/ECE_410/ECE410/project/post_m3_Minor_Redesign/tb/tb_top.sv Line:256
Error: AXI MONITOR: core_C changed while core is idle
Time: 8775 ns  Iteration: 0  Process: /tb_top/u_mon//tb_top/u_mon  Scope: tb_top.u_mon  File: /run/media/sackb/Windows-SSD/Users/sackb/OneDrive/Desktop/University/Course_Work/2025-2026/Spring_2026/ECE_410/ECE410/project/post_m3_Minor_Redesign/tb/tb_top.sv Line: 257

Time: 8785 ns Started: 8775 ns Scope: /tb_top/u_mon File: /run/media/sackb/Windows-SSD/Users/sackb/OneDrive/Desktop/University/Course_Work/2025-2026/Spring_2026/ECE_410/ECE410/project/post_m3_Minor_Redesign/tb/tb_top.sv Line:256
Error: AXI MONITOR: core_C changed while core is idle
Time: 8785 ns  Iteration: 0  Process: /tb_top/u_mon//tb_top/u_mon  Scope: tb_top.u_mon  File: /run/media/sackb/Windows-SSD/Users/sackb/OneDrive/Desktop/University/Course_Work/2025-2026/Spring_2026/ECE_410/ECE410/project/post_m3_Minor_Redesign/tb/tb_top.sv Line: 257

Time: 8795 ns Started: 8785 ns Scope: /tb_top/u_mon File: /run/media/sackb/Windows-SSD/Users/sackb/OneDrive/Desktop/University/Course_Work/2025-2026/Spring_2026/ECE_410/ECE410/project/post_m3_Minor_Redesign/tb/tb_top.sv Line:256
Error: AXI MONITOR: core_C changed while core is idle
Time: 8795 ns  Iteration: 0  Process: /tb_top/u_mon//tb_top/u_mon  Scope: tb_top.u_mon  File: /run/media/sackb/Windows-SSD/Users/sackb/OneDrive/Desktop/University/Course_Work/2025-2026/Spring_2026/ECE_410/ECE410/project/post_m3_Minor_Redesign/tb/tb_top.sv Line: 257

Time: 8805 ns Started: 8795 ns Scope: /tb_top/u_mon File: /run/media/sackb/Windows-SSD/Users/sackb/OneDrive/Desktop/University/Course_Work/2025-2026/Spring_2026/ECE_410/ECE410/project/post_m3_Minor_Redesign/tb/tb_top.sv Line:256
Error: AXI MONITOR: core_C changed while core is idle
Time: 8805 ns  Iteration: 0  Process: /tb_top/u_mon//tb_top/u_mon  Scope: tb_top.u_mon  File: /run/media/sackb/Windows-SSD/Users/sackb/OneDrive/Desktop/University/Course_Work/2025-2026/Spring_2026/ECE_410/ECE410/project/post_m3_Minor_Redesign/tb/tb_top.sv Line: 257

Time: 8815 ns Started: 8805 ns Scope: /tb_top/u_mon File: /run/media/sackb/Windows-SSD/Users/sackb/OneDrive/Desktop/University/Course_Work/2025-2026/Spring_2026/ECE_410/ECE410/project/post_m3_Minor_Redesign/tb/tb_top.sv Line:256
Error: AXI MONITOR: core_C changed while core is idle
Time: 8815 ns  Iteration: 0  Process: /tb_top/u_mon//tb_top/u_mon  Scope: tb_top.u_mon  File: /run/media/sackb/Windows-SSD/Users/sackb/OneDrive/Desktop/University/Course_Work/2025-2026/Spring_2026/ECE_410/ECE410/project/post_m3_Minor_Redesign/tb/tb_top.sv Line: 257

Time: 8825 ns Started: 8815 ns Scope: /tb_top/u_mon File: /run/media/sackb/Windows-SSD/Users/sackb/OneDrive/Desktop/University/Course_Work/2025-2026/Spring_2026/ECE_410/ECE410/project/post_m3_Minor_Redesign/tb/tb_top.sv Line:256
Error: AXI MONITOR: core_C changed while core is idle
Time: 8825 ns  Iteration: 0  Process: /tb_top/u_mon//tb_top/u_mon  Scope: tb_top.u_mon  File: /run/media/sackb/Windows-SSD/Users/sackb/OneDrive/Desktop/University/Course_Work/2025-2026/Spring_2026/ECE_410/ECE410/project/post_m3_Minor_Redesign/tb/tb_top.sv Line: 257

Time: 8835 ns Started: 8825 ns Scope: /tb_top/u_mon File: /run/media/sackb/Windows-SSD/Users/sackb/OneDrive/Desktop/University/Course_Work/2025-2026/Spring_2026/ECE_410/ECE410/project/post_m3_Minor_Redesign/tb/tb_top.sv Line:256
Error: AXI MONITOR: core_C changed while core is idle
Time: 8835 ns  Iteration: 0  Process: /tb_top/u_mon//tb_top/u_mon  Scope: tb_top.u_mon  File: /run/media/sackb/Windows-SSD/Users/sackb/OneDrive/Desktop/University/Course_Work/2025-2026/Spring_2026/ECE_410/ECE410/project/post_m3_Minor_Redesign/tb/tb_top.sv Line: 257

Time: 8845 ns Started: 8835 ns Scope: /tb_top/u_mon File: /run/media/sackb/Windows-SSD/Users/sackb/OneDrive/Desktop/University/Course_Work/2025-2026/Spring_2026/ECE_410/ECE410/project/post_m3_Minor_Redesign/tb/tb_top.sv Line:256
Error: AXI MONITOR: core_C changed while core is idle
Time: 8845 ns  Iteration: 0  Process: /tb_top/u_mon//tb_top/u_mon  Scope: tb_top.u_mon  File: /run/media/sackb/Windows-SSD/Users/sackb/OneDrive/Desktop/University/Course_Work/2025-2026/Spring_2026/ECE_410/ECE410/project/post_m3_Minor_Redesign/tb/tb_top.sv Line: 257

Time: 8855 ns Started: 8845 ns Scope: /tb_top/u_mon File: /run/media/sackb/Windows-SSD/Users/sackb/OneDrive/Desktop/University/Course_Work/2025-2026/Spring_2026/ECE_410/ECE410/project/post_m3_Minor_Redesign/tb/tb_top.sv Line:256
Error: AXI MONITOR: core_C changed while core is idle
Time: 8855 ns  Iteration: 0  Process: /tb_top/u_mon//tb_top/u_mon  Scope: tb_top.u_mon  File: /run/media/sackb/Windows-SSD/Users/sackb/OneDrive/Desktop/University/Course_Work/2025-2026/Spring_2026/ECE_410/ECE410/project/post_m3_Minor_Redesign/tb/tb_top.sv Line: 257

Time: 8865 ns Started: 8855 ns Scope: /tb_top/u_mon File: /run/media/sackb/Windows-SSD/Users/sackb/OneDrive/Desktop/University/Course_Work/2025-2026/Spring_2026/ECE_410/ECE410/project/post_m3_Minor_Redesign/tb/tb_top.sv Line:256
Error: AXI MONITOR: core_C changed while core is idle
Time: 8865 ns  Iteration: 0  Process: /tb_top/u_mon//tb_top/u_mon  Scope: tb_top.u_mon  File: /run/media/sackb/Windows-SSD/Users/sackb/OneDrive/Desktop/University/Course_Work/2025-2026/Spring_2026/ECE_410/ECE410/project/post_m3_Minor_Redesign/tb/tb_top.sv Line: 257

Time: 8875 ns Started: 8865 ns Scope: /tb_top/u_mon File: /run/media/sackb/Windows-SSD/Users/sackb/OneDrive/Desktop/University/Course_Work/2025-2026/Spring_2026/ECE_410/ECE410/project/post_m3_Minor_Redesign/tb/tb_top.sv Line:256
Error: AXI MONITOR: core_C changed while core is idle
Time: 8875 ns  Iteration: 0  Process: /tb_top/u_mon//tb_top/u_mon  Scope: tb_top.u_mon  File: /run/media/sackb/Windows-SSD/Users/sackb/OneDrive/Desktop/University/Course_Work/2025-2026/Spring_2026/ECE_410/ECE410/project/post_m3_Minor_Redesign/tb/tb_top.sv Line: 257

Time: 8885 ns Started: 8875 ns Scope: /tb_top/u_mon File: /run/media/sackb/Windows-SSD/Users/sackb/OneDrive/Desktop/University/Course_Work/2025-2026/Spring_2026/ECE_410/ECE410/project/post_m3_Minor_Redesign/tb/tb_top.sv Line:256
Error: AXI MONITOR: core_C changed while core is idle
Time: 8885 ns  Iteration: 0  Process: /tb_top/u_mon//tb_top/u_mon  Scope: tb_top.u_mon  File: /run/media/sackb/Windows-SSD/Users/sackb/OneDrive/Desktop/University/Course_Work/2025-2026/Spring_2026/ECE_410/ECE410/project/post_m3_Minor_Redesign/tb/tb_top.sv Line: 257

Time: 8895 ns Started: 8885 ns Scope: /tb_top/u_mon File: /run/media/sackb/Windows-SSD/Users/sackb/OneDrive/Desktop/University/Course_Work/2025-2026/Spring_2026/ECE_410/ECE410/project/post_m3_Minor_Redesign/tb/tb_top.sv Line:256
Error: AXI MONITOR: core_C changed while core is idle
Time: 8895 ns  Iteration: 0  Process: /tb_top/u_mon//tb_top/u_mon  Scope: tb_top.u_mon  File: /run/media/sackb/Windows-SSD/Users/sackb/OneDrive/Desktop/University/Course_Work/2025-2026/Spring_2026/ECE_410/ECE410/project/post_m3_Minor_Redesign/tb/tb_top.sv Line: 257

Time: 8905 ns Started: 8895 ns Scope: /tb_top/u_mon File: /run/media/sackb/Windows-SSD/Users/sackb/OneDrive/Desktop/University/Course_Work/2025-2026/Spring_2026/ECE_410/ECE410/project/post_m3_Minor_Redesign/tb/tb_top.sv Line:256
Error: AXI MONITOR: core_C changed while core is idle
Time: 8905 ns  Iteration: 0  Process: /tb_top/u_mon//tb_top/u_mon  Scope: tb_top.u_mon  File: /run/media/sackb/Windows-SSD/Users/sackb/OneDrive/Desktop/University/Course_Work/2025-2026/Spring_2026/ECE_410/ECE410/project/post_m3_Minor_Redesign/tb/tb_top.sv Line: 257

Time: 8915 ns Started: 8905 ns Scope: /tb_top/u_mon File: /run/media/sackb/Windows-SSD/Users/sackb/OneDrive/Desktop/University/Course_Work/2025-2026/Spring_2026/ECE_410/ECE410/project/post_m3_Minor_Redesign/tb/tb_top.sv Line:256
Error: AXI MONITOR: core_C changed while core is idle
Time: 8915 ns  Iteration: 0  Process: /tb_top/u_mon//tb_top/u_mon  Scope: tb_top.u_mon  File: /run/media/sackb/Windows-SSD/Users/sackb/OneDrive/Desktop/University/Course_Work/2025-2026/Spring_2026/ECE_410/ECE410/project/post_m3_Minor_Redesign/tb/tb_top.sv Line: 257

Time: 8925 ns Started: 8915 ns Scope: /tb_top/u_mon File: /run/media/sackb/Windows-SSD/Users/sackb/OneDrive/Desktop/University/Course_Work/2025-2026/Spring_2026/ECE_410/ECE410/project/post_m3_Minor_Redesign/tb/tb_top.sv Line:256
Error: AXI MONITOR: core_C changed while core is idle
Time: 8925 ns  Iteration: 0  Process: /tb_top/u_mon//tb_top/u_mon  Scope: tb_top.u_mon  File: /run/media/sackb/Windows-SSD/Users/sackb/OneDrive/Desktop/University/Course_Work/2025-2026/Spring_2026/ECE_410/ECE410/project/post_m3_Minor_Redesign/tb/tb_top.sv Line: 257

Time: 8935 ns Started: 8925 ns Scope: /tb_top/u_mon File: /run/media/sackb/Windows-SSD/Users/sackb/OneDrive/Desktop/University/Course_Work/2025-2026/Spring_2026/ECE_410/ECE410/project/post_m3_Minor_Redesign/tb/tb_top.sv Line:256
Error: AXI MONITOR: core_C changed while core is idle
Time: 8935 ns  Iteration: 0  Process: /tb_top/u_mon//tb_top/u_mon  Scope: tb_top.u_mon  File: /run/media/sackb/Windows-SSD/Users/sackb/OneDrive/Desktop/University/Course_Work/2025-2026/Spring_2026/ECE_410/ECE410/project/post_m3_Minor_Redesign/tb/tb_top.sv Line: 257

Time: 8945 ns Started: 8935 ns Scope: /tb_top/u_mon File: /run/media/sackb/Windows-SSD/Users/sackb/OneDrive/Desktop/University/Course_Work/2025-2026/Spring_2026/ECE_410/ECE410/project/post_m3_Minor_Redesign/tb/tb_top.sv Line:256
Error: AXI MONITOR: core_C changed while core is idle
Time: 8945 ns  Iteration: 0  Process: /tb_top/u_mon//tb_top/u_mon  Scope: tb_top.u_mon  File: /run/media/sackb/Windows-SSD/Users/sackb/OneDrive/Desktop/University/Course_Work/2025-2026/Spring_2026/ECE_410/ECE410/project/post_m3_Minor_Redesign/tb/tb_top.sv Line: 257

Time: 8955 ns Started: 8945 ns Scope: /tb_top/u_mon File: /run/media/sackb/Windows-SSD/Users/sackb/OneDrive/Desktop/University/Course_Work/2025-2026/Spring_2026/ECE_410/ECE410/project/post_m3_Minor_Redesign/tb/tb_top.sv Line:256
Error: AXI MONITOR: core_C changed while core is idle
Time: 8955 ns  Iteration: 0  Process: /tb_top/u_mon//tb_top/u_mon  Scope: tb_top.u_mon  File: /run/media/sackb/Windows-SSD/Users/sackb/OneDrive/Desktop/University/Course_Work/2025-2026/Spring_2026/ECE_410/ECE410/project/post_m3_Minor_Redesign/tb/tb_top.sv Line: 257
TB_TOP: Iteration 4 complete
TB_TOP: Starting iteration 5

Time: 8965 ns Started: 8955 ns Scope: /tb_top/u_mon File: /run/media/sackb/Windows-SSD/Users/sackb/OneDrive/Desktop/University/Course_Work/2025-2026/Spring_2026/ECE_410/ECE410/project/post_m3_Minor_Redesign/tb/tb_top.sv Line:256
Error: AXI MONITOR: core_C changed while core is idle
Time: 8965 ns  Iteration: 0  Process: /tb_top/u_mon//tb_top/u_mon  Scope: tb_top.u_mon  File: /run/media/sackb/Windows-SSD/Users/sackb/OneDrive/Desktop/University/Course_Work/2025-2026/Spring_2026/ECE_410/ECE410/project/post_m3_Minor_Redesign/tb/tb_top.sv Line: 257

Time: 8975 ns Started: 8965 ns Scope: /tb_top/u_mon File: /run/media/sackb/Windows-SSD/Users/sackb/OneDrive/Desktop/University/Course_Work/2025-2026/Spring_2026/ECE_410/ECE410/project/post_m3_Minor_Redesign/tb/tb_top.sv Line:256
Error: AXI MONITOR: core_C changed while core is idle
Time: 8975 ns  Iteration: 0  Process: /tb_top/u_mon//tb_top/u_mon  Scope: tb_top.u_mon  File: /run/media/sackb/Windows-SSD/Users/sackb/OneDrive/Desktop/University/Course_Work/2025-2026/Spring_2026/ECE_410/ECE410/project/post_m3_Minor_Redesign/tb/tb_top.sv Line: 257

Time: 8985 ns Started: 8975 ns Scope: /tb_top/u_mon File: /run/media/sackb/Windows-SSD/Users/sackb/OneDrive/Desktop/University/Course_Work/2025-2026/Spring_2026/ECE_410/ECE410/project/post_m3_Minor_Redesign/tb/tb_top.sv Line:256
Error: AXI MONITOR: core_C changed while core is idle
Time: 8985 ns  Iteration: 0  Process: /tb_top/u_mon//tb_top/u_mon  Scope: tb_top.u_mon  File: /run/media/sackb/Windows-SSD/Users/sackb/OneDrive/Desktop/University/Course_Work/2025-2026/Spring_2026/ECE_410/ECE410/project/post_m3_Minor_Redesign/tb/tb_top.sv Line: 257

Time: 8995 ns Started: 8985 ns Scope: /tb_top/u_mon File: /run/media/sackb/Windows-SSD/Users/sackb/OneDrive/Desktop/University/Course_Work/2025-2026/Spring_2026/ECE_410/ECE410/project/post_m3_Minor_Redesign/tb/tb_top.sv Line:256
Error: AXI MONITOR: core_C changed while core is idle
Time: 8995 ns  Iteration: 0  Process: /tb_top/u_mon//tb_top/u_mon  Scope: tb_top.u_mon  File: /run/media/sackb/Windows-SSD/Users/sackb/OneDrive/Desktop/University/Course_Work/2025-2026/Spring_2026/ECE_410/ECE410/project/post_m3_Minor_Redesign/tb/tb_top.sv Line: 257

Time: 9005 ns Started: 8995 ns Scope: /tb_top/u_mon File: /run/media/sackb/Windows-SSD/Users/sackb/OneDrive/Desktop/University/Course_Work/2025-2026/Spring_2026/ECE_410/ECE410/project/post_m3_Minor_Redesign/tb/tb_top.sv Line:256
Error: AXI MONITOR: core_C changed while core is idle
Time: 9005 ns  Iteration: 0  Process: /tb_top/u_mon//tb_top/u_mon  Scope: tb_top.u_mon  File: /run/media/sackb/Windows-SSD/Users/sackb/OneDrive/Desktop/University/Course_Work/2025-2026/Spring_2026/ECE_410/ECE410/project/post_m3_Minor_Redesign/tb/tb_top.sv Line: 257

Time: 9015 ns Started: 9005 ns Scope: /tb_top/u_mon File: /run/media/sackb/Windows-SSD/Users/sackb/OneDrive/Desktop/University/Course_Work/2025-2026/Spring_2026/ECE_410/ECE410/project/post_m3_Minor_Redesign/tb/tb_top.sv Line:256
Error: AXI MONITOR: core_C changed while core is idle
Time: 9015 ns  Iteration: 0  Process: /tb_top/u_mon//tb_top/u_mon  Scope: tb_top.u_mon  File: /run/media/sackb/Windows-SSD/Users/sackb/OneDrive/Desktop/University/Course_Work/2025-2026/Spring_2026/ECE_410/ECE410/project/post_m3_Minor_Redesign/tb/tb_top.sv Line: 257

Time: 9025 ns Started: 9015 ns Scope: /tb_top/u_mon File: /run/media/sackb/Windows-SSD/Users/sackb/OneDrive/Desktop/University/Course_Work/2025-2026/Spring_2026/ECE_410/ECE410/project/post_m3_Minor_Redesign/tb/tb_top.sv Line:256
Error: AXI MONITOR: core_C changed while core is idle
Time: 9025 ns  Iteration: 0  Process: /tb_top/u_mon//tb_top/u_mon  Scope: tb_top.u_mon  File: /run/media/sackb/Windows-SSD/Users/sackb/OneDrive/Desktop/University/Course_Work/2025-2026/Spring_2026/ECE_410/ECE410/project/post_m3_Minor_Redesign/tb/tb_top.sv Line: 257

Time: 9035 ns Started: 9025 ns Scope: /tb_top/u_mon File: /run/media/sackb/Windows-SSD/Users/sackb/OneDrive/Desktop/University/Course_Work/2025-2026/Spring_2026/ECE_410/ECE410/project/post_m3_Minor_Redesign/tb/tb_top.sv Line:256
Error: AXI MONITOR: core_C changed while core is idle
Time: 9035 ns  Iteration: 0  Process: /tb_top/u_mon//tb_top/u_mon  Scope: tb_top.u_mon  File: /run/media/sackb/Windows-SSD/Users/sackb/OneDrive/Desktop/University/Course_Work/2025-2026/Spring_2026/ECE_410/ECE410/project/post_m3_Minor_Redesign/tb/tb_top.sv Line: 257

Time: 9045 ns Started: 9035 ns Scope: /tb_top/u_mon File: /run/media/sackb/Windows-SSD/Users/sackb/OneDrive/Desktop/University/Course_Work/2025-2026/Spring_2026/ECE_410/ECE410/project/post_m3_Minor_Redesign/tb/tb_top.sv Line:256
Error: AXI MONITOR: core_C changed while core is idle
Time: 9045 ns  Iteration: 0  Process: /tb_top/u_mon//tb_top/u_mon  Scope: tb_top.u_mon  File: /run/media/sackb/Windows-SSD/Users/sackb/OneDrive/Desktop/University/Course_Work/2025-2026/Spring_2026/ECE_410/ECE410/project/post_m3_Minor_Redesign/tb/tb_top.sv Line: 257

Time: 9055 ns Started: 9045 ns Scope: /tb_top/u_mon File: /run/media/sackb/Windows-SSD/Users/sackb/OneDrive/Desktop/University/Course_Work/2025-2026/Spring_2026/ECE_410/ECE410/project/post_m3_Minor_Redesign/tb/tb_top.sv Line:256
Error: AXI MONITOR: core_C changed while core is idle
Time: 9055 ns  Iteration: 0  Process: /tb_top/u_mon//tb_top/u_mon  Scope: tb_top.u_mon  File: /run/media/sackb/Windows-SSD/Users/sackb/OneDrive/Desktop/University/Course_Work/2025-2026/Spring_2026/ECE_410/ECE410/project/post_m3_Minor_Redesign/tb/tb_top.sv Line: 257

Time: 9065 ns Started: 9055 ns Scope: /tb_top/u_mon File: /run/media/sackb/Windows-SSD/Users/sackb/OneDrive/Desktop/University/Course_Work/2025-2026/Spring_2026/ECE_410/ECE410/project/post_m3_Minor_Redesign/tb/tb_top.sv Line:256
Error: AXI MONITOR: core_C changed while core is idle
Time: 9065 ns  Iteration: 0  Process: /tb_top/u_mon//tb_top/u_mon  Scope: tb_top.u_mon  File: /run/media/sackb/Windows-SSD/Users/sackb/OneDrive/Desktop/University/Course_Work/2025-2026/Spring_2026/ECE_410/ECE410/project/post_m3_Minor_Redesign/tb/tb_top.sv Line: 257

Time: 9075 ns Started: 9065 ns Scope: /tb_top/u_mon File: /run/media/sackb/Windows-SSD/Users/sackb/OneDrive/Desktop/University/Course_Work/2025-2026/Spring_2026/ECE_410/ECE410/project/post_m3_Minor_Redesign/tb/tb_top.sv Line:256
Error: AXI MONITOR: core_C changed while core is idle
Time: 9075 ns  Iteration: 0  Process: /tb_top/u_mon//tb_top/u_mon  Scope: tb_top.u_mon  File: /run/media/sackb/Windows-SSD/Users/sackb/OneDrive/Desktop/University/Course_Work/2025-2026/Spring_2026/ECE_410/ECE410/project/post_m3_Minor_Redesign/tb/tb_top.sv Line: 257

Time: 9085 ns Started: 9075 ns Scope: /tb_top/u_mon File: /run/media/sackb/Windows-SSD/Users/sackb/OneDrive/Desktop/University/Course_Work/2025-2026/Spring_2026/ECE_410/ECE410/project/post_m3_Minor_Redesign/tb/tb_top.sv Line:256
Error: AXI MONITOR: core_C changed while core is idle
Time: 9085 ns  Iteration: 0  Process: /tb_top/u_mon//tb_top/u_mon  Scope: tb_top.u_mon  File: /run/media/sackb/Windows-SSD/Users/sackb/OneDrive/Desktop/University/Course_Work/2025-2026/Spring_2026/ECE_410/ECE410/project/post_m3_Minor_Redesign/tb/tb_top.sv Line: 257

Time: 9095 ns Started: 9085 ns Scope: /tb_top/u_mon File: /run/media/sackb/Windows-SSD/Users/sackb/OneDrive/Desktop/University/Course_Work/2025-2026/Spring_2026/ECE_410/ECE410/project/post_m3_Minor_Redesign/tb/tb_top.sv Line:256
Error: AXI MONITOR: core_C changed while core is idle
Time: 9095 ns  Iteration: 0  Process: /tb_top/u_mon//tb_top/u_mon  Scope: tb_top.u_mon  File: /run/media/sackb/Windows-SSD/Users/sackb/OneDrive/Desktop/University/Course_Work/2025-2026/Spring_2026/ECE_410/ECE410/project/post_m3_Minor_Redesign/tb/tb_top.sv Line: 257

Time: 9105 ns Started: 9095 ns Scope: /tb_top/u_mon File: /run/media/sackb/Windows-SSD/Users/sackb/OneDrive/Desktop/University/Course_Work/2025-2026/Spring_2026/ECE_410/ECE410/project/post_m3_Minor_Redesign/tb/tb_top.sv Line:256
Error: AXI MONITOR: core_C changed while core is idle
Time: 9105 ns  Iteration: 0  Process: /tb_top/u_mon//tb_top/u_mon  Scope: tb_top.u_mon  File: /run/media/sackb/Windows-SSD/Users/sackb/OneDrive/Desktop/University/Course_Work/2025-2026/Spring_2026/ECE_410/ECE410/project/post_m3_Minor_Redesign/tb/tb_top.sv Line: 257

Time: 9115 ns Started: 9105 ns Scope: /tb_top/u_mon File: /run/media/sackb/Windows-SSD/Users/sackb/OneDrive/Desktop/University/Course_Work/2025-2026/Spring_2026/ECE_410/ECE410/project/post_m3_Minor_Redesign/tb/tb_top.sv Line:256
Error: AXI MONITOR: core_C changed while core is idle
Time: 9115 ns  Iteration: 0  Process: /tb_top/u_mon//tb_top/u_mon  Scope: tb_top.u_mon  File: /run/media/sackb/Windows-SSD/Users/sackb/OneDrive/Desktop/University/Course_Work/2025-2026/Spring_2026/ECE_410/ECE410/project/post_m3_Minor_Redesign/tb/tb_top.sv Line: 257

Time: 9125 ns Started: 9115 ns Scope: /tb_top/u_mon File: /run/media/sackb/Windows-SSD/Users/sackb/OneDrive/Desktop/University/Course_Work/2025-2026/Spring_2026/ECE_410/ECE410/project/post_m3_Minor_Redesign/tb/tb_top.sv Line:256
Error: AXI MONITOR: core_C changed while core is idle
Time: 9125 ns  Iteration: 0  Process: /tb_top/u_mon//tb_top/u_mon  Scope: tb_top.u_mon  File: /run/media/sackb/Windows-SSD/Users/sackb/OneDrive/Desktop/University/Course_Work/2025-2026/Spring_2026/ECE_410/ECE410/project/post_m3_Minor_Redesign/tb/tb_top.sv Line: 257

Time: 9135 ns Started: 9125 ns Scope: /tb_top/u_mon File: /run/media/sackb/Windows-SSD/Users/sackb/OneDrive/Desktop/University/Course_Work/2025-2026/Spring_2026/ECE_410/ECE410/project/post_m3_Minor_Redesign/tb/tb_top.sv Line:256
Error: AXI MONITOR: core_C changed while core is idle
Time: 9135 ns  Iteration: 0  Process: /tb_top/u_mon//tb_top/u_mon  Scope: tb_top.u_mon  File: /run/media/sackb/Windows-SSD/Users/sackb/OneDrive/Desktop/University/Course_Work/2025-2026/Spring_2026/ECE_410/ECE410/project/post_m3_Minor_Redesign/tb/tb_top.sv Line: 257

Time: 9145 ns Started: 9135 ns Scope: /tb_top/u_mon File: /run/media/sackb/Windows-SSD/Users/sackb/OneDrive/Desktop/University/Course_Work/2025-2026/Spring_2026/ECE_410/ECE410/project/post_m3_Minor_Redesign/tb/tb_top.sv Line:256
Error: AXI MONITOR: core_C changed while core is idle
Time: 9145 ns  Iteration: 0  Process: /tb_top/u_mon//tb_top/u_mon  Scope: tb_top.u_mon  File: /run/media/sackb/Windows-SSD/Users/sackb/OneDrive/Desktop/University/Course_Work/2025-2026/Spring_2026/ECE_410/ECE410/project/post_m3_Minor_Redesign/tb/tb_top.sv Line: 257

Time: 9155 ns Started: 9145 ns Scope: /tb_top/u_mon File: /run/media/sackb/Windows-SSD/Users/sackb/OneDrive/Desktop/University/Course_Work/2025-2026/Spring_2026/ECE_410/ECE410/project/post_m3_Minor_Redesign/tb/tb_top.sv Line:256
Error: AXI MONITOR: core_C changed while core is idle
Time: 9155 ns  Iteration: 0  Process: /tb_top/u_mon//tb_top/u_mon  Scope: tb_top.u_mon  File: /run/media/sackb/Windows-SSD/Users/sackb/OneDrive/Desktop/University/Course_Work/2025-2026/Spring_2026/ECE_410/ECE410/project/post_m3_Minor_Redesign/tb/tb_top.sv Line: 257

Time: 9165 ns Started: 9155 ns Scope: /tb_top/u_mon File: /run/media/sackb/Windows-SSD/Users/sackb/OneDrive/Desktop/University/Course_Work/2025-2026/Spring_2026/ECE_410/ECE410/project/post_m3_Minor_Redesign/tb/tb_top.sv Line:256
Error: AXI MONITOR: core_C changed while core is idle
Time: 9165 ns  Iteration: 0  Process: /tb_top/u_mon//tb_top/u_mon  Scope: tb_top.u_mon  File: /run/media/sackb/Windows-SSD/Users/sackb/OneDrive/Desktop/University/Course_Work/2025-2026/Spring_2026/ECE_410/ECE410/project/post_m3_Minor_Redesign/tb/tb_top.sv Line: 257

Time: 9175 ns Started: 9165 ns Scope: /tb_top/u_mon File: /run/media/sackb/Windows-SSD/Users/sackb/OneDrive/Desktop/University/Course_Work/2025-2026/Spring_2026/ECE_410/ECE410/project/post_m3_Minor_Redesign/tb/tb_top.sv Line:256
Error: AXI MONITOR: core_C changed while core is idle
Time: 9175 ns  Iteration: 0  Process: /tb_top/u_mon//tb_top/u_mon  Scope: tb_top.u_mon  File: /run/media/sackb/Windows-SSD/Users/sackb/OneDrive/Desktop/University/Course_Work/2025-2026/Spring_2026/ECE_410/ECE410/project/post_m3_Minor_Redesign/tb/tb_top.sv Line: 257

Time: 9185 ns Started: 9175 ns Scope: /tb_top/u_mon File: /run/media/sackb/Windows-SSD/Users/sackb/OneDrive/Desktop/University/Course_Work/2025-2026/Spring_2026/ECE_410/ECE410/project/post_m3_Minor_Redesign/tb/tb_top.sv Line:256
Error: AXI MONITOR: core_C changed while core is idle
Time: 9185 ns  Iteration: 0  Process: /tb_top/u_mon//tb_top/u_mon  Scope: tb_top.u_mon  File: /run/media/sackb/Windows-SSD/Users/sackb/OneDrive/Desktop/University/Course_Work/2025-2026/Spring_2026/ECE_410/ECE410/project/post_m3_Minor_Redesign/tb/tb_top.sv Line: 257

Time: 9195 ns Started: 9185 ns Scope: /tb_top/u_mon File: /run/media/sackb/Windows-SSD/Users/sackb/OneDrive/Desktop/University/Course_Work/2025-2026/Spring_2026/ECE_410/ECE410/project/post_m3_Minor_Redesign/tb/tb_top.sv Line:256
Error: AXI MONITOR: core_C changed while core is idle
Time: 9195 ns  Iteration: 0  Process: /tb_top/u_mon//tb_top/u_mon  Scope: tb_top.u_mon  File: /run/media/sackb/Windows-SSD/Users/sackb/OneDrive/Desktop/University/Course_Work/2025-2026/Spring_2026/ECE_410/ECE410/project/post_m3_Minor_Redesign/tb/tb_top.sv Line: 257

Time: 9205 ns Started: 9195 ns Scope: /tb_top/u_mon File: /run/media/sackb/Windows-SSD/Users/sackb/OneDrive/Desktop/University/Course_Work/2025-2026/Spring_2026/ECE_410/ECE410/project/post_m3_Minor_Redesign/tb/tb_top.sv Line:256
Error: AXI MONITOR: core_C changed while core is idle
Time: 9205 ns  Iteration: 0  Process: /tb_top/u_mon//tb_top/u_mon  Scope: tb_top.u_mon  File: /run/media/sackb/Windows-SSD/Users/sackb/OneDrive/Desktop/University/Course_Work/2025-2026/Spring_2026/ECE_410/ECE410/project/post_m3_Minor_Redesign/tb/tb_top.sv Line: 257

Time: 9215 ns Started: 9205 ns Scope: /tb_top/u_mon File: /run/media/sackb/Windows-SSD/Users/sackb/OneDrive/Desktop/University/Course_Work/2025-2026/Spring_2026/ECE_410/ECE410/project/post_m3_Minor_Redesign/tb/tb_top.sv Line:256
Error: AXI MONITOR: core_C changed while core is idle
Time: 9215 ns  Iteration: 0  Process: /tb_top/u_mon//tb_top/u_mon  Scope: tb_top.u_mon  File: /run/media/sackb/Windows-SSD/Users/sackb/OneDrive/Desktop/University/Course_Work/2025-2026/Spring_2026/ECE_410/ECE410/project/post_m3_Minor_Redesign/tb/tb_top.sv Line: 257

Time: 9225 ns Started: 9215 ns Scope: /tb_top/u_mon File: /run/media/sackb/Windows-SSD/Users/sackb/OneDrive/Desktop/University/Course_Work/2025-2026/Spring_2026/ECE_410/ECE410/project/post_m3_Minor_Redesign/tb/tb_top.sv Line:256
Error: AXI MONITOR: core_C changed while core is idle
Time: 9225 ns  Iteration: 0  Process: /tb_top/u_mon//tb_top/u_mon  Scope: tb_top.u_mon  File: /run/media/sackb/Windows-SSD/Users/sackb/OneDrive/Desktop/University/Course_Work/2025-2026/Spring_2026/ECE_410/ECE410/project/post_m3_Minor_Redesign/tb/tb_top.sv Line: 257

Time: 9235 ns Started: 9225 ns Scope: /tb_top/u_mon File: /run/media/sackb/Windows-SSD/Users/sackb/OneDrive/Desktop/University/Course_Work/2025-2026/Spring_2026/ECE_410/ECE410/project/post_m3_Minor_Redesign/tb/tb_top.sv Line:256
Error: AXI MONITOR: core_C changed while core is idle
Time: 9235 ns  Iteration: 0  Process: /tb_top/u_mon//tb_top/u_mon  Scope: tb_top.u_mon  File: /run/media/sackb/Windows-SSD/Users/sackb/OneDrive/Desktop/University/Course_Work/2025-2026/Spring_2026/ECE_410/ECE410/project/post_m3_Minor_Redesign/tb/tb_top.sv Line: 257

Time: 9245 ns Started: 9235 ns Scope: /tb_top/u_mon File: /run/media/sackb/Windows-SSD/Users/sackb/OneDrive/Desktop/University/Course_Work/2025-2026/Spring_2026/ECE_410/ECE410/project/post_m3_Minor_Redesign/tb/tb_top.sv Line:256
Error: AXI MONITOR: core_C changed while core is idle
Time: 9245 ns  Iteration: 0  Process: /tb_top/u_mon//tb_top/u_mon  Scope: tb_top.u_mon  File: /run/media/sackb/Windows-SSD/Users/sackb/OneDrive/Desktop/University/Course_Work/2025-2026/Spring_2026/ECE_410/ECE410/project/post_m3_Minor_Redesign/tb/tb_top.sv Line: 257

Time: 9255 ns Started: 9245 ns Scope: /tb_top/u_mon File: /run/media/sackb/Windows-SSD/Users/sackb/OneDrive/Desktop/University/Course_Work/2025-2026/Spring_2026/ECE_410/ECE410/project/post_m3_Minor_Redesign/tb/tb_top.sv Line:256
Error: AXI MONITOR: core_C changed while core is idle
Time: 9255 ns  Iteration: 0  Process: /tb_top/u_mon//tb_top/u_mon  Scope: tb_top.u_mon  File: /run/media/sackb/Windows-SSD/Users/sackb/OneDrive/Desktop/University/Course_Work/2025-2026/Spring_2026/ECE_410/ECE410/project/post_m3_Minor_Redesign/tb/tb_top.sv Line: 257

Time: 9265 ns Started: 9255 ns Scope: /tb_top/u_mon File: /run/media/sackb/Windows-SSD/Users/sackb/OneDrive/Desktop/University/Course_Work/2025-2026/Spring_2026/ECE_410/ECE410/project/post_m3_Minor_Redesign/tb/tb_top.sv Line:256
Error: AXI MONITOR: core_C changed while core is idle
Time: 9265 ns  Iteration: 0  Process: /tb_top/u_mon//tb_top/u_mon  Scope: tb_top.u_mon  File: /run/media/sackb/Windows-SSD/Users/sackb/OneDrive/Desktop/University/Course_Work/2025-2026/Spring_2026/ECE_410/ECE410/project/post_m3_Minor_Redesign/tb/tb_top.sv Line: 257

Time: 9275 ns Started: 9265 ns Scope: /tb_top/u_mon File: /run/media/sackb/Windows-SSD/Users/sackb/OneDrive/Desktop/University/Course_Work/2025-2026/Spring_2026/ECE_410/ECE410/project/post_m3_Minor_Redesign/tb/tb_top.sv Line:256
Error: AXI MONITOR: core_C changed while core is idle
Time: 9275 ns  Iteration: 0  Process: /tb_top/u_mon//tb_top/u_mon  Scope: tb_top.u_mon  File: /run/media/sackb/Windows-SSD/Users/sackb/OneDrive/Desktop/University/Course_Work/2025-2026/Spring_2026/ECE_410/ECE410/project/post_m3_Minor_Redesign/tb/tb_top.sv Line: 257

Time: 9285 ns Started: 9275 ns Scope: /tb_top/u_mon File: /run/media/sackb/Windows-SSD/Users/sackb/OneDrive/Desktop/University/Course_Work/2025-2026/Spring_2026/ECE_410/ECE410/project/post_m3_Minor_Redesign/tb/tb_top.sv Line:256
Error: AXI MONITOR: core_C changed while core is idle
Time: 9285 ns  Iteration: 0  Process: /tb_top/u_mon//tb_top/u_mon  Scope: tb_top.u_mon  File: /run/media/sackb/Windows-SSD/Users/sackb/OneDrive/Desktop/University/Course_Work/2025-2026/Spring_2026/ECE_410/ECE410/project/post_m3_Minor_Redesign/tb/tb_top.sv Line: 257

Time: 9295 ns Started: 9285 ns Scope: /tb_top/u_mon File: /run/media/sackb/Windows-SSD/Users/sackb/OneDrive/Desktop/University/Course_Work/2025-2026/Spring_2026/ECE_410/ECE410/project/post_m3_Minor_Redesign/tb/tb_top.sv Line:256
Error: AXI MONITOR: core_C changed while core is idle
Time: 9295 ns  Iteration: 0  Process: /tb_top/u_mon//tb_top/u_mon  Scope: tb_top.u_mon  File: /run/media/sackb/Windows-SSD/Users/sackb/OneDrive/Desktop/University/Course_Work/2025-2026/Spring_2026/ECE_410/ECE410/project/post_m3_Minor_Redesign/tb/tb_top.sv Line: 257

Time: 9305 ns Started: 9295 ns Scope: /tb_top/u_mon File: /run/media/sackb/Windows-SSD/Users/sackb/OneDrive/Desktop/University/Course_Work/2025-2026/Spring_2026/ECE_410/ECE410/project/post_m3_Minor_Redesign/tb/tb_top.sv Line:256
Error: AXI MONITOR: core_C changed while core is idle
Time: 9305 ns  Iteration: 0  Process: /tb_top/u_mon//tb_top/u_mon  Scope: tb_top.u_mon  File: /run/media/sackb/Windows-SSD/Users/sackb/OneDrive/Desktop/University/Course_Work/2025-2026/Spring_2026/ECE_410/ECE410/project/post_m3_Minor_Redesign/tb/tb_top.sv Line: 257

Time: 9315 ns Started: 9305 ns Scope: /tb_top/u_mon File: /run/media/sackb/Windows-SSD/Users/sackb/OneDrive/Desktop/University/Course_Work/2025-2026/Spring_2026/ECE_410/ECE410/project/post_m3_Minor_Redesign/tb/tb_top.sv Line:256
Error: AXI MONITOR: core_C changed while core is idle
Time: 9315 ns  Iteration: 0  Process: /tb_top/u_mon//tb_top/u_mon  Scope: tb_top.u_mon  File: /run/media/sackb/Windows-SSD/Users/sackb/OneDrive/Desktop/University/Course_Work/2025-2026/Spring_2026/ECE_410/ECE410/project/post_m3_Minor_Redesign/tb/tb_top.sv Line: 257

Time: 9325 ns Started: 9315 ns Scope: /tb_top/u_mon File: /run/media/sackb/Windows-SSD/Users/sackb/OneDrive/Desktop/University/Course_Work/2025-2026/Spring_2026/ECE_410/ECE410/project/post_m3_Minor_Redesign/tb/tb_top.sv Line:256
Error: AXI MONITOR: core_C changed while core is idle
Time: 9325 ns  Iteration: 0  Process: /tb_top/u_mon//tb_top/u_mon  Scope: tb_top.u_mon  File: /run/media/sackb/Windows-SSD/Users/sackb/OneDrive/Desktop/University/Course_Work/2025-2026/Spring_2026/ECE_410/ECE410/project/post_m3_Minor_Redesign/tb/tb_top.sv Line: 257

Time: 9335 ns Started: 9325 ns Scope: /tb_top/u_mon File: /run/media/sackb/Windows-SSD/Users/sackb/OneDrive/Desktop/University/Course_Work/2025-2026/Spring_2026/ECE_410/ECE410/project/post_m3_Minor_Redesign/tb/tb_top.sv Line:256
Error: AXI MONITOR: core_C changed while core is idle
Time: 9335 ns  Iteration: 0  Process: /tb_top/u_mon//tb_top/u_mon  Scope: tb_top.u_mon  File: /run/media/sackb/Windows-SSD/Users/sackb/OneDrive/Desktop/University/Course_Work/2025-2026/Spring_2026/ECE_410/ECE410/project/post_m3_Minor_Redesign/tb/tb_top.sv Line: 257

Time: 9345 ns Started: 9335 ns Scope: /tb_top/u_mon File: /run/media/sackb/Windows-SSD/Users/sackb/OneDrive/Desktop/University/Course_Work/2025-2026/Spring_2026/ECE_410/ECE410/project/post_m3_Minor_Redesign/tb/tb_top.sv Line:256
Error: AXI MONITOR: core_C changed while core is idle
Time: 9345 ns  Iteration: 0  Process: /tb_top/u_mon//tb_top/u_mon  Scope: tb_top.u_mon  File: /run/media/sackb/Windows-SSD/Users/sackb/OneDrive/Desktop/University/Course_Work/2025-2026/Spring_2026/ECE_410/ECE410/project/post_m3_Minor_Redesign/tb/tb_top.sv Line: 257

Time: 9355 ns Started: 9345 ns Scope: /tb_top/u_mon File: /run/media/sackb/Windows-SSD/Users/sackb/OneDrive/Desktop/University/Course_Work/2025-2026/Spring_2026/ECE_410/ECE410/project/post_m3_Minor_Redesign/tb/tb_top.sv Line:256
Error: AXI MONITOR: core_C changed while core is idle
Time: 9355 ns  Iteration: 0  Process: /tb_top/u_mon//tb_top/u_mon  Scope: tb_top.u_mon  File: /run/media/sackb/Windows-SSD/Users/sackb/OneDrive/Desktop/University/Course_Work/2025-2026/Spring_2026/ECE_410/ECE410/project/post_m3_Minor_Redesign/tb/tb_top.sv Line: 257

Time: 9365 ns Started: 9355 ns Scope: /tb_top/u_mon File: /run/media/sackb/Windows-SSD/Users/sackb/OneDrive/Desktop/University/Course_Work/2025-2026/Spring_2026/ECE_410/ECE410/project/post_m3_Minor_Redesign/tb/tb_top.sv Line:256
Error: AXI MONITOR: core_C changed while core is idle
Time: 9365 ns  Iteration: 0  Process: /tb_top/u_mon//tb_top/u_mon  Scope: tb_top.u_mon  File: /run/media/sackb/Windows-SSD/Users/sackb/OneDrive/Desktop/University/Course_Work/2025-2026/Spring_2026/ECE_410/ECE410/project/post_m3_Minor_Redesign/tb/tb_top.sv Line: 257

Time: 9375 ns Started: 9365 ns Scope: /tb_top/u_mon File: /run/media/sackb/Windows-SSD/Users/sackb/OneDrive/Desktop/University/Course_Work/2025-2026/Spring_2026/ECE_410/ECE410/project/post_m3_Minor_Redesign/tb/tb_top.sv Line:256
Error: AXI MONITOR: core_C changed while core is idle
Time: 9375 ns  Iteration: 0  Process: /tb_top/u_mon//tb_top/u_mon  Scope: tb_top.u_mon  File: /run/media/sackb/Windows-SSD/Users/sackb/OneDrive/Desktop/University/Course_Work/2025-2026/Spring_2026/ECE_410/ECE410/project/post_m3_Minor_Redesign/tb/tb_top.sv Line: 257

Time: 9385 ns Started: 9375 ns Scope: /tb_top/u_mon File: /run/media/sackb/Windows-SSD/Users/sackb/OneDrive/Desktop/University/Course_Work/2025-2026/Spring_2026/ECE_410/ECE410/project/post_m3_Minor_Redesign/tb/tb_top.sv Line:256
Error: AXI MONITOR: core_C changed while core is idle
Time: 9385 ns  Iteration: 0  Process: /tb_top/u_mon//tb_top/u_mon  Scope: tb_top.u_mon  File: /run/media/sackb/Windows-SSD/Users/sackb/OneDrive/Desktop/University/Course_Work/2025-2026/Spring_2026/ECE_410/ECE410/project/post_m3_Minor_Redesign/tb/tb_top.sv Line: 257

Time: 9395 ns Started: 9385 ns Scope: /tb_top/u_mon File: /run/media/sackb/Windows-SSD/Users/sackb/OneDrive/Desktop/University/Course_Work/2025-2026/Spring_2026/ECE_410/ECE410/project/post_m3_Minor_Redesign/tb/tb_top.sv Line:256
Error: AXI MONITOR: core_C changed while core is idle
Time: 9395 ns  Iteration: 0  Process: /tb_top/u_mon//tb_top/u_mon  Scope: tb_top.u_mon  File: /run/media/sackb/Windows-SSD/Users/sackb/OneDrive/Desktop/University/Course_Work/2025-2026/Spring_2026/ECE_410/ECE410/project/post_m3_Minor_Redesign/tb/tb_top.sv Line: 257

Time: 9405 ns Started: 9395 ns Scope: /tb_top/u_mon File: /run/media/sackb/Windows-SSD/Users/sackb/OneDrive/Desktop/University/Course_Work/2025-2026/Spring_2026/ECE_410/ECE410/project/post_m3_Minor_Redesign/tb/tb_top.sv Line:256
Error: AXI MONITOR: core_C changed while core is idle
Time: 9405 ns  Iteration: 0  Process: /tb_top/u_mon//tb_top/u_mon  Scope: tb_top.u_mon  File: /run/media/sackb/Windows-SSD/Users/sackb/OneDrive/Desktop/University/Course_Work/2025-2026/Spring_2026/ECE_410/ECE410/project/post_m3_Minor_Redesign/tb/tb_top.sv Line: 257

Time: 9415 ns Started: 9405 ns Scope: /tb_top/u_mon File: /run/media/sackb/Windows-SSD/Users/sackb/OneDrive/Desktop/University/Course_Work/2025-2026/Spring_2026/ECE_410/ECE410/project/post_m3_Minor_Redesign/tb/tb_top.sv Line:256
Error: AXI MONITOR: core_C changed while core is idle
Time: 9415 ns  Iteration: 0  Process: /tb_top/u_mon//tb_top/u_mon  Scope: tb_top.u_mon  File: /run/media/sackb/Windows-SSD/Users/sackb/OneDrive/Desktop/University/Course_Work/2025-2026/Spring_2026/ECE_410/ECE410/project/post_m3_Minor_Redesign/tb/tb_top.sv Line: 257

Time: 9425 ns Started: 9415 ns Scope: /tb_top/u_mon File: /run/media/sackb/Windows-SSD/Users/sackb/OneDrive/Desktop/University/Course_Work/2025-2026/Spring_2026/ECE_410/ECE410/project/post_m3_Minor_Redesign/tb/tb_top.sv Line:256
Error: AXI MONITOR: core_C changed while core is idle
Time: 9425 ns  Iteration: 0  Process: /tb_top/u_mon//tb_top/u_mon  Scope: tb_top.u_mon  File: /run/media/sackb/Windows-SSD/Users/sackb/OneDrive/Desktop/University/Course_Work/2025-2026/Spring_2026/ECE_410/ECE410/project/post_m3_Minor_Redesign/tb/tb_top.sv Line: 257

Time: 9435 ns Started: 9425 ns Scope: /tb_top/u_mon File: /run/media/sackb/Windows-SSD/Users/sackb/OneDrive/Desktop/University/Course_Work/2025-2026/Spring_2026/ECE_410/ECE410/project/post_m3_Minor_Redesign/tb/tb_top.sv Line:256
Error: AXI MONITOR: core_C changed while core is idle
Time: 9435 ns  Iteration: 0  Process: /tb_top/u_mon//tb_top/u_mon  Scope: tb_top.u_mon  File: /run/media/sackb/Windows-SSD/Users/sackb/OneDrive/Desktop/University/Course_Work/2025-2026/Spring_2026/ECE_410/ECE410/project/post_m3_Minor_Redesign/tb/tb_top.sv Line: 257

Time: 9445 ns Started: 9435 ns Scope: /tb_top/u_mon File: /run/media/sackb/Windows-SSD/Users/sackb/OneDrive/Desktop/University/Course_Work/2025-2026/Spring_2026/ECE_410/ECE410/project/post_m3_Minor_Redesign/tb/tb_top.sv Line:256
Error: AXI MONITOR: core_C changed while core is idle
Time: 9445 ns  Iteration: 0  Process: /tb_top/u_mon//tb_top/u_mon  Scope: tb_top.u_mon  File: /run/media/sackb/Windows-SSD/Users/sackb/OneDrive/Desktop/University/Course_Work/2025-2026/Spring_2026/ECE_410/ECE410/project/post_m3_Minor_Redesign/tb/tb_top.sv Line: 257

Time: 9455 ns Started: 9445 ns Scope: /tb_top/u_mon File: /run/media/sackb/Windows-SSD/Users/sackb/OneDrive/Desktop/University/Course_Work/2025-2026/Spring_2026/ECE_410/ECE410/project/post_m3_Minor_Redesign/tb/tb_top.sv Line:256
Error: AXI MONITOR: core_C changed while core is idle
Time: 9455 ns  Iteration: 0  Process: /tb_top/u_mon//tb_top/u_mon  Scope: tb_top.u_mon  File: /run/media/sackb/Windows-SSD/Users/sackb/OneDrive/Desktop/University/Course_Work/2025-2026/Spring_2026/ECE_410/ECE410/project/post_m3_Minor_Redesign/tb/tb_top.sv Line: 257

Time: 9465 ns Started: 9455 ns Scope: /tb_top/u_mon File: /run/media/sackb/Windows-SSD/Users/sackb/OneDrive/Desktop/University/Course_Work/2025-2026/Spring_2026/ECE_410/ECE410/project/post_m3_Minor_Redesign/tb/tb_top.sv Line:256
Error: AXI MONITOR: core_C changed while core is idle
Time: 9465 ns  Iteration: 0  Process: /tb_top/u_mon//tb_top/u_mon  Scope: tb_top.u_mon  File: /run/media/sackb/Windows-SSD/Users/sackb/OneDrive/Desktop/University/Course_Work/2025-2026/Spring_2026/ECE_410/ECE410/project/post_m3_Minor_Redesign/tb/tb_top.sv Line: 257

Time: 9475 ns Started: 9465 ns Scope: /tb_top/u_mon File: /run/media/sackb/Windows-SSD/Users/sackb/OneDrive/Desktop/University/Course_Work/2025-2026/Spring_2026/ECE_410/ECE410/project/post_m3_Minor_Redesign/tb/tb_top.sv Line:256
Error: AXI MONITOR: core_C changed while core is idle
Time: 9475 ns  Iteration: 0  Process: /tb_top/u_mon//tb_top/u_mon  Scope: tb_top.u_mon  File: /run/media/sackb/Windows-SSD/Users/sackb/OneDrive/Desktop/University/Course_Work/2025-2026/Spring_2026/ECE_410/ECE410/project/post_m3_Minor_Redesign/tb/tb_top.sv Line: 257

Time: 9485 ns Started: 9475 ns Scope: /tb_top/u_mon File: /run/media/sackb/Windows-SSD/Users/sackb/OneDrive/Desktop/University/Course_Work/2025-2026/Spring_2026/ECE_410/ECE410/project/post_m3_Minor_Redesign/tb/tb_top.sv Line:256
Error: AXI MONITOR: core_C changed while core is idle
Time: 9485 ns  Iteration: 0  Process: /tb_top/u_mon//tb_top/u_mon  Scope: tb_top.u_mon  File: /run/media/sackb/Windows-SSD/Users/sackb/OneDrive/Desktop/University/Course_Work/2025-2026/Spring_2026/ECE_410/ECE410/project/post_m3_Minor_Redesign/tb/tb_top.sv Line: 257

Time: 9495 ns Started: 9485 ns Scope: /tb_top/u_mon File: /run/media/sackb/Windows-SSD/Users/sackb/OneDrive/Desktop/University/Course_Work/2025-2026/Spring_2026/ECE_410/ECE410/project/post_m3_Minor_Redesign/tb/tb_top.sv Line:256
Error: AXI MONITOR: core_C changed while core is idle
Time: 9495 ns  Iteration: 0  Process: /tb_top/u_mon//tb_top/u_mon  Scope: tb_top.u_mon  File: /run/media/sackb/Windows-SSD/Users/sackb/OneDrive/Desktop/University/Course_Work/2025-2026/Spring_2026/ECE_410/ECE410/project/post_m3_Minor_Redesign/tb/tb_top.sv Line: 257

Time: 9505 ns Started: 9495 ns Scope: /tb_top/u_mon File: /run/media/sackb/Windows-SSD/Users/sackb/OneDrive/Desktop/University/Course_Work/2025-2026/Spring_2026/ECE_410/ECE410/project/post_m3_Minor_Redesign/tb/tb_top.sv Line:256
Error: AXI MONITOR: core_C changed while core is idle
Time: 9505 ns  Iteration: 0  Process: /tb_top/u_mon//tb_top/u_mon  Scope: tb_top.u_mon  File: /run/media/sackb/Windows-SSD/Users/sackb/OneDrive/Desktop/University/Course_Work/2025-2026/Spring_2026/ECE_410/ECE410/project/post_m3_Minor_Redesign/tb/tb_top.sv Line: 257

Time: 9515 ns Started: 9505 ns Scope: /tb_top/u_mon File: /run/media/sackb/Windows-SSD/Users/sackb/OneDrive/Desktop/University/Course_Work/2025-2026/Spring_2026/ECE_410/ECE410/project/post_m3_Minor_Redesign/tb/tb_top.sv Line:256
Error: AXI MONITOR: core_C changed while core is idle
Time: 9515 ns  Iteration: 0  Process: /tb_top/u_mon//tb_top/u_mon  Scope: tb_top.u_mon  File: /run/media/sackb/Windows-SSD/Users/sackb/OneDrive/Desktop/University/Course_Work/2025-2026/Spring_2026/ECE_410/ECE410/project/post_m3_Minor_Redesign/tb/tb_top.sv Line: 257

Time: 9525 ns Started: 9515 ns Scope: /tb_top/u_mon File: /run/media/sackb/Windows-SSD/Users/sackb/OneDrive/Desktop/University/Course_Work/2025-2026/Spring_2026/ECE_410/ECE410/project/post_m3_Minor_Redesign/tb/tb_top.sv Line:256
Error: AXI MONITOR: core_C changed while core is idle
Time: 9525 ns  Iteration: 0  Process: /tb_top/u_mon//tb_top/u_mon  Scope: tb_top.u_mon  File: /run/media/sackb/Windows-SSD/Users/sackb/OneDrive/Desktop/University/Course_Work/2025-2026/Spring_2026/ECE_410/ECE410/project/post_m3_Minor_Redesign/tb/tb_top.sv Line: 257

Time: 9535 ns Started: 9525 ns Scope: /tb_top/u_mon File: /run/media/sackb/Windows-SSD/Users/sackb/OneDrive/Desktop/University/Course_Work/2025-2026/Spring_2026/ECE_410/ECE410/project/post_m3_Minor_Redesign/tb/tb_top.sv Line:256
Error: AXI MONITOR: core_C changed while core is idle
Time: 9535 ns  Iteration: 0  Process: /tb_top/u_mon//tb_top/u_mon  Scope: tb_top.u_mon  File: /run/media/sackb/Windows-SSD/Users/sackb/OneDrive/Desktop/University/Course_Work/2025-2026/Spring_2026/ECE_410/ECE410/project/post_m3_Minor_Redesign/tb/tb_top.sv Line: 257

Time: 9545 ns Started: 9535 ns Scope: /tb_top/u_mon File: /run/media/sackb/Windows-SSD/Users/sackb/OneDrive/Desktop/University/Course_Work/2025-2026/Spring_2026/ECE_410/ECE410/project/post_m3_Minor_Redesign/tb/tb_top.sv Line:256
Error: AXI MONITOR: core_C changed while core is idle
Time: 9545 ns  Iteration: 0  Process: /tb_top/u_mon//tb_top/u_mon  Scope: tb_top.u_mon  File: /run/media/sackb/Windows-SSD/Users/sackb/OneDrive/Desktop/University/Course_Work/2025-2026/Spring_2026/ECE_410/ECE410/project/post_m3_Minor_Redesign/tb/tb_top.sv Line: 257

Time: 9555 ns Started: 9545 ns Scope: /tb_top/u_mon File: /run/media/sackb/Windows-SSD/Users/sackb/OneDrive/Desktop/University/Course_Work/2025-2026/Spring_2026/ECE_410/ECE410/project/post_m3_Minor_Redesign/tb/tb_top.sv Line:256
Error: AXI MONITOR: core_C changed while core is idle
Time: 9555 ns  Iteration: 0  Process: /tb_top/u_mon//tb_top/u_mon  Scope: tb_top.u_mon  File: /run/media/sackb/Windows-SSD/Users/sackb/OneDrive/Desktop/University/Course_Work/2025-2026/Spring_2026/ECE_410/ECE410/project/post_m3_Minor_Redesign/tb/tb_top.sv Line: 257

Time: 9565 ns Started: 9555 ns Scope: /tb_top/u_mon File: /run/media/sackb/Windows-SSD/Users/sackb/OneDrive/Desktop/University/Course_Work/2025-2026/Spring_2026/ECE_410/ECE410/project/post_m3_Minor_Redesign/tb/tb_top.sv Line:256
Error: AXI MONITOR: core_C changed while core is idle
Time: 9565 ns  Iteration: 0  Process: /tb_top/u_mon//tb_top/u_mon  Scope: tb_top.u_mon  File: /run/media/sackb/Windows-SSD/Users/sackb/OneDrive/Desktop/University/Course_Work/2025-2026/Spring_2026/ECE_410/ECE410/project/post_m3_Minor_Redesign/tb/tb_top.sv Line: 257

Time: 9575 ns Started: 9565 ns Scope: /tb_top/u_mon File: /run/media/sackb/Windows-SSD/Users/sackb/OneDrive/Desktop/University/Course_Work/2025-2026/Spring_2026/ECE_410/ECE410/project/post_m3_Minor_Redesign/tb/tb_top.sv Line:256
Error: AXI MONITOR: core_C changed while core is idle
Time: 9575 ns  Iteration: 0  Process: /tb_top/u_mon//tb_top/u_mon  Scope: tb_top.u_mon  File: /run/media/sackb/Windows-SSD/Users/sackb/OneDrive/Desktop/University/Course_Work/2025-2026/Spring_2026/ECE_410/ECE410/project/post_m3_Minor_Redesign/tb/tb_top.sv Line: 257

Time: 9585 ns Started: 9575 ns Scope: /tb_top/u_mon File: /run/media/sackb/Windows-SSD/Users/sackb/OneDrive/Desktop/University/Course_Work/2025-2026/Spring_2026/ECE_410/ECE410/project/post_m3_Minor_Redesign/tb/tb_top.sv Line:256
Error: AXI MONITOR: core_C changed while core is idle
Time: 9585 ns  Iteration: 0  Process: /tb_top/u_mon//tb_top/u_mon  Scope: tb_top.u_mon  File: /run/media/sackb/Windows-SSD/Users/sackb/OneDrive/Desktop/University/Course_Work/2025-2026/Spring_2026/ECE_410/ECE410/project/post_m3_Minor_Redesign/tb/tb_top.sv Line: 257

Time: 9595 ns Started: 9585 ns Scope: /tb_top/u_mon File: /run/media/sackb/Windows-SSD/Users/sackb/OneDrive/Desktop/University/Course_Work/2025-2026/Spring_2026/ECE_410/ECE410/project/post_m3_Minor_Redesign/tb/tb_top.sv Line:256
Error: AXI MONITOR: core_C changed while core is idle
Time: 9595 ns  Iteration: 0  Process: /tb_top/u_mon//tb_top/u_mon  Scope: tb_top.u_mon  File: /run/media/sackb/Windows-SSD/Users/sackb/OneDrive/Desktop/University/Course_Work/2025-2026/Spring_2026/ECE_410/ECE410/project/post_m3_Minor_Redesign/tb/tb_top.sv Line: 257

Time: 9605 ns Started: 9595 ns Scope: /tb_top/u_mon File: /run/media/sackb/Windows-SSD/Users/sackb/OneDrive/Desktop/University/Course_Work/2025-2026/Spring_2026/ECE_410/ECE410/project/post_m3_Minor_Redesign/tb/tb_top.sv Line:256
Error: AXI MONITOR: core_C changed while core is idle
Time: 9605 ns  Iteration: 0  Process: /tb_top/u_mon//tb_top/u_mon  Scope: tb_top.u_mon  File: /run/media/sackb/Windows-SSD/Users/sackb/OneDrive/Desktop/University/Course_Work/2025-2026/Spring_2026/ECE_410/ECE410/project/post_m3_Minor_Redesign/tb/tb_top.sv Line: 257

Time: 9615 ns Started: 9605 ns Scope: /tb_top/u_mon File: /run/media/sackb/Windows-SSD/Users/sackb/OneDrive/Desktop/University/Course_Work/2025-2026/Spring_2026/ECE_410/ECE410/project/post_m3_Minor_Redesign/tb/tb_top.sv Line:256
Error: AXI MONITOR: core_C changed while core is idle
Time: 9615 ns  Iteration: 0  Process: /tb_top/u_mon//tb_top/u_mon  Scope: tb_top.u_mon  File: /run/media/sackb/Windows-SSD/Users/sackb/OneDrive/Desktop/University/Course_Work/2025-2026/Spring_2026/ECE_410/ECE410/project/post_m3_Minor_Redesign/tb/tb_top.sv Line: 257

Time: 9625 ns Started: 9615 ns Scope: /tb_top/u_mon File: /run/media/sackb/Windows-SSD/Users/sackb/OneDrive/Desktop/University/Course_Work/2025-2026/Spring_2026/ECE_410/ECE410/project/post_m3_Minor_Redesign/tb/tb_top.sv Line:256
Error: AXI MONITOR: core_C changed while core is idle
Time: 9625 ns  Iteration: 0  Process: /tb_top/u_mon//tb_top/u_mon  Scope: tb_top.u_mon  File: /run/media/sackb/Windows-SSD/Users/sackb/OneDrive/Desktop/University/Course_Work/2025-2026/Spring_2026/ECE_410/ECE410/project/post_m3_Minor_Redesign/tb/tb_top.sv Line: 257

Time: 9635 ns Started: 9625 ns Scope: /tb_top/u_mon File: /run/media/sackb/Windows-SSD/Users/sackb/OneDrive/Desktop/University/Course_Work/2025-2026/Spring_2026/ECE_410/ECE410/project/post_m3_Minor_Redesign/tb/tb_top.sv Line:256
Error: AXI MONITOR: core_C changed while core is idle
Time: 9635 ns  Iteration: 0  Process: /tb_top/u_mon//tb_top/u_mon  Scope: tb_top.u_mon  File: /run/media/sackb/Windows-SSD/Users/sackb/OneDrive/Desktop/University/Course_Work/2025-2026/Spring_2026/ECE_410/ECE410/project/post_m3_Minor_Redesign/tb/tb_top.sv Line: 257

Time: 9645 ns Started: 9635 ns Scope: /tb_top/u_mon File: /run/media/sackb/Windows-SSD/Users/sackb/OneDrive/Desktop/University/Course_Work/2025-2026/Spring_2026/ECE_410/ECE410/project/post_m3_Minor_Redesign/tb/tb_top.sv Line:256
Error: AXI MONITOR: core_C changed while core is idle
Time: 9645 ns  Iteration: 0  Process: /tb_top/u_mon//tb_top/u_mon  Scope: tb_top.u_mon  File: /run/media/sackb/Windows-SSD/Users/sackb/OneDrive/Desktop/University/Course_Work/2025-2026/Spring_2026/ECE_410/ECE410/project/post_m3_Minor_Redesign/tb/tb_top.sv Line: 257

Time: 9655 ns Started: 9645 ns Scope: /tb_top/u_mon File: /run/media/sackb/Windows-SSD/Users/sackb/OneDrive/Desktop/University/Course_Work/2025-2026/Spring_2026/ECE_410/ECE410/project/post_m3_Minor_Redesign/tb/tb_top.sv Line:256
Error: AXI MONITOR: core_C changed while core is idle
Time: 9655 ns  Iteration: 0  Process: /tb_top/u_mon//tb_top/u_mon  Scope: tb_top.u_mon  File: /run/media/sackb/Windows-SSD/Users/sackb/OneDrive/Desktop/University/Course_Work/2025-2026/Spring_2026/ECE_410/ECE410/project/post_m3_Minor_Redesign/tb/tb_top.sv Line: 257

Time: 9665 ns Started: 9655 ns Scope: /tb_top/u_mon File: /run/media/sackb/Windows-SSD/Users/sackb/OneDrive/Desktop/University/Course_Work/2025-2026/Spring_2026/ECE_410/ECE410/project/post_m3_Minor_Redesign/tb/tb_top.sv Line:256
Error: AXI MONITOR: core_C changed while core is idle
Time: 9665 ns  Iteration: 0  Process: /tb_top/u_mon//tb_top/u_mon  Scope: tb_top.u_mon  File: /run/media/sackb/Windows-SSD/Users/sackb/OneDrive/Desktop/University/Course_Work/2025-2026/Spring_2026/ECE_410/ECE410/project/post_m3_Minor_Redesign/tb/tb_top.sv Line: 257

Time: 9675 ns Started: 9665 ns Scope: /tb_top/u_mon File: /run/media/sackb/Windows-SSD/Users/sackb/OneDrive/Desktop/University/Course_Work/2025-2026/Spring_2026/ECE_410/ECE410/project/post_m3_Minor_Redesign/tb/tb_top.sv Line:256
Error: AXI MONITOR: core_C changed while core is idle
Time: 9675 ns  Iteration: 0  Process: /tb_top/u_mon//tb_top/u_mon  Scope: tb_top.u_mon  File: /run/media/sackb/Windows-SSD/Users/sackb/OneDrive/Desktop/University/Course_Work/2025-2026/Spring_2026/ECE_410/ECE410/project/post_m3_Minor_Redesign/tb/tb_top.sv Line: 257

Time: 9685 ns Started: 9675 ns Scope: /tb_top/u_mon File: /run/media/sackb/Windows-SSD/Users/sackb/OneDrive/Desktop/University/Course_Work/2025-2026/Spring_2026/ECE_410/ECE410/project/post_m3_Minor_Redesign/tb/tb_top.sv Line:256
Error: AXI MONITOR: core_C changed while core is idle
Time: 9685 ns  Iteration: 0  Process: /tb_top/u_mon//tb_top/u_mon  Scope: tb_top.u_mon  File: /run/media/sackb/Windows-SSD/Users/sackb/OneDrive/Desktop/University/Course_Work/2025-2026/Spring_2026/ECE_410/ECE410/project/post_m3_Minor_Redesign/tb/tb_top.sv Line: 257

Time: 9695 ns Started: 9685 ns Scope: /tb_top/u_mon File: /run/media/sackb/Windows-SSD/Users/sackb/OneDrive/Desktop/University/Course_Work/2025-2026/Spring_2026/ECE_410/ECE410/project/post_m3_Minor_Redesign/tb/tb_top.sv Line:256
Error: AXI MONITOR: core_C changed while core is idle
Time: 9695 ns  Iteration: 0  Process: /tb_top/u_mon//tb_top/u_mon  Scope: tb_top.u_mon  File: /run/media/sackb/Windows-SSD/Users/sackb/OneDrive/Desktop/University/Course_Work/2025-2026/Spring_2026/ECE_410/ECE410/project/post_m3_Minor_Redesign/tb/tb_top.sv Line: 257

Time: 9705 ns Started: 9695 ns Scope: /tb_top/u_mon File: /run/media/sackb/Windows-SSD/Users/sackb/OneDrive/Desktop/University/Course_Work/2025-2026/Spring_2026/ECE_410/ECE410/project/post_m3_Minor_Redesign/tb/tb_top.sv Line:256
Error: AXI MONITOR: core_C changed while core is idle
Time: 9705 ns  Iteration: 0  Process: /tb_top/u_mon//tb_top/u_mon  Scope: tb_top.u_mon  File: /run/media/sackb/Windows-SSD/Users/sackb/OneDrive/Desktop/University/Course_Work/2025-2026/Spring_2026/ECE_410/ECE410/project/post_m3_Minor_Redesign/tb/tb_top.sv Line: 257

Time: 9715 ns Started: 9705 ns Scope: /tb_top/u_mon File: /run/media/sackb/Windows-SSD/Users/sackb/OneDrive/Desktop/University/Course_Work/2025-2026/Spring_2026/ECE_410/ECE410/project/post_m3_Minor_Redesign/tb/tb_top.sv Line:256
Error: AXI MONITOR: core_C changed while core is idle
Time: 9715 ns  Iteration: 0  Process: /tb_top/u_mon//tb_top/u_mon  Scope: tb_top.u_mon  File: /run/media/sackb/Windows-SSD/Users/sackb/OneDrive/Desktop/University/Course_Work/2025-2026/Spring_2026/ECE_410/ECE410/project/post_m3_Minor_Redesign/tb/tb_top.sv Line: 257

Time: 9725 ns Started: 9715 ns Scope: /tb_top/u_mon File: /run/media/sackb/Windows-SSD/Users/sackb/OneDrive/Desktop/University/Course_Work/2025-2026/Spring_2026/ECE_410/ECE410/project/post_m3_Minor_Redesign/tb/tb_top.sv Line:256
Error: AXI MONITOR: core_C changed while core is idle
Time: 9725 ns  Iteration: 0  Process: /tb_top/u_mon//tb_top/u_mon  Scope: tb_top.u_mon  File: /run/media/sackb/Windows-SSD/Users/sackb/OneDrive/Desktop/University/Course_Work/2025-2026/Spring_2026/ECE_410/ECE410/project/post_m3_Minor_Redesign/tb/tb_top.sv Line: 257

Time: 9735 ns Started: 9725 ns Scope: /tb_top/u_mon File: /run/media/sackb/Windows-SSD/Users/sackb/OneDrive/Desktop/University/Course_Work/2025-2026/Spring_2026/ECE_410/ECE410/project/post_m3_Minor_Redesign/tb/tb_top.sv Line:256
Error: AXI MONITOR: core_C changed while core is idle
Time: 9735 ns  Iteration: 0  Process: /tb_top/u_mon//tb_top/u_mon  Scope: tb_top.u_mon  File: /run/media/sackb/Windows-SSD/Users/sackb/OneDrive/Desktop/University/Course_Work/2025-2026/Spring_2026/ECE_410/ECE410/project/post_m3_Minor_Redesign/tb/tb_top.sv Line: 257

Time: 10365 ns Started: 10355 ns Scope: /tb_top/u_mon File: /run/media/sackb/Windows-SSD/Users/sackb/OneDrive/Desktop/University/Course_Work/2025-2026/Spring_2026/ECE_410/ECE410/project/post_m3_Minor_Redesign/tb/tb_top.sv Line:256
Error: AXI MONITOR: core_C changed while core is idle
Time: 10365 ns  Iteration: 0  Process: /tb_top/u_mon//tb_top/u_mon  Scope: tb_top.u_mon  File: /run/media/sackb/Windows-SSD/Users/sackb/OneDrive/Desktop/University/Course_Work/2025-2026/Spring_2026/ECE_410/ECE410/project/post_m3_Minor_Redesign/tb/tb_top.sv Line: 257

Time: 10375 ns Started: 10365 ns Scope: /tb_top/u_mon File: /run/media/sackb/Windows-SSD/Users/sackb/OneDrive/Desktop/University/Course_Work/2025-2026/Spring_2026/ECE_410/ECE410/project/post_m3_Minor_Redesign/tb/tb_top.sv Line:256
Error: AXI MONITOR: core_C changed while core is idle
Time: 10375 ns  Iteration: 0  Process: /tb_top/u_mon//tb_top/u_mon  Scope: tb_top.u_mon  File: /run/media/sackb/Windows-SSD/Users/sackb/OneDrive/Desktop/University/Course_Work/2025-2026/Spring_2026/ECE_410/ECE410/project/post_m3_Minor_Redesign/tb/tb_top.sv Line: 257

Time: 10385 ns Started: 10375 ns Scope: /tb_top/u_mon File: /run/media/sackb/Windows-SSD/Users/sackb/OneDrive/Desktop/University/Course_Work/2025-2026/Spring_2026/ECE_410/ECE410/project/post_m3_Minor_Redesign/tb/tb_top.sv Line:256
Error: AXI MONITOR: core_C changed while core is idle
Time: 10385 ns  Iteration: 0  Process: /tb_top/u_mon//tb_top/u_mon  Scope: tb_top.u_mon  File: /run/media/sackb/Windows-SSD/Users/sackb/OneDrive/Desktop/University/Course_Work/2025-2026/Spring_2026/ECE_410/ECE410/project/post_m3_Minor_Redesign/tb/tb_top.sv Line: 257

Time: 10395 ns Started: 10385 ns Scope: /tb_top/u_mon File: /run/media/sackb/Windows-SSD/Users/sackb/OneDrive/Desktop/University/Course_Work/2025-2026/Spring_2026/ECE_410/ECE410/project/post_m3_Minor_Redesign/tb/tb_top.sv Line:256
Error: AXI MONITOR: core_C changed while core is idle
Time: 10395 ns  Iteration: 0  Process: /tb_top/u_mon//tb_top/u_mon  Scope: tb_top.u_mon  File: /run/media/sackb/Windows-SSD/Users/sackb/OneDrive/Desktop/University/Course_Work/2025-2026/Spring_2026/ECE_410/ECE410/project/post_m3_Minor_Redesign/tb/tb_top.sv Line: 257

Time: 10405 ns Started: 10395 ns Scope: /tb_top/u_mon File: /run/media/sackb/Windows-SSD/Users/sackb/OneDrive/Desktop/University/Course_Work/2025-2026/Spring_2026/ECE_410/ECE410/project/post_m3_Minor_Redesign/tb/tb_top.sv Line:256
Error: AXI MONITOR: core_C changed while core is idle
Time: 10405 ns  Iteration: 0  Process: /tb_top/u_mon//tb_top/u_mon  Scope: tb_top.u_mon  File: /run/media/sackb/Windows-SSD/Users/sackb/OneDrive/Desktop/University/Course_Work/2025-2026/Spring_2026/ECE_410/ECE410/project/post_m3_Minor_Redesign/tb/tb_top.sv Line: 257

Time: 10415 ns Started: 10405 ns Scope: /tb_top/u_mon File: /run/media/sackb/Windows-SSD/Users/sackb/OneDrive/Desktop/University/Course_Work/2025-2026/Spring_2026/ECE_410/ECE410/project/post_m3_Minor_Redesign/tb/tb_top.sv Line:256
Error: AXI MONITOR: core_C changed while core is idle
Time: 10415 ns  Iteration: 0  Process: /tb_top/u_mon//tb_top/u_mon  Scope: tb_top.u_mon  File: /run/media/sackb/Windows-SSD/Users/sackb/OneDrive/Desktop/University/Course_Work/2025-2026/Spring_2026/ECE_410/ECE410/project/post_m3_Minor_Redesign/tb/tb_top.sv Line: 257

Time: 10425 ns Started: 10415 ns Scope: /tb_top/u_mon File: /run/media/sackb/Windows-SSD/Users/sackb/OneDrive/Desktop/University/Course_Work/2025-2026/Spring_2026/ECE_410/ECE410/project/post_m3_Minor_Redesign/tb/tb_top.sv Line:256
Error: AXI MONITOR: core_C changed while core is idle
Time: 10425 ns  Iteration: 0  Process: /tb_top/u_mon//tb_top/u_mon  Scope: tb_top.u_mon  File: /run/media/sackb/Windows-SSD/Users/sackb/OneDrive/Desktop/University/Course_Work/2025-2026/Spring_2026/ECE_410/ECE410/project/post_m3_Minor_Redesign/tb/tb_top.sv Line: 257

Time: 10435 ns Started: 10425 ns Scope: /tb_top/u_mon File: /run/media/sackb/Windows-SSD/Users/sackb/OneDrive/Desktop/University/Course_Work/2025-2026/Spring_2026/ECE_410/ECE410/project/post_m3_Minor_Redesign/tb/tb_top.sv Line:256
Error: AXI MONITOR: core_C changed while core is idle
Time: 10435 ns  Iteration: 0  Process: /tb_top/u_mon//tb_top/u_mon  Scope: tb_top.u_mon  File: /run/media/sackb/Windows-SSD/Users/sackb/OneDrive/Desktop/University/Course_Work/2025-2026/Spring_2026/ECE_410/ECE410/project/post_m3_Minor_Redesign/tb/tb_top.sv Line: 257

Time: 10445 ns Started: 10435 ns Scope: /tb_top/u_mon File: /run/media/sackb/Windows-SSD/Users/sackb/OneDrive/Desktop/University/Course_Work/2025-2026/Spring_2026/ECE_410/ECE410/project/post_m3_Minor_Redesign/tb/tb_top.sv Line:256
Error: AXI MONITOR: core_C changed while core is idle
Time: 10445 ns  Iteration: 0  Process: /tb_top/u_mon//tb_top/u_mon  Scope: tb_top.u_mon  File: /run/media/sackb/Windows-SSD/Users/sackb/OneDrive/Desktop/University/Course_Work/2025-2026/Spring_2026/ECE_410/ECE410/project/post_m3_Minor_Redesign/tb/tb_top.sv Line: 257

Time: 10455 ns Started: 10445 ns Scope: /tb_top/u_mon File: /run/media/sackb/Windows-SSD/Users/sackb/OneDrive/Desktop/University/Course_Work/2025-2026/Spring_2026/ECE_410/ECE410/project/post_m3_Minor_Redesign/tb/tb_top.sv Line:256
Error: AXI MONITOR: core_C changed while core is idle
Time: 10455 ns  Iteration: 0  Process: /tb_top/u_mon//tb_top/u_mon  Scope: tb_top.u_mon  File: /run/media/sackb/Windows-SSD/Users/sackb/OneDrive/Desktop/University/Course_Work/2025-2026/Spring_2026/ECE_410/ECE410/project/post_m3_Minor_Redesign/tb/tb_top.sv Line: 257

Time: 10465 ns Started: 10455 ns Scope: /tb_top/u_mon File: /run/media/sackb/Windows-SSD/Users/sackb/OneDrive/Desktop/University/Course_Work/2025-2026/Spring_2026/ECE_410/ECE410/project/post_m3_Minor_Redesign/tb/tb_top.sv Line:256
Error: AXI MONITOR: core_C changed while core is idle
Time: 10465 ns  Iteration: 0  Process: /tb_top/u_mon//tb_top/u_mon  Scope: tb_top.u_mon  File: /run/media/sackb/Windows-SSD/Users/sackb/OneDrive/Desktop/University/Course_Work/2025-2026/Spring_2026/ECE_410/ECE410/project/post_m3_Minor_Redesign/tb/tb_top.sv Line: 257

Time: 10475 ns Started: 10465 ns Scope: /tb_top/u_mon File: /run/media/sackb/Windows-SSD/Users/sackb/OneDrive/Desktop/University/Course_Work/2025-2026/Spring_2026/ECE_410/ECE410/project/post_m3_Minor_Redesign/tb/tb_top.sv Line:256
Error: AXI MONITOR: core_C changed while core is idle
Time: 10475 ns  Iteration: 0  Process: /tb_top/u_mon//tb_top/u_mon  Scope: tb_top.u_mon  File: /run/media/sackb/Windows-SSD/Users/sackb/OneDrive/Desktop/University/Course_Work/2025-2026/Spring_2026/ECE_410/ECE410/project/post_m3_Minor_Redesign/tb/tb_top.sv Line: 257

Time: 10485 ns Started: 10475 ns Scope: /tb_top/u_mon File: /run/media/sackb/Windows-SSD/Users/sackb/OneDrive/Desktop/University/Course_Work/2025-2026/Spring_2026/ECE_410/ECE410/project/post_m3_Minor_Redesign/tb/tb_top.sv Line:256
Error: AXI MONITOR: core_C changed while core is idle
Time: 10485 ns  Iteration: 0  Process: /tb_top/u_mon//tb_top/u_mon  Scope: tb_top.u_mon  File: /run/media/sackb/Windows-SSD/Users/sackb/OneDrive/Desktop/University/Course_Work/2025-2026/Spring_2026/ECE_410/ECE410/project/post_m3_Minor_Redesign/tb/tb_top.sv Line: 257

Time: 10495 ns Started: 10485 ns Scope: /tb_top/u_mon File: /run/media/sackb/Windows-SSD/Users/sackb/OneDrive/Desktop/University/Course_Work/2025-2026/Spring_2026/ECE_410/ECE410/project/post_m3_Minor_Redesign/tb/tb_top.sv Line:256
Error: AXI MONITOR: core_C changed while core is idle
Time: 10495 ns  Iteration: 0  Process: /tb_top/u_mon//tb_top/u_mon  Scope: tb_top.u_mon  File: /run/media/sackb/Windows-SSD/Users/sackb/OneDrive/Desktop/University/Course_Work/2025-2026/Spring_2026/ECE_410/ECE410/project/post_m3_Minor_Redesign/tb/tb_top.sv Line: 257

Time: 10505 ns Started: 10495 ns Scope: /tb_top/u_mon File: /run/media/sackb/Windows-SSD/Users/sackb/OneDrive/Desktop/University/Course_Work/2025-2026/Spring_2026/ECE_410/ECE410/project/post_m3_Minor_Redesign/tb/tb_top.sv Line:256
Error: AXI MONITOR: core_C changed while core is idle
Time: 10505 ns  Iteration: 0  Process: /tb_top/u_mon//tb_top/u_mon  Scope: tb_top.u_mon  File: /run/media/sackb/Windows-SSD/Users/sackb/OneDrive/Desktop/University/Course_Work/2025-2026/Spring_2026/ECE_410/ECE410/project/post_m3_Minor_Redesign/tb/tb_top.sv Line: 257

Time: 10515 ns Started: 10505 ns Scope: /tb_top/u_mon File: /run/media/sackb/Windows-SSD/Users/sackb/OneDrive/Desktop/University/Course_Work/2025-2026/Spring_2026/ECE_410/ECE410/project/post_m3_Minor_Redesign/tb/tb_top.sv Line:256
Error: AXI MONITOR: core_C changed while core is idle
Time: 10515 ns  Iteration: 0  Process: /tb_top/u_mon//tb_top/u_mon  Scope: tb_top.u_mon  File: /run/media/sackb/Windows-SSD/Users/sackb/OneDrive/Desktop/University/Course_Work/2025-2026/Spring_2026/ECE_410/ECE410/project/post_m3_Minor_Redesign/tb/tb_top.sv Line: 257

Time: 10525 ns Started: 10515 ns Scope: /tb_top/u_mon File: /run/media/sackb/Windows-SSD/Users/sackb/OneDrive/Desktop/University/Course_Work/2025-2026/Spring_2026/ECE_410/ECE410/project/post_m3_Minor_Redesign/tb/tb_top.sv Line:256
Error: AXI MONITOR: core_C changed while core is idle
Time: 10525 ns  Iteration: 0  Process: /tb_top/u_mon//tb_top/u_mon  Scope: tb_top.u_mon  File: /run/media/sackb/Windows-SSD/Users/sackb/OneDrive/Desktop/University/Course_Work/2025-2026/Spring_2026/ECE_410/ECE410/project/post_m3_Minor_Redesign/tb/tb_top.sv Line: 257

Time: 10535 ns Started: 10525 ns Scope: /tb_top/u_mon File: /run/media/sackb/Windows-SSD/Users/sackb/OneDrive/Desktop/University/Course_Work/2025-2026/Spring_2026/ECE_410/ECE410/project/post_m3_Minor_Redesign/tb/tb_top.sv Line:256
Error: AXI MONITOR: core_C changed while core is idle
Time: 10535 ns  Iteration: 0  Process: /tb_top/u_mon//tb_top/u_mon  Scope: tb_top.u_mon  File: /run/media/sackb/Windows-SSD/Users/sackb/OneDrive/Desktop/University/Course_Work/2025-2026/Spring_2026/ECE_410/ECE410/project/post_m3_Minor_Redesign/tb/tb_top.sv Line: 257

Time: 10545 ns Started: 10535 ns Scope: /tb_top/u_mon File: /run/media/sackb/Windows-SSD/Users/sackb/OneDrive/Desktop/University/Course_Work/2025-2026/Spring_2026/ECE_410/ECE410/project/post_m3_Minor_Redesign/tb/tb_top.sv Line:256
Error: AXI MONITOR: core_C changed while core is idle
Time: 10545 ns  Iteration: 0  Process: /tb_top/u_mon//tb_top/u_mon  Scope: tb_top.u_mon  File: /run/media/sackb/Windows-SSD/Users/sackb/OneDrive/Desktop/University/Course_Work/2025-2026/Spring_2026/ECE_410/ECE410/project/post_m3_Minor_Redesign/tb/tb_top.sv Line: 257

Time: 10555 ns Started: 10545 ns Scope: /tb_top/u_mon File: /run/media/sackb/Windows-SSD/Users/sackb/OneDrive/Desktop/University/Course_Work/2025-2026/Spring_2026/ECE_410/ECE410/project/post_m3_Minor_Redesign/tb/tb_top.sv Line:256
Error: AXI MONITOR: core_C changed while core is idle
Time: 10555 ns  Iteration: 0  Process: /tb_top/u_mon//tb_top/u_mon  Scope: tb_top.u_mon  File: /run/media/sackb/Windows-SSD/Users/sackb/OneDrive/Desktop/University/Course_Work/2025-2026/Spring_2026/ECE_410/ECE410/project/post_m3_Minor_Redesign/tb/tb_top.sv Line: 257

Time: 10565 ns Started: 10555 ns Scope: /tb_top/u_mon File: /run/media/sackb/Windows-SSD/Users/sackb/OneDrive/Desktop/University/Course_Work/2025-2026/Spring_2026/ECE_410/ECE410/project/post_m3_Minor_Redesign/tb/tb_top.sv Line:256
Error: AXI MONITOR: core_C changed while core is idle
Time: 10565 ns  Iteration: 0  Process: /tb_top/u_mon//tb_top/u_mon  Scope: tb_top.u_mon  File: /run/media/sackb/Windows-SSD/Users/sackb/OneDrive/Desktop/University/Course_Work/2025-2026/Spring_2026/ECE_410/ECE410/project/post_m3_Minor_Redesign/tb/tb_top.sv Line: 257

Time: 10575 ns Started: 10565 ns Scope: /tb_top/u_mon File: /run/media/sackb/Windows-SSD/Users/sackb/OneDrive/Desktop/University/Course_Work/2025-2026/Spring_2026/ECE_410/ECE410/project/post_m3_Minor_Redesign/tb/tb_top.sv Line:256
Error: AXI MONITOR: core_C changed while core is idle
Time: 10575 ns  Iteration: 0  Process: /tb_top/u_mon//tb_top/u_mon  Scope: tb_top.u_mon  File: /run/media/sackb/Windows-SSD/Users/sackb/OneDrive/Desktop/University/Course_Work/2025-2026/Spring_2026/ECE_410/ECE410/project/post_m3_Minor_Redesign/tb/tb_top.sv Line: 257

Time: 10585 ns Started: 10575 ns Scope: /tb_top/u_mon File: /run/media/sackb/Windows-SSD/Users/sackb/OneDrive/Desktop/University/Course_Work/2025-2026/Spring_2026/ECE_410/ECE410/project/post_m3_Minor_Redesign/tb/tb_top.sv Line:256
Error: AXI MONITOR: core_C changed while core is idle
Time: 10585 ns  Iteration: 0  Process: /tb_top/u_mon//tb_top/u_mon  Scope: tb_top.u_mon  File: /run/media/sackb/Windows-SSD/Users/sackb/OneDrive/Desktop/University/Course_Work/2025-2026/Spring_2026/ECE_410/ECE410/project/post_m3_Minor_Redesign/tb/tb_top.sv Line: 257

Time: 10595 ns Started: 10585 ns Scope: /tb_top/u_mon File: /run/media/sackb/Windows-SSD/Users/sackb/OneDrive/Desktop/University/Course_Work/2025-2026/Spring_2026/ECE_410/ECE410/project/post_m3_Minor_Redesign/tb/tb_top.sv Line:256
Error: AXI MONITOR: core_C changed while core is idle
Time: 10595 ns  Iteration: 0  Process: /tb_top/u_mon//tb_top/u_mon  Scope: tb_top.u_mon  File: /run/media/sackb/Windows-SSD/Users/sackb/OneDrive/Desktop/University/Course_Work/2025-2026/Spring_2026/ECE_410/ECE410/project/post_m3_Minor_Redesign/tb/tb_top.sv Line: 257

Time: 10605 ns Started: 10595 ns Scope: /tb_top/u_mon File: /run/media/sackb/Windows-SSD/Users/sackb/OneDrive/Desktop/University/Course_Work/2025-2026/Spring_2026/ECE_410/ECE410/project/post_m3_Minor_Redesign/tb/tb_top.sv Line:256
Error: AXI MONITOR: core_C changed while core is idle
Time: 10605 ns  Iteration: 0  Process: /tb_top/u_mon//tb_top/u_mon  Scope: tb_top.u_mon  File: /run/media/sackb/Windows-SSD/Users/sackb/OneDrive/Desktop/University/Course_Work/2025-2026/Spring_2026/ECE_410/ECE410/project/post_m3_Minor_Redesign/tb/tb_top.sv Line: 257

Time: 10615 ns Started: 10605 ns Scope: /tb_top/u_mon File: /run/media/sackb/Windows-SSD/Users/sackb/OneDrive/Desktop/University/Course_Work/2025-2026/Spring_2026/ECE_410/ECE410/project/post_m3_Minor_Redesign/tb/tb_top.sv Line:256
Error: AXI MONITOR: core_C changed while core is idle
Time: 10615 ns  Iteration: 0  Process: /tb_top/u_mon//tb_top/u_mon  Scope: tb_top.u_mon  File: /run/media/sackb/Windows-SSD/Users/sackb/OneDrive/Desktop/University/Course_Work/2025-2026/Spring_2026/ECE_410/ECE410/project/post_m3_Minor_Redesign/tb/tb_top.sv Line: 257

Time: 10625 ns Started: 10615 ns Scope: /tb_top/u_mon File: /run/media/sackb/Windows-SSD/Users/sackb/OneDrive/Desktop/University/Course_Work/2025-2026/Spring_2026/ECE_410/ECE410/project/post_m3_Minor_Redesign/tb/tb_top.sv Line:256
Error: AXI MONITOR: core_C changed while core is idle
Time: 10625 ns  Iteration: 0  Process: /tb_top/u_mon//tb_top/u_mon  Scope: tb_top.u_mon  File: /run/media/sackb/Windows-SSD/Users/sackb/OneDrive/Desktop/University/Course_Work/2025-2026/Spring_2026/ECE_410/ECE410/project/post_m3_Minor_Redesign/tb/tb_top.sv Line: 257

Time: 10635 ns Started: 10625 ns Scope: /tb_top/u_mon File: /run/media/sackb/Windows-SSD/Users/sackb/OneDrive/Desktop/University/Course_Work/2025-2026/Spring_2026/ECE_410/ECE410/project/post_m3_Minor_Redesign/tb/tb_top.sv Line:256
Error: AXI MONITOR: core_C changed while core is idle
Time: 10635 ns  Iteration: 0  Process: /tb_top/u_mon//tb_top/u_mon  Scope: tb_top.u_mon  File: /run/media/sackb/Windows-SSD/Users/sackb/OneDrive/Desktop/University/Course_Work/2025-2026/Spring_2026/ECE_410/ECE410/project/post_m3_Minor_Redesign/tb/tb_top.sv Line: 257

Time: 10645 ns Started: 10635 ns Scope: /tb_top/u_mon File: /run/media/sackb/Windows-SSD/Users/sackb/OneDrive/Desktop/University/Course_Work/2025-2026/Spring_2026/ECE_410/ECE410/project/post_m3_Minor_Redesign/tb/tb_top.sv Line:256
Error: AXI MONITOR: core_C changed while core is idle
Time: 10645 ns  Iteration: 0  Process: /tb_top/u_mon//tb_top/u_mon  Scope: tb_top.u_mon  File: /run/media/sackb/Windows-SSD/Users/sackb/OneDrive/Desktop/University/Course_Work/2025-2026/Spring_2026/ECE_410/ECE410/project/post_m3_Minor_Redesign/tb/tb_top.sv Line: 257

Time: 10655 ns Started: 10645 ns Scope: /tb_top/u_mon File: /run/media/sackb/Windows-SSD/Users/sackb/OneDrive/Desktop/University/Course_Work/2025-2026/Spring_2026/ECE_410/ECE410/project/post_m3_Minor_Redesign/tb/tb_top.sv Line:256
Error: AXI MONITOR: core_C changed while core is idle
Time: 10655 ns  Iteration: 0  Process: /tb_top/u_mon//tb_top/u_mon  Scope: tb_top.u_mon  File: /run/media/sackb/Windows-SSD/Users/sackb/OneDrive/Desktop/University/Course_Work/2025-2026/Spring_2026/ECE_410/ECE410/project/post_m3_Minor_Redesign/tb/tb_top.sv Line: 257

Time: 10665 ns Started: 10655 ns Scope: /tb_top/u_mon File: /run/media/sackb/Windows-SSD/Users/sackb/OneDrive/Desktop/University/Course_Work/2025-2026/Spring_2026/ECE_410/ECE410/project/post_m3_Minor_Redesign/tb/tb_top.sv Line:256
Error: AXI MONITOR: core_C changed while core is idle
Time: 10665 ns  Iteration: 0  Process: /tb_top/u_mon//tb_top/u_mon  Scope: tb_top.u_mon  File: /run/media/sackb/Windows-SSD/Users/sackb/OneDrive/Desktop/University/Course_Work/2025-2026/Spring_2026/ECE_410/ECE410/project/post_m3_Minor_Redesign/tb/tb_top.sv Line: 257

Time: 10675 ns Started: 10665 ns Scope: /tb_top/u_mon File: /run/media/sackb/Windows-SSD/Users/sackb/OneDrive/Desktop/University/Course_Work/2025-2026/Spring_2026/ECE_410/ECE410/project/post_m3_Minor_Redesign/tb/tb_top.sv Line:256
Error: AXI MONITOR: core_C changed while core is idle
Time: 10675 ns  Iteration: 0  Process: /tb_top/u_mon//tb_top/u_mon  Scope: tb_top.u_mon  File: /run/media/sackb/Windows-SSD/Users/sackb/OneDrive/Desktop/University/Course_Work/2025-2026/Spring_2026/ECE_410/ECE410/project/post_m3_Minor_Redesign/tb/tb_top.sv Line: 257

Time: 10685 ns Started: 10675 ns Scope: /tb_top/u_mon File: /run/media/sackb/Windows-SSD/Users/sackb/OneDrive/Desktop/University/Course_Work/2025-2026/Spring_2026/ECE_410/ECE410/project/post_m3_Minor_Redesign/tb/tb_top.sv Line:256
Error: AXI MONITOR: core_C changed while core is idle
Time: 10685 ns  Iteration: 0  Process: /tb_top/u_mon//tb_top/u_mon  Scope: tb_top.u_mon  File: /run/media/sackb/Windows-SSD/Users/sackb/OneDrive/Desktop/University/Course_Work/2025-2026/Spring_2026/ECE_410/ECE410/project/post_m3_Minor_Redesign/tb/tb_top.sv Line: 257

Time: 10695 ns Started: 10685 ns Scope: /tb_top/u_mon File: /run/media/sackb/Windows-SSD/Users/sackb/OneDrive/Desktop/University/Course_Work/2025-2026/Spring_2026/ECE_410/ECE410/project/post_m3_Minor_Redesign/tb/tb_top.sv Line:256
Error: AXI MONITOR: core_C changed while core is idle
Time: 10695 ns  Iteration: 0  Process: /tb_top/u_mon//tb_top/u_mon  Scope: tb_top.u_mon  File: /run/media/sackb/Windows-SSD/Users/sackb/OneDrive/Desktop/University/Course_Work/2025-2026/Spring_2026/ECE_410/ECE410/project/post_m3_Minor_Redesign/tb/tb_top.sv Line: 257

Time: 10705 ns Started: 10695 ns Scope: /tb_top/u_mon File: /run/media/sackb/Windows-SSD/Users/sackb/OneDrive/Desktop/University/Course_Work/2025-2026/Spring_2026/ECE_410/ECE410/project/post_m3_Minor_Redesign/tb/tb_top.sv Line:256
Error: AXI MONITOR: core_C changed while core is idle
Time: 10705 ns  Iteration: 0  Process: /tb_top/u_mon//tb_top/u_mon  Scope: tb_top.u_mon  File: /run/media/sackb/Windows-SSD/Users/sackb/OneDrive/Desktop/University/Course_Work/2025-2026/Spring_2026/ECE_410/ECE410/project/post_m3_Minor_Redesign/tb/tb_top.sv Line: 257

Time: 10715 ns Started: 10705 ns Scope: /tb_top/u_mon File: /run/media/sackb/Windows-SSD/Users/sackb/OneDrive/Desktop/University/Course_Work/2025-2026/Spring_2026/ECE_410/ECE410/project/post_m3_Minor_Redesign/tb/tb_top.sv Line:256
Error: AXI MONITOR: core_C changed while core is idle
Time: 10715 ns  Iteration: 0  Process: /tb_top/u_mon//tb_top/u_mon  Scope: tb_top.u_mon  File: /run/media/sackb/Windows-SSD/Users/sackb/OneDrive/Desktop/University/Course_Work/2025-2026/Spring_2026/ECE_410/ECE410/project/post_m3_Minor_Redesign/tb/tb_top.sv Line: 257

Time: 10725 ns Started: 10715 ns Scope: /tb_top/u_mon File: /run/media/sackb/Windows-SSD/Users/sackb/OneDrive/Desktop/University/Course_Work/2025-2026/Spring_2026/ECE_410/ECE410/project/post_m3_Minor_Redesign/tb/tb_top.sv Line:256
Error: AXI MONITOR: core_C changed while core is idle
Time: 10725 ns  Iteration: 0  Process: /tb_top/u_mon//tb_top/u_mon  Scope: tb_top.u_mon  File: /run/media/sackb/Windows-SSD/Users/sackb/OneDrive/Desktop/University/Course_Work/2025-2026/Spring_2026/ECE_410/ECE410/project/post_m3_Minor_Redesign/tb/tb_top.sv Line: 257
TB_TOP: Iteration 5 complete
TB_TOP: Starting iteration 6

Time: 10735 ns Started: 10725 ns Scope: /tb_top/u_mon File: /run/media/sackb/Windows-SSD/Users/sackb/OneDrive/Desktop/University/Course_Work/2025-2026/Spring_2026/ECE_410/ECE410/project/post_m3_Minor_Redesign/tb/tb_top.sv Line:256
Error: AXI MONITOR: core_C changed while core is idle
Time: 10735 ns  Iteration: 0  Process: /tb_top/u_mon//tb_top/u_mon  Scope: tb_top.u_mon  File: /run/media/sackb/Windows-SSD/Users/sackb/OneDrive/Desktop/University/Course_Work/2025-2026/Spring_2026/ECE_410/ECE410/project/post_m3_Minor_Redesign/tb/tb_top.sv Line: 257

Time: 10745 ns Started: 10735 ns Scope: /tb_top/u_mon File: /run/media/sackb/Windows-SSD/Users/sackb/OneDrive/Desktop/University/Course_Work/2025-2026/Spring_2026/ECE_410/ECE410/project/post_m3_Minor_Redesign/tb/tb_top.sv Line:256
Error: AXI MONITOR: core_C changed while core is idle
Time: 10745 ns  Iteration: 0  Process: /tb_top/u_mon//tb_top/u_mon  Scope: tb_top.u_mon  File: /run/media/sackb/Windows-SSD/Users/sackb/OneDrive/Desktop/University/Course_Work/2025-2026/Spring_2026/ECE_410/ECE410/project/post_m3_Minor_Redesign/tb/tb_top.sv Line: 257

Time: 10755 ns Started: 10745 ns Scope: /tb_top/u_mon File: /run/media/sackb/Windows-SSD/Users/sackb/OneDrive/Desktop/University/Course_Work/2025-2026/Spring_2026/ECE_410/ECE410/project/post_m3_Minor_Redesign/tb/tb_top.sv Line:256
Error: AXI MONITOR: core_C changed while core is idle
Time: 10755 ns  Iteration: 0  Process: /tb_top/u_mon//tb_top/u_mon  Scope: tb_top.u_mon  File: /run/media/sackb/Windows-SSD/Users/sackb/OneDrive/Desktop/University/Course_Work/2025-2026/Spring_2026/ECE_410/ECE410/project/post_m3_Minor_Redesign/tb/tb_top.sv Line: 257

Time: 10765 ns Started: 10755 ns Scope: /tb_top/u_mon File: /run/media/sackb/Windows-SSD/Users/sackb/OneDrive/Desktop/University/Course_Work/2025-2026/Spring_2026/ECE_410/ECE410/project/post_m3_Minor_Redesign/tb/tb_top.sv Line:256
Error: AXI MONITOR: core_C changed while core is idle
Time: 10765 ns  Iteration: 0  Process: /tb_top/u_mon//tb_top/u_mon  Scope: tb_top.u_mon  File: /run/media/sackb/Windows-SSD/Users/sackb/OneDrive/Desktop/University/Course_Work/2025-2026/Spring_2026/ECE_410/ECE410/project/post_m3_Minor_Redesign/tb/tb_top.sv Line: 257

Time: 10775 ns Started: 10765 ns Scope: /tb_top/u_mon File: /run/media/sackb/Windows-SSD/Users/sackb/OneDrive/Desktop/University/Course_Work/2025-2026/Spring_2026/ECE_410/ECE410/project/post_m3_Minor_Redesign/tb/tb_top.sv Line:256
Error: AXI MONITOR: core_C changed while core is idle
Time: 10775 ns  Iteration: 0  Process: /tb_top/u_mon//tb_top/u_mon  Scope: tb_top.u_mon  File: /run/media/sackb/Windows-SSD/Users/sackb/OneDrive/Desktop/University/Course_Work/2025-2026/Spring_2026/ECE_410/ECE410/project/post_m3_Minor_Redesign/tb/tb_top.sv Line: 257

Time: 10785 ns Started: 10775 ns Scope: /tb_top/u_mon File: /run/media/sackb/Windows-SSD/Users/sackb/OneDrive/Desktop/University/Course_Work/2025-2026/Spring_2026/ECE_410/ECE410/project/post_m3_Minor_Redesign/tb/tb_top.sv Line:256
Error: AXI MONITOR: core_C changed while core is idle
Time: 10785 ns  Iteration: 0  Process: /tb_top/u_mon//tb_top/u_mon  Scope: tb_top.u_mon  File: /run/media/sackb/Windows-SSD/Users/sackb/OneDrive/Desktop/University/Course_Work/2025-2026/Spring_2026/ECE_410/ECE410/project/post_m3_Minor_Redesign/tb/tb_top.sv Line: 257

Time: 10795 ns Started: 10785 ns Scope: /tb_top/u_mon File: /run/media/sackb/Windows-SSD/Users/sackb/OneDrive/Desktop/University/Course_Work/2025-2026/Spring_2026/ECE_410/ECE410/project/post_m3_Minor_Redesign/tb/tb_top.sv Line:256
Error: AXI MONITOR: core_C changed while core is idle
Time: 10795 ns  Iteration: 0  Process: /tb_top/u_mon//tb_top/u_mon  Scope: tb_top.u_mon  File: /run/media/sackb/Windows-SSD/Users/sackb/OneDrive/Desktop/University/Course_Work/2025-2026/Spring_2026/ECE_410/ECE410/project/post_m3_Minor_Redesign/tb/tb_top.sv Line: 257

Time: 10805 ns Started: 10795 ns Scope: /tb_top/u_mon File: /run/media/sackb/Windows-SSD/Users/sackb/OneDrive/Desktop/University/Course_Work/2025-2026/Spring_2026/ECE_410/ECE410/project/post_m3_Minor_Redesign/tb/tb_top.sv Line:256
Error: AXI MONITOR: core_C changed while core is idle
Time: 10805 ns  Iteration: 0  Process: /tb_top/u_mon//tb_top/u_mon  Scope: tb_top.u_mon  File: /run/media/sackb/Windows-SSD/Users/sackb/OneDrive/Desktop/University/Course_Work/2025-2026/Spring_2026/ECE_410/ECE410/project/post_m3_Minor_Redesign/tb/tb_top.sv Line: 257

Time: 10815 ns Started: 10805 ns Scope: /tb_top/u_mon File: /run/media/sackb/Windows-SSD/Users/sackb/OneDrive/Desktop/University/Course_Work/2025-2026/Spring_2026/ECE_410/ECE410/project/post_m3_Minor_Redesign/tb/tb_top.sv Line:256
Error: AXI MONITOR: core_C changed while core is idle
Time: 10815 ns  Iteration: 0  Process: /tb_top/u_mon//tb_top/u_mon  Scope: tb_top.u_mon  File: /run/media/sackb/Windows-SSD/Users/sackb/OneDrive/Desktop/University/Course_Work/2025-2026/Spring_2026/ECE_410/ECE410/project/post_m3_Minor_Redesign/tb/tb_top.sv Line: 257

Time: 10825 ns Started: 10815 ns Scope: /tb_top/u_mon File: /run/media/sackb/Windows-SSD/Users/sackb/OneDrive/Desktop/University/Course_Work/2025-2026/Spring_2026/ECE_410/ECE410/project/post_m3_Minor_Redesign/tb/tb_top.sv Line:256
Error: AXI MONITOR: core_C changed while core is idle
Time: 10825 ns  Iteration: 0  Process: /tb_top/u_mon//tb_top/u_mon  Scope: tb_top.u_mon  File: /run/media/sackb/Windows-SSD/Users/sackb/OneDrive/Desktop/University/Course_Work/2025-2026/Spring_2026/ECE_410/ECE410/project/post_m3_Minor_Redesign/tb/tb_top.sv Line: 257

Time: 10835 ns Started: 10825 ns Scope: /tb_top/u_mon File: /run/media/sackb/Windows-SSD/Users/sackb/OneDrive/Desktop/University/Course_Work/2025-2026/Spring_2026/ECE_410/ECE410/project/post_m3_Minor_Redesign/tb/tb_top.sv Line:256
Error: AXI MONITOR: core_C changed while core is idle
Time: 10835 ns  Iteration: 0  Process: /tb_top/u_mon//tb_top/u_mon  Scope: tb_top.u_mon  File: /run/media/sackb/Windows-SSD/Users/sackb/OneDrive/Desktop/University/Course_Work/2025-2026/Spring_2026/ECE_410/ECE410/project/post_m3_Minor_Redesign/tb/tb_top.sv Line: 257

Time: 10845 ns Started: 10835 ns Scope: /tb_top/u_mon File: /run/media/sackb/Windows-SSD/Users/sackb/OneDrive/Desktop/University/Course_Work/2025-2026/Spring_2026/ECE_410/ECE410/project/post_m3_Minor_Redesign/tb/tb_top.sv Line:256
Error: AXI MONITOR: core_C changed while core is idle
Time: 10845 ns  Iteration: 0  Process: /tb_top/u_mon//tb_top/u_mon  Scope: tb_top.u_mon  File: /run/media/sackb/Windows-SSD/Users/sackb/OneDrive/Desktop/University/Course_Work/2025-2026/Spring_2026/ECE_410/ECE410/project/post_m3_Minor_Redesign/tb/tb_top.sv Line: 257

Time: 10855 ns Started: 10845 ns Scope: /tb_top/u_mon File: /run/media/sackb/Windows-SSD/Users/sackb/OneDrive/Desktop/University/Course_Work/2025-2026/Spring_2026/ECE_410/ECE410/project/post_m3_Minor_Redesign/tb/tb_top.sv Line:256
Error: AXI MONITOR: core_C changed while core is idle
Time: 10855 ns  Iteration: 0  Process: /tb_top/u_mon//tb_top/u_mon  Scope: tb_top.u_mon  File: /run/media/sackb/Windows-SSD/Users/sackb/OneDrive/Desktop/University/Course_Work/2025-2026/Spring_2026/ECE_410/ECE410/project/post_m3_Minor_Redesign/tb/tb_top.sv Line: 257

Time: 10865 ns Started: 10855 ns Scope: /tb_top/u_mon File: /run/media/sackb/Windows-SSD/Users/sackb/OneDrive/Desktop/University/Course_Work/2025-2026/Spring_2026/ECE_410/ECE410/project/post_m3_Minor_Redesign/tb/tb_top.sv Line:256
Error: AXI MONITOR: core_C changed while core is idle
Time: 10865 ns  Iteration: 0  Process: /tb_top/u_mon//tb_top/u_mon  Scope: tb_top.u_mon  File: /run/media/sackb/Windows-SSD/Users/sackb/OneDrive/Desktop/University/Course_Work/2025-2026/Spring_2026/ECE_410/ECE410/project/post_m3_Minor_Redesign/tb/tb_top.sv Line: 257

Time: 10875 ns Started: 10865 ns Scope: /tb_top/u_mon File: /run/media/sackb/Windows-SSD/Users/sackb/OneDrive/Desktop/University/Course_Work/2025-2026/Spring_2026/ECE_410/ECE410/project/post_m3_Minor_Redesign/tb/tb_top.sv Line:256
Error: AXI MONITOR: core_C changed while core is idle
Time: 10875 ns  Iteration: 0  Process: /tb_top/u_mon//tb_top/u_mon  Scope: tb_top.u_mon  File: /run/media/sackb/Windows-SSD/Users/sackb/OneDrive/Desktop/University/Course_Work/2025-2026/Spring_2026/ECE_410/ECE410/project/post_m3_Minor_Redesign/tb/tb_top.sv Line: 257

Time: 10885 ns Started: 10875 ns Scope: /tb_top/u_mon File: /run/media/sackb/Windows-SSD/Users/sackb/OneDrive/Desktop/University/Course_Work/2025-2026/Spring_2026/ECE_410/ECE410/project/post_m3_Minor_Redesign/tb/tb_top.sv Line:256
Error: AXI MONITOR: core_C changed while core is idle
Time: 10885 ns  Iteration: 0  Process: /tb_top/u_mon//tb_top/u_mon  Scope: tb_top.u_mon  File: /run/media/sackb/Windows-SSD/Users/sackb/OneDrive/Desktop/University/Course_Work/2025-2026/Spring_2026/ECE_410/ECE410/project/post_m3_Minor_Redesign/tb/tb_top.sv Line: 257

Time: 10895 ns Started: 10885 ns Scope: /tb_top/u_mon File: /run/media/sackb/Windows-SSD/Users/sackb/OneDrive/Desktop/University/Course_Work/2025-2026/Spring_2026/ECE_410/ECE410/project/post_m3_Minor_Redesign/tb/tb_top.sv Line:256
Error: AXI MONITOR: core_C changed while core is idle
Time: 10895 ns  Iteration: 0  Process: /tb_top/u_mon//tb_top/u_mon  Scope: tb_top.u_mon  File: /run/media/sackb/Windows-SSD/Users/sackb/OneDrive/Desktop/University/Course_Work/2025-2026/Spring_2026/ECE_410/ECE410/project/post_m3_Minor_Redesign/tb/tb_top.sv Line: 257

Time: 10905 ns Started: 10895 ns Scope: /tb_top/u_mon File: /run/media/sackb/Windows-SSD/Users/sackb/OneDrive/Desktop/University/Course_Work/2025-2026/Spring_2026/ECE_410/ECE410/project/post_m3_Minor_Redesign/tb/tb_top.sv Line:256
Error: AXI MONITOR: core_C changed while core is idle
Time: 10905 ns  Iteration: 0  Process: /tb_top/u_mon//tb_top/u_mon  Scope: tb_top.u_mon  File: /run/media/sackb/Windows-SSD/Users/sackb/OneDrive/Desktop/University/Course_Work/2025-2026/Spring_2026/ECE_410/ECE410/project/post_m3_Minor_Redesign/tb/tb_top.sv Line: 257

Time: 10915 ns Started: 10905 ns Scope: /tb_top/u_mon File: /run/media/sackb/Windows-SSD/Users/sackb/OneDrive/Desktop/University/Course_Work/2025-2026/Spring_2026/ECE_410/ECE410/project/post_m3_Minor_Redesign/tb/tb_top.sv Line:256
Error: AXI MONITOR: core_C changed while core is idle
Time: 10915 ns  Iteration: 0  Process: /tb_top/u_mon//tb_top/u_mon  Scope: tb_top.u_mon  File: /run/media/sackb/Windows-SSD/Users/sackb/OneDrive/Desktop/University/Course_Work/2025-2026/Spring_2026/ECE_410/ECE410/project/post_m3_Minor_Redesign/tb/tb_top.sv Line: 257

Time: 10925 ns Started: 10915 ns Scope: /tb_top/u_mon File: /run/media/sackb/Windows-SSD/Users/sackb/OneDrive/Desktop/University/Course_Work/2025-2026/Spring_2026/ECE_410/ECE410/project/post_m3_Minor_Redesign/tb/tb_top.sv Line:256
Error: AXI MONITOR: core_C changed while core is idle
Time: 10925 ns  Iteration: 0  Process: /tb_top/u_mon//tb_top/u_mon  Scope: tb_top.u_mon  File: /run/media/sackb/Windows-SSD/Users/sackb/OneDrive/Desktop/University/Course_Work/2025-2026/Spring_2026/ECE_410/ECE410/project/post_m3_Minor_Redesign/tb/tb_top.sv Line: 257

Time: 10935 ns Started: 10925 ns Scope: /tb_top/u_mon File: /run/media/sackb/Windows-SSD/Users/sackb/OneDrive/Desktop/University/Course_Work/2025-2026/Spring_2026/ECE_410/ECE410/project/post_m3_Minor_Redesign/tb/tb_top.sv Line:256
Error: AXI MONITOR: core_C changed while core is idle
Time: 10935 ns  Iteration: 0  Process: /tb_top/u_mon//tb_top/u_mon  Scope: tb_top.u_mon  File: /run/media/sackb/Windows-SSD/Users/sackb/OneDrive/Desktop/University/Course_Work/2025-2026/Spring_2026/ECE_410/ECE410/project/post_m3_Minor_Redesign/tb/tb_top.sv Line: 257

Time: 10945 ns Started: 10935 ns Scope: /tb_top/u_mon File: /run/media/sackb/Windows-SSD/Users/sackb/OneDrive/Desktop/University/Course_Work/2025-2026/Spring_2026/ECE_410/ECE410/project/post_m3_Minor_Redesign/tb/tb_top.sv Line:256
Error: AXI MONITOR: core_C changed while core is idle
Time: 10945 ns  Iteration: 0  Process: /tb_top/u_mon//tb_top/u_mon  Scope: tb_top.u_mon  File: /run/media/sackb/Windows-SSD/Users/sackb/OneDrive/Desktop/University/Course_Work/2025-2026/Spring_2026/ECE_410/ECE410/project/post_m3_Minor_Redesign/tb/tb_top.sv Line: 257

Time: 10955 ns Started: 10945 ns Scope: /tb_top/u_mon File: /run/media/sackb/Windows-SSD/Users/sackb/OneDrive/Desktop/University/Course_Work/2025-2026/Spring_2026/ECE_410/ECE410/project/post_m3_Minor_Redesign/tb/tb_top.sv Line:256
Error: AXI MONITOR: core_C changed while core is idle
Time: 10955 ns  Iteration: 0  Process: /tb_top/u_mon//tb_top/u_mon  Scope: tb_top.u_mon  File: /run/media/sackb/Windows-SSD/Users/sackb/OneDrive/Desktop/University/Course_Work/2025-2026/Spring_2026/ECE_410/ECE410/project/post_m3_Minor_Redesign/tb/tb_top.sv Line: 257

Time: 10965 ns Started: 10955 ns Scope: /tb_top/u_mon File: /run/media/sackb/Windows-SSD/Users/sackb/OneDrive/Desktop/University/Course_Work/2025-2026/Spring_2026/ECE_410/ECE410/project/post_m3_Minor_Redesign/tb/tb_top.sv Line:256
Error: AXI MONITOR: core_C changed while core is idle
Time: 10965 ns  Iteration: 0  Process: /tb_top/u_mon//tb_top/u_mon  Scope: tb_top.u_mon  File: /run/media/sackb/Windows-SSD/Users/sackb/OneDrive/Desktop/University/Course_Work/2025-2026/Spring_2026/ECE_410/ECE410/project/post_m3_Minor_Redesign/tb/tb_top.sv Line: 257

Time: 10975 ns Started: 10965 ns Scope: /tb_top/u_mon File: /run/media/sackb/Windows-SSD/Users/sackb/OneDrive/Desktop/University/Course_Work/2025-2026/Spring_2026/ECE_410/ECE410/project/post_m3_Minor_Redesign/tb/tb_top.sv Line:256
Error: AXI MONITOR: core_C changed while core is idle
Time: 10975 ns  Iteration: 0  Process: /tb_top/u_mon//tb_top/u_mon  Scope: tb_top.u_mon  File: /run/media/sackb/Windows-SSD/Users/sackb/OneDrive/Desktop/University/Course_Work/2025-2026/Spring_2026/ECE_410/ECE410/project/post_m3_Minor_Redesign/tb/tb_top.sv Line: 257

Time: 10985 ns Started: 10975 ns Scope: /tb_top/u_mon File: /run/media/sackb/Windows-SSD/Users/sackb/OneDrive/Desktop/University/Course_Work/2025-2026/Spring_2026/ECE_410/ECE410/project/post_m3_Minor_Redesign/tb/tb_top.sv Line:256
Error: AXI MONITOR: core_C changed while core is idle
Time: 10985 ns  Iteration: 0  Process: /tb_top/u_mon//tb_top/u_mon  Scope: tb_top.u_mon  File: /run/media/sackb/Windows-SSD/Users/sackb/OneDrive/Desktop/University/Course_Work/2025-2026/Spring_2026/ECE_410/ECE410/project/post_m3_Minor_Redesign/tb/tb_top.sv Line: 257

Time: 10995 ns Started: 10985 ns Scope: /tb_top/u_mon File: /run/media/sackb/Windows-SSD/Users/sackb/OneDrive/Desktop/University/Course_Work/2025-2026/Spring_2026/ECE_410/ECE410/project/post_m3_Minor_Redesign/tb/tb_top.sv Line:256
Error: AXI MONITOR: core_C changed while core is idle
Time: 10995 ns  Iteration: 0  Process: /tb_top/u_mon//tb_top/u_mon  Scope: tb_top.u_mon  File: /run/media/sackb/Windows-SSD/Users/sackb/OneDrive/Desktop/University/Course_Work/2025-2026/Spring_2026/ECE_410/ECE410/project/post_m3_Minor_Redesign/tb/tb_top.sv Line: 257

Time: 11005 ns Started: 10995 ns Scope: /tb_top/u_mon File: /run/media/sackb/Windows-SSD/Users/sackb/OneDrive/Desktop/University/Course_Work/2025-2026/Spring_2026/ECE_410/ECE410/project/post_m3_Minor_Redesign/tb/tb_top.sv Line:256
Error: AXI MONITOR: core_C changed while core is idle
Time: 11005 ns  Iteration: 0  Process: /tb_top/u_mon//tb_top/u_mon  Scope: tb_top.u_mon  File: /run/media/sackb/Windows-SSD/Users/sackb/OneDrive/Desktop/University/Course_Work/2025-2026/Spring_2026/ECE_410/ECE410/project/post_m3_Minor_Redesign/tb/tb_top.sv Line: 257

Time: 11015 ns Started: 11005 ns Scope: /tb_top/u_mon File: /run/media/sackb/Windows-SSD/Users/sackb/OneDrive/Desktop/University/Course_Work/2025-2026/Spring_2026/ECE_410/ECE410/project/post_m3_Minor_Redesign/tb/tb_top.sv Line:256
Error: AXI MONITOR: core_C changed while core is idle
Time: 11015 ns  Iteration: 0  Process: /tb_top/u_mon//tb_top/u_mon  Scope: tb_top.u_mon  File: /run/media/sackb/Windows-SSD/Users/sackb/OneDrive/Desktop/University/Course_Work/2025-2026/Spring_2026/ECE_410/ECE410/project/post_m3_Minor_Redesign/tb/tb_top.sv Line: 257

Time: 11025 ns Started: 11015 ns Scope: /tb_top/u_mon File: /run/media/sackb/Windows-SSD/Users/sackb/OneDrive/Desktop/University/Course_Work/2025-2026/Spring_2026/ECE_410/ECE410/project/post_m3_Minor_Redesign/tb/tb_top.sv Line:256
Error: AXI MONITOR: core_C changed while core is idle
Time: 11025 ns  Iteration: 0  Process: /tb_top/u_mon//tb_top/u_mon  Scope: tb_top.u_mon  File: /run/media/sackb/Windows-SSD/Users/sackb/OneDrive/Desktop/University/Course_Work/2025-2026/Spring_2026/ECE_410/ECE410/project/post_m3_Minor_Redesign/tb/tb_top.sv Line: 257

Time: 11035 ns Started: 11025 ns Scope: /tb_top/u_mon File: /run/media/sackb/Windows-SSD/Users/sackb/OneDrive/Desktop/University/Course_Work/2025-2026/Spring_2026/ECE_410/ECE410/project/post_m3_Minor_Redesign/tb/tb_top.sv Line:256
Error: AXI MONITOR: core_C changed while core is idle
Time: 11035 ns  Iteration: 0  Process: /tb_top/u_mon//tb_top/u_mon  Scope: tb_top.u_mon  File: /run/media/sackb/Windows-SSD/Users/sackb/OneDrive/Desktop/University/Course_Work/2025-2026/Spring_2026/ECE_410/ECE410/project/post_m3_Minor_Redesign/tb/tb_top.sv Line: 257

Time: 11045 ns Started: 11035 ns Scope: /tb_top/u_mon File: /run/media/sackb/Windows-SSD/Users/sackb/OneDrive/Desktop/University/Course_Work/2025-2026/Spring_2026/ECE_410/ECE410/project/post_m3_Minor_Redesign/tb/tb_top.sv Line:256
Error: AXI MONITOR: core_C changed while core is idle
Time: 11045 ns  Iteration: 0  Process: /tb_top/u_mon//tb_top/u_mon  Scope: tb_top.u_mon  File: /run/media/sackb/Windows-SSD/Users/sackb/OneDrive/Desktop/University/Course_Work/2025-2026/Spring_2026/ECE_410/ECE410/project/post_m3_Minor_Redesign/tb/tb_top.sv Line: 257

Time: 11055 ns Started: 11045 ns Scope: /tb_top/u_mon File: /run/media/sackb/Windows-SSD/Users/sackb/OneDrive/Desktop/University/Course_Work/2025-2026/Spring_2026/ECE_410/ECE410/project/post_m3_Minor_Redesign/tb/tb_top.sv Line:256
Error: AXI MONITOR: core_C changed while core is idle
Time: 11055 ns  Iteration: 0  Process: /tb_top/u_mon//tb_top/u_mon  Scope: tb_top.u_mon  File: /run/media/sackb/Windows-SSD/Users/sackb/OneDrive/Desktop/University/Course_Work/2025-2026/Spring_2026/ECE_410/ECE410/project/post_m3_Minor_Redesign/tb/tb_top.sv Line: 257

Time: 11065 ns Started: 11055 ns Scope: /tb_top/u_mon File: /run/media/sackb/Windows-SSD/Users/sackb/OneDrive/Desktop/University/Course_Work/2025-2026/Spring_2026/ECE_410/ECE410/project/post_m3_Minor_Redesign/tb/tb_top.sv Line:256
Error: AXI MONITOR: core_C changed while core is idle
Time: 11065 ns  Iteration: 0  Process: /tb_top/u_mon//tb_top/u_mon  Scope: tb_top.u_mon  File: /run/media/sackb/Windows-SSD/Users/sackb/OneDrive/Desktop/University/Course_Work/2025-2026/Spring_2026/ECE_410/ECE410/project/post_m3_Minor_Redesign/tb/tb_top.sv Line: 257

Time: 11075 ns Started: 11065 ns Scope: /tb_top/u_mon File: /run/media/sackb/Windows-SSD/Users/sackb/OneDrive/Desktop/University/Course_Work/2025-2026/Spring_2026/ECE_410/ECE410/project/post_m3_Minor_Redesign/tb/tb_top.sv Line:256
Error: AXI MONITOR: core_C changed while core is idle
Time: 11075 ns  Iteration: 0  Process: /tb_top/u_mon//tb_top/u_mon  Scope: tb_top.u_mon  File: /run/media/sackb/Windows-SSD/Users/sackb/OneDrive/Desktop/University/Course_Work/2025-2026/Spring_2026/ECE_410/ECE410/project/post_m3_Minor_Redesign/tb/tb_top.sv Line: 257

Time: 11085 ns Started: 11075 ns Scope: /tb_top/u_mon File: /run/media/sackb/Windows-SSD/Users/sackb/OneDrive/Desktop/University/Course_Work/2025-2026/Spring_2026/ECE_410/ECE410/project/post_m3_Minor_Redesign/tb/tb_top.sv Line:256
Error: AXI MONITOR: core_C changed while core is idle
Time: 11085 ns  Iteration: 0  Process: /tb_top/u_mon//tb_top/u_mon  Scope: tb_top.u_mon  File: /run/media/sackb/Windows-SSD/Users/sackb/OneDrive/Desktop/University/Course_Work/2025-2026/Spring_2026/ECE_410/ECE410/project/post_m3_Minor_Redesign/tb/tb_top.sv Line: 257

Time: 11095 ns Started: 11085 ns Scope: /tb_top/u_mon File: /run/media/sackb/Windows-SSD/Users/sackb/OneDrive/Desktop/University/Course_Work/2025-2026/Spring_2026/ECE_410/ECE410/project/post_m3_Minor_Redesign/tb/tb_top.sv Line:256
Error: AXI MONITOR: core_C changed while core is idle
Time: 11095 ns  Iteration: 0  Process: /tb_top/u_mon//tb_top/u_mon  Scope: tb_top.u_mon  File: /run/media/sackb/Windows-SSD/Users/sackb/OneDrive/Desktop/University/Course_Work/2025-2026/Spring_2026/ECE_410/ECE410/project/post_m3_Minor_Redesign/tb/tb_top.sv Line: 257

Time: 11105 ns Started: 11095 ns Scope: /tb_top/u_mon File: /run/media/sackb/Windows-SSD/Users/sackb/OneDrive/Desktop/University/Course_Work/2025-2026/Spring_2026/ECE_410/ECE410/project/post_m3_Minor_Redesign/tb/tb_top.sv Line:256
Error: AXI MONITOR: core_C changed while core is idle
Time: 11105 ns  Iteration: 0  Process: /tb_top/u_mon//tb_top/u_mon  Scope: tb_top.u_mon  File: /run/media/sackb/Windows-SSD/Users/sackb/OneDrive/Desktop/University/Course_Work/2025-2026/Spring_2026/ECE_410/ECE410/project/post_m3_Minor_Redesign/tb/tb_top.sv Line: 257

Time: 11115 ns Started: 11105 ns Scope: /tb_top/u_mon File: /run/media/sackb/Windows-SSD/Users/sackb/OneDrive/Desktop/University/Course_Work/2025-2026/Spring_2026/ECE_410/ECE410/project/post_m3_Minor_Redesign/tb/tb_top.sv Line:256
Error: AXI MONITOR: core_C changed while core is idle
Time: 11115 ns  Iteration: 0  Process: /tb_top/u_mon//tb_top/u_mon  Scope: tb_top.u_mon  File: /run/media/sackb/Windows-SSD/Users/sackb/OneDrive/Desktop/University/Course_Work/2025-2026/Spring_2026/ECE_410/ECE410/project/post_m3_Minor_Redesign/tb/tb_top.sv Line: 257

Time: 11125 ns Started: 11115 ns Scope: /tb_top/u_mon File: /run/media/sackb/Windows-SSD/Users/sackb/OneDrive/Desktop/University/Course_Work/2025-2026/Spring_2026/ECE_410/ECE410/project/post_m3_Minor_Redesign/tb/tb_top.sv Line:256
Error: AXI MONITOR: core_C changed while core is idle
Time: 11125 ns  Iteration: 0  Process: /tb_top/u_mon//tb_top/u_mon  Scope: tb_top.u_mon  File: /run/media/sackb/Windows-SSD/Users/sackb/OneDrive/Desktop/University/Course_Work/2025-2026/Spring_2026/ECE_410/ECE410/project/post_m3_Minor_Redesign/tb/tb_top.sv Line: 257

Time: 11135 ns Started: 11125 ns Scope: /tb_top/u_mon File: /run/media/sackb/Windows-SSD/Users/sackb/OneDrive/Desktop/University/Course_Work/2025-2026/Spring_2026/ECE_410/ECE410/project/post_m3_Minor_Redesign/tb/tb_top.sv Line:256
Error: AXI MONITOR: core_C changed while core is idle
Time: 11135 ns  Iteration: 0  Process: /tb_top/u_mon//tb_top/u_mon  Scope: tb_top.u_mon  File: /run/media/sackb/Windows-SSD/Users/sackb/OneDrive/Desktop/University/Course_Work/2025-2026/Spring_2026/ECE_410/ECE410/project/post_m3_Minor_Redesign/tb/tb_top.sv Line: 257

Time: 11145 ns Started: 11135 ns Scope: /tb_top/u_mon File: /run/media/sackb/Windows-SSD/Users/sackb/OneDrive/Desktop/University/Course_Work/2025-2026/Spring_2026/ECE_410/ECE410/project/post_m3_Minor_Redesign/tb/tb_top.sv Line:256
Error: AXI MONITOR: core_C changed while core is idle
Time: 11145 ns  Iteration: 0  Process: /tb_top/u_mon//tb_top/u_mon  Scope: tb_top.u_mon  File: /run/media/sackb/Windows-SSD/Users/sackb/OneDrive/Desktop/University/Course_Work/2025-2026/Spring_2026/ECE_410/ECE410/project/post_m3_Minor_Redesign/tb/tb_top.sv Line: 257

Time: 11155 ns Started: 11145 ns Scope: /tb_top/u_mon File: /run/media/sackb/Windows-SSD/Users/sackb/OneDrive/Desktop/University/Course_Work/2025-2026/Spring_2026/ECE_410/ECE410/project/post_m3_Minor_Redesign/tb/tb_top.sv Line:256
Error: AXI MONITOR: core_C changed while core is idle
Time: 11155 ns  Iteration: 0  Process: /tb_top/u_mon//tb_top/u_mon  Scope: tb_top.u_mon  File: /run/media/sackb/Windows-SSD/Users/sackb/OneDrive/Desktop/University/Course_Work/2025-2026/Spring_2026/ECE_410/ECE410/project/post_m3_Minor_Redesign/tb/tb_top.sv Line: 257

Time: 11165 ns Started: 11155 ns Scope: /tb_top/u_mon File: /run/media/sackb/Windows-SSD/Users/sackb/OneDrive/Desktop/University/Course_Work/2025-2026/Spring_2026/ECE_410/ECE410/project/post_m3_Minor_Redesign/tb/tb_top.sv Line:256
Error: AXI MONITOR: core_C changed while core is idle
Time: 11165 ns  Iteration: 0  Process: /tb_top/u_mon//tb_top/u_mon  Scope: tb_top.u_mon  File: /run/media/sackb/Windows-SSD/Users/sackb/OneDrive/Desktop/University/Course_Work/2025-2026/Spring_2026/ECE_410/ECE410/project/post_m3_Minor_Redesign/tb/tb_top.sv Line: 257

Time: 11175 ns Started: 11165 ns Scope: /tb_top/u_mon File: /run/media/sackb/Windows-SSD/Users/sackb/OneDrive/Desktop/University/Course_Work/2025-2026/Spring_2026/ECE_410/ECE410/project/post_m3_Minor_Redesign/tb/tb_top.sv Line:256
Error: AXI MONITOR: core_C changed while core is idle
Time: 11175 ns  Iteration: 0  Process: /tb_top/u_mon//tb_top/u_mon  Scope: tb_top.u_mon  File: /run/media/sackb/Windows-SSD/Users/sackb/OneDrive/Desktop/University/Course_Work/2025-2026/Spring_2026/ECE_410/ECE410/project/post_m3_Minor_Redesign/tb/tb_top.sv Line: 257

Time: 11185 ns Started: 11175 ns Scope: /tb_top/u_mon File: /run/media/sackb/Windows-SSD/Users/sackb/OneDrive/Desktop/University/Course_Work/2025-2026/Spring_2026/ECE_410/ECE410/project/post_m3_Minor_Redesign/tb/tb_top.sv Line:256
Error: AXI MONITOR: core_C changed while core is idle
Time: 11185 ns  Iteration: 0  Process: /tb_top/u_mon//tb_top/u_mon  Scope: tb_top.u_mon  File: /run/media/sackb/Windows-SSD/Users/sackb/OneDrive/Desktop/University/Course_Work/2025-2026/Spring_2026/ECE_410/ECE410/project/post_m3_Minor_Redesign/tb/tb_top.sv Line: 257

Time: 11195 ns Started: 11185 ns Scope: /tb_top/u_mon File: /run/media/sackb/Windows-SSD/Users/sackb/OneDrive/Desktop/University/Course_Work/2025-2026/Spring_2026/ECE_410/ECE410/project/post_m3_Minor_Redesign/tb/tb_top.sv Line:256
Error: AXI MONITOR: core_C changed while core is idle
Time: 11195 ns  Iteration: 0  Process: /tb_top/u_mon//tb_top/u_mon  Scope: tb_top.u_mon  File: /run/media/sackb/Windows-SSD/Users/sackb/OneDrive/Desktop/University/Course_Work/2025-2026/Spring_2026/ECE_410/ECE410/project/post_m3_Minor_Redesign/tb/tb_top.sv Line: 257

Time: 11205 ns Started: 11195 ns Scope: /tb_top/u_mon File: /run/media/sackb/Windows-SSD/Users/sackb/OneDrive/Desktop/University/Course_Work/2025-2026/Spring_2026/ECE_410/ECE410/project/post_m3_Minor_Redesign/tb/tb_top.sv Line:256
Error: AXI MONITOR: core_C changed while core is idle
Time: 11205 ns  Iteration: 0  Process: /tb_top/u_mon//tb_top/u_mon  Scope: tb_top.u_mon  File: /run/media/sackb/Windows-SSD/Users/sackb/OneDrive/Desktop/University/Course_Work/2025-2026/Spring_2026/ECE_410/ECE410/project/post_m3_Minor_Redesign/tb/tb_top.sv Line: 257

Time: 11215 ns Started: 11205 ns Scope: /tb_top/u_mon File: /run/media/sackb/Windows-SSD/Users/sackb/OneDrive/Desktop/University/Course_Work/2025-2026/Spring_2026/ECE_410/ECE410/project/post_m3_Minor_Redesign/tb/tb_top.sv Line:256
Error: AXI MONITOR: core_C changed while core is idle
Time: 11215 ns  Iteration: 0  Process: /tb_top/u_mon//tb_top/u_mon  Scope: tb_top.u_mon  File: /run/media/sackb/Windows-SSD/Users/sackb/OneDrive/Desktop/University/Course_Work/2025-2026/Spring_2026/ECE_410/ECE410/project/post_m3_Minor_Redesign/tb/tb_top.sv Line: 257

Time: 11225 ns Started: 11215 ns Scope: /tb_top/u_mon File: /run/media/sackb/Windows-SSD/Users/sackb/OneDrive/Desktop/University/Course_Work/2025-2026/Spring_2026/ECE_410/ECE410/project/post_m3_Minor_Redesign/tb/tb_top.sv Line:256
Error: AXI MONITOR: core_C changed while core is idle
Time: 11225 ns  Iteration: 0  Process: /tb_top/u_mon//tb_top/u_mon  Scope: tb_top.u_mon  File: /run/media/sackb/Windows-SSD/Users/sackb/OneDrive/Desktop/University/Course_Work/2025-2026/Spring_2026/ECE_410/ECE410/project/post_m3_Minor_Redesign/tb/tb_top.sv Line: 257

Time: 11235 ns Started: 11225 ns Scope: /tb_top/u_mon File: /run/media/sackb/Windows-SSD/Users/sackb/OneDrive/Desktop/University/Course_Work/2025-2026/Spring_2026/ECE_410/ECE410/project/post_m3_Minor_Redesign/tb/tb_top.sv Line:256
Error: AXI MONITOR: core_C changed while core is idle
Time: 11235 ns  Iteration: 0  Process: /tb_top/u_mon//tb_top/u_mon  Scope: tb_top.u_mon  File: /run/media/sackb/Windows-SSD/Users/sackb/OneDrive/Desktop/University/Course_Work/2025-2026/Spring_2026/ECE_410/ECE410/project/post_m3_Minor_Redesign/tb/tb_top.sv Line: 257

Time: 11245 ns Started: 11235 ns Scope: /tb_top/u_mon File: /run/media/sackb/Windows-SSD/Users/sackb/OneDrive/Desktop/University/Course_Work/2025-2026/Spring_2026/ECE_410/ECE410/project/post_m3_Minor_Redesign/tb/tb_top.sv Line:256
Error: AXI MONITOR: core_C changed while core is idle
Time: 11245 ns  Iteration: 0  Process: /tb_top/u_mon//tb_top/u_mon  Scope: tb_top.u_mon  File: /run/media/sackb/Windows-SSD/Users/sackb/OneDrive/Desktop/University/Course_Work/2025-2026/Spring_2026/ECE_410/ECE410/project/post_m3_Minor_Redesign/tb/tb_top.sv Line: 257

Time: 11255 ns Started: 11245 ns Scope: /tb_top/u_mon File: /run/media/sackb/Windows-SSD/Users/sackb/OneDrive/Desktop/University/Course_Work/2025-2026/Spring_2026/ECE_410/ECE410/project/post_m3_Minor_Redesign/tb/tb_top.sv Line:256
Error: AXI MONITOR: core_C changed while core is idle
Time: 11255 ns  Iteration: 0  Process: /tb_top/u_mon//tb_top/u_mon  Scope: tb_top.u_mon  File: /run/media/sackb/Windows-SSD/Users/sackb/OneDrive/Desktop/University/Course_Work/2025-2026/Spring_2026/ECE_410/ECE410/project/post_m3_Minor_Redesign/tb/tb_top.sv Line: 257

Time: 11265 ns Started: 11255 ns Scope: /tb_top/u_mon File: /run/media/sackb/Windows-SSD/Users/sackb/OneDrive/Desktop/University/Course_Work/2025-2026/Spring_2026/ECE_410/ECE410/project/post_m3_Minor_Redesign/tb/tb_top.sv Line:256
Error: AXI MONITOR: core_C changed while core is idle
Time: 11265 ns  Iteration: 0  Process: /tb_top/u_mon//tb_top/u_mon  Scope: tb_top.u_mon  File: /run/media/sackb/Windows-SSD/Users/sackb/OneDrive/Desktop/University/Course_Work/2025-2026/Spring_2026/ECE_410/ECE410/project/post_m3_Minor_Redesign/tb/tb_top.sv Line: 257

Time: 11275 ns Started: 11265 ns Scope: /tb_top/u_mon File: /run/media/sackb/Windows-SSD/Users/sackb/OneDrive/Desktop/University/Course_Work/2025-2026/Spring_2026/ECE_410/ECE410/project/post_m3_Minor_Redesign/tb/tb_top.sv Line:256
Error: AXI MONITOR: core_C changed while core is idle
Time: 11275 ns  Iteration: 0  Process: /tb_top/u_mon//tb_top/u_mon  Scope: tb_top.u_mon  File: /run/media/sackb/Windows-SSD/Users/sackb/OneDrive/Desktop/University/Course_Work/2025-2026/Spring_2026/ECE_410/ECE410/project/post_m3_Minor_Redesign/tb/tb_top.sv Line: 257

Time: 11285 ns Started: 11275 ns Scope: /tb_top/u_mon File: /run/media/sackb/Windows-SSD/Users/sackb/OneDrive/Desktop/University/Course_Work/2025-2026/Spring_2026/ECE_410/ECE410/project/post_m3_Minor_Redesign/tb/tb_top.sv Line:256
Error: AXI MONITOR: core_C changed while core is idle
Time: 11285 ns  Iteration: 0  Process: /tb_top/u_mon//tb_top/u_mon  Scope: tb_top.u_mon  File: /run/media/sackb/Windows-SSD/Users/sackb/OneDrive/Desktop/University/Course_Work/2025-2026/Spring_2026/ECE_410/ECE410/project/post_m3_Minor_Redesign/tb/tb_top.sv Line: 257

Time: 11295 ns Started: 11285 ns Scope: /tb_top/u_mon File: /run/media/sackb/Windows-SSD/Users/sackb/OneDrive/Desktop/University/Course_Work/2025-2026/Spring_2026/ECE_410/ECE410/project/post_m3_Minor_Redesign/tb/tb_top.sv Line:256
Error: AXI MONITOR: core_C changed while core is idle
Time: 11295 ns  Iteration: 0  Process: /tb_top/u_mon//tb_top/u_mon  Scope: tb_top.u_mon  File: /run/media/sackb/Windows-SSD/Users/sackb/OneDrive/Desktop/University/Course_Work/2025-2026/Spring_2026/ECE_410/ECE410/project/post_m3_Minor_Redesign/tb/tb_top.sv Line: 257

Time: 11305 ns Started: 11295 ns Scope: /tb_top/u_mon File: /run/media/sackb/Windows-SSD/Users/sackb/OneDrive/Desktop/University/Course_Work/2025-2026/Spring_2026/ECE_410/ECE410/project/post_m3_Minor_Redesign/tb/tb_top.sv Line:256
Error: AXI MONITOR: core_C changed while core is idle
Time: 11305 ns  Iteration: 0  Process: /tb_top/u_mon//tb_top/u_mon  Scope: tb_top.u_mon  File: /run/media/sackb/Windows-SSD/Users/sackb/OneDrive/Desktop/University/Course_Work/2025-2026/Spring_2026/ECE_410/ECE410/project/post_m3_Minor_Redesign/tb/tb_top.sv Line: 257

Time: 11315 ns Started: 11305 ns Scope: /tb_top/u_mon File: /run/media/sackb/Windows-SSD/Users/sackb/OneDrive/Desktop/University/Course_Work/2025-2026/Spring_2026/ECE_410/ECE410/project/post_m3_Minor_Redesign/tb/tb_top.sv Line:256
Error: AXI MONITOR: core_C changed while core is idle
Time: 11315 ns  Iteration: 0  Process: /tb_top/u_mon//tb_top/u_mon  Scope: tb_top.u_mon  File: /run/media/sackb/Windows-SSD/Users/sackb/OneDrive/Desktop/University/Course_Work/2025-2026/Spring_2026/ECE_410/ECE410/project/post_m3_Minor_Redesign/tb/tb_top.sv Line: 257

Time: 11325 ns Started: 11315 ns Scope: /tb_top/u_mon File: /run/media/sackb/Windows-SSD/Users/sackb/OneDrive/Desktop/University/Course_Work/2025-2026/Spring_2026/ECE_410/ECE410/project/post_m3_Minor_Redesign/tb/tb_top.sv Line:256
Error: AXI MONITOR: core_C changed while core is idle
Time: 11325 ns  Iteration: 0  Process: /tb_top/u_mon//tb_top/u_mon  Scope: tb_top.u_mon  File: /run/media/sackb/Windows-SSD/Users/sackb/OneDrive/Desktop/University/Course_Work/2025-2026/Spring_2026/ECE_410/ECE410/project/post_m3_Minor_Redesign/tb/tb_top.sv Line: 257

Time: 11335 ns Started: 11325 ns Scope: /tb_top/u_mon File: /run/media/sackb/Windows-SSD/Users/sackb/OneDrive/Desktop/University/Course_Work/2025-2026/Spring_2026/ECE_410/ECE410/project/post_m3_Minor_Redesign/tb/tb_top.sv Line:256
Error: AXI MONITOR: core_C changed while core is idle
Time: 11335 ns  Iteration: 0  Process: /tb_top/u_mon//tb_top/u_mon  Scope: tb_top.u_mon  File: /run/media/sackb/Windows-SSD/Users/sackb/OneDrive/Desktop/University/Course_Work/2025-2026/Spring_2026/ECE_410/ECE410/project/post_m3_Minor_Redesign/tb/tb_top.sv Line: 257

Time: 11345 ns Started: 11335 ns Scope: /tb_top/u_mon File: /run/media/sackb/Windows-SSD/Users/sackb/OneDrive/Desktop/University/Course_Work/2025-2026/Spring_2026/ECE_410/ECE410/project/post_m3_Minor_Redesign/tb/tb_top.sv Line:256
Error: AXI MONITOR: core_C changed while core is idle
Time: 11345 ns  Iteration: 0  Process: /tb_top/u_mon//tb_top/u_mon  Scope: tb_top.u_mon  File: /run/media/sackb/Windows-SSD/Users/sackb/OneDrive/Desktop/University/Course_Work/2025-2026/Spring_2026/ECE_410/ECE410/project/post_m3_Minor_Redesign/tb/tb_top.sv Line: 257

Time: 11355 ns Started: 11345 ns Scope: /tb_top/u_mon File: /run/media/sackb/Windows-SSD/Users/sackb/OneDrive/Desktop/University/Course_Work/2025-2026/Spring_2026/ECE_410/ECE410/project/post_m3_Minor_Redesign/tb/tb_top.sv Line:256
Error: AXI MONITOR: core_C changed while core is idle
Time: 11355 ns  Iteration: 0  Process: /tb_top/u_mon//tb_top/u_mon  Scope: tb_top.u_mon  File: /run/media/sackb/Windows-SSD/Users/sackb/OneDrive/Desktop/University/Course_Work/2025-2026/Spring_2026/ECE_410/ECE410/project/post_m3_Minor_Redesign/tb/tb_top.sv Line: 257

Time: 11365 ns Started: 11355 ns Scope: /tb_top/u_mon File: /run/media/sackb/Windows-SSD/Users/sackb/OneDrive/Desktop/University/Course_Work/2025-2026/Spring_2026/ECE_410/ECE410/project/post_m3_Minor_Redesign/tb/tb_top.sv Line:256
Error: AXI MONITOR: core_C changed while core is idle
Time: 11365 ns  Iteration: 0  Process: /tb_top/u_mon//tb_top/u_mon  Scope: tb_top.u_mon  File: /run/media/sackb/Windows-SSD/Users/sackb/OneDrive/Desktop/University/Course_Work/2025-2026/Spring_2026/ECE_410/ECE410/project/post_m3_Minor_Redesign/tb/tb_top.sv Line: 257

Time: 11375 ns Started: 11365 ns Scope: /tb_top/u_mon File: /run/media/sackb/Windows-SSD/Users/sackb/OneDrive/Desktop/University/Course_Work/2025-2026/Spring_2026/ECE_410/ECE410/project/post_m3_Minor_Redesign/tb/tb_top.sv Line:256
Error: AXI MONITOR: core_C changed while core is idle
Time: 11375 ns  Iteration: 0  Process: /tb_top/u_mon//tb_top/u_mon  Scope: tb_top.u_mon  File: /run/media/sackb/Windows-SSD/Users/sackb/OneDrive/Desktop/University/Course_Work/2025-2026/Spring_2026/ECE_410/ECE410/project/post_m3_Minor_Redesign/tb/tb_top.sv Line: 257

Time: 11385 ns Started: 11375 ns Scope: /tb_top/u_mon File: /run/media/sackb/Windows-SSD/Users/sackb/OneDrive/Desktop/University/Course_Work/2025-2026/Spring_2026/ECE_410/ECE410/project/post_m3_Minor_Redesign/tb/tb_top.sv Line:256
Error: AXI MONITOR: core_C changed while core is idle
Time: 11385 ns  Iteration: 0  Process: /tb_top/u_mon//tb_top/u_mon  Scope: tb_top.u_mon  File: /run/media/sackb/Windows-SSD/Users/sackb/OneDrive/Desktop/University/Course_Work/2025-2026/Spring_2026/ECE_410/ECE410/project/post_m3_Minor_Redesign/tb/tb_top.sv Line: 257

Time: 11395 ns Started: 11385 ns Scope: /tb_top/u_mon File: /run/media/sackb/Windows-SSD/Users/sackb/OneDrive/Desktop/University/Course_Work/2025-2026/Spring_2026/ECE_410/ECE410/project/post_m3_Minor_Redesign/tb/tb_top.sv Line:256
Error: AXI MONITOR: core_C changed while core is idle
Time: 11395 ns  Iteration: 0  Process: /tb_top/u_mon//tb_top/u_mon  Scope: tb_top.u_mon  File: /run/media/sackb/Windows-SSD/Users/sackb/OneDrive/Desktop/University/Course_Work/2025-2026/Spring_2026/ECE_410/ECE410/project/post_m3_Minor_Redesign/tb/tb_top.sv Line: 257

Time: 11405 ns Started: 11395 ns Scope: /tb_top/u_mon File: /run/media/sackb/Windows-SSD/Users/sackb/OneDrive/Desktop/University/Course_Work/2025-2026/Spring_2026/ECE_410/ECE410/project/post_m3_Minor_Redesign/tb/tb_top.sv Line:256
Error: AXI MONITOR: core_C changed while core is idle
Time: 11405 ns  Iteration: 0  Process: /tb_top/u_mon//tb_top/u_mon  Scope: tb_top.u_mon  File: /run/media/sackb/Windows-SSD/Users/sackb/OneDrive/Desktop/University/Course_Work/2025-2026/Spring_2026/ECE_410/ECE410/project/post_m3_Minor_Redesign/tb/tb_top.sv Line: 257

Time: 11415 ns Started: 11405 ns Scope: /tb_top/u_mon File: /run/media/sackb/Windows-SSD/Users/sackb/OneDrive/Desktop/University/Course_Work/2025-2026/Spring_2026/ECE_410/ECE410/project/post_m3_Minor_Redesign/tb/tb_top.sv Line:256
Error: AXI MONITOR: core_C changed while core is idle
Time: 11415 ns  Iteration: 0  Process: /tb_top/u_mon//tb_top/u_mon  Scope: tb_top.u_mon  File: /run/media/sackb/Windows-SSD/Users/sackb/OneDrive/Desktop/University/Course_Work/2025-2026/Spring_2026/ECE_410/ECE410/project/post_m3_Minor_Redesign/tb/tb_top.sv Line: 257

Time: 11425 ns Started: 11415 ns Scope: /tb_top/u_mon File: /run/media/sackb/Windows-SSD/Users/sackb/OneDrive/Desktop/University/Course_Work/2025-2026/Spring_2026/ECE_410/ECE410/project/post_m3_Minor_Redesign/tb/tb_top.sv Line:256
Error: AXI MONITOR: core_C changed while core is idle
Time: 11425 ns  Iteration: 0  Process: /tb_top/u_mon//tb_top/u_mon  Scope: tb_top.u_mon  File: /run/media/sackb/Windows-SSD/Users/sackb/OneDrive/Desktop/University/Course_Work/2025-2026/Spring_2026/ECE_410/ECE410/project/post_m3_Minor_Redesign/tb/tb_top.sv Line: 257

Time: 11435 ns Started: 11425 ns Scope: /tb_top/u_mon File: /run/media/sackb/Windows-SSD/Users/sackb/OneDrive/Desktop/University/Course_Work/2025-2026/Spring_2026/ECE_410/ECE410/project/post_m3_Minor_Redesign/tb/tb_top.sv Line:256
Error: AXI MONITOR: core_C changed while core is idle
Time: 11435 ns  Iteration: 0  Process: /tb_top/u_mon//tb_top/u_mon  Scope: tb_top.u_mon  File: /run/media/sackb/Windows-SSD/Users/sackb/OneDrive/Desktop/University/Course_Work/2025-2026/Spring_2026/ECE_410/ECE410/project/post_m3_Minor_Redesign/tb/tb_top.sv Line: 257

Time: 11445 ns Started: 11435 ns Scope: /tb_top/u_mon File: /run/media/sackb/Windows-SSD/Users/sackb/OneDrive/Desktop/University/Course_Work/2025-2026/Spring_2026/ECE_410/ECE410/project/post_m3_Minor_Redesign/tb/tb_top.sv Line:256
Error: AXI MONITOR: core_C changed while core is idle
Time: 11445 ns  Iteration: 0  Process: /tb_top/u_mon//tb_top/u_mon  Scope: tb_top.u_mon  File: /run/media/sackb/Windows-SSD/Users/sackb/OneDrive/Desktop/University/Course_Work/2025-2026/Spring_2026/ECE_410/ECE410/project/post_m3_Minor_Redesign/tb/tb_top.sv Line: 257

Time: 11455 ns Started: 11445 ns Scope: /tb_top/u_mon File: /run/media/sackb/Windows-SSD/Users/sackb/OneDrive/Desktop/University/Course_Work/2025-2026/Spring_2026/ECE_410/ECE410/project/post_m3_Minor_Redesign/tb/tb_top.sv Line:256
Error: AXI MONITOR: core_C changed while core is idle
Time: 11455 ns  Iteration: 0  Process: /tb_top/u_mon//tb_top/u_mon  Scope: tb_top.u_mon  File: /run/media/sackb/Windows-SSD/Users/sackb/OneDrive/Desktop/University/Course_Work/2025-2026/Spring_2026/ECE_410/ECE410/project/post_m3_Minor_Redesign/tb/tb_top.sv Line: 257

Time: 11465 ns Started: 11455 ns Scope: /tb_top/u_mon File: /run/media/sackb/Windows-SSD/Users/sackb/OneDrive/Desktop/University/Course_Work/2025-2026/Spring_2026/ECE_410/ECE410/project/post_m3_Minor_Redesign/tb/tb_top.sv Line:256
Error: AXI MONITOR: core_C changed while core is idle
Time: 11465 ns  Iteration: 0  Process: /tb_top/u_mon//tb_top/u_mon  Scope: tb_top.u_mon  File: /run/media/sackb/Windows-SSD/Users/sackb/OneDrive/Desktop/University/Course_Work/2025-2026/Spring_2026/ECE_410/ECE410/project/post_m3_Minor_Redesign/tb/tb_top.sv Line: 257

Time: 11475 ns Started: 11465 ns Scope: /tb_top/u_mon File: /run/media/sackb/Windows-SSD/Users/sackb/OneDrive/Desktop/University/Course_Work/2025-2026/Spring_2026/ECE_410/ECE410/project/post_m3_Minor_Redesign/tb/tb_top.sv Line:256
Error: AXI MONITOR: core_C changed while core is idle
Time: 11475 ns  Iteration: 0  Process: /tb_top/u_mon//tb_top/u_mon  Scope: tb_top.u_mon  File: /run/media/sackb/Windows-SSD/Users/sackb/OneDrive/Desktop/University/Course_Work/2025-2026/Spring_2026/ECE_410/ECE410/project/post_m3_Minor_Redesign/tb/tb_top.sv Line: 257

Time: 11485 ns Started: 11475 ns Scope: /tb_top/u_mon File: /run/media/sackb/Windows-SSD/Users/sackb/OneDrive/Desktop/University/Course_Work/2025-2026/Spring_2026/ECE_410/ECE410/project/post_m3_Minor_Redesign/tb/tb_top.sv Line:256
Error: AXI MONITOR: core_C changed while core is idle
Time: 11485 ns  Iteration: 0  Process: /tb_top/u_mon//tb_top/u_mon  Scope: tb_top.u_mon  File: /run/media/sackb/Windows-SSD/Users/sackb/OneDrive/Desktop/University/Course_Work/2025-2026/Spring_2026/ECE_410/ECE410/project/post_m3_Minor_Redesign/tb/tb_top.sv Line: 257

Time: 11495 ns Started: 11485 ns Scope: /tb_top/u_mon File: /run/media/sackb/Windows-SSD/Users/sackb/OneDrive/Desktop/University/Course_Work/2025-2026/Spring_2026/ECE_410/ECE410/project/post_m3_Minor_Redesign/tb/tb_top.sv Line:256
Error: AXI MONITOR: core_C changed while core is idle
Time: 11495 ns  Iteration: 0  Process: /tb_top/u_mon//tb_top/u_mon  Scope: tb_top.u_mon  File: /run/media/sackb/Windows-SSD/Users/sackb/OneDrive/Desktop/University/Course_Work/2025-2026/Spring_2026/ECE_410/ECE410/project/post_m3_Minor_Redesign/tb/tb_top.sv Line: 257

Time: 11505 ns Started: 11495 ns Scope: /tb_top/u_mon File: /run/media/sackb/Windows-SSD/Users/sackb/OneDrive/Desktop/University/Course_Work/2025-2026/Spring_2026/ECE_410/ECE410/project/post_m3_Minor_Redesign/tb/tb_top.sv Line:256
Error: AXI MONITOR: core_C changed while core is idle
Time: 11505 ns  Iteration: 0  Process: /tb_top/u_mon//tb_top/u_mon  Scope: tb_top.u_mon  File: /run/media/sackb/Windows-SSD/Users/sackb/OneDrive/Desktop/University/Course_Work/2025-2026/Spring_2026/ECE_410/ECE410/project/post_m3_Minor_Redesign/tb/tb_top.sv Line: 257

Time: 12135 ns Started: 12125 ns Scope: /tb_top/u_mon File: /run/media/sackb/Windows-SSD/Users/sackb/OneDrive/Desktop/University/Course_Work/2025-2026/Spring_2026/ECE_410/ECE410/project/post_m3_Minor_Redesign/tb/tb_top.sv Line:256
Error: AXI MONITOR: core_C changed while core is idle
Time: 12135 ns  Iteration: 0  Process: /tb_top/u_mon//tb_top/u_mon  Scope: tb_top.u_mon  File: /run/media/sackb/Windows-SSD/Users/sackb/OneDrive/Desktop/University/Course_Work/2025-2026/Spring_2026/ECE_410/ECE410/project/post_m3_Minor_Redesign/tb/tb_top.sv Line: 257

Time: 12145 ns Started: 12135 ns Scope: /tb_top/u_mon File: /run/media/sackb/Windows-SSD/Users/sackb/OneDrive/Desktop/University/Course_Work/2025-2026/Spring_2026/ECE_410/ECE410/project/post_m3_Minor_Redesign/tb/tb_top.sv Line:256
Error: AXI MONITOR: core_C changed while core is idle
Time: 12145 ns  Iteration: 0  Process: /tb_top/u_mon//tb_top/u_mon  Scope: tb_top.u_mon  File: /run/media/sackb/Windows-SSD/Users/sackb/OneDrive/Desktop/University/Course_Work/2025-2026/Spring_2026/ECE_410/ECE410/project/post_m3_Minor_Redesign/tb/tb_top.sv Line: 257

Time: 12155 ns Started: 12145 ns Scope: /tb_top/u_mon File: /run/media/sackb/Windows-SSD/Users/sackb/OneDrive/Desktop/University/Course_Work/2025-2026/Spring_2026/ECE_410/ECE410/project/post_m3_Minor_Redesign/tb/tb_top.sv Line:256
Error: AXI MONITOR: core_C changed while core is idle
Time: 12155 ns  Iteration: 0  Process: /tb_top/u_mon//tb_top/u_mon  Scope: tb_top.u_mon  File: /run/media/sackb/Windows-SSD/Users/sackb/OneDrive/Desktop/University/Course_Work/2025-2026/Spring_2026/ECE_410/ECE410/project/post_m3_Minor_Redesign/tb/tb_top.sv Line: 257

Time: 12165 ns Started: 12155 ns Scope: /tb_top/u_mon File: /run/media/sackb/Windows-SSD/Users/sackb/OneDrive/Desktop/University/Course_Work/2025-2026/Spring_2026/ECE_410/ECE410/project/post_m3_Minor_Redesign/tb/tb_top.sv Line:256
Error: AXI MONITOR: core_C changed while core is idle
Time: 12165 ns  Iteration: 0  Process: /tb_top/u_mon//tb_top/u_mon  Scope: tb_top.u_mon  File: /run/media/sackb/Windows-SSD/Users/sackb/OneDrive/Desktop/University/Course_Work/2025-2026/Spring_2026/ECE_410/ECE410/project/post_m3_Minor_Redesign/tb/tb_top.sv Line: 257

Time: 12175 ns Started: 12165 ns Scope: /tb_top/u_mon File: /run/media/sackb/Windows-SSD/Users/sackb/OneDrive/Desktop/University/Course_Work/2025-2026/Spring_2026/ECE_410/ECE410/project/post_m3_Minor_Redesign/tb/tb_top.sv Line:256
Error: AXI MONITOR: core_C changed while core is idle
Time: 12175 ns  Iteration: 0  Process: /tb_top/u_mon//tb_top/u_mon  Scope: tb_top.u_mon  File: /run/media/sackb/Windows-SSD/Users/sackb/OneDrive/Desktop/University/Course_Work/2025-2026/Spring_2026/ECE_410/ECE410/project/post_m3_Minor_Redesign/tb/tb_top.sv Line: 257

Time: 12185 ns Started: 12175 ns Scope: /tb_top/u_mon File: /run/media/sackb/Windows-SSD/Users/sackb/OneDrive/Desktop/University/Course_Work/2025-2026/Spring_2026/ECE_410/ECE410/project/post_m3_Minor_Redesign/tb/tb_top.sv Line:256
Error: AXI MONITOR: core_C changed while core is idle
Time: 12185 ns  Iteration: 0  Process: /tb_top/u_mon//tb_top/u_mon  Scope: tb_top.u_mon  File: /run/media/sackb/Windows-SSD/Users/sackb/OneDrive/Desktop/University/Course_Work/2025-2026/Spring_2026/ECE_410/ECE410/project/post_m3_Minor_Redesign/tb/tb_top.sv Line: 257

Time: 12195 ns Started: 12185 ns Scope: /tb_top/u_mon File: /run/media/sackb/Windows-SSD/Users/sackb/OneDrive/Desktop/University/Course_Work/2025-2026/Spring_2026/ECE_410/ECE410/project/post_m3_Minor_Redesign/tb/tb_top.sv Line:256
Error: AXI MONITOR: core_C changed while core is idle
Time: 12195 ns  Iteration: 0  Process: /tb_top/u_mon//tb_top/u_mon  Scope: tb_top.u_mon  File: /run/media/sackb/Windows-SSD/Users/sackb/OneDrive/Desktop/University/Course_Work/2025-2026/Spring_2026/ECE_410/ECE410/project/post_m3_Minor_Redesign/tb/tb_top.sv Line: 257

Time: 12205 ns Started: 12195 ns Scope: /tb_top/u_mon File: /run/media/sackb/Windows-SSD/Users/sackb/OneDrive/Desktop/University/Course_Work/2025-2026/Spring_2026/ECE_410/ECE410/project/post_m3_Minor_Redesign/tb/tb_top.sv Line:256
Error: AXI MONITOR: core_C changed while core is idle
Time: 12205 ns  Iteration: 0  Process: /tb_top/u_mon//tb_top/u_mon  Scope: tb_top.u_mon  File: /run/media/sackb/Windows-SSD/Users/sackb/OneDrive/Desktop/University/Course_Work/2025-2026/Spring_2026/ECE_410/ECE410/project/post_m3_Minor_Redesign/tb/tb_top.sv Line: 257

Time: 12215 ns Started: 12205 ns Scope: /tb_top/u_mon File: /run/media/sackb/Windows-SSD/Users/sackb/OneDrive/Desktop/University/Course_Work/2025-2026/Spring_2026/ECE_410/ECE410/project/post_m3_Minor_Redesign/tb/tb_top.sv Line:256
Error: AXI MONITOR: core_C changed while core is idle
Time: 12215 ns  Iteration: 0  Process: /tb_top/u_mon//tb_top/u_mon  Scope: tb_top.u_mon  File: /run/media/sackb/Windows-SSD/Users/sackb/OneDrive/Desktop/University/Course_Work/2025-2026/Spring_2026/ECE_410/ECE410/project/post_m3_Minor_Redesign/tb/tb_top.sv Line: 257

Time: 12225 ns Started: 12215 ns Scope: /tb_top/u_mon File: /run/media/sackb/Windows-SSD/Users/sackb/OneDrive/Desktop/University/Course_Work/2025-2026/Spring_2026/ECE_410/ECE410/project/post_m3_Minor_Redesign/tb/tb_top.sv Line:256
Error: AXI MONITOR: core_C changed while core is idle
Time: 12225 ns  Iteration: 0  Process: /tb_top/u_mon//tb_top/u_mon  Scope: tb_top.u_mon  File: /run/media/sackb/Windows-SSD/Users/sackb/OneDrive/Desktop/University/Course_Work/2025-2026/Spring_2026/ECE_410/ECE410/project/post_m3_Minor_Redesign/tb/tb_top.sv Line: 257

Time: 12235 ns Started: 12225 ns Scope: /tb_top/u_mon File: /run/media/sackb/Windows-SSD/Users/sackb/OneDrive/Desktop/University/Course_Work/2025-2026/Spring_2026/ECE_410/ECE410/project/post_m3_Minor_Redesign/tb/tb_top.sv Line:256
Error: AXI MONITOR: core_C changed while core is idle
Time: 12235 ns  Iteration: 0  Process: /tb_top/u_mon//tb_top/u_mon  Scope: tb_top.u_mon  File: /run/media/sackb/Windows-SSD/Users/sackb/OneDrive/Desktop/University/Course_Work/2025-2026/Spring_2026/ECE_410/ECE410/project/post_m3_Minor_Redesign/tb/tb_top.sv Line: 257

Time: 12245 ns Started: 12235 ns Scope: /tb_top/u_mon File: /run/media/sackb/Windows-SSD/Users/sackb/OneDrive/Desktop/University/Course_Work/2025-2026/Spring_2026/ECE_410/ECE410/project/post_m3_Minor_Redesign/tb/tb_top.sv Line:256
Error: AXI MONITOR: core_C changed while core is idle
Time: 12245 ns  Iteration: 0  Process: /tb_top/u_mon//tb_top/u_mon  Scope: tb_top.u_mon  File: /run/media/sackb/Windows-SSD/Users/sackb/OneDrive/Desktop/University/Course_Work/2025-2026/Spring_2026/ECE_410/ECE410/project/post_m3_Minor_Redesign/tb/tb_top.sv Line: 257

Time: 12255 ns Started: 12245 ns Scope: /tb_top/u_mon File: /run/media/sackb/Windows-SSD/Users/sackb/OneDrive/Desktop/University/Course_Work/2025-2026/Spring_2026/ECE_410/ECE410/project/post_m3_Minor_Redesign/tb/tb_top.sv Line:256
Error: AXI MONITOR: core_C changed while core is idle
Time: 12255 ns  Iteration: 0  Process: /tb_top/u_mon//tb_top/u_mon  Scope: tb_top.u_mon  File: /run/media/sackb/Windows-SSD/Users/sackb/OneDrive/Desktop/University/Course_Work/2025-2026/Spring_2026/ECE_410/ECE410/project/post_m3_Minor_Redesign/tb/tb_top.sv Line: 257

Time: 12265 ns Started: 12255 ns Scope: /tb_top/u_mon File: /run/media/sackb/Windows-SSD/Users/sackb/OneDrive/Desktop/University/Course_Work/2025-2026/Spring_2026/ECE_410/ECE410/project/post_m3_Minor_Redesign/tb/tb_top.sv Line:256
Error: AXI MONITOR: core_C changed while core is idle
Time: 12265 ns  Iteration: 0  Process: /tb_top/u_mon//tb_top/u_mon  Scope: tb_top.u_mon  File: /run/media/sackb/Windows-SSD/Users/sackb/OneDrive/Desktop/University/Course_Work/2025-2026/Spring_2026/ECE_410/ECE410/project/post_m3_Minor_Redesign/tb/tb_top.sv Line: 257

Time: 12275 ns Started: 12265 ns Scope: /tb_top/u_mon File: /run/media/sackb/Windows-SSD/Users/sackb/OneDrive/Desktop/University/Course_Work/2025-2026/Spring_2026/ECE_410/ECE410/project/post_m3_Minor_Redesign/tb/tb_top.sv Line:256
Error: AXI MONITOR: core_C changed while core is idle
Time: 12275 ns  Iteration: 0  Process: /tb_top/u_mon//tb_top/u_mon  Scope: tb_top.u_mon  File: /run/media/sackb/Windows-SSD/Users/sackb/OneDrive/Desktop/University/Course_Work/2025-2026/Spring_2026/ECE_410/ECE410/project/post_m3_Minor_Redesign/tb/tb_top.sv Line: 257

Time: 12285 ns Started: 12275 ns Scope: /tb_top/u_mon File: /run/media/sackb/Windows-SSD/Users/sackb/OneDrive/Desktop/University/Course_Work/2025-2026/Spring_2026/ECE_410/ECE410/project/post_m3_Minor_Redesign/tb/tb_top.sv Line:256
Error: AXI MONITOR: core_C changed while core is idle
Time: 12285 ns  Iteration: 0  Process: /tb_top/u_mon//tb_top/u_mon  Scope: tb_top.u_mon  File: /run/media/sackb/Windows-SSD/Users/sackb/OneDrive/Desktop/University/Course_Work/2025-2026/Spring_2026/ECE_410/ECE410/project/post_m3_Minor_Redesign/tb/tb_top.sv Line: 257

Time: 12295 ns Started: 12285 ns Scope: /tb_top/u_mon File: /run/media/sackb/Windows-SSD/Users/sackb/OneDrive/Desktop/University/Course_Work/2025-2026/Spring_2026/ECE_410/ECE410/project/post_m3_Minor_Redesign/tb/tb_top.sv Line:256
Error: AXI MONITOR: core_C changed while core is idle
Time: 12295 ns  Iteration: 0  Process: /tb_top/u_mon//tb_top/u_mon  Scope: tb_top.u_mon  File: /run/media/sackb/Windows-SSD/Users/sackb/OneDrive/Desktop/University/Course_Work/2025-2026/Spring_2026/ECE_410/ECE410/project/post_m3_Minor_Redesign/tb/tb_top.sv Line: 257

Time: 12305 ns Started: 12295 ns Scope: /tb_top/u_mon File: /run/media/sackb/Windows-SSD/Users/sackb/OneDrive/Desktop/University/Course_Work/2025-2026/Spring_2026/ECE_410/ECE410/project/post_m3_Minor_Redesign/tb/tb_top.sv Line:256
Error: AXI MONITOR: core_C changed while core is idle
Time: 12305 ns  Iteration: 0  Process: /tb_top/u_mon//tb_top/u_mon  Scope: tb_top.u_mon  File: /run/media/sackb/Windows-SSD/Users/sackb/OneDrive/Desktop/University/Course_Work/2025-2026/Spring_2026/ECE_410/ECE410/project/post_m3_Minor_Redesign/tb/tb_top.sv Line: 257

Time: 12315 ns Started: 12305 ns Scope: /tb_top/u_mon File: /run/media/sackb/Windows-SSD/Users/sackb/OneDrive/Desktop/University/Course_Work/2025-2026/Spring_2026/ECE_410/ECE410/project/post_m3_Minor_Redesign/tb/tb_top.sv Line:256
Error: AXI MONITOR: core_C changed while core is idle
Time: 12315 ns  Iteration: 0  Process: /tb_top/u_mon//tb_top/u_mon  Scope: tb_top.u_mon  File: /run/media/sackb/Windows-SSD/Users/sackb/OneDrive/Desktop/University/Course_Work/2025-2026/Spring_2026/ECE_410/ECE410/project/post_m3_Minor_Redesign/tb/tb_top.sv Line: 257

Time: 12325 ns Started: 12315 ns Scope: /tb_top/u_mon File: /run/media/sackb/Windows-SSD/Users/sackb/OneDrive/Desktop/University/Course_Work/2025-2026/Spring_2026/ECE_410/ECE410/project/post_m3_Minor_Redesign/tb/tb_top.sv Line:256
Error: AXI MONITOR: core_C changed while core is idle
Time: 12325 ns  Iteration: 0  Process: /tb_top/u_mon//tb_top/u_mon  Scope: tb_top.u_mon  File: /run/media/sackb/Windows-SSD/Users/sackb/OneDrive/Desktop/University/Course_Work/2025-2026/Spring_2026/ECE_410/ECE410/project/post_m3_Minor_Redesign/tb/tb_top.sv Line: 257

Time: 12335 ns Started: 12325 ns Scope: /tb_top/u_mon File: /run/media/sackb/Windows-SSD/Users/sackb/OneDrive/Desktop/University/Course_Work/2025-2026/Spring_2026/ECE_410/ECE410/project/post_m3_Minor_Redesign/tb/tb_top.sv Line:256
Error: AXI MONITOR: core_C changed while core is idle
Time: 12335 ns  Iteration: 0  Process: /tb_top/u_mon//tb_top/u_mon  Scope: tb_top.u_mon  File: /run/media/sackb/Windows-SSD/Users/sackb/OneDrive/Desktop/University/Course_Work/2025-2026/Spring_2026/ECE_410/ECE410/project/post_m3_Minor_Redesign/tb/tb_top.sv Line: 257

Time: 12345 ns Started: 12335 ns Scope: /tb_top/u_mon File: /run/media/sackb/Windows-SSD/Users/sackb/OneDrive/Desktop/University/Course_Work/2025-2026/Spring_2026/ECE_410/ECE410/project/post_m3_Minor_Redesign/tb/tb_top.sv Line:256
Error: AXI MONITOR: core_C changed while core is idle
Time: 12345 ns  Iteration: 0  Process: /tb_top/u_mon//tb_top/u_mon  Scope: tb_top.u_mon  File: /run/media/sackb/Windows-SSD/Users/sackb/OneDrive/Desktop/University/Course_Work/2025-2026/Spring_2026/ECE_410/ECE410/project/post_m3_Minor_Redesign/tb/tb_top.sv Line: 257

Time: 12355 ns Started: 12345 ns Scope: /tb_top/u_mon File: /run/media/sackb/Windows-SSD/Users/sackb/OneDrive/Desktop/University/Course_Work/2025-2026/Spring_2026/ECE_410/ECE410/project/post_m3_Minor_Redesign/tb/tb_top.sv Line:256
Error: AXI MONITOR: core_C changed while core is idle
Time: 12355 ns  Iteration: 0  Process: /tb_top/u_mon//tb_top/u_mon  Scope: tb_top.u_mon  File: /run/media/sackb/Windows-SSD/Users/sackb/OneDrive/Desktop/University/Course_Work/2025-2026/Spring_2026/ECE_410/ECE410/project/post_m3_Minor_Redesign/tb/tb_top.sv Line: 257

Time: 12365 ns Started: 12355 ns Scope: /tb_top/u_mon File: /run/media/sackb/Windows-SSD/Users/sackb/OneDrive/Desktop/University/Course_Work/2025-2026/Spring_2026/ECE_410/ECE410/project/post_m3_Minor_Redesign/tb/tb_top.sv Line:256
Error: AXI MONITOR: core_C changed while core is idle
Time: 12365 ns  Iteration: 0  Process: /tb_top/u_mon//tb_top/u_mon  Scope: tb_top.u_mon  File: /run/media/sackb/Windows-SSD/Users/sackb/OneDrive/Desktop/University/Course_Work/2025-2026/Spring_2026/ECE_410/ECE410/project/post_m3_Minor_Redesign/tb/tb_top.sv Line: 257

Time: 12375 ns Started: 12365 ns Scope: /tb_top/u_mon File: /run/media/sackb/Windows-SSD/Users/sackb/OneDrive/Desktop/University/Course_Work/2025-2026/Spring_2026/ECE_410/ECE410/project/post_m3_Minor_Redesign/tb/tb_top.sv Line:256
Error: AXI MONITOR: core_C changed while core is idle
Time: 12375 ns  Iteration: 0  Process: /tb_top/u_mon//tb_top/u_mon  Scope: tb_top.u_mon  File: /run/media/sackb/Windows-SSD/Users/sackb/OneDrive/Desktop/University/Course_Work/2025-2026/Spring_2026/ECE_410/ECE410/project/post_m3_Minor_Redesign/tb/tb_top.sv Line: 257

Time: 12385 ns Started: 12375 ns Scope: /tb_top/u_mon File: /run/media/sackb/Windows-SSD/Users/sackb/OneDrive/Desktop/University/Course_Work/2025-2026/Spring_2026/ECE_410/ECE410/project/post_m3_Minor_Redesign/tb/tb_top.sv Line:256
Error: AXI MONITOR: core_C changed while core is idle
Time: 12385 ns  Iteration: 0  Process: /tb_top/u_mon//tb_top/u_mon  Scope: tb_top.u_mon  File: /run/media/sackb/Windows-SSD/Users/sackb/OneDrive/Desktop/University/Course_Work/2025-2026/Spring_2026/ECE_410/ECE410/project/post_m3_Minor_Redesign/tb/tb_top.sv Line: 257

Time: 12395 ns Started: 12385 ns Scope: /tb_top/u_mon File: /run/media/sackb/Windows-SSD/Users/sackb/OneDrive/Desktop/University/Course_Work/2025-2026/Spring_2026/ECE_410/ECE410/project/post_m3_Minor_Redesign/tb/tb_top.sv Line:256
Error: AXI MONITOR: core_C changed while core is idle
Time: 12395 ns  Iteration: 0  Process: /tb_top/u_mon//tb_top/u_mon  Scope: tb_top.u_mon  File: /run/media/sackb/Windows-SSD/Users/sackb/OneDrive/Desktop/University/Course_Work/2025-2026/Spring_2026/ECE_410/ECE410/project/post_m3_Minor_Redesign/tb/tb_top.sv Line: 257

Time: 12405 ns Started: 12395 ns Scope: /tb_top/u_mon File: /run/media/sackb/Windows-SSD/Users/sackb/OneDrive/Desktop/University/Course_Work/2025-2026/Spring_2026/ECE_410/ECE410/project/post_m3_Minor_Redesign/tb/tb_top.sv Line:256
Error: AXI MONITOR: core_C changed while core is idle
Time: 12405 ns  Iteration: 0  Process: /tb_top/u_mon//tb_top/u_mon  Scope: tb_top.u_mon  File: /run/media/sackb/Windows-SSD/Users/sackb/OneDrive/Desktop/University/Course_Work/2025-2026/Spring_2026/ECE_410/ECE410/project/post_m3_Minor_Redesign/tb/tb_top.sv Line: 257

Time: 12415 ns Started: 12405 ns Scope: /tb_top/u_mon File: /run/media/sackb/Windows-SSD/Users/sackb/OneDrive/Desktop/University/Course_Work/2025-2026/Spring_2026/ECE_410/ECE410/project/post_m3_Minor_Redesign/tb/tb_top.sv Line:256
Error: AXI MONITOR: core_C changed while core is idle
Time: 12415 ns  Iteration: 0  Process: /tb_top/u_mon//tb_top/u_mon  Scope: tb_top.u_mon  File: /run/media/sackb/Windows-SSD/Users/sackb/OneDrive/Desktop/University/Course_Work/2025-2026/Spring_2026/ECE_410/ECE410/project/post_m3_Minor_Redesign/tb/tb_top.sv Line: 257

Time: 12425 ns Started: 12415 ns Scope: /tb_top/u_mon File: /run/media/sackb/Windows-SSD/Users/sackb/OneDrive/Desktop/University/Course_Work/2025-2026/Spring_2026/ECE_410/ECE410/project/post_m3_Minor_Redesign/tb/tb_top.sv Line:256
Error: AXI MONITOR: core_C changed while core is idle
Time: 12425 ns  Iteration: 0  Process: /tb_top/u_mon//tb_top/u_mon  Scope: tb_top.u_mon  File: /run/media/sackb/Windows-SSD/Users/sackb/OneDrive/Desktop/University/Course_Work/2025-2026/Spring_2026/ECE_410/ECE410/project/post_m3_Minor_Redesign/tb/tb_top.sv Line: 257

Time: 12435 ns Started: 12425 ns Scope: /tb_top/u_mon File: /run/media/sackb/Windows-SSD/Users/sackb/OneDrive/Desktop/University/Course_Work/2025-2026/Spring_2026/ECE_410/ECE410/project/post_m3_Minor_Redesign/tb/tb_top.sv Line:256
Error: AXI MONITOR: core_C changed while core is idle
Time: 12435 ns  Iteration: 0  Process: /tb_top/u_mon//tb_top/u_mon  Scope: tb_top.u_mon  File: /run/media/sackb/Windows-SSD/Users/sackb/OneDrive/Desktop/University/Course_Work/2025-2026/Spring_2026/ECE_410/ECE410/project/post_m3_Minor_Redesign/tb/tb_top.sv Line: 257

Time: 12445 ns Started: 12435 ns Scope: /tb_top/u_mon File: /run/media/sackb/Windows-SSD/Users/sackb/OneDrive/Desktop/University/Course_Work/2025-2026/Spring_2026/ECE_410/ECE410/project/post_m3_Minor_Redesign/tb/tb_top.sv Line:256
Error: AXI MONITOR: core_C changed while core is idle
Time: 12445 ns  Iteration: 0  Process: /tb_top/u_mon//tb_top/u_mon  Scope: tb_top.u_mon  File: /run/media/sackb/Windows-SSD/Users/sackb/OneDrive/Desktop/University/Course_Work/2025-2026/Spring_2026/ECE_410/ECE410/project/post_m3_Minor_Redesign/tb/tb_top.sv Line: 257

Time: 12455 ns Started: 12445 ns Scope: /tb_top/u_mon File: /run/media/sackb/Windows-SSD/Users/sackb/OneDrive/Desktop/University/Course_Work/2025-2026/Spring_2026/ECE_410/ECE410/project/post_m3_Minor_Redesign/tb/tb_top.sv Line:256
Error: AXI MONITOR: core_C changed while core is idle
Time: 12455 ns  Iteration: 0  Process: /tb_top/u_mon//tb_top/u_mon  Scope: tb_top.u_mon  File: /run/media/sackb/Windows-SSD/Users/sackb/OneDrive/Desktop/University/Course_Work/2025-2026/Spring_2026/ECE_410/ECE410/project/post_m3_Minor_Redesign/tb/tb_top.sv Line: 257

Time: 12465 ns Started: 12455 ns Scope: /tb_top/u_mon File: /run/media/sackb/Windows-SSD/Users/sackb/OneDrive/Desktop/University/Course_Work/2025-2026/Spring_2026/ECE_410/ECE410/project/post_m3_Minor_Redesign/tb/tb_top.sv Line:256
Error: AXI MONITOR: core_C changed while core is idle
Time: 12465 ns  Iteration: 0  Process: /tb_top/u_mon//tb_top/u_mon  Scope: tb_top.u_mon  File: /run/media/sackb/Windows-SSD/Users/sackb/OneDrive/Desktop/University/Course_Work/2025-2026/Spring_2026/ECE_410/ECE410/project/post_m3_Minor_Redesign/tb/tb_top.sv Line: 257

Time: 12475 ns Started: 12465 ns Scope: /tb_top/u_mon File: /run/media/sackb/Windows-SSD/Users/sackb/OneDrive/Desktop/University/Course_Work/2025-2026/Spring_2026/ECE_410/ECE410/project/post_m3_Minor_Redesign/tb/tb_top.sv Line:256
Error: AXI MONITOR: core_C changed while core is idle
Time: 12475 ns  Iteration: 0  Process: /tb_top/u_mon//tb_top/u_mon  Scope: tb_top.u_mon  File: /run/media/sackb/Windows-SSD/Users/sackb/OneDrive/Desktop/University/Course_Work/2025-2026/Spring_2026/ECE_410/ECE410/project/post_m3_Minor_Redesign/tb/tb_top.sv Line: 257

Time: 12485 ns Started: 12475 ns Scope: /tb_top/u_mon File: /run/media/sackb/Windows-SSD/Users/sackb/OneDrive/Desktop/University/Course_Work/2025-2026/Spring_2026/ECE_410/ECE410/project/post_m3_Minor_Redesign/tb/tb_top.sv Line:256
Error: AXI MONITOR: core_C changed while core is idle
Time: 12485 ns  Iteration: 0  Process: /tb_top/u_mon//tb_top/u_mon  Scope: tb_top.u_mon  File: /run/media/sackb/Windows-SSD/Users/sackb/OneDrive/Desktop/University/Course_Work/2025-2026/Spring_2026/ECE_410/ECE410/project/post_m3_Minor_Redesign/tb/tb_top.sv Line: 257

Time: 12495 ns Started: 12485 ns Scope: /tb_top/u_mon File: /run/media/sackb/Windows-SSD/Users/sackb/OneDrive/Desktop/University/Course_Work/2025-2026/Spring_2026/ECE_410/ECE410/project/post_m3_Minor_Redesign/tb/tb_top.sv Line:256
Error: AXI MONITOR: core_C changed while core is idle
Time: 12495 ns  Iteration: 0  Process: /tb_top/u_mon//tb_top/u_mon  Scope: tb_top.u_mon  File: /run/media/sackb/Windows-SSD/Users/sackb/OneDrive/Desktop/University/Course_Work/2025-2026/Spring_2026/ECE_410/ECE410/project/post_m3_Minor_Redesign/tb/tb_top.sv Line: 257
TB_TOP: Iteration 6 complete
TB_TOP: Starting iteration 7

Time: 12505 ns Started: 12495 ns Scope: /tb_top/u_mon File: /run/media/sackb/Windows-SSD/Users/sackb/OneDrive/Desktop/University/Course_Work/2025-2026/Spring_2026/ECE_410/ECE410/project/post_m3_Minor_Redesign/tb/tb_top.sv Line:256
Error: AXI MONITOR: core_C changed while core is idle
Time: 12505 ns  Iteration: 0  Process: /tb_top/u_mon//tb_top/u_mon  Scope: tb_top.u_mon  File: /run/media/sackb/Windows-SSD/Users/sackb/OneDrive/Desktop/University/Course_Work/2025-2026/Spring_2026/ECE_410/ECE410/project/post_m3_Minor_Redesign/tb/tb_top.sv Line: 257

Time: 12515 ns Started: 12505 ns Scope: /tb_top/u_mon File: /run/media/sackb/Windows-SSD/Users/sackb/OneDrive/Desktop/University/Course_Work/2025-2026/Spring_2026/ECE_410/ECE410/project/post_m3_Minor_Redesign/tb/tb_top.sv Line:256
Error: AXI MONITOR: core_C changed while core is idle
Time: 12515 ns  Iteration: 0  Process: /tb_top/u_mon//tb_top/u_mon  Scope: tb_top.u_mon  File: /run/media/sackb/Windows-SSD/Users/sackb/OneDrive/Desktop/University/Course_Work/2025-2026/Spring_2026/ECE_410/ECE410/project/post_m3_Minor_Redesign/tb/tb_top.sv Line: 257

Time: 12525 ns Started: 12515 ns Scope: /tb_top/u_mon File: /run/media/sackb/Windows-SSD/Users/sackb/OneDrive/Desktop/University/Course_Work/2025-2026/Spring_2026/ECE_410/ECE410/project/post_m3_Minor_Redesign/tb/tb_top.sv Line:256
Error: AXI MONITOR: core_C changed while core is idle
Time: 12525 ns  Iteration: 0  Process: /tb_top/u_mon//tb_top/u_mon  Scope: tb_top.u_mon  File: /run/media/sackb/Windows-SSD/Users/sackb/OneDrive/Desktop/University/Course_Work/2025-2026/Spring_2026/ECE_410/ECE410/project/post_m3_Minor_Redesign/tb/tb_top.sv Line: 257

Time: 12535 ns Started: 12525 ns Scope: /tb_top/u_mon File: /run/media/sackb/Windows-SSD/Users/sackb/OneDrive/Desktop/University/Course_Work/2025-2026/Spring_2026/ECE_410/ECE410/project/post_m3_Minor_Redesign/tb/tb_top.sv Line:256
Error: AXI MONITOR: core_C changed while core is idle
Time: 12535 ns  Iteration: 0  Process: /tb_top/u_mon//tb_top/u_mon  Scope: tb_top.u_mon  File: /run/media/sackb/Windows-SSD/Users/sackb/OneDrive/Desktop/University/Course_Work/2025-2026/Spring_2026/ECE_410/ECE410/project/post_m3_Minor_Redesign/tb/tb_top.sv Line: 257

Time: 12545 ns Started: 12535 ns Scope: /tb_top/u_mon File: /run/media/sackb/Windows-SSD/Users/sackb/OneDrive/Desktop/University/Course_Work/2025-2026/Spring_2026/ECE_410/ECE410/project/post_m3_Minor_Redesign/tb/tb_top.sv Line:256
Error: AXI MONITOR: core_C changed while core is idle
Time: 12545 ns  Iteration: 0  Process: /tb_top/u_mon//tb_top/u_mon  Scope: tb_top.u_mon  File: /run/media/sackb/Windows-SSD/Users/sackb/OneDrive/Desktop/University/Course_Work/2025-2026/Spring_2026/ECE_410/ECE410/project/post_m3_Minor_Redesign/tb/tb_top.sv Line: 257

Time: 12555 ns Started: 12545 ns Scope: /tb_top/u_mon File: /run/media/sackb/Windows-SSD/Users/sackb/OneDrive/Desktop/University/Course_Work/2025-2026/Spring_2026/ECE_410/ECE410/project/post_m3_Minor_Redesign/tb/tb_top.sv Line:256
Error: AXI MONITOR: core_C changed while core is idle
Time: 12555 ns  Iteration: 0  Process: /tb_top/u_mon//tb_top/u_mon  Scope: tb_top.u_mon  File: /run/media/sackb/Windows-SSD/Users/sackb/OneDrive/Desktop/University/Course_Work/2025-2026/Spring_2026/ECE_410/ECE410/project/post_m3_Minor_Redesign/tb/tb_top.sv Line: 257

Time: 12565 ns Started: 12555 ns Scope: /tb_top/u_mon File: /run/media/sackb/Windows-SSD/Users/sackb/OneDrive/Desktop/University/Course_Work/2025-2026/Spring_2026/ECE_410/ECE410/project/post_m3_Minor_Redesign/tb/tb_top.sv Line:256
Error: AXI MONITOR: core_C changed while core is idle
Time: 12565 ns  Iteration: 0  Process: /tb_top/u_mon//tb_top/u_mon  Scope: tb_top.u_mon  File: /run/media/sackb/Windows-SSD/Users/sackb/OneDrive/Desktop/University/Course_Work/2025-2026/Spring_2026/ECE_410/ECE410/project/post_m3_Minor_Redesign/tb/tb_top.sv Line: 257

Time: 12575 ns Started: 12565 ns Scope: /tb_top/u_mon File: /run/media/sackb/Windows-SSD/Users/sackb/OneDrive/Desktop/University/Course_Work/2025-2026/Spring_2026/ECE_410/ECE410/project/post_m3_Minor_Redesign/tb/tb_top.sv Line:256
Error: AXI MONITOR: core_C changed while core is idle
Time: 12575 ns  Iteration: 0  Process: /tb_top/u_mon//tb_top/u_mon  Scope: tb_top.u_mon  File: /run/media/sackb/Windows-SSD/Users/sackb/OneDrive/Desktop/University/Course_Work/2025-2026/Spring_2026/ECE_410/ECE410/project/post_m3_Minor_Redesign/tb/tb_top.sv Line: 257

Time: 12585 ns Started: 12575 ns Scope: /tb_top/u_mon File: /run/media/sackb/Windows-SSD/Users/sackb/OneDrive/Desktop/University/Course_Work/2025-2026/Spring_2026/ECE_410/ECE410/project/post_m3_Minor_Redesign/tb/tb_top.sv Line:256
Error: AXI MONITOR: core_C changed while core is idle
Time: 12585 ns  Iteration: 0  Process: /tb_top/u_mon//tb_top/u_mon  Scope: tb_top.u_mon  File: /run/media/sackb/Windows-SSD/Users/sackb/OneDrive/Desktop/University/Course_Work/2025-2026/Spring_2026/ECE_410/ECE410/project/post_m3_Minor_Redesign/tb/tb_top.sv Line: 257

Time: 12595 ns Started: 12585 ns Scope: /tb_top/u_mon File: /run/media/sackb/Windows-SSD/Users/sackb/OneDrive/Desktop/University/Course_Work/2025-2026/Spring_2026/ECE_410/ECE410/project/post_m3_Minor_Redesign/tb/tb_top.sv Line:256
Error: AXI MONITOR: core_C changed while core is idle
Time: 12595 ns  Iteration: 0  Process: /tb_top/u_mon//tb_top/u_mon  Scope: tb_top.u_mon  File: /run/media/sackb/Windows-SSD/Users/sackb/OneDrive/Desktop/University/Course_Work/2025-2026/Spring_2026/ECE_410/ECE410/project/post_m3_Minor_Redesign/tb/tb_top.sv Line: 257

Time: 12605 ns Started: 12595 ns Scope: /tb_top/u_mon File: /run/media/sackb/Windows-SSD/Users/sackb/OneDrive/Desktop/University/Course_Work/2025-2026/Spring_2026/ECE_410/ECE410/project/post_m3_Minor_Redesign/tb/tb_top.sv Line:256
Error: AXI MONITOR: core_C changed while core is idle
Time: 12605 ns  Iteration: 0  Process: /tb_top/u_mon//tb_top/u_mon  Scope: tb_top.u_mon  File: /run/media/sackb/Windows-SSD/Users/sackb/OneDrive/Desktop/University/Course_Work/2025-2026/Spring_2026/ECE_410/ECE410/project/post_m3_Minor_Redesign/tb/tb_top.sv Line: 257

Time: 12615 ns Started: 12605 ns Scope: /tb_top/u_mon File: /run/media/sackb/Windows-SSD/Users/sackb/OneDrive/Desktop/University/Course_Work/2025-2026/Spring_2026/ECE_410/ECE410/project/post_m3_Minor_Redesign/tb/tb_top.sv Line:256
Error: AXI MONITOR: core_C changed while core is idle
Time: 12615 ns  Iteration: 0  Process: /tb_top/u_mon//tb_top/u_mon  Scope: tb_top.u_mon  File: /run/media/sackb/Windows-SSD/Users/sackb/OneDrive/Desktop/University/Course_Work/2025-2026/Spring_2026/ECE_410/ECE410/project/post_m3_Minor_Redesign/tb/tb_top.sv Line: 257

Time: 12625 ns Started: 12615 ns Scope: /tb_top/u_mon File: /run/media/sackb/Windows-SSD/Users/sackb/OneDrive/Desktop/University/Course_Work/2025-2026/Spring_2026/ECE_410/ECE410/project/post_m3_Minor_Redesign/tb/tb_top.sv Line:256
Error: AXI MONITOR: core_C changed while core is idle
Time: 12625 ns  Iteration: 0  Process: /tb_top/u_mon//tb_top/u_mon  Scope: tb_top.u_mon  File: /run/media/sackb/Windows-SSD/Users/sackb/OneDrive/Desktop/University/Course_Work/2025-2026/Spring_2026/ECE_410/ECE410/project/post_m3_Minor_Redesign/tb/tb_top.sv Line: 257

Time: 12635 ns Started: 12625 ns Scope: /tb_top/u_mon File: /run/media/sackb/Windows-SSD/Users/sackb/OneDrive/Desktop/University/Course_Work/2025-2026/Spring_2026/ECE_410/ECE410/project/post_m3_Minor_Redesign/tb/tb_top.sv Line:256
Error: AXI MONITOR: core_C changed while core is idle
Time: 12635 ns  Iteration: 0  Process: /tb_top/u_mon//tb_top/u_mon  Scope: tb_top.u_mon  File: /run/media/sackb/Windows-SSD/Users/sackb/OneDrive/Desktop/University/Course_Work/2025-2026/Spring_2026/ECE_410/ECE410/project/post_m3_Minor_Redesign/tb/tb_top.sv Line: 257

Time: 12645 ns Started: 12635 ns Scope: /tb_top/u_mon File: /run/media/sackb/Windows-SSD/Users/sackb/OneDrive/Desktop/University/Course_Work/2025-2026/Spring_2026/ECE_410/ECE410/project/post_m3_Minor_Redesign/tb/tb_top.sv Line:256
Error: AXI MONITOR: core_C changed while core is idle
Time: 12645 ns  Iteration: 0  Process: /tb_top/u_mon//tb_top/u_mon  Scope: tb_top.u_mon  File: /run/media/sackb/Windows-SSD/Users/sackb/OneDrive/Desktop/University/Course_Work/2025-2026/Spring_2026/ECE_410/ECE410/project/post_m3_Minor_Redesign/tb/tb_top.sv Line: 257

Time: 12655 ns Started: 12645 ns Scope: /tb_top/u_mon File: /run/media/sackb/Windows-SSD/Users/sackb/OneDrive/Desktop/University/Course_Work/2025-2026/Spring_2026/ECE_410/ECE410/project/post_m3_Minor_Redesign/tb/tb_top.sv Line:256
Error: AXI MONITOR: core_C changed while core is idle
Time: 12655 ns  Iteration: 0  Process: /tb_top/u_mon//tb_top/u_mon  Scope: tb_top.u_mon  File: /run/media/sackb/Windows-SSD/Users/sackb/OneDrive/Desktop/University/Course_Work/2025-2026/Spring_2026/ECE_410/ECE410/project/post_m3_Minor_Redesign/tb/tb_top.sv Line: 257

Time: 12665 ns Started: 12655 ns Scope: /tb_top/u_mon File: /run/media/sackb/Windows-SSD/Users/sackb/OneDrive/Desktop/University/Course_Work/2025-2026/Spring_2026/ECE_410/ECE410/project/post_m3_Minor_Redesign/tb/tb_top.sv Line:256
Error: AXI MONITOR: core_C changed while core is idle
Time: 12665 ns  Iteration: 0  Process: /tb_top/u_mon//tb_top/u_mon  Scope: tb_top.u_mon  File: /run/media/sackb/Windows-SSD/Users/sackb/OneDrive/Desktop/University/Course_Work/2025-2026/Spring_2026/ECE_410/ECE410/project/post_m3_Minor_Redesign/tb/tb_top.sv Line: 257

Time: 12675 ns Started: 12665 ns Scope: /tb_top/u_mon File: /run/media/sackb/Windows-SSD/Users/sackb/OneDrive/Desktop/University/Course_Work/2025-2026/Spring_2026/ECE_410/ECE410/project/post_m3_Minor_Redesign/tb/tb_top.sv Line:256
Error: AXI MONITOR: core_C changed while core is idle
Time: 12675 ns  Iteration: 0  Process: /tb_top/u_mon//tb_top/u_mon  Scope: tb_top.u_mon  File: /run/media/sackb/Windows-SSD/Users/sackb/OneDrive/Desktop/University/Course_Work/2025-2026/Spring_2026/ECE_410/ECE410/project/post_m3_Minor_Redesign/tb/tb_top.sv Line: 257

Time: 12685 ns Started: 12675 ns Scope: /tb_top/u_mon File: /run/media/sackb/Windows-SSD/Users/sackb/OneDrive/Desktop/University/Course_Work/2025-2026/Spring_2026/ECE_410/ECE410/project/post_m3_Minor_Redesign/tb/tb_top.sv Line:256
Error: AXI MONITOR: core_C changed while core is idle
Time: 12685 ns  Iteration: 0  Process: /tb_top/u_mon//tb_top/u_mon  Scope: tb_top.u_mon  File: /run/media/sackb/Windows-SSD/Users/sackb/OneDrive/Desktop/University/Course_Work/2025-2026/Spring_2026/ECE_410/ECE410/project/post_m3_Minor_Redesign/tb/tb_top.sv Line: 257

Time: 12695 ns Started: 12685 ns Scope: /tb_top/u_mon File: /run/media/sackb/Windows-SSD/Users/sackb/OneDrive/Desktop/University/Course_Work/2025-2026/Spring_2026/ECE_410/ECE410/project/post_m3_Minor_Redesign/tb/tb_top.sv Line:256
Error: AXI MONITOR: core_C changed while core is idle
Time: 12695 ns  Iteration: 0  Process: /tb_top/u_mon//tb_top/u_mon  Scope: tb_top.u_mon  File: /run/media/sackb/Windows-SSD/Users/sackb/OneDrive/Desktop/University/Course_Work/2025-2026/Spring_2026/ECE_410/ECE410/project/post_m3_Minor_Redesign/tb/tb_top.sv Line: 257

Time: 12705 ns Started: 12695 ns Scope: /tb_top/u_mon File: /run/media/sackb/Windows-SSD/Users/sackb/OneDrive/Desktop/University/Course_Work/2025-2026/Spring_2026/ECE_410/ECE410/project/post_m3_Minor_Redesign/tb/tb_top.sv Line:256
Error: AXI MONITOR: core_C changed while core is idle
Time: 12705 ns  Iteration: 0  Process: /tb_top/u_mon//tb_top/u_mon  Scope: tb_top.u_mon  File: /run/media/sackb/Windows-SSD/Users/sackb/OneDrive/Desktop/University/Course_Work/2025-2026/Spring_2026/ECE_410/ECE410/project/post_m3_Minor_Redesign/tb/tb_top.sv Line: 257

Time: 12715 ns Started: 12705 ns Scope: /tb_top/u_mon File: /run/media/sackb/Windows-SSD/Users/sackb/OneDrive/Desktop/University/Course_Work/2025-2026/Spring_2026/ECE_410/ECE410/project/post_m3_Minor_Redesign/tb/tb_top.sv Line:256
Error: AXI MONITOR: core_C changed while core is idle
Time: 12715 ns  Iteration: 0  Process: /tb_top/u_mon//tb_top/u_mon  Scope: tb_top.u_mon  File: /run/media/sackb/Windows-SSD/Users/sackb/OneDrive/Desktop/University/Course_Work/2025-2026/Spring_2026/ECE_410/ECE410/project/post_m3_Minor_Redesign/tb/tb_top.sv Line: 257

Time: 12725 ns Started: 12715 ns Scope: /tb_top/u_mon File: /run/media/sackb/Windows-SSD/Users/sackb/OneDrive/Desktop/University/Course_Work/2025-2026/Spring_2026/ECE_410/ECE410/project/post_m3_Minor_Redesign/tb/tb_top.sv Line:256
Error: AXI MONITOR: core_C changed while core is idle
Time: 12725 ns  Iteration: 0  Process: /tb_top/u_mon//tb_top/u_mon  Scope: tb_top.u_mon  File: /run/media/sackb/Windows-SSD/Users/sackb/OneDrive/Desktop/University/Course_Work/2025-2026/Spring_2026/ECE_410/ECE410/project/post_m3_Minor_Redesign/tb/tb_top.sv Line: 257

Time: 12735 ns Started: 12725 ns Scope: /tb_top/u_mon File: /run/media/sackb/Windows-SSD/Users/sackb/OneDrive/Desktop/University/Course_Work/2025-2026/Spring_2026/ECE_410/ECE410/project/post_m3_Minor_Redesign/tb/tb_top.sv Line:256
Error: AXI MONITOR: core_C changed while core is idle
Time: 12735 ns  Iteration: 0  Process: /tb_top/u_mon//tb_top/u_mon  Scope: tb_top.u_mon  File: /run/media/sackb/Windows-SSD/Users/sackb/OneDrive/Desktop/University/Course_Work/2025-2026/Spring_2026/ECE_410/ECE410/project/post_m3_Minor_Redesign/tb/tb_top.sv Line: 257

Time: 12745 ns Started: 12735 ns Scope: /tb_top/u_mon File: /run/media/sackb/Windows-SSD/Users/sackb/OneDrive/Desktop/University/Course_Work/2025-2026/Spring_2026/ECE_410/ECE410/project/post_m3_Minor_Redesign/tb/tb_top.sv Line:256
Error: AXI MONITOR: core_C changed while core is idle
Time: 12745 ns  Iteration: 0  Process: /tb_top/u_mon//tb_top/u_mon  Scope: tb_top.u_mon  File: /run/media/sackb/Windows-SSD/Users/sackb/OneDrive/Desktop/University/Course_Work/2025-2026/Spring_2026/ECE_410/ECE410/project/post_m3_Minor_Redesign/tb/tb_top.sv Line: 257

Time: 12755 ns Started: 12745 ns Scope: /tb_top/u_mon File: /run/media/sackb/Windows-SSD/Users/sackb/OneDrive/Desktop/University/Course_Work/2025-2026/Spring_2026/ECE_410/ECE410/project/post_m3_Minor_Redesign/tb/tb_top.sv Line:256
Error: AXI MONITOR: core_C changed while core is idle
Time: 12755 ns  Iteration: 0  Process: /tb_top/u_mon//tb_top/u_mon  Scope: tb_top.u_mon  File: /run/media/sackb/Windows-SSD/Users/sackb/OneDrive/Desktop/University/Course_Work/2025-2026/Spring_2026/ECE_410/ECE410/project/post_m3_Minor_Redesign/tb/tb_top.sv Line: 257

Time: 12765 ns Started: 12755 ns Scope: /tb_top/u_mon File: /run/media/sackb/Windows-SSD/Users/sackb/OneDrive/Desktop/University/Course_Work/2025-2026/Spring_2026/ECE_410/ECE410/project/post_m3_Minor_Redesign/tb/tb_top.sv Line:256
Error: AXI MONITOR: core_C changed while core is idle
Time: 12765 ns  Iteration: 0  Process: /tb_top/u_mon//tb_top/u_mon  Scope: tb_top.u_mon  File: /run/media/sackb/Windows-SSD/Users/sackb/OneDrive/Desktop/University/Course_Work/2025-2026/Spring_2026/ECE_410/ECE410/project/post_m3_Minor_Redesign/tb/tb_top.sv Line: 257

Time: 12775 ns Started: 12765 ns Scope: /tb_top/u_mon File: /run/media/sackb/Windows-SSD/Users/sackb/OneDrive/Desktop/University/Course_Work/2025-2026/Spring_2026/ECE_410/ECE410/project/post_m3_Minor_Redesign/tb/tb_top.sv Line:256
Error: AXI MONITOR: core_C changed while core is idle
Time: 12775 ns  Iteration: 0  Process: /tb_top/u_mon//tb_top/u_mon  Scope: tb_top.u_mon  File: /run/media/sackb/Windows-SSD/Users/sackb/OneDrive/Desktop/University/Course_Work/2025-2026/Spring_2026/ECE_410/ECE410/project/post_m3_Minor_Redesign/tb/tb_top.sv Line: 257

Time: 12785 ns Started: 12775 ns Scope: /tb_top/u_mon File: /run/media/sackb/Windows-SSD/Users/sackb/OneDrive/Desktop/University/Course_Work/2025-2026/Spring_2026/ECE_410/ECE410/project/post_m3_Minor_Redesign/tb/tb_top.sv Line:256
Error: AXI MONITOR: core_C changed while core is idle
Time: 12785 ns  Iteration: 0  Process: /tb_top/u_mon//tb_top/u_mon  Scope: tb_top.u_mon  File: /run/media/sackb/Windows-SSD/Users/sackb/OneDrive/Desktop/University/Course_Work/2025-2026/Spring_2026/ECE_410/ECE410/project/post_m3_Minor_Redesign/tb/tb_top.sv Line: 257

Time: 12795 ns Started: 12785 ns Scope: /tb_top/u_mon File: /run/media/sackb/Windows-SSD/Users/sackb/OneDrive/Desktop/University/Course_Work/2025-2026/Spring_2026/ECE_410/ECE410/project/post_m3_Minor_Redesign/tb/tb_top.sv Line:256
Error: AXI MONITOR: core_C changed while core is idle
Time: 12795 ns  Iteration: 0  Process: /tb_top/u_mon//tb_top/u_mon  Scope: tb_top.u_mon  File: /run/media/sackb/Windows-SSD/Users/sackb/OneDrive/Desktop/University/Course_Work/2025-2026/Spring_2026/ECE_410/ECE410/project/post_m3_Minor_Redesign/tb/tb_top.sv Line: 257

Time: 12805 ns Started: 12795 ns Scope: /tb_top/u_mon File: /run/media/sackb/Windows-SSD/Users/sackb/OneDrive/Desktop/University/Course_Work/2025-2026/Spring_2026/ECE_410/ECE410/project/post_m3_Minor_Redesign/tb/tb_top.sv Line:256
Error: AXI MONITOR: core_C changed while core is idle
Time: 12805 ns  Iteration: 0  Process: /tb_top/u_mon//tb_top/u_mon  Scope: tb_top.u_mon  File: /run/media/sackb/Windows-SSD/Users/sackb/OneDrive/Desktop/University/Course_Work/2025-2026/Spring_2026/ECE_410/ECE410/project/post_m3_Minor_Redesign/tb/tb_top.sv Line: 257

Time: 12815 ns Started: 12805 ns Scope: /tb_top/u_mon File: /run/media/sackb/Windows-SSD/Users/sackb/OneDrive/Desktop/University/Course_Work/2025-2026/Spring_2026/ECE_410/ECE410/project/post_m3_Minor_Redesign/tb/tb_top.sv Line:256
Error: AXI MONITOR: core_C changed while core is idle
Time: 12815 ns  Iteration: 0  Process: /tb_top/u_mon//tb_top/u_mon  Scope: tb_top.u_mon  File: /run/media/sackb/Windows-SSD/Users/sackb/OneDrive/Desktop/University/Course_Work/2025-2026/Spring_2026/ECE_410/ECE410/project/post_m3_Minor_Redesign/tb/tb_top.sv Line: 257

Time: 12825 ns Started: 12815 ns Scope: /tb_top/u_mon File: /run/media/sackb/Windows-SSD/Users/sackb/OneDrive/Desktop/University/Course_Work/2025-2026/Spring_2026/ECE_410/ECE410/project/post_m3_Minor_Redesign/tb/tb_top.sv Line:256
Error: AXI MONITOR: core_C changed while core is idle
Time: 12825 ns  Iteration: 0  Process: /tb_top/u_mon//tb_top/u_mon  Scope: tb_top.u_mon  File: /run/media/sackb/Windows-SSD/Users/sackb/OneDrive/Desktop/University/Course_Work/2025-2026/Spring_2026/ECE_410/ECE410/project/post_m3_Minor_Redesign/tb/tb_top.sv Line: 257

Time: 12835 ns Started: 12825 ns Scope: /tb_top/u_mon File: /run/media/sackb/Windows-SSD/Users/sackb/OneDrive/Desktop/University/Course_Work/2025-2026/Spring_2026/ECE_410/ECE410/project/post_m3_Minor_Redesign/tb/tb_top.sv Line:256
Error: AXI MONITOR: core_C changed while core is idle
Time: 12835 ns  Iteration: 0  Process: /tb_top/u_mon//tb_top/u_mon  Scope: tb_top.u_mon  File: /run/media/sackb/Windows-SSD/Users/sackb/OneDrive/Desktop/University/Course_Work/2025-2026/Spring_2026/ECE_410/ECE410/project/post_m3_Minor_Redesign/tb/tb_top.sv Line: 257

Time: 12845 ns Started: 12835 ns Scope: /tb_top/u_mon File: /run/media/sackb/Windows-SSD/Users/sackb/OneDrive/Desktop/University/Course_Work/2025-2026/Spring_2026/ECE_410/ECE410/project/post_m3_Minor_Redesign/tb/tb_top.sv Line:256
Error: AXI MONITOR: core_C changed while core is idle
Time: 12845 ns  Iteration: 0  Process: /tb_top/u_mon//tb_top/u_mon  Scope: tb_top.u_mon  File: /run/media/sackb/Windows-SSD/Users/sackb/OneDrive/Desktop/University/Course_Work/2025-2026/Spring_2026/ECE_410/ECE410/project/post_m3_Minor_Redesign/tb/tb_top.sv Line: 257

Time: 12855 ns Started: 12845 ns Scope: /tb_top/u_mon File: /run/media/sackb/Windows-SSD/Users/sackb/OneDrive/Desktop/University/Course_Work/2025-2026/Spring_2026/ECE_410/ECE410/project/post_m3_Minor_Redesign/tb/tb_top.sv Line:256
Error: AXI MONITOR: core_C changed while core is idle
Time: 12855 ns  Iteration: 0  Process: /tb_top/u_mon//tb_top/u_mon  Scope: tb_top.u_mon  File: /run/media/sackb/Windows-SSD/Users/sackb/OneDrive/Desktop/University/Course_Work/2025-2026/Spring_2026/ECE_410/ECE410/project/post_m3_Minor_Redesign/tb/tb_top.sv Line: 257

Time: 12865 ns Started: 12855 ns Scope: /tb_top/u_mon File: /run/media/sackb/Windows-SSD/Users/sackb/OneDrive/Desktop/University/Course_Work/2025-2026/Spring_2026/ECE_410/ECE410/project/post_m3_Minor_Redesign/tb/tb_top.sv Line:256
Error: AXI MONITOR: core_C changed while core is idle
Time: 12865 ns  Iteration: 0  Process: /tb_top/u_mon//tb_top/u_mon  Scope: tb_top.u_mon  File: /run/media/sackb/Windows-SSD/Users/sackb/OneDrive/Desktop/University/Course_Work/2025-2026/Spring_2026/ECE_410/ECE410/project/post_m3_Minor_Redesign/tb/tb_top.sv Line: 257

Time: 12875 ns Started: 12865 ns Scope: /tb_top/u_mon File: /run/media/sackb/Windows-SSD/Users/sackb/OneDrive/Desktop/University/Course_Work/2025-2026/Spring_2026/ECE_410/ECE410/project/post_m3_Minor_Redesign/tb/tb_top.sv Line:256
Error: AXI MONITOR: core_C changed while core is idle
Time: 12875 ns  Iteration: 0  Process: /tb_top/u_mon//tb_top/u_mon  Scope: tb_top.u_mon  File: /run/media/sackb/Windows-SSD/Users/sackb/OneDrive/Desktop/University/Course_Work/2025-2026/Spring_2026/ECE_410/ECE410/project/post_m3_Minor_Redesign/tb/tb_top.sv Line: 257

Time: 12885 ns Started: 12875 ns Scope: /tb_top/u_mon File: /run/media/sackb/Windows-SSD/Users/sackb/OneDrive/Desktop/University/Course_Work/2025-2026/Spring_2026/ECE_410/ECE410/project/post_m3_Minor_Redesign/tb/tb_top.sv Line:256
Error: AXI MONITOR: core_C changed while core is idle
Time: 12885 ns  Iteration: 0  Process: /tb_top/u_mon//tb_top/u_mon  Scope: tb_top.u_mon  File: /run/media/sackb/Windows-SSD/Users/sackb/OneDrive/Desktop/University/Course_Work/2025-2026/Spring_2026/ECE_410/ECE410/project/post_m3_Minor_Redesign/tb/tb_top.sv Line: 257

Time: 12895 ns Started: 12885 ns Scope: /tb_top/u_mon File: /run/media/sackb/Windows-SSD/Users/sackb/OneDrive/Desktop/University/Course_Work/2025-2026/Spring_2026/ECE_410/ECE410/project/post_m3_Minor_Redesign/tb/tb_top.sv Line:256
Error: AXI MONITOR: core_C changed while core is idle
Time: 12895 ns  Iteration: 0  Process: /tb_top/u_mon//tb_top/u_mon  Scope: tb_top.u_mon  File: /run/media/sackb/Windows-SSD/Users/sackb/OneDrive/Desktop/University/Course_Work/2025-2026/Spring_2026/ECE_410/ECE410/project/post_m3_Minor_Redesign/tb/tb_top.sv Line: 257

Time: 12905 ns Started: 12895 ns Scope: /tb_top/u_mon File: /run/media/sackb/Windows-SSD/Users/sackb/OneDrive/Desktop/University/Course_Work/2025-2026/Spring_2026/ECE_410/ECE410/project/post_m3_Minor_Redesign/tb/tb_top.sv Line:256
Error: AXI MONITOR: core_C changed while core is idle
Time: 12905 ns  Iteration: 0  Process: /tb_top/u_mon//tb_top/u_mon  Scope: tb_top.u_mon  File: /run/media/sackb/Windows-SSD/Users/sackb/OneDrive/Desktop/University/Course_Work/2025-2026/Spring_2026/ECE_410/ECE410/project/post_m3_Minor_Redesign/tb/tb_top.sv Line: 257

Time: 12915 ns Started: 12905 ns Scope: /tb_top/u_mon File: /run/media/sackb/Windows-SSD/Users/sackb/OneDrive/Desktop/University/Course_Work/2025-2026/Spring_2026/ECE_410/ECE410/project/post_m3_Minor_Redesign/tb/tb_top.sv Line:256
Error: AXI MONITOR: core_C changed while core is idle
Time: 12915 ns  Iteration: 0  Process: /tb_top/u_mon//tb_top/u_mon  Scope: tb_top.u_mon  File: /run/media/sackb/Windows-SSD/Users/sackb/OneDrive/Desktop/University/Course_Work/2025-2026/Spring_2026/ECE_410/ECE410/project/post_m3_Minor_Redesign/tb/tb_top.sv Line: 257

Time: 12925 ns Started: 12915 ns Scope: /tb_top/u_mon File: /run/media/sackb/Windows-SSD/Users/sackb/OneDrive/Desktop/University/Course_Work/2025-2026/Spring_2026/ECE_410/ECE410/project/post_m3_Minor_Redesign/tb/tb_top.sv Line:256
Error: AXI MONITOR: core_C changed while core is idle
Time: 12925 ns  Iteration: 0  Process: /tb_top/u_mon//tb_top/u_mon  Scope: tb_top.u_mon  File: /run/media/sackb/Windows-SSD/Users/sackb/OneDrive/Desktop/University/Course_Work/2025-2026/Spring_2026/ECE_410/ECE410/project/post_m3_Minor_Redesign/tb/tb_top.sv Line: 257

Time: 12935 ns Started: 12925 ns Scope: /tb_top/u_mon File: /run/media/sackb/Windows-SSD/Users/sackb/OneDrive/Desktop/University/Course_Work/2025-2026/Spring_2026/ECE_410/ECE410/project/post_m3_Minor_Redesign/tb/tb_top.sv Line:256
Error: AXI MONITOR: core_C changed while core is idle
Time: 12935 ns  Iteration: 0  Process: /tb_top/u_mon//tb_top/u_mon  Scope: tb_top.u_mon  File: /run/media/sackb/Windows-SSD/Users/sackb/OneDrive/Desktop/University/Course_Work/2025-2026/Spring_2026/ECE_410/ECE410/project/post_m3_Minor_Redesign/tb/tb_top.sv Line: 257

Time: 12945 ns Started: 12935 ns Scope: /tb_top/u_mon File: /run/media/sackb/Windows-SSD/Users/sackb/OneDrive/Desktop/University/Course_Work/2025-2026/Spring_2026/ECE_410/ECE410/project/post_m3_Minor_Redesign/tb/tb_top.sv Line:256
Error: AXI MONITOR: core_C changed while core is idle
Time: 12945 ns  Iteration: 0  Process: /tb_top/u_mon//tb_top/u_mon  Scope: tb_top.u_mon  File: /run/media/sackb/Windows-SSD/Users/sackb/OneDrive/Desktop/University/Course_Work/2025-2026/Spring_2026/ECE_410/ECE410/project/post_m3_Minor_Redesign/tb/tb_top.sv Line: 257

Time: 12955 ns Started: 12945 ns Scope: /tb_top/u_mon File: /run/media/sackb/Windows-SSD/Users/sackb/OneDrive/Desktop/University/Course_Work/2025-2026/Spring_2026/ECE_410/ECE410/project/post_m3_Minor_Redesign/tb/tb_top.sv Line:256
Error: AXI MONITOR: core_C changed while core is idle
Time: 12955 ns  Iteration: 0  Process: /tb_top/u_mon//tb_top/u_mon  Scope: tb_top.u_mon  File: /run/media/sackb/Windows-SSD/Users/sackb/OneDrive/Desktop/University/Course_Work/2025-2026/Spring_2026/ECE_410/ECE410/project/post_m3_Minor_Redesign/tb/tb_top.sv Line: 257

Time: 12965 ns Started: 12955 ns Scope: /tb_top/u_mon File: /run/media/sackb/Windows-SSD/Users/sackb/OneDrive/Desktop/University/Course_Work/2025-2026/Spring_2026/ECE_410/ECE410/project/post_m3_Minor_Redesign/tb/tb_top.sv Line:256
Error: AXI MONITOR: core_C changed while core is idle
Time: 12965 ns  Iteration: 0  Process: /tb_top/u_mon//tb_top/u_mon  Scope: tb_top.u_mon  File: /run/media/sackb/Windows-SSD/Users/sackb/OneDrive/Desktop/University/Course_Work/2025-2026/Spring_2026/ECE_410/ECE410/project/post_m3_Minor_Redesign/tb/tb_top.sv Line: 257

Time: 12975 ns Started: 12965 ns Scope: /tb_top/u_mon File: /run/media/sackb/Windows-SSD/Users/sackb/OneDrive/Desktop/University/Course_Work/2025-2026/Spring_2026/ECE_410/ECE410/project/post_m3_Minor_Redesign/tb/tb_top.sv Line:256
Error: AXI MONITOR: core_C changed while core is idle
Time: 12975 ns  Iteration: 0  Process: /tb_top/u_mon//tb_top/u_mon  Scope: tb_top.u_mon  File: /run/media/sackb/Windows-SSD/Users/sackb/OneDrive/Desktop/University/Course_Work/2025-2026/Spring_2026/ECE_410/ECE410/project/post_m3_Minor_Redesign/tb/tb_top.sv Line: 257

Time: 12985 ns Started: 12975 ns Scope: /tb_top/u_mon File: /run/media/sackb/Windows-SSD/Users/sackb/OneDrive/Desktop/University/Course_Work/2025-2026/Spring_2026/ECE_410/ECE410/project/post_m3_Minor_Redesign/tb/tb_top.sv Line:256
Error: AXI MONITOR: core_C changed while core is idle
Time: 12985 ns  Iteration: 0  Process: /tb_top/u_mon//tb_top/u_mon  Scope: tb_top.u_mon  File: /run/media/sackb/Windows-SSD/Users/sackb/OneDrive/Desktop/University/Course_Work/2025-2026/Spring_2026/ECE_410/ECE410/project/post_m3_Minor_Redesign/tb/tb_top.sv Line: 257

Time: 12995 ns Started: 12985 ns Scope: /tb_top/u_mon File: /run/media/sackb/Windows-SSD/Users/sackb/OneDrive/Desktop/University/Course_Work/2025-2026/Spring_2026/ECE_410/ECE410/project/post_m3_Minor_Redesign/tb/tb_top.sv Line:256
Error: AXI MONITOR: core_C changed while core is idle
Time: 12995 ns  Iteration: 0  Process: /tb_top/u_mon//tb_top/u_mon  Scope: tb_top.u_mon  File: /run/media/sackb/Windows-SSD/Users/sackb/OneDrive/Desktop/University/Course_Work/2025-2026/Spring_2026/ECE_410/ECE410/project/post_m3_Minor_Redesign/tb/tb_top.sv Line: 257

Time: 13005 ns Started: 12995 ns Scope: /tb_top/u_mon File: /run/media/sackb/Windows-SSD/Users/sackb/OneDrive/Desktop/University/Course_Work/2025-2026/Spring_2026/ECE_410/ECE410/project/post_m3_Minor_Redesign/tb/tb_top.sv Line:256
Error: AXI MONITOR: core_C changed while core is idle
Time: 13005 ns  Iteration: 0  Process: /tb_top/u_mon//tb_top/u_mon  Scope: tb_top.u_mon  File: /run/media/sackb/Windows-SSD/Users/sackb/OneDrive/Desktop/University/Course_Work/2025-2026/Spring_2026/ECE_410/ECE410/project/post_m3_Minor_Redesign/tb/tb_top.sv Line: 257

Time: 13015 ns Started: 13005 ns Scope: /tb_top/u_mon File: /run/media/sackb/Windows-SSD/Users/sackb/OneDrive/Desktop/University/Course_Work/2025-2026/Spring_2026/ECE_410/ECE410/project/post_m3_Minor_Redesign/tb/tb_top.sv Line:256
Error: AXI MONITOR: core_C changed while core is idle
Time: 13015 ns  Iteration: 0  Process: /tb_top/u_mon//tb_top/u_mon  Scope: tb_top.u_mon  File: /run/media/sackb/Windows-SSD/Users/sackb/OneDrive/Desktop/University/Course_Work/2025-2026/Spring_2026/ECE_410/ECE410/project/post_m3_Minor_Redesign/tb/tb_top.sv Line: 257

Time: 13025 ns Started: 13015 ns Scope: /tb_top/u_mon File: /run/media/sackb/Windows-SSD/Users/sackb/OneDrive/Desktop/University/Course_Work/2025-2026/Spring_2026/ECE_410/ECE410/project/post_m3_Minor_Redesign/tb/tb_top.sv Line:256
Error: AXI MONITOR: core_C changed while core is idle
Time: 13025 ns  Iteration: 0  Process: /tb_top/u_mon//tb_top/u_mon  Scope: tb_top.u_mon  File: /run/media/sackb/Windows-SSD/Users/sackb/OneDrive/Desktop/University/Course_Work/2025-2026/Spring_2026/ECE_410/ECE410/project/post_m3_Minor_Redesign/tb/tb_top.sv Line: 257

Time: 13035 ns Started: 13025 ns Scope: /tb_top/u_mon File: /run/media/sackb/Windows-SSD/Users/sackb/OneDrive/Desktop/University/Course_Work/2025-2026/Spring_2026/ECE_410/ECE410/project/post_m3_Minor_Redesign/tb/tb_top.sv Line:256
Error: AXI MONITOR: core_C changed while core is idle
Time: 13035 ns  Iteration: 0  Process: /tb_top/u_mon//tb_top/u_mon  Scope: tb_top.u_mon  File: /run/media/sackb/Windows-SSD/Users/sackb/OneDrive/Desktop/University/Course_Work/2025-2026/Spring_2026/ECE_410/ECE410/project/post_m3_Minor_Redesign/tb/tb_top.sv Line: 257

Time: 13045 ns Started: 13035 ns Scope: /tb_top/u_mon File: /run/media/sackb/Windows-SSD/Users/sackb/OneDrive/Desktop/University/Course_Work/2025-2026/Spring_2026/ECE_410/ECE410/project/post_m3_Minor_Redesign/tb/tb_top.sv Line:256
Error: AXI MONITOR: core_C changed while core is idle
Time: 13045 ns  Iteration: 0  Process: /tb_top/u_mon//tb_top/u_mon  Scope: tb_top.u_mon  File: /run/media/sackb/Windows-SSD/Users/sackb/OneDrive/Desktop/University/Course_Work/2025-2026/Spring_2026/ECE_410/ECE410/project/post_m3_Minor_Redesign/tb/tb_top.sv Line: 257

Time: 13055 ns Started: 13045 ns Scope: /tb_top/u_mon File: /run/media/sackb/Windows-SSD/Users/sackb/OneDrive/Desktop/University/Course_Work/2025-2026/Spring_2026/ECE_410/ECE410/project/post_m3_Minor_Redesign/tb/tb_top.sv Line:256
Error: AXI MONITOR: core_C changed while core is idle
Time: 13055 ns  Iteration: 0  Process: /tb_top/u_mon//tb_top/u_mon  Scope: tb_top.u_mon  File: /run/media/sackb/Windows-SSD/Users/sackb/OneDrive/Desktop/University/Course_Work/2025-2026/Spring_2026/ECE_410/ECE410/project/post_m3_Minor_Redesign/tb/tb_top.sv Line: 257

Time: 13065 ns Started: 13055 ns Scope: /tb_top/u_mon File: /run/media/sackb/Windows-SSD/Users/sackb/OneDrive/Desktop/University/Course_Work/2025-2026/Spring_2026/ECE_410/ECE410/project/post_m3_Minor_Redesign/tb/tb_top.sv Line:256
Error: AXI MONITOR: core_C changed while core is idle
Time: 13065 ns  Iteration: 0  Process: /tb_top/u_mon//tb_top/u_mon  Scope: tb_top.u_mon  File: /run/media/sackb/Windows-SSD/Users/sackb/OneDrive/Desktop/University/Course_Work/2025-2026/Spring_2026/ECE_410/ECE410/project/post_m3_Minor_Redesign/tb/tb_top.sv Line: 257

Time: 13075 ns Started: 13065 ns Scope: /tb_top/u_mon File: /run/media/sackb/Windows-SSD/Users/sackb/OneDrive/Desktop/University/Course_Work/2025-2026/Spring_2026/ECE_410/ECE410/project/post_m3_Minor_Redesign/tb/tb_top.sv Line:256
Error: AXI MONITOR: core_C changed while core is idle
Time: 13075 ns  Iteration: 0  Process: /tb_top/u_mon//tb_top/u_mon  Scope: tb_top.u_mon  File: /run/media/sackb/Windows-SSD/Users/sackb/OneDrive/Desktop/University/Course_Work/2025-2026/Spring_2026/ECE_410/ECE410/project/post_m3_Minor_Redesign/tb/tb_top.sv Line: 257

Time: 13085 ns Started: 13075 ns Scope: /tb_top/u_mon File: /run/media/sackb/Windows-SSD/Users/sackb/OneDrive/Desktop/University/Course_Work/2025-2026/Spring_2026/ECE_410/ECE410/project/post_m3_Minor_Redesign/tb/tb_top.sv Line:256
Error: AXI MONITOR: core_C changed while core is idle
Time: 13085 ns  Iteration: 0  Process: /tb_top/u_mon//tb_top/u_mon  Scope: tb_top.u_mon  File: /run/media/sackb/Windows-SSD/Users/sackb/OneDrive/Desktop/University/Course_Work/2025-2026/Spring_2026/ECE_410/ECE410/project/post_m3_Minor_Redesign/tb/tb_top.sv Line: 257

Time: 13095 ns Started: 13085 ns Scope: /tb_top/u_mon File: /run/media/sackb/Windows-SSD/Users/sackb/OneDrive/Desktop/University/Course_Work/2025-2026/Spring_2026/ECE_410/ECE410/project/post_m3_Minor_Redesign/tb/tb_top.sv Line:256
Error: AXI MONITOR: core_C changed while core is idle
Time: 13095 ns  Iteration: 0  Process: /tb_top/u_mon//tb_top/u_mon  Scope: tb_top.u_mon  File: /run/media/sackb/Windows-SSD/Users/sackb/OneDrive/Desktop/University/Course_Work/2025-2026/Spring_2026/ECE_410/ECE410/project/post_m3_Minor_Redesign/tb/tb_top.sv Line: 257

Time: 13105 ns Started: 13095 ns Scope: /tb_top/u_mon File: /run/media/sackb/Windows-SSD/Users/sackb/OneDrive/Desktop/University/Course_Work/2025-2026/Spring_2026/ECE_410/ECE410/project/post_m3_Minor_Redesign/tb/tb_top.sv Line:256
Error: AXI MONITOR: core_C changed while core is idle
Time: 13105 ns  Iteration: 0  Process: /tb_top/u_mon//tb_top/u_mon  Scope: tb_top.u_mon  File: /run/media/sackb/Windows-SSD/Users/sackb/OneDrive/Desktop/University/Course_Work/2025-2026/Spring_2026/ECE_410/ECE410/project/post_m3_Minor_Redesign/tb/tb_top.sv Line: 257

Time: 13115 ns Started: 13105 ns Scope: /tb_top/u_mon File: /run/media/sackb/Windows-SSD/Users/sackb/OneDrive/Desktop/University/Course_Work/2025-2026/Spring_2026/ECE_410/ECE410/project/post_m3_Minor_Redesign/tb/tb_top.sv Line:256
Error: AXI MONITOR: core_C changed while core is idle
Time: 13115 ns  Iteration: 0  Process: /tb_top/u_mon//tb_top/u_mon  Scope: tb_top.u_mon  File: /run/media/sackb/Windows-SSD/Users/sackb/OneDrive/Desktop/University/Course_Work/2025-2026/Spring_2026/ECE_410/ECE410/project/post_m3_Minor_Redesign/tb/tb_top.sv Line: 257

Time: 13125 ns Started: 13115 ns Scope: /tb_top/u_mon File: /run/media/sackb/Windows-SSD/Users/sackb/OneDrive/Desktop/University/Course_Work/2025-2026/Spring_2026/ECE_410/ECE410/project/post_m3_Minor_Redesign/tb/tb_top.sv Line:256
Error: AXI MONITOR: core_C changed while core is idle
Time: 13125 ns  Iteration: 0  Process: /tb_top/u_mon//tb_top/u_mon  Scope: tb_top.u_mon  File: /run/media/sackb/Windows-SSD/Users/sackb/OneDrive/Desktop/University/Course_Work/2025-2026/Spring_2026/ECE_410/ECE410/project/post_m3_Minor_Redesign/tb/tb_top.sv Line: 257

Time: 13135 ns Started: 13125 ns Scope: /tb_top/u_mon File: /run/media/sackb/Windows-SSD/Users/sackb/OneDrive/Desktop/University/Course_Work/2025-2026/Spring_2026/ECE_410/ECE410/project/post_m3_Minor_Redesign/tb/tb_top.sv Line:256
Error: AXI MONITOR: core_C changed while core is idle
Time: 13135 ns  Iteration: 0  Process: /tb_top/u_mon//tb_top/u_mon  Scope: tb_top.u_mon  File: /run/media/sackb/Windows-SSD/Users/sackb/OneDrive/Desktop/University/Course_Work/2025-2026/Spring_2026/ECE_410/ECE410/project/post_m3_Minor_Redesign/tb/tb_top.sv Line: 257

Time: 13145 ns Started: 13135 ns Scope: /tb_top/u_mon File: /run/media/sackb/Windows-SSD/Users/sackb/OneDrive/Desktop/University/Course_Work/2025-2026/Spring_2026/ECE_410/ECE410/project/post_m3_Minor_Redesign/tb/tb_top.sv Line:256
Error: AXI MONITOR: core_C changed while core is idle
Time: 13145 ns  Iteration: 0  Process: /tb_top/u_mon//tb_top/u_mon  Scope: tb_top.u_mon  File: /run/media/sackb/Windows-SSD/Users/sackb/OneDrive/Desktop/University/Course_Work/2025-2026/Spring_2026/ECE_410/ECE410/project/post_m3_Minor_Redesign/tb/tb_top.sv Line: 257

Time: 13155 ns Started: 13145 ns Scope: /tb_top/u_mon File: /run/media/sackb/Windows-SSD/Users/sackb/OneDrive/Desktop/University/Course_Work/2025-2026/Spring_2026/ECE_410/ECE410/project/post_m3_Minor_Redesign/tb/tb_top.sv Line:256
Error: AXI MONITOR: core_C changed while core is idle
Time: 13155 ns  Iteration: 0  Process: /tb_top/u_mon//tb_top/u_mon  Scope: tb_top.u_mon  File: /run/media/sackb/Windows-SSD/Users/sackb/OneDrive/Desktop/University/Course_Work/2025-2026/Spring_2026/ECE_410/ECE410/project/post_m3_Minor_Redesign/tb/tb_top.sv Line: 257

Time: 13165 ns Started: 13155 ns Scope: /tb_top/u_mon File: /run/media/sackb/Windows-SSD/Users/sackb/OneDrive/Desktop/University/Course_Work/2025-2026/Spring_2026/ECE_410/ECE410/project/post_m3_Minor_Redesign/tb/tb_top.sv Line:256
Error: AXI MONITOR: core_C changed while core is idle
Time: 13165 ns  Iteration: 0  Process: /tb_top/u_mon//tb_top/u_mon  Scope: tb_top.u_mon  File: /run/media/sackb/Windows-SSD/Users/sackb/OneDrive/Desktop/University/Course_Work/2025-2026/Spring_2026/ECE_410/ECE410/project/post_m3_Minor_Redesign/tb/tb_top.sv Line: 257

Time: 13175 ns Started: 13165 ns Scope: /tb_top/u_mon File: /run/media/sackb/Windows-SSD/Users/sackb/OneDrive/Desktop/University/Course_Work/2025-2026/Spring_2026/ECE_410/ECE410/project/post_m3_Minor_Redesign/tb/tb_top.sv Line:256
Error: AXI MONITOR: core_C changed while core is idle
Time: 13175 ns  Iteration: 0  Process: /tb_top/u_mon//tb_top/u_mon  Scope: tb_top.u_mon  File: /run/media/sackb/Windows-SSD/Users/sackb/OneDrive/Desktop/University/Course_Work/2025-2026/Spring_2026/ECE_410/ECE410/project/post_m3_Minor_Redesign/tb/tb_top.sv Line: 257

Time: 13185 ns Started: 13175 ns Scope: /tb_top/u_mon File: /run/media/sackb/Windows-SSD/Users/sackb/OneDrive/Desktop/University/Course_Work/2025-2026/Spring_2026/ECE_410/ECE410/project/post_m3_Minor_Redesign/tb/tb_top.sv Line:256
Error: AXI MONITOR: core_C changed while core is idle
Time: 13185 ns  Iteration: 0  Process: /tb_top/u_mon//tb_top/u_mon  Scope: tb_top.u_mon  File: /run/media/sackb/Windows-SSD/Users/sackb/OneDrive/Desktop/University/Course_Work/2025-2026/Spring_2026/ECE_410/ECE410/project/post_m3_Minor_Redesign/tb/tb_top.sv Line: 257

Time: 13195 ns Started: 13185 ns Scope: /tb_top/u_mon File: /run/media/sackb/Windows-SSD/Users/sackb/OneDrive/Desktop/University/Course_Work/2025-2026/Spring_2026/ECE_410/ECE410/project/post_m3_Minor_Redesign/tb/tb_top.sv Line:256
Error: AXI MONITOR: core_C changed while core is idle
Time: 13195 ns  Iteration: 0  Process: /tb_top/u_mon//tb_top/u_mon  Scope: tb_top.u_mon  File: /run/media/sackb/Windows-SSD/Users/sackb/OneDrive/Desktop/University/Course_Work/2025-2026/Spring_2026/ECE_410/ECE410/project/post_m3_Minor_Redesign/tb/tb_top.sv Line: 257

Time: 13205 ns Started: 13195 ns Scope: /tb_top/u_mon File: /run/media/sackb/Windows-SSD/Users/sackb/OneDrive/Desktop/University/Course_Work/2025-2026/Spring_2026/ECE_410/ECE410/project/post_m3_Minor_Redesign/tb/tb_top.sv Line:256
Error: AXI MONITOR: core_C changed while core is idle
Time: 13205 ns  Iteration: 0  Process: /tb_top/u_mon//tb_top/u_mon  Scope: tb_top.u_mon  File: /run/media/sackb/Windows-SSD/Users/sackb/OneDrive/Desktop/University/Course_Work/2025-2026/Spring_2026/ECE_410/ECE410/project/post_m3_Minor_Redesign/tb/tb_top.sv Line: 257

Time: 13215 ns Started: 13205 ns Scope: /tb_top/u_mon File: /run/media/sackb/Windows-SSD/Users/sackb/OneDrive/Desktop/University/Course_Work/2025-2026/Spring_2026/ECE_410/ECE410/project/post_m3_Minor_Redesign/tb/tb_top.sv Line:256
Error: AXI MONITOR: core_C changed while core is idle
Time: 13215 ns  Iteration: 0  Process: /tb_top/u_mon//tb_top/u_mon  Scope: tb_top.u_mon  File: /run/media/sackb/Windows-SSD/Users/sackb/OneDrive/Desktop/University/Course_Work/2025-2026/Spring_2026/ECE_410/ECE410/project/post_m3_Minor_Redesign/tb/tb_top.sv Line: 257

Time: 13225 ns Started: 13215 ns Scope: /tb_top/u_mon File: /run/media/sackb/Windows-SSD/Users/sackb/OneDrive/Desktop/University/Course_Work/2025-2026/Spring_2026/ECE_410/ECE410/project/post_m3_Minor_Redesign/tb/tb_top.sv Line:256
Error: AXI MONITOR: core_C changed while core is idle
Time: 13225 ns  Iteration: 0  Process: /tb_top/u_mon//tb_top/u_mon  Scope: tb_top.u_mon  File: /run/media/sackb/Windows-SSD/Users/sackb/OneDrive/Desktop/University/Course_Work/2025-2026/Spring_2026/ECE_410/ECE410/project/post_m3_Minor_Redesign/tb/tb_top.sv Line: 257

Time: 13235 ns Started: 13225 ns Scope: /tb_top/u_mon File: /run/media/sackb/Windows-SSD/Users/sackb/OneDrive/Desktop/University/Course_Work/2025-2026/Spring_2026/ECE_410/ECE410/project/post_m3_Minor_Redesign/tb/tb_top.sv Line:256
Error: AXI MONITOR: core_C changed while core is idle
Time: 13235 ns  Iteration: 0  Process: /tb_top/u_mon//tb_top/u_mon  Scope: tb_top.u_mon  File: /run/media/sackb/Windows-SSD/Users/sackb/OneDrive/Desktop/University/Course_Work/2025-2026/Spring_2026/ECE_410/ECE410/project/post_m3_Minor_Redesign/tb/tb_top.sv Line: 257

Time: 13245 ns Started: 13235 ns Scope: /tb_top/u_mon File: /run/media/sackb/Windows-SSD/Users/sackb/OneDrive/Desktop/University/Course_Work/2025-2026/Spring_2026/ECE_410/ECE410/project/post_m3_Minor_Redesign/tb/tb_top.sv Line:256
Error: AXI MONITOR: core_C changed while core is idle
Time: 13245 ns  Iteration: 0  Process: /tb_top/u_mon//tb_top/u_mon  Scope: tb_top.u_mon  File: /run/media/sackb/Windows-SSD/Users/sackb/OneDrive/Desktop/University/Course_Work/2025-2026/Spring_2026/ECE_410/ECE410/project/post_m3_Minor_Redesign/tb/tb_top.sv Line: 257

Time: 13255 ns Started: 13245 ns Scope: /tb_top/u_mon File: /run/media/sackb/Windows-SSD/Users/sackb/OneDrive/Desktop/University/Course_Work/2025-2026/Spring_2026/ECE_410/ECE410/project/post_m3_Minor_Redesign/tb/tb_top.sv Line:256
Error: AXI MONITOR: core_C changed while core is idle
Time: 13255 ns  Iteration: 0  Process: /tb_top/u_mon//tb_top/u_mon  Scope: tb_top.u_mon  File: /run/media/sackb/Windows-SSD/Users/sackb/OneDrive/Desktop/University/Course_Work/2025-2026/Spring_2026/ECE_410/ECE410/project/post_m3_Minor_Redesign/tb/tb_top.sv Line: 257

Time: 13265 ns Started: 13255 ns Scope: /tb_top/u_mon File: /run/media/sackb/Windows-SSD/Users/sackb/OneDrive/Desktop/University/Course_Work/2025-2026/Spring_2026/ECE_410/ECE410/project/post_m3_Minor_Redesign/tb/tb_top.sv Line:256
Error: AXI MONITOR: core_C changed while core is idle
Time: 13265 ns  Iteration: 0  Process: /tb_top/u_mon//tb_top/u_mon  Scope: tb_top.u_mon  File: /run/media/sackb/Windows-SSD/Users/sackb/OneDrive/Desktop/University/Course_Work/2025-2026/Spring_2026/ECE_410/ECE410/project/post_m3_Minor_Redesign/tb/tb_top.sv Line: 257

Time: 13275 ns Started: 13265 ns Scope: /tb_top/u_mon File: /run/media/sackb/Windows-SSD/Users/sackb/OneDrive/Desktop/University/Course_Work/2025-2026/Spring_2026/ECE_410/ECE410/project/post_m3_Minor_Redesign/tb/tb_top.sv Line:256
Error: AXI MONITOR: core_C changed while core is idle
Time: 13275 ns  Iteration: 0  Process: /tb_top/u_mon//tb_top/u_mon  Scope: tb_top.u_mon  File: /run/media/sackb/Windows-SSD/Users/sackb/OneDrive/Desktop/University/Course_Work/2025-2026/Spring_2026/ECE_410/ECE410/project/post_m3_Minor_Redesign/tb/tb_top.sv Line: 257

Time: 13905 ns Started: 13895 ns Scope: /tb_top/u_mon File: /run/media/sackb/Windows-SSD/Users/sackb/OneDrive/Desktop/University/Course_Work/2025-2026/Spring_2026/ECE_410/ECE410/project/post_m3_Minor_Redesign/tb/tb_top.sv Line:256
Error: AXI MONITOR: core_C changed while core is idle
Time: 13905 ns  Iteration: 0  Process: /tb_top/u_mon//tb_top/u_mon  Scope: tb_top.u_mon  File: /run/media/sackb/Windows-SSD/Users/sackb/OneDrive/Desktop/University/Course_Work/2025-2026/Spring_2026/ECE_410/ECE410/project/post_m3_Minor_Redesign/tb/tb_top.sv Line: 257

Time: 13915 ns Started: 13905 ns Scope: /tb_top/u_mon File: /run/media/sackb/Windows-SSD/Users/sackb/OneDrive/Desktop/University/Course_Work/2025-2026/Spring_2026/ECE_410/ECE410/project/post_m3_Minor_Redesign/tb/tb_top.sv Line:256
Error: AXI MONITOR: core_C changed while core is idle
Time: 13915 ns  Iteration: 0  Process: /tb_top/u_mon//tb_top/u_mon  Scope: tb_top.u_mon  File: /run/media/sackb/Windows-SSD/Users/sackb/OneDrive/Desktop/University/Course_Work/2025-2026/Spring_2026/ECE_410/ECE410/project/post_m3_Minor_Redesign/tb/tb_top.sv Line: 257

Time: 13925 ns Started: 13915 ns Scope: /tb_top/u_mon File: /run/media/sackb/Windows-SSD/Users/sackb/OneDrive/Desktop/University/Course_Work/2025-2026/Spring_2026/ECE_410/ECE410/project/post_m3_Minor_Redesign/tb/tb_top.sv Line:256
Error: AXI MONITOR: core_C changed while core is idle
Time: 13925 ns  Iteration: 0  Process: /tb_top/u_mon//tb_top/u_mon  Scope: tb_top.u_mon  File: /run/media/sackb/Windows-SSD/Users/sackb/OneDrive/Desktop/University/Course_Work/2025-2026/Spring_2026/ECE_410/ECE410/project/post_m3_Minor_Redesign/tb/tb_top.sv Line: 257

Time: 13935 ns Started: 13925 ns Scope: /tb_top/u_mon File: /run/media/sackb/Windows-SSD/Users/sackb/OneDrive/Desktop/University/Course_Work/2025-2026/Spring_2026/ECE_410/ECE410/project/post_m3_Minor_Redesign/tb/tb_top.sv Line:256
Error: AXI MONITOR: core_C changed while core is idle
Time: 13935 ns  Iteration: 0  Process: /tb_top/u_mon//tb_top/u_mon  Scope: tb_top.u_mon  File: /run/media/sackb/Windows-SSD/Users/sackb/OneDrive/Desktop/University/Course_Work/2025-2026/Spring_2026/ECE_410/ECE410/project/post_m3_Minor_Redesign/tb/tb_top.sv Line: 257

Time: 13945 ns Started: 13935 ns Scope: /tb_top/u_mon File: /run/media/sackb/Windows-SSD/Users/sackb/OneDrive/Desktop/University/Course_Work/2025-2026/Spring_2026/ECE_410/ECE410/project/post_m3_Minor_Redesign/tb/tb_top.sv Line:256
Error: AXI MONITOR: core_C changed while core is idle
Time: 13945 ns  Iteration: 0  Process: /tb_top/u_mon//tb_top/u_mon  Scope: tb_top.u_mon  File: /run/media/sackb/Windows-SSD/Users/sackb/OneDrive/Desktop/University/Course_Work/2025-2026/Spring_2026/ECE_410/ECE410/project/post_m3_Minor_Redesign/tb/tb_top.sv Line: 257

Time: 13955 ns Started: 13945 ns Scope: /tb_top/u_mon File: /run/media/sackb/Windows-SSD/Users/sackb/OneDrive/Desktop/University/Course_Work/2025-2026/Spring_2026/ECE_410/ECE410/project/post_m3_Minor_Redesign/tb/tb_top.sv Line:256
Error: AXI MONITOR: core_C changed while core is idle
Time: 13955 ns  Iteration: 0  Process: /tb_top/u_mon//tb_top/u_mon  Scope: tb_top.u_mon  File: /run/media/sackb/Windows-SSD/Users/sackb/OneDrive/Desktop/University/Course_Work/2025-2026/Spring_2026/ECE_410/ECE410/project/post_m3_Minor_Redesign/tb/tb_top.sv Line: 257

Time: 13965 ns Started: 13955 ns Scope: /tb_top/u_mon File: /run/media/sackb/Windows-SSD/Users/sackb/OneDrive/Desktop/University/Course_Work/2025-2026/Spring_2026/ECE_410/ECE410/project/post_m3_Minor_Redesign/tb/tb_top.sv Line:256
Error: AXI MONITOR: core_C changed while core is idle
Time: 13965 ns  Iteration: 0  Process: /tb_top/u_mon//tb_top/u_mon  Scope: tb_top.u_mon  File: /run/media/sackb/Windows-SSD/Users/sackb/OneDrive/Desktop/University/Course_Work/2025-2026/Spring_2026/ECE_410/ECE410/project/post_m3_Minor_Redesign/tb/tb_top.sv Line: 257

Time: 13975 ns Started: 13965 ns Scope: /tb_top/u_mon File: /run/media/sackb/Windows-SSD/Users/sackb/OneDrive/Desktop/University/Course_Work/2025-2026/Spring_2026/ECE_410/ECE410/project/post_m3_Minor_Redesign/tb/tb_top.sv Line:256
Error: AXI MONITOR: core_C changed while core is idle
Time: 13975 ns  Iteration: 0  Process: /tb_top/u_mon//tb_top/u_mon  Scope: tb_top.u_mon  File: /run/media/sackb/Windows-SSD/Users/sackb/OneDrive/Desktop/University/Course_Work/2025-2026/Spring_2026/ECE_410/ECE410/project/post_m3_Minor_Redesign/tb/tb_top.sv Line: 257

Time: 13985 ns Started: 13975 ns Scope: /tb_top/u_mon File: /run/media/sackb/Windows-SSD/Users/sackb/OneDrive/Desktop/University/Course_Work/2025-2026/Spring_2026/ECE_410/ECE410/project/post_m3_Minor_Redesign/tb/tb_top.sv Line:256
Error: AXI MONITOR: core_C changed while core is idle
Time: 13985 ns  Iteration: 0  Process: /tb_top/u_mon//tb_top/u_mon  Scope: tb_top.u_mon  File: /run/media/sackb/Windows-SSD/Users/sackb/OneDrive/Desktop/University/Course_Work/2025-2026/Spring_2026/ECE_410/ECE410/project/post_m3_Minor_Redesign/tb/tb_top.sv Line: 257

Time: 13995 ns Started: 13985 ns Scope: /tb_top/u_mon File: /run/media/sackb/Windows-SSD/Users/sackb/OneDrive/Desktop/University/Course_Work/2025-2026/Spring_2026/ECE_410/ECE410/project/post_m3_Minor_Redesign/tb/tb_top.sv Line:256
Error: AXI MONITOR: core_C changed while core is idle
Time: 13995 ns  Iteration: 0  Process: /tb_top/u_mon//tb_top/u_mon  Scope: tb_top.u_mon  File: /run/media/sackb/Windows-SSD/Users/sackb/OneDrive/Desktop/University/Course_Work/2025-2026/Spring_2026/ECE_410/ECE410/project/post_m3_Minor_Redesign/tb/tb_top.sv Line: 257

Time: 14005 ns Started: 13995 ns Scope: /tb_top/u_mon File: /run/media/sackb/Windows-SSD/Users/sackb/OneDrive/Desktop/University/Course_Work/2025-2026/Spring_2026/ECE_410/ECE410/project/post_m3_Minor_Redesign/tb/tb_top.sv Line:256
Error: AXI MONITOR: core_C changed while core is idle
Time: 14005 ns  Iteration: 0  Process: /tb_top/u_mon//tb_top/u_mon  Scope: tb_top.u_mon  File: /run/media/sackb/Windows-SSD/Users/sackb/OneDrive/Desktop/University/Course_Work/2025-2026/Spring_2026/ECE_410/ECE410/project/post_m3_Minor_Redesign/tb/tb_top.sv Line: 257

Time: 14015 ns Started: 14005 ns Scope: /tb_top/u_mon File: /run/media/sackb/Windows-SSD/Users/sackb/OneDrive/Desktop/University/Course_Work/2025-2026/Spring_2026/ECE_410/ECE410/project/post_m3_Minor_Redesign/tb/tb_top.sv Line:256
Error: AXI MONITOR: core_C changed while core is idle
Time: 14015 ns  Iteration: 0  Process: /tb_top/u_mon//tb_top/u_mon  Scope: tb_top.u_mon  File: /run/media/sackb/Windows-SSD/Users/sackb/OneDrive/Desktop/University/Course_Work/2025-2026/Spring_2026/ECE_410/ECE410/project/post_m3_Minor_Redesign/tb/tb_top.sv Line: 257

Time: 14025 ns Started: 14015 ns Scope: /tb_top/u_mon File: /run/media/sackb/Windows-SSD/Users/sackb/OneDrive/Desktop/University/Course_Work/2025-2026/Spring_2026/ECE_410/ECE410/project/post_m3_Minor_Redesign/tb/tb_top.sv Line:256
Error: AXI MONITOR: core_C changed while core is idle
Time: 14025 ns  Iteration: 0  Process: /tb_top/u_mon//tb_top/u_mon  Scope: tb_top.u_mon  File: /run/media/sackb/Windows-SSD/Users/sackb/OneDrive/Desktop/University/Course_Work/2025-2026/Spring_2026/ECE_410/ECE410/project/post_m3_Minor_Redesign/tb/tb_top.sv Line: 257

Time: 14035 ns Started: 14025 ns Scope: /tb_top/u_mon File: /run/media/sackb/Windows-SSD/Users/sackb/OneDrive/Desktop/University/Course_Work/2025-2026/Spring_2026/ECE_410/ECE410/project/post_m3_Minor_Redesign/tb/tb_top.sv Line:256
Error: AXI MONITOR: core_C changed while core is idle
Time: 14035 ns  Iteration: 0  Process: /tb_top/u_mon//tb_top/u_mon  Scope: tb_top.u_mon  File: /run/media/sackb/Windows-SSD/Users/sackb/OneDrive/Desktop/University/Course_Work/2025-2026/Spring_2026/ECE_410/ECE410/project/post_m3_Minor_Redesign/tb/tb_top.sv Line: 257

Time: 14045 ns Started: 14035 ns Scope: /tb_top/u_mon File: /run/media/sackb/Windows-SSD/Users/sackb/OneDrive/Desktop/University/Course_Work/2025-2026/Spring_2026/ECE_410/ECE410/project/post_m3_Minor_Redesign/tb/tb_top.sv Line:256
Error: AXI MONITOR: core_C changed while core is idle
Time: 14045 ns  Iteration: 0  Process: /tb_top/u_mon//tb_top/u_mon  Scope: tb_top.u_mon  File: /run/media/sackb/Windows-SSD/Users/sackb/OneDrive/Desktop/University/Course_Work/2025-2026/Spring_2026/ECE_410/ECE410/project/post_m3_Minor_Redesign/tb/tb_top.sv Line: 257

Time: 14055 ns Started: 14045 ns Scope: /tb_top/u_mon File: /run/media/sackb/Windows-SSD/Users/sackb/OneDrive/Desktop/University/Course_Work/2025-2026/Spring_2026/ECE_410/ECE410/project/post_m3_Minor_Redesign/tb/tb_top.sv Line:256
Error: AXI MONITOR: core_C changed while core is idle
Time: 14055 ns  Iteration: 0  Process: /tb_top/u_mon//tb_top/u_mon  Scope: tb_top.u_mon  File: /run/media/sackb/Windows-SSD/Users/sackb/OneDrive/Desktop/University/Course_Work/2025-2026/Spring_2026/ECE_410/ECE410/project/post_m3_Minor_Redesign/tb/tb_top.sv Line: 257

Time: 14065 ns Started: 14055 ns Scope: /tb_top/u_mon File: /run/media/sackb/Windows-SSD/Users/sackb/OneDrive/Desktop/University/Course_Work/2025-2026/Spring_2026/ECE_410/ECE410/project/post_m3_Minor_Redesign/tb/tb_top.sv Line:256
Error: AXI MONITOR: core_C changed while core is idle
Time: 14065 ns  Iteration: 0  Process: /tb_top/u_mon//tb_top/u_mon  Scope: tb_top.u_mon  File: /run/media/sackb/Windows-SSD/Users/sackb/OneDrive/Desktop/University/Course_Work/2025-2026/Spring_2026/ECE_410/ECE410/project/post_m3_Minor_Redesign/tb/tb_top.sv Line: 257

Time: 14075 ns Started: 14065 ns Scope: /tb_top/u_mon File: /run/media/sackb/Windows-SSD/Users/sackb/OneDrive/Desktop/University/Course_Work/2025-2026/Spring_2026/ECE_410/ECE410/project/post_m3_Minor_Redesign/tb/tb_top.sv Line:256
Error: AXI MONITOR: core_C changed while core is idle
Time: 14075 ns  Iteration: 0  Process: /tb_top/u_mon//tb_top/u_mon  Scope: tb_top.u_mon  File: /run/media/sackb/Windows-SSD/Users/sackb/OneDrive/Desktop/University/Course_Work/2025-2026/Spring_2026/ECE_410/ECE410/project/post_m3_Minor_Redesign/tb/tb_top.sv Line: 257

Time: 14085 ns Started: 14075 ns Scope: /tb_top/u_mon File: /run/media/sackb/Windows-SSD/Users/sackb/OneDrive/Desktop/University/Course_Work/2025-2026/Spring_2026/ECE_410/ECE410/project/post_m3_Minor_Redesign/tb/tb_top.sv Line:256
Error: AXI MONITOR: core_C changed while core is idle
Time: 14085 ns  Iteration: 0  Process: /tb_top/u_mon//tb_top/u_mon  Scope: tb_top.u_mon  File: /run/media/sackb/Windows-SSD/Users/sackb/OneDrive/Desktop/University/Course_Work/2025-2026/Spring_2026/ECE_410/ECE410/project/post_m3_Minor_Redesign/tb/tb_top.sv Line: 257

Time: 14095 ns Started: 14085 ns Scope: /tb_top/u_mon File: /run/media/sackb/Windows-SSD/Users/sackb/OneDrive/Desktop/University/Course_Work/2025-2026/Spring_2026/ECE_410/ECE410/project/post_m3_Minor_Redesign/tb/tb_top.sv Line:256
Error: AXI MONITOR: core_C changed while core is idle
Time: 14095 ns  Iteration: 0  Process: /tb_top/u_mon//tb_top/u_mon  Scope: tb_top.u_mon  File: /run/media/sackb/Windows-SSD/Users/sackb/OneDrive/Desktop/University/Course_Work/2025-2026/Spring_2026/ECE_410/ECE410/project/post_m3_Minor_Redesign/tb/tb_top.sv Line: 257

Time: 14105 ns Started: 14095 ns Scope: /tb_top/u_mon File: /run/media/sackb/Windows-SSD/Users/sackb/OneDrive/Desktop/University/Course_Work/2025-2026/Spring_2026/ECE_410/ECE410/project/post_m3_Minor_Redesign/tb/tb_top.sv Line:256
Error: AXI MONITOR: core_C changed while core is idle
Time: 14105 ns  Iteration: 0  Process: /tb_top/u_mon//tb_top/u_mon  Scope: tb_top.u_mon  File: /run/media/sackb/Windows-SSD/Users/sackb/OneDrive/Desktop/University/Course_Work/2025-2026/Spring_2026/ECE_410/ECE410/project/post_m3_Minor_Redesign/tb/tb_top.sv Line: 257

Time: 14115 ns Started: 14105 ns Scope: /tb_top/u_mon File: /run/media/sackb/Windows-SSD/Users/sackb/OneDrive/Desktop/University/Course_Work/2025-2026/Spring_2026/ECE_410/ECE410/project/post_m3_Minor_Redesign/tb/tb_top.sv Line:256
Error: AXI MONITOR: core_C changed while core is idle
Time: 14115 ns  Iteration: 0  Process: /tb_top/u_mon//tb_top/u_mon  Scope: tb_top.u_mon  File: /run/media/sackb/Windows-SSD/Users/sackb/OneDrive/Desktop/University/Course_Work/2025-2026/Spring_2026/ECE_410/ECE410/project/post_m3_Minor_Redesign/tb/tb_top.sv Line: 257

Time: 14125 ns Started: 14115 ns Scope: /tb_top/u_mon File: /run/media/sackb/Windows-SSD/Users/sackb/OneDrive/Desktop/University/Course_Work/2025-2026/Spring_2026/ECE_410/ECE410/project/post_m3_Minor_Redesign/tb/tb_top.sv Line:256
Error: AXI MONITOR: core_C changed while core is idle
Time: 14125 ns  Iteration: 0  Process: /tb_top/u_mon//tb_top/u_mon  Scope: tb_top.u_mon  File: /run/media/sackb/Windows-SSD/Users/sackb/OneDrive/Desktop/University/Course_Work/2025-2026/Spring_2026/ECE_410/ECE410/project/post_m3_Minor_Redesign/tb/tb_top.sv Line: 257

Time: 14135 ns Started: 14125 ns Scope: /tb_top/u_mon File: /run/media/sackb/Windows-SSD/Users/sackb/OneDrive/Desktop/University/Course_Work/2025-2026/Spring_2026/ECE_410/ECE410/project/post_m3_Minor_Redesign/tb/tb_top.sv Line:256
Error: AXI MONITOR: core_C changed while core is idle
Time: 14135 ns  Iteration: 0  Process: /tb_top/u_mon//tb_top/u_mon  Scope: tb_top.u_mon  File: /run/media/sackb/Windows-SSD/Users/sackb/OneDrive/Desktop/University/Course_Work/2025-2026/Spring_2026/ECE_410/ECE410/project/post_m3_Minor_Redesign/tb/tb_top.sv Line: 257

Time: 14145 ns Started: 14135 ns Scope: /tb_top/u_mon File: /run/media/sackb/Windows-SSD/Users/sackb/OneDrive/Desktop/University/Course_Work/2025-2026/Spring_2026/ECE_410/ECE410/project/post_m3_Minor_Redesign/tb/tb_top.sv Line:256
Error: AXI MONITOR: core_C changed while core is idle
Time: 14145 ns  Iteration: 0  Process: /tb_top/u_mon//tb_top/u_mon  Scope: tb_top.u_mon  File: /run/media/sackb/Windows-SSD/Users/sackb/OneDrive/Desktop/University/Course_Work/2025-2026/Spring_2026/ECE_410/ECE410/project/post_m3_Minor_Redesign/tb/tb_top.sv Line: 257

Time: 14155 ns Started: 14145 ns Scope: /tb_top/u_mon File: /run/media/sackb/Windows-SSD/Users/sackb/OneDrive/Desktop/University/Course_Work/2025-2026/Spring_2026/ECE_410/ECE410/project/post_m3_Minor_Redesign/tb/tb_top.sv Line:256
Error: AXI MONITOR: core_C changed while core is idle
Time: 14155 ns  Iteration: 0  Process: /tb_top/u_mon//tb_top/u_mon  Scope: tb_top.u_mon  File: /run/media/sackb/Windows-SSD/Users/sackb/OneDrive/Desktop/University/Course_Work/2025-2026/Spring_2026/ECE_410/ECE410/project/post_m3_Minor_Redesign/tb/tb_top.sv Line: 257

Time: 14165 ns Started: 14155 ns Scope: /tb_top/u_mon File: /run/media/sackb/Windows-SSD/Users/sackb/OneDrive/Desktop/University/Course_Work/2025-2026/Spring_2026/ECE_410/ECE410/project/post_m3_Minor_Redesign/tb/tb_top.sv Line:256
Error: AXI MONITOR: core_C changed while core is idle
Time: 14165 ns  Iteration: 0  Process: /tb_top/u_mon//tb_top/u_mon  Scope: tb_top.u_mon  File: /run/media/sackb/Windows-SSD/Users/sackb/OneDrive/Desktop/University/Course_Work/2025-2026/Spring_2026/ECE_410/ECE410/project/post_m3_Minor_Redesign/tb/tb_top.sv Line: 257

Time: 14175 ns Started: 14165 ns Scope: /tb_top/u_mon File: /run/media/sackb/Windows-SSD/Users/sackb/OneDrive/Desktop/University/Course_Work/2025-2026/Spring_2026/ECE_410/ECE410/project/post_m3_Minor_Redesign/tb/tb_top.sv Line:256
Error: AXI MONITOR: core_C changed while core is idle
Time: 14175 ns  Iteration: 0  Process: /tb_top/u_mon//tb_top/u_mon  Scope: tb_top.u_mon  File: /run/media/sackb/Windows-SSD/Users/sackb/OneDrive/Desktop/University/Course_Work/2025-2026/Spring_2026/ECE_410/ECE410/project/post_m3_Minor_Redesign/tb/tb_top.sv Line: 257

Time: 14185 ns Started: 14175 ns Scope: /tb_top/u_mon File: /run/media/sackb/Windows-SSD/Users/sackb/OneDrive/Desktop/University/Course_Work/2025-2026/Spring_2026/ECE_410/ECE410/project/post_m3_Minor_Redesign/tb/tb_top.sv Line:256
Error: AXI MONITOR: core_C changed while core is idle
Time: 14185 ns  Iteration: 0  Process: /tb_top/u_mon//tb_top/u_mon  Scope: tb_top.u_mon  File: /run/media/sackb/Windows-SSD/Users/sackb/OneDrive/Desktop/University/Course_Work/2025-2026/Spring_2026/ECE_410/ECE410/project/post_m3_Minor_Redesign/tb/tb_top.sv Line: 257

Time: 14195 ns Started: 14185 ns Scope: /tb_top/u_mon File: /run/media/sackb/Windows-SSD/Users/sackb/OneDrive/Desktop/University/Course_Work/2025-2026/Spring_2026/ECE_410/ECE410/project/post_m3_Minor_Redesign/tb/tb_top.sv Line:256
Error: AXI MONITOR: core_C changed while core is idle
Time: 14195 ns  Iteration: 0  Process: /tb_top/u_mon//tb_top/u_mon  Scope: tb_top.u_mon  File: /run/media/sackb/Windows-SSD/Users/sackb/OneDrive/Desktop/University/Course_Work/2025-2026/Spring_2026/ECE_410/ECE410/project/post_m3_Minor_Redesign/tb/tb_top.sv Line: 257

Time: 14205 ns Started: 14195 ns Scope: /tb_top/u_mon File: /run/media/sackb/Windows-SSD/Users/sackb/OneDrive/Desktop/University/Course_Work/2025-2026/Spring_2026/ECE_410/ECE410/project/post_m3_Minor_Redesign/tb/tb_top.sv Line:256
Error: AXI MONITOR: core_C changed while core is idle
Time: 14205 ns  Iteration: 0  Process: /tb_top/u_mon//tb_top/u_mon  Scope: tb_top.u_mon  File: /run/media/sackb/Windows-SSD/Users/sackb/OneDrive/Desktop/University/Course_Work/2025-2026/Spring_2026/ECE_410/ECE410/project/post_m3_Minor_Redesign/tb/tb_top.sv Line: 257

Time: 14215 ns Started: 14205 ns Scope: /tb_top/u_mon File: /run/media/sackb/Windows-SSD/Users/sackb/OneDrive/Desktop/University/Course_Work/2025-2026/Spring_2026/ECE_410/ECE410/project/post_m3_Minor_Redesign/tb/tb_top.sv Line:256
Error: AXI MONITOR: core_C changed while core is idle
Time: 14215 ns  Iteration: 0  Process: /tb_top/u_mon//tb_top/u_mon  Scope: tb_top.u_mon  File: /run/media/sackb/Windows-SSD/Users/sackb/OneDrive/Desktop/University/Course_Work/2025-2026/Spring_2026/ECE_410/ECE410/project/post_m3_Minor_Redesign/tb/tb_top.sv Line: 257

Time: 14225 ns Started: 14215 ns Scope: /tb_top/u_mon File: /run/media/sackb/Windows-SSD/Users/sackb/OneDrive/Desktop/University/Course_Work/2025-2026/Spring_2026/ECE_410/ECE410/project/post_m3_Minor_Redesign/tb/tb_top.sv Line:256
Error: AXI MONITOR: core_C changed while core is idle
Time: 14225 ns  Iteration: 0  Process: /tb_top/u_mon//tb_top/u_mon  Scope: tb_top.u_mon  File: /run/media/sackb/Windows-SSD/Users/sackb/OneDrive/Desktop/University/Course_Work/2025-2026/Spring_2026/ECE_410/ECE410/project/post_m3_Minor_Redesign/tb/tb_top.sv Line: 257

Time: 14235 ns Started: 14225 ns Scope: /tb_top/u_mon File: /run/media/sackb/Windows-SSD/Users/sackb/OneDrive/Desktop/University/Course_Work/2025-2026/Spring_2026/ECE_410/ECE410/project/post_m3_Minor_Redesign/tb/tb_top.sv Line:256
Error: AXI MONITOR: core_C changed while core is idle
Time: 14235 ns  Iteration: 0  Process: /tb_top/u_mon//tb_top/u_mon  Scope: tb_top.u_mon  File: /run/media/sackb/Windows-SSD/Users/sackb/OneDrive/Desktop/University/Course_Work/2025-2026/Spring_2026/ECE_410/ECE410/project/post_m3_Minor_Redesign/tb/tb_top.sv Line: 257

Time: 14245 ns Started: 14235 ns Scope: /tb_top/u_mon File: /run/media/sackb/Windows-SSD/Users/sackb/OneDrive/Desktop/University/Course_Work/2025-2026/Spring_2026/ECE_410/ECE410/project/post_m3_Minor_Redesign/tb/tb_top.sv Line:256
Error: AXI MONITOR: core_C changed while core is idle
Time: 14245 ns  Iteration: 0  Process: /tb_top/u_mon//tb_top/u_mon  Scope: tb_top.u_mon  File: /run/media/sackb/Windows-SSD/Users/sackb/OneDrive/Desktop/University/Course_Work/2025-2026/Spring_2026/ECE_410/ECE410/project/post_m3_Minor_Redesign/tb/tb_top.sv Line: 257

Time: 14255 ns Started: 14245 ns Scope: /tb_top/u_mon File: /run/media/sackb/Windows-SSD/Users/sackb/OneDrive/Desktop/University/Course_Work/2025-2026/Spring_2026/ECE_410/ECE410/project/post_m3_Minor_Redesign/tb/tb_top.sv Line:256
Error: AXI MONITOR: core_C changed while core is idle
Time: 14255 ns  Iteration: 0  Process: /tb_top/u_mon//tb_top/u_mon  Scope: tb_top.u_mon  File: /run/media/sackb/Windows-SSD/Users/sackb/OneDrive/Desktop/University/Course_Work/2025-2026/Spring_2026/ECE_410/ECE410/project/post_m3_Minor_Redesign/tb/tb_top.sv Line: 257

Time: 14265 ns Started: 14255 ns Scope: /tb_top/u_mon File: /run/media/sackb/Windows-SSD/Users/sackb/OneDrive/Desktop/University/Course_Work/2025-2026/Spring_2026/ECE_410/ECE410/project/post_m3_Minor_Redesign/tb/tb_top.sv Line:256
Error: AXI MONITOR: core_C changed while core is idle
Time: 14265 ns  Iteration: 0  Process: /tb_top/u_mon//tb_top/u_mon  Scope: tb_top.u_mon  File: /run/media/sackb/Windows-SSD/Users/sackb/OneDrive/Desktop/University/Course_Work/2025-2026/Spring_2026/ECE_410/ECE410/project/post_m3_Minor_Redesign/tb/tb_top.sv Line: 257
TB_TOP: Iteration 7 complete
TB_TOP: Starting iteration 8

Time: 14275 ns Started: 14265 ns Scope: /tb_top/u_mon File: /run/media/sackb/Windows-SSD/Users/sackb/OneDrive/Desktop/University/Course_Work/2025-2026/Spring_2026/ECE_410/ECE410/project/post_m3_Minor_Redesign/tb/tb_top.sv Line:256
Error: AXI MONITOR: core_C changed while core is idle
Time: 14275 ns  Iteration: 0  Process: /tb_top/u_mon//tb_top/u_mon  Scope: tb_top.u_mon  File: /run/media/sackb/Windows-SSD/Users/sackb/OneDrive/Desktop/University/Course_Work/2025-2026/Spring_2026/ECE_410/ECE410/project/post_m3_Minor_Redesign/tb/tb_top.sv Line: 257

Time: 14285 ns Started: 14275 ns Scope: /tb_top/u_mon File: /run/media/sackb/Windows-SSD/Users/sackb/OneDrive/Desktop/University/Course_Work/2025-2026/Spring_2026/ECE_410/ECE410/project/post_m3_Minor_Redesign/tb/tb_top.sv Line:256
Error: AXI MONITOR: core_C changed while core is idle
Time: 14285 ns  Iteration: 0  Process: /tb_top/u_mon//tb_top/u_mon  Scope: tb_top.u_mon  File: /run/media/sackb/Windows-SSD/Users/sackb/OneDrive/Desktop/University/Course_Work/2025-2026/Spring_2026/ECE_410/ECE410/project/post_m3_Minor_Redesign/tb/tb_top.sv Line: 257

Time: 14295 ns Started: 14285 ns Scope: /tb_top/u_mon File: /run/media/sackb/Windows-SSD/Users/sackb/OneDrive/Desktop/University/Course_Work/2025-2026/Spring_2026/ECE_410/ECE410/project/post_m3_Minor_Redesign/tb/tb_top.sv Line:256
Error: AXI MONITOR: core_C changed while core is idle
Time: 14295 ns  Iteration: 0  Process: /tb_top/u_mon//tb_top/u_mon  Scope: tb_top.u_mon  File: /run/media/sackb/Windows-SSD/Users/sackb/OneDrive/Desktop/University/Course_Work/2025-2026/Spring_2026/ECE_410/ECE410/project/post_m3_Minor_Redesign/tb/tb_top.sv Line: 257

Time: 14305 ns Started: 14295 ns Scope: /tb_top/u_mon File: /run/media/sackb/Windows-SSD/Users/sackb/OneDrive/Desktop/University/Course_Work/2025-2026/Spring_2026/ECE_410/ECE410/project/post_m3_Minor_Redesign/tb/tb_top.sv Line:256
Error: AXI MONITOR: core_C changed while core is idle
Time: 14305 ns  Iteration: 0  Process: /tb_top/u_mon//tb_top/u_mon  Scope: tb_top.u_mon  File: /run/media/sackb/Windows-SSD/Users/sackb/OneDrive/Desktop/University/Course_Work/2025-2026/Spring_2026/ECE_410/ECE410/project/post_m3_Minor_Redesign/tb/tb_top.sv Line: 257

Time: 14315 ns Started: 14305 ns Scope: /tb_top/u_mon File: /run/media/sackb/Windows-SSD/Users/sackb/OneDrive/Desktop/University/Course_Work/2025-2026/Spring_2026/ECE_410/ECE410/project/post_m3_Minor_Redesign/tb/tb_top.sv Line:256
Error: AXI MONITOR: core_C changed while core is idle
Time: 14315 ns  Iteration: 0  Process: /tb_top/u_mon//tb_top/u_mon  Scope: tb_top.u_mon  File: /run/media/sackb/Windows-SSD/Users/sackb/OneDrive/Desktop/University/Course_Work/2025-2026/Spring_2026/ECE_410/ECE410/project/post_m3_Minor_Redesign/tb/tb_top.sv Line: 257

Time: 14325 ns Started: 14315 ns Scope: /tb_top/u_mon File: /run/media/sackb/Windows-SSD/Users/sackb/OneDrive/Desktop/University/Course_Work/2025-2026/Spring_2026/ECE_410/ECE410/project/post_m3_Minor_Redesign/tb/tb_top.sv Line:256
Error: AXI MONITOR: core_C changed while core is idle
Time: 14325 ns  Iteration: 0  Process: /tb_top/u_mon//tb_top/u_mon  Scope: tb_top.u_mon  File: /run/media/sackb/Windows-SSD/Users/sackb/OneDrive/Desktop/University/Course_Work/2025-2026/Spring_2026/ECE_410/ECE410/project/post_m3_Minor_Redesign/tb/tb_top.sv Line: 257

Time: 14335 ns Started: 14325 ns Scope: /tb_top/u_mon File: /run/media/sackb/Windows-SSD/Users/sackb/OneDrive/Desktop/University/Course_Work/2025-2026/Spring_2026/ECE_410/ECE410/project/post_m3_Minor_Redesign/tb/tb_top.sv Line:256
Error: AXI MONITOR: core_C changed while core is idle
Time: 14335 ns  Iteration: 0  Process: /tb_top/u_mon//tb_top/u_mon  Scope: tb_top.u_mon  File: /run/media/sackb/Windows-SSD/Users/sackb/OneDrive/Desktop/University/Course_Work/2025-2026/Spring_2026/ECE_410/ECE410/project/post_m3_Minor_Redesign/tb/tb_top.sv Line: 257

Time: 14345 ns Started: 14335 ns Scope: /tb_top/u_mon File: /run/media/sackb/Windows-SSD/Users/sackb/OneDrive/Desktop/University/Course_Work/2025-2026/Spring_2026/ECE_410/ECE410/project/post_m3_Minor_Redesign/tb/tb_top.sv Line:256
Error: AXI MONITOR: core_C changed while core is idle
Time: 14345 ns  Iteration: 0  Process: /tb_top/u_mon//tb_top/u_mon  Scope: tb_top.u_mon  File: /run/media/sackb/Windows-SSD/Users/sackb/OneDrive/Desktop/University/Course_Work/2025-2026/Spring_2026/ECE_410/ECE410/project/post_m3_Minor_Redesign/tb/tb_top.sv Line: 257

Time: 14355 ns Started: 14345 ns Scope: /tb_top/u_mon File: /run/media/sackb/Windows-SSD/Users/sackb/OneDrive/Desktop/University/Course_Work/2025-2026/Spring_2026/ECE_410/ECE410/project/post_m3_Minor_Redesign/tb/tb_top.sv Line:256
Error: AXI MONITOR: core_C changed while core is idle
Time: 14355 ns  Iteration: 0  Process: /tb_top/u_mon//tb_top/u_mon  Scope: tb_top.u_mon  File: /run/media/sackb/Windows-SSD/Users/sackb/OneDrive/Desktop/University/Course_Work/2025-2026/Spring_2026/ECE_410/ECE410/project/post_m3_Minor_Redesign/tb/tb_top.sv Line: 257

Time: 14365 ns Started: 14355 ns Scope: /tb_top/u_mon File: /run/media/sackb/Windows-SSD/Users/sackb/OneDrive/Desktop/University/Course_Work/2025-2026/Spring_2026/ECE_410/ECE410/project/post_m3_Minor_Redesign/tb/tb_top.sv Line:256
Error: AXI MONITOR: core_C changed while core is idle
Time: 14365 ns  Iteration: 0  Process: /tb_top/u_mon//tb_top/u_mon  Scope: tb_top.u_mon  File: /run/media/sackb/Windows-SSD/Users/sackb/OneDrive/Desktop/University/Course_Work/2025-2026/Spring_2026/ECE_410/ECE410/project/post_m3_Minor_Redesign/tb/tb_top.sv Line: 257

Time: 14375 ns Started: 14365 ns Scope: /tb_top/u_mon File: /run/media/sackb/Windows-SSD/Users/sackb/OneDrive/Desktop/University/Course_Work/2025-2026/Spring_2026/ECE_410/ECE410/project/post_m3_Minor_Redesign/tb/tb_top.sv Line:256
Error: AXI MONITOR: core_C changed while core is idle
Time: 14375 ns  Iteration: 0  Process: /tb_top/u_mon//tb_top/u_mon  Scope: tb_top.u_mon  File: /run/media/sackb/Windows-SSD/Users/sackb/OneDrive/Desktop/University/Course_Work/2025-2026/Spring_2026/ECE_410/ECE410/project/post_m3_Minor_Redesign/tb/tb_top.sv Line: 257

Time: 14385 ns Started: 14375 ns Scope: /tb_top/u_mon File: /run/media/sackb/Windows-SSD/Users/sackb/OneDrive/Desktop/University/Course_Work/2025-2026/Spring_2026/ECE_410/ECE410/project/post_m3_Minor_Redesign/tb/tb_top.sv Line:256
Error: AXI MONITOR: core_C changed while core is idle
Time: 14385 ns  Iteration: 0  Process: /tb_top/u_mon//tb_top/u_mon  Scope: tb_top.u_mon  File: /run/media/sackb/Windows-SSD/Users/sackb/OneDrive/Desktop/University/Course_Work/2025-2026/Spring_2026/ECE_410/ECE410/project/post_m3_Minor_Redesign/tb/tb_top.sv Line: 257

Time: 14395 ns Started: 14385 ns Scope: /tb_top/u_mon File: /run/media/sackb/Windows-SSD/Users/sackb/OneDrive/Desktop/University/Course_Work/2025-2026/Spring_2026/ECE_410/ECE410/project/post_m3_Minor_Redesign/tb/tb_top.sv Line:256
Error: AXI MONITOR: core_C changed while core is idle
Time: 14395 ns  Iteration: 0  Process: /tb_top/u_mon//tb_top/u_mon  Scope: tb_top.u_mon  File: /run/media/sackb/Windows-SSD/Users/sackb/OneDrive/Desktop/University/Course_Work/2025-2026/Spring_2026/ECE_410/ECE410/project/post_m3_Minor_Redesign/tb/tb_top.sv Line: 257

Time: 14405 ns Started: 14395 ns Scope: /tb_top/u_mon File: /run/media/sackb/Windows-SSD/Users/sackb/OneDrive/Desktop/University/Course_Work/2025-2026/Spring_2026/ECE_410/ECE410/project/post_m3_Minor_Redesign/tb/tb_top.sv Line:256
Error: AXI MONITOR: core_C changed while core is idle
Time: 14405 ns  Iteration: 0  Process: /tb_top/u_mon//tb_top/u_mon  Scope: tb_top.u_mon  File: /run/media/sackb/Windows-SSD/Users/sackb/OneDrive/Desktop/University/Course_Work/2025-2026/Spring_2026/ECE_410/ECE410/project/post_m3_Minor_Redesign/tb/tb_top.sv Line: 257

Time: 14415 ns Started: 14405 ns Scope: /tb_top/u_mon File: /run/media/sackb/Windows-SSD/Users/sackb/OneDrive/Desktop/University/Course_Work/2025-2026/Spring_2026/ECE_410/ECE410/project/post_m3_Minor_Redesign/tb/tb_top.sv Line:256
Error: AXI MONITOR: core_C changed while core is idle
Time: 14415 ns  Iteration: 0  Process: /tb_top/u_mon//tb_top/u_mon  Scope: tb_top.u_mon  File: /run/media/sackb/Windows-SSD/Users/sackb/OneDrive/Desktop/University/Course_Work/2025-2026/Spring_2026/ECE_410/ECE410/project/post_m3_Minor_Redesign/tb/tb_top.sv Line: 257

Time: 14425 ns Started: 14415 ns Scope: /tb_top/u_mon File: /run/media/sackb/Windows-SSD/Users/sackb/OneDrive/Desktop/University/Course_Work/2025-2026/Spring_2026/ECE_410/ECE410/project/post_m3_Minor_Redesign/tb/tb_top.sv Line:256
Error: AXI MONITOR: core_C changed while core is idle
Time: 14425 ns  Iteration: 0  Process: /tb_top/u_mon//tb_top/u_mon  Scope: tb_top.u_mon  File: /run/media/sackb/Windows-SSD/Users/sackb/OneDrive/Desktop/University/Course_Work/2025-2026/Spring_2026/ECE_410/ECE410/project/post_m3_Minor_Redesign/tb/tb_top.sv Line: 257

Time: 14435 ns Started: 14425 ns Scope: /tb_top/u_mon File: /run/media/sackb/Windows-SSD/Users/sackb/OneDrive/Desktop/University/Course_Work/2025-2026/Spring_2026/ECE_410/ECE410/project/post_m3_Minor_Redesign/tb/tb_top.sv Line:256
Error: AXI MONITOR: core_C changed while core is idle
Time: 14435 ns  Iteration: 0  Process: /tb_top/u_mon//tb_top/u_mon  Scope: tb_top.u_mon  File: /run/media/sackb/Windows-SSD/Users/sackb/OneDrive/Desktop/University/Course_Work/2025-2026/Spring_2026/ECE_410/ECE410/project/post_m3_Minor_Redesign/tb/tb_top.sv Line: 257

Time: 14445 ns Started: 14435 ns Scope: /tb_top/u_mon File: /run/media/sackb/Windows-SSD/Users/sackb/OneDrive/Desktop/University/Course_Work/2025-2026/Spring_2026/ECE_410/ECE410/project/post_m3_Minor_Redesign/tb/tb_top.sv Line:256
Error: AXI MONITOR: core_C changed while core is idle
Time: 14445 ns  Iteration: 0  Process: /tb_top/u_mon//tb_top/u_mon  Scope: tb_top.u_mon  File: /run/media/sackb/Windows-SSD/Users/sackb/OneDrive/Desktop/University/Course_Work/2025-2026/Spring_2026/ECE_410/ECE410/project/post_m3_Minor_Redesign/tb/tb_top.sv Line: 257

Time: 14455 ns Started: 14445 ns Scope: /tb_top/u_mon File: /run/media/sackb/Windows-SSD/Users/sackb/OneDrive/Desktop/University/Course_Work/2025-2026/Spring_2026/ECE_410/ECE410/project/post_m3_Minor_Redesign/tb/tb_top.sv Line:256
Error: AXI MONITOR: core_C changed while core is idle
Time: 14455 ns  Iteration: 0  Process: /tb_top/u_mon//tb_top/u_mon  Scope: tb_top.u_mon  File: /run/media/sackb/Windows-SSD/Users/sackb/OneDrive/Desktop/University/Course_Work/2025-2026/Spring_2026/ECE_410/ECE410/project/post_m3_Minor_Redesign/tb/tb_top.sv Line: 257

Time: 14465 ns Started: 14455 ns Scope: /tb_top/u_mon File: /run/media/sackb/Windows-SSD/Users/sackb/OneDrive/Desktop/University/Course_Work/2025-2026/Spring_2026/ECE_410/ECE410/project/post_m3_Minor_Redesign/tb/tb_top.sv Line:256
Error: AXI MONITOR: core_C changed while core is idle
Time: 14465 ns  Iteration: 0  Process: /tb_top/u_mon//tb_top/u_mon  Scope: tb_top.u_mon  File: /run/media/sackb/Windows-SSD/Users/sackb/OneDrive/Desktop/University/Course_Work/2025-2026/Spring_2026/ECE_410/ECE410/project/post_m3_Minor_Redesign/tb/tb_top.sv Line: 257

Time: 14475 ns Started: 14465 ns Scope: /tb_top/u_mon File: /run/media/sackb/Windows-SSD/Users/sackb/OneDrive/Desktop/University/Course_Work/2025-2026/Spring_2026/ECE_410/ECE410/project/post_m3_Minor_Redesign/tb/tb_top.sv Line:256
Error: AXI MONITOR: core_C changed while core is idle
Time: 14475 ns  Iteration: 0  Process: /tb_top/u_mon//tb_top/u_mon  Scope: tb_top.u_mon  File: /run/media/sackb/Windows-SSD/Users/sackb/OneDrive/Desktop/University/Course_Work/2025-2026/Spring_2026/ECE_410/ECE410/project/post_m3_Minor_Redesign/tb/tb_top.sv Line: 257

Time: 14485 ns Started: 14475 ns Scope: /tb_top/u_mon File: /run/media/sackb/Windows-SSD/Users/sackb/OneDrive/Desktop/University/Course_Work/2025-2026/Spring_2026/ECE_410/ECE410/project/post_m3_Minor_Redesign/tb/tb_top.sv Line:256
Error: AXI MONITOR: core_C changed while core is idle
Time: 14485 ns  Iteration: 0  Process: /tb_top/u_mon//tb_top/u_mon  Scope: tb_top.u_mon  File: /run/media/sackb/Windows-SSD/Users/sackb/OneDrive/Desktop/University/Course_Work/2025-2026/Spring_2026/ECE_410/ECE410/project/post_m3_Minor_Redesign/tb/tb_top.sv Line: 257

Time: 14495 ns Started: 14485 ns Scope: /tb_top/u_mon File: /run/media/sackb/Windows-SSD/Users/sackb/OneDrive/Desktop/University/Course_Work/2025-2026/Spring_2026/ECE_410/ECE410/project/post_m3_Minor_Redesign/tb/tb_top.sv Line:256
Error: AXI MONITOR: core_C changed while core is idle
Time: 14495 ns  Iteration: 0  Process: /tb_top/u_mon//tb_top/u_mon  Scope: tb_top.u_mon  File: /run/media/sackb/Windows-SSD/Users/sackb/OneDrive/Desktop/University/Course_Work/2025-2026/Spring_2026/ECE_410/ECE410/project/post_m3_Minor_Redesign/tb/tb_top.sv Line: 257

Time: 14505 ns Started: 14495 ns Scope: /tb_top/u_mon File: /run/media/sackb/Windows-SSD/Users/sackb/OneDrive/Desktop/University/Course_Work/2025-2026/Spring_2026/ECE_410/ECE410/project/post_m3_Minor_Redesign/tb/tb_top.sv Line:256
Error: AXI MONITOR: core_C changed while core is idle
Time: 14505 ns  Iteration: 0  Process: /tb_top/u_mon//tb_top/u_mon  Scope: tb_top.u_mon  File: /run/media/sackb/Windows-SSD/Users/sackb/OneDrive/Desktop/University/Course_Work/2025-2026/Spring_2026/ECE_410/ECE410/project/post_m3_Minor_Redesign/tb/tb_top.sv Line: 257

Time: 14515 ns Started: 14505 ns Scope: /tb_top/u_mon File: /run/media/sackb/Windows-SSD/Users/sackb/OneDrive/Desktop/University/Course_Work/2025-2026/Spring_2026/ECE_410/ECE410/project/post_m3_Minor_Redesign/tb/tb_top.sv Line:256
Error: AXI MONITOR: core_C changed while core is idle
Time: 14515 ns  Iteration: 0  Process: /tb_top/u_mon//tb_top/u_mon  Scope: tb_top.u_mon  File: /run/media/sackb/Windows-SSD/Users/sackb/OneDrive/Desktop/University/Course_Work/2025-2026/Spring_2026/ECE_410/ECE410/project/post_m3_Minor_Redesign/tb/tb_top.sv Line: 257

Time: 14525 ns Started: 14515 ns Scope: /tb_top/u_mon File: /run/media/sackb/Windows-SSD/Users/sackb/OneDrive/Desktop/University/Course_Work/2025-2026/Spring_2026/ECE_410/ECE410/project/post_m3_Minor_Redesign/tb/tb_top.sv Line:256
Error: AXI MONITOR: core_C changed while core is idle
Time: 14525 ns  Iteration: 0  Process: /tb_top/u_mon//tb_top/u_mon  Scope: tb_top.u_mon  File: /run/media/sackb/Windows-SSD/Users/sackb/OneDrive/Desktop/University/Course_Work/2025-2026/Spring_2026/ECE_410/ECE410/project/post_m3_Minor_Redesign/tb/tb_top.sv Line: 257

Time: 14535 ns Started: 14525 ns Scope: /tb_top/u_mon File: /run/media/sackb/Windows-SSD/Users/sackb/OneDrive/Desktop/University/Course_Work/2025-2026/Spring_2026/ECE_410/ECE410/project/post_m3_Minor_Redesign/tb/tb_top.sv Line:256
Error: AXI MONITOR: core_C changed while core is idle
Time: 14535 ns  Iteration: 0  Process: /tb_top/u_mon//tb_top/u_mon  Scope: tb_top.u_mon  File: /run/media/sackb/Windows-SSD/Users/sackb/OneDrive/Desktop/University/Course_Work/2025-2026/Spring_2026/ECE_410/ECE410/project/post_m3_Minor_Redesign/tb/tb_top.sv Line: 257

Time: 14545 ns Started: 14535 ns Scope: /tb_top/u_mon File: /run/media/sackb/Windows-SSD/Users/sackb/OneDrive/Desktop/University/Course_Work/2025-2026/Spring_2026/ECE_410/ECE410/project/post_m3_Minor_Redesign/tb/tb_top.sv Line:256
Error: AXI MONITOR: core_C changed while core is idle
Time: 14545 ns  Iteration: 0  Process: /tb_top/u_mon//tb_top/u_mon  Scope: tb_top.u_mon  File: /run/media/sackb/Windows-SSD/Users/sackb/OneDrive/Desktop/University/Course_Work/2025-2026/Spring_2026/ECE_410/ECE410/project/post_m3_Minor_Redesign/tb/tb_top.sv Line: 257

Time: 14555 ns Started: 14545 ns Scope: /tb_top/u_mon File: /run/media/sackb/Windows-SSD/Users/sackb/OneDrive/Desktop/University/Course_Work/2025-2026/Spring_2026/ECE_410/ECE410/project/post_m3_Minor_Redesign/tb/tb_top.sv Line:256
Error: AXI MONITOR: core_C changed while core is idle
Time: 14555 ns  Iteration: 0  Process: /tb_top/u_mon//tb_top/u_mon  Scope: tb_top.u_mon  File: /run/media/sackb/Windows-SSD/Users/sackb/OneDrive/Desktop/University/Course_Work/2025-2026/Spring_2026/ECE_410/ECE410/project/post_m3_Minor_Redesign/tb/tb_top.sv Line: 257

Time: 14565 ns Started: 14555 ns Scope: /tb_top/u_mon File: /run/media/sackb/Windows-SSD/Users/sackb/OneDrive/Desktop/University/Course_Work/2025-2026/Spring_2026/ECE_410/ECE410/project/post_m3_Minor_Redesign/tb/tb_top.sv Line:256
Error: AXI MONITOR: core_C changed while core is idle
Time: 14565 ns  Iteration: 0  Process: /tb_top/u_mon//tb_top/u_mon  Scope: tb_top.u_mon  File: /run/media/sackb/Windows-SSD/Users/sackb/OneDrive/Desktop/University/Course_Work/2025-2026/Spring_2026/ECE_410/ECE410/project/post_m3_Minor_Redesign/tb/tb_top.sv Line: 257

Time: 14575 ns Started: 14565 ns Scope: /tb_top/u_mon File: /run/media/sackb/Windows-SSD/Users/sackb/OneDrive/Desktop/University/Course_Work/2025-2026/Spring_2026/ECE_410/ECE410/project/post_m3_Minor_Redesign/tb/tb_top.sv Line:256
Error: AXI MONITOR: core_C changed while core is idle
Time: 14575 ns  Iteration: 0  Process: /tb_top/u_mon//tb_top/u_mon  Scope: tb_top.u_mon  File: /run/media/sackb/Windows-SSD/Users/sackb/OneDrive/Desktop/University/Course_Work/2025-2026/Spring_2026/ECE_410/ECE410/project/post_m3_Minor_Redesign/tb/tb_top.sv Line: 257

Time: 14585 ns Started: 14575 ns Scope: /tb_top/u_mon File: /run/media/sackb/Windows-SSD/Users/sackb/OneDrive/Desktop/University/Course_Work/2025-2026/Spring_2026/ECE_410/ECE410/project/post_m3_Minor_Redesign/tb/tb_top.sv Line:256
Error: AXI MONITOR: core_C changed while core is idle
Time: 14585 ns  Iteration: 0  Process: /tb_top/u_mon//tb_top/u_mon  Scope: tb_top.u_mon  File: /run/media/sackb/Windows-SSD/Users/sackb/OneDrive/Desktop/University/Course_Work/2025-2026/Spring_2026/ECE_410/ECE410/project/post_m3_Minor_Redesign/tb/tb_top.sv Line: 257

Time: 14595 ns Started: 14585 ns Scope: /tb_top/u_mon File: /run/media/sackb/Windows-SSD/Users/sackb/OneDrive/Desktop/University/Course_Work/2025-2026/Spring_2026/ECE_410/ECE410/project/post_m3_Minor_Redesign/tb/tb_top.sv Line:256
Error: AXI MONITOR: core_C changed while core is idle
Time: 14595 ns  Iteration: 0  Process: /tb_top/u_mon//tb_top/u_mon  Scope: tb_top.u_mon  File: /run/media/sackb/Windows-SSD/Users/sackb/OneDrive/Desktop/University/Course_Work/2025-2026/Spring_2026/ECE_410/ECE410/project/post_m3_Minor_Redesign/tb/tb_top.sv Line: 257

Time: 14605 ns Started: 14595 ns Scope: /tb_top/u_mon File: /run/media/sackb/Windows-SSD/Users/sackb/OneDrive/Desktop/University/Course_Work/2025-2026/Spring_2026/ECE_410/ECE410/project/post_m3_Minor_Redesign/tb/tb_top.sv Line:256
Error: AXI MONITOR: core_C changed while core is idle
Time: 14605 ns  Iteration: 0  Process: /tb_top/u_mon//tb_top/u_mon  Scope: tb_top.u_mon  File: /run/media/sackb/Windows-SSD/Users/sackb/OneDrive/Desktop/University/Course_Work/2025-2026/Spring_2026/ECE_410/ECE410/project/post_m3_Minor_Redesign/tb/tb_top.sv Line: 257

Time: 14615 ns Started: 14605 ns Scope: /tb_top/u_mon File: /run/media/sackb/Windows-SSD/Users/sackb/OneDrive/Desktop/University/Course_Work/2025-2026/Spring_2026/ECE_410/ECE410/project/post_m3_Minor_Redesign/tb/tb_top.sv Line:256
Error: AXI MONITOR: core_C changed while core is idle
Time: 14615 ns  Iteration: 0  Process: /tb_top/u_mon//tb_top/u_mon  Scope: tb_top.u_mon  File: /run/media/sackb/Windows-SSD/Users/sackb/OneDrive/Desktop/University/Course_Work/2025-2026/Spring_2026/ECE_410/ECE410/project/post_m3_Minor_Redesign/tb/tb_top.sv Line: 257

Time: 14625 ns Started: 14615 ns Scope: /tb_top/u_mon File: /run/media/sackb/Windows-SSD/Users/sackb/OneDrive/Desktop/University/Course_Work/2025-2026/Spring_2026/ECE_410/ECE410/project/post_m3_Minor_Redesign/tb/tb_top.sv Line:256
Error: AXI MONITOR: core_C changed while core is idle
Time: 14625 ns  Iteration: 0  Process: /tb_top/u_mon//tb_top/u_mon  Scope: tb_top.u_mon  File: /run/media/sackb/Windows-SSD/Users/sackb/OneDrive/Desktop/University/Course_Work/2025-2026/Spring_2026/ECE_410/ECE410/project/post_m3_Minor_Redesign/tb/tb_top.sv Line: 257

Time: 14635 ns Started: 14625 ns Scope: /tb_top/u_mon File: /run/media/sackb/Windows-SSD/Users/sackb/OneDrive/Desktop/University/Course_Work/2025-2026/Spring_2026/ECE_410/ECE410/project/post_m3_Minor_Redesign/tb/tb_top.sv Line:256
Error: AXI MONITOR: core_C changed while core is idle
Time: 14635 ns  Iteration: 0  Process: /tb_top/u_mon//tb_top/u_mon  Scope: tb_top.u_mon  File: /run/media/sackb/Windows-SSD/Users/sackb/OneDrive/Desktop/University/Course_Work/2025-2026/Spring_2026/ECE_410/ECE410/project/post_m3_Minor_Redesign/tb/tb_top.sv Line: 257

Time: 14645 ns Started: 14635 ns Scope: /tb_top/u_mon File: /run/media/sackb/Windows-SSD/Users/sackb/OneDrive/Desktop/University/Course_Work/2025-2026/Spring_2026/ECE_410/ECE410/project/post_m3_Minor_Redesign/tb/tb_top.sv Line:256
Error: AXI MONITOR: core_C changed while core is idle
Time: 14645 ns  Iteration: 0  Process: /tb_top/u_mon//tb_top/u_mon  Scope: tb_top.u_mon  File: /run/media/sackb/Windows-SSD/Users/sackb/OneDrive/Desktop/University/Course_Work/2025-2026/Spring_2026/ECE_410/ECE410/project/post_m3_Minor_Redesign/tb/tb_top.sv Line: 257

Time: 14655 ns Started: 14645 ns Scope: /tb_top/u_mon File: /run/media/sackb/Windows-SSD/Users/sackb/OneDrive/Desktop/University/Course_Work/2025-2026/Spring_2026/ECE_410/ECE410/project/post_m3_Minor_Redesign/tb/tb_top.sv Line:256
Error: AXI MONITOR: core_C changed while core is idle
Time: 14655 ns  Iteration: 0  Process: /tb_top/u_mon//tb_top/u_mon  Scope: tb_top.u_mon  File: /run/media/sackb/Windows-SSD/Users/sackb/OneDrive/Desktop/University/Course_Work/2025-2026/Spring_2026/ECE_410/ECE410/project/post_m3_Minor_Redesign/tb/tb_top.sv Line: 257

Time: 14665 ns Started: 14655 ns Scope: /tb_top/u_mon File: /run/media/sackb/Windows-SSD/Users/sackb/OneDrive/Desktop/University/Course_Work/2025-2026/Spring_2026/ECE_410/ECE410/project/post_m3_Minor_Redesign/tb/tb_top.sv Line:256
Error: AXI MONITOR: core_C changed while core is idle
Time: 14665 ns  Iteration: 0  Process: /tb_top/u_mon//tb_top/u_mon  Scope: tb_top.u_mon  File: /run/media/sackb/Windows-SSD/Users/sackb/OneDrive/Desktop/University/Course_Work/2025-2026/Spring_2026/ECE_410/ECE410/project/post_m3_Minor_Redesign/tb/tb_top.sv Line: 257

Time: 14675 ns Started: 14665 ns Scope: /tb_top/u_mon File: /run/media/sackb/Windows-SSD/Users/sackb/OneDrive/Desktop/University/Course_Work/2025-2026/Spring_2026/ECE_410/ECE410/project/post_m3_Minor_Redesign/tb/tb_top.sv Line:256
Error: AXI MONITOR: core_C changed while core is idle
Time: 14675 ns  Iteration: 0  Process: /tb_top/u_mon//tb_top/u_mon  Scope: tb_top.u_mon  File: /run/media/sackb/Windows-SSD/Users/sackb/OneDrive/Desktop/University/Course_Work/2025-2026/Spring_2026/ECE_410/ECE410/project/post_m3_Minor_Redesign/tb/tb_top.sv Line: 257

Time: 14685 ns Started: 14675 ns Scope: /tb_top/u_mon File: /run/media/sackb/Windows-SSD/Users/sackb/OneDrive/Desktop/University/Course_Work/2025-2026/Spring_2026/ECE_410/ECE410/project/post_m3_Minor_Redesign/tb/tb_top.sv Line:256
Error: AXI MONITOR: core_C changed while core is idle
Time: 14685 ns  Iteration: 0  Process: /tb_top/u_mon//tb_top/u_mon  Scope: tb_top.u_mon  File: /run/media/sackb/Windows-SSD/Users/sackb/OneDrive/Desktop/University/Course_Work/2025-2026/Spring_2026/ECE_410/ECE410/project/post_m3_Minor_Redesign/tb/tb_top.sv Line: 257

Time: 14695 ns Started: 14685 ns Scope: /tb_top/u_mon File: /run/media/sackb/Windows-SSD/Users/sackb/OneDrive/Desktop/University/Course_Work/2025-2026/Spring_2026/ECE_410/ECE410/project/post_m3_Minor_Redesign/tb/tb_top.sv Line:256
Error: AXI MONITOR: core_C changed while core is idle
Time: 14695 ns  Iteration: 0  Process: /tb_top/u_mon//tb_top/u_mon  Scope: tb_top.u_mon  File: /run/media/sackb/Windows-SSD/Users/sackb/OneDrive/Desktop/University/Course_Work/2025-2026/Spring_2026/ECE_410/ECE410/project/post_m3_Minor_Redesign/tb/tb_top.sv Line: 257

Time: 14705 ns Started: 14695 ns Scope: /tb_top/u_mon File: /run/media/sackb/Windows-SSD/Users/sackb/OneDrive/Desktop/University/Course_Work/2025-2026/Spring_2026/ECE_410/ECE410/project/post_m3_Minor_Redesign/tb/tb_top.sv Line:256
Error: AXI MONITOR: core_C changed while core is idle
Time: 14705 ns  Iteration: 0  Process: /tb_top/u_mon//tb_top/u_mon  Scope: tb_top.u_mon  File: /run/media/sackb/Windows-SSD/Users/sackb/OneDrive/Desktop/University/Course_Work/2025-2026/Spring_2026/ECE_410/ECE410/project/post_m3_Minor_Redesign/tb/tb_top.sv Line: 257

Time: 14715 ns Started: 14705 ns Scope: /tb_top/u_mon File: /run/media/sackb/Windows-SSD/Users/sackb/OneDrive/Desktop/University/Course_Work/2025-2026/Spring_2026/ECE_410/ECE410/project/post_m3_Minor_Redesign/tb/tb_top.sv Line:256
Error: AXI MONITOR: core_C changed while core is idle
Time: 14715 ns  Iteration: 0  Process: /tb_top/u_mon//tb_top/u_mon  Scope: tb_top.u_mon  File: /run/media/sackb/Windows-SSD/Users/sackb/OneDrive/Desktop/University/Course_Work/2025-2026/Spring_2026/ECE_410/ECE410/project/post_m3_Minor_Redesign/tb/tb_top.sv Line: 257

Time: 14725 ns Started: 14715 ns Scope: /tb_top/u_mon File: /run/media/sackb/Windows-SSD/Users/sackb/OneDrive/Desktop/University/Course_Work/2025-2026/Spring_2026/ECE_410/ECE410/project/post_m3_Minor_Redesign/tb/tb_top.sv Line:256
Error: AXI MONITOR: core_C changed while core is idle
Time: 14725 ns  Iteration: 0  Process: /tb_top/u_mon//tb_top/u_mon  Scope: tb_top.u_mon  File: /run/media/sackb/Windows-SSD/Users/sackb/OneDrive/Desktop/University/Course_Work/2025-2026/Spring_2026/ECE_410/ECE410/project/post_m3_Minor_Redesign/tb/tb_top.sv Line: 257

Time: 14735 ns Started: 14725 ns Scope: /tb_top/u_mon File: /run/media/sackb/Windows-SSD/Users/sackb/OneDrive/Desktop/University/Course_Work/2025-2026/Spring_2026/ECE_410/ECE410/project/post_m3_Minor_Redesign/tb/tb_top.sv Line:256
Error: AXI MONITOR: core_C changed while core is idle
Time: 14735 ns  Iteration: 0  Process: /tb_top/u_mon//tb_top/u_mon  Scope: tb_top.u_mon  File: /run/media/sackb/Windows-SSD/Users/sackb/OneDrive/Desktop/University/Course_Work/2025-2026/Spring_2026/ECE_410/ECE410/project/post_m3_Minor_Redesign/tb/tb_top.sv Line: 257

Time: 14745 ns Started: 14735 ns Scope: /tb_top/u_mon File: /run/media/sackb/Windows-SSD/Users/sackb/OneDrive/Desktop/University/Course_Work/2025-2026/Spring_2026/ECE_410/ECE410/project/post_m3_Minor_Redesign/tb/tb_top.sv Line:256
Error: AXI MONITOR: core_C changed while core is idle
Time: 14745 ns  Iteration: 0  Process: /tb_top/u_mon//tb_top/u_mon  Scope: tb_top.u_mon  File: /run/media/sackb/Windows-SSD/Users/sackb/OneDrive/Desktop/University/Course_Work/2025-2026/Spring_2026/ECE_410/ECE410/project/post_m3_Minor_Redesign/tb/tb_top.sv Line: 257

Time: 14755 ns Started: 14745 ns Scope: /tb_top/u_mon File: /run/media/sackb/Windows-SSD/Users/sackb/OneDrive/Desktop/University/Course_Work/2025-2026/Spring_2026/ECE_410/ECE410/project/post_m3_Minor_Redesign/tb/tb_top.sv Line:256
Error: AXI MONITOR: core_C changed while core is idle
Time: 14755 ns  Iteration: 0  Process: /tb_top/u_mon//tb_top/u_mon  Scope: tb_top.u_mon  File: /run/media/sackb/Windows-SSD/Users/sackb/OneDrive/Desktop/University/Course_Work/2025-2026/Spring_2026/ECE_410/ECE410/project/post_m3_Minor_Redesign/tb/tb_top.sv Line: 257

Time: 14765 ns Started: 14755 ns Scope: /tb_top/u_mon File: /run/media/sackb/Windows-SSD/Users/sackb/OneDrive/Desktop/University/Course_Work/2025-2026/Spring_2026/ECE_410/ECE410/project/post_m3_Minor_Redesign/tb/tb_top.sv Line:256
Error: AXI MONITOR: core_C changed while core is idle
Time: 14765 ns  Iteration: 0  Process: /tb_top/u_mon//tb_top/u_mon  Scope: tb_top.u_mon  File: /run/media/sackb/Windows-SSD/Users/sackb/OneDrive/Desktop/University/Course_Work/2025-2026/Spring_2026/ECE_410/ECE410/project/post_m3_Minor_Redesign/tb/tb_top.sv Line: 257

Time: 14775 ns Started: 14765 ns Scope: /tb_top/u_mon File: /run/media/sackb/Windows-SSD/Users/sackb/OneDrive/Desktop/University/Course_Work/2025-2026/Spring_2026/ECE_410/ECE410/project/post_m3_Minor_Redesign/tb/tb_top.sv Line:256
Error: AXI MONITOR: core_C changed while core is idle
Time: 14775 ns  Iteration: 0  Process: /tb_top/u_mon//tb_top/u_mon  Scope: tb_top.u_mon  File: /run/media/sackb/Windows-SSD/Users/sackb/OneDrive/Desktop/University/Course_Work/2025-2026/Spring_2026/ECE_410/ECE410/project/post_m3_Minor_Redesign/tb/tb_top.sv Line: 257

Time: 14785 ns Started: 14775 ns Scope: /tb_top/u_mon File: /run/media/sackb/Windows-SSD/Users/sackb/OneDrive/Desktop/University/Course_Work/2025-2026/Spring_2026/ECE_410/ECE410/project/post_m3_Minor_Redesign/tb/tb_top.sv Line:256
Error: AXI MONITOR: core_C changed while core is idle
Time: 14785 ns  Iteration: 0  Process: /tb_top/u_mon//tb_top/u_mon  Scope: tb_top.u_mon  File: /run/media/sackb/Windows-SSD/Users/sackb/OneDrive/Desktop/University/Course_Work/2025-2026/Spring_2026/ECE_410/ECE410/project/post_m3_Minor_Redesign/tb/tb_top.sv Line: 257

Time: 14795 ns Started: 14785 ns Scope: /tb_top/u_mon File: /run/media/sackb/Windows-SSD/Users/sackb/OneDrive/Desktop/University/Course_Work/2025-2026/Spring_2026/ECE_410/ECE410/project/post_m3_Minor_Redesign/tb/tb_top.sv Line:256
Error: AXI MONITOR: core_C changed while core is idle
Time: 14795 ns  Iteration: 0  Process: /tb_top/u_mon//tb_top/u_mon  Scope: tb_top.u_mon  File: /run/media/sackb/Windows-SSD/Users/sackb/OneDrive/Desktop/University/Course_Work/2025-2026/Spring_2026/ECE_410/ECE410/project/post_m3_Minor_Redesign/tb/tb_top.sv Line: 257

Time: 14805 ns Started: 14795 ns Scope: /tb_top/u_mon File: /run/media/sackb/Windows-SSD/Users/sackb/OneDrive/Desktop/University/Course_Work/2025-2026/Spring_2026/ECE_410/ECE410/project/post_m3_Minor_Redesign/tb/tb_top.sv Line:256
Error: AXI MONITOR: core_C changed while core is idle
Time: 14805 ns  Iteration: 0  Process: /tb_top/u_mon//tb_top/u_mon  Scope: tb_top.u_mon  File: /run/media/sackb/Windows-SSD/Users/sackb/OneDrive/Desktop/University/Course_Work/2025-2026/Spring_2026/ECE_410/ECE410/project/post_m3_Minor_Redesign/tb/tb_top.sv Line: 257

Time: 14815 ns Started: 14805 ns Scope: /tb_top/u_mon File: /run/media/sackb/Windows-SSD/Users/sackb/OneDrive/Desktop/University/Course_Work/2025-2026/Spring_2026/ECE_410/ECE410/project/post_m3_Minor_Redesign/tb/tb_top.sv Line:256
Error: AXI MONITOR: core_C changed while core is idle
Time: 14815 ns  Iteration: 0  Process: /tb_top/u_mon//tb_top/u_mon  Scope: tb_top.u_mon  File: /run/media/sackb/Windows-SSD/Users/sackb/OneDrive/Desktop/University/Course_Work/2025-2026/Spring_2026/ECE_410/ECE410/project/post_m3_Minor_Redesign/tb/tb_top.sv Line: 257

Time: 14825 ns Started: 14815 ns Scope: /tb_top/u_mon File: /run/media/sackb/Windows-SSD/Users/sackb/OneDrive/Desktop/University/Course_Work/2025-2026/Spring_2026/ECE_410/ECE410/project/post_m3_Minor_Redesign/tb/tb_top.sv Line:256
Error: AXI MONITOR: core_C changed while core is idle
Time: 14825 ns  Iteration: 0  Process: /tb_top/u_mon//tb_top/u_mon  Scope: tb_top.u_mon  File: /run/media/sackb/Windows-SSD/Users/sackb/OneDrive/Desktop/University/Course_Work/2025-2026/Spring_2026/ECE_410/ECE410/project/post_m3_Minor_Redesign/tb/tb_top.sv Line: 257

Time: 14835 ns Started: 14825 ns Scope: /tb_top/u_mon File: /run/media/sackb/Windows-SSD/Users/sackb/OneDrive/Desktop/University/Course_Work/2025-2026/Spring_2026/ECE_410/ECE410/project/post_m3_Minor_Redesign/tb/tb_top.sv Line:256
Error: AXI MONITOR: core_C changed while core is idle
Time: 14835 ns  Iteration: 0  Process: /tb_top/u_mon//tb_top/u_mon  Scope: tb_top.u_mon  File: /run/media/sackb/Windows-SSD/Users/sackb/OneDrive/Desktop/University/Course_Work/2025-2026/Spring_2026/ECE_410/ECE410/project/post_m3_Minor_Redesign/tb/tb_top.sv Line: 257

Time: 14845 ns Started: 14835 ns Scope: /tb_top/u_mon File: /run/media/sackb/Windows-SSD/Users/sackb/OneDrive/Desktop/University/Course_Work/2025-2026/Spring_2026/ECE_410/ECE410/project/post_m3_Minor_Redesign/tb/tb_top.sv Line:256
Error: AXI MONITOR: core_C changed while core is idle
Time: 14845 ns  Iteration: 0  Process: /tb_top/u_mon//tb_top/u_mon  Scope: tb_top.u_mon  File: /run/media/sackb/Windows-SSD/Users/sackb/OneDrive/Desktop/University/Course_Work/2025-2026/Spring_2026/ECE_410/ECE410/project/post_m3_Minor_Redesign/tb/tb_top.sv Line: 257

Time: 14855 ns Started: 14845 ns Scope: /tb_top/u_mon File: /run/media/sackb/Windows-SSD/Users/sackb/OneDrive/Desktop/University/Course_Work/2025-2026/Spring_2026/ECE_410/ECE410/project/post_m3_Minor_Redesign/tb/tb_top.sv Line:256
Error: AXI MONITOR: core_C changed while core is idle
Time: 14855 ns  Iteration: 0  Process: /tb_top/u_mon//tb_top/u_mon  Scope: tb_top.u_mon  File: /run/media/sackb/Windows-SSD/Users/sackb/OneDrive/Desktop/University/Course_Work/2025-2026/Spring_2026/ECE_410/ECE410/project/post_m3_Minor_Redesign/tb/tb_top.sv Line: 257

Time: 14865 ns Started: 14855 ns Scope: /tb_top/u_mon File: /run/media/sackb/Windows-SSD/Users/sackb/OneDrive/Desktop/University/Course_Work/2025-2026/Spring_2026/ECE_410/ECE410/project/post_m3_Minor_Redesign/tb/tb_top.sv Line:256
Error: AXI MONITOR: core_C changed while core is idle
Time: 14865 ns  Iteration: 0  Process: /tb_top/u_mon//tb_top/u_mon  Scope: tb_top.u_mon  File: /run/media/sackb/Windows-SSD/Users/sackb/OneDrive/Desktop/University/Course_Work/2025-2026/Spring_2026/ECE_410/ECE410/project/post_m3_Minor_Redesign/tb/tb_top.sv Line: 257

Time: 14875 ns Started: 14865 ns Scope: /tb_top/u_mon File: /run/media/sackb/Windows-SSD/Users/sackb/OneDrive/Desktop/University/Course_Work/2025-2026/Spring_2026/ECE_410/ECE410/project/post_m3_Minor_Redesign/tb/tb_top.sv Line:256
Error: AXI MONITOR: core_C changed while core is idle
Time: 14875 ns  Iteration: 0  Process: /tb_top/u_mon//tb_top/u_mon  Scope: tb_top.u_mon  File: /run/media/sackb/Windows-SSD/Users/sackb/OneDrive/Desktop/University/Course_Work/2025-2026/Spring_2026/ECE_410/ECE410/project/post_m3_Minor_Redesign/tb/tb_top.sv Line: 257

Time: 14885 ns Started: 14875 ns Scope: /tb_top/u_mon File: /run/media/sackb/Windows-SSD/Users/sackb/OneDrive/Desktop/University/Course_Work/2025-2026/Spring_2026/ECE_410/ECE410/project/post_m3_Minor_Redesign/tb/tb_top.sv Line:256
Error: AXI MONITOR: core_C changed while core is idle
Time: 14885 ns  Iteration: 0  Process: /tb_top/u_mon//tb_top/u_mon  Scope: tb_top.u_mon  File: /run/media/sackb/Windows-SSD/Users/sackb/OneDrive/Desktop/University/Course_Work/2025-2026/Spring_2026/ECE_410/ECE410/project/post_m3_Minor_Redesign/tb/tb_top.sv Line: 257

Time: 14895 ns Started: 14885 ns Scope: /tb_top/u_mon File: /run/media/sackb/Windows-SSD/Users/sackb/OneDrive/Desktop/University/Course_Work/2025-2026/Spring_2026/ECE_410/ECE410/project/post_m3_Minor_Redesign/tb/tb_top.sv Line:256
Error: AXI MONITOR: core_C changed while core is idle
Time: 14895 ns  Iteration: 0  Process: /tb_top/u_mon//tb_top/u_mon  Scope: tb_top.u_mon  File: /run/media/sackb/Windows-SSD/Users/sackb/OneDrive/Desktop/University/Course_Work/2025-2026/Spring_2026/ECE_410/ECE410/project/post_m3_Minor_Redesign/tb/tb_top.sv Line: 257

Time: 14905 ns Started: 14895 ns Scope: /tb_top/u_mon File: /run/media/sackb/Windows-SSD/Users/sackb/OneDrive/Desktop/University/Course_Work/2025-2026/Spring_2026/ECE_410/ECE410/project/post_m3_Minor_Redesign/tb/tb_top.sv Line:256
Error: AXI MONITOR: core_C changed while core is idle
Time: 14905 ns  Iteration: 0  Process: /tb_top/u_mon//tb_top/u_mon  Scope: tb_top.u_mon  File: /run/media/sackb/Windows-SSD/Users/sackb/OneDrive/Desktop/University/Course_Work/2025-2026/Spring_2026/ECE_410/ECE410/project/post_m3_Minor_Redesign/tb/tb_top.sv Line: 257

Time: 14915 ns Started: 14905 ns Scope: /tb_top/u_mon File: /run/media/sackb/Windows-SSD/Users/sackb/OneDrive/Desktop/University/Course_Work/2025-2026/Spring_2026/ECE_410/ECE410/project/post_m3_Minor_Redesign/tb/tb_top.sv Line:256
Error: AXI MONITOR: core_C changed while core is idle
Time: 14915 ns  Iteration: 0  Process: /tb_top/u_mon//tb_top/u_mon  Scope: tb_top.u_mon  File: /run/media/sackb/Windows-SSD/Users/sackb/OneDrive/Desktop/University/Course_Work/2025-2026/Spring_2026/ECE_410/ECE410/project/post_m3_Minor_Redesign/tb/tb_top.sv Line: 257

Time: 14925 ns Started: 14915 ns Scope: /tb_top/u_mon File: /run/media/sackb/Windows-SSD/Users/sackb/OneDrive/Desktop/University/Course_Work/2025-2026/Spring_2026/ECE_410/ECE410/project/post_m3_Minor_Redesign/tb/tb_top.sv Line:256
Error: AXI MONITOR: core_C changed while core is idle
Time: 14925 ns  Iteration: 0  Process: /tb_top/u_mon//tb_top/u_mon  Scope: tb_top.u_mon  File: /run/media/sackb/Windows-SSD/Users/sackb/OneDrive/Desktop/University/Course_Work/2025-2026/Spring_2026/ECE_410/ECE410/project/post_m3_Minor_Redesign/tb/tb_top.sv Line: 257

Time: 14935 ns Started: 14925 ns Scope: /tb_top/u_mon File: /run/media/sackb/Windows-SSD/Users/sackb/OneDrive/Desktop/University/Course_Work/2025-2026/Spring_2026/ECE_410/ECE410/project/post_m3_Minor_Redesign/tb/tb_top.sv Line:256
Error: AXI MONITOR: core_C changed while core is idle
Time: 14935 ns  Iteration: 0  Process: /tb_top/u_mon//tb_top/u_mon  Scope: tb_top.u_mon  File: /run/media/sackb/Windows-SSD/Users/sackb/OneDrive/Desktop/University/Course_Work/2025-2026/Spring_2026/ECE_410/ECE410/project/post_m3_Minor_Redesign/tb/tb_top.sv Line: 257

Time: 14945 ns Started: 14935 ns Scope: /tb_top/u_mon File: /run/media/sackb/Windows-SSD/Users/sackb/OneDrive/Desktop/University/Course_Work/2025-2026/Spring_2026/ECE_410/ECE410/project/post_m3_Minor_Redesign/tb/tb_top.sv Line:256
Error: AXI MONITOR: core_C changed while core is idle
Time: 14945 ns  Iteration: 0  Process: /tb_top/u_mon//tb_top/u_mon  Scope: tb_top.u_mon  File: /run/media/sackb/Windows-SSD/Users/sackb/OneDrive/Desktop/University/Course_Work/2025-2026/Spring_2026/ECE_410/ECE410/project/post_m3_Minor_Redesign/tb/tb_top.sv Line: 257

Time: 14955 ns Started: 14945 ns Scope: /tb_top/u_mon File: /run/media/sackb/Windows-SSD/Users/sackb/OneDrive/Desktop/University/Course_Work/2025-2026/Spring_2026/ECE_410/ECE410/project/post_m3_Minor_Redesign/tb/tb_top.sv Line:256
Error: AXI MONITOR: core_C changed while core is idle
Time: 14955 ns  Iteration: 0  Process: /tb_top/u_mon//tb_top/u_mon  Scope: tb_top.u_mon  File: /run/media/sackb/Windows-SSD/Users/sackb/OneDrive/Desktop/University/Course_Work/2025-2026/Spring_2026/ECE_410/ECE410/project/post_m3_Minor_Redesign/tb/tb_top.sv Line: 257

Time: 14965 ns Started: 14955 ns Scope: /tb_top/u_mon File: /run/media/sackb/Windows-SSD/Users/sackb/OneDrive/Desktop/University/Course_Work/2025-2026/Spring_2026/ECE_410/ECE410/project/post_m3_Minor_Redesign/tb/tb_top.sv Line:256
Error: AXI MONITOR: core_C changed while core is idle
Time: 14965 ns  Iteration: 0  Process: /tb_top/u_mon//tb_top/u_mon  Scope: tb_top.u_mon  File: /run/media/sackb/Windows-SSD/Users/sackb/OneDrive/Desktop/University/Course_Work/2025-2026/Spring_2026/ECE_410/ECE410/project/post_m3_Minor_Redesign/tb/tb_top.sv Line: 257

Time: 14975 ns Started: 14965 ns Scope: /tb_top/u_mon File: /run/media/sackb/Windows-SSD/Users/sackb/OneDrive/Desktop/University/Course_Work/2025-2026/Spring_2026/ECE_410/ECE410/project/post_m3_Minor_Redesign/tb/tb_top.sv Line:256
Error: AXI MONITOR: core_C changed while core is idle
Time: 14975 ns  Iteration: 0  Process: /tb_top/u_mon//tb_top/u_mon  Scope: tb_top.u_mon  File: /run/media/sackb/Windows-SSD/Users/sackb/OneDrive/Desktop/University/Course_Work/2025-2026/Spring_2026/ECE_410/ECE410/project/post_m3_Minor_Redesign/tb/tb_top.sv Line: 257

Time: 14985 ns Started: 14975 ns Scope: /tb_top/u_mon File: /run/media/sackb/Windows-SSD/Users/sackb/OneDrive/Desktop/University/Course_Work/2025-2026/Spring_2026/ECE_410/ECE410/project/post_m3_Minor_Redesign/tb/tb_top.sv Line:256
Error: AXI MONITOR: core_C changed while core is idle
Time: 14985 ns  Iteration: 0  Process: /tb_top/u_mon//tb_top/u_mon  Scope: tb_top.u_mon  File: /run/media/sackb/Windows-SSD/Users/sackb/OneDrive/Desktop/University/Course_Work/2025-2026/Spring_2026/ECE_410/ECE410/project/post_m3_Minor_Redesign/tb/tb_top.sv Line: 257

Time: 14995 ns Started: 14985 ns Scope: /tb_top/u_mon File: /run/media/sackb/Windows-SSD/Users/sackb/OneDrive/Desktop/University/Course_Work/2025-2026/Spring_2026/ECE_410/ECE410/project/post_m3_Minor_Redesign/tb/tb_top.sv Line:256
Error: AXI MONITOR: core_C changed while core is idle
Time: 14995 ns  Iteration: 0  Process: /tb_top/u_mon//tb_top/u_mon  Scope: tb_top.u_mon  File: /run/media/sackb/Windows-SSD/Users/sackb/OneDrive/Desktop/University/Course_Work/2025-2026/Spring_2026/ECE_410/ECE410/project/post_m3_Minor_Redesign/tb/tb_top.sv Line: 257

Time: 15005 ns Started: 14995 ns Scope: /tb_top/u_mon File: /run/media/sackb/Windows-SSD/Users/sackb/OneDrive/Desktop/University/Course_Work/2025-2026/Spring_2026/ECE_410/ECE410/project/post_m3_Minor_Redesign/tb/tb_top.sv Line:256
Error: AXI MONITOR: core_C changed while core is idle
Time: 15005 ns  Iteration: 0  Process: /tb_top/u_mon//tb_top/u_mon  Scope: tb_top.u_mon  File: /run/media/sackb/Windows-SSD/Users/sackb/OneDrive/Desktop/University/Course_Work/2025-2026/Spring_2026/ECE_410/ECE410/project/post_m3_Minor_Redesign/tb/tb_top.sv Line: 257

Time: 15015 ns Started: 15005 ns Scope: /tb_top/u_mon File: /run/media/sackb/Windows-SSD/Users/sackb/OneDrive/Desktop/University/Course_Work/2025-2026/Spring_2026/ECE_410/ECE410/project/post_m3_Minor_Redesign/tb/tb_top.sv Line:256
Error: AXI MONITOR: core_C changed while core is idle
Time: 15015 ns  Iteration: 0  Process: /tb_top/u_mon//tb_top/u_mon  Scope: tb_top.u_mon  File: /run/media/sackb/Windows-SSD/Users/sackb/OneDrive/Desktop/University/Course_Work/2025-2026/Spring_2026/ECE_410/ECE410/project/post_m3_Minor_Redesign/tb/tb_top.sv Line: 257

Time: 15025 ns Started: 15015 ns Scope: /tb_top/u_mon File: /run/media/sackb/Windows-SSD/Users/sackb/OneDrive/Desktop/University/Course_Work/2025-2026/Spring_2026/ECE_410/ECE410/project/post_m3_Minor_Redesign/tb/tb_top.sv Line:256
Error: AXI MONITOR: core_C changed while core is idle
Time: 15025 ns  Iteration: 0  Process: /tb_top/u_mon//tb_top/u_mon  Scope: tb_top.u_mon  File: /run/media/sackb/Windows-SSD/Users/sackb/OneDrive/Desktop/University/Course_Work/2025-2026/Spring_2026/ECE_410/ECE410/project/post_m3_Minor_Redesign/tb/tb_top.sv Line: 257

Time: 15035 ns Started: 15025 ns Scope: /tb_top/u_mon File: /run/media/sackb/Windows-SSD/Users/sackb/OneDrive/Desktop/University/Course_Work/2025-2026/Spring_2026/ECE_410/ECE410/project/post_m3_Minor_Redesign/tb/tb_top.sv Line:256
Error: AXI MONITOR: core_C changed while core is idle
Time: 15035 ns  Iteration: 0  Process: /tb_top/u_mon//tb_top/u_mon  Scope: tb_top.u_mon  File: /run/media/sackb/Windows-SSD/Users/sackb/OneDrive/Desktop/University/Course_Work/2025-2026/Spring_2026/ECE_410/ECE410/project/post_m3_Minor_Redesign/tb/tb_top.sv Line: 257

Time: 15045 ns Started: 15035 ns Scope: /tb_top/u_mon File: /run/media/sackb/Windows-SSD/Users/sackb/OneDrive/Desktop/University/Course_Work/2025-2026/Spring_2026/ECE_410/ECE410/project/post_m3_Minor_Redesign/tb/tb_top.sv Line:256
Error: AXI MONITOR: core_C changed while core is idle
Time: 15045 ns  Iteration: 0  Process: /tb_top/u_mon//tb_top/u_mon  Scope: tb_top.u_mon  File: /run/media/sackb/Windows-SSD/Users/sackb/OneDrive/Desktop/University/Course_Work/2025-2026/Spring_2026/ECE_410/ECE410/project/post_m3_Minor_Redesign/tb/tb_top.sv Line: 257

Time: 15675 ns Started: 15665 ns Scope: /tb_top/u_mon File: /run/media/sackb/Windows-SSD/Users/sackb/OneDrive/Desktop/University/Course_Work/2025-2026/Spring_2026/ECE_410/ECE410/project/post_m3_Minor_Redesign/tb/tb_top.sv Line:256
Error: AXI MONITOR: core_C changed while core is idle
Time: 15675 ns  Iteration: 0  Process: /tb_top/u_mon//tb_top/u_mon  Scope: tb_top.u_mon  File: /run/media/sackb/Windows-SSD/Users/sackb/OneDrive/Desktop/University/Course_Work/2025-2026/Spring_2026/ECE_410/ECE410/project/post_m3_Minor_Redesign/tb/tb_top.sv Line: 257

Time: 15685 ns Started: 15675 ns Scope: /tb_top/u_mon File: /run/media/sackb/Windows-SSD/Users/sackb/OneDrive/Desktop/University/Course_Work/2025-2026/Spring_2026/ECE_410/ECE410/project/post_m3_Minor_Redesign/tb/tb_top.sv Line:256
Error: AXI MONITOR: core_C changed while core is idle
Time: 15685 ns  Iteration: 0  Process: /tb_top/u_mon//tb_top/u_mon  Scope: tb_top.u_mon  File: /run/media/sackb/Windows-SSD/Users/sackb/OneDrive/Desktop/University/Course_Work/2025-2026/Spring_2026/ECE_410/ECE410/project/post_m3_Minor_Redesign/tb/tb_top.sv Line: 257

Time: 15695 ns Started: 15685 ns Scope: /tb_top/u_mon File: /run/media/sackb/Windows-SSD/Users/sackb/OneDrive/Desktop/University/Course_Work/2025-2026/Spring_2026/ECE_410/ECE410/project/post_m3_Minor_Redesign/tb/tb_top.sv Line:256
Error: AXI MONITOR: core_C changed while core is idle
Time: 15695 ns  Iteration: 0  Process: /tb_top/u_mon//tb_top/u_mon  Scope: tb_top.u_mon  File: /run/media/sackb/Windows-SSD/Users/sackb/OneDrive/Desktop/University/Course_Work/2025-2026/Spring_2026/ECE_410/ECE410/project/post_m3_Minor_Redesign/tb/tb_top.sv Line: 257

Time: 15705 ns Started: 15695 ns Scope: /tb_top/u_mon File: /run/media/sackb/Windows-SSD/Users/sackb/OneDrive/Desktop/University/Course_Work/2025-2026/Spring_2026/ECE_410/ECE410/project/post_m3_Minor_Redesign/tb/tb_top.sv Line:256
Error: AXI MONITOR: core_C changed while core is idle
Time: 15705 ns  Iteration: 0  Process: /tb_top/u_mon//tb_top/u_mon  Scope: tb_top.u_mon  File: /run/media/sackb/Windows-SSD/Users/sackb/OneDrive/Desktop/University/Course_Work/2025-2026/Spring_2026/ECE_410/ECE410/project/post_m3_Minor_Redesign/tb/tb_top.sv Line: 257

Time: 15715 ns Started: 15705 ns Scope: /tb_top/u_mon File: /run/media/sackb/Windows-SSD/Users/sackb/OneDrive/Desktop/University/Course_Work/2025-2026/Spring_2026/ECE_410/ECE410/project/post_m3_Minor_Redesign/tb/tb_top.sv Line:256
Error: AXI MONITOR: core_C changed while core is idle
Time: 15715 ns  Iteration: 0  Process: /tb_top/u_mon//tb_top/u_mon  Scope: tb_top.u_mon  File: /run/media/sackb/Windows-SSD/Users/sackb/OneDrive/Desktop/University/Course_Work/2025-2026/Spring_2026/ECE_410/ECE410/project/post_m3_Minor_Redesign/tb/tb_top.sv Line: 257

Time: 15725 ns Started: 15715 ns Scope: /tb_top/u_mon File: /run/media/sackb/Windows-SSD/Users/sackb/OneDrive/Desktop/University/Course_Work/2025-2026/Spring_2026/ECE_410/ECE410/project/post_m3_Minor_Redesign/tb/tb_top.sv Line:256
Error: AXI MONITOR: core_C changed while core is idle
Time: 15725 ns  Iteration: 0  Process: /tb_top/u_mon//tb_top/u_mon  Scope: tb_top.u_mon  File: /run/media/sackb/Windows-SSD/Users/sackb/OneDrive/Desktop/University/Course_Work/2025-2026/Spring_2026/ECE_410/ECE410/project/post_m3_Minor_Redesign/tb/tb_top.sv Line: 257

Time: 15735 ns Started: 15725 ns Scope: /tb_top/u_mon File: /run/media/sackb/Windows-SSD/Users/sackb/OneDrive/Desktop/University/Course_Work/2025-2026/Spring_2026/ECE_410/ECE410/project/post_m3_Minor_Redesign/tb/tb_top.sv Line:256
Error: AXI MONITOR: core_C changed while core is idle
Time: 15735 ns  Iteration: 0  Process: /tb_top/u_mon//tb_top/u_mon  Scope: tb_top.u_mon  File: /run/media/sackb/Windows-SSD/Users/sackb/OneDrive/Desktop/University/Course_Work/2025-2026/Spring_2026/ECE_410/ECE410/project/post_m3_Minor_Redesign/tb/tb_top.sv Line: 257

Time: 15745 ns Started: 15735 ns Scope: /tb_top/u_mon File: /run/media/sackb/Windows-SSD/Users/sackb/OneDrive/Desktop/University/Course_Work/2025-2026/Spring_2026/ECE_410/ECE410/project/post_m3_Minor_Redesign/tb/tb_top.sv Line:256
Error: AXI MONITOR: core_C changed while core is idle
Time: 15745 ns  Iteration: 0  Process: /tb_top/u_mon//tb_top/u_mon  Scope: tb_top.u_mon  File: /run/media/sackb/Windows-SSD/Users/sackb/OneDrive/Desktop/University/Course_Work/2025-2026/Spring_2026/ECE_410/ECE410/project/post_m3_Minor_Redesign/tb/tb_top.sv Line: 257

Time: 15755 ns Started: 15745 ns Scope: /tb_top/u_mon File: /run/media/sackb/Windows-SSD/Users/sackb/OneDrive/Desktop/University/Course_Work/2025-2026/Spring_2026/ECE_410/ECE410/project/post_m3_Minor_Redesign/tb/tb_top.sv Line:256
Error: AXI MONITOR: core_C changed while core is idle
Time: 15755 ns  Iteration: 0  Process: /tb_top/u_mon//tb_top/u_mon  Scope: tb_top.u_mon  File: /run/media/sackb/Windows-SSD/Users/sackb/OneDrive/Desktop/University/Course_Work/2025-2026/Spring_2026/ECE_410/ECE410/project/post_m3_Minor_Redesign/tb/tb_top.sv Line: 257

Time: 15765 ns Started: 15755 ns Scope: /tb_top/u_mon File: /run/media/sackb/Windows-SSD/Users/sackb/OneDrive/Desktop/University/Course_Work/2025-2026/Spring_2026/ECE_410/ECE410/project/post_m3_Minor_Redesign/tb/tb_top.sv Line:256
Error: AXI MONITOR: core_C changed while core is idle
Time: 15765 ns  Iteration: 0  Process: /tb_top/u_mon//tb_top/u_mon  Scope: tb_top.u_mon  File: /run/media/sackb/Windows-SSD/Users/sackb/OneDrive/Desktop/University/Course_Work/2025-2026/Spring_2026/ECE_410/ECE410/project/post_m3_Minor_Redesign/tb/tb_top.sv Line: 257

Time: 15775 ns Started: 15765 ns Scope: /tb_top/u_mon File: /run/media/sackb/Windows-SSD/Users/sackb/OneDrive/Desktop/University/Course_Work/2025-2026/Spring_2026/ECE_410/ECE410/project/post_m3_Minor_Redesign/tb/tb_top.sv Line:256
Error: AXI MONITOR: core_C changed while core is idle
Time: 15775 ns  Iteration: 0  Process: /tb_top/u_mon//tb_top/u_mon  Scope: tb_top.u_mon  File: /run/media/sackb/Windows-SSD/Users/sackb/OneDrive/Desktop/University/Course_Work/2025-2026/Spring_2026/ECE_410/ECE410/project/post_m3_Minor_Redesign/tb/tb_top.sv Line: 257

Time: 15785 ns Started: 15775 ns Scope: /tb_top/u_mon File: /run/media/sackb/Windows-SSD/Users/sackb/OneDrive/Desktop/University/Course_Work/2025-2026/Spring_2026/ECE_410/ECE410/project/post_m3_Minor_Redesign/tb/tb_top.sv Line:256
Error: AXI MONITOR: core_C changed while core is idle
Time: 15785 ns  Iteration: 0  Process: /tb_top/u_mon//tb_top/u_mon  Scope: tb_top.u_mon  File: /run/media/sackb/Windows-SSD/Users/sackb/OneDrive/Desktop/University/Course_Work/2025-2026/Spring_2026/ECE_410/ECE410/project/post_m3_Minor_Redesign/tb/tb_top.sv Line: 257

Time: 15795 ns Started: 15785 ns Scope: /tb_top/u_mon File: /run/media/sackb/Windows-SSD/Users/sackb/OneDrive/Desktop/University/Course_Work/2025-2026/Spring_2026/ECE_410/ECE410/project/post_m3_Minor_Redesign/tb/tb_top.sv Line:256
Error: AXI MONITOR: core_C changed while core is idle
Time: 15795 ns  Iteration: 0  Process: /tb_top/u_mon//tb_top/u_mon  Scope: tb_top.u_mon  File: /run/media/sackb/Windows-SSD/Users/sackb/OneDrive/Desktop/University/Course_Work/2025-2026/Spring_2026/ECE_410/ECE410/project/post_m3_Minor_Redesign/tb/tb_top.sv Line: 257

Time: 15805 ns Started: 15795 ns Scope: /tb_top/u_mon File: /run/media/sackb/Windows-SSD/Users/sackb/OneDrive/Desktop/University/Course_Work/2025-2026/Spring_2026/ECE_410/ECE410/project/post_m3_Minor_Redesign/tb/tb_top.sv Line:256
Error: AXI MONITOR: core_C changed while core is idle
Time: 15805 ns  Iteration: 0  Process: /tb_top/u_mon//tb_top/u_mon  Scope: tb_top.u_mon  File: /run/media/sackb/Windows-SSD/Users/sackb/OneDrive/Desktop/University/Course_Work/2025-2026/Spring_2026/ECE_410/ECE410/project/post_m3_Minor_Redesign/tb/tb_top.sv Line: 257

Time: 15815 ns Started: 15805 ns Scope: /tb_top/u_mon File: /run/media/sackb/Windows-SSD/Users/sackb/OneDrive/Desktop/University/Course_Work/2025-2026/Spring_2026/ECE_410/ECE410/project/post_m3_Minor_Redesign/tb/tb_top.sv Line:256
Error: AXI MONITOR: core_C changed while core is idle
Time: 15815 ns  Iteration: 0  Process: /tb_top/u_mon//tb_top/u_mon  Scope: tb_top.u_mon  File: /run/media/sackb/Windows-SSD/Users/sackb/OneDrive/Desktop/University/Course_Work/2025-2026/Spring_2026/ECE_410/ECE410/project/post_m3_Minor_Redesign/tb/tb_top.sv Line: 257

Time: 15825 ns Started: 15815 ns Scope: /tb_top/u_mon File: /run/media/sackb/Windows-SSD/Users/sackb/OneDrive/Desktop/University/Course_Work/2025-2026/Spring_2026/ECE_410/ECE410/project/post_m3_Minor_Redesign/tb/tb_top.sv Line:256
Error: AXI MONITOR: core_C changed while core is idle
Time: 15825 ns  Iteration: 0  Process: /tb_top/u_mon//tb_top/u_mon  Scope: tb_top.u_mon  File: /run/media/sackb/Windows-SSD/Users/sackb/OneDrive/Desktop/University/Course_Work/2025-2026/Spring_2026/ECE_410/ECE410/project/post_m3_Minor_Redesign/tb/tb_top.sv Line: 257

Time: 15835 ns Started: 15825 ns Scope: /tb_top/u_mon File: /run/media/sackb/Windows-SSD/Users/sackb/OneDrive/Desktop/University/Course_Work/2025-2026/Spring_2026/ECE_410/ECE410/project/post_m3_Minor_Redesign/tb/tb_top.sv Line:256
Error: AXI MONITOR: core_C changed while core is idle
Time: 15835 ns  Iteration: 0  Process: /tb_top/u_mon//tb_top/u_mon  Scope: tb_top.u_mon  File: /run/media/sackb/Windows-SSD/Users/sackb/OneDrive/Desktop/University/Course_Work/2025-2026/Spring_2026/ECE_410/ECE410/project/post_m3_Minor_Redesign/tb/tb_top.sv Line: 257

Time: 15845 ns Started: 15835 ns Scope: /tb_top/u_mon File: /run/media/sackb/Windows-SSD/Users/sackb/OneDrive/Desktop/University/Course_Work/2025-2026/Spring_2026/ECE_410/ECE410/project/post_m3_Minor_Redesign/tb/tb_top.sv Line:256
Error: AXI MONITOR: core_C changed while core is idle
Time: 15845 ns  Iteration: 0  Process: /tb_top/u_mon//tb_top/u_mon  Scope: tb_top.u_mon  File: /run/media/sackb/Windows-SSD/Users/sackb/OneDrive/Desktop/University/Course_Work/2025-2026/Spring_2026/ECE_410/ECE410/project/post_m3_Minor_Redesign/tb/tb_top.sv Line: 257

Time: 15855 ns Started: 15845 ns Scope: /tb_top/u_mon File: /run/media/sackb/Windows-SSD/Users/sackb/OneDrive/Desktop/University/Course_Work/2025-2026/Spring_2026/ECE_410/ECE410/project/post_m3_Minor_Redesign/tb/tb_top.sv Line:256
Error: AXI MONITOR: core_C changed while core is idle
Time: 15855 ns  Iteration: 0  Process: /tb_top/u_mon//tb_top/u_mon  Scope: tb_top.u_mon  File: /run/media/sackb/Windows-SSD/Users/sackb/OneDrive/Desktop/University/Course_Work/2025-2026/Spring_2026/ECE_410/ECE410/project/post_m3_Minor_Redesign/tb/tb_top.sv Line: 257

Time: 15865 ns Started: 15855 ns Scope: /tb_top/u_mon File: /run/media/sackb/Windows-SSD/Users/sackb/OneDrive/Desktop/University/Course_Work/2025-2026/Spring_2026/ECE_410/ECE410/project/post_m3_Minor_Redesign/tb/tb_top.sv Line:256
Error: AXI MONITOR: core_C changed while core is idle
Time: 15865 ns  Iteration: 0  Process: /tb_top/u_mon//tb_top/u_mon  Scope: tb_top.u_mon  File: /run/media/sackb/Windows-SSD/Users/sackb/OneDrive/Desktop/University/Course_Work/2025-2026/Spring_2026/ECE_410/ECE410/project/post_m3_Minor_Redesign/tb/tb_top.sv Line: 257

Time: 15875 ns Started: 15865 ns Scope: /tb_top/u_mon File: /run/media/sackb/Windows-SSD/Users/sackb/OneDrive/Desktop/University/Course_Work/2025-2026/Spring_2026/ECE_410/ECE410/project/post_m3_Minor_Redesign/tb/tb_top.sv Line:256
Error: AXI MONITOR: core_C changed while core is idle
Time: 15875 ns  Iteration: 0  Process: /tb_top/u_mon//tb_top/u_mon  Scope: tb_top.u_mon  File: /run/media/sackb/Windows-SSD/Users/sackb/OneDrive/Desktop/University/Course_Work/2025-2026/Spring_2026/ECE_410/ECE410/project/post_m3_Minor_Redesign/tb/tb_top.sv Line: 257

Time: 15885 ns Started: 15875 ns Scope: /tb_top/u_mon File: /run/media/sackb/Windows-SSD/Users/sackb/OneDrive/Desktop/University/Course_Work/2025-2026/Spring_2026/ECE_410/ECE410/project/post_m3_Minor_Redesign/tb/tb_top.sv Line:256
Error: AXI MONITOR: core_C changed while core is idle
Time: 15885 ns  Iteration: 0  Process: /tb_top/u_mon//tb_top/u_mon  Scope: tb_top.u_mon  File: /run/media/sackb/Windows-SSD/Users/sackb/OneDrive/Desktop/University/Course_Work/2025-2026/Spring_2026/ECE_410/ECE410/project/post_m3_Minor_Redesign/tb/tb_top.sv Line: 257

Time: 15895 ns Started: 15885 ns Scope: /tb_top/u_mon File: /run/media/sackb/Windows-SSD/Users/sackb/OneDrive/Desktop/University/Course_Work/2025-2026/Spring_2026/ECE_410/ECE410/project/post_m3_Minor_Redesign/tb/tb_top.sv Line:256
Error: AXI MONITOR: core_C changed while core is idle
Time: 15895 ns  Iteration: 0  Process: /tb_top/u_mon//tb_top/u_mon  Scope: tb_top.u_mon  File: /run/media/sackb/Windows-SSD/Users/sackb/OneDrive/Desktop/University/Course_Work/2025-2026/Spring_2026/ECE_410/ECE410/project/post_m3_Minor_Redesign/tb/tb_top.sv Line: 257

Time: 15905 ns Started: 15895 ns Scope: /tb_top/u_mon File: /run/media/sackb/Windows-SSD/Users/sackb/OneDrive/Desktop/University/Course_Work/2025-2026/Spring_2026/ECE_410/ECE410/project/post_m3_Minor_Redesign/tb/tb_top.sv Line:256
Error: AXI MONITOR: core_C changed while core is idle
Time: 15905 ns  Iteration: 0  Process: /tb_top/u_mon//tb_top/u_mon  Scope: tb_top.u_mon  File: /run/media/sackb/Windows-SSD/Users/sackb/OneDrive/Desktop/University/Course_Work/2025-2026/Spring_2026/ECE_410/ECE410/project/post_m3_Minor_Redesign/tb/tb_top.sv Line: 257

Time: 15915 ns Started: 15905 ns Scope: /tb_top/u_mon File: /run/media/sackb/Windows-SSD/Users/sackb/OneDrive/Desktop/University/Course_Work/2025-2026/Spring_2026/ECE_410/ECE410/project/post_m3_Minor_Redesign/tb/tb_top.sv Line:256
Error: AXI MONITOR: core_C changed while core is idle
Time: 15915 ns  Iteration: 0  Process: /tb_top/u_mon//tb_top/u_mon  Scope: tb_top.u_mon  File: /run/media/sackb/Windows-SSD/Users/sackb/OneDrive/Desktop/University/Course_Work/2025-2026/Spring_2026/ECE_410/ECE410/project/post_m3_Minor_Redesign/tb/tb_top.sv Line: 257

Time: 15925 ns Started: 15915 ns Scope: /tb_top/u_mon File: /run/media/sackb/Windows-SSD/Users/sackb/OneDrive/Desktop/University/Course_Work/2025-2026/Spring_2026/ECE_410/ECE410/project/post_m3_Minor_Redesign/tb/tb_top.sv Line:256
Error: AXI MONITOR: core_C changed while core is idle
Time: 15925 ns  Iteration: 0  Process: /tb_top/u_mon//tb_top/u_mon  Scope: tb_top.u_mon  File: /run/media/sackb/Windows-SSD/Users/sackb/OneDrive/Desktop/University/Course_Work/2025-2026/Spring_2026/ECE_410/ECE410/project/post_m3_Minor_Redesign/tb/tb_top.sv Line: 257

Time: 15935 ns Started: 15925 ns Scope: /tb_top/u_mon File: /run/media/sackb/Windows-SSD/Users/sackb/OneDrive/Desktop/University/Course_Work/2025-2026/Spring_2026/ECE_410/ECE410/project/post_m3_Minor_Redesign/tb/tb_top.sv Line:256
Error: AXI MONITOR: core_C changed while core is idle
Time: 15935 ns  Iteration: 0  Process: /tb_top/u_mon//tb_top/u_mon  Scope: tb_top.u_mon  File: /run/media/sackb/Windows-SSD/Users/sackb/OneDrive/Desktop/University/Course_Work/2025-2026/Spring_2026/ECE_410/ECE410/project/post_m3_Minor_Redesign/tb/tb_top.sv Line: 257

Time: 15945 ns Started: 15935 ns Scope: /tb_top/u_mon File: /run/media/sackb/Windows-SSD/Users/sackb/OneDrive/Desktop/University/Course_Work/2025-2026/Spring_2026/ECE_410/ECE410/project/post_m3_Minor_Redesign/tb/tb_top.sv Line:256
Error: AXI MONITOR: core_C changed while core is idle
Time: 15945 ns  Iteration: 0  Process: /tb_top/u_mon//tb_top/u_mon  Scope: tb_top.u_mon  File: /run/media/sackb/Windows-SSD/Users/sackb/OneDrive/Desktop/University/Course_Work/2025-2026/Spring_2026/ECE_410/ECE410/project/post_m3_Minor_Redesign/tb/tb_top.sv Line: 257

Time: 15955 ns Started: 15945 ns Scope: /tb_top/u_mon File: /run/media/sackb/Windows-SSD/Users/sackb/OneDrive/Desktop/University/Course_Work/2025-2026/Spring_2026/ECE_410/ECE410/project/post_m3_Minor_Redesign/tb/tb_top.sv Line:256
Error: AXI MONITOR: core_C changed while core is idle
Time: 15955 ns  Iteration: 0  Process: /tb_top/u_mon//tb_top/u_mon  Scope: tb_top.u_mon  File: /run/media/sackb/Windows-SSD/Users/sackb/OneDrive/Desktop/University/Course_Work/2025-2026/Spring_2026/ECE_410/ECE410/project/post_m3_Minor_Redesign/tb/tb_top.sv Line: 257

Time: 15965 ns Started: 15955 ns Scope: /tb_top/u_mon File: /run/media/sackb/Windows-SSD/Users/sackb/OneDrive/Desktop/University/Course_Work/2025-2026/Spring_2026/ECE_410/ECE410/project/post_m3_Minor_Redesign/tb/tb_top.sv Line:256
Error: AXI MONITOR: core_C changed while core is idle
Time: 15965 ns  Iteration: 0  Process: /tb_top/u_mon//tb_top/u_mon  Scope: tb_top.u_mon  File: /run/media/sackb/Windows-SSD/Users/sackb/OneDrive/Desktop/University/Course_Work/2025-2026/Spring_2026/ECE_410/ECE410/project/post_m3_Minor_Redesign/tb/tb_top.sv Line: 257

Time: 15975 ns Started: 15965 ns Scope: /tb_top/u_mon File: /run/media/sackb/Windows-SSD/Users/sackb/OneDrive/Desktop/University/Course_Work/2025-2026/Spring_2026/ECE_410/ECE410/project/post_m3_Minor_Redesign/tb/tb_top.sv Line:256
Error: AXI MONITOR: core_C changed while core is idle
Time: 15975 ns  Iteration: 0  Process: /tb_top/u_mon//tb_top/u_mon  Scope: tb_top.u_mon  File: /run/media/sackb/Windows-SSD/Users/sackb/OneDrive/Desktop/University/Course_Work/2025-2026/Spring_2026/ECE_410/ECE410/project/post_m3_Minor_Redesign/tb/tb_top.sv Line: 257

Time: 15985 ns Started: 15975 ns Scope: /tb_top/u_mon File: /run/media/sackb/Windows-SSD/Users/sackb/OneDrive/Desktop/University/Course_Work/2025-2026/Spring_2026/ECE_410/ECE410/project/post_m3_Minor_Redesign/tb/tb_top.sv Line:256
Error: AXI MONITOR: core_C changed while core is idle
Time: 15985 ns  Iteration: 0  Process: /tb_top/u_mon//tb_top/u_mon  Scope: tb_top.u_mon  File: /run/media/sackb/Windows-SSD/Users/sackb/OneDrive/Desktop/University/Course_Work/2025-2026/Spring_2026/ECE_410/ECE410/project/post_m3_Minor_Redesign/tb/tb_top.sv Line: 257

Time: 15995 ns Started: 15985 ns Scope: /tb_top/u_mon File: /run/media/sackb/Windows-SSD/Users/sackb/OneDrive/Desktop/University/Course_Work/2025-2026/Spring_2026/ECE_410/ECE410/project/post_m3_Minor_Redesign/tb/tb_top.sv Line:256
Error: AXI MONITOR: core_C changed while core is idle
Time: 15995 ns  Iteration: 0  Process: /tb_top/u_mon//tb_top/u_mon  Scope: tb_top.u_mon  File: /run/media/sackb/Windows-SSD/Users/sackb/OneDrive/Desktop/University/Course_Work/2025-2026/Spring_2026/ECE_410/ECE410/project/post_m3_Minor_Redesign/tb/tb_top.sv Line: 257

Time: 16005 ns Started: 15995 ns Scope: /tb_top/u_mon File: /run/media/sackb/Windows-SSD/Users/sackb/OneDrive/Desktop/University/Course_Work/2025-2026/Spring_2026/ECE_410/ECE410/project/post_m3_Minor_Redesign/tb/tb_top.sv Line:256
Error: AXI MONITOR: core_C changed while core is idle
Time: 16005 ns  Iteration: 0  Process: /tb_top/u_mon//tb_top/u_mon  Scope: tb_top.u_mon  File: /run/media/sackb/Windows-SSD/Users/sackb/OneDrive/Desktop/University/Course_Work/2025-2026/Spring_2026/ECE_410/ECE410/project/post_m3_Minor_Redesign/tb/tb_top.sv Line: 257

Time: 16015 ns Started: 16005 ns Scope: /tb_top/u_mon File: /run/media/sackb/Windows-SSD/Users/sackb/OneDrive/Desktop/University/Course_Work/2025-2026/Spring_2026/ECE_410/ECE410/project/post_m3_Minor_Redesign/tb/tb_top.sv Line:256
Error: AXI MONITOR: core_C changed while core is idle
Time: 16015 ns  Iteration: 0  Process: /tb_top/u_mon//tb_top/u_mon  Scope: tb_top.u_mon  File: /run/media/sackb/Windows-SSD/Users/sackb/OneDrive/Desktop/University/Course_Work/2025-2026/Spring_2026/ECE_410/ECE410/project/post_m3_Minor_Redesign/tb/tb_top.sv Line: 257

Time: 16025 ns Started: 16015 ns Scope: /tb_top/u_mon File: /run/media/sackb/Windows-SSD/Users/sackb/OneDrive/Desktop/University/Course_Work/2025-2026/Spring_2026/ECE_410/ECE410/project/post_m3_Minor_Redesign/tb/tb_top.sv Line:256
Error: AXI MONITOR: core_C changed while core is idle
Time: 16025 ns  Iteration: 0  Process: /tb_top/u_mon//tb_top/u_mon  Scope: tb_top.u_mon  File: /run/media/sackb/Windows-SSD/Users/sackb/OneDrive/Desktop/University/Course_Work/2025-2026/Spring_2026/ECE_410/ECE410/project/post_m3_Minor_Redesign/tb/tb_top.sv Line: 257

Time: 16035 ns Started: 16025 ns Scope: /tb_top/u_mon File: /run/media/sackb/Windows-SSD/Users/sackb/OneDrive/Desktop/University/Course_Work/2025-2026/Spring_2026/ECE_410/ECE410/project/post_m3_Minor_Redesign/tb/tb_top.sv Line:256
Error: AXI MONITOR: core_C changed while core is idle
Time: 16035 ns  Iteration: 0  Process: /tb_top/u_mon//tb_top/u_mon  Scope: tb_top.u_mon  File: /run/media/sackb/Windows-SSD/Users/sackb/OneDrive/Desktop/University/Course_Work/2025-2026/Spring_2026/ECE_410/ECE410/project/post_m3_Minor_Redesign/tb/tb_top.sv Line: 257
TB_TOP: Iteration 8 complete
TB_TOP: Starting iteration 9

Time: 16045 ns Started: 16035 ns Scope: /tb_top/u_mon File: /run/media/sackb/Windows-SSD/Users/sackb/OneDrive/Desktop/University/Course_Work/2025-2026/Spring_2026/ECE_410/ECE410/project/post_m3_Minor_Redesign/tb/tb_top.sv Line:256
Error: AXI MONITOR: core_C changed while core is idle
Time: 16045 ns  Iteration: 0  Process: /tb_top/u_mon//tb_top/u_mon  Scope: tb_top.u_mon  File: /run/media/sackb/Windows-SSD/Users/sackb/OneDrive/Desktop/University/Course_Work/2025-2026/Spring_2026/ECE_410/ECE410/project/post_m3_Minor_Redesign/tb/tb_top.sv Line: 257

Time: 16055 ns Started: 16045 ns Scope: /tb_top/u_mon File: /run/media/sackb/Windows-SSD/Users/sackb/OneDrive/Desktop/University/Course_Work/2025-2026/Spring_2026/ECE_410/ECE410/project/post_m3_Minor_Redesign/tb/tb_top.sv Line:256
Error: AXI MONITOR: core_C changed while core is idle
Time: 16055 ns  Iteration: 0  Process: /tb_top/u_mon//tb_top/u_mon  Scope: tb_top.u_mon  File: /run/media/sackb/Windows-SSD/Users/sackb/OneDrive/Desktop/University/Course_Work/2025-2026/Spring_2026/ECE_410/ECE410/project/post_m3_Minor_Redesign/tb/tb_top.sv Line: 257

Time: 16065 ns Started: 16055 ns Scope: /tb_top/u_mon File: /run/media/sackb/Windows-SSD/Users/sackb/OneDrive/Desktop/University/Course_Work/2025-2026/Spring_2026/ECE_410/ECE410/project/post_m3_Minor_Redesign/tb/tb_top.sv Line:256
Error: AXI MONITOR: core_C changed while core is idle
Time: 16065 ns  Iteration: 0  Process: /tb_top/u_mon//tb_top/u_mon  Scope: tb_top.u_mon  File: /run/media/sackb/Windows-SSD/Users/sackb/OneDrive/Desktop/University/Course_Work/2025-2026/Spring_2026/ECE_410/ECE410/project/post_m3_Minor_Redesign/tb/tb_top.sv Line: 257

Time: 16075 ns Started: 16065 ns Scope: /tb_top/u_mon File: /run/media/sackb/Windows-SSD/Users/sackb/OneDrive/Desktop/University/Course_Work/2025-2026/Spring_2026/ECE_410/ECE410/project/post_m3_Minor_Redesign/tb/tb_top.sv Line:256
Error: AXI MONITOR: core_C changed while core is idle
Time: 16075 ns  Iteration: 0  Process: /tb_top/u_mon//tb_top/u_mon  Scope: tb_top.u_mon  File: /run/media/sackb/Windows-SSD/Users/sackb/OneDrive/Desktop/University/Course_Work/2025-2026/Spring_2026/ECE_410/ECE410/project/post_m3_Minor_Redesign/tb/tb_top.sv Line: 257

Time: 16085 ns Started: 16075 ns Scope: /tb_top/u_mon File: /run/media/sackb/Windows-SSD/Users/sackb/OneDrive/Desktop/University/Course_Work/2025-2026/Spring_2026/ECE_410/ECE410/project/post_m3_Minor_Redesign/tb/tb_top.sv Line:256
Error: AXI MONITOR: core_C changed while core is idle
Time: 16085 ns  Iteration: 0  Process: /tb_top/u_mon//tb_top/u_mon  Scope: tb_top.u_mon  File: /run/media/sackb/Windows-SSD/Users/sackb/OneDrive/Desktop/University/Course_Work/2025-2026/Spring_2026/ECE_410/ECE410/project/post_m3_Minor_Redesign/tb/tb_top.sv Line: 257

Time: 16095 ns Started: 16085 ns Scope: /tb_top/u_mon File: /run/media/sackb/Windows-SSD/Users/sackb/OneDrive/Desktop/University/Course_Work/2025-2026/Spring_2026/ECE_410/ECE410/project/post_m3_Minor_Redesign/tb/tb_top.sv Line:256
Error: AXI MONITOR: core_C changed while core is idle
Time: 16095 ns  Iteration: 0  Process: /tb_top/u_mon//tb_top/u_mon  Scope: tb_top.u_mon  File: /run/media/sackb/Windows-SSD/Users/sackb/OneDrive/Desktop/University/Course_Work/2025-2026/Spring_2026/ECE_410/ECE410/project/post_m3_Minor_Redesign/tb/tb_top.sv Line: 257

Time: 16105 ns Started: 16095 ns Scope: /tb_top/u_mon File: /run/media/sackb/Windows-SSD/Users/sackb/OneDrive/Desktop/University/Course_Work/2025-2026/Spring_2026/ECE_410/ECE410/project/post_m3_Minor_Redesign/tb/tb_top.sv Line:256
Error: AXI MONITOR: core_C changed while core is idle
Time: 16105 ns  Iteration: 0  Process: /tb_top/u_mon//tb_top/u_mon  Scope: tb_top.u_mon  File: /run/media/sackb/Windows-SSD/Users/sackb/OneDrive/Desktop/University/Course_Work/2025-2026/Spring_2026/ECE_410/ECE410/project/post_m3_Minor_Redesign/tb/tb_top.sv Line: 257

Time: 16115 ns Started: 16105 ns Scope: /tb_top/u_mon File: /run/media/sackb/Windows-SSD/Users/sackb/OneDrive/Desktop/University/Course_Work/2025-2026/Spring_2026/ECE_410/ECE410/project/post_m3_Minor_Redesign/tb/tb_top.sv Line:256
Error: AXI MONITOR: core_C changed while core is idle
Time: 16115 ns  Iteration: 0  Process: /tb_top/u_mon//tb_top/u_mon  Scope: tb_top.u_mon  File: /run/media/sackb/Windows-SSD/Users/sackb/OneDrive/Desktop/University/Course_Work/2025-2026/Spring_2026/ECE_410/ECE410/project/post_m3_Minor_Redesign/tb/tb_top.sv Line: 257

Time: 16125 ns Started: 16115 ns Scope: /tb_top/u_mon File: /run/media/sackb/Windows-SSD/Users/sackb/OneDrive/Desktop/University/Course_Work/2025-2026/Spring_2026/ECE_410/ECE410/project/post_m3_Minor_Redesign/tb/tb_top.sv Line:256
Error: AXI MONITOR: core_C changed while core is idle
Time: 16125 ns  Iteration: 0  Process: /tb_top/u_mon//tb_top/u_mon  Scope: tb_top.u_mon  File: /run/media/sackb/Windows-SSD/Users/sackb/OneDrive/Desktop/University/Course_Work/2025-2026/Spring_2026/ECE_410/ECE410/project/post_m3_Minor_Redesign/tb/tb_top.sv Line: 257

Time: 16135 ns Started: 16125 ns Scope: /tb_top/u_mon File: /run/media/sackb/Windows-SSD/Users/sackb/OneDrive/Desktop/University/Course_Work/2025-2026/Spring_2026/ECE_410/ECE410/project/post_m3_Minor_Redesign/tb/tb_top.sv Line:256
Error: AXI MONITOR: core_C changed while core is idle
Time: 16135 ns  Iteration: 0  Process: /tb_top/u_mon//tb_top/u_mon  Scope: tb_top.u_mon  File: /run/media/sackb/Windows-SSD/Users/sackb/OneDrive/Desktop/University/Course_Work/2025-2026/Spring_2026/ECE_410/ECE410/project/post_m3_Minor_Redesign/tb/tb_top.sv Line: 257

Time: 16145 ns Started: 16135 ns Scope: /tb_top/u_mon File: /run/media/sackb/Windows-SSD/Users/sackb/OneDrive/Desktop/University/Course_Work/2025-2026/Spring_2026/ECE_410/ECE410/project/post_m3_Minor_Redesign/tb/tb_top.sv Line:256
Error: AXI MONITOR: core_C changed while core is idle
Time: 16145 ns  Iteration: 0  Process: /tb_top/u_mon//tb_top/u_mon  Scope: tb_top.u_mon  File: /run/media/sackb/Windows-SSD/Users/sackb/OneDrive/Desktop/University/Course_Work/2025-2026/Spring_2026/ECE_410/ECE410/project/post_m3_Minor_Redesign/tb/tb_top.sv Line: 257

Time: 16155 ns Started: 16145 ns Scope: /tb_top/u_mon File: /run/media/sackb/Windows-SSD/Users/sackb/OneDrive/Desktop/University/Course_Work/2025-2026/Spring_2026/ECE_410/ECE410/project/post_m3_Minor_Redesign/tb/tb_top.sv Line:256
Error: AXI MONITOR: core_C changed while core is idle
Time: 16155 ns  Iteration: 0  Process: /tb_top/u_mon//tb_top/u_mon  Scope: tb_top.u_mon  File: /run/media/sackb/Windows-SSD/Users/sackb/OneDrive/Desktop/University/Course_Work/2025-2026/Spring_2026/ECE_410/ECE410/project/post_m3_Minor_Redesign/tb/tb_top.sv Line: 257

Time: 16165 ns Started: 16155 ns Scope: /tb_top/u_mon File: /run/media/sackb/Windows-SSD/Users/sackb/OneDrive/Desktop/University/Course_Work/2025-2026/Spring_2026/ECE_410/ECE410/project/post_m3_Minor_Redesign/tb/tb_top.sv Line:256
Error: AXI MONITOR: core_C changed while core is idle
Time: 16165 ns  Iteration: 0  Process: /tb_top/u_mon//tb_top/u_mon  Scope: tb_top.u_mon  File: /run/media/sackb/Windows-SSD/Users/sackb/OneDrive/Desktop/University/Course_Work/2025-2026/Spring_2026/ECE_410/ECE410/project/post_m3_Minor_Redesign/tb/tb_top.sv Line: 257

Time: 16175 ns Started: 16165 ns Scope: /tb_top/u_mon File: /run/media/sackb/Windows-SSD/Users/sackb/OneDrive/Desktop/University/Course_Work/2025-2026/Spring_2026/ECE_410/ECE410/project/post_m3_Minor_Redesign/tb/tb_top.sv Line:256
Error: AXI MONITOR: core_C changed while core is idle
Time: 16175 ns  Iteration: 0  Process: /tb_top/u_mon//tb_top/u_mon  Scope: tb_top.u_mon  File: /run/media/sackb/Windows-SSD/Users/sackb/OneDrive/Desktop/University/Course_Work/2025-2026/Spring_2026/ECE_410/ECE410/project/post_m3_Minor_Redesign/tb/tb_top.sv Line: 257

Time: 16185 ns Started: 16175 ns Scope: /tb_top/u_mon File: /run/media/sackb/Windows-SSD/Users/sackb/OneDrive/Desktop/University/Course_Work/2025-2026/Spring_2026/ECE_410/ECE410/project/post_m3_Minor_Redesign/tb/tb_top.sv Line:256
Error: AXI MONITOR: core_C changed while core is idle
Time: 16185 ns  Iteration: 0  Process: /tb_top/u_mon//tb_top/u_mon  Scope: tb_top.u_mon  File: /run/media/sackb/Windows-SSD/Users/sackb/OneDrive/Desktop/University/Course_Work/2025-2026/Spring_2026/ECE_410/ECE410/project/post_m3_Minor_Redesign/tb/tb_top.sv Line: 257

Time: 16195 ns Started: 16185 ns Scope: /tb_top/u_mon File: /run/media/sackb/Windows-SSD/Users/sackb/OneDrive/Desktop/University/Course_Work/2025-2026/Spring_2026/ECE_410/ECE410/project/post_m3_Minor_Redesign/tb/tb_top.sv Line:256
Error: AXI MONITOR: core_C changed while core is idle
Time: 16195 ns  Iteration: 0  Process: /tb_top/u_mon//tb_top/u_mon  Scope: tb_top.u_mon  File: /run/media/sackb/Windows-SSD/Users/sackb/OneDrive/Desktop/University/Course_Work/2025-2026/Spring_2026/ECE_410/ECE410/project/post_m3_Minor_Redesign/tb/tb_top.sv Line: 257

Time: 16205 ns Started: 16195 ns Scope: /tb_top/u_mon File: /run/media/sackb/Windows-SSD/Users/sackb/OneDrive/Desktop/University/Course_Work/2025-2026/Spring_2026/ECE_410/ECE410/project/post_m3_Minor_Redesign/tb/tb_top.sv Line:256
Error: AXI MONITOR: core_C changed while core is idle
Time: 16205 ns  Iteration: 0  Process: /tb_top/u_mon//tb_top/u_mon  Scope: tb_top.u_mon  File: /run/media/sackb/Windows-SSD/Users/sackb/OneDrive/Desktop/University/Course_Work/2025-2026/Spring_2026/ECE_410/ECE410/project/post_m3_Minor_Redesign/tb/tb_top.sv Line: 257

Time: 16215 ns Started: 16205 ns Scope: /tb_top/u_mon File: /run/media/sackb/Windows-SSD/Users/sackb/OneDrive/Desktop/University/Course_Work/2025-2026/Spring_2026/ECE_410/ECE410/project/post_m3_Minor_Redesign/tb/tb_top.sv Line:256
Error: AXI MONITOR: core_C changed while core is idle
Time: 16215 ns  Iteration: 0  Process: /tb_top/u_mon//tb_top/u_mon  Scope: tb_top.u_mon  File: /run/media/sackb/Windows-SSD/Users/sackb/OneDrive/Desktop/University/Course_Work/2025-2026/Spring_2026/ECE_410/ECE410/project/post_m3_Minor_Redesign/tb/tb_top.sv Line: 257

Time: 16225 ns Started: 16215 ns Scope: /tb_top/u_mon File: /run/media/sackb/Windows-SSD/Users/sackb/OneDrive/Desktop/University/Course_Work/2025-2026/Spring_2026/ECE_410/ECE410/project/post_m3_Minor_Redesign/tb/tb_top.sv Line:256
Error: AXI MONITOR: core_C changed while core is idle
Time: 16225 ns  Iteration: 0  Process: /tb_top/u_mon//tb_top/u_mon  Scope: tb_top.u_mon  File: /run/media/sackb/Windows-SSD/Users/sackb/OneDrive/Desktop/University/Course_Work/2025-2026/Spring_2026/ECE_410/ECE410/project/post_m3_Minor_Redesign/tb/tb_top.sv Line: 257

Time: 16235 ns Started: 16225 ns Scope: /tb_top/u_mon File: /run/media/sackb/Windows-SSD/Users/sackb/OneDrive/Desktop/University/Course_Work/2025-2026/Spring_2026/ECE_410/ECE410/project/post_m3_Minor_Redesign/tb/tb_top.sv Line:256
Error: AXI MONITOR: core_C changed while core is idle
Time: 16235 ns  Iteration: 0  Process: /tb_top/u_mon//tb_top/u_mon  Scope: tb_top.u_mon  File: /run/media/sackb/Windows-SSD/Users/sackb/OneDrive/Desktop/University/Course_Work/2025-2026/Spring_2026/ECE_410/ECE410/project/post_m3_Minor_Redesign/tb/tb_top.sv Line: 257

Time: 16245 ns Started: 16235 ns Scope: /tb_top/u_mon File: /run/media/sackb/Windows-SSD/Users/sackb/OneDrive/Desktop/University/Course_Work/2025-2026/Spring_2026/ECE_410/ECE410/project/post_m3_Minor_Redesign/tb/tb_top.sv Line:256
Error: AXI MONITOR: core_C changed while core is idle
Time: 16245 ns  Iteration: 0  Process: /tb_top/u_mon//tb_top/u_mon  Scope: tb_top.u_mon  File: /run/media/sackb/Windows-SSD/Users/sackb/OneDrive/Desktop/University/Course_Work/2025-2026/Spring_2026/ECE_410/ECE410/project/post_m3_Minor_Redesign/tb/tb_top.sv Line: 257

Time: 16255 ns Started: 16245 ns Scope: /tb_top/u_mon File: /run/media/sackb/Windows-SSD/Users/sackb/OneDrive/Desktop/University/Course_Work/2025-2026/Spring_2026/ECE_410/ECE410/project/post_m3_Minor_Redesign/tb/tb_top.sv Line:256
Error: AXI MONITOR: core_C changed while core is idle
Time: 16255 ns  Iteration: 0  Process: /tb_top/u_mon//tb_top/u_mon  Scope: tb_top.u_mon  File: /run/media/sackb/Windows-SSD/Users/sackb/OneDrive/Desktop/University/Course_Work/2025-2026/Spring_2026/ECE_410/ECE410/project/post_m3_Minor_Redesign/tb/tb_top.sv Line: 257

Time: 16265 ns Started: 16255 ns Scope: /tb_top/u_mon File: /run/media/sackb/Windows-SSD/Users/sackb/OneDrive/Desktop/University/Course_Work/2025-2026/Spring_2026/ECE_410/ECE410/project/post_m3_Minor_Redesign/tb/tb_top.sv Line:256
Error: AXI MONITOR: core_C changed while core is idle
Time: 16265 ns  Iteration: 0  Process: /tb_top/u_mon//tb_top/u_mon  Scope: tb_top.u_mon  File: /run/media/sackb/Windows-SSD/Users/sackb/OneDrive/Desktop/University/Course_Work/2025-2026/Spring_2026/ECE_410/ECE410/project/post_m3_Minor_Redesign/tb/tb_top.sv Line: 257

Time: 16275 ns Started: 16265 ns Scope: /tb_top/u_mon File: /run/media/sackb/Windows-SSD/Users/sackb/OneDrive/Desktop/University/Course_Work/2025-2026/Spring_2026/ECE_410/ECE410/project/post_m3_Minor_Redesign/tb/tb_top.sv Line:256
Error: AXI MONITOR: core_C changed while core is idle
Time: 16275 ns  Iteration: 0  Process: /tb_top/u_mon//tb_top/u_mon  Scope: tb_top.u_mon  File: /run/media/sackb/Windows-SSD/Users/sackb/OneDrive/Desktop/University/Course_Work/2025-2026/Spring_2026/ECE_410/ECE410/project/post_m3_Minor_Redesign/tb/tb_top.sv Line: 257

Time: 16285 ns Started: 16275 ns Scope: /tb_top/u_mon File: /run/media/sackb/Windows-SSD/Users/sackb/OneDrive/Desktop/University/Course_Work/2025-2026/Spring_2026/ECE_410/ECE410/project/post_m3_Minor_Redesign/tb/tb_top.sv Line:256
Error: AXI MONITOR: core_C changed while core is idle
Time: 16285 ns  Iteration: 0  Process: /tb_top/u_mon//tb_top/u_mon  Scope: tb_top.u_mon  File: /run/media/sackb/Windows-SSD/Users/sackb/OneDrive/Desktop/University/Course_Work/2025-2026/Spring_2026/ECE_410/ECE410/project/post_m3_Minor_Redesign/tb/tb_top.sv Line: 257

Time: 16295 ns Started: 16285 ns Scope: /tb_top/u_mon File: /run/media/sackb/Windows-SSD/Users/sackb/OneDrive/Desktop/University/Course_Work/2025-2026/Spring_2026/ECE_410/ECE410/project/post_m3_Minor_Redesign/tb/tb_top.sv Line:256
Error: AXI MONITOR: core_C changed while core is idle
Time: 16295 ns  Iteration: 0  Process: /tb_top/u_mon//tb_top/u_mon  Scope: tb_top.u_mon  File: /run/media/sackb/Windows-SSD/Users/sackb/OneDrive/Desktop/University/Course_Work/2025-2026/Spring_2026/ECE_410/ECE410/project/post_m3_Minor_Redesign/tb/tb_top.sv Line: 257

Time: 16305 ns Started: 16295 ns Scope: /tb_top/u_mon File: /run/media/sackb/Windows-SSD/Users/sackb/OneDrive/Desktop/University/Course_Work/2025-2026/Spring_2026/ECE_410/ECE410/project/post_m3_Minor_Redesign/tb/tb_top.sv Line:256
Error: AXI MONITOR: core_C changed while core is idle
Time: 16305 ns  Iteration: 0  Process: /tb_top/u_mon//tb_top/u_mon  Scope: tb_top.u_mon  File: /run/media/sackb/Windows-SSD/Users/sackb/OneDrive/Desktop/University/Course_Work/2025-2026/Spring_2026/ECE_410/ECE410/project/post_m3_Minor_Redesign/tb/tb_top.sv Line: 257

Time: 16315 ns Started: 16305 ns Scope: /tb_top/u_mon File: /run/media/sackb/Windows-SSD/Users/sackb/OneDrive/Desktop/University/Course_Work/2025-2026/Spring_2026/ECE_410/ECE410/project/post_m3_Minor_Redesign/tb/tb_top.sv Line:256
Error: AXI MONITOR: core_C changed while core is idle
Time: 16315 ns  Iteration: 0  Process: /tb_top/u_mon//tb_top/u_mon  Scope: tb_top.u_mon  File: /run/media/sackb/Windows-SSD/Users/sackb/OneDrive/Desktop/University/Course_Work/2025-2026/Spring_2026/ECE_410/ECE410/project/post_m3_Minor_Redesign/tb/tb_top.sv Line: 257

Time: 16325 ns Started: 16315 ns Scope: /tb_top/u_mon File: /run/media/sackb/Windows-SSD/Users/sackb/OneDrive/Desktop/University/Course_Work/2025-2026/Spring_2026/ECE_410/ECE410/project/post_m3_Minor_Redesign/tb/tb_top.sv Line:256
Error: AXI MONITOR: core_C changed while core is idle
Time: 16325 ns  Iteration: 0  Process: /tb_top/u_mon//tb_top/u_mon  Scope: tb_top.u_mon  File: /run/media/sackb/Windows-SSD/Users/sackb/OneDrive/Desktop/University/Course_Work/2025-2026/Spring_2026/ECE_410/ECE410/project/post_m3_Minor_Redesign/tb/tb_top.sv Line: 257

Time: 16335 ns Started: 16325 ns Scope: /tb_top/u_mon File: /run/media/sackb/Windows-SSD/Users/sackb/OneDrive/Desktop/University/Course_Work/2025-2026/Spring_2026/ECE_410/ECE410/project/post_m3_Minor_Redesign/tb/tb_top.sv Line:256
Error: AXI MONITOR: core_C changed while core is idle
Time: 16335 ns  Iteration: 0  Process: /tb_top/u_mon//tb_top/u_mon  Scope: tb_top.u_mon  File: /run/media/sackb/Windows-SSD/Users/sackb/OneDrive/Desktop/University/Course_Work/2025-2026/Spring_2026/ECE_410/ECE410/project/post_m3_Minor_Redesign/tb/tb_top.sv Line: 257

Time: 16345 ns Started: 16335 ns Scope: /tb_top/u_mon File: /run/media/sackb/Windows-SSD/Users/sackb/OneDrive/Desktop/University/Course_Work/2025-2026/Spring_2026/ECE_410/ECE410/project/post_m3_Minor_Redesign/tb/tb_top.sv Line:256
Error: AXI MONITOR: core_C changed while core is idle
Time: 16345 ns  Iteration: 0  Process: /tb_top/u_mon//tb_top/u_mon  Scope: tb_top.u_mon  File: /run/media/sackb/Windows-SSD/Users/sackb/OneDrive/Desktop/University/Course_Work/2025-2026/Spring_2026/ECE_410/ECE410/project/post_m3_Minor_Redesign/tb/tb_top.sv Line: 257

Time: 16355 ns Started: 16345 ns Scope: /tb_top/u_mon File: /run/media/sackb/Windows-SSD/Users/sackb/OneDrive/Desktop/University/Course_Work/2025-2026/Spring_2026/ECE_410/ECE410/project/post_m3_Minor_Redesign/tb/tb_top.sv Line:256
Error: AXI MONITOR: core_C changed while core is idle
Time: 16355 ns  Iteration: 0  Process: /tb_top/u_mon//tb_top/u_mon  Scope: tb_top.u_mon  File: /run/media/sackb/Windows-SSD/Users/sackb/OneDrive/Desktop/University/Course_Work/2025-2026/Spring_2026/ECE_410/ECE410/project/post_m3_Minor_Redesign/tb/tb_top.sv Line: 257

Time: 16365 ns Started: 16355 ns Scope: /tb_top/u_mon File: /run/media/sackb/Windows-SSD/Users/sackb/OneDrive/Desktop/University/Course_Work/2025-2026/Spring_2026/ECE_410/ECE410/project/post_m3_Minor_Redesign/tb/tb_top.sv Line:256
Error: AXI MONITOR: core_C changed while core is idle
Time: 16365 ns  Iteration: 0  Process: /tb_top/u_mon//tb_top/u_mon  Scope: tb_top.u_mon  File: /run/media/sackb/Windows-SSD/Users/sackb/OneDrive/Desktop/University/Course_Work/2025-2026/Spring_2026/ECE_410/ECE410/project/post_m3_Minor_Redesign/tb/tb_top.sv Line: 257

Time: 16375 ns Started: 16365 ns Scope: /tb_top/u_mon File: /run/media/sackb/Windows-SSD/Users/sackb/OneDrive/Desktop/University/Course_Work/2025-2026/Spring_2026/ECE_410/ECE410/project/post_m3_Minor_Redesign/tb/tb_top.sv Line:256
Error: AXI MONITOR: core_C changed while core is idle
Time: 16375 ns  Iteration: 0  Process: /tb_top/u_mon//tb_top/u_mon  Scope: tb_top.u_mon  File: /run/media/sackb/Windows-SSD/Users/sackb/OneDrive/Desktop/University/Course_Work/2025-2026/Spring_2026/ECE_410/ECE410/project/post_m3_Minor_Redesign/tb/tb_top.sv Line: 257

Time: 16385 ns Started: 16375 ns Scope: /tb_top/u_mon File: /run/media/sackb/Windows-SSD/Users/sackb/OneDrive/Desktop/University/Course_Work/2025-2026/Spring_2026/ECE_410/ECE410/project/post_m3_Minor_Redesign/tb/tb_top.sv Line:256
Error: AXI MONITOR: core_C changed while core is idle
Time: 16385 ns  Iteration: 0  Process: /tb_top/u_mon//tb_top/u_mon  Scope: tb_top.u_mon  File: /run/media/sackb/Windows-SSD/Users/sackb/OneDrive/Desktop/University/Course_Work/2025-2026/Spring_2026/ECE_410/ECE410/project/post_m3_Minor_Redesign/tb/tb_top.sv Line: 257

Time: 16395 ns Started: 16385 ns Scope: /tb_top/u_mon File: /run/media/sackb/Windows-SSD/Users/sackb/OneDrive/Desktop/University/Course_Work/2025-2026/Spring_2026/ECE_410/ECE410/project/post_m3_Minor_Redesign/tb/tb_top.sv Line:256
Error: AXI MONITOR: core_C changed while core is idle
Time: 16395 ns  Iteration: 0  Process: /tb_top/u_mon//tb_top/u_mon  Scope: tb_top.u_mon  File: /run/media/sackb/Windows-SSD/Users/sackb/OneDrive/Desktop/University/Course_Work/2025-2026/Spring_2026/ECE_410/ECE410/project/post_m3_Minor_Redesign/tb/tb_top.sv Line: 257

Time: 16405 ns Started: 16395 ns Scope: /tb_top/u_mon File: /run/media/sackb/Windows-SSD/Users/sackb/OneDrive/Desktop/University/Course_Work/2025-2026/Spring_2026/ECE_410/ECE410/project/post_m3_Minor_Redesign/tb/tb_top.sv Line:256
Error: AXI MONITOR: core_C changed while core is idle
Time: 16405 ns  Iteration: 0  Process: /tb_top/u_mon//tb_top/u_mon  Scope: tb_top.u_mon  File: /run/media/sackb/Windows-SSD/Users/sackb/OneDrive/Desktop/University/Course_Work/2025-2026/Spring_2026/ECE_410/ECE410/project/post_m3_Minor_Redesign/tb/tb_top.sv Line: 257

Time: 16415 ns Started: 16405 ns Scope: /tb_top/u_mon File: /run/media/sackb/Windows-SSD/Users/sackb/OneDrive/Desktop/University/Course_Work/2025-2026/Spring_2026/ECE_410/ECE410/project/post_m3_Minor_Redesign/tb/tb_top.sv Line:256
Error: AXI MONITOR: core_C changed while core is idle
Time: 16415 ns  Iteration: 0  Process: /tb_top/u_mon//tb_top/u_mon  Scope: tb_top.u_mon  File: /run/media/sackb/Windows-SSD/Users/sackb/OneDrive/Desktop/University/Course_Work/2025-2026/Spring_2026/ECE_410/ECE410/project/post_m3_Minor_Redesign/tb/tb_top.sv Line: 257

Time: 16425 ns Started: 16415 ns Scope: /tb_top/u_mon File: /run/media/sackb/Windows-SSD/Users/sackb/OneDrive/Desktop/University/Course_Work/2025-2026/Spring_2026/ECE_410/ECE410/project/post_m3_Minor_Redesign/tb/tb_top.sv Line:256
Error: AXI MONITOR: core_C changed while core is idle
Time: 16425 ns  Iteration: 0  Process: /tb_top/u_mon//tb_top/u_mon  Scope: tb_top.u_mon  File: /run/media/sackb/Windows-SSD/Users/sackb/OneDrive/Desktop/University/Course_Work/2025-2026/Spring_2026/ECE_410/ECE410/project/post_m3_Minor_Redesign/tb/tb_top.sv Line: 257

Time: 16435 ns Started: 16425 ns Scope: /tb_top/u_mon File: /run/media/sackb/Windows-SSD/Users/sackb/OneDrive/Desktop/University/Course_Work/2025-2026/Spring_2026/ECE_410/ECE410/project/post_m3_Minor_Redesign/tb/tb_top.sv Line:256
Error: AXI MONITOR: core_C changed while core is idle
Time: 16435 ns  Iteration: 0  Process: /tb_top/u_mon//tb_top/u_mon  Scope: tb_top.u_mon  File: /run/media/sackb/Windows-SSD/Users/sackb/OneDrive/Desktop/University/Course_Work/2025-2026/Spring_2026/ECE_410/ECE410/project/post_m3_Minor_Redesign/tb/tb_top.sv Line: 257

Time: 16445 ns Started: 16435 ns Scope: /tb_top/u_mon File: /run/media/sackb/Windows-SSD/Users/sackb/OneDrive/Desktop/University/Course_Work/2025-2026/Spring_2026/ECE_410/ECE410/project/post_m3_Minor_Redesign/tb/tb_top.sv Line:256
Error: AXI MONITOR: core_C changed while core is idle
Time: 16445 ns  Iteration: 0  Process: /tb_top/u_mon//tb_top/u_mon  Scope: tb_top.u_mon  File: /run/media/sackb/Windows-SSD/Users/sackb/OneDrive/Desktop/University/Course_Work/2025-2026/Spring_2026/ECE_410/ECE410/project/post_m3_Minor_Redesign/tb/tb_top.sv Line: 257

Time: 16455 ns Started: 16445 ns Scope: /tb_top/u_mon File: /run/media/sackb/Windows-SSD/Users/sackb/OneDrive/Desktop/University/Course_Work/2025-2026/Spring_2026/ECE_410/ECE410/project/post_m3_Minor_Redesign/tb/tb_top.sv Line:256
Error: AXI MONITOR: core_C changed while core is idle
Time: 16455 ns  Iteration: 0  Process: /tb_top/u_mon//tb_top/u_mon  Scope: tb_top.u_mon  File: /run/media/sackb/Windows-SSD/Users/sackb/OneDrive/Desktop/University/Course_Work/2025-2026/Spring_2026/ECE_410/ECE410/project/post_m3_Minor_Redesign/tb/tb_top.sv Line: 257

Time: 16465 ns Started: 16455 ns Scope: /tb_top/u_mon File: /run/media/sackb/Windows-SSD/Users/sackb/OneDrive/Desktop/University/Course_Work/2025-2026/Spring_2026/ECE_410/ECE410/project/post_m3_Minor_Redesign/tb/tb_top.sv Line:256
Error: AXI MONITOR: core_C changed while core is idle
Time: 16465 ns  Iteration: 0  Process: /tb_top/u_mon//tb_top/u_mon  Scope: tb_top.u_mon  File: /run/media/sackb/Windows-SSD/Users/sackb/OneDrive/Desktop/University/Course_Work/2025-2026/Spring_2026/ECE_410/ECE410/project/post_m3_Minor_Redesign/tb/tb_top.sv Line: 257

Time: 16475 ns Started: 16465 ns Scope: /tb_top/u_mon File: /run/media/sackb/Windows-SSD/Users/sackb/OneDrive/Desktop/University/Course_Work/2025-2026/Spring_2026/ECE_410/ECE410/project/post_m3_Minor_Redesign/tb/tb_top.sv Line:256
Error: AXI MONITOR: core_C changed while core is idle
Time: 16475 ns  Iteration: 0  Process: /tb_top/u_mon//tb_top/u_mon  Scope: tb_top.u_mon  File: /run/media/sackb/Windows-SSD/Users/sackb/OneDrive/Desktop/University/Course_Work/2025-2026/Spring_2026/ECE_410/ECE410/project/post_m3_Minor_Redesign/tb/tb_top.sv Line: 257

Time: 16485 ns Started: 16475 ns Scope: /tb_top/u_mon File: /run/media/sackb/Windows-SSD/Users/sackb/OneDrive/Desktop/University/Course_Work/2025-2026/Spring_2026/ECE_410/ECE410/project/post_m3_Minor_Redesign/tb/tb_top.sv Line:256
Error: AXI MONITOR: core_C changed while core is idle
Time: 16485 ns  Iteration: 0  Process: /tb_top/u_mon//tb_top/u_mon  Scope: tb_top.u_mon  File: /run/media/sackb/Windows-SSD/Users/sackb/OneDrive/Desktop/University/Course_Work/2025-2026/Spring_2026/ECE_410/ECE410/project/post_m3_Minor_Redesign/tb/tb_top.sv Line: 257

Time: 16495 ns Started: 16485 ns Scope: /tb_top/u_mon File: /run/media/sackb/Windows-SSD/Users/sackb/OneDrive/Desktop/University/Course_Work/2025-2026/Spring_2026/ECE_410/ECE410/project/post_m3_Minor_Redesign/tb/tb_top.sv Line:256
Error: AXI MONITOR: core_C changed while core is idle
Time: 16495 ns  Iteration: 0  Process: /tb_top/u_mon//tb_top/u_mon  Scope: tb_top.u_mon  File: /run/media/sackb/Windows-SSD/Users/sackb/OneDrive/Desktop/University/Course_Work/2025-2026/Spring_2026/ECE_410/ECE410/project/post_m3_Minor_Redesign/tb/tb_top.sv Line: 257

Time: 16505 ns Started: 16495 ns Scope: /tb_top/u_mon File: /run/media/sackb/Windows-SSD/Users/sackb/OneDrive/Desktop/University/Course_Work/2025-2026/Spring_2026/ECE_410/ECE410/project/post_m3_Minor_Redesign/tb/tb_top.sv Line:256
Error: AXI MONITOR: core_C changed while core is idle
Time: 16505 ns  Iteration: 0  Process: /tb_top/u_mon//tb_top/u_mon  Scope: tb_top.u_mon  File: /run/media/sackb/Windows-SSD/Users/sackb/OneDrive/Desktop/University/Course_Work/2025-2026/Spring_2026/ECE_410/ECE410/project/post_m3_Minor_Redesign/tb/tb_top.sv Line: 257

Time: 16515 ns Started: 16505 ns Scope: /tb_top/u_mon File: /run/media/sackb/Windows-SSD/Users/sackb/OneDrive/Desktop/University/Course_Work/2025-2026/Spring_2026/ECE_410/ECE410/project/post_m3_Minor_Redesign/tb/tb_top.sv Line:256
Error: AXI MONITOR: core_C changed while core is idle
Time: 16515 ns  Iteration: 0  Process: /tb_top/u_mon//tb_top/u_mon  Scope: tb_top.u_mon  File: /run/media/sackb/Windows-SSD/Users/sackb/OneDrive/Desktop/University/Course_Work/2025-2026/Spring_2026/ECE_410/ECE410/project/post_m3_Minor_Redesign/tb/tb_top.sv Line: 257

Time: 16525 ns Started: 16515 ns Scope: /tb_top/u_mon File: /run/media/sackb/Windows-SSD/Users/sackb/OneDrive/Desktop/University/Course_Work/2025-2026/Spring_2026/ECE_410/ECE410/project/post_m3_Minor_Redesign/tb/tb_top.sv Line:256
Error: AXI MONITOR: core_C changed while core is idle
Time: 16525 ns  Iteration: 0  Process: /tb_top/u_mon//tb_top/u_mon  Scope: tb_top.u_mon  File: /run/media/sackb/Windows-SSD/Users/sackb/OneDrive/Desktop/University/Course_Work/2025-2026/Spring_2026/ECE_410/ECE410/project/post_m3_Minor_Redesign/tb/tb_top.sv Line: 257

Time: 16535 ns Started: 16525 ns Scope: /tb_top/u_mon File: /run/media/sackb/Windows-SSD/Users/sackb/OneDrive/Desktop/University/Course_Work/2025-2026/Spring_2026/ECE_410/ECE410/project/post_m3_Minor_Redesign/tb/tb_top.sv Line:256
Error: AXI MONITOR: core_C changed while core is idle
Time: 16535 ns  Iteration: 0  Process: /tb_top/u_mon//tb_top/u_mon  Scope: tb_top.u_mon  File: /run/media/sackb/Windows-SSD/Users/sackb/OneDrive/Desktop/University/Course_Work/2025-2026/Spring_2026/ECE_410/ECE410/project/post_m3_Minor_Redesign/tb/tb_top.sv Line: 257

Time: 16545 ns Started: 16535 ns Scope: /tb_top/u_mon File: /run/media/sackb/Windows-SSD/Users/sackb/OneDrive/Desktop/University/Course_Work/2025-2026/Spring_2026/ECE_410/ECE410/project/post_m3_Minor_Redesign/tb/tb_top.sv Line:256
Error: AXI MONITOR: core_C changed while core is idle
Time: 16545 ns  Iteration: 0  Process: /tb_top/u_mon//tb_top/u_mon  Scope: tb_top.u_mon  File: /run/media/sackb/Windows-SSD/Users/sackb/OneDrive/Desktop/University/Course_Work/2025-2026/Spring_2026/ECE_410/ECE410/project/post_m3_Minor_Redesign/tb/tb_top.sv Line: 257

Time: 16555 ns Started: 16545 ns Scope: /tb_top/u_mon File: /run/media/sackb/Windows-SSD/Users/sackb/OneDrive/Desktop/University/Course_Work/2025-2026/Spring_2026/ECE_410/ECE410/project/post_m3_Minor_Redesign/tb/tb_top.sv Line:256
Error: AXI MONITOR: core_C changed while core is idle
Time: 16555 ns  Iteration: 0  Process: /tb_top/u_mon//tb_top/u_mon  Scope: tb_top.u_mon  File: /run/media/sackb/Windows-SSD/Users/sackb/OneDrive/Desktop/University/Course_Work/2025-2026/Spring_2026/ECE_410/ECE410/project/post_m3_Minor_Redesign/tb/tb_top.sv Line: 257

Time: 16565 ns Started: 16555 ns Scope: /tb_top/u_mon File: /run/media/sackb/Windows-SSD/Users/sackb/OneDrive/Desktop/University/Course_Work/2025-2026/Spring_2026/ECE_410/ECE410/project/post_m3_Minor_Redesign/tb/tb_top.sv Line:256
Error: AXI MONITOR: core_C changed while core is idle
Time: 16565 ns  Iteration: 0  Process: /tb_top/u_mon//tb_top/u_mon  Scope: tb_top.u_mon  File: /run/media/sackb/Windows-SSD/Users/sackb/OneDrive/Desktop/University/Course_Work/2025-2026/Spring_2026/ECE_410/ECE410/project/post_m3_Minor_Redesign/tb/tb_top.sv Line: 257

Time: 16575 ns Started: 16565 ns Scope: /tb_top/u_mon File: /run/media/sackb/Windows-SSD/Users/sackb/OneDrive/Desktop/University/Course_Work/2025-2026/Spring_2026/ECE_410/ECE410/project/post_m3_Minor_Redesign/tb/tb_top.sv Line:256
Error: AXI MONITOR: core_C changed while core is idle
Time: 16575 ns  Iteration: 0  Process: /tb_top/u_mon//tb_top/u_mon  Scope: tb_top.u_mon  File: /run/media/sackb/Windows-SSD/Users/sackb/OneDrive/Desktop/University/Course_Work/2025-2026/Spring_2026/ECE_410/ECE410/project/post_m3_Minor_Redesign/tb/tb_top.sv Line: 257

Time: 16585 ns Started: 16575 ns Scope: /tb_top/u_mon File: /run/media/sackb/Windows-SSD/Users/sackb/OneDrive/Desktop/University/Course_Work/2025-2026/Spring_2026/ECE_410/ECE410/project/post_m3_Minor_Redesign/tb/tb_top.sv Line:256
Error: AXI MONITOR: core_C changed while core is idle
Time: 16585 ns  Iteration: 0  Process: /tb_top/u_mon//tb_top/u_mon  Scope: tb_top.u_mon  File: /run/media/sackb/Windows-SSD/Users/sackb/OneDrive/Desktop/University/Course_Work/2025-2026/Spring_2026/ECE_410/ECE410/project/post_m3_Minor_Redesign/tb/tb_top.sv Line: 257

Time: 16595 ns Started: 16585 ns Scope: /tb_top/u_mon File: /run/media/sackb/Windows-SSD/Users/sackb/OneDrive/Desktop/University/Course_Work/2025-2026/Spring_2026/ECE_410/ECE410/project/post_m3_Minor_Redesign/tb/tb_top.sv Line:256
Error: AXI MONITOR: core_C changed while core is idle
Time: 16595 ns  Iteration: 0  Process: /tb_top/u_mon//tb_top/u_mon  Scope: tb_top.u_mon  File: /run/media/sackb/Windows-SSD/Users/sackb/OneDrive/Desktop/University/Course_Work/2025-2026/Spring_2026/ECE_410/ECE410/project/post_m3_Minor_Redesign/tb/tb_top.sv Line: 257

Time: 16605 ns Started: 16595 ns Scope: /tb_top/u_mon File: /run/media/sackb/Windows-SSD/Users/sackb/OneDrive/Desktop/University/Course_Work/2025-2026/Spring_2026/ECE_410/ECE410/project/post_m3_Minor_Redesign/tb/tb_top.sv Line:256
Error: AXI MONITOR: core_C changed while core is idle
Time: 16605 ns  Iteration: 0  Process: /tb_top/u_mon//tb_top/u_mon  Scope: tb_top.u_mon  File: /run/media/sackb/Windows-SSD/Users/sackb/OneDrive/Desktop/University/Course_Work/2025-2026/Spring_2026/ECE_410/ECE410/project/post_m3_Minor_Redesign/tb/tb_top.sv Line: 257

Time: 16615 ns Started: 16605 ns Scope: /tb_top/u_mon File: /run/media/sackb/Windows-SSD/Users/sackb/OneDrive/Desktop/University/Course_Work/2025-2026/Spring_2026/ECE_410/ECE410/project/post_m3_Minor_Redesign/tb/tb_top.sv Line:256
Error: AXI MONITOR: core_C changed while core is idle
Time: 16615 ns  Iteration: 0  Process: /tb_top/u_mon//tb_top/u_mon  Scope: tb_top.u_mon  File: /run/media/sackb/Windows-SSD/Users/sackb/OneDrive/Desktop/University/Course_Work/2025-2026/Spring_2026/ECE_410/ECE410/project/post_m3_Minor_Redesign/tb/tb_top.sv Line: 257

Time: 16625 ns Started: 16615 ns Scope: /tb_top/u_mon File: /run/media/sackb/Windows-SSD/Users/sackb/OneDrive/Desktop/University/Course_Work/2025-2026/Spring_2026/ECE_410/ECE410/project/post_m3_Minor_Redesign/tb/tb_top.sv Line:256
Error: AXI MONITOR: core_C changed while core is idle
Time: 16625 ns  Iteration: 0  Process: /tb_top/u_mon//tb_top/u_mon  Scope: tb_top.u_mon  File: /run/media/sackb/Windows-SSD/Users/sackb/OneDrive/Desktop/University/Course_Work/2025-2026/Spring_2026/ECE_410/ECE410/project/post_m3_Minor_Redesign/tb/tb_top.sv Line: 257

Time: 16635 ns Started: 16625 ns Scope: /tb_top/u_mon File: /run/media/sackb/Windows-SSD/Users/sackb/OneDrive/Desktop/University/Course_Work/2025-2026/Spring_2026/ECE_410/ECE410/project/post_m3_Minor_Redesign/tb/tb_top.sv Line:256
Error: AXI MONITOR: core_C changed while core is idle
Time: 16635 ns  Iteration: 0  Process: /tb_top/u_mon//tb_top/u_mon  Scope: tb_top.u_mon  File: /run/media/sackb/Windows-SSD/Users/sackb/OneDrive/Desktop/University/Course_Work/2025-2026/Spring_2026/ECE_410/ECE410/project/post_m3_Minor_Redesign/tb/tb_top.sv Line: 257

Time: 16645 ns Started: 16635 ns Scope: /tb_top/u_mon File: /run/media/sackb/Windows-SSD/Users/sackb/OneDrive/Desktop/University/Course_Work/2025-2026/Spring_2026/ECE_410/ECE410/project/post_m3_Minor_Redesign/tb/tb_top.sv Line:256
Error: AXI MONITOR: core_C changed while core is idle
Time: 16645 ns  Iteration: 0  Process: /tb_top/u_mon//tb_top/u_mon  Scope: tb_top.u_mon  File: /run/media/sackb/Windows-SSD/Users/sackb/OneDrive/Desktop/University/Course_Work/2025-2026/Spring_2026/ECE_410/ECE410/project/post_m3_Minor_Redesign/tb/tb_top.sv Line: 257

Time: 16655 ns Started: 16645 ns Scope: /tb_top/u_mon File: /run/media/sackb/Windows-SSD/Users/sackb/OneDrive/Desktop/University/Course_Work/2025-2026/Spring_2026/ECE_410/ECE410/project/post_m3_Minor_Redesign/tb/tb_top.sv Line:256
Error: AXI MONITOR: core_C changed while core is idle
Time: 16655 ns  Iteration: 0  Process: /tb_top/u_mon//tb_top/u_mon  Scope: tb_top.u_mon  File: /run/media/sackb/Windows-SSD/Users/sackb/OneDrive/Desktop/University/Course_Work/2025-2026/Spring_2026/ECE_410/ECE410/project/post_m3_Minor_Redesign/tb/tb_top.sv Line: 257

Time: 16665 ns Started: 16655 ns Scope: /tb_top/u_mon File: /run/media/sackb/Windows-SSD/Users/sackb/OneDrive/Desktop/University/Course_Work/2025-2026/Spring_2026/ECE_410/ECE410/project/post_m3_Minor_Redesign/tb/tb_top.sv Line:256
Error: AXI MONITOR: core_C changed while core is idle
Time: 16665 ns  Iteration: 0  Process: /tb_top/u_mon//tb_top/u_mon  Scope: tb_top.u_mon  File: /run/media/sackb/Windows-SSD/Users/sackb/OneDrive/Desktop/University/Course_Work/2025-2026/Spring_2026/ECE_410/ECE410/project/post_m3_Minor_Redesign/tb/tb_top.sv Line: 257

Time: 16675 ns Started: 16665 ns Scope: /tb_top/u_mon File: /run/media/sackb/Windows-SSD/Users/sackb/OneDrive/Desktop/University/Course_Work/2025-2026/Spring_2026/ECE_410/ECE410/project/post_m3_Minor_Redesign/tb/tb_top.sv Line:256
Error: AXI MONITOR: core_C changed while core is idle
Time: 16675 ns  Iteration: 0  Process: /tb_top/u_mon//tb_top/u_mon  Scope: tb_top.u_mon  File: /run/media/sackb/Windows-SSD/Users/sackb/OneDrive/Desktop/University/Course_Work/2025-2026/Spring_2026/ECE_410/ECE410/project/post_m3_Minor_Redesign/tb/tb_top.sv Line: 257

Time: 16685 ns Started: 16675 ns Scope: /tb_top/u_mon File: /run/media/sackb/Windows-SSD/Users/sackb/OneDrive/Desktop/University/Course_Work/2025-2026/Spring_2026/ECE_410/ECE410/project/post_m3_Minor_Redesign/tb/tb_top.sv Line:256
Error: AXI MONITOR: core_C changed while core is idle
Time: 16685 ns  Iteration: 0  Process: /tb_top/u_mon//tb_top/u_mon  Scope: tb_top.u_mon  File: /run/media/sackb/Windows-SSD/Users/sackb/OneDrive/Desktop/University/Course_Work/2025-2026/Spring_2026/ECE_410/ECE410/project/post_m3_Minor_Redesign/tb/tb_top.sv Line: 257

Time: 16695 ns Started: 16685 ns Scope: /tb_top/u_mon File: /run/media/sackb/Windows-SSD/Users/sackb/OneDrive/Desktop/University/Course_Work/2025-2026/Spring_2026/ECE_410/ECE410/project/post_m3_Minor_Redesign/tb/tb_top.sv Line:256
Error: AXI MONITOR: core_C changed while core is idle
Time: 16695 ns  Iteration: 0  Process: /tb_top/u_mon//tb_top/u_mon  Scope: tb_top.u_mon  File: /run/media/sackb/Windows-SSD/Users/sackb/OneDrive/Desktop/University/Course_Work/2025-2026/Spring_2026/ECE_410/ECE410/project/post_m3_Minor_Redesign/tb/tb_top.sv Line: 257

Time: 16705 ns Started: 16695 ns Scope: /tb_top/u_mon File: /run/media/sackb/Windows-SSD/Users/sackb/OneDrive/Desktop/University/Course_Work/2025-2026/Spring_2026/ECE_410/ECE410/project/post_m3_Minor_Redesign/tb/tb_top.sv Line:256
Error: AXI MONITOR: core_C changed while core is idle
Time: 16705 ns  Iteration: 0  Process: /tb_top/u_mon//tb_top/u_mon  Scope: tb_top.u_mon  File: /run/media/sackb/Windows-SSD/Users/sackb/OneDrive/Desktop/University/Course_Work/2025-2026/Spring_2026/ECE_410/ECE410/project/post_m3_Minor_Redesign/tb/tb_top.sv Line: 257

Time: 16715 ns Started: 16705 ns Scope: /tb_top/u_mon File: /run/media/sackb/Windows-SSD/Users/sackb/OneDrive/Desktop/University/Course_Work/2025-2026/Spring_2026/ECE_410/ECE410/project/post_m3_Minor_Redesign/tb/tb_top.sv Line:256
Error: AXI MONITOR: core_C changed while core is idle
Time: 16715 ns  Iteration: 0  Process: /tb_top/u_mon//tb_top/u_mon  Scope: tb_top.u_mon  File: /run/media/sackb/Windows-SSD/Users/sackb/OneDrive/Desktop/University/Course_Work/2025-2026/Spring_2026/ECE_410/ECE410/project/post_m3_Minor_Redesign/tb/tb_top.sv Line: 257

Time: 16725 ns Started: 16715 ns Scope: /tb_top/u_mon File: /run/media/sackb/Windows-SSD/Users/sackb/OneDrive/Desktop/University/Course_Work/2025-2026/Spring_2026/ECE_410/ECE410/project/post_m3_Minor_Redesign/tb/tb_top.sv Line:256
Error: AXI MONITOR: core_C changed while core is idle
Time: 16725 ns  Iteration: 0  Process: /tb_top/u_mon//tb_top/u_mon  Scope: tb_top.u_mon  File: /run/media/sackb/Windows-SSD/Users/sackb/OneDrive/Desktop/University/Course_Work/2025-2026/Spring_2026/ECE_410/ECE410/project/post_m3_Minor_Redesign/tb/tb_top.sv Line: 257

Time: 16735 ns Started: 16725 ns Scope: /tb_top/u_mon File: /run/media/sackb/Windows-SSD/Users/sackb/OneDrive/Desktop/University/Course_Work/2025-2026/Spring_2026/ECE_410/ECE410/project/post_m3_Minor_Redesign/tb/tb_top.sv Line:256
Error: AXI MONITOR: core_C changed while core is idle
Time: 16735 ns  Iteration: 0  Process: /tb_top/u_mon//tb_top/u_mon  Scope: tb_top.u_mon  File: /run/media/sackb/Windows-SSD/Users/sackb/OneDrive/Desktop/University/Course_Work/2025-2026/Spring_2026/ECE_410/ECE410/project/post_m3_Minor_Redesign/tb/tb_top.sv Line: 257

Time: 16745 ns Started: 16735 ns Scope: /tb_top/u_mon File: /run/media/sackb/Windows-SSD/Users/sackb/OneDrive/Desktop/University/Course_Work/2025-2026/Spring_2026/ECE_410/ECE410/project/post_m3_Minor_Redesign/tb/tb_top.sv Line:256
Error: AXI MONITOR: core_C changed while core is idle
Time: 16745 ns  Iteration: 0  Process: /tb_top/u_mon//tb_top/u_mon  Scope: tb_top.u_mon  File: /run/media/sackb/Windows-SSD/Users/sackb/OneDrive/Desktop/University/Course_Work/2025-2026/Spring_2026/ECE_410/ECE410/project/post_m3_Minor_Redesign/tb/tb_top.sv Line: 257

Time: 16755 ns Started: 16745 ns Scope: /tb_top/u_mon File: /run/media/sackb/Windows-SSD/Users/sackb/OneDrive/Desktop/University/Course_Work/2025-2026/Spring_2026/ECE_410/ECE410/project/post_m3_Minor_Redesign/tb/tb_top.sv Line:256
Error: AXI MONITOR: core_C changed while core is idle
Time: 16755 ns  Iteration: 0  Process: /tb_top/u_mon//tb_top/u_mon  Scope: tb_top.u_mon  File: /run/media/sackb/Windows-SSD/Users/sackb/OneDrive/Desktop/University/Course_Work/2025-2026/Spring_2026/ECE_410/ECE410/project/post_m3_Minor_Redesign/tb/tb_top.sv Line: 257

Time: 16765 ns Started: 16755 ns Scope: /tb_top/u_mon File: /run/media/sackb/Windows-SSD/Users/sackb/OneDrive/Desktop/University/Course_Work/2025-2026/Spring_2026/ECE_410/ECE410/project/post_m3_Minor_Redesign/tb/tb_top.sv Line:256
Error: AXI MONITOR: core_C changed while core is idle
Time: 16765 ns  Iteration: 0  Process: /tb_top/u_mon//tb_top/u_mon  Scope: tb_top.u_mon  File: /run/media/sackb/Windows-SSD/Users/sackb/OneDrive/Desktop/University/Course_Work/2025-2026/Spring_2026/ECE_410/ECE410/project/post_m3_Minor_Redesign/tb/tb_top.sv Line: 257

Time: 16775 ns Started: 16765 ns Scope: /tb_top/u_mon File: /run/media/sackb/Windows-SSD/Users/sackb/OneDrive/Desktop/University/Course_Work/2025-2026/Spring_2026/ECE_410/ECE410/project/post_m3_Minor_Redesign/tb/tb_top.sv Line:256
Error: AXI MONITOR: core_C changed while core is idle
Time: 16775 ns  Iteration: 0  Process: /tb_top/u_mon//tb_top/u_mon  Scope: tb_top.u_mon  File: /run/media/sackb/Windows-SSD/Users/sackb/OneDrive/Desktop/University/Course_Work/2025-2026/Spring_2026/ECE_410/ECE410/project/post_m3_Minor_Redesign/tb/tb_top.sv Line: 257

Time: 16785 ns Started: 16775 ns Scope: /tb_top/u_mon File: /run/media/sackb/Windows-SSD/Users/sackb/OneDrive/Desktop/University/Course_Work/2025-2026/Spring_2026/ECE_410/ECE410/project/post_m3_Minor_Redesign/tb/tb_top.sv Line:256
Error: AXI MONITOR: core_C changed while core is idle
Time: 16785 ns  Iteration: 0  Process: /tb_top/u_mon//tb_top/u_mon  Scope: tb_top.u_mon  File: /run/media/sackb/Windows-SSD/Users/sackb/OneDrive/Desktop/University/Course_Work/2025-2026/Spring_2026/ECE_410/ECE410/project/post_m3_Minor_Redesign/tb/tb_top.sv Line: 257

Time: 16795 ns Started: 16785 ns Scope: /tb_top/u_mon File: /run/media/sackb/Windows-SSD/Users/sackb/OneDrive/Desktop/University/Course_Work/2025-2026/Spring_2026/ECE_410/ECE410/project/post_m3_Minor_Redesign/tb/tb_top.sv Line:256
Error: AXI MONITOR: core_C changed while core is idle
Time: 16795 ns  Iteration: 0  Process: /tb_top/u_mon//tb_top/u_mon  Scope: tb_top.u_mon  File: /run/media/sackb/Windows-SSD/Users/sackb/OneDrive/Desktop/University/Course_Work/2025-2026/Spring_2026/ECE_410/ECE410/project/post_m3_Minor_Redesign/tb/tb_top.sv Line: 257

Time: 16805 ns Started: 16795 ns Scope: /tb_top/u_mon File: /run/media/sackb/Windows-SSD/Users/sackb/OneDrive/Desktop/University/Course_Work/2025-2026/Spring_2026/ECE_410/ECE410/project/post_m3_Minor_Redesign/tb/tb_top.sv Line:256
Error: AXI MONITOR: core_C changed while core is idle
Time: 16805 ns  Iteration: 0  Process: /tb_top/u_mon//tb_top/u_mon  Scope: tb_top.u_mon  File: /run/media/sackb/Windows-SSD/Users/sackb/OneDrive/Desktop/University/Course_Work/2025-2026/Spring_2026/ECE_410/ECE410/project/post_m3_Minor_Redesign/tb/tb_top.sv Line: 257

Time: 16815 ns Started: 16805 ns Scope: /tb_top/u_mon File: /run/media/sackb/Windows-SSD/Users/sackb/OneDrive/Desktop/University/Course_Work/2025-2026/Spring_2026/ECE_410/ECE410/project/post_m3_Minor_Redesign/tb/tb_top.sv Line:256
Error: AXI MONITOR: core_C changed while core is idle
Time: 16815 ns  Iteration: 0  Process: /tb_top/u_mon//tb_top/u_mon  Scope: tb_top.u_mon  File: /run/media/sackb/Windows-SSD/Users/sackb/OneDrive/Desktop/University/Course_Work/2025-2026/Spring_2026/ECE_410/ECE410/project/post_m3_Minor_Redesign/tb/tb_top.sv Line: 257

Time: 17445 ns Started: 17435 ns Scope: /tb_top/u_mon File: /run/media/sackb/Windows-SSD/Users/sackb/OneDrive/Desktop/University/Course_Work/2025-2026/Spring_2026/ECE_410/ECE410/project/post_m3_Minor_Redesign/tb/tb_top.sv Line:256
Error: AXI MONITOR: core_C changed while core is idle
Time: 17445 ns  Iteration: 0  Process: /tb_top/u_mon//tb_top/u_mon  Scope: tb_top.u_mon  File: /run/media/sackb/Windows-SSD/Users/sackb/OneDrive/Desktop/University/Course_Work/2025-2026/Spring_2026/ECE_410/ECE410/project/post_m3_Minor_Redesign/tb/tb_top.sv Line: 257

Time: 17455 ns Started: 17445 ns Scope: /tb_top/u_mon File: /run/media/sackb/Windows-SSD/Users/sackb/OneDrive/Desktop/University/Course_Work/2025-2026/Spring_2026/ECE_410/ECE410/project/post_m3_Minor_Redesign/tb/tb_top.sv Line:256
Error: AXI MONITOR: core_C changed while core is idle
Time: 17455 ns  Iteration: 0  Process: /tb_top/u_mon//tb_top/u_mon  Scope: tb_top.u_mon  File: /run/media/sackb/Windows-SSD/Users/sackb/OneDrive/Desktop/University/Course_Work/2025-2026/Spring_2026/ECE_410/ECE410/project/post_m3_Minor_Redesign/tb/tb_top.sv Line: 257

Time: 17465 ns Started: 17455 ns Scope: /tb_top/u_mon File: /run/media/sackb/Windows-SSD/Users/sackb/OneDrive/Desktop/University/Course_Work/2025-2026/Spring_2026/ECE_410/ECE410/project/post_m3_Minor_Redesign/tb/tb_top.sv Line:256
Error: AXI MONITOR: core_C changed while core is idle
Time: 17465 ns  Iteration: 0  Process: /tb_top/u_mon//tb_top/u_mon  Scope: tb_top.u_mon  File: /run/media/sackb/Windows-SSD/Users/sackb/OneDrive/Desktop/University/Course_Work/2025-2026/Spring_2026/ECE_410/ECE410/project/post_m3_Minor_Redesign/tb/tb_top.sv Line: 257

Time: 17475 ns Started: 17465 ns Scope: /tb_top/u_mon File: /run/media/sackb/Windows-SSD/Users/sackb/OneDrive/Desktop/University/Course_Work/2025-2026/Spring_2026/ECE_410/ECE410/project/post_m3_Minor_Redesign/tb/tb_top.sv Line:256
Error: AXI MONITOR: core_C changed while core is idle
Time: 17475 ns  Iteration: 0  Process: /tb_top/u_mon//tb_top/u_mon  Scope: tb_top.u_mon  File: /run/media/sackb/Windows-SSD/Users/sackb/OneDrive/Desktop/University/Course_Work/2025-2026/Spring_2026/ECE_410/ECE410/project/post_m3_Minor_Redesign/tb/tb_top.sv Line: 257

Time: 17485 ns Started: 17475 ns Scope: /tb_top/u_mon File: /run/media/sackb/Windows-SSD/Users/sackb/OneDrive/Desktop/University/Course_Work/2025-2026/Spring_2026/ECE_410/ECE410/project/post_m3_Minor_Redesign/tb/tb_top.sv Line:256
Error: AXI MONITOR: core_C changed while core is idle
Time: 17485 ns  Iteration: 0  Process: /tb_top/u_mon//tb_top/u_mon  Scope: tb_top.u_mon  File: /run/media/sackb/Windows-SSD/Users/sackb/OneDrive/Desktop/University/Course_Work/2025-2026/Spring_2026/ECE_410/ECE410/project/post_m3_Minor_Redesign/tb/tb_top.sv Line: 257

Time: 17495 ns Started: 17485 ns Scope: /tb_top/u_mon File: /run/media/sackb/Windows-SSD/Users/sackb/OneDrive/Desktop/University/Course_Work/2025-2026/Spring_2026/ECE_410/ECE410/project/post_m3_Minor_Redesign/tb/tb_top.sv Line:256
Error: AXI MONITOR: core_C changed while core is idle
Time: 17495 ns  Iteration: 0  Process: /tb_top/u_mon//tb_top/u_mon  Scope: tb_top.u_mon  File: /run/media/sackb/Windows-SSD/Users/sackb/OneDrive/Desktop/University/Course_Work/2025-2026/Spring_2026/ECE_410/ECE410/project/post_m3_Minor_Redesign/tb/tb_top.sv Line: 257

Time: 17505 ns Started: 17495 ns Scope: /tb_top/u_mon File: /run/media/sackb/Windows-SSD/Users/sackb/OneDrive/Desktop/University/Course_Work/2025-2026/Spring_2026/ECE_410/ECE410/project/post_m3_Minor_Redesign/tb/tb_top.sv Line:256
Error: AXI MONITOR: core_C changed while core is idle
Time: 17505 ns  Iteration: 0  Process: /tb_top/u_mon//tb_top/u_mon  Scope: tb_top.u_mon  File: /run/media/sackb/Windows-SSD/Users/sackb/OneDrive/Desktop/University/Course_Work/2025-2026/Spring_2026/ECE_410/ECE410/project/post_m3_Minor_Redesign/tb/tb_top.sv Line: 257

Time: 17515 ns Started: 17505 ns Scope: /tb_top/u_mon File: /run/media/sackb/Windows-SSD/Users/sackb/OneDrive/Desktop/University/Course_Work/2025-2026/Spring_2026/ECE_410/ECE410/project/post_m3_Minor_Redesign/tb/tb_top.sv Line:256
Error: AXI MONITOR: core_C changed while core is idle
Time: 17515 ns  Iteration: 0  Process: /tb_top/u_mon//tb_top/u_mon  Scope: tb_top.u_mon  File: /run/media/sackb/Windows-SSD/Users/sackb/OneDrive/Desktop/University/Course_Work/2025-2026/Spring_2026/ECE_410/ECE410/project/post_m3_Minor_Redesign/tb/tb_top.sv Line: 257

Time: 17525 ns Started: 17515 ns Scope: /tb_top/u_mon File: /run/media/sackb/Windows-SSD/Users/sackb/OneDrive/Desktop/University/Course_Work/2025-2026/Spring_2026/ECE_410/ECE410/project/post_m3_Minor_Redesign/tb/tb_top.sv Line:256
Error: AXI MONITOR: core_C changed while core is idle
Time: 17525 ns  Iteration: 0  Process: /tb_top/u_mon//tb_top/u_mon  Scope: tb_top.u_mon  File: /run/media/sackb/Windows-SSD/Users/sackb/OneDrive/Desktop/University/Course_Work/2025-2026/Spring_2026/ECE_410/ECE410/project/post_m3_Minor_Redesign/tb/tb_top.sv Line: 257

Time: 17535 ns Started: 17525 ns Scope: /tb_top/u_mon File: /run/media/sackb/Windows-SSD/Users/sackb/OneDrive/Desktop/University/Course_Work/2025-2026/Spring_2026/ECE_410/ECE410/project/post_m3_Minor_Redesign/tb/tb_top.sv Line:256
Error: AXI MONITOR: core_C changed while core is idle
Time: 17535 ns  Iteration: 0  Process: /tb_top/u_mon//tb_top/u_mon  Scope: tb_top.u_mon  File: /run/media/sackb/Windows-SSD/Users/sackb/OneDrive/Desktop/University/Course_Work/2025-2026/Spring_2026/ECE_410/ECE410/project/post_m3_Minor_Redesign/tb/tb_top.sv Line: 257

Time: 17545 ns Started: 17535 ns Scope: /tb_top/u_mon File: /run/media/sackb/Windows-SSD/Users/sackb/OneDrive/Desktop/University/Course_Work/2025-2026/Spring_2026/ECE_410/ECE410/project/post_m3_Minor_Redesign/tb/tb_top.sv Line:256
Error: AXI MONITOR: core_C changed while core is idle
Time: 17545 ns  Iteration: 0  Process: /tb_top/u_mon//tb_top/u_mon  Scope: tb_top.u_mon  File: /run/media/sackb/Windows-SSD/Users/sackb/OneDrive/Desktop/University/Course_Work/2025-2026/Spring_2026/ECE_410/ECE410/project/post_m3_Minor_Redesign/tb/tb_top.sv Line: 257

Time: 17555 ns Started: 17545 ns Scope: /tb_top/u_mon File: /run/media/sackb/Windows-SSD/Users/sackb/OneDrive/Desktop/University/Course_Work/2025-2026/Spring_2026/ECE_410/ECE410/project/post_m3_Minor_Redesign/tb/tb_top.sv Line:256
Error: AXI MONITOR: core_C changed while core is idle
Time: 17555 ns  Iteration: 0  Process: /tb_top/u_mon//tb_top/u_mon  Scope: tb_top.u_mon  File: /run/media/sackb/Windows-SSD/Users/sackb/OneDrive/Desktop/University/Course_Work/2025-2026/Spring_2026/ECE_410/ECE410/project/post_m3_Minor_Redesign/tb/tb_top.sv Line: 257

Time: 17565 ns Started: 17555 ns Scope: /tb_top/u_mon File: /run/media/sackb/Windows-SSD/Users/sackb/OneDrive/Desktop/University/Course_Work/2025-2026/Spring_2026/ECE_410/ECE410/project/post_m3_Minor_Redesign/tb/tb_top.sv Line:256
Error: AXI MONITOR: core_C changed while core is idle
Time: 17565 ns  Iteration: 0  Process: /tb_top/u_mon//tb_top/u_mon  Scope: tb_top.u_mon  File: /run/media/sackb/Windows-SSD/Users/sackb/OneDrive/Desktop/University/Course_Work/2025-2026/Spring_2026/ECE_410/ECE410/project/post_m3_Minor_Redesign/tb/tb_top.sv Line: 257

Time: 17575 ns Started: 17565 ns Scope: /tb_top/u_mon File: /run/media/sackb/Windows-SSD/Users/sackb/OneDrive/Desktop/University/Course_Work/2025-2026/Spring_2026/ECE_410/ECE410/project/post_m3_Minor_Redesign/tb/tb_top.sv Line:256
Error: AXI MONITOR: core_C changed while core is idle
Time: 17575 ns  Iteration: 0  Process: /tb_top/u_mon//tb_top/u_mon  Scope: tb_top.u_mon  File: /run/media/sackb/Windows-SSD/Users/sackb/OneDrive/Desktop/University/Course_Work/2025-2026/Spring_2026/ECE_410/ECE410/project/post_m3_Minor_Redesign/tb/tb_top.sv Line: 257

Time: 17585 ns Started: 17575 ns Scope: /tb_top/u_mon File: /run/media/sackb/Windows-SSD/Users/sackb/OneDrive/Desktop/University/Course_Work/2025-2026/Spring_2026/ECE_410/ECE410/project/post_m3_Minor_Redesign/tb/tb_top.sv Line:256
Error: AXI MONITOR: core_C changed while core is idle
Time: 17585 ns  Iteration: 0  Process: /tb_top/u_mon//tb_top/u_mon  Scope: tb_top.u_mon  File: /run/media/sackb/Windows-SSD/Users/sackb/OneDrive/Desktop/University/Course_Work/2025-2026/Spring_2026/ECE_410/ECE410/project/post_m3_Minor_Redesign/tb/tb_top.sv Line: 257

Time: 17595 ns Started: 17585 ns Scope: /tb_top/u_mon File: /run/media/sackb/Windows-SSD/Users/sackb/OneDrive/Desktop/University/Course_Work/2025-2026/Spring_2026/ECE_410/ECE410/project/post_m3_Minor_Redesign/tb/tb_top.sv Line:256
Error: AXI MONITOR: core_C changed while core is idle
Time: 17595 ns  Iteration: 0  Process: /tb_top/u_mon//tb_top/u_mon  Scope: tb_top.u_mon  File: /run/media/sackb/Windows-SSD/Users/sackb/OneDrive/Desktop/University/Course_Work/2025-2026/Spring_2026/ECE_410/ECE410/project/post_m3_Minor_Redesign/tb/tb_top.sv Line: 257

Time: 17605 ns Started: 17595 ns Scope: /tb_top/u_mon File: /run/media/sackb/Windows-SSD/Users/sackb/OneDrive/Desktop/University/Course_Work/2025-2026/Spring_2026/ECE_410/ECE410/project/post_m3_Minor_Redesign/tb/tb_top.sv Line:256
Error: AXI MONITOR: core_C changed while core is idle
Time: 17605 ns  Iteration: 0  Process: /tb_top/u_mon//tb_top/u_mon  Scope: tb_top.u_mon  File: /run/media/sackb/Windows-SSD/Users/sackb/OneDrive/Desktop/University/Course_Work/2025-2026/Spring_2026/ECE_410/ECE410/project/post_m3_Minor_Redesign/tb/tb_top.sv Line: 257

Time: 17615 ns Started: 17605 ns Scope: /tb_top/u_mon File: /run/media/sackb/Windows-SSD/Users/sackb/OneDrive/Desktop/University/Course_Work/2025-2026/Spring_2026/ECE_410/ECE410/project/post_m3_Minor_Redesign/tb/tb_top.sv Line:256
Error: AXI MONITOR: core_C changed while core is idle
Time: 17615 ns  Iteration: 0  Process: /tb_top/u_mon//tb_top/u_mon  Scope: tb_top.u_mon  File: /run/media/sackb/Windows-SSD/Users/sackb/OneDrive/Desktop/University/Course_Work/2025-2026/Spring_2026/ECE_410/ECE410/project/post_m3_Minor_Redesign/tb/tb_top.sv Line: 257

Time: 17625 ns Started: 17615 ns Scope: /tb_top/u_mon File: /run/media/sackb/Windows-SSD/Users/sackb/OneDrive/Desktop/University/Course_Work/2025-2026/Spring_2026/ECE_410/ECE410/project/post_m3_Minor_Redesign/tb/tb_top.sv Line:256
Error: AXI MONITOR: core_C changed while core is idle
Time: 17625 ns  Iteration: 0  Process: /tb_top/u_mon//tb_top/u_mon  Scope: tb_top.u_mon  File: /run/media/sackb/Windows-SSD/Users/sackb/OneDrive/Desktop/University/Course_Work/2025-2026/Spring_2026/ECE_410/ECE410/project/post_m3_Minor_Redesign/tb/tb_top.sv Line: 257

Time: 17635 ns Started: 17625 ns Scope: /tb_top/u_mon File: /run/media/sackb/Windows-SSD/Users/sackb/OneDrive/Desktop/University/Course_Work/2025-2026/Spring_2026/ECE_410/ECE410/project/post_m3_Minor_Redesign/tb/tb_top.sv Line:256
Error: AXI MONITOR: core_C changed while core is idle
Time: 17635 ns  Iteration: 0  Process: /tb_top/u_mon//tb_top/u_mon  Scope: tb_top.u_mon  File: /run/media/sackb/Windows-SSD/Users/sackb/OneDrive/Desktop/University/Course_Work/2025-2026/Spring_2026/ECE_410/ECE410/project/post_m3_Minor_Redesign/tb/tb_top.sv Line: 257

Time: 17645 ns Started: 17635 ns Scope: /tb_top/u_mon File: /run/media/sackb/Windows-SSD/Users/sackb/OneDrive/Desktop/University/Course_Work/2025-2026/Spring_2026/ECE_410/ECE410/project/post_m3_Minor_Redesign/tb/tb_top.sv Line:256
Error: AXI MONITOR: core_C changed while core is idle
Time: 17645 ns  Iteration: 0  Process: /tb_top/u_mon//tb_top/u_mon  Scope: tb_top.u_mon  File: /run/media/sackb/Windows-SSD/Users/sackb/OneDrive/Desktop/University/Course_Work/2025-2026/Spring_2026/ECE_410/ECE410/project/post_m3_Minor_Redesign/tb/tb_top.sv Line: 257

Time: 17655 ns Started: 17645 ns Scope: /tb_top/u_mon File: /run/media/sackb/Windows-SSD/Users/sackb/OneDrive/Desktop/University/Course_Work/2025-2026/Spring_2026/ECE_410/ECE410/project/post_m3_Minor_Redesign/tb/tb_top.sv Line:256
Error: AXI MONITOR: core_C changed while core is idle
Time: 17655 ns  Iteration: 0  Process: /tb_top/u_mon//tb_top/u_mon  Scope: tb_top.u_mon  File: /run/media/sackb/Windows-SSD/Users/sackb/OneDrive/Desktop/University/Course_Work/2025-2026/Spring_2026/ECE_410/ECE410/project/post_m3_Minor_Redesign/tb/tb_top.sv Line: 257

Time: 17665 ns Started: 17655 ns Scope: /tb_top/u_mon File: /run/media/sackb/Windows-SSD/Users/sackb/OneDrive/Desktop/University/Course_Work/2025-2026/Spring_2026/ECE_410/ECE410/project/post_m3_Minor_Redesign/tb/tb_top.sv Line:256
Error: AXI MONITOR: core_C changed while core is idle
Time: 17665 ns  Iteration: 0  Process: /tb_top/u_mon//tb_top/u_mon  Scope: tb_top.u_mon  File: /run/media/sackb/Windows-SSD/Users/sackb/OneDrive/Desktop/University/Course_Work/2025-2026/Spring_2026/ECE_410/ECE410/project/post_m3_Minor_Redesign/tb/tb_top.sv Line: 257

Time: 17675 ns Started: 17665 ns Scope: /tb_top/u_mon File: /run/media/sackb/Windows-SSD/Users/sackb/OneDrive/Desktop/University/Course_Work/2025-2026/Spring_2026/ECE_410/ECE410/project/post_m3_Minor_Redesign/tb/tb_top.sv Line:256
Error: AXI MONITOR: core_C changed while core is idle
Time: 17675 ns  Iteration: 0  Process: /tb_top/u_mon//tb_top/u_mon  Scope: tb_top.u_mon  File: /run/media/sackb/Windows-SSD/Users/sackb/OneDrive/Desktop/University/Course_Work/2025-2026/Spring_2026/ECE_410/ECE410/project/post_m3_Minor_Redesign/tb/tb_top.sv Line: 257

Time: 17685 ns Started: 17675 ns Scope: /tb_top/u_mon File: /run/media/sackb/Windows-SSD/Users/sackb/OneDrive/Desktop/University/Course_Work/2025-2026/Spring_2026/ECE_410/ECE410/project/post_m3_Minor_Redesign/tb/tb_top.sv Line:256
Error: AXI MONITOR: core_C changed while core is idle
Time: 17685 ns  Iteration: 0  Process: /tb_top/u_mon//tb_top/u_mon  Scope: tb_top.u_mon  File: /run/media/sackb/Windows-SSD/Users/sackb/OneDrive/Desktop/University/Course_Work/2025-2026/Spring_2026/ECE_410/ECE410/project/post_m3_Minor_Redesign/tb/tb_top.sv Line: 257

Time: 17695 ns Started: 17685 ns Scope: /tb_top/u_mon File: /run/media/sackb/Windows-SSD/Users/sackb/OneDrive/Desktop/University/Course_Work/2025-2026/Spring_2026/ECE_410/ECE410/project/post_m3_Minor_Redesign/tb/tb_top.sv Line:256
Error: AXI MONITOR: core_C changed while core is idle
Time: 17695 ns  Iteration: 0  Process: /tb_top/u_mon//tb_top/u_mon  Scope: tb_top.u_mon  File: /run/media/sackb/Windows-SSD/Users/sackb/OneDrive/Desktop/University/Course_Work/2025-2026/Spring_2026/ECE_410/ECE410/project/post_m3_Minor_Redesign/tb/tb_top.sv Line: 257

Time: 17705 ns Started: 17695 ns Scope: /tb_top/u_mon File: /run/media/sackb/Windows-SSD/Users/sackb/OneDrive/Desktop/University/Course_Work/2025-2026/Spring_2026/ECE_410/ECE410/project/post_m3_Minor_Redesign/tb/tb_top.sv Line:256
Error: AXI MONITOR: core_C changed while core is idle
Time: 17705 ns  Iteration: 0  Process: /tb_top/u_mon//tb_top/u_mon  Scope: tb_top.u_mon  File: /run/media/sackb/Windows-SSD/Users/sackb/OneDrive/Desktop/University/Course_Work/2025-2026/Spring_2026/ECE_410/ECE410/project/post_m3_Minor_Redesign/tb/tb_top.sv Line: 257

Time: 17715 ns Started: 17705 ns Scope: /tb_top/u_mon File: /run/media/sackb/Windows-SSD/Users/sackb/OneDrive/Desktop/University/Course_Work/2025-2026/Spring_2026/ECE_410/ECE410/project/post_m3_Minor_Redesign/tb/tb_top.sv Line:256
Error: AXI MONITOR: core_C changed while core is idle
Time: 17715 ns  Iteration: 0  Process: /tb_top/u_mon//tb_top/u_mon  Scope: tb_top.u_mon  File: /run/media/sackb/Windows-SSD/Users/sackb/OneDrive/Desktop/University/Course_Work/2025-2026/Spring_2026/ECE_410/ECE410/project/post_m3_Minor_Redesign/tb/tb_top.sv Line: 257

Time: 17725 ns Started: 17715 ns Scope: /tb_top/u_mon File: /run/media/sackb/Windows-SSD/Users/sackb/OneDrive/Desktop/University/Course_Work/2025-2026/Spring_2026/ECE_410/ECE410/project/post_m3_Minor_Redesign/tb/tb_top.sv Line:256
Error: AXI MONITOR: core_C changed while core is idle
Time: 17725 ns  Iteration: 0  Process: /tb_top/u_mon//tb_top/u_mon  Scope: tb_top.u_mon  File: /run/media/sackb/Windows-SSD/Users/sackb/OneDrive/Desktop/University/Course_Work/2025-2026/Spring_2026/ECE_410/ECE410/project/post_m3_Minor_Redesign/tb/tb_top.sv Line: 257

Time: 17735 ns Started: 17725 ns Scope: /tb_top/u_mon File: /run/media/sackb/Windows-SSD/Users/sackb/OneDrive/Desktop/University/Course_Work/2025-2026/Spring_2026/ECE_410/ECE410/project/post_m3_Minor_Redesign/tb/tb_top.sv Line:256
Error: AXI MONITOR: core_C changed while core is idle
Time: 17735 ns  Iteration: 0  Process: /tb_top/u_mon//tb_top/u_mon  Scope: tb_top.u_mon  File: /run/media/sackb/Windows-SSD/Users/sackb/OneDrive/Desktop/University/Course_Work/2025-2026/Spring_2026/ECE_410/ECE410/project/post_m3_Minor_Redesign/tb/tb_top.sv Line: 257

Time: 17745 ns Started: 17735 ns Scope: /tb_top/u_mon File: /run/media/sackb/Windows-SSD/Users/sackb/OneDrive/Desktop/University/Course_Work/2025-2026/Spring_2026/ECE_410/ECE410/project/post_m3_Minor_Redesign/tb/tb_top.sv Line:256
Error: AXI MONITOR: core_C changed while core is idle
Time: 17745 ns  Iteration: 0  Process: /tb_top/u_mon//tb_top/u_mon  Scope: tb_top.u_mon  File: /run/media/sackb/Windows-SSD/Users/sackb/OneDrive/Desktop/University/Course_Work/2025-2026/Spring_2026/ECE_410/ECE410/project/post_m3_Minor_Redesign/tb/tb_top.sv Line: 257

Time: 17755 ns Started: 17745 ns Scope: /tb_top/u_mon File: /run/media/sackb/Windows-SSD/Users/sackb/OneDrive/Desktop/University/Course_Work/2025-2026/Spring_2026/ECE_410/ECE410/project/post_m3_Minor_Redesign/tb/tb_top.sv Line:256
Error: AXI MONITOR: core_C changed while core is idle
Time: 17755 ns  Iteration: 0  Process: /tb_top/u_mon//tb_top/u_mon  Scope: tb_top.u_mon  File: /run/media/sackb/Windows-SSD/Users/sackb/OneDrive/Desktop/University/Course_Work/2025-2026/Spring_2026/ECE_410/ECE410/project/post_m3_Minor_Redesign/tb/tb_top.sv Line: 257

Time: 17765 ns Started: 17755 ns Scope: /tb_top/u_mon File: /run/media/sackb/Windows-SSD/Users/sackb/OneDrive/Desktop/University/Course_Work/2025-2026/Spring_2026/ECE_410/ECE410/project/post_m3_Minor_Redesign/tb/tb_top.sv Line:256
Error: AXI MONITOR: core_C changed while core is idle
Time: 17765 ns  Iteration: 0  Process: /tb_top/u_mon//tb_top/u_mon  Scope: tb_top.u_mon  File: /run/media/sackb/Windows-SSD/Users/sackb/OneDrive/Desktop/University/Course_Work/2025-2026/Spring_2026/ECE_410/ECE410/project/post_m3_Minor_Redesign/tb/tb_top.sv Line: 257

Time: 17775 ns Started: 17765 ns Scope: /tb_top/u_mon File: /run/media/sackb/Windows-SSD/Users/sackb/OneDrive/Desktop/University/Course_Work/2025-2026/Spring_2026/ECE_410/ECE410/project/post_m3_Minor_Redesign/tb/tb_top.sv Line:256
Error: AXI MONITOR: core_C changed while core is idle
Time: 17775 ns  Iteration: 0  Process: /tb_top/u_mon//tb_top/u_mon  Scope: tb_top.u_mon  File: /run/media/sackb/Windows-SSD/Users/sackb/OneDrive/Desktop/University/Course_Work/2025-2026/Spring_2026/ECE_410/ECE410/project/post_m3_Minor_Redesign/tb/tb_top.sv Line: 257

Time: 17785 ns Started: 17775 ns Scope: /tb_top/u_mon File: /run/media/sackb/Windows-SSD/Users/sackb/OneDrive/Desktop/University/Course_Work/2025-2026/Spring_2026/ECE_410/ECE410/project/post_m3_Minor_Redesign/tb/tb_top.sv Line:256
Error: AXI MONITOR: core_C changed while core is idle
Time: 17785 ns  Iteration: 0  Process: /tb_top/u_mon//tb_top/u_mon  Scope: tb_top.u_mon  File: /run/media/sackb/Windows-SSD/Users/sackb/OneDrive/Desktop/University/Course_Work/2025-2026/Spring_2026/ECE_410/ECE410/project/post_m3_Minor_Redesign/tb/tb_top.sv Line: 257

Time: 17795 ns Started: 17785 ns Scope: /tb_top/u_mon File: /run/media/sackb/Windows-SSD/Users/sackb/OneDrive/Desktop/University/Course_Work/2025-2026/Spring_2026/ECE_410/ECE410/project/post_m3_Minor_Redesign/tb/tb_top.sv Line:256
Error: AXI MONITOR: core_C changed while core is idle
Time: 17795 ns  Iteration: 0  Process: /tb_top/u_mon//tb_top/u_mon  Scope: tb_top.u_mon  File: /run/media/sackb/Windows-SSD/Users/sackb/OneDrive/Desktop/University/Course_Work/2025-2026/Spring_2026/ECE_410/ECE410/project/post_m3_Minor_Redesign/tb/tb_top.sv Line: 257

Time: 17805 ns Started: 17795 ns Scope: /tb_top/u_mon File: /run/media/sackb/Windows-SSD/Users/sackb/OneDrive/Desktop/University/Course_Work/2025-2026/Spring_2026/ECE_410/ECE410/project/post_m3_Minor_Redesign/tb/tb_top.sv Line:256
Error: AXI MONITOR: core_C changed while core is idle
Time: 17805 ns  Iteration: 0  Process: /tb_top/u_mon//tb_top/u_mon  Scope: tb_top.u_mon  File: /run/media/sackb/Windows-SSD/Users/sackb/OneDrive/Desktop/University/Course_Work/2025-2026/Spring_2026/ECE_410/ECE410/project/post_m3_Minor_Redesign/tb/tb_top.sv Line: 257
TB_TOP: Iteration 9 complete
TB_TOP: Starting iteration 10

Time: 17815 ns Started: 17805 ns Scope: /tb_top/u_mon File: /run/media/sackb/Windows-SSD/Users/sackb/OneDrive/Desktop/University/Course_Work/2025-2026/Spring_2026/ECE_410/ECE410/project/post_m3_Minor_Redesign/tb/tb_top.sv Line:256
Error: AXI MONITOR: core_C changed while core is idle
Time: 17815 ns  Iteration: 0  Process: /tb_top/u_mon//tb_top/u_mon  Scope: tb_top.u_mon  File: /run/media/sackb/Windows-SSD/Users/sackb/OneDrive/Desktop/University/Course_Work/2025-2026/Spring_2026/ECE_410/ECE410/project/post_m3_Minor_Redesign/tb/tb_top.sv Line: 257

Time: 17825 ns Started: 17815 ns Scope: /tb_top/u_mon File: /run/media/sackb/Windows-SSD/Users/sackb/OneDrive/Desktop/University/Course_Work/2025-2026/Spring_2026/ECE_410/ECE410/project/post_m3_Minor_Redesign/tb/tb_top.sv Line:256
Error: AXI MONITOR: core_C changed while core is idle
Time: 17825 ns  Iteration: 0  Process: /tb_top/u_mon//tb_top/u_mon  Scope: tb_top.u_mon  File: /run/media/sackb/Windows-SSD/Users/sackb/OneDrive/Desktop/University/Course_Work/2025-2026/Spring_2026/ECE_410/ECE410/project/post_m3_Minor_Redesign/tb/tb_top.sv Line: 257

Time: 17835 ns Started: 17825 ns Scope: /tb_top/u_mon File: /run/media/sackb/Windows-SSD/Users/sackb/OneDrive/Desktop/University/Course_Work/2025-2026/Spring_2026/ECE_410/ECE410/project/post_m3_Minor_Redesign/tb/tb_top.sv Line:256
Error: AXI MONITOR: core_C changed while core is idle
Time: 17835 ns  Iteration: 0  Process: /tb_top/u_mon//tb_top/u_mon  Scope: tb_top.u_mon  File: /run/media/sackb/Windows-SSD/Users/sackb/OneDrive/Desktop/University/Course_Work/2025-2026/Spring_2026/ECE_410/ECE410/project/post_m3_Minor_Redesign/tb/tb_top.sv Line: 257

Time: 17845 ns Started: 17835 ns Scope: /tb_top/u_mon File: /run/media/sackb/Windows-SSD/Users/sackb/OneDrive/Desktop/University/Course_Work/2025-2026/Spring_2026/ECE_410/ECE410/project/post_m3_Minor_Redesign/tb/tb_top.sv Line:256
Error: AXI MONITOR: core_C changed while core is idle
Time: 17845 ns  Iteration: 0  Process: /tb_top/u_mon//tb_top/u_mon  Scope: tb_top.u_mon  File: /run/media/sackb/Windows-SSD/Users/sackb/OneDrive/Desktop/University/Course_Work/2025-2026/Spring_2026/ECE_410/ECE410/project/post_m3_Minor_Redesign/tb/tb_top.sv Line: 257

Time: 17855 ns Started: 17845 ns Scope: /tb_top/u_mon File: /run/media/sackb/Windows-SSD/Users/sackb/OneDrive/Desktop/University/Course_Work/2025-2026/Spring_2026/ECE_410/ECE410/project/post_m3_Minor_Redesign/tb/tb_top.sv Line:256
Error: AXI MONITOR: core_C changed while core is idle
Time: 17855 ns  Iteration: 0  Process: /tb_top/u_mon//tb_top/u_mon  Scope: tb_top.u_mon  File: /run/media/sackb/Windows-SSD/Users/sackb/OneDrive/Desktop/University/Course_Work/2025-2026/Spring_2026/ECE_410/ECE410/project/post_m3_Minor_Redesign/tb/tb_top.sv Line: 257

Time: 17865 ns Started: 17855 ns Scope: /tb_top/u_mon File: /run/media/sackb/Windows-SSD/Users/sackb/OneDrive/Desktop/University/Course_Work/2025-2026/Spring_2026/ECE_410/ECE410/project/post_m3_Minor_Redesign/tb/tb_top.sv Line:256
Error: AXI MONITOR: core_C changed while core is idle
Time: 17865 ns  Iteration: 0  Process: /tb_top/u_mon//tb_top/u_mon  Scope: tb_top.u_mon  File: /run/media/sackb/Windows-SSD/Users/sackb/OneDrive/Desktop/University/Course_Work/2025-2026/Spring_2026/ECE_410/ECE410/project/post_m3_Minor_Redesign/tb/tb_top.sv Line: 257

Time: 17875 ns Started: 17865 ns Scope: /tb_top/u_mon File: /run/media/sackb/Windows-SSD/Users/sackb/OneDrive/Desktop/University/Course_Work/2025-2026/Spring_2026/ECE_410/ECE410/project/post_m3_Minor_Redesign/tb/tb_top.sv Line:256
Error: AXI MONITOR: core_C changed while core is idle
Time: 17875 ns  Iteration: 0  Process: /tb_top/u_mon//tb_top/u_mon  Scope: tb_top.u_mon  File: /run/media/sackb/Windows-SSD/Users/sackb/OneDrive/Desktop/University/Course_Work/2025-2026/Spring_2026/ECE_410/ECE410/project/post_m3_Minor_Redesign/tb/tb_top.sv Line: 257

Time: 17885 ns Started: 17875 ns Scope: /tb_top/u_mon File: /run/media/sackb/Windows-SSD/Users/sackb/OneDrive/Desktop/University/Course_Work/2025-2026/Spring_2026/ECE_410/ECE410/project/post_m3_Minor_Redesign/tb/tb_top.sv Line:256
Error: AXI MONITOR: core_C changed while core is idle
Time: 17885 ns  Iteration: 0  Process: /tb_top/u_mon//tb_top/u_mon  Scope: tb_top.u_mon  File: /run/media/sackb/Windows-SSD/Users/sackb/OneDrive/Desktop/University/Course_Work/2025-2026/Spring_2026/ECE_410/ECE410/project/post_m3_Minor_Redesign/tb/tb_top.sv Line: 257

Time: 17895 ns Started: 17885 ns Scope: /tb_top/u_mon File: /run/media/sackb/Windows-SSD/Users/sackb/OneDrive/Desktop/University/Course_Work/2025-2026/Spring_2026/ECE_410/ECE410/project/post_m3_Minor_Redesign/tb/tb_top.sv Line:256
Error: AXI MONITOR: core_C changed while core is idle
Time: 17895 ns  Iteration: 0  Process: /tb_top/u_mon//tb_top/u_mon  Scope: tb_top.u_mon  File: /run/media/sackb/Windows-SSD/Users/sackb/OneDrive/Desktop/University/Course_Work/2025-2026/Spring_2026/ECE_410/ECE410/project/post_m3_Minor_Redesign/tb/tb_top.sv Line: 257

Time: 17905 ns Started: 17895 ns Scope: /tb_top/u_mon File: /run/media/sackb/Windows-SSD/Users/sackb/OneDrive/Desktop/University/Course_Work/2025-2026/Spring_2026/ECE_410/ECE410/project/post_m3_Minor_Redesign/tb/tb_top.sv Line:256
Error: AXI MONITOR: core_C changed while core is idle
Time: 17905 ns  Iteration: 0  Process: /tb_top/u_mon//tb_top/u_mon  Scope: tb_top.u_mon  File: /run/media/sackb/Windows-SSD/Users/sackb/OneDrive/Desktop/University/Course_Work/2025-2026/Spring_2026/ECE_410/ECE410/project/post_m3_Minor_Redesign/tb/tb_top.sv Line: 257

Time: 17915 ns Started: 17905 ns Scope: /tb_top/u_mon File: /run/media/sackb/Windows-SSD/Users/sackb/OneDrive/Desktop/University/Course_Work/2025-2026/Spring_2026/ECE_410/ECE410/project/post_m3_Minor_Redesign/tb/tb_top.sv Line:256
Error: AXI MONITOR: core_C changed while core is idle
Time: 17915 ns  Iteration: 0  Process: /tb_top/u_mon//tb_top/u_mon  Scope: tb_top.u_mon  File: /run/media/sackb/Windows-SSD/Users/sackb/OneDrive/Desktop/University/Course_Work/2025-2026/Spring_2026/ECE_410/ECE410/project/post_m3_Minor_Redesign/tb/tb_top.sv Line: 257

Time: 17925 ns Started: 17915 ns Scope: /tb_top/u_mon File: /run/media/sackb/Windows-SSD/Users/sackb/OneDrive/Desktop/University/Course_Work/2025-2026/Spring_2026/ECE_410/ECE410/project/post_m3_Minor_Redesign/tb/tb_top.sv Line:256
Error: AXI MONITOR: core_C changed while core is idle
Time: 17925 ns  Iteration: 0  Process: /tb_top/u_mon//tb_top/u_mon  Scope: tb_top.u_mon  File: /run/media/sackb/Windows-SSD/Users/sackb/OneDrive/Desktop/University/Course_Work/2025-2026/Spring_2026/ECE_410/ECE410/project/post_m3_Minor_Redesign/tb/tb_top.sv Line: 257

Time: 17935 ns Started: 17925 ns Scope: /tb_top/u_mon File: /run/media/sackb/Windows-SSD/Users/sackb/OneDrive/Desktop/University/Course_Work/2025-2026/Spring_2026/ECE_410/ECE410/project/post_m3_Minor_Redesign/tb/tb_top.sv Line:256
Error: AXI MONITOR: core_C changed while core is idle
Time: 17935 ns  Iteration: 0  Process: /tb_top/u_mon//tb_top/u_mon  Scope: tb_top.u_mon  File: /run/media/sackb/Windows-SSD/Users/sackb/OneDrive/Desktop/University/Course_Work/2025-2026/Spring_2026/ECE_410/ECE410/project/post_m3_Minor_Redesign/tb/tb_top.sv Line: 257

Time: 17945 ns Started: 17935 ns Scope: /tb_top/u_mon File: /run/media/sackb/Windows-SSD/Users/sackb/OneDrive/Desktop/University/Course_Work/2025-2026/Spring_2026/ECE_410/ECE410/project/post_m3_Minor_Redesign/tb/tb_top.sv Line:256
Error: AXI MONITOR: core_C changed while core is idle
Time: 17945 ns  Iteration: 0  Process: /tb_top/u_mon//tb_top/u_mon  Scope: tb_top.u_mon  File: /run/media/sackb/Windows-SSD/Users/sackb/OneDrive/Desktop/University/Course_Work/2025-2026/Spring_2026/ECE_410/ECE410/project/post_m3_Minor_Redesign/tb/tb_top.sv Line: 257

Time: 17955 ns Started: 17945 ns Scope: /tb_top/u_mon File: /run/media/sackb/Windows-SSD/Users/sackb/OneDrive/Desktop/University/Course_Work/2025-2026/Spring_2026/ECE_410/ECE410/project/post_m3_Minor_Redesign/tb/tb_top.sv Line:256
Error: AXI MONITOR: core_C changed while core is idle
Time: 17955 ns  Iteration: 0  Process: /tb_top/u_mon//tb_top/u_mon  Scope: tb_top.u_mon  File: /run/media/sackb/Windows-SSD/Users/sackb/OneDrive/Desktop/University/Course_Work/2025-2026/Spring_2026/ECE_410/ECE410/project/post_m3_Minor_Redesign/tb/tb_top.sv Line: 257

Time: 17965 ns Started: 17955 ns Scope: /tb_top/u_mon File: /run/media/sackb/Windows-SSD/Users/sackb/OneDrive/Desktop/University/Course_Work/2025-2026/Spring_2026/ECE_410/ECE410/project/post_m3_Minor_Redesign/tb/tb_top.sv Line:256
Error: AXI MONITOR: core_C changed while core is idle
Time: 17965 ns  Iteration: 0  Process: /tb_top/u_mon//tb_top/u_mon  Scope: tb_top.u_mon  File: /run/media/sackb/Windows-SSD/Users/sackb/OneDrive/Desktop/University/Course_Work/2025-2026/Spring_2026/ECE_410/ECE410/project/post_m3_Minor_Redesign/tb/tb_top.sv Line: 257

Time: 17975 ns Started: 17965 ns Scope: /tb_top/u_mon File: /run/media/sackb/Windows-SSD/Users/sackb/OneDrive/Desktop/University/Course_Work/2025-2026/Spring_2026/ECE_410/ECE410/project/post_m3_Minor_Redesign/tb/tb_top.sv Line:256
Error: AXI MONITOR: core_C changed while core is idle
Time: 17975 ns  Iteration: 0  Process: /tb_top/u_mon//tb_top/u_mon  Scope: tb_top.u_mon  File: /run/media/sackb/Windows-SSD/Users/sackb/OneDrive/Desktop/University/Course_Work/2025-2026/Spring_2026/ECE_410/ECE410/project/post_m3_Minor_Redesign/tb/tb_top.sv Line: 257

Time: 17985 ns Started: 17975 ns Scope: /tb_top/u_mon File: /run/media/sackb/Windows-SSD/Users/sackb/OneDrive/Desktop/University/Course_Work/2025-2026/Spring_2026/ECE_410/ECE410/project/post_m3_Minor_Redesign/tb/tb_top.sv Line:256
Error: AXI MONITOR: core_C changed while core is idle
Time: 17985 ns  Iteration: 0  Process: /tb_top/u_mon//tb_top/u_mon  Scope: tb_top.u_mon  File: /run/media/sackb/Windows-SSD/Users/sackb/OneDrive/Desktop/University/Course_Work/2025-2026/Spring_2026/ECE_410/ECE410/project/post_m3_Minor_Redesign/tb/tb_top.sv Line: 257

Time: 17995 ns Started: 17985 ns Scope: /tb_top/u_mon File: /run/media/sackb/Windows-SSD/Users/sackb/OneDrive/Desktop/University/Course_Work/2025-2026/Spring_2026/ECE_410/ECE410/project/post_m3_Minor_Redesign/tb/tb_top.sv Line:256
Error: AXI MONITOR: core_C changed while core is idle
Time: 17995 ns  Iteration: 0  Process: /tb_top/u_mon//tb_top/u_mon  Scope: tb_top.u_mon  File: /run/media/sackb/Windows-SSD/Users/sackb/OneDrive/Desktop/University/Course_Work/2025-2026/Spring_2026/ECE_410/ECE410/project/post_m3_Minor_Redesign/tb/tb_top.sv Line: 257

Time: 18005 ns Started: 17995 ns Scope: /tb_top/u_mon File: /run/media/sackb/Windows-SSD/Users/sackb/OneDrive/Desktop/University/Course_Work/2025-2026/Spring_2026/ECE_410/ECE410/project/post_m3_Minor_Redesign/tb/tb_top.sv Line:256
Error: AXI MONITOR: core_C changed while core is idle
Time: 18005 ns  Iteration: 0  Process: /tb_top/u_mon//tb_top/u_mon  Scope: tb_top.u_mon  File: /run/media/sackb/Windows-SSD/Users/sackb/OneDrive/Desktop/University/Course_Work/2025-2026/Spring_2026/ECE_410/ECE410/project/post_m3_Minor_Redesign/tb/tb_top.sv Line: 257

Time: 18015 ns Started: 18005 ns Scope: /tb_top/u_mon File: /run/media/sackb/Windows-SSD/Users/sackb/OneDrive/Desktop/University/Course_Work/2025-2026/Spring_2026/ECE_410/ECE410/project/post_m3_Minor_Redesign/tb/tb_top.sv Line:256
Error: AXI MONITOR: core_C changed while core is idle
Time: 18015 ns  Iteration: 0  Process: /tb_top/u_mon//tb_top/u_mon  Scope: tb_top.u_mon  File: /run/media/sackb/Windows-SSD/Users/sackb/OneDrive/Desktop/University/Course_Work/2025-2026/Spring_2026/ECE_410/ECE410/project/post_m3_Minor_Redesign/tb/tb_top.sv Line: 257

Time: 18025 ns Started: 18015 ns Scope: /tb_top/u_mon File: /run/media/sackb/Windows-SSD/Users/sackb/OneDrive/Desktop/University/Course_Work/2025-2026/Spring_2026/ECE_410/ECE410/project/post_m3_Minor_Redesign/tb/tb_top.sv Line:256
Error: AXI MONITOR: core_C changed while core is idle
Time: 18025 ns  Iteration: 0  Process: /tb_top/u_mon//tb_top/u_mon  Scope: tb_top.u_mon  File: /run/media/sackb/Windows-SSD/Users/sackb/OneDrive/Desktop/University/Course_Work/2025-2026/Spring_2026/ECE_410/ECE410/project/post_m3_Minor_Redesign/tb/tb_top.sv Line: 257

Time: 18035 ns Started: 18025 ns Scope: /tb_top/u_mon File: /run/media/sackb/Windows-SSD/Users/sackb/OneDrive/Desktop/University/Course_Work/2025-2026/Spring_2026/ECE_410/ECE410/project/post_m3_Minor_Redesign/tb/tb_top.sv Line:256
Error: AXI MONITOR: core_C changed while core is idle
Time: 18035 ns  Iteration: 0  Process: /tb_top/u_mon//tb_top/u_mon  Scope: tb_top.u_mon  File: /run/media/sackb/Windows-SSD/Users/sackb/OneDrive/Desktop/University/Course_Work/2025-2026/Spring_2026/ECE_410/ECE410/project/post_m3_Minor_Redesign/tb/tb_top.sv Line: 257

Time: 18045 ns Started: 18035 ns Scope: /tb_top/u_mon File: /run/media/sackb/Windows-SSD/Users/sackb/OneDrive/Desktop/University/Course_Work/2025-2026/Spring_2026/ECE_410/ECE410/project/post_m3_Minor_Redesign/tb/tb_top.sv Line:256
Error: AXI MONITOR: core_C changed while core is idle
Time: 18045 ns  Iteration: 0  Process: /tb_top/u_mon//tb_top/u_mon  Scope: tb_top.u_mon  File: /run/media/sackb/Windows-SSD/Users/sackb/OneDrive/Desktop/University/Course_Work/2025-2026/Spring_2026/ECE_410/ECE410/project/post_m3_Minor_Redesign/tb/tb_top.sv Line: 257

Time: 18055 ns Started: 18045 ns Scope: /tb_top/u_mon File: /run/media/sackb/Windows-SSD/Users/sackb/OneDrive/Desktop/University/Course_Work/2025-2026/Spring_2026/ECE_410/ECE410/project/post_m3_Minor_Redesign/tb/tb_top.sv Line:256
Error: AXI MONITOR: core_C changed while core is idle
Time: 18055 ns  Iteration: 0  Process: /tb_top/u_mon//tb_top/u_mon  Scope: tb_top.u_mon  File: /run/media/sackb/Windows-SSD/Users/sackb/OneDrive/Desktop/University/Course_Work/2025-2026/Spring_2026/ECE_410/ECE410/project/post_m3_Minor_Redesign/tb/tb_top.sv Line: 257

Time: 18065 ns Started: 18055 ns Scope: /tb_top/u_mon File: /run/media/sackb/Windows-SSD/Users/sackb/OneDrive/Desktop/University/Course_Work/2025-2026/Spring_2026/ECE_410/ECE410/project/post_m3_Minor_Redesign/tb/tb_top.sv Line:256
Error: AXI MONITOR: core_C changed while core is idle
Time: 18065 ns  Iteration: 0  Process: /tb_top/u_mon//tb_top/u_mon  Scope: tb_top.u_mon  File: /run/media/sackb/Windows-SSD/Users/sackb/OneDrive/Desktop/University/Course_Work/2025-2026/Spring_2026/ECE_410/ECE410/project/post_m3_Minor_Redesign/tb/tb_top.sv Line: 257

Time: 18075 ns Started: 18065 ns Scope: /tb_top/u_mon File: /run/media/sackb/Windows-SSD/Users/sackb/OneDrive/Desktop/University/Course_Work/2025-2026/Spring_2026/ECE_410/ECE410/project/post_m3_Minor_Redesign/tb/tb_top.sv Line:256
Error: AXI MONITOR: core_C changed while core is idle
Time: 18075 ns  Iteration: 0  Process: /tb_top/u_mon//tb_top/u_mon  Scope: tb_top.u_mon  File: /run/media/sackb/Windows-SSD/Users/sackb/OneDrive/Desktop/University/Course_Work/2025-2026/Spring_2026/ECE_410/ECE410/project/post_m3_Minor_Redesign/tb/tb_top.sv Line: 257

Time: 18085 ns Started: 18075 ns Scope: /tb_top/u_mon File: /run/media/sackb/Windows-SSD/Users/sackb/OneDrive/Desktop/University/Course_Work/2025-2026/Spring_2026/ECE_410/ECE410/project/post_m3_Minor_Redesign/tb/tb_top.sv Line:256
Error: AXI MONITOR: core_C changed while core is idle
Time: 18085 ns  Iteration: 0  Process: /tb_top/u_mon//tb_top/u_mon  Scope: tb_top.u_mon  File: /run/media/sackb/Windows-SSD/Users/sackb/OneDrive/Desktop/University/Course_Work/2025-2026/Spring_2026/ECE_410/ECE410/project/post_m3_Minor_Redesign/tb/tb_top.sv Line: 257

Time: 18095 ns Started: 18085 ns Scope: /tb_top/u_mon File: /run/media/sackb/Windows-SSD/Users/sackb/OneDrive/Desktop/University/Course_Work/2025-2026/Spring_2026/ECE_410/ECE410/project/post_m3_Minor_Redesign/tb/tb_top.sv Line:256
Error: AXI MONITOR: core_C changed while core is idle
Time: 18095 ns  Iteration: 0  Process: /tb_top/u_mon//tb_top/u_mon  Scope: tb_top.u_mon  File: /run/media/sackb/Windows-SSD/Users/sackb/OneDrive/Desktop/University/Course_Work/2025-2026/Spring_2026/ECE_410/ECE410/project/post_m3_Minor_Redesign/tb/tb_top.sv Line: 257

Time: 18105 ns Started: 18095 ns Scope: /tb_top/u_mon File: /run/media/sackb/Windows-SSD/Users/sackb/OneDrive/Desktop/University/Course_Work/2025-2026/Spring_2026/ECE_410/ECE410/project/post_m3_Minor_Redesign/tb/tb_top.sv Line:256
Error: AXI MONITOR: core_C changed while core is idle
Time: 18105 ns  Iteration: 0  Process: /tb_top/u_mon//tb_top/u_mon  Scope: tb_top.u_mon  File: /run/media/sackb/Windows-SSD/Users/sackb/OneDrive/Desktop/University/Course_Work/2025-2026/Spring_2026/ECE_410/ECE410/project/post_m3_Minor_Redesign/tb/tb_top.sv Line: 257

Time: 18115 ns Started: 18105 ns Scope: /tb_top/u_mon File: /run/media/sackb/Windows-SSD/Users/sackb/OneDrive/Desktop/University/Course_Work/2025-2026/Spring_2026/ECE_410/ECE410/project/post_m3_Minor_Redesign/tb/tb_top.sv Line:256
Error: AXI MONITOR: core_C changed while core is idle
Time: 18115 ns  Iteration: 0  Process: /tb_top/u_mon//tb_top/u_mon  Scope: tb_top.u_mon  File: /run/media/sackb/Windows-SSD/Users/sackb/OneDrive/Desktop/University/Course_Work/2025-2026/Spring_2026/ECE_410/ECE410/project/post_m3_Minor_Redesign/tb/tb_top.sv Line: 257

Time: 18125 ns Started: 18115 ns Scope: /tb_top/u_mon File: /run/media/sackb/Windows-SSD/Users/sackb/OneDrive/Desktop/University/Course_Work/2025-2026/Spring_2026/ECE_410/ECE410/project/post_m3_Minor_Redesign/tb/tb_top.sv Line:256
Error: AXI MONITOR: core_C changed while core is idle
Time: 18125 ns  Iteration: 0  Process: /tb_top/u_mon//tb_top/u_mon  Scope: tb_top.u_mon  File: /run/media/sackb/Windows-SSD/Users/sackb/OneDrive/Desktop/University/Course_Work/2025-2026/Spring_2026/ECE_410/ECE410/project/post_m3_Minor_Redesign/tb/tb_top.sv Line: 257

Time: 18135 ns Started: 18125 ns Scope: /tb_top/u_mon File: /run/media/sackb/Windows-SSD/Users/sackb/OneDrive/Desktop/University/Course_Work/2025-2026/Spring_2026/ECE_410/ECE410/project/post_m3_Minor_Redesign/tb/tb_top.sv Line:256
Error: AXI MONITOR: core_C changed while core is idle
Time: 18135 ns  Iteration: 0  Process: /tb_top/u_mon//tb_top/u_mon  Scope: tb_top.u_mon  File: /run/media/sackb/Windows-SSD/Users/sackb/OneDrive/Desktop/University/Course_Work/2025-2026/Spring_2026/ECE_410/ECE410/project/post_m3_Minor_Redesign/tb/tb_top.sv Line: 257

Time: 18145 ns Started: 18135 ns Scope: /tb_top/u_mon File: /run/media/sackb/Windows-SSD/Users/sackb/OneDrive/Desktop/University/Course_Work/2025-2026/Spring_2026/ECE_410/ECE410/project/post_m3_Minor_Redesign/tb/tb_top.sv Line:256
Error: AXI MONITOR: core_C changed while core is idle
Time: 18145 ns  Iteration: 0  Process: /tb_top/u_mon//tb_top/u_mon  Scope: tb_top.u_mon  File: /run/media/sackb/Windows-SSD/Users/sackb/OneDrive/Desktop/University/Course_Work/2025-2026/Spring_2026/ECE_410/ECE410/project/post_m3_Minor_Redesign/tb/tb_top.sv Line: 257

Time: 18155 ns Started: 18145 ns Scope: /tb_top/u_mon File: /run/media/sackb/Windows-SSD/Users/sackb/OneDrive/Desktop/University/Course_Work/2025-2026/Spring_2026/ECE_410/ECE410/project/post_m3_Minor_Redesign/tb/tb_top.sv Line:256
Error: AXI MONITOR: core_C changed while core is idle
Time: 18155 ns  Iteration: 0  Process: /tb_top/u_mon//tb_top/u_mon  Scope: tb_top.u_mon  File: /run/media/sackb/Windows-SSD/Users/sackb/OneDrive/Desktop/University/Course_Work/2025-2026/Spring_2026/ECE_410/ECE410/project/post_m3_Minor_Redesign/tb/tb_top.sv Line: 257

Time: 18165 ns Started: 18155 ns Scope: /tb_top/u_mon File: /run/media/sackb/Windows-SSD/Users/sackb/OneDrive/Desktop/University/Course_Work/2025-2026/Spring_2026/ECE_410/ECE410/project/post_m3_Minor_Redesign/tb/tb_top.sv Line:256
Error: AXI MONITOR: core_C changed while core is idle
Time: 18165 ns  Iteration: 0  Process: /tb_top/u_mon//tb_top/u_mon  Scope: tb_top.u_mon  File: /run/media/sackb/Windows-SSD/Users/sackb/OneDrive/Desktop/University/Course_Work/2025-2026/Spring_2026/ECE_410/ECE410/project/post_m3_Minor_Redesign/tb/tb_top.sv Line: 257

Time: 18175 ns Started: 18165 ns Scope: /tb_top/u_mon File: /run/media/sackb/Windows-SSD/Users/sackb/OneDrive/Desktop/University/Course_Work/2025-2026/Spring_2026/ECE_410/ECE410/project/post_m3_Minor_Redesign/tb/tb_top.sv Line:256
Error: AXI MONITOR: core_C changed while core is idle
Time: 18175 ns  Iteration: 0  Process: /tb_top/u_mon//tb_top/u_mon  Scope: tb_top.u_mon  File: /run/media/sackb/Windows-SSD/Users/sackb/OneDrive/Desktop/University/Course_Work/2025-2026/Spring_2026/ECE_410/ECE410/project/post_m3_Minor_Redesign/tb/tb_top.sv Line: 257

Time: 18185 ns Started: 18175 ns Scope: /tb_top/u_mon File: /run/media/sackb/Windows-SSD/Users/sackb/OneDrive/Desktop/University/Course_Work/2025-2026/Spring_2026/ECE_410/ECE410/project/post_m3_Minor_Redesign/tb/tb_top.sv Line:256
Error: AXI MONITOR: core_C changed while core is idle
Time: 18185 ns  Iteration: 0  Process: /tb_top/u_mon//tb_top/u_mon  Scope: tb_top.u_mon  File: /run/media/sackb/Windows-SSD/Users/sackb/OneDrive/Desktop/University/Course_Work/2025-2026/Spring_2026/ECE_410/ECE410/project/post_m3_Minor_Redesign/tb/tb_top.sv Line: 257

Time: 18195 ns Started: 18185 ns Scope: /tb_top/u_mon File: /run/media/sackb/Windows-SSD/Users/sackb/OneDrive/Desktop/University/Course_Work/2025-2026/Spring_2026/ECE_410/ECE410/project/post_m3_Minor_Redesign/tb/tb_top.sv Line:256
Error: AXI MONITOR: core_C changed while core is idle
Time: 18195 ns  Iteration: 0  Process: /tb_top/u_mon//tb_top/u_mon  Scope: tb_top.u_mon  File: /run/media/sackb/Windows-SSD/Users/sackb/OneDrive/Desktop/University/Course_Work/2025-2026/Spring_2026/ECE_410/ECE410/project/post_m3_Minor_Redesign/tb/tb_top.sv Line: 257

Time: 18205 ns Started: 18195 ns Scope: /tb_top/u_mon File: /run/media/sackb/Windows-SSD/Users/sackb/OneDrive/Desktop/University/Course_Work/2025-2026/Spring_2026/ECE_410/ECE410/project/post_m3_Minor_Redesign/tb/tb_top.sv Line:256
Error: AXI MONITOR: core_C changed while core is idle
Time: 18205 ns  Iteration: 0  Process: /tb_top/u_mon//tb_top/u_mon  Scope: tb_top.u_mon  File: /run/media/sackb/Windows-SSD/Users/sackb/OneDrive/Desktop/University/Course_Work/2025-2026/Spring_2026/ECE_410/ECE410/project/post_m3_Minor_Redesign/tb/tb_top.sv Line: 257

Time: 18215 ns Started: 18205 ns Scope: /tb_top/u_mon File: /run/media/sackb/Windows-SSD/Users/sackb/OneDrive/Desktop/University/Course_Work/2025-2026/Spring_2026/ECE_410/ECE410/project/post_m3_Minor_Redesign/tb/tb_top.sv Line:256
Error: AXI MONITOR: core_C changed while core is idle
Time: 18215 ns  Iteration: 0  Process: /tb_top/u_mon//tb_top/u_mon  Scope: tb_top.u_mon  File: /run/media/sackb/Windows-SSD/Users/sackb/OneDrive/Desktop/University/Course_Work/2025-2026/Spring_2026/ECE_410/ECE410/project/post_m3_Minor_Redesign/tb/tb_top.sv Line: 257

Time: 18225 ns Started: 18215 ns Scope: /tb_top/u_mon File: /run/media/sackb/Windows-SSD/Users/sackb/OneDrive/Desktop/University/Course_Work/2025-2026/Spring_2026/ECE_410/ECE410/project/post_m3_Minor_Redesign/tb/tb_top.sv Line:256
Error: AXI MONITOR: core_C changed while core is idle
Time: 18225 ns  Iteration: 0  Process: /tb_top/u_mon//tb_top/u_mon  Scope: tb_top.u_mon  File: /run/media/sackb/Windows-SSD/Users/sackb/OneDrive/Desktop/University/Course_Work/2025-2026/Spring_2026/ECE_410/ECE410/project/post_m3_Minor_Redesign/tb/tb_top.sv Line: 257

Time: 18235 ns Started: 18225 ns Scope: /tb_top/u_mon File: /run/media/sackb/Windows-SSD/Users/sackb/OneDrive/Desktop/University/Course_Work/2025-2026/Spring_2026/ECE_410/ECE410/project/post_m3_Minor_Redesign/tb/tb_top.sv Line:256
Error: AXI MONITOR: core_C changed while core is idle
Time: 18235 ns  Iteration: 0  Process: /tb_top/u_mon//tb_top/u_mon  Scope: tb_top.u_mon  File: /run/media/sackb/Windows-SSD/Users/sackb/OneDrive/Desktop/University/Course_Work/2025-2026/Spring_2026/ECE_410/ECE410/project/post_m3_Minor_Redesign/tb/tb_top.sv Line: 257

Time: 18245 ns Started: 18235 ns Scope: /tb_top/u_mon File: /run/media/sackb/Windows-SSD/Users/sackb/OneDrive/Desktop/University/Course_Work/2025-2026/Spring_2026/ECE_410/ECE410/project/post_m3_Minor_Redesign/tb/tb_top.sv Line:256
Error: AXI MONITOR: core_C changed while core is idle
Time: 18245 ns  Iteration: 0  Process: /tb_top/u_mon//tb_top/u_mon  Scope: tb_top.u_mon  File: /run/media/sackb/Windows-SSD/Users/sackb/OneDrive/Desktop/University/Course_Work/2025-2026/Spring_2026/ECE_410/ECE410/project/post_m3_Minor_Redesign/tb/tb_top.sv Line: 257

Time: 18255 ns Started: 18245 ns Scope: /tb_top/u_mon File: /run/media/sackb/Windows-SSD/Users/sackb/OneDrive/Desktop/University/Course_Work/2025-2026/Spring_2026/ECE_410/ECE410/project/post_m3_Minor_Redesign/tb/tb_top.sv Line:256
Error: AXI MONITOR: core_C changed while core is idle
Time: 18255 ns  Iteration: 0  Process: /tb_top/u_mon//tb_top/u_mon  Scope: tb_top.u_mon  File: /run/media/sackb/Windows-SSD/Users/sackb/OneDrive/Desktop/University/Course_Work/2025-2026/Spring_2026/ECE_410/ECE410/project/post_m3_Minor_Redesign/tb/tb_top.sv Line: 257

Time: 18265 ns Started: 18255 ns Scope: /tb_top/u_mon File: /run/media/sackb/Windows-SSD/Users/sackb/OneDrive/Desktop/University/Course_Work/2025-2026/Spring_2026/ECE_410/ECE410/project/post_m3_Minor_Redesign/tb/tb_top.sv Line:256
Error: AXI MONITOR: core_C changed while core is idle
Time: 18265 ns  Iteration: 0  Process: /tb_top/u_mon//tb_top/u_mon  Scope: tb_top.u_mon  File: /run/media/sackb/Windows-SSD/Users/sackb/OneDrive/Desktop/University/Course_Work/2025-2026/Spring_2026/ECE_410/ECE410/project/post_m3_Minor_Redesign/tb/tb_top.sv Line: 257

Time: 18275 ns Started: 18265 ns Scope: /tb_top/u_mon File: /run/media/sackb/Windows-SSD/Users/sackb/OneDrive/Desktop/University/Course_Work/2025-2026/Spring_2026/ECE_410/ECE410/project/post_m3_Minor_Redesign/tb/tb_top.sv Line:256
Error: AXI MONITOR: core_C changed while core is idle
Time: 18275 ns  Iteration: 0  Process: /tb_top/u_mon//tb_top/u_mon  Scope: tb_top.u_mon  File: /run/media/sackb/Windows-SSD/Users/sackb/OneDrive/Desktop/University/Course_Work/2025-2026/Spring_2026/ECE_410/ECE410/project/post_m3_Minor_Redesign/tb/tb_top.sv Line: 257

Time: 18285 ns Started: 18275 ns Scope: /tb_top/u_mon File: /run/media/sackb/Windows-SSD/Users/sackb/OneDrive/Desktop/University/Course_Work/2025-2026/Spring_2026/ECE_410/ECE410/project/post_m3_Minor_Redesign/tb/tb_top.sv Line:256
Error: AXI MONITOR: core_C changed while core is idle
Time: 18285 ns  Iteration: 0  Process: /tb_top/u_mon//tb_top/u_mon  Scope: tb_top.u_mon  File: /run/media/sackb/Windows-SSD/Users/sackb/OneDrive/Desktop/University/Course_Work/2025-2026/Spring_2026/ECE_410/ECE410/project/post_m3_Minor_Redesign/tb/tb_top.sv Line: 257

Time: 18295 ns Started: 18285 ns Scope: /tb_top/u_mon File: /run/media/sackb/Windows-SSD/Users/sackb/OneDrive/Desktop/University/Course_Work/2025-2026/Spring_2026/ECE_410/ECE410/project/post_m3_Minor_Redesign/tb/tb_top.sv Line:256
Error: AXI MONITOR: core_C changed while core is idle
Time: 18295 ns  Iteration: 0  Process: /tb_top/u_mon//tb_top/u_mon  Scope: tb_top.u_mon  File: /run/media/sackb/Windows-SSD/Users/sackb/OneDrive/Desktop/University/Course_Work/2025-2026/Spring_2026/ECE_410/ECE410/project/post_m3_Minor_Redesign/tb/tb_top.sv Line: 257

Time: 18305 ns Started: 18295 ns Scope: /tb_top/u_mon File: /run/media/sackb/Windows-SSD/Users/sackb/OneDrive/Desktop/University/Course_Work/2025-2026/Spring_2026/ECE_410/ECE410/project/post_m3_Minor_Redesign/tb/tb_top.sv Line:256
Error: AXI MONITOR: core_C changed while core is idle
Time: 18305 ns  Iteration: 0  Process: /tb_top/u_mon//tb_top/u_mon  Scope: tb_top.u_mon  File: /run/media/sackb/Windows-SSD/Users/sackb/OneDrive/Desktop/University/Course_Work/2025-2026/Spring_2026/ECE_410/ECE410/project/post_m3_Minor_Redesign/tb/tb_top.sv Line: 257

Time: 18315 ns Started: 18305 ns Scope: /tb_top/u_mon File: /run/media/sackb/Windows-SSD/Users/sackb/OneDrive/Desktop/University/Course_Work/2025-2026/Spring_2026/ECE_410/ECE410/project/post_m3_Minor_Redesign/tb/tb_top.sv Line:256
Error: AXI MONITOR: core_C changed while core is idle
Time: 18315 ns  Iteration: 0  Process: /tb_top/u_mon//tb_top/u_mon  Scope: tb_top.u_mon  File: /run/media/sackb/Windows-SSD/Users/sackb/OneDrive/Desktop/University/Course_Work/2025-2026/Spring_2026/ECE_410/ECE410/project/post_m3_Minor_Redesign/tb/tb_top.sv Line: 257

Time: 18325 ns Started: 18315 ns Scope: /tb_top/u_mon File: /run/media/sackb/Windows-SSD/Users/sackb/OneDrive/Desktop/University/Course_Work/2025-2026/Spring_2026/ECE_410/ECE410/project/post_m3_Minor_Redesign/tb/tb_top.sv Line:256
Error: AXI MONITOR: core_C changed while core is idle
Time: 18325 ns  Iteration: 0  Process: /tb_top/u_mon//tb_top/u_mon  Scope: tb_top.u_mon  File: /run/media/sackb/Windows-SSD/Users/sackb/OneDrive/Desktop/University/Course_Work/2025-2026/Spring_2026/ECE_410/ECE410/project/post_m3_Minor_Redesign/tb/tb_top.sv Line: 257

Time: 18335 ns Started: 18325 ns Scope: /tb_top/u_mon File: /run/media/sackb/Windows-SSD/Users/sackb/OneDrive/Desktop/University/Course_Work/2025-2026/Spring_2026/ECE_410/ECE410/project/post_m3_Minor_Redesign/tb/tb_top.sv Line:256
Error: AXI MONITOR: core_C changed while core is idle
Time: 18335 ns  Iteration: 0  Process: /tb_top/u_mon//tb_top/u_mon  Scope: tb_top.u_mon  File: /run/media/sackb/Windows-SSD/Users/sackb/OneDrive/Desktop/University/Course_Work/2025-2026/Spring_2026/ECE_410/ECE410/project/post_m3_Minor_Redesign/tb/tb_top.sv Line: 257

Time: 18345 ns Started: 18335 ns Scope: /tb_top/u_mon File: /run/media/sackb/Windows-SSD/Users/sackb/OneDrive/Desktop/University/Course_Work/2025-2026/Spring_2026/ECE_410/ECE410/project/post_m3_Minor_Redesign/tb/tb_top.sv Line:256
Error: AXI MONITOR: core_C changed while core is idle
Time: 18345 ns  Iteration: 0  Process: /tb_top/u_mon//tb_top/u_mon  Scope: tb_top.u_mon  File: /run/media/sackb/Windows-SSD/Users/sackb/OneDrive/Desktop/University/Course_Work/2025-2026/Spring_2026/ECE_410/ECE410/project/post_m3_Minor_Redesign/tb/tb_top.sv Line: 257

Time: 18355 ns Started: 18345 ns Scope: /tb_top/u_mon File: /run/media/sackb/Windows-SSD/Users/sackb/OneDrive/Desktop/University/Course_Work/2025-2026/Spring_2026/ECE_410/ECE410/project/post_m3_Minor_Redesign/tb/tb_top.sv Line:256
Error: AXI MONITOR: core_C changed while core is idle
Time: 18355 ns  Iteration: 0  Process: /tb_top/u_mon//tb_top/u_mon  Scope: tb_top.u_mon  File: /run/media/sackb/Windows-SSD/Users/sackb/OneDrive/Desktop/University/Course_Work/2025-2026/Spring_2026/ECE_410/ECE410/project/post_m3_Minor_Redesign/tb/tb_top.sv Line: 257

Time: 18365 ns Started: 18355 ns Scope: /tb_top/u_mon File: /run/media/sackb/Windows-SSD/Users/sackb/OneDrive/Desktop/University/Course_Work/2025-2026/Spring_2026/ECE_410/ECE410/project/post_m3_Minor_Redesign/tb/tb_top.sv Line:256
Error: AXI MONITOR: core_C changed while core is idle
Time: 18365 ns  Iteration: 0  Process: /tb_top/u_mon//tb_top/u_mon  Scope: tb_top.u_mon  File: /run/media/sackb/Windows-SSD/Users/sackb/OneDrive/Desktop/University/Course_Work/2025-2026/Spring_2026/ECE_410/ECE410/project/post_m3_Minor_Redesign/tb/tb_top.sv Line: 257

Time: 18375 ns Started: 18365 ns Scope: /tb_top/u_mon File: /run/media/sackb/Windows-SSD/Users/sackb/OneDrive/Desktop/University/Course_Work/2025-2026/Spring_2026/ECE_410/ECE410/project/post_m3_Minor_Redesign/tb/tb_top.sv Line:256
Error: AXI MONITOR: core_C changed while core is idle
Time: 18375 ns  Iteration: 0  Process: /tb_top/u_mon//tb_top/u_mon  Scope: tb_top.u_mon  File: /run/media/sackb/Windows-SSD/Users/sackb/OneDrive/Desktop/University/Course_Work/2025-2026/Spring_2026/ECE_410/ECE410/project/post_m3_Minor_Redesign/tb/tb_top.sv Line: 257

Time: 18385 ns Started: 18375 ns Scope: /tb_top/u_mon File: /run/media/sackb/Windows-SSD/Users/sackb/OneDrive/Desktop/University/Course_Work/2025-2026/Spring_2026/ECE_410/ECE410/project/post_m3_Minor_Redesign/tb/tb_top.sv Line:256
Error: AXI MONITOR: core_C changed while core is idle
Time: 18385 ns  Iteration: 0  Process: /tb_top/u_mon//tb_top/u_mon  Scope: tb_top.u_mon  File: /run/media/sackb/Windows-SSD/Users/sackb/OneDrive/Desktop/University/Course_Work/2025-2026/Spring_2026/ECE_410/ECE410/project/post_m3_Minor_Redesign/tb/tb_top.sv Line: 257

Time: 18395 ns Started: 18385 ns Scope: /tb_top/u_mon File: /run/media/sackb/Windows-SSD/Users/sackb/OneDrive/Desktop/University/Course_Work/2025-2026/Spring_2026/ECE_410/ECE410/project/post_m3_Minor_Redesign/tb/tb_top.sv Line:256
Error: AXI MONITOR: core_C changed while core is idle
Time: 18395 ns  Iteration: 0  Process: /tb_top/u_mon//tb_top/u_mon  Scope: tb_top.u_mon  File: /run/media/sackb/Windows-SSD/Users/sackb/OneDrive/Desktop/University/Course_Work/2025-2026/Spring_2026/ECE_410/ECE410/project/post_m3_Minor_Redesign/tb/tb_top.sv Line: 257

Time: 18405 ns Started: 18395 ns Scope: /tb_top/u_mon File: /run/media/sackb/Windows-SSD/Users/sackb/OneDrive/Desktop/University/Course_Work/2025-2026/Spring_2026/ECE_410/ECE410/project/post_m3_Minor_Redesign/tb/tb_top.sv Line:256
Error: AXI MONITOR: core_C changed while core is idle
Time: 18405 ns  Iteration: 0  Process: /tb_top/u_mon//tb_top/u_mon  Scope: tb_top.u_mon  File: /run/media/sackb/Windows-SSD/Users/sackb/OneDrive/Desktop/University/Course_Work/2025-2026/Spring_2026/ECE_410/ECE410/project/post_m3_Minor_Redesign/tb/tb_top.sv Line: 257

Time: 18415 ns Started: 18405 ns Scope: /tb_top/u_mon File: /run/media/sackb/Windows-SSD/Users/sackb/OneDrive/Desktop/University/Course_Work/2025-2026/Spring_2026/ECE_410/ECE410/project/post_m3_Minor_Redesign/tb/tb_top.sv Line:256
Error: AXI MONITOR: core_C changed while core is idle
Time: 18415 ns  Iteration: 0  Process: /tb_top/u_mon//tb_top/u_mon  Scope: tb_top.u_mon  File: /run/media/sackb/Windows-SSD/Users/sackb/OneDrive/Desktop/University/Course_Work/2025-2026/Spring_2026/ECE_410/ECE410/project/post_m3_Minor_Redesign/tb/tb_top.sv Line: 257

Time: 18425 ns Started: 18415 ns Scope: /tb_top/u_mon File: /run/media/sackb/Windows-SSD/Users/sackb/OneDrive/Desktop/University/Course_Work/2025-2026/Spring_2026/ECE_410/ECE410/project/post_m3_Minor_Redesign/tb/tb_top.sv Line:256
Error: AXI MONITOR: core_C changed while core is idle
Time: 18425 ns  Iteration: 0  Process: /tb_top/u_mon//tb_top/u_mon  Scope: tb_top.u_mon  File: /run/media/sackb/Windows-SSD/Users/sackb/OneDrive/Desktop/University/Course_Work/2025-2026/Spring_2026/ECE_410/ECE410/project/post_m3_Minor_Redesign/tb/tb_top.sv Line: 257

Time: 18435 ns Started: 18425 ns Scope: /tb_top/u_mon File: /run/media/sackb/Windows-SSD/Users/sackb/OneDrive/Desktop/University/Course_Work/2025-2026/Spring_2026/ECE_410/ECE410/project/post_m3_Minor_Redesign/tb/tb_top.sv Line:256
Error: AXI MONITOR: core_C changed while core is idle
Time: 18435 ns  Iteration: 0  Process: /tb_top/u_mon//tb_top/u_mon  Scope: tb_top.u_mon  File: /run/media/sackb/Windows-SSD/Users/sackb/OneDrive/Desktop/University/Course_Work/2025-2026/Spring_2026/ECE_410/ECE410/project/post_m3_Minor_Redesign/tb/tb_top.sv Line: 257

Time: 18445 ns Started: 18435 ns Scope: /tb_top/u_mon File: /run/media/sackb/Windows-SSD/Users/sackb/OneDrive/Desktop/University/Course_Work/2025-2026/Spring_2026/ECE_410/ECE410/project/post_m3_Minor_Redesign/tb/tb_top.sv Line:256
Error: AXI MONITOR: core_C changed while core is idle
Time: 18445 ns  Iteration: 0  Process: /tb_top/u_mon//tb_top/u_mon  Scope: tb_top.u_mon  File: /run/media/sackb/Windows-SSD/Users/sackb/OneDrive/Desktop/University/Course_Work/2025-2026/Spring_2026/ECE_410/ECE410/project/post_m3_Minor_Redesign/tb/tb_top.sv Line: 257

Time: 18455 ns Started: 18445 ns Scope: /tb_top/u_mon File: /run/media/sackb/Windows-SSD/Users/sackb/OneDrive/Desktop/University/Course_Work/2025-2026/Spring_2026/ECE_410/ECE410/project/post_m3_Minor_Redesign/tb/tb_top.sv Line:256
Error: AXI MONITOR: core_C changed while core is idle
Time: 18455 ns  Iteration: 0  Process: /tb_top/u_mon//tb_top/u_mon  Scope: tb_top.u_mon  File: /run/media/sackb/Windows-SSD/Users/sackb/OneDrive/Desktop/University/Course_Work/2025-2026/Spring_2026/ECE_410/ECE410/project/post_m3_Minor_Redesign/tb/tb_top.sv Line: 257

Time: 18465 ns Started: 18455 ns Scope: /tb_top/u_mon File: /run/media/sackb/Windows-SSD/Users/sackb/OneDrive/Desktop/University/Course_Work/2025-2026/Spring_2026/ECE_410/ECE410/project/post_m3_Minor_Redesign/tb/tb_top.sv Line:256
Error: AXI MONITOR: core_C changed while core is idle
Time: 18465 ns  Iteration: 0  Process: /tb_top/u_mon//tb_top/u_mon  Scope: tb_top.u_mon  File: /run/media/sackb/Windows-SSD/Users/sackb/OneDrive/Desktop/University/Course_Work/2025-2026/Spring_2026/ECE_410/ECE410/project/post_m3_Minor_Redesign/tb/tb_top.sv Line: 257

Time: 18475 ns Started: 18465 ns Scope: /tb_top/u_mon File: /run/media/sackb/Windows-SSD/Users/sackb/OneDrive/Desktop/University/Course_Work/2025-2026/Spring_2026/ECE_410/ECE410/project/post_m3_Minor_Redesign/tb/tb_top.sv Line:256
Error: AXI MONITOR: core_C changed while core is idle
Time: 18475 ns  Iteration: 0  Process: /tb_top/u_mon//tb_top/u_mon  Scope: tb_top.u_mon  File: /run/media/sackb/Windows-SSD/Users/sackb/OneDrive/Desktop/University/Course_Work/2025-2026/Spring_2026/ECE_410/ECE410/project/post_m3_Minor_Redesign/tb/tb_top.sv Line: 257

Time: 18485 ns Started: 18475 ns Scope: /tb_top/u_mon File: /run/media/sackb/Windows-SSD/Users/sackb/OneDrive/Desktop/University/Course_Work/2025-2026/Spring_2026/ECE_410/ECE410/project/post_m3_Minor_Redesign/tb/tb_top.sv Line:256
Error: AXI MONITOR: core_C changed while core is idle
Time: 18485 ns  Iteration: 0  Process: /tb_top/u_mon//tb_top/u_mon  Scope: tb_top.u_mon  File: /run/media/sackb/Windows-SSD/Users/sackb/OneDrive/Desktop/University/Course_Work/2025-2026/Spring_2026/ECE_410/ECE410/project/post_m3_Minor_Redesign/tb/tb_top.sv Line: 257

Time: 18495 ns Started: 18485 ns Scope: /tb_top/u_mon File: /run/media/sackb/Windows-SSD/Users/sackb/OneDrive/Desktop/University/Course_Work/2025-2026/Spring_2026/ECE_410/ECE410/project/post_m3_Minor_Redesign/tb/tb_top.sv Line:256
Error: AXI MONITOR: core_C changed while core is idle
Time: 18495 ns  Iteration: 0  Process: /tb_top/u_mon//tb_top/u_mon  Scope: tb_top.u_mon  File: /run/media/sackb/Windows-SSD/Users/sackb/OneDrive/Desktop/University/Course_Work/2025-2026/Spring_2026/ECE_410/ECE410/project/post_m3_Minor_Redesign/tb/tb_top.sv Line: 257

Time: 18505 ns Started: 18495 ns Scope: /tb_top/u_mon File: /run/media/sackb/Windows-SSD/Users/sackb/OneDrive/Desktop/University/Course_Work/2025-2026/Spring_2026/ECE_410/ECE410/project/post_m3_Minor_Redesign/tb/tb_top.sv Line:256
Error: AXI MONITOR: core_C changed while core is idle
Time: 18505 ns  Iteration: 0  Process: /tb_top/u_mon//tb_top/u_mon  Scope: tb_top.u_mon  File: /run/media/sackb/Windows-SSD/Users/sackb/OneDrive/Desktop/University/Course_Work/2025-2026/Spring_2026/ECE_410/ECE410/project/post_m3_Minor_Redesign/tb/tb_top.sv Line: 257

Time: 18515 ns Started: 18505 ns Scope: /tb_top/u_mon File: /run/media/sackb/Windows-SSD/Users/sackb/OneDrive/Desktop/University/Course_Work/2025-2026/Spring_2026/ECE_410/ECE410/project/post_m3_Minor_Redesign/tb/tb_top.sv Line:256
Error: AXI MONITOR: core_C changed while core is idle
Time: 18515 ns  Iteration: 0  Process: /tb_top/u_mon//tb_top/u_mon  Scope: tb_top.u_mon  File: /run/media/sackb/Windows-SSD/Users/sackb/OneDrive/Desktop/University/Course_Work/2025-2026/Spring_2026/ECE_410/ECE410/project/post_m3_Minor_Redesign/tb/tb_top.sv Line: 257

Time: 18525 ns Started: 18515 ns Scope: /tb_top/u_mon File: /run/media/sackb/Windows-SSD/Users/sackb/OneDrive/Desktop/University/Course_Work/2025-2026/Spring_2026/ECE_410/ECE410/project/post_m3_Minor_Redesign/tb/tb_top.sv Line:256
Error: AXI MONITOR: core_C changed while core is idle
Time: 18525 ns  Iteration: 0  Process: /tb_top/u_mon//tb_top/u_mon  Scope: tb_top.u_mon  File: /run/media/sackb/Windows-SSD/Users/sackb/OneDrive/Desktop/University/Course_Work/2025-2026/Spring_2026/ECE_410/ECE410/project/post_m3_Minor_Redesign/tb/tb_top.sv Line: 257

Time: 18535 ns Started: 18525 ns Scope: /tb_top/u_mon File: /run/media/sackb/Windows-SSD/Users/sackb/OneDrive/Desktop/University/Course_Work/2025-2026/Spring_2026/ECE_410/ECE410/project/post_m3_Minor_Redesign/tb/tb_top.sv Line:256
Error: AXI MONITOR: core_C changed while core is idle
Time: 18535 ns  Iteration: 0  Process: /tb_top/u_mon//tb_top/u_mon  Scope: tb_top.u_mon  File: /run/media/sackb/Windows-SSD/Users/sackb/OneDrive/Desktop/University/Course_Work/2025-2026/Spring_2026/ECE_410/ECE410/project/post_m3_Minor_Redesign/tb/tb_top.sv Line: 257

Time: 18545 ns Started: 18535 ns Scope: /tb_top/u_mon File: /run/media/sackb/Windows-SSD/Users/sackb/OneDrive/Desktop/University/Course_Work/2025-2026/Spring_2026/ECE_410/ECE410/project/post_m3_Minor_Redesign/tb/tb_top.sv Line:256
Error: AXI MONITOR: core_C changed while core is idle
Time: 18545 ns  Iteration: 0  Process: /tb_top/u_mon//tb_top/u_mon  Scope: tb_top.u_mon  File: /run/media/sackb/Windows-SSD/Users/sackb/OneDrive/Desktop/University/Course_Work/2025-2026/Spring_2026/ECE_410/ECE410/project/post_m3_Minor_Redesign/tb/tb_top.sv Line: 257

Time: 18555 ns Started: 18545 ns Scope: /tb_top/u_mon File: /run/media/sackb/Windows-SSD/Users/sackb/OneDrive/Desktop/University/Course_Work/2025-2026/Spring_2026/ECE_410/ECE410/project/post_m3_Minor_Redesign/tb/tb_top.sv Line:256
Error: AXI MONITOR: core_C changed while core is idle
Time: 18555 ns  Iteration: 0  Process: /tb_top/u_mon//tb_top/u_mon  Scope: tb_top.u_mon  File: /run/media/sackb/Windows-SSD/Users/sackb/OneDrive/Desktop/University/Course_Work/2025-2026/Spring_2026/ECE_410/ECE410/project/post_m3_Minor_Redesign/tb/tb_top.sv Line: 257

Time: 18565 ns Started: 18555 ns Scope: /tb_top/u_mon File: /run/media/sackb/Windows-SSD/Users/sackb/OneDrive/Desktop/University/Course_Work/2025-2026/Spring_2026/ECE_410/ECE410/project/post_m3_Minor_Redesign/tb/tb_top.sv Line:256
Error: AXI MONITOR: core_C changed while core is idle
Time: 18565 ns  Iteration: 0  Process: /tb_top/u_mon//tb_top/u_mon  Scope: tb_top.u_mon  File: /run/media/sackb/Windows-SSD/Users/sackb/OneDrive/Desktop/University/Course_Work/2025-2026/Spring_2026/ECE_410/ECE410/project/post_m3_Minor_Redesign/tb/tb_top.sv Line: 257

Time: 18575 ns Started: 18565 ns Scope: /tb_top/u_mon File: /run/media/sackb/Windows-SSD/Users/sackb/OneDrive/Desktop/University/Course_Work/2025-2026/Spring_2026/ECE_410/ECE410/project/post_m3_Minor_Redesign/tb/tb_top.sv Line:256
Error: AXI MONITOR: core_C changed while core is idle
Time: 18575 ns  Iteration: 0  Process: /tb_top/u_mon//tb_top/u_mon  Scope: tb_top.u_mon  File: /run/media/sackb/Windows-SSD/Users/sackb/OneDrive/Desktop/University/Course_Work/2025-2026/Spring_2026/ECE_410/ECE410/project/post_m3_Minor_Redesign/tb/tb_top.sv Line: 257

Time: 18585 ns Started: 18575 ns Scope: /tb_top/u_mon File: /run/media/sackb/Windows-SSD/Users/sackb/OneDrive/Desktop/University/Course_Work/2025-2026/Spring_2026/ECE_410/ECE410/project/post_m3_Minor_Redesign/tb/tb_top.sv Line:256
Error: AXI MONITOR: core_C changed while core is idle
Time: 18585 ns  Iteration: 0  Process: /tb_top/u_mon//tb_top/u_mon  Scope: tb_top.u_mon  File: /run/media/sackb/Windows-SSD/Users/sackb/OneDrive/Desktop/University/Course_Work/2025-2026/Spring_2026/ECE_410/ECE410/project/post_m3_Minor_Redesign/tb/tb_top.sv Line: 257

Time: 19215 ns Started: 19205 ns Scope: /tb_top/u_mon File: /run/media/sackb/Windows-SSD/Users/sackb/OneDrive/Desktop/University/Course_Work/2025-2026/Spring_2026/ECE_410/ECE410/project/post_m3_Minor_Redesign/tb/tb_top.sv Line:256
Error: AXI MONITOR: core_C changed while core is idle
Time: 19215 ns  Iteration: 0  Process: /tb_top/u_mon//tb_top/u_mon  Scope: tb_top.u_mon  File: /run/media/sackb/Windows-SSD/Users/sackb/OneDrive/Desktop/University/Course_Work/2025-2026/Spring_2026/ECE_410/ECE410/project/post_m3_Minor_Redesign/tb/tb_top.sv Line: 257

Time: 19225 ns Started: 19215 ns Scope: /tb_top/u_mon File: /run/media/sackb/Windows-SSD/Users/sackb/OneDrive/Desktop/University/Course_Work/2025-2026/Spring_2026/ECE_410/ECE410/project/post_m3_Minor_Redesign/tb/tb_top.sv Line:256
Error: AXI MONITOR: core_C changed while core is idle
Time: 19225 ns  Iteration: 0  Process: /tb_top/u_mon//tb_top/u_mon  Scope: tb_top.u_mon  File: /run/media/sackb/Windows-SSD/Users/sackb/OneDrive/Desktop/University/Course_Work/2025-2026/Spring_2026/ECE_410/ECE410/project/post_m3_Minor_Redesign/tb/tb_top.sv Line: 257

Time: 19235 ns Started: 19225 ns Scope: /tb_top/u_mon File: /run/media/sackb/Windows-SSD/Users/sackb/OneDrive/Desktop/University/Course_Work/2025-2026/Spring_2026/ECE_410/ECE410/project/post_m3_Minor_Redesign/tb/tb_top.sv Line:256
Error: AXI MONITOR: core_C changed while core is idle
Time: 19235 ns  Iteration: 0  Process: /tb_top/u_mon//tb_top/u_mon  Scope: tb_top.u_mon  File: /run/media/sackb/Windows-SSD/Users/sackb/OneDrive/Desktop/University/Course_Work/2025-2026/Spring_2026/ECE_410/ECE410/project/post_m3_Minor_Redesign/tb/tb_top.sv Line: 257

Time: 19245 ns Started: 19235 ns Scope: /tb_top/u_mon File: /run/media/sackb/Windows-SSD/Users/sackb/OneDrive/Desktop/University/Course_Work/2025-2026/Spring_2026/ECE_410/ECE410/project/post_m3_Minor_Redesign/tb/tb_top.sv Line:256
Error: AXI MONITOR: core_C changed while core is idle
Time: 19245 ns  Iteration: 0  Process: /tb_top/u_mon//tb_top/u_mon  Scope: tb_top.u_mon  File: /run/media/sackb/Windows-SSD/Users/sackb/OneDrive/Desktop/University/Course_Work/2025-2026/Spring_2026/ECE_410/ECE410/project/post_m3_Minor_Redesign/tb/tb_top.sv Line: 257

Time: 19255 ns Started: 19245 ns Scope: /tb_top/u_mon File: /run/media/sackb/Windows-SSD/Users/sackb/OneDrive/Desktop/University/Course_Work/2025-2026/Spring_2026/ECE_410/ECE410/project/post_m3_Minor_Redesign/tb/tb_top.sv Line:256
Error: AXI MONITOR: core_C changed while core is idle
Time: 19255 ns  Iteration: 0  Process: /tb_top/u_mon//tb_top/u_mon  Scope: tb_top.u_mon  File: /run/media/sackb/Windows-SSD/Users/sackb/OneDrive/Desktop/University/Course_Work/2025-2026/Spring_2026/ECE_410/ECE410/project/post_m3_Minor_Redesign/tb/tb_top.sv Line: 257

Time: 19265 ns Started: 19255 ns Scope: /tb_top/u_mon File: /run/media/sackb/Windows-SSD/Users/sackb/OneDrive/Desktop/University/Course_Work/2025-2026/Spring_2026/ECE_410/ECE410/project/post_m3_Minor_Redesign/tb/tb_top.sv Line:256
Error: AXI MONITOR: core_C changed while core is idle
Time: 19265 ns  Iteration: 0  Process: /tb_top/u_mon//tb_top/u_mon  Scope: tb_top.u_mon  File: /run/media/sackb/Windows-SSD/Users/sackb/OneDrive/Desktop/University/Course_Work/2025-2026/Spring_2026/ECE_410/ECE410/project/post_m3_Minor_Redesign/tb/tb_top.sv Line: 257

Time: 19275 ns Started: 19265 ns Scope: /tb_top/u_mon File: /run/media/sackb/Windows-SSD/Users/sackb/OneDrive/Desktop/University/Course_Work/2025-2026/Spring_2026/ECE_410/ECE410/project/post_m3_Minor_Redesign/tb/tb_top.sv Line:256
Error: AXI MONITOR: core_C changed while core is idle
Time: 19275 ns  Iteration: 0  Process: /tb_top/u_mon//tb_top/u_mon  Scope: tb_top.u_mon  File: /run/media/sackb/Windows-SSD/Users/sackb/OneDrive/Desktop/University/Course_Work/2025-2026/Spring_2026/ECE_410/ECE410/project/post_m3_Minor_Redesign/tb/tb_top.sv Line: 257

Time: 19285 ns Started: 19275 ns Scope: /tb_top/u_mon File: /run/media/sackb/Windows-SSD/Users/sackb/OneDrive/Desktop/University/Course_Work/2025-2026/Spring_2026/ECE_410/ECE410/project/post_m3_Minor_Redesign/tb/tb_top.sv Line:256
Error: AXI MONITOR: core_C changed while core is idle
Time: 19285 ns  Iteration: 0  Process: /tb_top/u_mon//tb_top/u_mon  Scope: tb_top.u_mon  File: /run/media/sackb/Windows-SSD/Users/sackb/OneDrive/Desktop/University/Course_Work/2025-2026/Spring_2026/ECE_410/ECE410/project/post_m3_Minor_Redesign/tb/tb_top.sv Line: 257

Time: 19295 ns Started: 19285 ns Scope: /tb_top/u_mon File: /run/media/sackb/Windows-SSD/Users/sackb/OneDrive/Desktop/University/Course_Work/2025-2026/Spring_2026/ECE_410/ECE410/project/post_m3_Minor_Redesign/tb/tb_top.sv Line:256
Error: AXI MONITOR: core_C changed while core is idle
Time: 19295 ns  Iteration: 0  Process: /tb_top/u_mon//tb_top/u_mon  Scope: tb_top.u_mon  File: /run/media/sackb/Windows-SSD/Users/sackb/OneDrive/Desktop/University/Course_Work/2025-2026/Spring_2026/ECE_410/ECE410/project/post_m3_Minor_Redesign/tb/tb_top.sv Line: 257

Time: 19305 ns Started: 19295 ns Scope: /tb_top/u_mon File: /run/media/sackb/Windows-SSD/Users/sackb/OneDrive/Desktop/University/Course_Work/2025-2026/Spring_2026/ECE_410/ECE410/project/post_m3_Minor_Redesign/tb/tb_top.sv Line:256
Error: AXI MONITOR: core_C changed while core is idle
Time: 19305 ns  Iteration: 0  Process: /tb_top/u_mon//tb_top/u_mon  Scope: tb_top.u_mon  File: /run/media/sackb/Windows-SSD/Users/sackb/OneDrive/Desktop/University/Course_Work/2025-2026/Spring_2026/ECE_410/ECE410/project/post_m3_Minor_Redesign/tb/tb_top.sv Line: 257

Time: 19315 ns Started: 19305 ns Scope: /tb_top/u_mon File: /run/media/sackb/Windows-SSD/Users/sackb/OneDrive/Desktop/University/Course_Work/2025-2026/Spring_2026/ECE_410/ECE410/project/post_m3_Minor_Redesign/tb/tb_top.sv Line:256
Error: AXI MONITOR: core_C changed while core is idle
Time: 19315 ns  Iteration: 0  Process: /tb_top/u_mon//tb_top/u_mon  Scope: tb_top.u_mon  File: /run/media/sackb/Windows-SSD/Users/sackb/OneDrive/Desktop/University/Course_Work/2025-2026/Spring_2026/ECE_410/ECE410/project/post_m3_Minor_Redesign/tb/tb_top.sv Line: 257

Time: 19325 ns Started: 19315 ns Scope: /tb_top/u_mon File: /run/media/sackb/Windows-SSD/Users/sackb/OneDrive/Desktop/University/Course_Work/2025-2026/Spring_2026/ECE_410/ECE410/project/post_m3_Minor_Redesign/tb/tb_top.sv Line:256
Error: AXI MONITOR: core_C changed while core is idle
Time: 19325 ns  Iteration: 0  Process: /tb_top/u_mon//tb_top/u_mon  Scope: tb_top.u_mon  File: /run/media/sackb/Windows-SSD/Users/sackb/OneDrive/Desktop/University/Course_Work/2025-2026/Spring_2026/ECE_410/ECE410/project/post_m3_Minor_Redesign/tb/tb_top.sv Line: 257

Time: 19335 ns Started: 19325 ns Scope: /tb_top/u_mon File: /run/media/sackb/Windows-SSD/Users/sackb/OneDrive/Desktop/University/Course_Work/2025-2026/Spring_2026/ECE_410/ECE410/project/post_m3_Minor_Redesign/tb/tb_top.sv Line:256
Error: AXI MONITOR: core_C changed while core is idle
Time: 19335 ns  Iteration: 0  Process: /tb_top/u_mon//tb_top/u_mon  Scope: tb_top.u_mon  File: /run/media/sackb/Windows-SSD/Users/sackb/OneDrive/Desktop/University/Course_Work/2025-2026/Spring_2026/ECE_410/ECE410/project/post_m3_Minor_Redesign/tb/tb_top.sv Line: 257

Time: 19345 ns Started: 19335 ns Scope: /tb_top/u_mon File: /run/media/sackb/Windows-SSD/Users/sackb/OneDrive/Desktop/University/Course_Work/2025-2026/Spring_2026/ECE_410/ECE410/project/post_m3_Minor_Redesign/tb/tb_top.sv Line:256
Error: AXI MONITOR: core_C changed while core is idle
Time: 19345 ns  Iteration: 0  Process: /tb_top/u_mon//tb_top/u_mon  Scope: tb_top.u_mon  File: /run/media/sackb/Windows-SSD/Users/sackb/OneDrive/Desktop/University/Course_Work/2025-2026/Spring_2026/ECE_410/ECE410/project/post_m3_Minor_Redesign/tb/tb_top.sv Line: 257

Time: 19355 ns Started: 19345 ns Scope: /tb_top/u_mon File: /run/media/sackb/Windows-SSD/Users/sackb/OneDrive/Desktop/University/Course_Work/2025-2026/Spring_2026/ECE_410/ECE410/project/post_m3_Minor_Redesign/tb/tb_top.sv Line:256
Error: AXI MONITOR: core_C changed while core is idle
Time: 19355 ns  Iteration: 0  Process: /tb_top/u_mon//tb_top/u_mon  Scope: tb_top.u_mon  File: /run/media/sackb/Windows-SSD/Users/sackb/OneDrive/Desktop/University/Course_Work/2025-2026/Spring_2026/ECE_410/ECE410/project/post_m3_Minor_Redesign/tb/tb_top.sv Line: 257

Time: 19365 ns Started: 19355 ns Scope: /tb_top/u_mon File: /run/media/sackb/Windows-SSD/Users/sackb/OneDrive/Desktop/University/Course_Work/2025-2026/Spring_2026/ECE_410/ECE410/project/post_m3_Minor_Redesign/tb/tb_top.sv Line:256
Error: AXI MONITOR: core_C changed while core is idle
Time: 19365 ns  Iteration: 0  Process: /tb_top/u_mon//tb_top/u_mon  Scope: tb_top.u_mon  File: /run/media/sackb/Windows-SSD/Users/sackb/OneDrive/Desktop/University/Course_Work/2025-2026/Spring_2026/ECE_410/ECE410/project/post_m3_Minor_Redesign/tb/tb_top.sv Line: 257

Time: 19375 ns Started: 19365 ns Scope: /tb_top/u_mon File: /run/media/sackb/Windows-SSD/Users/sackb/OneDrive/Desktop/University/Course_Work/2025-2026/Spring_2026/ECE_410/ECE410/project/post_m3_Minor_Redesign/tb/tb_top.sv Line:256
Error: AXI MONITOR: core_C changed while core is idle
Time: 19375 ns  Iteration: 0  Process: /tb_top/u_mon//tb_top/u_mon  Scope: tb_top.u_mon  File: /run/media/sackb/Windows-SSD/Users/sackb/OneDrive/Desktop/University/Course_Work/2025-2026/Spring_2026/ECE_410/ECE410/project/post_m3_Minor_Redesign/tb/tb_top.sv Line: 257

Time: 19385 ns Started: 19375 ns Scope: /tb_top/u_mon File: /run/media/sackb/Windows-SSD/Users/sackb/OneDrive/Desktop/University/Course_Work/2025-2026/Spring_2026/ECE_410/ECE410/project/post_m3_Minor_Redesign/tb/tb_top.sv Line:256
Error: AXI MONITOR: core_C changed while core is idle
Time: 19385 ns  Iteration: 0  Process: /tb_top/u_mon//tb_top/u_mon  Scope: tb_top.u_mon  File: /run/media/sackb/Windows-SSD/Users/sackb/OneDrive/Desktop/University/Course_Work/2025-2026/Spring_2026/ECE_410/ECE410/project/post_m3_Minor_Redesign/tb/tb_top.sv Line: 257

Time: 19395 ns Started: 19385 ns Scope: /tb_top/u_mon File: /run/media/sackb/Windows-SSD/Users/sackb/OneDrive/Desktop/University/Course_Work/2025-2026/Spring_2026/ECE_410/ECE410/project/post_m3_Minor_Redesign/tb/tb_top.sv Line:256
Error: AXI MONITOR: core_C changed while core is idle
Time: 19395 ns  Iteration: 0  Process: /tb_top/u_mon//tb_top/u_mon  Scope: tb_top.u_mon  File: /run/media/sackb/Windows-SSD/Users/sackb/OneDrive/Desktop/University/Course_Work/2025-2026/Spring_2026/ECE_410/ECE410/project/post_m3_Minor_Redesign/tb/tb_top.sv Line: 257

Time: 19405 ns Started: 19395 ns Scope: /tb_top/u_mon File: /run/media/sackb/Windows-SSD/Users/sackb/OneDrive/Desktop/University/Course_Work/2025-2026/Spring_2026/ECE_410/ECE410/project/post_m3_Minor_Redesign/tb/tb_top.sv Line:256
Error: AXI MONITOR: core_C changed while core is idle
Time: 19405 ns  Iteration: 0  Process: /tb_top/u_mon//tb_top/u_mon  Scope: tb_top.u_mon  File: /run/media/sackb/Windows-SSD/Users/sackb/OneDrive/Desktop/University/Course_Work/2025-2026/Spring_2026/ECE_410/ECE410/project/post_m3_Minor_Redesign/tb/tb_top.sv Line: 257

Time: 19415 ns Started: 19405 ns Scope: /tb_top/u_mon File: /run/media/sackb/Windows-SSD/Users/sackb/OneDrive/Desktop/University/Course_Work/2025-2026/Spring_2026/ECE_410/ECE410/project/post_m3_Minor_Redesign/tb/tb_top.sv Line:256
Error: AXI MONITOR: core_C changed while core is idle
Time: 19415 ns  Iteration: 0  Process: /tb_top/u_mon//tb_top/u_mon  Scope: tb_top.u_mon  File: /run/media/sackb/Windows-SSD/Users/sackb/OneDrive/Desktop/University/Course_Work/2025-2026/Spring_2026/ECE_410/ECE410/project/post_m3_Minor_Redesign/tb/tb_top.sv Line: 257

Time: 19425 ns Started: 19415 ns Scope: /tb_top/u_mon File: /run/media/sackb/Windows-SSD/Users/sackb/OneDrive/Desktop/University/Course_Work/2025-2026/Spring_2026/ECE_410/ECE410/project/post_m3_Minor_Redesign/tb/tb_top.sv Line:256
Error: AXI MONITOR: core_C changed while core is idle
Time: 19425 ns  Iteration: 0  Process: /tb_top/u_mon//tb_top/u_mon  Scope: tb_top.u_mon  File: /run/media/sackb/Windows-SSD/Users/sackb/OneDrive/Desktop/University/Course_Work/2025-2026/Spring_2026/ECE_410/ECE410/project/post_m3_Minor_Redesign/tb/tb_top.sv Line: 257

Time: 19435 ns Started: 19425 ns Scope: /tb_top/u_mon File: /run/media/sackb/Windows-SSD/Users/sackb/OneDrive/Desktop/University/Course_Work/2025-2026/Spring_2026/ECE_410/ECE410/project/post_m3_Minor_Redesign/tb/tb_top.sv Line:256
Error: AXI MONITOR: core_C changed while core is idle
Time: 19435 ns  Iteration: 0  Process: /tb_top/u_mon//tb_top/u_mon  Scope: tb_top.u_mon  File: /run/media/sackb/Windows-SSD/Users/sackb/OneDrive/Desktop/University/Course_Work/2025-2026/Spring_2026/ECE_410/ECE410/project/post_m3_Minor_Redesign/tb/tb_top.sv Line: 257

Time: 19445 ns Started: 19435 ns Scope: /tb_top/u_mon File: /run/media/sackb/Windows-SSD/Users/sackb/OneDrive/Desktop/University/Course_Work/2025-2026/Spring_2026/ECE_410/ECE410/project/post_m3_Minor_Redesign/tb/tb_top.sv Line:256
Error: AXI MONITOR: core_C changed while core is idle
Time: 19445 ns  Iteration: 0  Process: /tb_top/u_mon//tb_top/u_mon  Scope: tb_top.u_mon  File: /run/media/sackb/Windows-SSD/Users/sackb/OneDrive/Desktop/University/Course_Work/2025-2026/Spring_2026/ECE_410/ECE410/project/post_m3_Minor_Redesign/tb/tb_top.sv Line: 257

Time: 19455 ns Started: 19445 ns Scope: /tb_top/u_mon File: /run/media/sackb/Windows-SSD/Users/sackb/OneDrive/Desktop/University/Course_Work/2025-2026/Spring_2026/ECE_410/ECE410/project/post_m3_Minor_Redesign/tb/tb_top.sv Line:256
Error: AXI MONITOR: core_C changed while core is idle
Time: 19455 ns  Iteration: 0  Process: /tb_top/u_mon//tb_top/u_mon  Scope: tb_top.u_mon  File: /run/media/sackb/Windows-SSD/Users/sackb/OneDrive/Desktop/University/Course_Work/2025-2026/Spring_2026/ECE_410/ECE410/project/post_m3_Minor_Redesign/tb/tb_top.sv Line: 257

Time: 19465 ns Started: 19455 ns Scope: /tb_top/u_mon File: /run/media/sackb/Windows-SSD/Users/sackb/OneDrive/Desktop/University/Course_Work/2025-2026/Spring_2026/ECE_410/ECE410/project/post_m3_Minor_Redesign/tb/tb_top.sv Line:256
Error: AXI MONITOR: core_C changed while core is idle
Time: 19465 ns  Iteration: 0  Process: /tb_top/u_mon//tb_top/u_mon  Scope: tb_top.u_mon  File: /run/media/sackb/Windows-SSD/Users/sackb/OneDrive/Desktop/University/Course_Work/2025-2026/Spring_2026/ECE_410/ECE410/project/post_m3_Minor_Redesign/tb/tb_top.sv Line: 257

Time: 19475 ns Started: 19465 ns Scope: /tb_top/u_mon File: /run/media/sackb/Windows-SSD/Users/sackb/OneDrive/Desktop/University/Course_Work/2025-2026/Spring_2026/ECE_410/ECE410/project/post_m3_Minor_Redesign/tb/tb_top.sv Line:256
Error: AXI MONITOR: core_C changed while core is idle
Time: 19475 ns  Iteration: 0  Process: /tb_top/u_mon//tb_top/u_mon  Scope: tb_top.u_mon  File: /run/media/sackb/Windows-SSD/Users/sackb/OneDrive/Desktop/University/Course_Work/2025-2026/Spring_2026/ECE_410/ECE410/project/post_m3_Minor_Redesign/tb/tb_top.sv Line: 257

Time: 19485 ns Started: 19475 ns Scope: /tb_top/u_mon File: /run/media/sackb/Windows-SSD/Users/sackb/OneDrive/Desktop/University/Course_Work/2025-2026/Spring_2026/ECE_410/ECE410/project/post_m3_Minor_Redesign/tb/tb_top.sv Line:256
Error: AXI MONITOR: core_C changed while core is idle
Time: 19485 ns  Iteration: 0  Process: /tb_top/u_mon//tb_top/u_mon  Scope: tb_top.u_mon  File: /run/media/sackb/Windows-SSD/Users/sackb/OneDrive/Desktop/University/Course_Work/2025-2026/Spring_2026/ECE_410/ECE410/project/post_m3_Minor_Redesign/tb/tb_top.sv Line: 257

Time: 19495 ns Started: 19485 ns Scope: /tb_top/u_mon File: /run/media/sackb/Windows-SSD/Users/sackb/OneDrive/Desktop/University/Course_Work/2025-2026/Spring_2026/ECE_410/ECE410/project/post_m3_Minor_Redesign/tb/tb_top.sv Line:256
Error: AXI MONITOR: core_C changed while core is idle
Time: 19495 ns  Iteration: 0  Process: /tb_top/u_mon//tb_top/u_mon  Scope: tb_top.u_mon  File: /run/media/sackb/Windows-SSD/Users/sackb/OneDrive/Desktop/University/Course_Work/2025-2026/Spring_2026/ECE_410/ECE410/project/post_m3_Minor_Redesign/tb/tb_top.sv Line: 257

Time: 19505 ns Started: 19495 ns Scope: /tb_top/u_mon File: /run/media/sackb/Windows-SSD/Users/sackb/OneDrive/Desktop/University/Course_Work/2025-2026/Spring_2026/ECE_410/ECE410/project/post_m3_Minor_Redesign/tb/tb_top.sv Line:256
Error: AXI MONITOR: core_C changed while core is idle
Time: 19505 ns  Iteration: 0  Process: /tb_top/u_mon//tb_top/u_mon  Scope: tb_top.u_mon  File: /run/media/sackb/Windows-SSD/Users/sackb/OneDrive/Desktop/University/Course_Work/2025-2026/Spring_2026/ECE_410/ECE410/project/post_m3_Minor_Redesign/tb/tb_top.sv Line: 257

Time: 19515 ns Started: 19505 ns Scope: /tb_top/u_mon File: /run/media/sackb/Windows-SSD/Users/sackb/OneDrive/Desktop/University/Course_Work/2025-2026/Spring_2026/ECE_410/ECE410/project/post_m3_Minor_Redesign/tb/tb_top.sv Line:256
Error: AXI MONITOR: core_C changed while core is idle
Time: 19515 ns  Iteration: 0  Process: /tb_top/u_mon//tb_top/u_mon  Scope: tb_top.u_mon  File: /run/media/sackb/Windows-SSD/Users/sackb/OneDrive/Desktop/University/Course_Work/2025-2026/Spring_2026/ECE_410/ECE410/project/post_m3_Minor_Redesign/tb/tb_top.sv Line: 257

Time: 19525 ns Started: 19515 ns Scope: /tb_top/u_mon File: /run/media/sackb/Windows-SSD/Users/sackb/OneDrive/Desktop/University/Course_Work/2025-2026/Spring_2026/ECE_410/ECE410/project/post_m3_Minor_Redesign/tb/tb_top.sv Line:256
Error: AXI MONITOR: core_C changed while core is idle
Time: 19525 ns  Iteration: 0  Process: /tb_top/u_mon//tb_top/u_mon  Scope: tb_top.u_mon  File: /run/media/sackb/Windows-SSD/Users/sackb/OneDrive/Desktop/University/Course_Work/2025-2026/Spring_2026/ECE_410/ECE410/project/post_m3_Minor_Redesign/tb/tb_top.sv Line: 257

Time: 19535 ns Started: 19525 ns Scope: /tb_top/u_mon File: /run/media/sackb/Windows-SSD/Users/sackb/OneDrive/Desktop/University/Course_Work/2025-2026/Spring_2026/ECE_410/ECE410/project/post_m3_Minor_Redesign/tb/tb_top.sv Line:256
Error: AXI MONITOR: core_C changed while core is idle
Time: 19535 ns  Iteration: 0  Process: /tb_top/u_mon//tb_top/u_mon  Scope: tb_top.u_mon  File: /run/media/sackb/Windows-SSD/Users/sackb/OneDrive/Desktop/University/Course_Work/2025-2026/Spring_2026/ECE_410/ECE410/project/post_m3_Minor_Redesign/tb/tb_top.sv Line: 257

Time: 19545 ns Started: 19535 ns Scope: /tb_top/u_mon File: /run/media/sackb/Windows-SSD/Users/sackb/OneDrive/Desktop/University/Course_Work/2025-2026/Spring_2026/ECE_410/ECE410/project/post_m3_Minor_Redesign/tb/tb_top.sv Line:256
Error: AXI MONITOR: core_C changed while core is idle
Time: 19545 ns  Iteration: 0  Process: /tb_top/u_mon//tb_top/u_mon  Scope: tb_top.u_mon  File: /run/media/sackb/Windows-SSD/Users/sackb/OneDrive/Desktop/University/Course_Work/2025-2026/Spring_2026/ECE_410/ECE410/project/post_m3_Minor_Redesign/tb/tb_top.sv Line: 257

Time: 19555 ns Started: 19545 ns Scope: /tb_top/u_mon File: /run/media/sackb/Windows-SSD/Users/sackb/OneDrive/Desktop/University/Course_Work/2025-2026/Spring_2026/ECE_410/ECE410/project/post_m3_Minor_Redesign/tb/tb_top.sv Line:256
Error: AXI MONITOR: core_C changed while core is idle
Time: 19555 ns  Iteration: 0  Process: /tb_top/u_mon//tb_top/u_mon  Scope: tb_top.u_mon  File: /run/media/sackb/Windows-SSD/Users/sackb/OneDrive/Desktop/University/Course_Work/2025-2026/Spring_2026/ECE_410/ECE410/project/post_m3_Minor_Redesign/tb/tb_top.sv Line: 257

Time: 19565 ns Started: 19555 ns Scope: /tb_top/u_mon File: /run/media/sackb/Windows-SSD/Users/sackb/OneDrive/Desktop/University/Course_Work/2025-2026/Spring_2026/ECE_410/ECE410/project/post_m3_Minor_Redesign/tb/tb_top.sv Line:256
Error: AXI MONITOR: core_C changed while core is idle
Time: 19565 ns  Iteration: 0  Process: /tb_top/u_mon//tb_top/u_mon  Scope: tb_top.u_mon  File: /run/media/sackb/Windows-SSD/Users/sackb/OneDrive/Desktop/University/Course_Work/2025-2026/Spring_2026/ECE_410/ECE410/project/post_m3_Minor_Redesign/tb/tb_top.sv Line: 257

Time: 19575 ns Started: 19565 ns Scope: /tb_top/u_mon File: /run/media/sackb/Windows-SSD/Users/sackb/OneDrive/Desktop/University/Course_Work/2025-2026/Spring_2026/ECE_410/ECE410/project/post_m3_Minor_Redesign/tb/tb_top.sv Line:256
Error: AXI MONITOR: core_C changed while core is idle
Time: 19575 ns  Iteration: 0  Process: /tb_top/u_mon//tb_top/u_mon  Scope: tb_top.u_mon  File: /run/media/sackb/Windows-SSD/Users/sackb/OneDrive/Desktop/University/Course_Work/2025-2026/Spring_2026/ECE_410/ECE410/project/post_m3_Minor_Redesign/tb/tb_top.sv Line: 257
TB_TOP: Iteration 10 complete
TB_TOP: Starting iteration 11

Time: 19585 ns Started: 19575 ns Scope: /tb_top/u_mon File: /run/media/sackb/Windows-SSD/Users/sackb/OneDrive/Desktop/University/Course_Work/2025-2026/Spring_2026/ECE_410/ECE410/project/post_m3_Minor_Redesign/tb/tb_top.sv Line:256
Error: AXI MONITOR: core_C changed while core is idle
Time: 19585 ns  Iteration: 0  Process: /tb_top/u_mon//tb_top/u_mon  Scope: tb_top.u_mon  File: /run/media/sackb/Windows-SSD/Users/sackb/OneDrive/Desktop/University/Course_Work/2025-2026/Spring_2026/ECE_410/ECE410/project/post_m3_Minor_Redesign/tb/tb_top.sv Line: 257

Time: 19595 ns Started: 19585 ns Scope: /tb_top/u_mon File: /run/media/sackb/Windows-SSD/Users/sackb/OneDrive/Desktop/University/Course_Work/2025-2026/Spring_2026/ECE_410/ECE410/project/post_m3_Minor_Redesign/tb/tb_top.sv Line:256
Error: AXI MONITOR: core_C changed while core is idle
Time: 19595 ns  Iteration: 0  Process: /tb_top/u_mon//tb_top/u_mon  Scope: tb_top.u_mon  File: /run/media/sackb/Windows-SSD/Users/sackb/OneDrive/Desktop/University/Course_Work/2025-2026/Spring_2026/ECE_410/ECE410/project/post_m3_Minor_Redesign/tb/tb_top.sv Line: 257

Time: 19605 ns Started: 19595 ns Scope: /tb_top/u_mon File: /run/media/sackb/Windows-SSD/Users/sackb/OneDrive/Desktop/University/Course_Work/2025-2026/Spring_2026/ECE_410/ECE410/project/post_m3_Minor_Redesign/tb/tb_top.sv Line:256
Error: AXI MONITOR: core_C changed while core is idle
Time: 19605 ns  Iteration: 0  Process: /tb_top/u_mon//tb_top/u_mon  Scope: tb_top.u_mon  File: /run/media/sackb/Windows-SSD/Users/sackb/OneDrive/Desktop/University/Course_Work/2025-2026/Spring_2026/ECE_410/ECE410/project/post_m3_Minor_Redesign/tb/tb_top.sv Line: 257

Time: 19615 ns Started: 19605 ns Scope: /tb_top/u_mon File: /run/media/sackb/Windows-SSD/Users/sackb/OneDrive/Desktop/University/Course_Work/2025-2026/Spring_2026/ECE_410/ECE410/project/post_m3_Minor_Redesign/tb/tb_top.sv Line:256
Error: AXI MONITOR: core_C changed while core is idle
Time: 19615 ns  Iteration: 0  Process: /tb_top/u_mon//tb_top/u_mon  Scope: tb_top.u_mon  File: /run/media/sackb/Windows-SSD/Users/sackb/OneDrive/Desktop/University/Course_Work/2025-2026/Spring_2026/ECE_410/ECE410/project/post_m3_Minor_Redesign/tb/tb_top.sv Line: 257

Time: 19625 ns Started: 19615 ns Scope: /tb_top/u_mon File: /run/media/sackb/Windows-SSD/Users/sackb/OneDrive/Desktop/University/Course_Work/2025-2026/Spring_2026/ECE_410/ECE410/project/post_m3_Minor_Redesign/tb/tb_top.sv Line:256
Error: AXI MONITOR: core_C changed while core is idle
Time: 19625 ns  Iteration: 0  Process: /tb_top/u_mon//tb_top/u_mon  Scope: tb_top.u_mon  File: /run/media/sackb/Windows-SSD/Users/sackb/OneDrive/Desktop/University/Course_Work/2025-2026/Spring_2026/ECE_410/ECE410/project/post_m3_Minor_Redesign/tb/tb_top.sv Line: 257

Time: 19635 ns Started: 19625 ns Scope: /tb_top/u_mon File: /run/media/sackb/Windows-SSD/Users/sackb/OneDrive/Desktop/University/Course_Work/2025-2026/Spring_2026/ECE_410/ECE410/project/post_m3_Minor_Redesign/tb/tb_top.sv Line:256
Error: AXI MONITOR: core_C changed while core is idle
Time: 19635 ns  Iteration: 0  Process: /tb_top/u_mon//tb_top/u_mon  Scope: tb_top.u_mon  File: /run/media/sackb/Windows-SSD/Users/sackb/OneDrive/Desktop/University/Course_Work/2025-2026/Spring_2026/ECE_410/ECE410/project/post_m3_Minor_Redesign/tb/tb_top.sv Line: 257

Time: 19645 ns Started: 19635 ns Scope: /tb_top/u_mon File: /run/media/sackb/Windows-SSD/Users/sackb/OneDrive/Desktop/University/Course_Work/2025-2026/Spring_2026/ECE_410/ECE410/project/post_m3_Minor_Redesign/tb/tb_top.sv Line:256
Error: AXI MONITOR: core_C changed while core is idle
Time: 19645 ns  Iteration: 0  Process: /tb_top/u_mon//tb_top/u_mon  Scope: tb_top.u_mon  File: /run/media/sackb/Windows-SSD/Users/sackb/OneDrive/Desktop/University/Course_Work/2025-2026/Spring_2026/ECE_410/ECE410/project/post_m3_Minor_Redesign/tb/tb_top.sv Line: 257

Time: 19655 ns Started: 19645 ns Scope: /tb_top/u_mon File: /run/media/sackb/Windows-SSD/Users/sackb/OneDrive/Desktop/University/Course_Work/2025-2026/Spring_2026/ECE_410/ECE410/project/post_m3_Minor_Redesign/tb/tb_top.sv Line:256
Error: AXI MONITOR: core_C changed while core is idle
Time: 19655 ns  Iteration: 0  Process: /tb_top/u_mon//tb_top/u_mon  Scope: tb_top.u_mon  File: /run/media/sackb/Windows-SSD/Users/sackb/OneDrive/Desktop/University/Course_Work/2025-2026/Spring_2026/ECE_410/ECE410/project/post_m3_Minor_Redesign/tb/tb_top.sv Line: 257

Time: 19665 ns Started: 19655 ns Scope: /tb_top/u_mon File: /run/media/sackb/Windows-SSD/Users/sackb/OneDrive/Desktop/University/Course_Work/2025-2026/Spring_2026/ECE_410/ECE410/project/post_m3_Minor_Redesign/tb/tb_top.sv Line:256
Error: AXI MONITOR: core_C changed while core is idle
Time: 19665 ns  Iteration: 0  Process: /tb_top/u_mon//tb_top/u_mon  Scope: tb_top.u_mon  File: /run/media/sackb/Windows-SSD/Users/sackb/OneDrive/Desktop/University/Course_Work/2025-2026/Spring_2026/ECE_410/ECE410/project/post_m3_Minor_Redesign/tb/tb_top.sv Line: 257

Time: 19675 ns Started: 19665 ns Scope: /tb_top/u_mon File: /run/media/sackb/Windows-SSD/Users/sackb/OneDrive/Desktop/University/Course_Work/2025-2026/Spring_2026/ECE_410/ECE410/project/post_m3_Minor_Redesign/tb/tb_top.sv Line:256
Error: AXI MONITOR: core_C changed while core is idle
Time: 19675 ns  Iteration: 0  Process: /tb_top/u_mon//tb_top/u_mon  Scope: tb_top.u_mon  File: /run/media/sackb/Windows-SSD/Users/sackb/OneDrive/Desktop/University/Course_Work/2025-2026/Spring_2026/ECE_410/ECE410/project/post_m3_Minor_Redesign/tb/tb_top.sv Line: 257

Time: 19685 ns Started: 19675 ns Scope: /tb_top/u_mon File: /run/media/sackb/Windows-SSD/Users/sackb/OneDrive/Desktop/University/Course_Work/2025-2026/Spring_2026/ECE_410/ECE410/project/post_m3_Minor_Redesign/tb/tb_top.sv Line:256
Error: AXI MONITOR: core_C changed while core is idle
Time: 19685 ns  Iteration: 0  Process: /tb_top/u_mon//tb_top/u_mon  Scope: tb_top.u_mon  File: /run/media/sackb/Windows-SSD/Users/sackb/OneDrive/Desktop/University/Course_Work/2025-2026/Spring_2026/ECE_410/ECE410/project/post_m3_Minor_Redesign/tb/tb_top.sv Line: 257

Time: 19695 ns Started: 19685 ns Scope: /tb_top/u_mon File: /run/media/sackb/Windows-SSD/Users/sackb/OneDrive/Desktop/University/Course_Work/2025-2026/Spring_2026/ECE_410/ECE410/project/post_m3_Minor_Redesign/tb/tb_top.sv Line:256
Error: AXI MONITOR: core_C changed while core is idle
Time: 19695 ns  Iteration: 0  Process: /tb_top/u_mon//tb_top/u_mon  Scope: tb_top.u_mon  File: /run/media/sackb/Windows-SSD/Users/sackb/OneDrive/Desktop/University/Course_Work/2025-2026/Spring_2026/ECE_410/ECE410/project/post_m3_Minor_Redesign/tb/tb_top.sv Line: 257

Time: 19705 ns Started: 19695 ns Scope: /tb_top/u_mon File: /run/media/sackb/Windows-SSD/Users/sackb/OneDrive/Desktop/University/Course_Work/2025-2026/Spring_2026/ECE_410/ECE410/project/post_m3_Minor_Redesign/tb/tb_top.sv Line:256
Error: AXI MONITOR: core_C changed while core is idle
Time: 19705 ns  Iteration: 0  Process: /tb_top/u_mon//tb_top/u_mon  Scope: tb_top.u_mon  File: /run/media/sackb/Windows-SSD/Users/sackb/OneDrive/Desktop/University/Course_Work/2025-2026/Spring_2026/ECE_410/ECE410/project/post_m3_Minor_Redesign/tb/tb_top.sv Line: 257

Time: 19715 ns Started: 19705 ns Scope: /tb_top/u_mon File: /run/media/sackb/Windows-SSD/Users/sackb/OneDrive/Desktop/University/Course_Work/2025-2026/Spring_2026/ECE_410/ECE410/project/post_m3_Minor_Redesign/tb/tb_top.sv Line:256
Error: AXI MONITOR: core_C changed while core is idle
Time: 19715 ns  Iteration: 0  Process: /tb_top/u_mon//tb_top/u_mon  Scope: tb_top.u_mon  File: /run/media/sackb/Windows-SSD/Users/sackb/OneDrive/Desktop/University/Course_Work/2025-2026/Spring_2026/ECE_410/ECE410/project/post_m3_Minor_Redesign/tb/tb_top.sv Line: 257

Time: 19725 ns Started: 19715 ns Scope: /tb_top/u_mon File: /run/media/sackb/Windows-SSD/Users/sackb/OneDrive/Desktop/University/Course_Work/2025-2026/Spring_2026/ECE_410/ECE410/project/post_m3_Minor_Redesign/tb/tb_top.sv Line:256
Error: AXI MONITOR: core_C changed while core is idle
Time: 19725 ns  Iteration: 0  Process: /tb_top/u_mon//tb_top/u_mon  Scope: tb_top.u_mon  File: /run/media/sackb/Windows-SSD/Users/sackb/OneDrive/Desktop/University/Course_Work/2025-2026/Spring_2026/ECE_410/ECE410/project/post_m3_Minor_Redesign/tb/tb_top.sv Line: 257

Time: 19735 ns Started: 19725 ns Scope: /tb_top/u_mon File: /run/media/sackb/Windows-SSD/Users/sackb/OneDrive/Desktop/University/Course_Work/2025-2026/Spring_2026/ECE_410/ECE410/project/post_m3_Minor_Redesign/tb/tb_top.sv Line:256
Error: AXI MONITOR: core_C changed while core is idle
Time: 19735 ns  Iteration: 0  Process: /tb_top/u_mon//tb_top/u_mon  Scope: tb_top.u_mon  File: /run/media/sackb/Windows-SSD/Users/sackb/OneDrive/Desktop/University/Course_Work/2025-2026/Spring_2026/ECE_410/ECE410/project/post_m3_Minor_Redesign/tb/tb_top.sv Line: 257

Time: 19745 ns Started: 19735 ns Scope: /tb_top/u_mon File: /run/media/sackb/Windows-SSD/Users/sackb/OneDrive/Desktop/University/Course_Work/2025-2026/Spring_2026/ECE_410/ECE410/project/post_m3_Minor_Redesign/tb/tb_top.sv Line:256
Error: AXI MONITOR: core_C changed while core is idle
Time: 19745 ns  Iteration: 0  Process: /tb_top/u_mon//tb_top/u_mon  Scope: tb_top.u_mon  File: /run/media/sackb/Windows-SSD/Users/sackb/OneDrive/Desktop/University/Course_Work/2025-2026/Spring_2026/ECE_410/ECE410/project/post_m3_Minor_Redesign/tb/tb_top.sv Line: 257

Time: 19755 ns Started: 19745 ns Scope: /tb_top/u_mon File: /run/media/sackb/Windows-SSD/Users/sackb/OneDrive/Desktop/University/Course_Work/2025-2026/Spring_2026/ECE_410/ECE410/project/post_m3_Minor_Redesign/tb/tb_top.sv Line:256
Error: AXI MONITOR: core_C changed while core is idle
Time: 19755 ns  Iteration: 0  Process: /tb_top/u_mon//tb_top/u_mon  Scope: tb_top.u_mon  File: /run/media/sackb/Windows-SSD/Users/sackb/OneDrive/Desktop/University/Course_Work/2025-2026/Spring_2026/ECE_410/ECE410/project/post_m3_Minor_Redesign/tb/tb_top.sv Line: 257

Time: 19765 ns Started: 19755 ns Scope: /tb_top/u_mon File: /run/media/sackb/Windows-SSD/Users/sackb/OneDrive/Desktop/University/Course_Work/2025-2026/Spring_2026/ECE_410/ECE410/project/post_m3_Minor_Redesign/tb/tb_top.sv Line:256
Error: AXI MONITOR: core_C changed while core is idle
Time: 19765 ns  Iteration: 0  Process: /tb_top/u_mon//tb_top/u_mon  Scope: tb_top.u_mon  File: /run/media/sackb/Windows-SSD/Users/sackb/OneDrive/Desktop/University/Course_Work/2025-2026/Spring_2026/ECE_410/ECE410/project/post_m3_Minor_Redesign/tb/tb_top.sv Line: 257

Time: 19775 ns Started: 19765 ns Scope: /tb_top/u_mon File: /run/media/sackb/Windows-SSD/Users/sackb/OneDrive/Desktop/University/Course_Work/2025-2026/Spring_2026/ECE_410/ECE410/project/post_m3_Minor_Redesign/tb/tb_top.sv Line:256
Error: AXI MONITOR: core_C changed while core is idle
Time: 19775 ns  Iteration: 0  Process: /tb_top/u_mon//tb_top/u_mon  Scope: tb_top.u_mon  File: /run/media/sackb/Windows-SSD/Users/sackb/OneDrive/Desktop/University/Course_Work/2025-2026/Spring_2026/ECE_410/ECE410/project/post_m3_Minor_Redesign/tb/tb_top.sv Line: 257

Time: 19785 ns Started: 19775 ns Scope: /tb_top/u_mon File: /run/media/sackb/Windows-SSD/Users/sackb/OneDrive/Desktop/University/Course_Work/2025-2026/Spring_2026/ECE_410/ECE410/project/post_m3_Minor_Redesign/tb/tb_top.sv Line:256
Error: AXI MONITOR: core_C changed while core is idle
Time: 19785 ns  Iteration: 0  Process: /tb_top/u_mon//tb_top/u_mon  Scope: tb_top.u_mon  File: /run/media/sackb/Windows-SSD/Users/sackb/OneDrive/Desktop/University/Course_Work/2025-2026/Spring_2026/ECE_410/ECE410/project/post_m3_Minor_Redesign/tb/tb_top.sv Line: 257

Time: 19795 ns Started: 19785 ns Scope: /tb_top/u_mon File: /run/media/sackb/Windows-SSD/Users/sackb/OneDrive/Desktop/University/Course_Work/2025-2026/Spring_2026/ECE_410/ECE410/project/post_m3_Minor_Redesign/tb/tb_top.sv Line:256
Error: AXI MONITOR: core_C changed while core is idle
Time: 19795 ns  Iteration: 0  Process: /tb_top/u_mon//tb_top/u_mon  Scope: tb_top.u_mon  File: /run/media/sackb/Windows-SSD/Users/sackb/OneDrive/Desktop/University/Course_Work/2025-2026/Spring_2026/ECE_410/ECE410/project/post_m3_Minor_Redesign/tb/tb_top.sv Line: 257

Time: 19805 ns Started: 19795 ns Scope: /tb_top/u_mon File: /run/media/sackb/Windows-SSD/Users/sackb/OneDrive/Desktop/University/Course_Work/2025-2026/Spring_2026/ECE_410/ECE410/project/post_m3_Minor_Redesign/tb/tb_top.sv Line:256
Error: AXI MONITOR: core_C changed while core is idle
Time: 19805 ns  Iteration: 0  Process: /tb_top/u_mon//tb_top/u_mon  Scope: tb_top.u_mon  File: /run/media/sackb/Windows-SSD/Users/sackb/OneDrive/Desktop/University/Course_Work/2025-2026/Spring_2026/ECE_410/ECE410/project/post_m3_Minor_Redesign/tb/tb_top.sv Line: 257

Time: 19815 ns Started: 19805 ns Scope: /tb_top/u_mon File: /run/media/sackb/Windows-SSD/Users/sackb/OneDrive/Desktop/University/Course_Work/2025-2026/Spring_2026/ECE_410/ECE410/project/post_m3_Minor_Redesign/tb/tb_top.sv Line:256
Error: AXI MONITOR: core_C changed while core is idle
Time: 19815 ns  Iteration: 0  Process: /tb_top/u_mon//tb_top/u_mon  Scope: tb_top.u_mon  File: /run/media/sackb/Windows-SSD/Users/sackb/OneDrive/Desktop/University/Course_Work/2025-2026/Spring_2026/ECE_410/ECE410/project/post_m3_Minor_Redesign/tb/tb_top.sv Line: 257

Time: 19825 ns Started: 19815 ns Scope: /tb_top/u_mon File: /run/media/sackb/Windows-SSD/Users/sackb/OneDrive/Desktop/University/Course_Work/2025-2026/Spring_2026/ECE_410/ECE410/project/post_m3_Minor_Redesign/tb/tb_top.sv Line:256
Error: AXI MONITOR: core_C changed while core is idle
Time: 19825 ns  Iteration: 0  Process: /tb_top/u_mon//tb_top/u_mon  Scope: tb_top.u_mon  File: /run/media/sackb/Windows-SSD/Users/sackb/OneDrive/Desktop/University/Course_Work/2025-2026/Spring_2026/ECE_410/ECE410/project/post_m3_Minor_Redesign/tb/tb_top.sv Line: 257

Time: 19835 ns Started: 19825 ns Scope: /tb_top/u_mon File: /run/media/sackb/Windows-SSD/Users/sackb/OneDrive/Desktop/University/Course_Work/2025-2026/Spring_2026/ECE_410/ECE410/project/post_m3_Minor_Redesign/tb/tb_top.sv Line:256
Error: AXI MONITOR: core_C changed while core is idle
Time: 19835 ns  Iteration: 0  Process: /tb_top/u_mon//tb_top/u_mon  Scope: tb_top.u_mon  File: /run/media/sackb/Windows-SSD/Users/sackb/OneDrive/Desktop/University/Course_Work/2025-2026/Spring_2026/ECE_410/ECE410/project/post_m3_Minor_Redesign/tb/tb_top.sv Line: 257

Time: 19845 ns Started: 19835 ns Scope: /tb_top/u_mon File: /run/media/sackb/Windows-SSD/Users/sackb/OneDrive/Desktop/University/Course_Work/2025-2026/Spring_2026/ECE_410/ECE410/project/post_m3_Minor_Redesign/tb/tb_top.sv Line:256
Error: AXI MONITOR: core_C changed while core is idle
Time: 19845 ns  Iteration: 0  Process: /tb_top/u_mon//tb_top/u_mon  Scope: tb_top.u_mon  File: /run/media/sackb/Windows-SSD/Users/sackb/OneDrive/Desktop/University/Course_Work/2025-2026/Spring_2026/ECE_410/ECE410/project/post_m3_Minor_Redesign/tb/tb_top.sv Line: 257

Time: 19855 ns Started: 19845 ns Scope: /tb_top/u_mon File: /run/media/sackb/Windows-SSD/Users/sackb/OneDrive/Desktop/University/Course_Work/2025-2026/Spring_2026/ECE_410/ECE410/project/post_m3_Minor_Redesign/tb/tb_top.sv Line:256
Error: AXI MONITOR: core_C changed while core is idle
Time: 19855 ns  Iteration: 0  Process: /tb_top/u_mon//tb_top/u_mon  Scope: tb_top.u_mon  File: /run/media/sackb/Windows-SSD/Users/sackb/OneDrive/Desktop/University/Course_Work/2025-2026/Spring_2026/ECE_410/ECE410/project/post_m3_Minor_Redesign/tb/tb_top.sv Line: 257

Time: 19865 ns Started: 19855 ns Scope: /tb_top/u_mon File: /run/media/sackb/Windows-SSD/Users/sackb/OneDrive/Desktop/University/Course_Work/2025-2026/Spring_2026/ECE_410/ECE410/project/post_m3_Minor_Redesign/tb/tb_top.sv Line:256
Error: AXI MONITOR: core_C changed while core is idle
Time: 19865 ns  Iteration: 0  Process: /tb_top/u_mon//tb_top/u_mon  Scope: tb_top.u_mon  File: /run/media/sackb/Windows-SSD/Users/sackb/OneDrive/Desktop/University/Course_Work/2025-2026/Spring_2026/ECE_410/ECE410/project/post_m3_Minor_Redesign/tb/tb_top.sv Line: 257

Time: 19875 ns Started: 19865 ns Scope: /tb_top/u_mon File: /run/media/sackb/Windows-SSD/Users/sackb/OneDrive/Desktop/University/Course_Work/2025-2026/Spring_2026/ECE_410/ECE410/project/post_m3_Minor_Redesign/tb/tb_top.sv Line:256
Error: AXI MONITOR: core_C changed while core is idle
Time: 19875 ns  Iteration: 0  Process: /tb_top/u_mon//tb_top/u_mon  Scope: tb_top.u_mon  File: /run/media/sackb/Windows-SSD/Users/sackb/OneDrive/Desktop/University/Course_Work/2025-2026/Spring_2026/ECE_410/ECE410/project/post_m3_Minor_Redesign/tb/tb_top.sv Line: 257

Time: 19885 ns Started: 19875 ns Scope: /tb_top/u_mon File: /run/media/sackb/Windows-SSD/Users/sackb/OneDrive/Desktop/University/Course_Work/2025-2026/Spring_2026/ECE_410/ECE410/project/post_m3_Minor_Redesign/tb/tb_top.sv Line:256
Error: AXI MONITOR: core_C changed while core is idle
Time: 19885 ns  Iteration: 0  Process: /tb_top/u_mon//tb_top/u_mon  Scope: tb_top.u_mon  File: /run/media/sackb/Windows-SSD/Users/sackb/OneDrive/Desktop/University/Course_Work/2025-2026/Spring_2026/ECE_410/ECE410/project/post_m3_Minor_Redesign/tb/tb_top.sv Line: 257

Time: 19895 ns Started: 19885 ns Scope: /tb_top/u_mon File: /run/media/sackb/Windows-SSD/Users/sackb/OneDrive/Desktop/University/Course_Work/2025-2026/Spring_2026/ECE_410/ECE410/project/post_m3_Minor_Redesign/tb/tb_top.sv Line:256
Error: AXI MONITOR: core_C changed while core is idle
Time: 19895 ns  Iteration: 0  Process: /tb_top/u_mon//tb_top/u_mon  Scope: tb_top.u_mon  File: /run/media/sackb/Windows-SSD/Users/sackb/OneDrive/Desktop/University/Course_Work/2025-2026/Spring_2026/ECE_410/ECE410/project/post_m3_Minor_Redesign/tb/tb_top.sv Line: 257

Time: 19905 ns Started: 19895 ns Scope: /tb_top/u_mon File: /run/media/sackb/Windows-SSD/Users/sackb/OneDrive/Desktop/University/Course_Work/2025-2026/Spring_2026/ECE_410/ECE410/project/post_m3_Minor_Redesign/tb/tb_top.sv Line:256
Error: AXI MONITOR: core_C changed while core is idle
Time: 19905 ns  Iteration: 0  Process: /tb_top/u_mon//tb_top/u_mon  Scope: tb_top.u_mon  File: /run/media/sackb/Windows-SSD/Users/sackb/OneDrive/Desktop/University/Course_Work/2025-2026/Spring_2026/ECE_410/ECE410/project/post_m3_Minor_Redesign/tb/tb_top.sv Line: 257

Time: 19915 ns Started: 19905 ns Scope: /tb_top/u_mon File: /run/media/sackb/Windows-SSD/Users/sackb/OneDrive/Desktop/University/Course_Work/2025-2026/Spring_2026/ECE_410/ECE410/project/post_m3_Minor_Redesign/tb/tb_top.sv Line:256
Error: AXI MONITOR: core_C changed while core is idle
Time: 19915 ns  Iteration: 0  Process: /tb_top/u_mon//tb_top/u_mon  Scope: tb_top.u_mon  File: /run/media/sackb/Windows-SSD/Users/sackb/OneDrive/Desktop/University/Course_Work/2025-2026/Spring_2026/ECE_410/ECE410/project/post_m3_Minor_Redesign/tb/tb_top.sv Line: 257

Time: 19925 ns Started: 19915 ns Scope: /tb_top/u_mon File: /run/media/sackb/Windows-SSD/Users/sackb/OneDrive/Desktop/University/Course_Work/2025-2026/Spring_2026/ECE_410/ECE410/project/post_m3_Minor_Redesign/tb/tb_top.sv Line:256
Error: AXI MONITOR: core_C changed while core is idle
Time: 19925 ns  Iteration: 0  Process: /tb_top/u_mon//tb_top/u_mon  Scope: tb_top.u_mon  File: /run/media/sackb/Windows-SSD/Users/sackb/OneDrive/Desktop/University/Course_Work/2025-2026/Spring_2026/ECE_410/ECE410/project/post_m3_Minor_Redesign/tb/tb_top.sv Line: 257

Time: 19935 ns Started: 19925 ns Scope: /tb_top/u_mon File: /run/media/sackb/Windows-SSD/Users/sackb/OneDrive/Desktop/University/Course_Work/2025-2026/Spring_2026/ECE_410/ECE410/project/post_m3_Minor_Redesign/tb/tb_top.sv Line:256
Error: AXI MONITOR: core_C changed while core is idle
Time: 19935 ns  Iteration: 0  Process: /tb_top/u_mon//tb_top/u_mon  Scope: tb_top.u_mon  File: /run/media/sackb/Windows-SSD/Users/sackb/OneDrive/Desktop/University/Course_Work/2025-2026/Spring_2026/ECE_410/ECE410/project/post_m3_Minor_Redesign/tb/tb_top.sv Line: 257

Time: 19945 ns Started: 19935 ns Scope: /tb_top/u_mon File: /run/media/sackb/Windows-SSD/Users/sackb/OneDrive/Desktop/University/Course_Work/2025-2026/Spring_2026/ECE_410/ECE410/project/post_m3_Minor_Redesign/tb/tb_top.sv Line:256
Error: AXI MONITOR: core_C changed while core is idle
Time: 19945 ns  Iteration: 0  Process: /tb_top/u_mon//tb_top/u_mon  Scope: tb_top.u_mon  File: /run/media/sackb/Windows-SSD/Users/sackb/OneDrive/Desktop/University/Course_Work/2025-2026/Spring_2026/ECE_410/ECE410/project/post_m3_Minor_Redesign/tb/tb_top.sv Line: 257

Time: 19955 ns Started: 19945 ns Scope: /tb_top/u_mon File: /run/media/sackb/Windows-SSD/Users/sackb/OneDrive/Desktop/University/Course_Work/2025-2026/Spring_2026/ECE_410/ECE410/project/post_m3_Minor_Redesign/tb/tb_top.sv Line:256
Error: AXI MONITOR: core_C changed while core is idle
Time: 19955 ns  Iteration: 0  Process: /tb_top/u_mon//tb_top/u_mon  Scope: tb_top.u_mon  File: /run/media/sackb/Windows-SSD/Users/sackb/OneDrive/Desktop/University/Course_Work/2025-2026/Spring_2026/ECE_410/ECE410/project/post_m3_Minor_Redesign/tb/tb_top.sv Line: 257

Time: 19965 ns Started: 19955 ns Scope: /tb_top/u_mon File: /run/media/sackb/Windows-SSD/Users/sackb/OneDrive/Desktop/University/Course_Work/2025-2026/Spring_2026/ECE_410/ECE410/project/post_m3_Minor_Redesign/tb/tb_top.sv Line:256
Error: AXI MONITOR: core_C changed while core is idle
Time: 19965 ns  Iteration: 0  Process: /tb_top/u_mon//tb_top/u_mon  Scope: tb_top.u_mon  File: /run/media/sackb/Windows-SSD/Users/sackb/OneDrive/Desktop/University/Course_Work/2025-2026/Spring_2026/ECE_410/ECE410/project/post_m3_Minor_Redesign/tb/tb_top.sv Line: 257

Time: 19975 ns Started: 19965 ns Scope: /tb_top/u_mon File: /run/media/sackb/Windows-SSD/Users/sackb/OneDrive/Desktop/University/Course_Work/2025-2026/Spring_2026/ECE_410/ECE410/project/post_m3_Minor_Redesign/tb/tb_top.sv Line:256
Error: AXI MONITOR: core_C changed while core is idle
Time: 19975 ns  Iteration: 0  Process: /tb_top/u_mon//tb_top/u_mon  Scope: tb_top.u_mon  File: /run/media/sackb/Windows-SSD/Users/sackb/OneDrive/Desktop/University/Course_Work/2025-2026/Spring_2026/ECE_410/ECE410/project/post_m3_Minor_Redesign/tb/tb_top.sv Line: 257

Time: 19985 ns Started: 19975 ns Scope: /tb_top/u_mon File: /run/media/sackb/Windows-SSD/Users/sackb/OneDrive/Desktop/University/Course_Work/2025-2026/Spring_2026/ECE_410/ECE410/project/post_m3_Minor_Redesign/tb/tb_top.sv Line:256
Error: AXI MONITOR: core_C changed while core is idle
Time: 19985 ns  Iteration: 0  Process: /tb_top/u_mon//tb_top/u_mon  Scope: tb_top.u_mon  File: /run/media/sackb/Windows-SSD/Users/sackb/OneDrive/Desktop/University/Course_Work/2025-2026/Spring_2026/ECE_410/ECE410/project/post_m3_Minor_Redesign/tb/tb_top.sv Line: 257

Time: 19995 ns Started: 19985 ns Scope: /tb_top/u_mon File: /run/media/sackb/Windows-SSD/Users/sackb/OneDrive/Desktop/University/Course_Work/2025-2026/Spring_2026/ECE_410/ECE410/project/post_m3_Minor_Redesign/tb/tb_top.sv Line:256
Error: AXI MONITOR: core_C changed while core is idle
Time: 19995 ns  Iteration: 0  Process: /tb_top/u_mon//tb_top/u_mon  Scope: tb_top.u_mon  File: /run/media/sackb/Windows-SSD/Users/sackb/OneDrive/Desktop/University/Course_Work/2025-2026/Spring_2026/ECE_410/ECE410/project/post_m3_Minor_Redesign/tb/tb_top.sv Line: 257

Time: 20005 ns Started: 19995 ns Scope: /tb_top/u_mon File: /run/media/sackb/Windows-SSD/Users/sackb/OneDrive/Desktop/University/Course_Work/2025-2026/Spring_2026/ECE_410/ECE410/project/post_m3_Minor_Redesign/tb/tb_top.sv Line:256
Error: AXI MONITOR: core_C changed while core is idle
Time: 20005 ns  Iteration: 0  Process: /tb_top/u_mon//tb_top/u_mon  Scope: tb_top.u_mon  File: /run/media/sackb/Windows-SSD/Users/sackb/OneDrive/Desktop/University/Course_Work/2025-2026/Spring_2026/ECE_410/ECE410/project/post_m3_Minor_Redesign/tb/tb_top.sv Line: 257

Time: 20015 ns Started: 20005 ns Scope: /tb_top/u_mon File: /run/media/sackb/Windows-SSD/Users/sackb/OneDrive/Desktop/University/Course_Work/2025-2026/Spring_2026/ECE_410/ECE410/project/post_m3_Minor_Redesign/tb/tb_top.sv Line:256
Error: AXI MONITOR: core_C changed while core is idle
Time: 20015 ns  Iteration: 0  Process: /tb_top/u_mon//tb_top/u_mon  Scope: tb_top.u_mon  File: /run/media/sackb/Windows-SSD/Users/sackb/OneDrive/Desktop/University/Course_Work/2025-2026/Spring_2026/ECE_410/ECE410/project/post_m3_Minor_Redesign/tb/tb_top.sv Line: 257

Time: 20025 ns Started: 20015 ns Scope: /tb_top/u_mon File: /run/media/sackb/Windows-SSD/Users/sackb/OneDrive/Desktop/University/Course_Work/2025-2026/Spring_2026/ECE_410/ECE410/project/post_m3_Minor_Redesign/tb/tb_top.sv Line:256
Error: AXI MONITOR: core_C changed while core is idle
Time: 20025 ns  Iteration: 0  Process: /tb_top/u_mon//tb_top/u_mon  Scope: tb_top.u_mon  File: /run/media/sackb/Windows-SSD/Users/sackb/OneDrive/Desktop/University/Course_Work/2025-2026/Spring_2026/ECE_410/ECE410/project/post_m3_Minor_Redesign/tb/tb_top.sv Line: 257

Time: 20035 ns Started: 20025 ns Scope: /tb_top/u_mon File: /run/media/sackb/Windows-SSD/Users/sackb/OneDrive/Desktop/University/Course_Work/2025-2026/Spring_2026/ECE_410/ECE410/project/post_m3_Minor_Redesign/tb/tb_top.sv Line:256
Error: AXI MONITOR: core_C changed while core is idle
Time: 20035 ns  Iteration: 0  Process: /tb_top/u_mon//tb_top/u_mon  Scope: tb_top.u_mon  File: /run/media/sackb/Windows-SSD/Users/sackb/OneDrive/Desktop/University/Course_Work/2025-2026/Spring_2026/ECE_410/ECE410/project/post_m3_Minor_Redesign/tb/tb_top.sv Line: 257

Time: 20045 ns Started: 20035 ns Scope: /tb_top/u_mon File: /run/media/sackb/Windows-SSD/Users/sackb/OneDrive/Desktop/University/Course_Work/2025-2026/Spring_2026/ECE_410/ECE410/project/post_m3_Minor_Redesign/tb/tb_top.sv Line:256
Error: AXI MONITOR: core_C changed while core is idle
Time: 20045 ns  Iteration: 0  Process: /tb_top/u_mon//tb_top/u_mon  Scope: tb_top.u_mon  File: /run/media/sackb/Windows-SSD/Users/sackb/OneDrive/Desktop/University/Course_Work/2025-2026/Spring_2026/ECE_410/ECE410/project/post_m3_Minor_Redesign/tb/tb_top.sv Line: 257

Time: 20055 ns Started: 20045 ns Scope: /tb_top/u_mon File: /run/media/sackb/Windows-SSD/Users/sackb/OneDrive/Desktop/University/Course_Work/2025-2026/Spring_2026/ECE_410/ECE410/project/post_m3_Minor_Redesign/tb/tb_top.sv Line:256
Error: AXI MONITOR: core_C changed while core is idle
Time: 20055 ns  Iteration: 0  Process: /tb_top/u_mon//tb_top/u_mon  Scope: tb_top.u_mon  File: /run/media/sackb/Windows-SSD/Users/sackb/OneDrive/Desktop/University/Course_Work/2025-2026/Spring_2026/ECE_410/ECE410/project/post_m3_Minor_Redesign/tb/tb_top.sv Line: 257

Time: 20065 ns Started: 20055 ns Scope: /tb_top/u_mon File: /run/media/sackb/Windows-SSD/Users/sackb/OneDrive/Desktop/University/Course_Work/2025-2026/Spring_2026/ECE_410/ECE410/project/post_m3_Minor_Redesign/tb/tb_top.sv Line:256
Error: AXI MONITOR: core_C changed while core is idle
Time: 20065 ns  Iteration: 0  Process: /tb_top/u_mon//tb_top/u_mon  Scope: tb_top.u_mon  File: /run/media/sackb/Windows-SSD/Users/sackb/OneDrive/Desktop/University/Course_Work/2025-2026/Spring_2026/ECE_410/ECE410/project/post_m3_Minor_Redesign/tb/tb_top.sv Line: 257

Time: 20075 ns Started: 20065 ns Scope: /tb_top/u_mon File: /run/media/sackb/Windows-SSD/Users/sackb/OneDrive/Desktop/University/Course_Work/2025-2026/Spring_2026/ECE_410/ECE410/project/post_m3_Minor_Redesign/tb/tb_top.sv Line:256
Error: AXI MONITOR: core_C changed while core is idle
Time: 20075 ns  Iteration: 0  Process: /tb_top/u_mon//tb_top/u_mon  Scope: tb_top.u_mon  File: /run/media/sackb/Windows-SSD/Users/sackb/OneDrive/Desktop/University/Course_Work/2025-2026/Spring_2026/ECE_410/ECE410/project/post_m3_Minor_Redesign/tb/tb_top.sv Line: 257

Time: 20085 ns Started: 20075 ns Scope: /tb_top/u_mon File: /run/media/sackb/Windows-SSD/Users/sackb/OneDrive/Desktop/University/Course_Work/2025-2026/Spring_2026/ECE_410/ECE410/project/post_m3_Minor_Redesign/tb/tb_top.sv Line:256
Error: AXI MONITOR: core_C changed while core is idle
Time: 20085 ns  Iteration: 0  Process: /tb_top/u_mon//tb_top/u_mon  Scope: tb_top.u_mon  File: /run/media/sackb/Windows-SSD/Users/sackb/OneDrive/Desktop/University/Course_Work/2025-2026/Spring_2026/ECE_410/ECE410/project/post_m3_Minor_Redesign/tb/tb_top.sv Line: 257

Time: 20095 ns Started: 20085 ns Scope: /tb_top/u_mon File: /run/media/sackb/Windows-SSD/Users/sackb/OneDrive/Desktop/University/Course_Work/2025-2026/Spring_2026/ECE_410/ECE410/project/post_m3_Minor_Redesign/tb/tb_top.sv Line:256
Error: AXI MONITOR: core_C changed while core is idle
Time: 20095 ns  Iteration: 0  Process: /tb_top/u_mon//tb_top/u_mon  Scope: tb_top.u_mon  File: /run/media/sackb/Windows-SSD/Users/sackb/OneDrive/Desktop/University/Course_Work/2025-2026/Spring_2026/ECE_410/ECE410/project/post_m3_Minor_Redesign/tb/tb_top.sv Line: 257

Time: 20105 ns Started: 20095 ns Scope: /tb_top/u_mon File: /run/media/sackb/Windows-SSD/Users/sackb/OneDrive/Desktop/University/Course_Work/2025-2026/Spring_2026/ECE_410/ECE410/project/post_m3_Minor_Redesign/tb/tb_top.sv Line:256
Error: AXI MONITOR: core_C changed while core is idle
Time: 20105 ns  Iteration: 0  Process: /tb_top/u_mon//tb_top/u_mon  Scope: tb_top.u_mon  File: /run/media/sackb/Windows-SSD/Users/sackb/OneDrive/Desktop/University/Course_Work/2025-2026/Spring_2026/ECE_410/ECE410/project/post_m3_Minor_Redesign/tb/tb_top.sv Line: 257

Time: 20115 ns Started: 20105 ns Scope: /tb_top/u_mon File: /run/media/sackb/Windows-SSD/Users/sackb/OneDrive/Desktop/University/Course_Work/2025-2026/Spring_2026/ECE_410/ECE410/project/post_m3_Minor_Redesign/tb/tb_top.sv Line:256
Error: AXI MONITOR: core_C changed while core is idle
Time: 20115 ns  Iteration: 0  Process: /tb_top/u_mon//tb_top/u_mon  Scope: tb_top.u_mon  File: /run/media/sackb/Windows-SSD/Users/sackb/OneDrive/Desktop/University/Course_Work/2025-2026/Spring_2026/ECE_410/ECE410/project/post_m3_Minor_Redesign/tb/tb_top.sv Line: 257

Time: 20125 ns Started: 20115 ns Scope: /tb_top/u_mon File: /run/media/sackb/Windows-SSD/Users/sackb/OneDrive/Desktop/University/Course_Work/2025-2026/Spring_2026/ECE_410/ECE410/project/post_m3_Minor_Redesign/tb/tb_top.sv Line:256
Error: AXI MONITOR: core_C changed while core is idle
Time: 20125 ns  Iteration: 0  Process: /tb_top/u_mon//tb_top/u_mon  Scope: tb_top.u_mon  File: /run/media/sackb/Windows-SSD/Users/sackb/OneDrive/Desktop/University/Course_Work/2025-2026/Spring_2026/ECE_410/ECE410/project/post_m3_Minor_Redesign/tb/tb_top.sv Line: 257

Time: 20135 ns Started: 20125 ns Scope: /tb_top/u_mon File: /run/media/sackb/Windows-SSD/Users/sackb/OneDrive/Desktop/University/Course_Work/2025-2026/Spring_2026/ECE_410/ECE410/project/post_m3_Minor_Redesign/tb/tb_top.sv Line:256
Error: AXI MONITOR: core_C changed while core is idle
Time: 20135 ns  Iteration: 0  Process: /tb_top/u_mon//tb_top/u_mon  Scope: tb_top.u_mon  File: /run/media/sackb/Windows-SSD/Users/sackb/OneDrive/Desktop/University/Course_Work/2025-2026/Spring_2026/ECE_410/ECE410/project/post_m3_Minor_Redesign/tb/tb_top.sv Line: 257

Time: 20145 ns Started: 20135 ns Scope: /tb_top/u_mon File: /run/media/sackb/Windows-SSD/Users/sackb/OneDrive/Desktop/University/Course_Work/2025-2026/Spring_2026/ECE_410/ECE410/project/post_m3_Minor_Redesign/tb/tb_top.sv Line:256
Error: AXI MONITOR: core_C changed while core is idle
Time: 20145 ns  Iteration: 0  Process: /tb_top/u_mon//tb_top/u_mon  Scope: tb_top.u_mon  File: /run/media/sackb/Windows-SSD/Users/sackb/OneDrive/Desktop/University/Course_Work/2025-2026/Spring_2026/ECE_410/ECE410/project/post_m3_Minor_Redesign/tb/tb_top.sv Line: 257

Time: 20155 ns Started: 20145 ns Scope: /tb_top/u_mon File: /run/media/sackb/Windows-SSD/Users/sackb/OneDrive/Desktop/University/Course_Work/2025-2026/Spring_2026/ECE_410/ECE410/project/post_m3_Minor_Redesign/tb/tb_top.sv Line:256
Error: AXI MONITOR: core_C changed while core is idle
Time: 20155 ns  Iteration: 0  Process: /tb_top/u_mon//tb_top/u_mon  Scope: tb_top.u_mon  File: /run/media/sackb/Windows-SSD/Users/sackb/OneDrive/Desktop/University/Course_Work/2025-2026/Spring_2026/ECE_410/ECE410/project/post_m3_Minor_Redesign/tb/tb_top.sv Line: 257

Time: 20165 ns Started: 20155 ns Scope: /tb_top/u_mon File: /run/media/sackb/Windows-SSD/Users/sackb/OneDrive/Desktop/University/Course_Work/2025-2026/Spring_2026/ECE_410/ECE410/project/post_m3_Minor_Redesign/tb/tb_top.sv Line:256
Error: AXI MONITOR: core_C changed while core is idle
Time: 20165 ns  Iteration: 0  Process: /tb_top/u_mon//tb_top/u_mon  Scope: tb_top.u_mon  File: /run/media/sackb/Windows-SSD/Users/sackb/OneDrive/Desktop/University/Course_Work/2025-2026/Spring_2026/ECE_410/ECE410/project/post_m3_Minor_Redesign/tb/tb_top.sv Line: 257

Time: 20175 ns Started: 20165 ns Scope: /tb_top/u_mon File: /run/media/sackb/Windows-SSD/Users/sackb/OneDrive/Desktop/University/Course_Work/2025-2026/Spring_2026/ECE_410/ECE410/project/post_m3_Minor_Redesign/tb/tb_top.sv Line:256
Error: AXI MONITOR: core_C changed while core is idle
Time: 20175 ns  Iteration: 0  Process: /tb_top/u_mon//tb_top/u_mon  Scope: tb_top.u_mon  File: /run/media/sackb/Windows-SSD/Users/sackb/OneDrive/Desktop/University/Course_Work/2025-2026/Spring_2026/ECE_410/ECE410/project/post_m3_Minor_Redesign/tb/tb_top.sv Line: 257

Time: 20185 ns Started: 20175 ns Scope: /tb_top/u_mon File: /run/media/sackb/Windows-SSD/Users/sackb/OneDrive/Desktop/University/Course_Work/2025-2026/Spring_2026/ECE_410/ECE410/project/post_m3_Minor_Redesign/tb/tb_top.sv Line:256
Error: AXI MONITOR: core_C changed while core is idle
Time: 20185 ns  Iteration: 0  Process: /tb_top/u_mon//tb_top/u_mon  Scope: tb_top.u_mon  File: /run/media/sackb/Windows-SSD/Users/sackb/OneDrive/Desktop/University/Course_Work/2025-2026/Spring_2026/ECE_410/ECE410/project/post_m3_Minor_Redesign/tb/tb_top.sv Line: 257

Time: 20195 ns Started: 20185 ns Scope: /tb_top/u_mon File: /run/media/sackb/Windows-SSD/Users/sackb/OneDrive/Desktop/University/Course_Work/2025-2026/Spring_2026/ECE_410/ECE410/project/post_m3_Minor_Redesign/tb/tb_top.sv Line:256
Error: AXI MONITOR: core_C changed while core is idle
Time: 20195 ns  Iteration: 0  Process: /tb_top/u_mon//tb_top/u_mon  Scope: tb_top.u_mon  File: /run/media/sackb/Windows-SSD/Users/sackb/OneDrive/Desktop/University/Course_Work/2025-2026/Spring_2026/ECE_410/ECE410/project/post_m3_Minor_Redesign/tb/tb_top.sv Line: 257

Time: 20205 ns Started: 20195 ns Scope: /tb_top/u_mon File: /run/media/sackb/Windows-SSD/Users/sackb/OneDrive/Desktop/University/Course_Work/2025-2026/Spring_2026/ECE_410/ECE410/project/post_m3_Minor_Redesign/tb/tb_top.sv Line:256
Error: AXI MONITOR: core_C changed while core is idle
Time: 20205 ns  Iteration: 0  Process: /tb_top/u_mon//tb_top/u_mon  Scope: tb_top.u_mon  File: /run/media/sackb/Windows-SSD/Users/sackb/OneDrive/Desktop/University/Course_Work/2025-2026/Spring_2026/ECE_410/ECE410/project/post_m3_Minor_Redesign/tb/tb_top.sv Line: 257

Time: 20215 ns Started: 20205 ns Scope: /tb_top/u_mon File: /run/media/sackb/Windows-SSD/Users/sackb/OneDrive/Desktop/University/Course_Work/2025-2026/Spring_2026/ECE_410/ECE410/project/post_m3_Minor_Redesign/tb/tb_top.sv Line:256
Error: AXI MONITOR: core_C changed while core is idle
Time: 20215 ns  Iteration: 0  Process: /tb_top/u_mon//tb_top/u_mon  Scope: tb_top.u_mon  File: /run/media/sackb/Windows-SSD/Users/sackb/OneDrive/Desktop/University/Course_Work/2025-2026/Spring_2026/ECE_410/ECE410/project/post_m3_Minor_Redesign/tb/tb_top.sv Line: 257

Time: 20225 ns Started: 20215 ns Scope: /tb_top/u_mon File: /run/media/sackb/Windows-SSD/Users/sackb/OneDrive/Desktop/University/Course_Work/2025-2026/Spring_2026/ECE_410/ECE410/project/post_m3_Minor_Redesign/tb/tb_top.sv Line:256
Error: AXI MONITOR: core_C changed while core is idle
Time: 20225 ns  Iteration: 0  Process: /tb_top/u_mon//tb_top/u_mon  Scope: tb_top.u_mon  File: /run/media/sackb/Windows-SSD/Users/sackb/OneDrive/Desktop/University/Course_Work/2025-2026/Spring_2026/ECE_410/ECE410/project/post_m3_Minor_Redesign/tb/tb_top.sv Line: 257

Time: 20235 ns Started: 20225 ns Scope: /tb_top/u_mon File: /run/media/sackb/Windows-SSD/Users/sackb/OneDrive/Desktop/University/Course_Work/2025-2026/Spring_2026/ECE_410/ECE410/project/post_m3_Minor_Redesign/tb/tb_top.sv Line:256
Error: AXI MONITOR: core_C changed while core is idle
Time: 20235 ns  Iteration: 0  Process: /tb_top/u_mon//tb_top/u_mon  Scope: tb_top.u_mon  File: /run/media/sackb/Windows-SSD/Users/sackb/OneDrive/Desktop/University/Course_Work/2025-2026/Spring_2026/ECE_410/ECE410/project/post_m3_Minor_Redesign/tb/tb_top.sv Line: 257

Time: 20245 ns Started: 20235 ns Scope: /tb_top/u_mon File: /run/media/sackb/Windows-SSD/Users/sackb/OneDrive/Desktop/University/Course_Work/2025-2026/Spring_2026/ECE_410/ECE410/project/post_m3_Minor_Redesign/tb/tb_top.sv Line:256
Error: AXI MONITOR: core_C changed while core is idle
Time: 20245 ns  Iteration: 0  Process: /tb_top/u_mon//tb_top/u_mon  Scope: tb_top.u_mon  File: /run/media/sackb/Windows-SSD/Users/sackb/OneDrive/Desktop/University/Course_Work/2025-2026/Spring_2026/ECE_410/ECE410/project/post_m3_Minor_Redesign/tb/tb_top.sv Line: 257

Time: 20255 ns Started: 20245 ns Scope: /tb_top/u_mon File: /run/media/sackb/Windows-SSD/Users/sackb/OneDrive/Desktop/University/Course_Work/2025-2026/Spring_2026/ECE_410/ECE410/project/post_m3_Minor_Redesign/tb/tb_top.sv Line:256
Error: AXI MONITOR: core_C changed while core is idle
Time: 20255 ns  Iteration: 0  Process: /tb_top/u_mon//tb_top/u_mon  Scope: tb_top.u_mon  File: /run/media/sackb/Windows-SSD/Users/sackb/OneDrive/Desktop/University/Course_Work/2025-2026/Spring_2026/ECE_410/ECE410/project/post_m3_Minor_Redesign/tb/tb_top.sv Line: 257

Time: 20265 ns Started: 20255 ns Scope: /tb_top/u_mon File: /run/media/sackb/Windows-SSD/Users/sackb/OneDrive/Desktop/University/Course_Work/2025-2026/Spring_2026/ECE_410/ECE410/project/post_m3_Minor_Redesign/tb/tb_top.sv Line:256
Error: AXI MONITOR: core_C changed while core is idle
Time: 20265 ns  Iteration: 0  Process: /tb_top/u_mon//tb_top/u_mon  Scope: tb_top.u_mon  File: /run/media/sackb/Windows-SSD/Users/sackb/OneDrive/Desktop/University/Course_Work/2025-2026/Spring_2026/ECE_410/ECE410/project/post_m3_Minor_Redesign/tb/tb_top.sv Line: 257

Time: 20275 ns Started: 20265 ns Scope: /tb_top/u_mon File: /run/media/sackb/Windows-SSD/Users/sackb/OneDrive/Desktop/University/Course_Work/2025-2026/Spring_2026/ECE_410/ECE410/project/post_m3_Minor_Redesign/tb/tb_top.sv Line:256
Error: AXI MONITOR: core_C changed while core is idle
Time: 20275 ns  Iteration: 0  Process: /tb_top/u_mon//tb_top/u_mon  Scope: tb_top.u_mon  File: /run/media/sackb/Windows-SSD/Users/sackb/OneDrive/Desktop/University/Course_Work/2025-2026/Spring_2026/ECE_410/ECE410/project/post_m3_Minor_Redesign/tb/tb_top.sv Line: 257

Time: 20285 ns Started: 20275 ns Scope: /tb_top/u_mon File: /run/media/sackb/Windows-SSD/Users/sackb/OneDrive/Desktop/University/Course_Work/2025-2026/Spring_2026/ECE_410/ECE410/project/post_m3_Minor_Redesign/tb/tb_top.sv Line:256
Error: AXI MONITOR: core_C changed while core is idle
Time: 20285 ns  Iteration: 0  Process: /tb_top/u_mon//tb_top/u_mon  Scope: tb_top.u_mon  File: /run/media/sackb/Windows-SSD/Users/sackb/OneDrive/Desktop/University/Course_Work/2025-2026/Spring_2026/ECE_410/ECE410/project/post_m3_Minor_Redesign/tb/tb_top.sv Line: 257

Time: 20295 ns Started: 20285 ns Scope: /tb_top/u_mon File: /run/media/sackb/Windows-SSD/Users/sackb/OneDrive/Desktop/University/Course_Work/2025-2026/Spring_2026/ECE_410/ECE410/project/post_m3_Minor_Redesign/tb/tb_top.sv Line:256
Error: AXI MONITOR: core_C changed while core is idle
Time: 20295 ns  Iteration: 0  Process: /tb_top/u_mon//tb_top/u_mon  Scope: tb_top.u_mon  File: /run/media/sackb/Windows-SSD/Users/sackb/OneDrive/Desktop/University/Course_Work/2025-2026/Spring_2026/ECE_410/ECE410/project/post_m3_Minor_Redesign/tb/tb_top.sv Line: 257

Time: 20305 ns Started: 20295 ns Scope: /tb_top/u_mon File: /run/media/sackb/Windows-SSD/Users/sackb/OneDrive/Desktop/University/Course_Work/2025-2026/Spring_2026/ECE_410/ECE410/project/post_m3_Minor_Redesign/tb/tb_top.sv Line:256
Error: AXI MONITOR: core_C changed while core is idle
Time: 20305 ns  Iteration: 0  Process: /tb_top/u_mon//tb_top/u_mon  Scope: tb_top.u_mon  File: /run/media/sackb/Windows-SSD/Users/sackb/OneDrive/Desktop/University/Course_Work/2025-2026/Spring_2026/ECE_410/ECE410/project/post_m3_Minor_Redesign/tb/tb_top.sv Line: 257

Time: 20315 ns Started: 20305 ns Scope: /tb_top/u_mon File: /run/media/sackb/Windows-SSD/Users/sackb/OneDrive/Desktop/University/Course_Work/2025-2026/Spring_2026/ECE_410/ECE410/project/post_m3_Minor_Redesign/tb/tb_top.sv Line:256
Error: AXI MONITOR: core_C changed while core is idle
Time: 20315 ns  Iteration: 0  Process: /tb_top/u_mon//tb_top/u_mon  Scope: tb_top.u_mon  File: /run/media/sackb/Windows-SSD/Users/sackb/OneDrive/Desktop/University/Course_Work/2025-2026/Spring_2026/ECE_410/ECE410/project/post_m3_Minor_Redesign/tb/tb_top.sv Line: 257

Time: 20325 ns Started: 20315 ns Scope: /tb_top/u_mon File: /run/media/sackb/Windows-SSD/Users/sackb/OneDrive/Desktop/University/Course_Work/2025-2026/Spring_2026/ECE_410/ECE410/project/post_m3_Minor_Redesign/tb/tb_top.sv Line:256
Error: AXI MONITOR: core_C changed while core is idle
Time: 20325 ns  Iteration: 0  Process: /tb_top/u_mon//tb_top/u_mon  Scope: tb_top.u_mon  File: /run/media/sackb/Windows-SSD/Users/sackb/OneDrive/Desktop/University/Course_Work/2025-2026/Spring_2026/ECE_410/ECE410/project/post_m3_Minor_Redesign/tb/tb_top.sv Line: 257

Time: 20335 ns Started: 20325 ns Scope: /tb_top/u_mon File: /run/media/sackb/Windows-SSD/Users/sackb/OneDrive/Desktop/University/Course_Work/2025-2026/Spring_2026/ECE_410/ECE410/project/post_m3_Minor_Redesign/tb/tb_top.sv Line:256
Error: AXI MONITOR: core_C changed while core is idle
Time: 20335 ns  Iteration: 0  Process: /tb_top/u_mon//tb_top/u_mon  Scope: tb_top.u_mon  File: /run/media/sackb/Windows-SSD/Users/sackb/OneDrive/Desktop/University/Course_Work/2025-2026/Spring_2026/ECE_410/ECE410/project/post_m3_Minor_Redesign/tb/tb_top.sv Line: 257

Time: 20345 ns Started: 20335 ns Scope: /tb_top/u_mon File: /run/media/sackb/Windows-SSD/Users/sackb/OneDrive/Desktop/University/Course_Work/2025-2026/Spring_2026/ECE_410/ECE410/project/post_m3_Minor_Redesign/tb/tb_top.sv Line:256
Error: AXI MONITOR: core_C changed while core is idle
Time: 20345 ns  Iteration: 0  Process: /tb_top/u_mon//tb_top/u_mon  Scope: tb_top.u_mon  File: /run/media/sackb/Windows-SSD/Users/sackb/OneDrive/Desktop/University/Course_Work/2025-2026/Spring_2026/ECE_410/ECE410/project/post_m3_Minor_Redesign/tb/tb_top.sv Line: 257

Time: 20355 ns Started: 20345 ns Scope: /tb_top/u_mon File: /run/media/sackb/Windows-SSD/Users/sackb/OneDrive/Desktop/University/Course_Work/2025-2026/Spring_2026/ECE_410/ECE410/project/post_m3_Minor_Redesign/tb/tb_top.sv Line:256
Error: AXI MONITOR: core_C changed while core is idle
Time: 20355 ns  Iteration: 0  Process: /tb_top/u_mon//tb_top/u_mon  Scope: tb_top.u_mon  File: /run/media/sackb/Windows-SSD/Users/sackb/OneDrive/Desktop/University/Course_Work/2025-2026/Spring_2026/ECE_410/ECE410/project/post_m3_Minor_Redesign/tb/tb_top.sv Line: 257

Time: 20985 ns Started: 20975 ns Scope: /tb_top/u_mon File: /run/media/sackb/Windows-SSD/Users/sackb/OneDrive/Desktop/University/Course_Work/2025-2026/Spring_2026/ECE_410/ECE410/project/post_m3_Minor_Redesign/tb/tb_top.sv Line:256
Error: AXI MONITOR: core_C changed while core is idle
Time: 20985 ns  Iteration: 0  Process: /tb_top/u_mon//tb_top/u_mon  Scope: tb_top.u_mon  File: /run/media/sackb/Windows-SSD/Users/sackb/OneDrive/Desktop/University/Course_Work/2025-2026/Spring_2026/ECE_410/ECE410/project/post_m3_Minor_Redesign/tb/tb_top.sv Line: 257

Time: 20995 ns Started: 20985 ns Scope: /tb_top/u_mon File: /run/media/sackb/Windows-SSD/Users/sackb/OneDrive/Desktop/University/Course_Work/2025-2026/Spring_2026/ECE_410/ECE410/project/post_m3_Minor_Redesign/tb/tb_top.sv Line:256
Error: AXI MONITOR: core_C changed while core is idle
Time: 20995 ns  Iteration: 0  Process: /tb_top/u_mon//tb_top/u_mon  Scope: tb_top.u_mon  File: /run/media/sackb/Windows-SSD/Users/sackb/OneDrive/Desktop/University/Course_Work/2025-2026/Spring_2026/ECE_410/ECE410/project/post_m3_Minor_Redesign/tb/tb_top.sv Line: 257

Time: 21005 ns Started: 20995 ns Scope: /tb_top/u_mon File: /run/media/sackb/Windows-SSD/Users/sackb/OneDrive/Desktop/University/Course_Work/2025-2026/Spring_2026/ECE_410/ECE410/project/post_m3_Minor_Redesign/tb/tb_top.sv Line:256
Error: AXI MONITOR: core_C changed while core is idle
Time: 21005 ns  Iteration: 0  Process: /tb_top/u_mon//tb_top/u_mon  Scope: tb_top.u_mon  File: /run/media/sackb/Windows-SSD/Users/sackb/OneDrive/Desktop/University/Course_Work/2025-2026/Spring_2026/ECE_410/ECE410/project/post_m3_Minor_Redesign/tb/tb_top.sv Line: 257

Time: 21015 ns Started: 21005 ns Scope: /tb_top/u_mon File: /run/media/sackb/Windows-SSD/Users/sackb/OneDrive/Desktop/University/Course_Work/2025-2026/Spring_2026/ECE_410/ECE410/project/post_m3_Minor_Redesign/tb/tb_top.sv Line:256
Error: AXI MONITOR: core_C changed while core is idle
Time: 21015 ns  Iteration: 0  Process: /tb_top/u_mon//tb_top/u_mon  Scope: tb_top.u_mon  File: /run/media/sackb/Windows-SSD/Users/sackb/OneDrive/Desktop/University/Course_Work/2025-2026/Spring_2026/ECE_410/ECE410/project/post_m3_Minor_Redesign/tb/tb_top.sv Line: 257

Time: 21025 ns Started: 21015 ns Scope: /tb_top/u_mon File: /run/media/sackb/Windows-SSD/Users/sackb/OneDrive/Desktop/University/Course_Work/2025-2026/Spring_2026/ECE_410/ECE410/project/post_m3_Minor_Redesign/tb/tb_top.sv Line:256
Error: AXI MONITOR: core_C changed while core is idle
Time: 21025 ns  Iteration: 0  Process: /tb_top/u_mon//tb_top/u_mon  Scope: tb_top.u_mon  File: /run/media/sackb/Windows-SSD/Users/sackb/OneDrive/Desktop/University/Course_Work/2025-2026/Spring_2026/ECE_410/ECE410/project/post_m3_Minor_Redesign/tb/tb_top.sv Line: 257

Time: 21035 ns Started: 21025 ns Scope: /tb_top/u_mon File: /run/media/sackb/Windows-SSD/Users/sackb/OneDrive/Desktop/University/Course_Work/2025-2026/Spring_2026/ECE_410/ECE410/project/post_m3_Minor_Redesign/tb/tb_top.sv Line:256
Error: AXI MONITOR: core_C changed while core is idle
Time: 21035 ns  Iteration: 0  Process: /tb_top/u_mon//tb_top/u_mon  Scope: tb_top.u_mon  File: /run/media/sackb/Windows-SSD/Users/sackb/OneDrive/Desktop/University/Course_Work/2025-2026/Spring_2026/ECE_410/ECE410/project/post_m3_Minor_Redesign/tb/tb_top.sv Line: 257

Time: 21045 ns Started: 21035 ns Scope: /tb_top/u_mon File: /run/media/sackb/Windows-SSD/Users/sackb/OneDrive/Desktop/University/Course_Work/2025-2026/Spring_2026/ECE_410/ECE410/project/post_m3_Minor_Redesign/tb/tb_top.sv Line:256
Error: AXI MONITOR: core_C changed while core is idle
Time: 21045 ns  Iteration: 0  Process: /tb_top/u_mon//tb_top/u_mon  Scope: tb_top.u_mon  File: /run/media/sackb/Windows-SSD/Users/sackb/OneDrive/Desktop/University/Course_Work/2025-2026/Spring_2026/ECE_410/ECE410/project/post_m3_Minor_Redesign/tb/tb_top.sv Line: 257

Time: 21055 ns Started: 21045 ns Scope: /tb_top/u_mon File: /run/media/sackb/Windows-SSD/Users/sackb/OneDrive/Desktop/University/Course_Work/2025-2026/Spring_2026/ECE_410/ECE410/project/post_m3_Minor_Redesign/tb/tb_top.sv Line:256
Error: AXI MONITOR: core_C changed while core is idle
Time: 21055 ns  Iteration: 0  Process: /tb_top/u_mon//tb_top/u_mon  Scope: tb_top.u_mon  File: /run/media/sackb/Windows-SSD/Users/sackb/OneDrive/Desktop/University/Course_Work/2025-2026/Spring_2026/ECE_410/ECE410/project/post_m3_Minor_Redesign/tb/tb_top.sv Line: 257

Time: 21065 ns Started: 21055 ns Scope: /tb_top/u_mon File: /run/media/sackb/Windows-SSD/Users/sackb/OneDrive/Desktop/University/Course_Work/2025-2026/Spring_2026/ECE_410/ECE410/project/post_m3_Minor_Redesign/tb/tb_top.sv Line:256
Error: AXI MONITOR: core_C changed while core is idle
Time: 21065 ns  Iteration: 0  Process: /tb_top/u_mon//tb_top/u_mon  Scope: tb_top.u_mon  File: /run/media/sackb/Windows-SSD/Users/sackb/OneDrive/Desktop/University/Course_Work/2025-2026/Spring_2026/ECE_410/ECE410/project/post_m3_Minor_Redesign/tb/tb_top.sv Line: 257

Time: 21075 ns Started: 21065 ns Scope: /tb_top/u_mon File: /run/media/sackb/Windows-SSD/Users/sackb/OneDrive/Desktop/University/Course_Work/2025-2026/Spring_2026/ECE_410/ECE410/project/post_m3_Minor_Redesign/tb/tb_top.sv Line:256
Error: AXI MONITOR: core_C changed while core is idle
Time: 21075 ns  Iteration: 0  Process: /tb_top/u_mon//tb_top/u_mon  Scope: tb_top.u_mon  File: /run/media/sackb/Windows-SSD/Users/sackb/OneDrive/Desktop/University/Course_Work/2025-2026/Spring_2026/ECE_410/ECE410/project/post_m3_Minor_Redesign/tb/tb_top.sv Line: 257

Time: 21085 ns Started: 21075 ns Scope: /tb_top/u_mon File: /run/media/sackb/Windows-SSD/Users/sackb/OneDrive/Desktop/University/Course_Work/2025-2026/Spring_2026/ECE_410/ECE410/project/post_m3_Minor_Redesign/tb/tb_top.sv Line:256
Error: AXI MONITOR: core_C changed while core is idle
Time: 21085 ns  Iteration: 0  Process: /tb_top/u_mon//tb_top/u_mon  Scope: tb_top.u_mon  File: /run/media/sackb/Windows-SSD/Users/sackb/OneDrive/Desktop/University/Course_Work/2025-2026/Spring_2026/ECE_410/ECE410/project/post_m3_Minor_Redesign/tb/tb_top.sv Line: 257

Time: 21095 ns Started: 21085 ns Scope: /tb_top/u_mon File: /run/media/sackb/Windows-SSD/Users/sackb/OneDrive/Desktop/University/Course_Work/2025-2026/Spring_2026/ECE_410/ECE410/project/post_m3_Minor_Redesign/tb/tb_top.sv Line:256
Error: AXI MONITOR: core_C changed while core is idle
Time: 21095 ns  Iteration: 0  Process: /tb_top/u_mon//tb_top/u_mon  Scope: tb_top.u_mon  File: /run/media/sackb/Windows-SSD/Users/sackb/OneDrive/Desktop/University/Course_Work/2025-2026/Spring_2026/ECE_410/ECE410/project/post_m3_Minor_Redesign/tb/tb_top.sv Line: 257

Time: 21105 ns Started: 21095 ns Scope: /tb_top/u_mon File: /run/media/sackb/Windows-SSD/Users/sackb/OneDrive/Desktop/University/Course_Work/2025-2026/Spring_2026/ECE_410/ECE410/project/post_m3_Minor_Redesign/tb/tb_top.sv Line:256
Error: AXI MONITOR: core_C changed while core is idle
Time: 21105 ns  Iteration: 0  Process: /tb_top/u_mon//tb_top/u_mon  Scope: tb_top.u_mon  File: /run/media/sackb/Windows-SSD/Users/sackb/OneDrive/Desktop/University/Course_Work/2025-2026/Spring_2026/ECE_410/ECE410/project/post_m3_Minor_Redesign/tb/tb_top.sv Line: 257

Time: 21115 ns Started: 21105 ns Scope: /tb_top/u_mon File: /run/media/sackb/Windows-SSD/Users/sackb/OneDrive/Desktop/University/Course_Work/2025-2026/Spring_2026/ECE_410/ECE410/project/post_m3_Minor_Redesign/tb/tb_top.sv Line:256
Error: AXI MONITOR: core_C changed while core is idle
Time: 21115 ns  Iteration: 0  Process: /tb_top/u_mon//tb_top/u_mon  Scope: tb_top.u_mon  File: /run/media/sackb/Windows-SSD/Users/sackb/OneDrive/Desktop/University/Course_Work/2025-2026/Spring_2026/ECE_410/ECE410/project/post_m3_Minor_Redesign/tb/tb_top.sv Line: 257

Time: 21125 ns Started: 21115 ns Scope: /tb_top/u_mon File: /run/media/sackb/Windows-SSD/Users/sackb/OneDrive/Desktop/University/Course_Work/2025-2026/Spring_2026/ECE_410/ECE410/project/post_m3_Minor_Redesign/tb/tb_top.sv Line:256
Error: AXI MONITOR: core_C changed while core is idle
Time: 21125 ns  Iteration: 0  Process: /tb_top/u_mon//tb_top/u_mon  Scope: tb_top.u_mon  File: /run/media/sackb/Windows-SSD/Users/sackb/OneDrive/Desktop/University/Course_Work/2025-2026/Spring_2026/ECE_410/ECE410/project/post_m3_Minor_Redesign/tb/tb_top.sv Line: 257

Time: 21135 ns Started: 21125 ns Scope: /tb_top/u_mon File: /run/media/sackb/Windows-SSD/Users/sackb/OneDrive/Desktop/University/Course_Work/2025-2026/Spring_2026/ECE_410/ECE410/project/post_m3_Minor_Redesign/tb/tb_top.sv Line:256
Error: AXI MONITOR: core_C changed while core is idle
Time: 21135 ns  Iteration: 0  Process: /tb_top/u_mon//tb_top/u_mon  Scope: tb_top.u_mon  File: /run/media/sackb/Windows-SSD/Users/sackb/OneDrive/Desktop/University/Course_Work/2025-2026/Spring_2026/ECE_410/ECE410/project/post_m3_Minor_Redesign/tb/tb_top.sv Line: 257

Time: 21145 ns Started: 21135 ns Scope: /tb_top/u_mon File: /run/media/sackb/Windows-SSD/Users/sackb/OneDrive/Desktop/University/Course_Work/2025-2026/Spring_2026/ECE_410/ECE410/project/post_m3_Minor_Redesign/tb/tb_top.sv Line:256
Error: AXI MONITOR: core_C changed while core is idle
Time: 21145 ns  Iteration: 0  Process: /tb_top/u_mon//tb_top/u_mon  Scope: tb_top.u_mon  File: /run/media/sackb/Windows-SSD/Users/sackb/OneDrive/Desktop/University/Course_Work/2025-2026/Spring_2026/ECE_410/ECE410/project/post_m3_Minor_Redesign/tb/tb_top.sv Line: 257

Time: 21155 ns Started: 21145 ns Scope: /tb_top/u_mon File: /run/media/sackb/Windows-SSD/Users/sackb/OneDrive/Desktop/University/Course_Work/2025-2026/Spring_2026/ECE_410/ECE410/project/post_m3_Minor_Redesign/tb/tb_top.sv Line:256
Error: AXI MONITOR: core_C changed while core is idle
Time: 21155 ns  Iteration: 0  Process: /tb_top/u_mon//tb_top/u_mon  Scope: tb_top.u_mon  File: /run/media/sackb/Windows-SSD/Users/sackb/OneDrive/Desktop/University/Course_Work/2025-2026/Spring_2026/ECE_410/ECE410/project/post_m3_Minor_Redesign/tb/tb_top.sv Line: 257

Time: 21165 ns Started: 21155 ns Scope: /tb_top/u_mon File: /run/media/sackb/Windows-SSD/Users/sackb/OneDrive/Desktop/University/Course_Work/2025-2026/Spring_2026/ECE_410/ECE410/project/post_m3_Minor_Redesign/tb/tb_top.sv Line:256
Error: AXI MONITOR: core_C changed while core is idle
Time: 21165 ns  Iteration: 0  Process: /tb_top/u_mon//tb_top/u_mon  Scope: tb_top.u_mon  File: /run/media/sackb/Windows-SSD/Users/sackb/OneDrive/Desktop/University/Course_Work/2025-2026/Spring_2026/ECE_410/ECE410/project/post_m3_Minor_Redesign/tb/tb_top.sv Line: 257

Time: 21175 ns Started: 21165 ns Scope: /tb_top/u_mon File: /run/media/sackb/Windows-SSD/Users/sackb/OneDrive/Desktop/University/Course_Work/2025-2026/Spring_2026/ECE_410/ECE410/project/post_m3_Minor_Redesign/tb/tb_top.sv Line:256
Error: AXI MONITOR: core_C changed while core is idle
Time: 21175 ns  Iteration: 0  Process: /tb_top/u_mon//tb_top/u_mon  Scope: tb_top.u_mon  File: /run/media/sackb/Windows-SSD/Users/sackb/OneDrive/Desktop/University/Course_Work/2025-2026/Spring_2026/ECE_410/ECE410/project/post_m3_Minor_Redesign/tb/tb_top.sv Line: 257

Time: 21185 ns Started: 21175 ns Scope: /tb_top/u_mon File: /run/media/sackb/Windows-SSD/Users/sackb/OneDrive/Desktop/University/Course_Work/2025-2026/Spring_2026/ECE_410/ECE410/project/post_m3_Minor_Redesign/tb/tb_top.sv Line:256
Error: AXI MONITOR: core_C changed while core is idle
Time: 21185 ns  Iteration: 0  Process: /tb_top/u_mon//tb_top/u_mon  Scope: tb_top.u_mon  File: /run/media/sackb/Windows-SSD/Users/sackb/OneDrive/Desktop/University/Course_Work/2025-2026/Spring_2026/ECE_410/ECE410/project/post_m3_Minor_Redesign/tb/tb_top.sv Line: 257

Time: 21195 ns Started: 21185 ns Scope: /tb_top/u_mon File: /run/media/sackb/Windows-SSD/Users/sackb/OneDrive/Desktop/University/Course_Work/2025-2026/Spring_2026/ECE_410/ECE410/project/post_m3_Minor_Redesign/tb/tb_top.sv Line:256
Error: AXI MONITOR: core_C changed while core is idle
Time: 21195 ns  Iteration: 0  Process: /tb_top/u_mon//tb_top/u_mon  Scope: tb_top.u_mon  File: /run/media/sackb/Windows-SSD/Users/sackb/OneDrive/Desktop/University/Course_Work/2025-2026/Spring_2026/ECE_410/ECE410/project/post_m3_Minor_Redesign/tb/tb_top.sv Line: 257

Time: 21205 ns Started: 21195 ns Scope: /tb_top/u_mon File: /run/media/sackb/Windows-SSD/Users/sackb/OneDrive/Desktop/University/Course_Work/2025-2026/Spring_2026/ECE_410/ECE410/project/post_m3_Minor_Redesign/tb/tb_top.sv Line:256
Error: AXI MONITOR: core_C changed while core is idle
Time: 21205 ns  Iteration: 0  Process: /tb_top/u_mon//tb_top/u_mon  Scope: tb_top.u_mon  File: /run/media/sackb/Windows-SSD/Users/sackb/OneDrive/Desktop/University/Course_Work/2025-2026/Spring_2026/ECE_410/ECE410/project/post_m3_Minor_Redesign/tb/tb_top.sv Line: 257

Time: 21215 ns Started: 21205 ns Scope: /tb_top/u_mon File: /run/media/sackb/Windows-SSD/Users/sackb/OneDrive/Desktop/University/Course_Work/2025-2026/Spring_2026/ECE_410/ECE410/project/post_m3_Minor_Redesign/tb/tb_top.sv Line:256
Error: AXI MONITOR: core_C changed while core is idle
Time: 21215 ns  Iteration: 0  Process: /tb_top/u_mon//tb_top/u_mon  Scope: tb_top.u_mon  File: /run/media/sackb/Windows-SSD/Users/sackb/OneDrive/Desktop/University/Course_Work/2025-2026/Spring_2026/ECE_410/ECE410/project/post_m3_Minor_Redesign/tb/tb_top.sv Line: 257

Time: 21225 ns Started: 21215 ns Scope: /tb_top/u_mon File: /run/media/sackb/Windows-SSD/Users/sackb/OneDrive/Desktop/University/Course_Work/2025-2026/Spring_2026/ECE_410/ECE410/project/post_m3_Minor_Redesign/tb/tb_top.sv Line:256
Error: AXI MONITOR: core_C changed while core is idle
Time: 21225 ns  Iteration: 0  Process: /tb_top/u_mon//tb_top/u_mon  Scope: tb_top.u_mon  File: /run/media/sackb/Windows-SSD/Users/sackb/OneDrive/Desktop/University/Course_Work/2025-2026/Spring_2026/ECE_410/ECE410/project/post_m3_Minor_Redesign/tb/tb_top.sv Line: 257

Time: 21235 ns Started: 21225 ns Scope: /tb_top/u_mon File: /run/media/sackb/Windows-SSD/Users/sackb/OneDrive/Desktop/University/Course_Work/2025-2026/Spring_2026/ECE_410/ECE410/project/post_m3_Minor_Redesign/tb/tb_top.sv Line:256
Error: AXI MONITOR: core_C changed while core is idle
Time: 21235 ns  Iteration: 0  Process: /tb_top/u_mon//tb_top/u_mon  Scope: tb_top.u_mon  File: /run/media/sackb/Windows-SSD/Users/sackb/OneDrive/Desktop/University/Course_Work/2025-2026/Spring_2026/ECE_410/ECE410/project/post_m3_Minor_Redesign/tb/tb_top.sv Line: 257

Time: 21245 ns Started: 21235 ns Scope: /tb_top/u_mon File: /run/media/sackb/Windows-SSD/Users/sackb/OneDrive/Desktop/University/Course_Work/2025-2026/Spring_2026/ECE_410/ECE410/project/post_m3_Minor_Redesign/tb/tb_top.sv Line:256
Error: AXI MONITOR: core_C changed while core is idle
Time: 21245 ns  Iteration: 0  Process: /tb_top/u_mon//tb_top/u_mon  Scope: tb_top.u_mon  File: /run/media/sackb/Windows-SSD/Users/sackb/OneDrive/Desktop/University/Course_Work/2025-2026/Spring_2026/ECE_410/ECE410/project/post_m3_Minor_Redesign/tb/tb_top.sv Line: 257

Time: 21255 ns Started: 21245 ns Scope: /tb_top/u_mon File: /run/media/sackb/Windows-SSD/Users/sackb/OneDrive/Desktop/University/Course_Work/2025-2026/Spring_2026/ECE_410/ECE410/project/post_m3_Minor_Redesign/tb/tb_top.sv Line:256
Error: AXI MONITOR: core_C changed while core is idle
Time: 21255 ns  Iteration: 0  Process: /tb_top/u_mon//tb_top/u_mon  Scope: tb_top.u_mon  File: /run/media/sackb/Windows-SSD/Users/sackb/OneDrive/Desktop/University/Course_Work/2025-2026/Spring_2026/ECE_410/ECE410/project/post_m3_Minor_Redesign/tb/tb_top.sv Line: 257

Time: 21265 ns Started: 21255 ns Scope: /tb_top/u_mon File: /run/media/sackb/Windows-SSD/Users/sackb/OneDrive/Desktop/University/Course_Work/2025-2026/Spring_2026/ECE_410/ECE410/project/post_m3_Minor_Redesign/tb/tb_top.sv Line:256
Error: AXI MONITOR: core_C changed while core is idle
Time: 21265 ns  Iteration: 0  Process: /tb_top/u_mon//tb_top/u_mon  Scope: tb_top.u_mon  File: /run/media/sackb/Windows-SSD/Users/sackb/OneDrive/Desktop/University/Course_Work/2025-2026/Spring_2026/ECE_410/ECE410/project/post_m3_Minor_Redesign/tb/tb_top.sv Line: 257

Time: 21275 ns Started: 21265 ns Scope: /tb_top/u_mon File: /run/media/sackb/Windows-SSD/Users/sackb/OneDrive/Desktop/University/Course_Work/2025-2026/Spring_2026/ECE_410/ECE410/project/post_m3_Minor_Redesign/tb/tb_top.sv Line:256
Error: AXI MONITOR: core_C changed while core is idle
Time: 21275 ns  Iteration: 0  Process: /tb_top/u_mon//tb_top/u_mon  Scope: tb_top.u_mon  File: /run/media/sackb/Windows-SSD/Users/sackb/OneDrive/Desktop/University/Course_Work/2025-2026/Spring_2026/ECE_410/ECE410/project/post_m3_Minor_Redesign/tb/tb_top.sv Line: 257

Time: 21285 ns Started: 21275 ns Scope: /tb_top/u_mon File: /run/media/sackb/Windows-SSD/Users/sackb/OneDrive/Desktop/University/Course_Work/2025-2026/Spring_2026/ECE_410/ECE410/project/post_m3_Minor_Redesign/tb/tb_top.sv Line:256
Error: AXI MONITOR: core_C changed while core is idle
Time: 21285 ns  Iteration: 0  Process: /tb_top/u_mon//tb_top/u_mon  Scope: tb_top.u_mon  File: /run/media/sackb/Windows-SSD/Users/sackb/OneDrive/Desktop/University/Course_Work/2025-2026/Spring_2026/ECE_410/ECE410/project/post_m3_Minor_Redesign/tb/tb_top.sv Line: 257

Time: 21295 ns Started: 21285 ns Scope: /tb_top/u_mon File: /run/media/sackb/Windows-SSD/Users/sackb/OneDrive/Desktop/University/Course_Work/2025-2026/Spring_2026/ECE_410/ECE410/project/post_m3_Minor_Redesign/tb/tb_top.sv Line:256
Error: AXI MONITOR: core_C changed while core is idle
Time: 21295 ns  Iteration: 0  Process: /tb_top/u_mon//tb_top/u_mon  Scope: tb_top.u_mon  File: /run/media/sackb/Windows-SSD/Users/sackb/OneDrive/Desktop/University/Course_Work/2025-2026/Spring_2026/ECE_410/ECE410/project/post_m3_Minor_Redesign/tb/tb_top.sv Line: 257

Time: 21305 ns Started: 21295 ns Scope: /tb_top/u_mon File: /run/media/sackb/Windows-SSD/Users/sackb/OneDrive/Desktop/University/Course_Work/2025-2026/Spring_2026/ECE_410/ECE410/project/post_m3_Minor_Redesign/tb/tb_top.sv Line:256
Error: AXI MONITOR: core_C changed while core is idle
Time: 21305 ns  Iteration: 0  Process: /tb_top/u_mon//tb_top/u_mon  Scope: tb_top.u_mon  File: /run/media/sackb/Windows-SSD/Users/sackb/OneDrive/Desktop/University/Course_Work/2025-2026/Spring_2026/ECE_410/ECE410/project/post_m3_Minor_Redesign/tb/tb_top.sv Line: 257

Time: 21315 ns Started: 21305 ns Scope: /tb_top/u_mon File: /run/media/sackb/Windows-SSD/Users/sackb/OneDrive/Desktop/University/Course_Work/2025-2026/Spring_2026/ECE_410/ECE410/project/post_m3_Minor_Redesign/tb/tb_top.sv Line:256
Error: AXI MONITOR: core_C changed while core is idle
Time: 21315 ns  Iteration: 0  Process: /tb_top/u_mon//tb_top/u_mon  Scope: tb_top.u_mon  File: /run/media/sackb/Windows-SSD/Users/sackb/OneDrive/Desktop/University/Course_Work/2025-2026/Spring_2026/ECE_410/ECE410/project/post_m3_Minor_Redesign/tb/tb_top.sv Line: 257

Time: 21325 ns Started: 21315 ns Scope: /tb_top/u_mon File: /run/media/sackb/Windows-SSD/Users/sackb/OneDrive/Desktop/University/Course_Work/2025-2026/Spring_2026/ECE_410/ECE410/project/post_m3_Minor_Redesign/tb/tb_top.sv Line:256
Error: AXI MONITOR: core_C changed while core is idle
Time: 21325 ns  Iteration: 0  Process: /tb_top/u_mon//tb_top/u_mon  Scope: tb_top.u_mon  File: /run/media/sackb/Windows-SSD/Users/sackb/OneDrive/Desktop/University/Course_Work/2025-2026/Spring_2026/ECE_410/ECE410/project/post_m3_Minor_Redesign/tb/tb_top.sv Line: 257

Time: 21335 ns Started: 21325 ns Scope: /tb_top/u_mon File: /run/media/sackb/Windows-SSD/Users/sackb/OneDrive/Desktop/University/Course_Work/2025-2026/Spring_2026/ECE_410/ECE410/project/post_m3_Minor_Redesign/tb/tb_top.sv Line:256
Error: AXI MONITOR: core_C changed while core is idle
Time: 21335 ns  Iteration: 0  Process: /tb_top/u_mon//tb_top/u_mon  Scope: tb_top.u_mon  File: /run/media/sackb/Windows-SSD/Users/sackb/OneDrive/Desktop/University/Course_Work/2025-2026/Spring_2026/ECE_410/ECE410/project/post_m3_Minor_Redesign/tb/tb_top.sv Line: 257

Time: 21345 ns Started: 21335 ns Scope: /tb_top/u_mon File: /run/media/sackb/Windows-SSD/Users/sackb/OneDrive/Desktop/University/Course_Work/2025-2026/Spring_2026/ECE_410/ECE410/project/post_m3_Minor_Redesign/tb/tb_top.sv Line:256
Error: AXI MONITOR: core_C changed while core is idle
Time: 21345 ns  Iteration: 0  Process: /tb_top/u_mon//tb_top/u_mon  Scope: tb_top.u_mon  File: /run/media/sackb/Windows-SSD/Users/sackb/OneDrive/Desktop/University/Course_Work/2025-2026/Spring_2026/ECE_410/ECE410/project/post_m3_Minor_Redesign/tb/tb_top.sv Line: 257
TB_TOP: Iteration 11 complete
TB_TOP: Starting iteration 12

Time: 21355 ns Started: 21345 ns Scope: /tb_top/u_mon File: /run/media/sackb/Windows-SSD/Users/sackb/OneDrive/Desktop/University/Course_Work/2025-2026/Spring_2026/ECE_410/ECE410/project/post_m3_Minor_Redesign/tb/tb_top.sv Line:256
Error: AXI MONITOR: core_C changed while core is idle
Time: 21355 ns  Iteration: 0  Process: /tb_top/u_mon//tb_top/u_mon  Scope: tb_top.u_mon  File: /run/media/sackb/Windows-SSD/Users/sackb/OneDrive/Desktop/University/Course_Work/2025-2026/Spring_2026/ECE_410/ECE410/project/post_m3_Minor_Redesign/tb/tb_top.sv Line: 257

Time: 21365 ns Started: 21355 ns Scope: /tb_top/u_mon File: /run/media/sackb/Windows-SSD/Users/sackb/OneDrive/Desktop/University/Course_Work/2025-2026/Spring_2026/ECE_410/ECE410/project/post_m3_Minor_Redesign/tb/tb_top.sv Line:256
Error: AXI MONITOR: core_C changed while core is idle
Time: 21365 ns  Iteration: 0  Process: /tb_top/u_mon//tb_top/u_mon  Scope: tb_top.u_mon  File: /run/media/sackb/Windows-SSD/Users/sackb/OneDrive/Desktop/University/Course_Work/2025-2026/Spring_2026/ECE_410/ECE410/project/post_m3_Minor_Redesign/tb/tb_top.sv Line: 257

Time: 21375 ns Started: 21365 ns Scope: /tb_top/u_mon File: /run/media/sackb/Windows-SSD/Users/sackb/OneDrive/Desktop/University/Course_Work/2025-2026/Spring_2026/ECE_410/ECE410/project/post_m3_Minor_Redesign/tb/tb_top.sv Line:256
Error: AXI MONITOR: core_C changed while core is idle
Time: 21375 ns  Iteration: 0  Process: /tb_top/u_mon//tb_top/u_mon  Scope: tb_top.u_mon  File: /run/media/sackb/Windows-SSD/Users/sackb/OneDrive/Desktop/University/Course_Work/2025-2026/Spring_2026/ECE_410/ECE410/project/post_m3_Minor_Redesign/tb/tb_top.sv Line: 257

Time: 21385 ns Started: 21375 ns Scope: /tb_top/u_mon File: /run/media/sackb/Windows-SSD/Users/sackb/OneDrive/Desktop/University/Course_Work/2025-2026/Spring_2026/ECE_410/ECE410/project/post_m3_Minor_Redesign/tb/tb_top.sv Line:256
Error: AXI MONITOR: core_C changed while core is idle
Time: 21385 ns  Iteration: 0  Process: /tb_top/u_mon//tb_top/u_mon  Scope: tb_top.u_mon  File: /run/media/sackb/Windows-SSD/Users/sackb/OneDrive/Desktop/University/Course_Work/2025-2026/Spring_2026/ECE_410/ECE410/project/post_m3_Minor_Redesign/tb/tb_top.sv Line: 257

Time: 21395 ns Started: 21385 ns Scope: /tb_top/u_mon File: /run/media/sackb/Windows-SSD/Users/sackb/OneDrive/Desktop/University/Course_Work/2025-2026/Spring_2026/ECE_410/ECE410/project/post_m3_Minor_Redesign/tb/tb_top.sv Line:256
Error: AXI MONITOR: core_C changed while core is idle
Time: 21395 ns  Iteration: 0  Process: /tb_top/u_mon//tb_top/u_mon  Scope: tb_top.u_mon  File: /run/media/sackb/Windows-SSD/Users/sackb/OneDrive/Desktop/University/Course_Work/2025-2026/Spring_2026/ECE_410/ECE410/project/post_m3_Minor_Redesign/tb/tb_top.sv Line: 257

Time: 21405 ns Started: 21395 ns Scope: /tb_top/u_mon File: /run/media/sackb/Windows-SSD/Users/sackb/OneDrive/Desktop/University/Course_Work/2025-2026/Spring_2026/ECE_410/ECE410/project/post_m3_Minor_Redesign/tb/tb_top.sv Line:256
Error: AXI MONITOR: core_C changed while core is idle
Time: 21405 ns  Iteration: 0  Process: /tb_top/u_mon//tb_top/u_mon  Scope: tb_top.u_mon  File: /run/media/sackb/Windows-SSD/Users/sackb/OneDrive/Desktop/University/Course_Work/2025-2026/Spring_2026/ECE_410/ECE410/project/post_m3_Minor_Redesign/tb/tb_top.sv Line: 257

Time: 21415 ns Started: 21405 ns Scope: /tb_top/u_mon File: /run/media/sackb/Windows-SSD/Users/sackb/OneDrive/Desktop/University/Course_Work/2025-2026/Spring_2026/ECE_410/ECE410/project/post_m3_Minor_Redesign/tb/tb_top.sv Line:256
Error: AXI MONITOR: core_C changed while core is idle
Time: 21415 ns  Iteration: 0  Process: /tb_top/u_mon//tb_top/u_mon  Scope: tb_top.u_mon  File: /run/media/sackb/Windows-SSD/Users/sackb/OneDrive/Desktop/University/Course_Work/2025-2026/Spring_2026/ECE_410/ECE410/project/post_m3_Minor_Redesign/tb/tb_top.sv Line: 257

Time: 21425 ns Started: 21415 ns Scope: /tb_top/u_mon File: /run/media/sackb/Windows-SSD/Users/sackb/OneDrive/Desktop/University/Course_Work/2025-2026/Spring_2026/ECE_410/ECE410/project/post_m3_Minor_Redesign/tb/tb_top.sv Line:256
Error: AXI MONITOR: core_C changed while core is idle
Time: 21425 ns  Iteration: 0  Process: /tb_top/u_mon//tb_top/u_mon  Scope: tb_top.u_mon  File: /run/media/sackb/Windows-SSD/Users/sackb/OneDrive/Desktop/University/Course_Work/2025-2026/Spring_2026/ECE_410/ECE410/project/post_m3_Minor_Redesign/tb/tb_top.sv Line: 257

Time: 21435 ns Started: 21425 ns Scope: /tb_top/u_mon File: /run/media/sackb/Windows-SSD/Users/sackb/OneDrive/Desktop/University/Course_Work/2025-2026/Spring_2026/ECE_410/ECE410/project/post_m3_Minor_Redesign/tb/tb_top.sv Line:256
Error: AXI MONITOR: core_C changed while core is idle
Time: 21435 ns  Iteration: 0  Process: /tb_top/u_mon//tb_top/u_mon  Scope: tb_top.u_mon  File: /run/media/sackb/Windows-SSD/Users/sackb/OneDrive/Desktop/University/Course_Work/2025-2026/Spring_2026/ECE_410/ECE410/project/post_m3_Minor_Redesign/tb/tb_top.sv Line: 257

Time: 21445 ns Started: 21435 ns Scope: /tb_top/u_mon File: /run/media/sackb/Windows-SSD/Users/sackb/OneDrive/Desktop/University/Course_Work/2025-2026/Spring_2026/ECE_410/ECE410/project/post_m3_Minor_Redesign/tb/tb_top.sv Line:256
Error: AXI MONITOR: core_C changed while core is idle
Time: 21445 ns  Iteration: 0  Process: /tb_top/u_mon//tb_top/u_mon  Scope: tb_top.u_mon  File: /run/media/sackb/Windows-SSD/Users/sackb/OneDrive/Desktop/University/Course_Work/2025-2026/Spring_2026/ECE_410/ECE410/project/post_m3_Minor_Redesign/tb/tb_top.sv Line: 257

Time: 21455 ns Started: 21445 ns Scope: /tb_top/u_mon File: /run/media/sackb/Windows-SSD/Users/sackb/OneDrive/Desktop/University/Course_Work/2025-2026/Spring_2026/ECE_410/ECE410/project/post_m3_Minor_Redesign/tb/tb_top.sv Line:256
Error: AXI MONITOR: core_C changed while core is idle
Time: 21455 ns  Iteration: 0  Process: /tb_top/u_mon//tb_top/u_mon  Scope: tb_top.u_mon  File: /run/media/sackb/Windows-SSD/Users/sackb/OneDrive/Desktop/University/Course_Work/2025-2026/Spring_2026/ECE_410/ECE410/project/post_m3_Minor_Redesign/tb/tb_top.sv Line: 257

Time: 21465 ns Started: 21455 ns Scope: /tb_top/u_mon File: /run/media/sackb/Windows-SSD/Users/sackb/OneDrive/Desktop/University/Course_Work/2025-2026/Spring_2026/ECE_410/ECE410/project/post_m3_Minor_Redesign/tb/tb_top.sv Line:256
Error: AXI MONITOR: core_C changed while core is idle
Time: 21465 ns  Iteration: 0  Process: /tb_top/u_mon//tb_top/u_mon  Scope: tb_top.u_mon  File: /run/media/sackb/Windows-SSD/Users/sackb/OneDrive/Desktop/University/Course_Work/2025-2026/Spring_2026/ECE_410/ECE410/project/post_m3_Minor_Redesign/tb/tb_top.sv Line: 257

Time: 21475 ns Started: 21465 ns Scope: /tb_top/u_mon File: /run/media/sackb/Windows-SSD/Users/sackb/OneDrive/Desktop/University/Course_Work/2025-2026/Spring_2026/ECE_410/ECE410/project/post_m3_Minor_Redesign/tb/tb_top.sv Line:256
Error: AXI MONITOR: core_C changed while core is idle
Time: 21475 ns  Iteration: 0  Process: /tb_top/u_mon//tb_top/u_mon  Scope: tb_top.u_mon  File: /run/media/sackb/Windows-SSD/Users/sackb/OneDrive/Desktop/University/Course_Work/2025-2026/Spring_2026/ECE_410/ECE410/project/post_m3_Minor_Redesign/tb/tb_top.sv Line: 257

Time: 21485 ns Started: 21475 ns Scope: /tb_top/u_mon File: /run/media/sackb/Windows-SSD/Users/sackb/OneDrive/Desktop/University/Course_Work/2025-2026/Spring_2026/ECE_410/ECE410/project/post_m3_Minor_Redesign/tb/tb_top.sv Line:256
Error: AXI MONITOR: core_C changed while core is idle
Time: 21485 ns  Iteration: 0  Process: /tb_top/u_mon//tb_top/u_mon  Scope: tb_top.u_mon  File: /run/media/sackb/Windows-SSD/Users/sackb/OneDrive/Desktop/University/Course_Work/2025-2026/Spring_2026/ECE_410/ECE410/project/post_m3_Minor_Redesign/tb/tb_top.sv Line: 257

Time: 21495 ns Started: 21485 ns Scope: /tb_top/u_mon File: /run/media/sackb/Windows-SSD/Users/sackb/OneDrive/Desktop/University/Course_Work/2025-2026/Spring_2026/ECE_410/ECE410/project/post_m3_Minor_Redesign/tb/tb_top.sv Line:256
Error: AXI MONITOR: core_C changed while core is idle
Time: 21495 ns  Iteration: 0  Process: /tb_top/u_mon//tb_top/u_mon  Scope: tb_top.u_mon  File: /run/media/sackb/Windows-SSD/Users/sackb/OneDrive/Desktop/University/Course_Work/2025-2026/Spring_2026/ECE_410/ECE410/project/post_m3_Minor_Redesign/tb/tb_top.sv Line: 257

Time: 21505 ns Started: 21495 ns Scope: /tb_top/u_mon File: /run/media/sackb/Windows-SSD/Users/sackb/OneDrive/Desktop/University/Course_Work/2025-2026/Spring_2026/ECE_410/ECE410/project/post_m3_Minor_Redesign/tb/tb_top.sv Line:256
Error: AXI MONITOR: core_C changed while core is idle
Time: 21505 ns  Iteration: 0  Process: /tb_top/u_mon//tb_top/u_mon  Scope: tb_top.u_mon  File: /run/media/sackb/Windows-SSD/Users/sackb/OneDrive/Desktop/University/Course_Work/2025-2026/Spring_2026/ECE_410/ECE410/project/post_m3_Minor_Redesign/tb/tb_top.sv Line: 257

Time: 21515 ns Started: 21505 ns Scope: /tb_top/u_mon File: /run/media/sackb/Windows-SSD/Users/sackb/OneDrive/Desktop/University/Course_Work/2025-2026/Spring_2026/ECE_410/ECE410/project/post_m3_Minor_Redesign/tb/tb_top.sv Line:256
Error: AXI MONITOR: core_C changed while core is idle
Time: 21515 ns  Iteration: 0  Process: /tb_top/u_mon//tb_top/u_mon  Scope: tb_top.u_mon  File: /run/media/sackb/Windows-SSD/Users/sackb/OneDrive/Desktop/University/Course_Work/2025-2026/Spring_2026/ECE_410/ECE410/project/post_m3_Minor_Redesign/tb/tb_top.sv Line: 257

Time: 21525 ns Started: 21515 ns Scope: /tb_top/u_mon File: /run/media/sackb/Windows-SSD/Users/sackb/OneDrive/Desktop/University/Course_Work/2025-2026/Spring_2026/ECE_410/ECE410/project/post_m3_Minor_Redesign/tb/tb_top.sv Line:256
Error: AXI MONITOR: core_C changed while core is idle
Time: 21525 ns  Iteration: 0  Process: /tb_top/u_mon//tb_top/u_mon  Scope: tb_top.u_mon  File: /run/media/sackb/Windows-SSD/Users/sackb/OneDrive/Desktop/University/Course_Work/2025-2026/Spring_2026/ECE_410/ECE410/project/post_m3_Minor_Redesign/tb/tb_top.sv Line: 257

Time: 21535 ns Started: 21525 ns Scope: /tb_top/u_mon File: /run/media/sackb/Windows-SSD/Users/sackb/OneDrive/Desktop/University/Course_Work/2025-2026/Spring_2026/ECE_410/ECE410/project/post_m3_Minor_Redesign/tb/tb_top.sv Line:256
Error: AXI MONITOR: core_C changed while core is idle
Time: 21535 ns  Iteration: 0  Process: /tb_top/u_mon//tb_top/u_mon  Scope: tb_top.u_mon  File: /run/media/sackb/Windows-SSD/Users/sackb/OneDrive/Desktop/University/Course_Work/2025-2026/Spring_2026/ECE_410/ECE410/project/post_m3_Minor_Redesign/tb/tb_top.sv Line: 257

Time: 21545 ns Started: 21535 ns Scope: /tb_top/u_mon File: /run/media/sackb/Windows-SSD/Users/sackb/OneDrive/Desktop/University/Course_Work/2025-2026/Spring_2026/ECE_410/ECE410/project/post_m3_Minor_Redesign/tb/tb_top.sv Line:256
Error: AXI MONITOR: core_C changed while core is idle
Time: 21545 ns  Iteration: 0  Process: /tb_top/u_mon//tb_top/u_mon  Scope: tb_top.u_mon  File: /run/media/sackb/Windows-SSD/Users/sackb/OneDrive/Desktop/University/Course_Work/2025-2026/Spring_2026/ECE_410/ECE410/project/post_m3_Minor_Redesign/tb/tb_top.sv Line: 257

Time: 21555 ns Started: 21545 ns Scope: /tb_top/u_mon File: /run/media/sackb/Windows-SSD/Users/sackb/OneDrive/Desktop/University/Course_Work/2025-2026/Spring_2026/ECE_410/ECE410/project/post_m3_Minor_Redesign/tb/tb_top.sv Line:256
Error: AXI MONITOR: core_C changed while core is idle
Time: 21555 ns  Iteration: 0  Process: /tb_top/u_mon//tb_top/u_mon  Scope: tb_top.u_mon  File: /run/media/sackb/Windows-SSD/Users/sackb/OneDrive/Desktop/University/Course_Work/2025-2026/Spring_2026/ECE_410/ECE410/project/post_m3_Minor_Redesign/tb/tb_top.sv Line: 257

Time: 21565 ns Started: 21555 ns Scope: /tb_top/u_mon File: /run/media/sackb/Windows-SSD/Users/sackb/OneDrive/Desktop/University/Course_Work/2025-2026/Spring_2026/ECE_410/ECE410/project/post_m3_Minor_Redesign/tb/tb_top.sv Line:256
Error: AXI MONITOR: core_C changed while core is idle
Time: 21565 ns  Iteration: 0  Process: /tb_top/u_mon//tb_top/u_mon  Scope: tb_top.u_mon  File: /run/media/sackb/Windows-SSD/Users/sackb/OneDrive/Desktop/University/Course_Work/2025-2026/Spring_2026/ECE_410/ECE410/project/post_m3_Minor_Redesign/tb/tb_top.sv Line: 257

Time: 21575 ns Started: 21565 ns Scope: /tb_top/u_mon File: /run/media/sackb/Windows-SSD/Users/sackb/OneDrive/Desktop/University/Course_Work/2025-2026/Spring_2026/ECE_410/ECE410/project/post_m3_Minor_Redesign/tb/tb_top.sv Line:256
Error: AXI MONITOR: core_C changed while core is idle
Time: 21575 ns  Iteration: 0  Process: /tb_top/u_mon//tb_top/u_mon  Scope: tb_top.u_mon  File: /run/media/sackb/Windows-SSD/Users/sackb/OneDrive/Desktop/University/Course_Work/2025-2026/Spring_2026/ECE_410/ECE410/project/post_m3_Minor_Redesign/tb/tb_top.sv Line: 257

Time: 21585 ns Started: 21575 ns Scope: /tb_top/u_mon File: /run/media/sackb/Windows-SSD/Users/sackb/OneDrive/Desktop/University/Course_Work/2025-2026/Spring_2026/ECE_410/ECE410/project/post_m3_Minor_Redesign/tb/tb_top.sv Line:256
Error: AXI MONITOR: core_C changed while core is idle
Time: 21585 ns  Iteration: 0  Process: /tb_top/u_mon//tb_top/u_mon  Scope: tb_top.u_mon  File: /run/media/sackb/Windows-SSD/Users/sackb/OneDrive/Desktop/University/Course_Work/2025-2026/Spring_2026/ECE_410/ECE410/project/post_m3_Minor_Redesign/tb/tb_top.sv Line: 257

Time: 21595 ns Started: 21585 ns Scope: /tb_top/u_mon File: /run/media/sackb/Windows-SSD/Users/sackb/OneDrive/Desktop/University/Course_Work/2025-2026/Spring_2026/ECE_410/ECE410/project/post_m3_Minor_Redesign/tb/tb_top.sv Line:256
Error: AXI MONITOR: core_C changed while core is idle
Time: 21595 ns  Iteration: 0  Process: /tb_top/u_mon//tb_top/u_mon  Scope: tb_top.u_mon  File: /run/media/sackb/Windows-SSD/Users/sackb/OneDrive/Desktop/University/Course_Work/2025-2026/Spring_2026/ECE_410/ECE410/project/post_m3_Minor_Redesign/tb/tb_top.sv Line: 257

Time: 21605 ns Started: 21595 ns Scope: /tb_top/u_mon File: /run/media/sackb/Windows-SSD/Users/sackb/OneDrive/Desktop/University/Course_Work/2025-2026/Spring_2026/ECE_410/ECE410/project/post_m3_Minor_Redesign/tb/tb_top.sv Line:256
Error: AXI MONITOR: core_C changed while core is idle
Time: 21605 ns  Iteration: 0  Process: /tb_top/u_mon//tb_top/u_mon  Scope: tb_top.u_mon  File: /run/media/sackb/Windows-SSD/Users/sackb/OneDrive/Desktop/University/Course_Work/2025-2026/Spring_2026/ECE_410/ECE410/project/post_m3_Minor_Redesign/tb/tb_top.sv Line: 257

Time: 21615 ns Started: 21605 ns Scope: /tb_top/u_mon File: /run/media/sackb/Windows-SSD/Users/sackb/OneDrive/Desktop/University/Course_Work/2025-2026/Spring_2026/ECE_410/ECE410/project/post_m3_Minor_Redesign/tb/tb_top.sv Line:256
Error: AXI MONITOR: core_C changed while core is idle
Time: 21615 ns  Iteration: 0  Process: /tb_top/u_mon//tb_top/u_mon  Scope: tb_top.u_mon  File: /run/media/sackb/Windows-SSD/Users/sackb/OneDrive/Desktop/University/Course_Work/2025-2026/Spring_2026/ECE_410/ECE410/project/post_m3_Minor_Redesign/tb/tb_top.sv Line: 257

Time: 21625 ns Started: 21615 ns Scope: /tb_top/u_mon File: /run/media/sackb/Windows-SSD/Users/sackb/OneDrive/Desktop/University/Course_Work/2025-2026/Spring_2026/ECE_410/ECE410/project/post_m3_Minor_Redesign/tb/tb_top.sv Line:256
Error: AXI MONITOR: core_C changed while core is idle
Time: 21625 ns  Iteration: 0  Process: /tb_top/u_mon//tb_top/u_mon  Scope: tb_top.u_mon  File: /run/media/sackb/Windows-SSD/Users/sackb/OneDrive/Desktop/University/Course_Work/2025-2026/Spring_2026/ECE_410/ECE410/project/post_m3_Minor_Redesign/tb/tb_top.sv Line: 257

Time: 21635 ns Started: 21625 ns Scope: /tb_top/u_mon File: /run/media/sackb/Windows-SSD/Users/sackb/OneDrive/Desktop/University/Course_Work/2025-2026/Spring_2026/ECE_410/ECE410/project/post_m3_Minor_Redesign/tb/tb_top.sv Line:256
Error: AXI MONITOR: core_C changed while core is idle
Time: 21635 ns  Iteration: 0  Process: /tb_top/u_mon//tb_top/u_mon  Scope: tb_top.u_mon  File: /run/media/sackb/Windows-SSD/Users/sackb/OneDrive/Desktop/University/Course_Work/2025-2026/Spring_2026/ECE_410/ECE410/project/post_m3_Minor_Redesign/tb/tb_top.sv Line: 257

Time: 21645 ns Started: 21635 ns Scope: /tb_top/u_mon File: /run/media/sackb/Windows-SSD/Users/sackb/OneDrive/Desktop/University/Course_Work/2025-2026/Spring_2026/ECE_410/ECE410/project/post_m3_Minor_Redesign/tb/tb_top.sv Line:256
Error: AXI MONITOR: core_C changed while core is idle
Time: 21645 ns  Iteration: 0  Process: /tb_top/u_mon//tb_top/u_mon  Scope: tb_top.u_mon  File: /run/media/sackb/Windows-SSD/Users/sackb/OneDrive/Desktop/University/Course_Work/2025-2026/Spring_2026/ECE_410/ECE410/project/post_m3_Minor_Redesign/tb/tb_top.sv Line: 257

Time: 21655 ns Started: 21645 ns Scope: /tb_top/u_mon File: /run/media/sackb/Windows-SSD/Users/sackb/OneDrive/Desktop/University/Course_Work/2025-2026/Spring_2026/ECE_410/ECE410/project/post_m3_Minor_Redesign/tb/tb_top.sv Line:256
Error: AXI MONITOR: core_C changed while core is idle
Time: 21655 ns  Iteration: 0  Process: /tb_top/u_mon//tb_top/u_mon  Scope: tb_top.u_mon  File: /run/media/sackb/Windows-SSD/Users/sackb/OneDrive/Desktop/University/Course_Work/2025-2026/Spring_2026/ECE_410/ECE410/project/post_m3_Minor_Redesign/tb/tb_top.sv Line: 257

Time: 21665 ns Started: 21655 ns Scope: /tb_top/u_mon File: /run/media/sackb/Windows-SSD/Users/sackb/OneDrive/Desktop/University/Course_Work/2025-2026/Spring_2026/ECE_410/ECE410/project/post_m3_Minor_Redesign/tb/tb_top.sv Line:256
Error: AXI MONITOR: core_C changed while core is idle
Time: 21665 ns  Iteration: 0  Process: /tb_top/u_mon//tb_top/u_mon  Scope: tb_top.u_mon  File: /run/media/sackb/Windows-SSD/Users/sackb/OneDrive/Desktop/University/Course_Work/2025-2026/Spring_2026/ECE_410/ECE410/project/post_m3_Minor_Redesign/tb/tb_top.sv Line: 257

Time: 21675 ns Started: 21665 ns Scope: /tb_top/u_mon File: /run/media/sackb/Windows-SSD/Users/sackb/OneDrive/Desktop/University/Course_Work/2025-2026/Spring_2026/ECE_410/ECE410/project/post_m3_Minor_Redesign/tb/tb_top.sv Line:256
Error: AXI MONITOR: core_C changed while core is idle
Time: 21675 ns  Iteration: 0  Process: /tb_top/u_mon//tb_top/u_mon  Scope: tb_top.u_mon  File: /run/media/sackb/Windows-SSD/Users/sackb/OneDrive/Desktop/University/Course_Work/2025-2026/Spring_2026/ECE_410/ECE410/project/post_m3_Minor_Redesign/tb/tb_top.sv Line: 257

Time: 21685 ns Started: 21675 ns Scope: /tb_top/u_mon File: /run/media/sackb/Windows-SSD/Users/sackb/OneDrive/Desktop/University/Course_Work/2025-2026/Spring_2026/ECE_410/ECE410/project/post_m3_Minor_Redesign/tb/tb_top.sv Line:256
Error: AXI MONITOR: core_C changed while core is idle
Time: 21685 ns  Iteration: 0  Process: /tb_top/u_mon//tb_top/u_mon  Scope: tb_top.u_mon  File: /run/media/sackb/Windows-SSD/Users/sackb/OneDrive/Desktop/University/Course_Work/2025-2026/Spring_2026/ECE_410/ECE410/project/post_m3_Minor_Redesign/tb/tb_top.sv Line: 257

Time: 21695 ns Started: 21685 ns Scope: /tb_top/u_mon File: /run/media/sackb/Windows-SSD/Users/sackb/OneDrive/Desktop/University/Course_Work/2025-2026/Spring_2026/ECE_410/ECE410/project/post_m3_Minor_Redesign/tb/tb_top.sv Line:256
Error: AXI MONITOR: core_C changed while core is idle
Time: 21695 ns  Iteration: 0  Process: /tb_top/u_mon//tb_top/u_mon  Scope: tb_top.u_mon  File: /run/media/sackb/Windows-SSD/Users/sackb/OneDrive/Desktop/University/Course_Work/2025-2026/Spring_2026/ECE_410/ECE410/project/post_m3_Minor_Redesign/tb/tb_top.sv Line: 257

Time: 21705 ns Started: 21695 ns Scope: /tb_top/u_mon File: /run/media/sackb/Windows-SSD/Users/sackb/OneDrive/Desktop/University/Course_Work/2025-2026/Spring_2026/ECE_410/ECE410/project/post_m3_Minor_Redesign/tb/tb_top.sv Line:256
Error: AXI MONITOR: core_C changed while core is idle
Time: 21705 ns  Iteration: 0  Process: /tb_top/u_mon//tb_top/u_mon  Scope: tb_top.u_mon  File: /run/media/sackb/Windows-SSD/Users/sackb/OneDrive/Desktop/University/Course_Work/2025-2026/Spring_2026/ECE_410/ECE410/project/post_m3_Minor_Redesign/tb/tb_top.sv Line: 257

Time: 21715 ns Started: 21705 ns Scope: /tb_top/u_mon File: /run/media/sackb/Windows-SSD/Users/sackb/OneDrive/Desktop/University/Course_Work/2025-2026/Spring_2026/ECE_410/ECE410/project/post_m3_Minor_Redesign/tb/tb_top.sv Line:256
Error: AXI MONITOR: core_C changed while core is idle
Time: 21715 ns  Iteration: 0  Process: /tb_top/u_mon//tb_top/u_mon  Scope: tb_top.u_mon  File: /run/media/sackb/Windows-SSD/Users/sackb/OneDrive/Desktop/University/Course_Work/2025-2026/Spring_2026/ECE_410/ECE410/project/post_m3_Minor_Redesign/tb/tb_top.sv Line: 257

Time: 21725 ns Started: 21715 ns Scope: /tb_top/u_mon File: /run/media/sackb/Windows-SSD/Users/sackb/OneDrive/Desktop/University/Course_Work/2025-2026/Spring_2026/ECE_410/ECE410/project/post_m3_Minor_Redesign/tb/tb_top.sv Line:256
Error: AXI MONITOR: core_C changed while core is idle
Time: 21725 ns  Iteration: 0  Process: /tb_top/u_mon//tb_top/u_mon  Scope: tb_top.u_mon  File: /run/media/sackb/Windows-SSD/Users/sackb/OneDrive/Desktop/University/Course_Work/2025-2026/Spring_2026/ECE_410/ECE410/project/post_m3_Minor_Redesign/tb/tb_top.sv Line: 257

Time: 21735 ns Started: 21725 ns Scope: /tb_top/u_mon File: /run/media/sackb/Windows-SSD/Users/sackb/OneDrive/Desktop/University/Course_Work/2025-2026/Spring_2026/ECE_410/ECE410/project/post_m3_Minor_Redesign/tb/tb_top.sv Line:256
Error: AXI MONITOR: core_C changed while core is idle
Time: 21735 ns  Iteration: 0  Process: /tb_top/u_mon//tb_top/u_mon  Scope: tb_top.u_mon  File: /run/media/sackb/Windows-SSD/Users/sackb/OneDrive/Desktop/University/Course_Work/2025-2026/Spring_2026/ECE_410/ECE410/project/post_m3_Minor_Redesign/tb/tb_top.sv Line: 257

Time: 21745 ns Started: 21735 ns Scope: /tb_top/u_mon File: /run/media/sackb/Windows-SSD/Users/sackb/OneDrive/Desktop/University/Course_Work/2025-2026/Spring_2026/ECE_410/ECE410/project/post_m3_Minor_Redesign/tb/tb_top.sv Line:256
Error: AXI MONITOR: core_C changed while core is idle
Time: 21745 ns  Iteration: 0  Process: /tb_top/u_mon//tb_top/u_mon  Scope: tb_top.u_mon  File: /run/media/sackb/Windows-SSD/Users/sackb/OneDrive/Desktop/University/Course_Work/2025-2026/Spring_2026/ECE_410/ECE410/project/post_m3_Minor_Redesign/tb/tb_top.sv Line: 257

Time: 21755 ns Started: 21745 ns Scope: /tb_top/u_mon File: /run/media/sackb/Windows-SSD/Users/sackb/OneDrive/Desktop/University/Course_Work/2025-2026/Spring_2026/ECE_410/ECE410/project/post_m3_Minor_Redesign/tb/tb_top.sv Line:256
Error: AXI MONITOR: core_C changed while core is idle
Time: 21755 ns  Iteration: 0  Process: /tb_top/u_mon//tb_top/u_mon  Scope: tb_top.u_mon  File: /run/media/sackb/Windows-SSD/Users/sackb/OneDrive/Desktop/University/Course_Work/2025-2026/Spring_2026/ECE_410/ECE410/project/post_m3_Minor_Redesign/tb/tb_top.sv Line: 257

Time: 21765 ns Started: 21755 ns Scope: /tb_top/u_mon File: /run/media/sackb/Windows-SSD/Users/sackb/OneDrive/Desktop/University/Course_Work/2025-2026/Spring_2026/ECE_410/ECE410/project/post_m3_Minor_Redesign/tb/tb_top.sv Line:256
Error: AXI MONITOR: core_C changed while core is idle
Time: 21765 ns  Iteration: 0  Process: /tb_top/u_mon//tb_top/u_mon  Scope: tb_top.u_mon  File: /run/media/sackb/Windows-SSD/Users/sackb/OneDrive/Desktop/University/Course_Work/2025-2026/Spring_2026/ECE_410/ECE410/project/post_m3_Minor_Redesign/tb/tb_top.sv Line: 257

Time: 21775 ns Started: 21765 ns Scope: /tb_top/u_mon File: /run/media/sackb/Windows-SSD/Users/sackb/OneDrive/Desktop/University/Course_Work/2025-2026/Spring_2026/ECE_410/ECE410/project/post_m3_Minor_Redesign/tb/tb_top.sv Line:256
Error: AXI MONITOR: core_C changed while core is idle
Time: 21775 ns  Iteration: 0  Process: /tb_top/u_mon//tb_top/u_mon  Scope: tb_top.u_mon  File: /run/media/sackb/Windows-SSD/Users/sackb/OneDrive/Desktop/University/Course_Work/2025-2026/Spring_2026/ECE_410/ECE410/project/post_m3_Minor_Redesign/tb/tb_top.sv Line: 257

Time: 21785 ns Started: 21775 ns Scope: /tb_top/u_mon File: /run/media/sackb/Windows-SSD/Users/sackb/OneDrive/Desktop/University/Course_Work/2025-2026/Spring_2026/ECE_410/ECE410/project/post_m3_Minor_Redesign/tb/tb_top.sv Line:256
Error: AXI MONITOR: core_C changed while core is idle
Time: 21785 ns  Iteration: 0  Process: /tb_top/u_mon//tb_top/u_mon  Scope: tb_top.u_mon  File: /run/media/sackb/Windows-SSD/Users/sackb/OneDrive/Desktop/University/Course_Work/2025-2026/Spring_2026/ECE_410/ECE410/project/post_m3_Minor_Redesign/tb/tb_top.sv Line: 257

Time: 21795 ns Started: 21785 ns Scope: /tb_top/u_mon File: /run/media/sackb/Windows-SSD/Users/sackb/OneDrive/Desktop/University/Course_Work/2025-2026/Spring_2026/ECE_410/ECE410/project/post_m3_Minor_Redesign/tb/tb_top.sv Line:256
Error: AXI MONITOR: core_C changed while core is idle
Time: 21795 ns  Iteration: 0  Process: /tb_top/u_mon//tb_top/u_mon  Scope: tb_top.u_mon  File: /run/media/sackb/Windows-SSD/Users/sackb/OneDrive/Desktop/University/Course_Work/2025-2026/Spring_2026/ECE_410/ECE410/project/post_m3_Minor_Redesign/tb/tb_top.sv Line: 257

Time: 21805 ns Started: 21795 ns Scope: /tb_top/u_mon File: /run/media/sackb/Windows-SSD/Users/sackb/OneDrive/Desktop/University/Course_Work/2025-2026/Spring_2026/ECE_410/ECE410/project/post_m3_Minor_Redesign/tb/tb_top.sv Line:256
Error: AXI MONITOR: core_C changed while core is idle
Time: 21805 ns  Iteration: 0  Process: /tb_top/u_mon//tb_top/u_mon  Scope: tb_top.u_mon  File: /run/media/sackb/Windows-SSD/Users/sackb/OneDrive/Desktop/University/Course_Work/2025-2026/Spring_2026/ECE_410/ECE410/project/post_m3_Minor_Redesign/tb/tb_top.sv Line: 257

Time: 21815 ns Started: 21805 ns Scope: /tb_top/u_mon File: /run/media/sackb/Windows-SSD/Users/sackb/OneDrive/Desktop/University/Course_Work/2025-2026/Spring_2026/ECE_410/ECE410/project/post_m3_Minor_Redesign/tb/tb_top.sv Line:256
Error: AXI MONITOR: core_C changed while core is idle
Time: 21815 ns  Iteration: 0  Process: /tb_top/u_mon//tb_top/u_mon  Scope: tb_top.u_mon  File: /run/media/sackb/Windows-SSD/Users/sackb/OneDrive/Desktop/University/Course_Work/2025-2026/Spring_2026/ECE_410/ECE410/project/post_m3_Minor_Redesign/tb/tb_top.sv Line: 257

Time: 21825 ns Started: 21815 ns Scope: /tb_top/u_mon File: /run/media/sackb/Windows-SSD/Users/sackb/OneDrive/Desktop/University/Course_Work/2025-2026/Spring_2026/ECE_410/ECE410/project/post_m3_Minor_Redesign/tb/tb_top.sv Line:256
Error: AXI MONITOR: core_C changed while core is idle
Time: 21825 ns  Iteration: 0  Process: /tb_top/u_mon//tb_top/u_mon  Scope: tb_top.u_mon  File: /run/media/sackb/Windows-SSD/Users/sackb/OneDrive/Desktop/University/Course_Work/2025-2026/Spring_2026/ECE_410/ECE410/project/post_m3_Minor_Redesign/tb/tb_top.sv Line: 257

Time: 21835 ns Started: 21825 ns Scope: /tb_top/u_mon File: /run/media/sackb/Windows-SSD/Users/sackb/OneDrive/Desktop/University/Course_Work/2025-2026/Spring_2026/ECE_410/ECE410/project/post_m3_Minor_Redesign/tb/tb_top.sv Line:256
Error: AXI MONITOR: core_C changed while core is idle
Time: 21835 ns  Iteration: 0  Process: /tb_top/u_mon//tb_top/u_mon  Scope: tb_top.u_mon  File: /run/media/sackb/Windows-SSD/Users/sackb/OneDrive/Desktop/University/Course_Work/2025-2026/Spring_2026/ECE_410/ECE410/project/post_m3_Minor_Redesign/tb/tb_top.sv Line: 257

Time: 21845 ns Started: 21835 ns Scope: /tb_top/u_mon File: /run/media/sackb/Windows-SSD/Users/sackb/OneDrive/Desktop/University/Course_Work/2025-2026/Spring_2026/ECE_410/ECE410/project/post_m3_Minor_Redesign/tb/tb_top.sv Line:256
Error: AXI MONITOR: core_C changed while core is idle
Time: 21845 ns  Iteration: 0  Process: /tb_top/u_mon//tb_top/u_mon  Scope: tb_top.u_mon  File: /run/media/sackb/Windows-SSD/Users/sackb/OneDrive/Desktop/University/Course_Work/2025-2026/Spring_2026/ECE_410/ECE410/project/post_m3_Minor_Redesign/tb/tb_top.sv Line: 257

Time: 21855 ns Started: 21845 ns Scope: /tb_top/u_mon File: /run/media/sackb/Windows-SSD/Users/sackb/OneDrive/Desktop/University/Course_Work/2025-2026/Spring_2026/ECE_410/ECE410/project/post_m3_Minor_Redesign/tb/tb_top.sv Line:256
Error: AXI MONITOR: core_C changed while core is idle
Time: 21855 ns  Iteration: 0  Process: /tb_top/u_mon//tb_top/u_mon  Scope: tb_top.u_mon  File: /run/media/sackb/Windows-SSD/Users/sackb/OneDrive/Desktop/University/Course_Work/2025-2026/Spring_2026/ECE_410/ECE410/project/post_m3_Minor_Redesign/tb/tb_top.sv Line: 257

Time: 21865 ns Started: 21855 ns Scope: /tb_top/u_mon File: /run/media/sackb/Windows-SSD/Users/sackb/OneDrive/Desktop/University/Course_Work/2025-2026/Spring_2026/ECE_410/ECE410/project/post_m3_Minor_Redesign/tb/tb_top.sv Line:256
Error: AXI MONITOR: core_C changed while core is idle
Time: 21865 ns  Iteration: 0  Process: /tb_top/u_mon//tb_top/u_mon  Scope: tb_top.u_mon  File: /run/media/sackb/Windows-SSD/Users/sackb/OneDrive/Desktop/University/Course_Work/2025-2026/Spring_2026/ECE_410/ECE410/project/post_m3_Minor_Redesign/tb/tb_top.sv Line: 257

Time: 21875 ns Started: 21865 ns Scope: /tb_top/u_mon File: /run/media/sackb/Windows-SSD/Users/sackb/OneDrive/Desktop/University/Course_Work/2025-2026/Spring_2026/ECE_410/ECE410/project/post_m3_Minor_Redesign/tb/tb_top.sv Line:256
Error: AXI MONITOR: core_C changed while core is idle
Time: 21875 ns  Iteration: 0  Process: /tb_top/u_mon//tb_top/u_mon  Scope: tb_top.u_mon  File: /run/media/sackb/Windows-SSD/Users/sackb/OneDrive/Desktop/University/Course_Work/2025-2026/Spring_2026/ECE_410/ECE410/project/post_m3_Minor_Redesign/tb/tb_top.sv Line: 257

Time: 21885 ns Started: 21875 ns Scope: /tb_top/u_mon File: /run/media/sackb/Windows-SSD/Users/sackb/OneDrive/Desktop/University/Course_Work/2025-2026/Spring_2026/ECE_410/ECE410/project/post_m3_Minor_Redesign/tb/tb_top.sv Line:256
Error: AXI MONITOR: core_C changed while core is idle
Time: 21885 ns  Iteration: 0  Process: /tb_top/u_mon//tb_top/u_mon  Scope: tb_top.u_mon  File: /run/media/sackb/Windows-SSD/Users/sackb/OneDrive/Desktop/University/Course_Work/2025-2026/Spring_2026/ECE_410/ECE410/project/post_m3_Minor_Redesign/tb/tb_top.sv Line: 257

Time: 21895 ns Started: 21885 ns Scope: /tb_top/u_mon File: /run/media/sackb/Windows-SSD/Users/sackb/OneDrive/Desktop/University/Course_Work/2025-2026/Spring_2026/ECE_410/ECE410/project/post_m3_Minor_Redesign/tb/tb_top.sv Line:256
Error: AXI MONITOR: core_C changed while core is idle
Time: 21895 ns  Iteration: 0  Process: /tb_top/u_mon//tb_top/u_mon  Scope: tb_top.u_mon  File: /run/media/sackb/Windows-SSD/Users/sackb/OneDrive/Desktop/University/Course_Work/2025-2026/Spring_2026/ECE_410/ECE410/project/post_m3_Minor_Redesign/tb/tb_top.sv Line: 257

Time: 21905 ns Started: 21895 ns Scope: /tb_top/u_mon File: /run/media/sackb/Windows-SSD/Users/sackb/OneDrive/Desktop/University/Course_Work/2025-2026/Spring_2026/ECE_410/ECE410/project/post_m3_Minor_Redesign/tb/tb_top.sv Line:256
Error: AXI MONITOR: core_C changed while core is idle
Time: 21905 ns  Iteration: 0  Process: /tb_top/u_mon//tb_top/u_mon  Scope: tb_top.u_mon  File: /run/media/sackb/Windows-SSD/Users/sackb/OneDrive/Desktop/University/Course_Work/2025-2026/Spring_2026/ECE_410/ECE410/project/post_m3_Minor_Redesign/tb/tb_top.sv Line: 257

Time: 21915 ns Started: 21905 ns Scope: /tb_top/u_mon File: /run/media/sackb/Windows-SSD/Users/sackb/OneDrive/Desktop/University/Course_Work/2025-2026/Spring_2026/ECE_410/ECE410/project/post_m3_Minor_Redesign/tb/tb_top.sv Line:256
Error: AXI MONITOR: core_C changed while core is idle
Time: 21915 ns  Iteration: 0  Process: /tb_top/u_mon//tb_top/u_mon  Scope: tb_top.u_mon  File: /run/media/sackb/Windows-SSD/Users/sackb/OneDrive/Desktop/University/Course_Work/2025-2026/Spring_2026/ECE_410/ECE410/project/post_m3_Minor_Redesign/tb/tb_top.sv Line: 257

Time: 21925 ns Started: 21915 ns Scope: /tb_top/u_mon File: /run/media/sackb/Windows-SSD/Users/sackb/OneDrive/Desktop/University/Course_Work/2025-2026/Spring_2026/ECE_410/ECE410/project/post_m3_Minor_Redesign/tb/tb_top.sv Line:256
Error: AXI MONITOR: core_C changed while core is idle
Time: 21925 ns  Iteration: 0  Process: /tb_top/u_mon//tb_top/u_mon  Scope: tb_top.u_mon  File: /run/media/sackb/Windows-SSD/Users/sackb/OneDrive/Desktop/University/Course_Work/2025-2026/Spring_2026/ECE_410/ECE410/project/post_m3_Minor_Redesign/tb/tb_top.sv Line: 257

Time: 21935 ns Started: 21925 ns Scope: /tb_top/u_mon File: /run/media/sackb/Windows-SSD/Users/sackb/OneDrive/Desktop/University/Course_Work/2025-2026/Spring_2026/ECE_410/ECE410/project/post_m3_Minor_Redesign/tb/tb_top.sv Line:256
Error: AXI MONITOR: core_C changed while core is idle
Time: 21935 ns  Iteration: 0  Process: /tb_top/u_mon//tb_top/u_mon  Scope: tb_top.u_mon  File: /run/media/sackb/Windows-SSD/Users/sackb/OneDrive/Desktop/University/Course_Work/2025-2026/Spring_2026/ECE_410/ECE410/project/post_m3_Minor_Redesign/tb/tb_top.sv Line: 257

Time: 21945 ns Started: 21935 ns Scope: /tb_top/u_mon File: /run/media/sackb/Windows-SSD/Users/sackb/OneDrive/Desktop/University/Course_Work/2025-2026/Spring_2026/ECE_410/ECE410/project/post_m3_Minor_Redesign/tb/tb_top.sv Line:256
Error: AXI MONITOR: core_C changed while core is idle
Time: 21945 ns  Iteration: 0  Process: /tb_top/u_mon//tb_top/u_mon  Scope: tb_top.u_mon  File: /run/media/sackb/Windows-SSD/Users/sackb/OneDrive/Desktop/University/Course_Work/2025-2026/Spring_2026/ECE_410/ECE410/project/post_m3_Minor_Redesign/tb/tb_top.sv Line: 257

Time: 21955 ns Started: 21945 ns Scope: /tb_top/u_mon File: /run/media/sackb/Windows-SSD/Users/sackb/OneDrive/Desktop/University/Course_Work/2025-2026/Spring_2026/ECE_410/ECE410/project/post_m3_Minor_Redesign/tb/tb_top.sv Line:256
Error: AXI MONITOR: core_C changed while core is idle
Time: 21955 ns  Iteration: 0  Process: /tb_top/u_mon//tb_top/u_mon  Scope: tb_top.u_mon  File: /run/media/sackb/Windows-SSD/Users/sackb/OneDrive/Desktop/University/Course_Work/2025-2026/Spring_2026/ECE_410/ECE410/project/post_m3_Minor_Redesign/tb/tb_top.sv Line: 257

Time: 21965 ns Started: 21955 ns Scope: /tb_top/u_mon File: /run/media/sackb/Windows-SSD/Users/sackb/OneDrive/Desktop/University/Course_Work/2025-2026/Spring_2026/ECE_410/ECE410/project/post_m3_Minor_Redesign/tb/tb_top.sv Line:256
Error: AXI MONITOR: core_C changed while core is idle
Time: 21965 ns  Iteration: 0  Process: /tb_top/u_mon//tb_top/u_mon  Scope: tb_top.u_mon  File: /run/media/sackb/Windows-SSD/Users/sackb/OneDrive/Desktop/University/Course_Work/2025-2026/Spring_2026/ECE_410/ECE410/project/post_m3_Minor_Redesign/tb/tb_top.sv Line: 257

Time: 21975 ns Started: 21965 ns Scope: /tb_top/u_mon File: /run/media/sackb/Windows-SSD/Users/sackb/OneDrive/Desktop/University/Course_Work/2025-2026/Spring_2026/ECE_410/ECE410/project/post_m3_Minor_Redesign/tb/tb_top.sv Line:256
Error: AXI MONITOR: core_C changed while core is idle
Time: 21975 ns  Iteration: 0  Process: /tb_top/u_mon//tb_top/u_mon  Scope: tb_top.u_mon  File: /run/media/sackb/Windows-SSD/Users/sackb/OneDrive/Desktop/University/Course_Work/2025-2026/Spring_2026/ECE_410/ECE410/project/post_m3_Minor_Redesign/tb/tb_top.sv Line: 257

Time: 21985 ns Started: 21975 ns Scope: /tb_top/u_mon File: /run/media/sackb/Windows-SSD/Users/sackb/OneDrive/Desktop/University/Course_Work/2025-2026/Spring_2026/ECE_410/ECE410/project/post_m3_Minor_Redesign/tb/tb_top.sv Line:256
Error: AXI MONITOR: core_C changed while core is idle
Time: 21985 ns  Iteration: 0  Process: /tb_top/u_mon//tb_top/u_mon  Scope: tb_top.u_mon  File: /run/media/sackb/Windows-SSD/Users/sackb/OneDrive/Desktop/University/Course_Work/2025-2026/Spring_2026/ECE_410/ECE410/project/post_m3_Minor_Redesign/tb/tb_top.sv Line: 257

Time: 21995 ns Started: 21985 ns Scope: /tb_top/u_mon File: /run/media/sackb/Windows-SSD/Users/sackb/OneDrive/Desktop/University/Course_Work/2025-2026/Spring_2026/ECE_410/ECE410/project/post_m3_Minor_Redesign/tb/tb_top.sv Line:256
Error: AXI MONITOR: core_C changed while core is idle
Time: 21995 ns  Iteration: 0  Process: /tb_top/u_mon//tb_top/u_mon  Scope: tb_top.u_mon  File: /run/media/sackb/Windows-SSD/Users/sackb/OneDrive/Desktop/University/Course_Work/2025-2026/Spring_2026/ECE_410/ECE410/project/post_m3_Minor_Redesign/tb/tb_top.sv Line: 257

Time: 22005 ns Started: 21995 ns Scope: /tb_top/u_mon File: /run/media/sackb/Windows-SSD/Users/sackb/OneDrive/Desktop/University/Course_Work/2025-2026/Spring_2026/ECE_410/ECE410/project/post_m3_Minor_Redesign/tb/tb_top.sv Line:256
Error: AXI MONITOR: core_C changed while core is idle
Time: 22005 ns  Iteration: 0  Process: /tb_top/u_mon//tb_top/u_mon  Scope: tb_top.u_mon  File: /run/media/sackb/Windows-SSD/Users/sackb/OneDrive/Desktop/University/Course_Work/2025-2026/Spring_2026/ECE_410/ECE410/project/post_m3_Minor_Redesign/tb/tb_top.sv Line: 257

Time: 22015 ns Started: 22005 ns Scope: /tb_top/u_mon File: /run/media/sackb/Windows-SSD/Users/sackb/OneDrive/Desktop/University/Course_Work/2025-2026/Spring_2026/ECE_410/ECE410/project/post_m3_Minor_Redesign/tb/tb_top.sv Line:256
Error: AXI MONITOR: core_C changed while core is idle
Time: 22015 ns  Iteration: 0  Process: /tb_top/u_mon//tb_top/u_mon  Scope: tb_top.u_mon  File: /run/media/sackb/Windows-SSD/Users/sackb/OneDrive/Desktop/University/Course_Work/2025-2026/Spring_2026/ECE_410/ECE410/project/post_m3_Minor_Redesign/tb/tb_top.sv Line: 257

Time: 22025 ns Started: 22015 ns Scope: /tb_top/u_mon File: /run/media/sackb/Windows-SSD/Users/sackb/OneDrive/Desktop/University/Course_Work/2025-2026/Spring_2026/ECE_410/ECE410/project/post_m3_Minor_Redesign/tb/tb_top.sv Line:256
Error: AXI MONITOR: core_C changed while core is idle
Time: 22025 ns  Iteration: 0  Process: /tb_top/u_mon//tb_top/u_mon  Scope: tb_top.u_mon  File: /run/media/sackb/Windows-SSD/Users/sackb/OneDrive/Desktop/University/Course_Work/2025-2026/Spring_2026/ECE_410/ECE410/project/post_m3_Minor_Redesign/tb/tb_top.sv Line: 257

Time: 22035 ns Started: 22025 ns Scope: /tb_top/u_mon File: /run/media/sackb/Windows-SSD/Users/sackb/OneDrive/Desktop/University/Course_Work/2025-2026/Spring_2026/ECE_410/ECE410/project/post_m3_Minor_Redesign/tb/tb_top.sv Line:256
Error: AXI MONITOR: core_C changed while core is idle
Time: 22035 ns  Iteration: 0  Process: /tb_top/u_mon//tb_top/u_mon  Scope: tb_top.u_mon  File: /run/media/sackb/Windows-SSD/Users/sackb/OneDrive/Desktop/University/Course_Work/2025-2026/Spring_2026/ECE_410/ECE410/project/post_m3_Minor_Redesign/tb/tb_top.sv Line: 257

Time: 22045 ns Started: 22035 ns Scope: /tb_top/u_mon File: /run/media/sackb/Windows-SSD/Users/sackb/OneDrive/Desktop/University/Course_Work/2025-2026/Spring_2026/ECE_410/ECE410/project/post_m3_Minor_Redesign/tb/tb_top.sv Line:256
Error: AXI MONITOR: core_C changed while core is idle
Time: 22045 ns  Iteration: 0  Process: /tb_top/u_mon//tb_top/u_mon  Scope: tb_top.u_mon  File: /run/media/sackb/Windows-SSD/Users/sackb/OneDrive/Desktop/University/Course_Work/2025-2026/Spring_2026/ECE_410/ECE410/project/post_m3_Minor_Redesign/tb/tb_top.sv Line: 257

Time: 22055 ns Started: 22045 ns Scope: /tb_top/u_mon File: /run/media/sackb/Windows-SSD/Users/sackb/OneDrive/Desktop/University/Course_Work/2025-2026/Spring_2026/ECE_410/ECE410/project/post_m3_Minor_Redesign/tb/tb_top.sv Line:256
Error: AXI MONITOR: core_C changed while core is idle
Time: 22055 ns  Iteration: 0  Process: /tb_top/u_mon//tb_top/u_mon  Scope: tb_top.u_mon  File: /run/media/sackb/Windows-SSD/Users/sackb/OneDrive/Desktop/University/Course_Work/2025-2026/Spring_2026/ECE_410/ECE410/project/post_m3_Minor_Redesign/tb/tb_top.sv Line: 257

Time: 22065 ns Started: 22055 ns Scope: /tb_top/u_mon File: /run/media/sackb/Windows-SSD/Users/sackb/OneDrive/Desktop/University/Course_Work/2025-2026/Spring_2026/ECE_410/ECE410/project/post_m3_Minor_Redesign/tb/tb_top.sv Line:256
Error: AXI MONITOR: core_C changed while core is idle
Time: 22065 ns  Iteration: 0  Process: /tb_top/u_mon//tb_top/u_mon  Scope: tb_top.u_mon  File: /run/media/sackb/Windows-SSD/Users/sackb/OneDrive/Desktop/University/Course_Work/2025-2026/Spring_2026/ECE_410/ECE410/project/post_m3_Minor_Redesign/tb/tb_top.sv Line: 257

Time: 22075 ns Started: 22065 ns Scope: /tb_top/u_mon File: /run/media/sackb/Windows-SSD/Users/sackb/OneDrive/Desktop/University/Course_Work/2025-2026/Spring_2026/ECE_410/ECE410/project/post_m3_Minor_Redesign/tb/tb_top.sv Line:256
Error: AXI MONITOR: core_C changed while core is idle
Time: 22075 ns  Iteration: 0  Process: /tb_top/u_mon//tb_top/u_mon  Scope: tb_top.u_mon  File: /run/media/sackb/Windows-SSD/Users/sackb/OneDrive/Desktop/University/Course_Work/2025-2026/Spring_2026/ECE_410/ECE410/project/post_m3_Minor_Redesign/tb/tb_top.sv Line: 257

Time: 22085 ns Started: 22075 ns Scope: /tb_top/u_mon File: /run/media/sackb/Windows-SSD/Users/sackb/OneDrive/Desktop/University/Course_Work/2025-2026/Spring_2026/ECE_410/ECE410/project/post_m3_Minor_Redesign/tb/tb_top.sv Line:256
Error: AXI MONITOR: core_C changed while core is idle
Time: 22085 ns  Iteration: 0  Process: /tb_top/u_mon//tb_top/u_mon  Scope: tb_top.u_mon  File: /run/media/sackb/Windows-SSD/Users/sackb/OneDrive/Desktop/University/Course_Work/2025-2026/Spring_2026/ECE_410/ECE410/project/post_m3_Minor_Redesign/tb/tb_top.sv Line: 257

Time: 22095 ns Started: 22085 ns Scope: /tb_top/u_mon File: /run/media/sackb/Windows-SSD/Users/sackb/OneDrive/Desktop/University/Course_Work/2025-2026/Spring_2026/ECE_410/ECE410/project/post_m3_Minor_Redesign/tb/tb_top.sv Line:256
Error: AXI MONITOR: core_C changed while core is idle
Time: 22095 ns  Iteration: 0  Process: /tb_top/u_mon//tb_top/u_mon  Scope: tb_top.u_mon  File: /run/media/sackb/Windows-SSD/Users/sackb/OneDrive/Desktop/University/Course_Work/2025-2026/Spring_2026/ECE_410/ECE410/project/post_m3_Minor_Redesign/tb/tb_top.sv Line: 257

Time: 22105 ns Started: 22095 ns Scope: /tb_top/u_mon File: /run/media/sackb/Windows-SSD/Users/sackb/OneDrive/Desktop/University/Course_Work/2025-2026/Spring_2026/ECE_410/ECE410/project/post_m3_Minor_Redesign/tb/tb_top.sv Line:256
Error: AXI MONITOR: core_C changed while core is idle
Time: 22105 ns  Iteration: 0  Process: /tb_top/u_mon//tb_top/u_mon  Scope: tb_top.u_mon  File: /run/media/sackb/Windows-SSD/Users/sackb/OneDrive/Desktop/University/Course_Work/2025-2026/Spring_2026/ECE_410/ECE410/project/post_m3_Minor_Redesign/tb/tb_top.sv Line: 257

Time: 22115 ns Started: 22105 ns Scope: /tb_top/u_mon File: /run/media/sackb/Windows-SSD/Users/sackb/OneDrive/Desktop/University/Course_Work/2025-2026/Spring_2026/ECE_410/ECE410/project/post_m3_Minor_Redesign/tb/tb_top.sv Line:256
Error: AXI MONITOR: core_C changed while core is idle
Time: 22115 ns  Iteration: 0  Process: /tb_top/u_mon//tb_top/u_mon  Scope: tb_top.u_mon  File: /run/media/sackb/Windows-SSD/Users/sackb/OneDrive/Desktop/University/Course_Work/2025-2026/Spring_2026/ECE_410/ECE410/project/post_m3_Minor_Redesign/tb/tb_top.sv Line: 257

Time: 22125 ns Started: 22115 ns Scope: /tb_top/u_mon File: /run/media/sackb/Windows-SSD/Users/sackb/OneDrive/Desktop/University/Course_Work/2025-2026/Spring_2026/ECE_410/ECE410/project/post_m3_Minor_Redesign/tb/tb_top.sv Line:256
Error: AXI MONITOR: core_C changed while core is idle
Time: 22125 ns  Iteration: 0  Process: /tb_top/u_mon//tb_top/u_mon  Scope: tb_top.u_mon  File: /run/media/sackb/Windows-SSD/Users/sackb/OneDrive/Desktop/University/Course_Work/2025-2026/Spring_2026/ECE_410/ECE410/project/post_m3_Minor_Redesign/tb/tb_top.sv Line: 257

Time: 22755 ns Started: 22745 ns Scope: /tb_top/u_mon File: /run/media/sackb/Windows-SSD/Users/sackb/OneDrive/Desktop/University/Course_Work/2025-2026/Spring_2026/ECE_410/ECE410/project/post_m3_Minor_Redesign/tb/tb_top.sv Line:256
Error: AXI MONITOR: core_C changed while core is idle
Time: 22755 ns  Iteration: 0  Process: /tb_top/u_mon//tb_top/u_mon  Scope: tb_top.u_mon  File: /run/media/sackb/Windows-SSD/Users/sackb/OneDrive/Desktop/University/Course_Work/2025-2026/Spring_2026/ECE_410/ECE410/project/post_m3_Minor_Redesign/tb/tb_top.sv Line: 257

Time: 22765 ns Started: 22755 ns Scope: /tb_top/u_mon File: /run/media/sackb/Windows-SSD/Users/sackb/OneDrive/Desktop/University/Course_Work/2025-2026/Spring_2026/ECE_410/ECE410/project/post_m3_Minor_Redesign/tb/tb_top.sv Line:256
Error: AXI MONITOR: core_C changed while core is idle
Time: 22765 ns  Iteration: 0  Process: /tb_top/u_mon//tb_top/u_mon  Scope: tb_top.u_mon  File: /run/media/sackb/Windows-SSD/Users/sackb/OneDrive/Desktop/University/Course_Work/2025-2026/Spring_2026/ECE_410/ECE410/project/post_m3_Minor_Redesign/tb/tb_top.sv Line: 257

Time: 22775 ns Started: 22765 ns Scope: /tb_top/u_mon File: /run/media/sackb/Windows-SSD/Users/sackb/OneDrive/Desktop/University/Course_Work/2025-2026/Spring_2026/ECE_410/ECE410/project/post_m3_Minor_Redesign/tb/tb_top.sv Line:256
Error: AXI MONITOR: core_C changed while core is idle
Time: 22775 ns  Iteration: 0  Process: /tb_top/u_mon//tb_top/u_mon  Scope: tb_top.u_mon  File: /run/media/sackb/Windows-SSD/Users/sackb/OneDrive/Desktop/University/Course_Work/2025-2026/Spring_2026/ECE_410/ECE410/project/post_m3_Minor_Redesign/tb/tb_top.sv Line: 257

Time: 22785 ns Started: 22775 ns Scope: /tb_top/u_mon File: /run/media/sackb/Windows-SSD/Users/sackb/OneDrive/Desktop/University/Course_Work/2025-2026/Spring_2026/ECE_410/ECE410/project/post_m3_Minor_Redesign/tb/tb_top.sv Line:256
Error: AXI MONITOR: core_C changed while core is idle
Time: 22785 ns  Iteration: 0  Process: /tb_top/u_mon//tb_top/u_mon  Scope: tb_top.u_mon  File: /run/media/sackb/Windows-SSD/Users/sackb/OneDrive/Desktop/University/Course_Work/2025-2026/Spring_2026/ECE_410/ECE410/project/post_m3_Minor_Redesign/tb/tb_top.sv Line: 257

Time: 22795 ns Started: 22785 ns Scope: /tb_top/u_mon File: /run/media/sackb/Windows-SSD/Users/sackb/OneDrive/Desktop/University/Course_Work/2025-2026/Spring_2026/ECE_410/ECE410/project/post_m3_Minor_Redesign/tb/tb_top.sv Line:256
Error: AXI MONITOR: core_C changed while core is idle
Time: 22795 ns  Iteration: 0  Process: /tb_top/u_mon//tb_top/u_mon  Scope: tb_top.u_mon  File: /run/media/sackb/Windows-SSD/Users/sackb/OneDrive/Desktop/University/Course_Work/2025-2026/Spring_2026/ECE_410/ECE410/project/post_m3_Minor_Redesign/tb/tb_top.sv Line: 257

Time: 22805 ns Started: 22795 ns Scope: /tb_top/u_mon File: /run/media/sackb/Windows-SSD/Users/sackb/OneDrive/Desktop/University/Course_Work/2025-2026/Spring_2026/ECE_410/ECE410/project/post_m3_Minor_Redesign/tb/tb_top.sv Line:256
Error: AXI MONITOR: core_C changed while core is idle
Time: 22805 ns  Iteration: 0  Process: /tb_top/u_mon//tb_top/u_mon  Scope: tb_top.u_mon  File: /run/media/sackb/Windows-SSD/Users/sackb/OneDrive/Desktop/University/Course_Work/2025-2026/Spring_2026/ECE_410/ECE410/project/post_m3_Minor_Redesign/tb/tb_top.sv Line: 257

Time: 22815 ns Started: 22805 ns Scope: /tb_top/u_mon File: /run/media/sackb/Windows-SSD/Users/sackb/OneDrive/Desktop/University/Course_Work/2025-2026/Spring_2026/ECE_410/ECE410/project/post_m3_Minor_Redesign/tb/tb_top.sv Line:256
Error: AXI MONITOR: core_C changed while core is idle
Time: 22815 ns  Iteration: 0  Process: /tb_top/u_mon//tb_top/u_mon  Scope: tb_top.u_mon  File: /run/media/sackb/Windows-SSD/Users/sackb/OneDrive/Desktop/University/Course_Work/2025-2026/Spring_2026/ECE_410/ECE410/project/post_m3_Minor_Redesign/tb/tb_top.sv Line: 257

Time: 22825 ns Started: 22815 ns Scope: /tb_top/u_mon File: /run/media/sackb/Windows-SSD/Users/sackb/OneDrive/Desktop/University/Course_Work/2025-2026/Spring_2026/ECE_410/ECE410/project/post_m3_Minor_Redesign/tb/tb_top.sv Line:256
Error: AXI MONITOR: core_C changed while core is idle
Time: 22825 ns  Iteration: 0  Process: /tb_top/u_mon//tb_top/u_mon  Scope: tb_top.u_mon  File: /run/media/sackb/Windows-SSD/Users/sackb/OneDrive/Desktop/University/Course_Work/2025-2026/Spring_2026/ECE_410/ECE410/project/post_m3_Minor_Redesign/tb/tb_top.sv Line: 257

Time: 22835 ns Started: 22825 ns Scope: /tb_top/u_mon File: /run/media/sackb/Windows-SSD/Users/sackb/OneDrive/Desktop/University/Course_Work/2025-2026/Spring_2026/ECE_410/ECE410/project/post_m3_Minor_Redesign/tb/tb_top.sv Line:256
Error: AXI MONITOR: core_C changed while core is idle
Time: 22835 ns  Iteration: 0  Process: /tb_top/u_mon//tb_top/u_mon  Scope: tb_top.u_mon  File: /run/media/sackb/Windows-SSD/Users/sackb/OneDrive/Desktop/University/Course_Work/2025-2026/Spring_2026/ECE_410/ECE410/project/post_m3_Minor_Redesign/tb/tb_top.sv Line: 257

Time: 22845 ns Started: 22835 ns Scope: /tb_top/u_mon File: /run/media/sackb/Windows-SSD/Users/sackb/OneDrive/Desktop/University/Course_Work/2025-2026/Spring_2026/ECE_410/ECE410/project/post_m3_Minor_Redesign/tb/tb_top.sv Line:256
Error: AXI MONITOR: core_C changed while core is idle
Time: 22845 ns  Iteration: 0  Process: /tb_top/u_mon//tb_top/u_mon  Scope: tb_top.u_mon  File: /run/media/sackb/Windows-SSD/Users/sackb/OneDrive/Desktop/University/Course_Work/2025-2026/Spring_2026/ECE_410/ECE410/project/post_m3_Minor_Redesign/tb/tb_top.sv Line: 257

Time: 22855 ns Started: 22845 ns Scope: /tb_top/u_mon File: /run/media/sackb/Windows-SSD/Users/sackb/OneDrive/Desktop/University/Course_Work/2025-2026/Spring_2026/ECE_410/ECE410/project/post_m3_Minor_Redesign/tb/tb_top.sv Line:256
Error: AXI MONITOR: core_C changed while core is idle
Time: 22855 ns  Iteration: 0  Process: /tb_top/u_mon//tb_top/u_mon  Scope: tb_top.u_mon  File: /run/media/sackb/Windows-SSD/Users/sackb/OneDrive/Desktop/University/Course_Work/2025-2026/Spring_2026/ECE_410/ECE410/project/post_m3_Minor_Redesign/tb/tb_top.sv Line: 257

Time: 22865 ns Started: 22855 ns Scope: /tb_top/u_mon File: /run/media/sackb/Windows-SSD/Users/sackb/OneDrive/Desktop/University/Course_Work/2025-2026/Spring_2026/ECE_410/ECE410/project/post_m3_Minor_Redesign/tb/tb_top.sv Line:256
Error: AXI MONITOR: core_C changed while core is idle
Time: 22865 ns  Iteration: 0  Process: /tb_top/u_mon//tb_top/u_mon  Scope: tb_top.u_mon  File: /run/media/sackb/Windows-SSD/Users/sackb/OneDrive/Desktop/University/Course_Work/2025-2026/Spring_2026/ECE_410/ECE410/project/post_m3_Minor_Redesign/tb/tb_top.sv Line: 257

Time: 22875 ns Started: 22865 ns Scope: /tb_top/u_mon File: /run/media/sackb/Windows-SSD/Users/sackb/OneDrive/Desktop/University/Course_Work/2025-2026/Spring_2026/ECE_410/ECE410/project/post_m3_Minor_Redesign/tb/tb_top.sv Line:256
Error: AXI MONITOR: core_C changed while core is idle
Time: 22875 ns  Iteration: 0  Process: /tb_top/u_mon//tb_top/u_mon  Scope: tb_top.u_mon  File: /run/media/sackb/Windows-SSD/Users/sackb/OneDrive/Desktop/University/Course_Work/2025-2026/Spring_2026/ECE_410/ECE410/project/post_m3_Minor_Redesign/tb/tb_top.sv Line: 257

Time: 22885 ns Started: 22875 ns Scope: /tb_top/u_mon File: /run/media/sackb/Windows-SSD/Users/sackb/OneDrive/Desktop/University/Course_Work/2025-2026/Spring_2026/ECE_410/ECE410/project/post_m3_Minor_Redesign/tb/tb_top.sv Line:256
Error: AXI MONITOR: core_C changed while core is idle
Time: 22885 ns  Iteration: 0  Process: /tb_top/u_mon//tb_top/u_mon  Scope: tb_top.u_mon  File: /run/media/sackb/Windows-SSD/Users/sackb/OneDrive/Desktop/University/Course_Work/2025-2026/Spring_2026/ECE_410/ECE410/project/post_m3_Minor_Redesign/tb/tb_top.sv Line: 257

Time: 22895 ns Started: 22885 ns Scope: /tb_top/u_mon File: /run/media/sackb/Windows-SSD/Users/sackb/OneDrive/Desktop/University/Course_Work/2025-2026/Spring_2026/ECE_410/ECE410/project/post_m3_Minor_Redesign/tb/tb_top.sv Line:256
Error: AXI MONITOR: core_C changed while core is idle
Time: 22895 ns  Iteration: 0  Process: /tb_top/u_mon//tb_top/u_mon  Scope: tb_top.u_mon  File: /run/media/sackb/Windows-SSD/Users/sackb/OneDrive/Desktop/University/Course_Work/2025-2026/Spring_2026/ECE_410/ECE410/project/post_m3_Minor_Redesign/tb/tb_top.sv Line: 257

Time: 22905 ns Started: 22895 ns Scope: /tb_top/u_mon File: /run/media/sackb/Windows-SSD/Users/sackb/OneDrive/Desktop/University/Course_Work/2025-2026/Spring_2026/ECE_410/ECE410/project/post_m3_Minor_Redesign/tb/tb_top.sv Line:256
Error: AXI MONITOR: core_C changed while core is idle
Time: 22905 ns  Iteration: 0  Process: /tb_top/u_mon//tb_top/u_mon  Scope: tb_top.u_mon  File: /run/media/sackb/Windows-SSD/Users/sackb/OneDrive/Desktop/University/Course_Work/2025-2026/Spring_2026/ECE_410/ECE410/project/post_m3_Minor_Redesign/tb/tb_top.sv Line: 257

Time: 22915 ns Started: 22905 ns Scope: /tb_top/u_mon File: /run/media/sackb/Windows-SSD/Users/sackb/OneDrive/Desktop/University/Course_Work/2025-2026/Spring_2026/ECE_410/ECE410/project/post_m3_Minor_Redesign/tb/tb_top.sv Line:256
Error: AXI MONITOR: core_C changed while core is idle
Time: 22915 ns  Iteration: 0  Process: /tb_top/u_mon//tb_top/u_mon  Scope: tb_top.u_mon  File: /run/media/sackb/Windows-SSD/Users/sackb/OneDrive/Desktop/University/Course_Work/2025-2026/Spring_2026/ECE_410/ECE410/project/post_m3_Minor_Redesign/tb/tb_top.sv Line: 257

Time: 22925 ns Started: 22915 ns Scope: /tb_top/u_mon File: /run/media/sackb/Windows-SSD/Users/sackb/OneDrive/Desktop/University/Course_Work/2025-2026/Spring_2026/ECE_410/ECE410/project/post_m3_Minor_Redesign/tb/tb_top.sv Line:256
Error: AXI MONITOR: core_C changed while core is idle
Time: 22925 ns  Iteration: 0  Process: /tb_top/u_mon//tb_top/u_mon  Scope: tb_top.u_mon  File: /run/media/sackb/Windows-SSD/Users/sackb/OneDrive/Desktop/University/Course_Work/2025-2026/Spring_2026/ECE_410/ECE410/project/post_m3_Minor_Redesign/tb/tb_top.sv Line: 257

Time: 22935 ns Started: 22925 ns Scope: /tb_top/u_mon File: /run/media/sackb/Windows-SSD/Users/sackb/OneDrive/Desktop/University/Course_Work/2025-2026/Spring_2026/ECE_410/ECE410/project/post_m3_Minor_Redesign/tb/tb_top.sv Line:256
Error: AXI MONITOR: core_C changed while core is idle
Time: 22935 ns  Iteration: 0  Process: /tb_top/u_mon//tb_top/u_mon  Scope: tb_top.u_mon  File: /run/media/sackb/Windows-SSD/Users/sackb/OneDrive/Desktop/University/Course_Work/2025-2026/Spring_2026/ECE_410/ECE410/project/post_m3_Minor_Redesign/tb/tb_top.sv Line: 257

Time: 22945 ns Started: 22935 ns Scope: /tb_top/u_mon File: /run/media/sackb/Windows-SSD/Users/sackb/OneDrive/Desktop/University/Course_Work/2025-2026/Spring_2026/ECE_410/ECE410/project/post_m3_Minor_Redesign/tb/tb_top.sv Line:256
Error: AXI MONITOR: core_C changed while core is idle
Time: 22945 ns  Iteration: 0  Process: /tb_top/u_mon//tb_top/u_mon  Scope: tb_top.u_mon  File: /run/media/sackb/Windows-SSD/Users/sackb/OneDrive/Desktop/University/Course_Work/2025-2026/Spring_2026/ECE_410/ECE410/project/post_m3_Minor_Redesign/tb/tb_top.sv Line: 257

Time: 22955 ns Started: 22945 ns Scope: /tb_top/u_mon File: /run/media/sackb/Windows-SSD/Users/sackb/OneDrive/Desktop/University/Course_Work/2025-2026/Spring_2026/ECE_410/ECE410/project/post_m3_Minor_Redesign/tb/tb_top.sv Line:256
Error: AXI MONITOR: core_C changed while core is idle
Time: 22955 ns  Iteration: 0  Process: /tb_top/u_mon//tb_top/u_mon  Scope: tb_top.u_mon  File: /run/media/sackb/Windows-SSD/Users/sackb/OneDrive/Desktop/University/Course_Work/2025-2026/Spring_2026/ECE_410/ECE410/project/post_m3_Minor_Redesign/tb/tb_top.sv Line: 257

Time: 22965 ns Started: 22955 ns Scope: /tb_top/u_mon File: /run/media/sackb/Windows-SSD/Users/sackb/OneDrive/Desktop/University/Course_Work/2025-2026/Spring_2026/ECE_410/ECE410/project/post_m3_Minor_Redesign/tb/tb_top.sv Line:256
Error: AXI MONITOR: core_C changed while core is idle
Time: 22965 ns  Iteration: 0  Process: /tb_top/u_mon//tb_top/u_mon  Scope: tb_top.u_mon  File: /run/media/sackb/Windows-SSD/Users/sackb/OneDrive/Desktop/University/Course_Work/2025-2026/Spring_2026/ECE_410/ECE410/project/post_m3_Minor_Redesign/tb/tb_top.sv Line: 257

Time: 22975 ns Started: 22965 ns Scope: /tb_top/u_mon File: /run/media/sackb/Windows-SSD/Users/sackb/OneDrive/Desktop/University/Course_Work/2025-2026/Spring_2026/ECE_410/ECE410/project/post_m3_Minor_Redesign/tb/tb_top.sv Line:256
Error: AXI MONITOR: core_C changed while core is idle
Time: 22975 ns  Iteration: 0  Process: /tb_top/u_mon//tb_top/u_mon  Scope: tb_top.u_mon  File: /run/media/sackb/Windows-SSD/Users/sackb/OneDrive/Desktop/University/Course_Work/2025-2026/Spring_2026/ECE_410/ECE410/project/post_m3_Minor_Redesign/tb/tb_top.sv Line: 257

Time: 22985 ns Started: 22975 ns Scope: /tb_top/u_mon File: /run/media/sackb/Windows-SSD/Users/sackb/OneDrive/Desktop/University/Course_Work/2025-2026/Spring_2026/ECE_410/ECE410/project/post_m3_Minor_Redesign/tb/tb_top.sv Line:256
Error: AXI MONITOR: core_C changed while core is idle
Time: 22985 ns  Iteration: 0  Process: /tb_top/u_mon//tb_top/u_mon  Scope: tb_top.u_mon  File: /run/media/sackb/Windows-SSD/Users/sackb/OneDrive/Desktop/University/Course_Work/2025-2026/Spring_2026/ECE_410/ECE410/project/post_m3_Minor_Redesign/tb/tb_top.sv Line: 257

Time: 22995 ns Started: 22985 ns Scope: /tb_top/u_mon File: /run/media/sackb/Windows-SSD/Users/sackb/OneDrive/Desktop/University/Course_Work/2025-2026/Spring_2026/ECE_410/ECE410/project/post_m3_Minor_Redesign/tb/tb_top.sv Line:256
Error: AXI MONITOR: core_C changed while core is idle
Time: 22995 ns  Iteration: 0  Process: /tb_top/u_mon//tb_top/u_mon  Scope: tb_top.u_mon  File: /run/media/sackb/Windows-SSD/Users/sackb/OneDrive/Desktop/University/Course_Work/2025-2026/Spring_2026/ECE_410/ECE410/project/post_m3_Minor_Redesign/tb/tb_top.sv Line: 257

Time: 23005 ns Started: 22995 ns Scope: /tb_top/u_mon File: /run/media/sackb/Windows-SSD/Users/sackb/OneDrive/Desktop/University/Course_Work/2025-2026/Spring_2026/ECE_410/ECE410/project/post_m3_Minor_Redesign/tb/tb_top.sv Line:256
Error: AXI MONITOR: core_C changed while core is idle
Time: 23005 ns  Iteration: 0  Process: /tb_top/u_mon//tb_top/u_mon  Scope: tb_top.u_mon  File: /run/media/sackb/Windows-SSD/Users/sackb/OneDrive/Desktop/University/Course_Work/2025-2026/Spring_2026/ECE_410/ECE410/project/post_m3_Minor_Redesign/tb/tb_top.sv Line: 257

Time: 23015 ns Started: 23005 ns Scope: /tb_top/u_mon File: /run/media/sackb/Windows-SSD/Users/sackb/OneDrive/Desktop/University/Course_Work/2025-2026/Spring_2026/ECE_410/ECE410/project/post_m3_Minor_Redesign/tb/tb_top.sv Line:256
Error: AXI MONITOR: core_C changed while core is idle
Time: 23015 ns  Iteration: 0  Process: /tb_top/u_mon//tb_top/u_mon  Scope: tb_top.u_mon  File: /run/media/sackb/Windows-SSD/Users/sackb/OneDrive/Desktop/University/Course_Work/2025-2026/Spring_2026/ECE_410/ECE410/project/post_m3_Minor_Redesign/tb/tb_top.sv Line: 257

Time: 23025 ns Started: 23015 ns Scope: /tb_top/u_mon File: /run/media/sackb/Windows-SSD/Users/sackb/OneDrive/Desktop/University/Course_Work/2025-2026/Spring_2026/ECE_410/ECE410/project/post_m3_Minor_Redesign/tb/tb_top.sv Line:256
Error: AXI MONITOR: core_C changed while core is idle
Time: 23025 ns  Iteration: 0  Process: /tb_top/u_mon//tb_top/u_mon  Scope: tb_top.u_mon  File: /run/media/sackb/Windows-SSD/Users/sackb/OneDrive/Desktop/University/Course_Work/2025-2026/Spring_2026/ECE_410/ECE410/project/post_m3_Minor_Redesign/tb/tb_top.sv Line: 257

Time: 23035 ns Started: 23025 ns Scope: /tb_top/u_mon File: /run/media/sackb/Windows-SSD/Users/sackb/OneDrive/Desktop/University/Course_Work/2025-2026/Spring_2026/ECE_410/ECE410/project/post_m3_Minor_Redesign/tb/tb_top.sv Line:256
Error: AXI MONITOR: core_C changed while core is idle
Time: 23035 ns  Iteration: 0  Process: /tb_top/u_mon//tb_top/u_mon  Scope: tb_top.u_mon  File: /run/media/sackb/Windows-SSD/Users/sackb/OneDrive/Desktop/University/Course_Work/2025-2026/Spring_2026/ECE_410/ECE410/project/post_m3_Minor_Redesign/tb/tb_top.sv Line: 257

Time: 23045 ns Started: 23035 ns Scope: /tb_top/u_mon File: /run/media/sackb/Windows-SSD/Users/sackb/OneDrive/Desktop/University/Course_Work/2025-2026/Spring_2026/ECE_410/ECE410/project/post_m3_Minor_Redesign/tb/tb_top.sv Line:256
Error: AXI MONITOR: core_C changed while core is idle
Time: 23045 ns  Iteration: 0  Process: /tb_top/u_mon//tb_top/u_mon  Scope: tb_top.u_mon  File: /run/media/sackb/Windows-SSD/Users/sackb/OneDrive/Desktop/University/Course_Work/2025-2026/Spring_2026/ECE_410/ECE410/project/post_m3_Minor_Redesign/tb/tb_top.sv Line: 257

Time: 23055 ns Started: 23045 ns Scope: /tb_top/u_mon File: /run/media/sackb/Windows-SSD/Users/sackb/OneDrive/Desktop/University/Course_Work/2025-2026/Spring_2026/ECE_410/ECE410/project/post_m3_Minor_Redesign/tb/tb_top.sv Line:256
Error: AXI MONITOR: core_C changed while core is idle
Time: 23055 ns  Iteration: 0  Process: /tb_top/u_mon//tb_top/u_mon  Scope: tb_top.u_mon  File: /run/media/sackb/Windows-SSD/Users/sackb/OneDrive/Desktop/University/Course_Work/2025-2026/Spring_2026/ECE_410/ECE410/project/post_m3_Minor_Redesign/tb/tb_top.sv Line: 257

Time: 23065 ns Started: 23055 ns Scope: /tb_top/u_mon File: /run/media/sackb/Windows-SSD/Users/sackb/OneDrive/Desktop/University/Course_Work/2025-2026/Spring_2026/ECE_410/ECE410/project/post_m3_Minor_Redesign/tb/tb_top.sv Line:256
Error: AXI MONITOR: core_C changed while core is idle
Time: 23065 ns  Iteration: 0  Process: /tb_top/u_mon//tb_top/u_mon  Scope: tb_top.u_mon  File: /run/media/sackb/Windows-SSD/Users/sackb/OneDrive/Desktop/University/Course_Work/2025-2026/Spring_2026/ECE_410/ECE410/project/post_m3_Minor_Redesign/tb/tb_top.sv Line: 257

Time: 23075 ns Started: 23065 ns Scope: /tb_top/u_mon File: /run/media/sackb/Windows-SSD/Users/sackb/OneDrive/Desktop/University/Course_Work/2025-2026/Spring_2026/ECE_410/ECE410/project/post_m3_Minor_Redesign/tb/tb_top.sv Line:256
Error: AXI MONITOR: core_C changed while core is idle
Time: 23075 ns  Iteration: 0  Process: /tb_top/u_mon//tb_top/u_mon  Scope: tb_top.u_mon  File: /run/media/sackb/Windows-SSD/Users/sackb/OneDrive/Desktop/University/Course_Work/2025-2026/Spring_2026/ECE_410/ECE410/project/post_m3_Minor_Redesign/tb/tb_top.sv Line: 257

Time: 23085 ns Started: 23075 ns Scope: /tb_top/u_mon File: /run/media/sackb/Windows-SSD/Users/sackb/OneDrive/Desktop/University/Course_Work/2025-2026/Spring_2026/ECE_410/ECE410/project/post_m3_Minor_Redesign/tb/tb_top.sv Line:256
Error: AXI MONITOR: core_C changed while core is idle
Time: 23085 ns  Iteration: 0  Process: /tb_top/u_mon//tb_top/u_mon  Scope: tb_top.u_mon  File: /run/media/sackb/Windows-SSD/Users/sackb/OneDrive/Desktop/University/Course_Work/2025-2026/Spring_2026/ECE_410/ECE410/project/post_m3_Minor_Redesign/tb/tb_top.sv Line: 257

Time: 23095 ns Started: 23085 ns Scope: /tb_top/u_mon File: /run/media/sackb/Windows-SSD/Users/sackb/OneDrive/Desktop/University/Course_Work/2025-2026/Spring_2026/ECE_410/ECE410/project/post_m3_Minor_Redesign/tb/tb_top.sv Line:256
Error: AXI MONITOR: core_C changed while core is idle
Time: 23095 ns  Iteration: 0  Process: /tb_top/u_mon//tb_top/u_mon  Scope: tb_top.u_mon  File: /run/media/sackb/Windows-SSD/Users/sackb/OneDrive/Desktop/University/Course_Work/2025-2026/Spring_2026/ECE_410/ECE410/project/post_m3_Minor_Redesign/tb/tb_top.sv Line: 257

Time: 23105 ns Started: 23095 ns Scope: /tb_top/u_mon File: /run/media/sackb/Windows-SSD/Users/sackb/OneDrive/Desktop/University/Course_Work/2025-2026/Spring_2026/ECE_410/ECE410/project/post_m3_Minor_Redesign/tb/tb_top.sv Line:256
Error: AXI MONITOR: core_C changed while core is idle
Time: 23105 ns  Iteration: 0  Process: /tb_top/u_mon//tb_top/u_mon  Scope: tb_top.u_mon  File: /run/media/sackb/Windows-SSD/Users/sackb/OneDrive/Desktop/University/Course_Work/2025-2026/Spring_2026/ECE_410/ECE410/project/post_m3_Minor_Redesign/tb/tb_top.sv Line: 257

Time: 23115 ns Started: 23105 ns Scope: /tb_top/u_mon File: /run/media/sackb/Windows-SSD/Users/sackb/OneDrive/Desktop/University/Course_Work/2025-2026/Spring_2026/ECE_410/ECE410/project/post_m3_Minor_Redesign/tb/tb_top.sv Line:256
Error: AXI MONITOR: core_C changed while core is idle
Time: 23115 ns  Iteration: 0  Process: /tb_top/u_mon//tb_top/u_mon  Scope: tb_top.u_mon  File: /run/media/sackb/Windows-SSD/Users/sackb/OneDrive/Desktop/University/Course_Work/2025-2026/Spring_2026/ECE_410/ECE410/project/post_m3_Minor_Redesign/tb/tb_top.sv Line: 257
TB_TOP: Iteration 12 complete
TB_TOP: Starting iteration 13

Time: 23125 ns Started: 23115 ns Scope: /tb_top/u_mon File: /run/media/sackb/Windows-SSD/Users/sackb/OneDrive/Desktop/University/Course_Work/2025-2026/Spring_2026/ECE_410/ECE410/project/post_m3_Minor_Redesign/tb/tb_top.sv Line:256
Error: AXI MONITOR: core_C changed while core is idle
Time: 23125 ns  Iteration: 0  Process: /tb_top/u_mon//tb_top/u_mon  Scope: tb_top.u_mon  File: /run/media/sackb/Windows-SSD/Users/sackb/OneDrive/Desktop/University/Course_Work/2025-2026/Spring_2026/ECE_410/ECE410/project/post_m3_Minor_Redesign/tb/tb_top.sv Line: 257

Time: 23135 ns Started: 23125 ns Scope: /tb_top/u_mon File: /run/media/sackb/Windows-SSD/Users/sackb/OneDrive/Desktop/University/Course_Work/2025-2026/Spring_2026/ECE_410/ECE410/project/post_m3_Minor_Redesign/tb/tb_top.sv Line:256
Error: AXI MONITOR: core_C changed while core is idle
Time: 23135 ns  Iteration: 0  Process: /tb_top/u_mon//tb_top/u_mon  Scope: tb_top.u_mon  File: /run/media/sackb/Windows-SSD/Users/sackb/OneDrive/Desktop/University/Course_Work/2025-2026/Spring_2026/ECE_410/ECE410/project/post_m3_Minor_Redesign/tb/tb_top.sv Line: 257

Time: 23145 ns Started: 23135 ns Scope: /tb_top/u_mon File: /run/media/sackb/Windows-SSD/Users/sackb/OneDrive/Desktop/University/Course_Work/2025-2026/Spring_2026/ECE_410/ECE410/project/post_m3_Minor_Redesign/tb/tb_top.sv Line:256
Error: AXI MONITOR: core_C changed while core is idle
Time: 23145 ns  Iteration: 0  Process: /tb_top/u_mon//tb_top/u_mon  Scope: tb_top.u_mon  File: /run/media/sackb/Windows-SSD/Users/sackb/OneDrive/Desktop/University/Course_Work/2025-2026/Spring_2026/ECE_410/ECE410/project/post_m3_Minor_Redesign/tb/tb_top.sv Line: 257

Time: 23155 ns Started: 23145 ns Scope: /tb_top/u_mon File: /run/media/sackb/Windows-SSD/Users/sackb/OneDrive/Desktop/University/Course_Work/2025-2026/Spring_2026/ECE_410/ECE410/project/post_m3_Minor_Redesign/tb/tb_top.sv Line:256
Error: AXI MONITOR: core_C changed while core is idle
Time: 23155 ns  Iteration: 0  Process: /tb_top/u_mon//tb_top/u_mon  Scope: tb_top.u_mon  File: /run/media/sackb/Windows-SSD/Users/sackb/OneDrive/Desktop/University/Course_Work/2025-2026/Spring_2026/ECE_410/ECE410/project/post_m3_Minor_Redesign/tb/tb_top.sv Line: 257

Time: 23165 ns Started: 23155 ns Scope: /tb_top/u_mon File: /run/media/sackb/Windows-SSD/Users/sackb/OneDrive/Desktop/University/Course_Work/2025-2026/Spring_2026/ECE_410/ECE410/project/post_m3_Minor_Redesign/tb/tb_top.sv Line:256
Error: AXI MONITOR: core_C changed while core is idle
Time: 23165 ns  Iteration: 0  Process: /tb_top/u_mon//tb_top/u_mon  Scope: tb_top.u_mon  File: /run/media/sackb/Windows-SSD/Users/sackb/OneDrive/Desktop/University/Course_Work/2025-2026/Spring_2026/ECE_410/ECE410/project/post_m3_Minor_Redesign/tb/tb_top.sv Line: 257

Time: 23175 ns Started: 23165 ns Scope: /tb_top/u_mon File: /run/media/sackb/Windows-SSD/Users/sackb/OneDrive/Desktop/University/Course_Work/2025-2026/Spring_2026/ECE_410/ECE410/project/post_m3_Minor_Redesign/tb/tb_top.sv Line:256
Error: AXI MONITOR: core_C changed while core is idle
Time: 23175 ns  Iteration: 0  Process: /tb_top/u_mon//tb_top/u_mon  Scope: tb_top.u_mon  File: /run/media/sackb/Windows-SSD/Users/sackb/OneDrive/Desktop/University/Course_Work/2025-2026/Spring_2026/ECE_410/ECE410/project/post_m3_Minor_Redesign/tb/tb_top.sv Line: 257

Time: 23185 ns Started: 23175 ns Scope: /tb_top/u_mon File: /run/media/sackb/Windows-SSD/Users/sackb/OneDrive/Desktop/University/Course_Work/2025-2026/Spring_2026/ECE_410/ECE410/project/post_m3_Minor_Redesign/tb/tb_top.sv Line:256
Error: AXI MONITOR: core_C changed while core is idle
Time: 23185 ns  Iteration: 0  Process: /tb_top/u_mon//tb_top/u_mon  Scope: tb_top.u_mon  File: /run/media/sackb/Windows-SSD/Users/sackb/OneDrive/Desktop/University/Course_Work/2025-2026/Spring_2026/ECE_410/ECE410/project/post_m3_Minor_Redesign/tb/tb_top.sv Line: 257

Time: 23195 ns Started: 23185 ns Scope: /tb_top/u_mon File: /run/media/sackb/Windows-SSD/Users/sackb/OneDrive/Desktop/University/Course_Work/2025-2026/Spring_2026/ECE_410/ECE410/project/post_m3_Minor_Redesign/tb/tb_top.sv Line:256
Error: AXI MONITOR: core_C changed while core is idle
Time: 23195 ns  Iteration: 0  Process: /tb_top/u_mon//tb_top/u_mon  Scope: tb_top.u_mon  File: /run/media/sackb/Windows-SSD/Users/sackb/OneDrive/Desktop/University/Course_Work/2025-2026/Spring_2026/ECE_410/ECE410/project/post_m3_Minor_Redesign/tb/tb_top.sv Line: 257

Time: 23205 ns Started: 23195 ns Scope: /tb_top/u_mon File: /run/media/sackb/Windows-SSD/Users/sackb/OneDrive/Desktop/University/Course_Work/2025-2026/Spring_2026/ECE_410/ECE410/project/post_m3_Minor_Redesign/tb/tb_top.sv Line:256
Error: AXI MONITOR: core_C changed while core is idle
Time: 23205 ns  Iteration: 0  Process: /tb_top/u_mon//tb_top/u_mon  Scope: tb_top.u_mon  File: /run/media/sackb/Windows-SSD/Users/sackb/OneDrive/Desktop/University/Course_Work/2025-2026/Spring_2026/ECE_410/ECE410/project/post_m3_Minor_Redesign/tb/tb_top.sv Line: 257

Time: 23215 ns Started: 23205 ns Scope: /tb_top/u_mon File: /run/media/sackb/Windows-SSD/Users/sackb/OneDrive/Desktop/University/Course_Work/2025-2026/Spring_2026/ECE_410/ECE410/project/post_m3_Minor_Redesign/tb/tb_top.sv Line:256
Error: AXI MONITOR: core_C changed while core is idle
Time: 23215 ns  Iteration: 0  Process: /tb_top/u_mon//tb_top/u_mon  Scope: tb_top.u_mon  File: /run/media/sackb/Windows-SSD/Users/sackb/OneDrive/Desktop/University/Course_Work/2025-2026/Spring_2026/ECE_410/ECE410/project/post_m3_Minor_Redesign/tb/tb_top.sv Line: 257

Time: 23225 ns Started: 23215 ns Scope: /tb_top/u_mon File: /run/media/sackb/Windows-SSD/Users/sackb/OneDrive/Desktop/University/Course_Work/2025-2026/Spring_2026/ECE_410/ECE410/project/post_m3_Minor_Redesign/tb/tb_top.sv Line:256
Error: AXI MONITOR: core_C changed while core is idle
Time: 23225 ns  Iteration: 0  Process: /tb_top/u_mon//tb_top/u_mon  Scope: tb_top.u_mon  File: /run/media/sackb/Windows-SSD/Users/sackb/OneDrive/Desktop/University/Course_Work/2025-2026/Spring_2026/ECE_410/ECE410/project/post_m3_Minor_Redesign/tb/tb_top.sv Line: 257

Time: 23235 ns Started: 23225 ns Scope: /tb_top/u_mon File: /run/media/sackb/Windows-SSD/Users/sackb/OneDrive/Desktop/University/Course_Work/2025-2026/Spring_2026/ECE_410/ECE410/project/post_m3_Minor_Redesign/tb/tb_top.sv Line:256
Error: AXI MONITOR: core_C changed while core is idle
Time: 23235 ns  Iteration: 0  Process: /tb_top/u_mon//tb_top/u_mon  Scope: tb_top.u_mon  File: /run/media/sackb/Windows-SSD/Users/sackb/OneDrive/Desktop/University/Course_Work/2025-2026/Spring_2026/ECE_410/ECE410/project/post_m3_Minor_Redesign/tb/tb_top.sv Line: 257

Time: 23245 ns Started: 23235 ns Scope: /tb_top/u_mon File: /run/media/sackb/Windows-SSD/Users/sackb/OneDrive/Desktop/University/Course_Work/2025-2026/Spring_2026/ECE_410/ECE410/project/post_m3_Minor_Redesign/tb/tb_top.sv Line:256
Error: AXI MONITOR: core_C changed while core is idle
Time: 23245 ns  Iteration: 0  Process: /tb_top/u_mon//tb_top/u_mon  Scope: tb_top.u_mon  File: /run/media/sackb/Windows-SSD/Users/sackb/OneDrive/Desktop/University/Course_Work/2025-2026/Spring_2026/ECE_410/ECE410/project/post_m3_Minor_Redesign/tb/tb_top.sv Line: 257

Time: 23255 ns Started: 23245 ns Scope: /tb_top/u_mon File: /run/media/sackb/Windows-SSD/Users/sackb/OneDrive/Desktop/University/Course_Work/2025-2026/Spring_2026/ECE_410/ECE410/project/post_m3_Minor_Redesign/tb/tb_top.sv Line:256
Error: AXI MONITOR: core_C changed while core is idle
Time: 23255 ns  Iteration: 0  Process: /tb_top/u_mon//tb_top/u_mon  Scope: tb_top.u_mon  File: /run/media/sackb/Windows-SSD/Users/sackb/OneDrive/Desktop/University/Course_Work/2025-2026/Spring_2026/ECE_410/ECE410/project/post_m3_Minor_Redesign/tb/tb_top.sv Line: 257

Time: 23265 ns Started: 23255 ns Scope: /tb_top/u_mon File: /run/media/sackb/Windows-SSD/Users/sackb/OneDrive/Desktop/University/Course_Work/2025-2026/Spring_2026/ECE_410/ECE410/project/post_m3_Minor_Redesign/tb/tb_top.sv Line:256
Error: AXI MONITOR: core_C changed while core is idle
Time: 23265 ns  Iteration: 0  Process: /tb_top/u_mon//tb_top/u_mon  Scope: tb_top.u_mon  File: /run/media/sackb/Windows-SSD/Users/sackb/OneDrive/Desktop/University/Course_Work/2025-2026/Spring_2026/ECE_410/ECE410/project/post_m3_Minor_Redesign/tb/tb_top.sv Line: 257

Time: 23275 ns Started: 23265 ns Scope: /tb_top/u_mon File: /run/media/sackb/Windows-SSD/Users/sackb/OneDrive/Desktop/University/Course_Work/2025-2026/Spring_2026/ECE_410/ECE410/project/post_m3_Minor_Redesign/tb/tb_top.sv Line:256
Error: AXI MONITOR: core_C changed while core is idle
Time: 23275 ns  Iteration: 0  Process: /tb_top/u_mon//tb_top/u_mon  Scope: tb_top.u_mon  File: /run/media/sackb/Windows-SSD/Users/sackb/OneDrive/Desktop/University/Course_Work/2025-2026/Spring_2026/ECE_410/ECE410/project/post_m3_Minor_Redesign/tb/tb_top.sv Line: 257

Time: 23285 ns Started: 23275 ns Scope: /tb_top/u_mon File: /run/media/sackb/Windows-SSD/Users/sackb/OneDrive/Desktop/University/Course_Work/2025-2026/Spring_2026/ECE_410/ECE410/project/post_m3_Minor_Redesign/tb/tb_top.sv Line:256
Error: AXI MONITOR: core_C changed while core is idle
Time: 23285 ns  Iteration: 0  Process: /tb_top/u_mon//tb_top/u_mon  Scope: tb_top.u_mon  File: /run/media/sackb/Windows-SSD/Users/sackb/OneDrive/Desktop/University/Course_Work/2025-2026/Spring_2026/ECE_410/ECE410/project/post_m3_Minor_Redesign/tb/tb_top.sv Line: 257

Time: 23295 ns Started: 23285 ns Scope: /tb_top/u_mon File: /run/media/sackb/Windows-SSD/Users/sackb/OneDrive/Desktop/University/Course_Work/2025-2026/Spring_2026/ECE_410/ECE410/project/post_m3_Minor_Redesign/tb/tb_top.sv Line:256
Error: AXI MONITOR: core_C changed while core is idle
Time: 23295 ns  Iteration: 0  Process: /tb_top/u_mon//tb_top/u_mon  Scope: tb_top.u_mon  File: /run/media/sackb/Windows-SSD/Users/sackb/OneDrive/Desktop/University/Course_Work/2025-2026/Spring_2026/ECE_410/ECE410/project/post_m3_Minor_Redesign/tb/tb_top.sv Line: 257

Time: 23305 ns Started: 23295 ns Scope: /tb_top/u_mon File: /run/media/sackb/Windows-SSD/Users/sackb/OneDrive/Desktop/University/Course_Work/2025-2026/Spring_2026/ECE_410/ECE410/project/post_m3_Minor_Redesign/tb/tb_top.sv Line:256
Error: AXI MONITOR: core_C changed while core is idle
Time: 23305 ns  Iteration: 0  Process: /tb_top/u_mon//tb_top/u_mon  Scope: tb_top.u_mon  File: /run/media/sackb/Windows-SSD/Users/sackb/OneDrive/Desktop/University/Course_Work/2025-2026/Spring_2026/ECE_410/ECE410/project/post_m3_Minor_Redesign/tb/tb_top.sv Line: 257

Time: 23315 ns Started: 23305 ns Scope: /tb_top/u_mon File: /run/media/sackb/Windows-SSD/Users/sackb/OneDrive/Desktop/University/Course_Work/2025-2026/Spring_2026/ECE_410/ECE410/project/post_m3_Minor_Redesign/tb/tb_top.sv Line:256
Error: AXI MONITOR: core_C changed while core is idle
Time: 23315 ns  Iteration: 0  Process: /tb_top/u_mon//tb_top/u_mon  Scope: tb_top.u_mon  File: /run/media/sackb/Windows-SSD/Users/sackb/OneDrive/Desktop/University/Course_Work/2025-2026/Spring_2026/ECE_410/ECE410/project/post_m3_Minor_Redesign/tb/tb_top.sv Line: 257

Time: 23325 ns Started: 23315 ns Scope: /tb_top/u_mon File: /run/media/sackb/Windows-SSD/Users/sackb/OneDrive/Desktop/University/Course_Work/2025-2026/Spring_2026/ECE_410/ECE410/project/post_m3_Minor_Redesign/tb/tb_top.sv Line:256
Error: AXI MONITOR: core_C changed while core is idle
Time: 23325 ns  Iteration: 0  Process: /tb_top/u_mon//tb_top/u_mon  Scope: tb_top.u_mon  File: /run/media/sackb/Windows-SSD/Users/sackb/OneDrive/Desktop/University/Course_Work/2025-2026/Spring_2026/ECE_410/ECE410/project/post_m3_Minor_Redesign/tb/tb_top.sv Line: 257

Time: 23335 ns Started: 23325 ns Scope: /tb_top/u_mon File: /run/media/sackb/Windows-SSD/Users/sackb/OneDrive/Desktop/University/Course_Work/2025-2026/Spring_2026/ECE_410/ECE410/project/post_m3_Minor_Redesign/tb/tb_top.sv Line:256
Error: AXI MONITOR: core_C changed while core is idle
Time: 23335 ns  Iteration: 0  Process: /tb_top/u_mon//tb_top/u_mon  Scope: tb_top.u_mon  File: /run/media/sackb/Windows-SSD/Users/sackb/OneDrive/Desktop/University/Course_Work/2025-2026/Spring_2026/ECE_410/ECE410/project/post_m3_Minor_Redesign/tb/tb_top.sv Line: 257

Time: 23345 ns Started: 23335 ns Scope: /tb_top/u_mon File: /run/media/sackb/Windows-SSD/Users/sackb/OneDrive/Desktop/University/Course_Work/2025-2026/Spring_2026/ECE_410/ECE410/project/post_m3_Minor_Redesign/tb/tb_top.sv Line:256
Error: AXI MONITOR: core_C changed while core is idle
Time: 23345 ns  Iteration: 0  Process: /tb_top/u_mon//tb_top/u_mon  Scope: tb_top.u_mon  File: /run/media/sackb/Windows-SSD/Users/sackb/OneDrive/Desktop/University/Course_Work/2025-2026/Spring_2026/ECE_410/ECE410/project/post_m3_Minor_Redesign/tb/tb_top.sv Line: 257

Time: 23355 ns Started: 23345 ns Scope: /tb_top/u_mon File: /run/media/sackb/Windows-SSD/Users/sackb/OneDrive/Desktop/University/Course_Work/2025-2026/Spring_2026/ECE_410/ECE410/project/post_m3_Minor_Redesign/tb/tb_top.sv Line:256
Error: AXI MONITOR: core_C changed while core is idle
Time: 23355 ns  Iteration: 0  Process: /tb_top/u_mon//tb_top/u_mon  Scope: tb_top.u_mon  File: /run/media/sackb/Windows-SSD/Users/sackb/OneDrive/Desktop/University/Course_Work/2025-2026/Spring_2026/ECE_410/ECE410/project/post_m3_Minor_Redesign/tb/tb_top.sv Line: 257

Time: 23365 ns Started: 23355 ns Scope: /tb_top/u_mon File: /run/media/sackb/Windows-SSD/Users/sackb/OneDrive/Desktop/University/Course_Work/2025-2026/Spring_2026/ECE_410/ECE410/project/post_m3_Minor_Redesign/tb/tb_top.sv Line:256
Error: AXI MONITOR: core_C changed while core is idle
Time: 23365 ns  Iteration: 0  Process: /tb_top/u_mon//tb_top/u_mon  Scope: tb_top.u_mon  File: /run/media/sackb/Windows-SSD/Users/sackb/OneDrive/Desktop/University/Course_Work/2025-2026/Spring_2026/ECE_410/ECE410/project/post_m3_Minor_Redesign/tb/tb_top.sv Line: 257

Time: 23375 ns Started: 23365 ns Scope: /tb_top/u_mon File: /run/media/sackb/Windows-SSD/Users/sackb/OneDrive/Desktop/University/Course_Work/2025-2026/Spring_2026/ECE_410/ECE410/project/post_m3_Minor_Redesign/tb/tb_top.sv Line:256
Error: AXI MONITOR: core_C changed while core is idle
Time: 23375 ns  Iteration: 0  Process: /tb_top/u_mon//tb_top/u_mon  Scope: tb_top.u_mon  File: /run/media/sackb/Windows-SSD/Users/sackb/OneDrive/Desktop/University/Course_Work/2025-2026/Spring_2026/ECE_410/ECE410/project/post_m3_Minor_Redesign/tb/tb_top.sv Line: 257

Time: 23385 ns Started: 23375 ns Scope: /tb_top/u_mon File: /run/media/sackb/Windows-SSD/Users/sackb/OneDrive/Desktop/University/Course_Work/2025-2026/Spring_2026/ECE_410/ECE410/project/post_m3_Minor_Redesign/tb/tb_top.sv Line:256
Error: AXI MONITOR: core_C changed while core is idle
Time: 23385 ns  Iteration: 0  Process: /tb_top/u_mon//tb_top/u_mon  Scope: tb_top.u_mon  File: /run/media/sackb/Windows-SSD/Users/sackb/OneDrive/Desktop/University/Course_Work/2025-2026/Spring_2026/ECE_410/ECE410/project/post_m3_Minor_Redesign/tb/tb_top.sv Line: 257

Time: 23395 ns Started: 23385 ns Scope: /tb_top/u_mon File: /run/media/sackb/Windows-SSD/Users/sackb/OneDrive/Desktop/University/Course_Work/2025-2026/Spring_2026/ECE_410/ECE410/project/post_m3_Minor_Redesign/tb/tb_top.sv Line:256
Error: AXI MONITOR: core_C changed while core is idle
Time: 23395 ns  Iteration: 0  Process: /tb_top/u_mon//tb_top/u_mon  Scope: tb_top.u_mon  File: /run/media/sackb/Windows-SSD/Users/sackb/OneDrive/Desktop/University/Course_Work/2025-2026/Spring_2026/ECE_410/ECE410/project/post_m3_Minor_Redesign/tb/tb_top.sv Line: 257

Time: 23405 ns Started: 23395 ns Scope: /tb_top/u_mon File: /run/media/sackb/Windows-SSD/Users/sackb/OneDrive/Desktop/University/Course_Work/2025-2026/Spring_2026/ECE_410/ECE410/project/post_m3_Minor_Redesign/tb/tb_top.sv Line:256
Error: AXI MONITOR: core_C changed while core is idle
Time: 23405 ns  Iteration: 0  Process: /tb_top/u_mon//tb_top/u_mon  Scope: tb_top.u_mon  File: /run/media/sackb/Windows-SSD/Users/sackb/OneDrive/Desktop/University/Course_Work/2025-2026/Spring_2026/ECE_410/ECE410/project/post_m3_Minor_Redesign/tb/tb_top.sv Line: 257

Time: 23415 ns Started: 23405 ns Scope: /tb_top/u_mon File: /run/media/sackb/Windows-SSD/Users/sackb/OneDrive/Desktop/University/Course_Work/2025-2026/Spring_2026/ECE_410/ECE410/project/post_m3_Minor_Redesign/tb/tb_top.sv Line:256
Error: AXI MONITOR: core_C changed while core is idle
Time: 23415 ns  Iteration: 0  Process: /tb_top/u_mon//tb_top/u_mon  Scope: tb_top.u_mon  File: /run/media/sackb/Windows-SSD/Users/sackb/OneDrive/Desktop/University/Course_Work/2025-2026/Spring_2026/ECE_410/ECE410/project/post_m3_Minor_Redesign/tb/tb_top.sv Line: 257

Time: 23425 ns Started: 23415 ns Scope: /tb_top/u_mon File: /run/media/sackb/Windows-SSD/Users/sackb/OneDrive/Desktop/University/Course_Work/2025-2026/Spring_2026/ECE_410/ECE410/project/post_m3_Minor_Redesign/tb/tb_top.sv Line:256
Error: AXI MONITOR: core_C changed while core is idle
Time: 23425 ns  Iteration: 0  Process: /tb_top/u_mon//tb_top/u_mon  Scope: tb_top.u_mon  File: /run/media/sackb/Windows-SSD/Users/sackb/OneDrive/Desktop/University/Course_Work/2025-2026/Spring_2026/ECE_410/ECE410/project/post_m3_Minor_Redesign/tb/tb_top.sv Line: 257

Time: 23435 ns Started: 23425 ns Scope: /tb_top/u_mon File: /run/media/sackb/Windows-SSD/Users/sackb/OneDrive/Desktop/University/Course_Work/2025-2026/Spring_2026/ECE_410/ECE410/project/post_m3_Minor_Redesign/tb/tb_top.sv Line:256
Error: AXI MONITOR: core_C changed while core is idle
Time: 23435 ns  Iteration: 0  Process: /tb_top/u_mon//tb_top/u_mon  Scope: tb_top.u_mon  File: /run/media/sackb/Windows-SSD/Users/sackb/OneDrive/Desktop/University/Course_Work/2025-2026/Spring_2026/ECE_410/ECE410/project/post_m3_Minor_Redesign/tb/tb_top.sv Line: 257

Time: 23445 ns Started: 23435 ns Scope: /tb_top/u_mon File: /run/media/sackb/Windows-SSD/Users/sackb/OneDrive/Desktop/University/Course_Work/2025-2026/Spring_2026/ECE_410/ECE410/project/post_m3_Minor_Redesign/tb/tb_top.sv Line:256
Error: AXI MONITOR: core_C changed while core is idle
Time: 23445 ns  Iteration: 0  Process: /tb_top/u_mon//tb_top/u_mon  Scope: tb_top.u_mon  File: /run/media/sackb/Windows-SSD/Users/sackb/OneDrive/Desktop/University/Course_Work/2025-2026/Spring_2026/ECE_410/ECE410/project/post_m3_Minor_Redesign/tb/tb_top.sv Line: 257

Time: 23455 ns Started: 23445 ns Scope: /tb_top/u_mon File: /run/media/sackb/Windows-SSD/Users/sackb/OneDrive/Desktop/University/Course_Work/2025-2026/Spring_2026/ECE_410/ECE410/project/post_m3_Minor_Redesign/tb/tb_top.sv Line:256
Error: AXI MONITOR: core_C changed while core is idle
Time: 23455 ns  Iteration: 0  Process: /tb_top/u_mon//tb_top/u_mon  Scope: tb_top.u_mon  File: /run/media/sackb/Windows-SSD/Users/sackb/OneDrive/Desktop/University/Course_Work/2025-2026/Spring_2026/ECE_410/ECE410/project/post_m3_Minor_Redesign/tb/tb_top.sv Line: 257

Time: 23465 ns Started: 23455 ns Scope: /tb_top/u_mon File: /run/media/sackb/Windows-SSD/Users/sackb/OneDrive/Desktop/University/Course_Work/2025-2026/Spring_2026/ECE_410/ECE410/project/post_m3_Minor_Redesign/tb/tb_top.sv Line:256
Error: AXI MONITOR: core_C changed while core is idle
Time: 23465 ns  Iteration: 0  Process: /tb_top/u_mon//tb_top/u_mon  Scope: tb_top.u_mon  File: /run/media/sackb/Windows-SSD/Users/sackb/OneDrive/Desktop/University/Course_Work/2025-2026/Spring_2026/ECE_410/ECE410/project/post_m3_Minor_Redesign/tb/tb_top.sv Line: 257

Time: 23475 ns Started: 23465 ns Scope: /tb_top/u_mon File: /run/media/sackb/Windows-SSD/Users/sackb/OneDrive/Desktop/University/Course_Work/2025-2026/Spring_2026/ECE_410/ECE410/project/post_m3_Minor_Redesign/tb/tb_top.sv Line:256
Error: AXI MONITOR: core_C changed while core is idle
Time: 23475 ns  Iteration: 0  Process: /tb_top/u_mon//tb_top/u_mon  Scope: tb_top.u_mon  File: /run/media/sackb/Windows-SSD/Users/sackb/OneDrive/Desktop/University/Course_Work/2025-2026/Spring_2026/ECE_410/ECE410/project/post_m3_Minor_Redesign/tb/tb_top.sv Line: 257

Time: 23485 ns Started: 23475 ns Scope: /tb_top/u_mon File: /run/media/sackb/Windows-SSD/Users/sackb/OneDrive/Desktop/University/Course_Work/2025-2026/Spring_2026/ECE_410/ECE410/project/post_m3_Minor_Redesign/tb/tb_top.sv Line:256
Error: AXI MONITOR: core_C changed while core is idle
Time: 23485 ns  Iteration: 0  Process: /tb_top/u_mon//tb_top/u_mon  Scope: tb_top.u_mon  File: /run/media/sackb/Windows-SSD/Users/sackb/OneDrive/Desktop/University/Course_Work/2025-2026/Spring_2026/ECE_410/ECE410/project/post_m3_Minor_Redesign/tb/tb_top.sv Line: 257

Time: 23495 ns Started: 23485 ns Scope: /tb_top/u_mon File: /run/media/sackb/Windows-SSD/Users/sackb/OneDrive/Desktop/University/Course_Work/2025-2026/Spring_2026/ECE_410/ECE410/project/post_m3_Minor_Redesign/tb/tb_top.sv Line:256
Error: AXI MONITOR: core_C changed while core is idle
Time: 23495 ns  Iteration: 0  Process: /tb_top/u_mon//tb_top/u_mon  Scope: tb_top.u_mon  File: /run/media/sackb/Windows-SSD/Users/sackb/OneDrive/Desktop/University/Course_Work/2025-2026/Spring_2026/ECE_410/ECE410/project/post_m3_Minor_Redesign/tb/tb_top.sv Line: 257

Time: 23505 ns Started: 23495 ns Scope: /tb_top/u_mon File: /run/media/sackb/Windows-SSD/Users/sackb/OneDrive/Desktop/University/Course_Work/2025-2026/Spring_2026/ECE_410/ECE410/project/post_m3_Minor_Redesign/tb/tb_top.sv Line:256
Error: AXI MONITOR: core_C changed while core is idle
Time: 23505 ns  Iteration: 0  Process: /tb_top/u_mon//tb_top/u_mon  Scope: tb_top.u_mon  File: /run/media/sackb/Windows-SSD/Users/sackb/OneDrive/Desktop/University/Course_Work/2025-2026/Spring_2026/ECE_410/ECE410/project/post_m3_Minor_Redesign/tb/tb_top.sv Line: 257

Time: 23515 ns Started: 23505 ns Scope: /tb_top/u_mon File: /run/media/sackb/Windows-SSD/Users/sackb/OneDrive/Desktop/University/Course_Work/2025-2026/Spring_2026/ECE_410/ECE410/project/post_m3_Minor_Redesign/tb/tb_top.sv Line:256
Error: AXI MONITOR: core_C changed while core is idle
Time: 23515 ns  Iteration: 0  Process: /tb_top/u_mon//tb_top/u_mon  Scope: tb_top.u_mon  File: /run/media/sackb/Windows-SSD/Users/sackb/OneDrive/Desktop/University/Course_Work/2025-2026/Spring_2026/ECE_410/ECE410/project/post_m3_Minor_Redesign/tb/tb_top.sv Line: 257

Time: 23525 ns Started: 23515 ns Scope: /tb_top/u_mon File: /run/media/sackb/Windows-SSD/Users/sackb/OneDrive/Desktop/University/Course_Work/2025-2026/Spring_2026/ECE_410/ECE410/project/post_m3_Minor_Redesign/tb/tb_top.sv Line:256
Error: AXI MONITOR: core_C changed while core is idle
Time: 23525 ns  Iteration: 0  Process: /tb_top/u_mon//tb_top/u_mon  Scope: tb_top.u_mon  File: /run/media/sackb/Windows-SSD/Users/sackb/OneDrive/Desktop/University/Course_Work/2025-2026/Spring_2026/ECE_410/ECE410/project/post_m3_Minor_Redesign/tb/tb_top.sv Line: 257

Time: 23535 ns Started: 23525 ns Scope: /tb_top/u_mon File: /run/media/sackb/Windows-SSD/Users/sackb/OneDrive/Desktop/University/Course_Work/2025-2026/Spring_2026/ECE_410/ECE410/project/post_m3_Minor_Redesign/tb/tb_top.sv Line:256
Error: AXI MONITOR: core_C changed while core is idle
Time: 23535 ns  Iteration: 0  Process: /tb_top/u_mon//tb_top/u_mon  Scope: tb_top.u_mon  File: /run/media/sackb/Windows-SSD/Users/sackb/OneDrive/Desktop/University/Course_Work/2025-2026/Spring_2026/ECE_410/ECE410/project/post_m3_Minor_Redesign/tb/tb_top.sv Line: 257

Time: 23545 ns Started: 23535 ns Scope: /tb_top/u_mon File: /run/media/sackb/Windows-SSD/Users/sackb/OneDrive/Desktop/University/Course_Work/2025-2026/Spring_2026/ECE_410/ECE410/project/post_m3_Minor_Redesign/tb/tb_top.sv Line:256
Error: AXI MONITOR: core_C changed while core is idle
Time: 23545 ns  Iteration: 0  Process: /tb_top/u_mon//tb_top/u_mon  Scope: tb_top.u_mon  File: /run/media/sackb/Windows-SSD/Users/sackb/OneDrive/Desktop/University/Course_Work/2025-2026/Spring_2026/ECE_410/ECE410/project/post_m3_Minor_Redesign/tb/tb_top.sv Line: 257

Time: 23555 ns Started: 23545 ns Scope: /tb_top/u_mon File: /run/media/sackb/Windows-SSD/Users/sackb/OneDrive/Desktop/University/Course_Work/2025-2026/Spring_2026/ECE_410/ECE410/project/post_m3_Minor_Redesign/tb/tb_top.sv Line:256
Error: AXI MONITOR: core_C changed while core is idle
Time: 23555 ns  Iteration: 0  Process: /tb_top/u_mon//tb_top/u_mon  Scope: tb_top.u_mon  File: /run/media/sackb/Windows-SSD/Users/sackb/OneDrive/Desktop/University/Course_Work/2025-2026/Spring_2026/ECE_410/ECE410/project/post_m3_Minor_Redesign/tb/tb_top.sv Line: 257

Time: 23565 ns Started: 23555 ns Scope: /tb_top/u_mon File: /run/media/sackb/Windows-SSD/Users/sackb/OneDrive/Desktop/University/Course_Work/2025-2026/Spring_2026/ECE_410/ECE410/project/post_m3_Minor_Redesign/tb/tb_top.sv Line:256
Error: AXI MONITOR: core_C changed while core is idle
Time: 23565 ns  Iteration: 0  Process: /tb_top/u_mon//tb_top/u_mon  Scope: tb_top.u_mon  File: /run/media/sackb/Windows-SSD/Users/sackb/OneDrive/Desktop/University/Course_Work/2025-2026/Spring_2026/ECE_410/ECE410/project/post_m3_Minor_Redesign/tb/tb_top.sv Line: 257

Time: 23575 ns Started: 23565 ns Scope: /tb_top/u_mon File: /run/media/sackb/Windows-SSD/Users/sackb/OneDrive/Desktop/University/Course_Work/2025-2026/Spring_2026/ECE_410/ECE410/project/post_m3_Minor_Redesign/tb/tb_top.sv Line:256
Error: AXI MONITOR: core_C changed while core is idle
Time: 23575 ns  Iteration: 0  Process: /tb_top/u_mon//tb_top/u_mon  Scope: tb_top.u_mon  File: /run/media/sackb/Windows-SSD/Users/sackb/OneDrive/Desktop/University/Course_Work/2025-2026/Spring_2026/ECE_410/ECE410/project/post_m3_Minor_Redesign/tb/tb_top.sv Line: 257

Time: 23585 ns Started: 23575 ns Scope: /tb_top/u_mon File: /run/media/sackb/Windows-SSD/Users/sackb/OneDrive/Desktop/University/Course_Work/2025-2026/Spring_2026/ECE_410/ECE410/project/post_m3_Minor_Redesign/tb/tb_top.sv Line:256
Error: AXI MONITOR: core_C changed while core is idle
Time: 23585 ns  Iteration: 0  Process: /tb_top/u_mon//tb_top/u_mon  Scope: tb_top.u_mon  File: /run/media/sackb/Windows-SSD/Users/sackb/OneDrive/Desktop/University/Course_Work/2025-2026/Spring_2026/ECE_410/ECE410/project/post_m3_Minor_Redesign/tb/tb_top.sv Line: 257

Time: 23595 ns Started: 23585 ns Scope: /tb_top/u_mon File: /run/media/sackb/Windows-SSD/Users/sackb/OneDrive/Desktop/University/Course_Work/2025-2026/Spring_2026/ECE_410/ECE410/project/post_m3_Minor_Redesign/tb/tb_top.sv Line:256
Error: AXI MONITOR: core_C changed while core is idle
Time: 23595 ns  Iteration: 0  Process: /tb_top/u_mon//tb_top/u_mon  Scope: tb_top.u_mon  File: /run/media/sackb/Windows-SSD/Users/sackb/OneDrive/Desktop/University/Course_Work/2025-2026/Spring_2026/ECE_410/ECE410/project/post_m3_Minor_Redesign/tb/tb_top.sv Line: 257

Time: 23605 ns Started: 23595 ns Scope: /tb_top/u_mon File: /run/media/sackb/Windows-SSD/Users/sackb/OneDrive/Desktop/University/Course_Work/2025-2026/Spring_2026/ECE_410/ECE410/project/post_m3_Minor_Redesign/tb/tb_top.sv Line:256
Error: AXI MONITOR: core_C changed while core is idle
Time: 23605 ns  Iteration: 0  Process: /tb_top/u_mon//tb_top/u_mon  Scope: tb_top.u_mon  File: /run/media/sackb/Windows-SSD/Users/sackb/OneDrive/Desktop/University/Course_Work/2025-2026/Spring_2026/ECE_410/ECE410/project/post_m3_Minor_Redesign/tb/tb_top.sv Line: 257

Time: 23615 ns Started: 23605 ns Scope: /tb_top/u_mon File: /run/media/sackb/Windows-SSD/Users/sackb/OneDrive/Desktop/University/Course_Work/2025-2026/Spring_2026/ECE_410/ECE410/project/post_m3_Minor_Redesign/tb/tb_top.sv Line:256
Error: AXI MONITOR: core_C changed while core is idle
Time: 23615 ns  Iteration: 0  Process: /tb_top/u_mon//tb_top/u_mon  Scope: tb_top.u_mon  File: /run/media/sackb/Windows-SSD/Users/sackb/OneDrive/Desktop/University/Course_Work/2025-2026/Spring_2026/ECE_410/ECE410/project/post_m3_Minor_Redesign/tb/tb_top.sv Line: 257

Time: 23625 ns Started: 23615 ns Scope: /tb_top/u_mon File: /run/media/sackb/Windows-SSD/Users/sackb/OneDrive/Desktop/University/Course_Work/2025-2026/Spring_2026/ECE_410/ECE410/project/post_m3_Minor_Redesign/tb/tb_top.sv Line:256
Error: AXI MONITOR: core_C changed while core is idle
Time: 23625 ns  Iteration: 0  Process: /tb_top/u_mon//tb_top/u_mon  Scope: tb_top.u_mon  File: /run/media/sackb/Windows-SSD/Users/sackb/OneDrive/Desktop/University/Course_Work/2025-2026/Spring_2026/ECE_410/ECE410/project/post_m3_Minor_Redesign/tb/tb_top.sv Line: 257

Time: 23635 ns Started: 23625 ns Scope: /tb_top/u_mon File: /run/media/sackb/Windows-SSD/Users/sackb/OneDrive/Desktop/University/Course_Work/2025-2026/Spring_2026/ECE_410/ECE410/project/post_m3_Minor_Redesign/tb/tb_top.sv Line:256
Error: AXI MONITOR: core_C changed while core is idle
Time: 23635 ns  Iteration: 0  Process: /tb_top/u_mon//tb_top/u_mon  Scope: tb_top.u_mon  File: /run/media/sackb/Windows-SSD/Users/sackb/OneDrive/Desktop/University/Course_Work/2025-2026/Spring_2026/ECE_410/ECE410/project/post_m3_Minor_Redesign/tb/tb_top.sv Line: 257

Time: 23645 ns Started: 23635 ns Scope: /tb_top/u_mon File: /run/media/sackb/Windows-SSD/Users/sackb/OneDrive/Desktop/University/Course_Work/2025-2026/Spring_2026/ECE_410/ECE410/project/post_m3_Minor_Redesign/tb/tb_top.sv Line:256
Error: AXI MONITOR: core_C changed while core is idle
Time: 23645 ns  Iteration: 0  Process: /tb_top/u_mon//tb_top/u_mon  Scope: tb_top.u_mon  File: /run/media/sackb/Windows-SSD/Users/sackb/OneDrive/Desktop/University/Course_Work/2025-2026/Spring_2026/ECE_410/ECE410/project/post_m3_Minor_Redesign/tb/tb_top.sv Line: 257

Time: 23655 ns Started: 23645 ns Scope: /tb_top/u_mon File: /run/media/sackb/Windows-SSD/Users/sackb/OneDrive/Desktop/University/Course_Work/2025-2026/Spring_2026/ECE_410/ECE410/project/post_m3_Minor_Redesign/tb/tb_top.sv Line:256
Error: AXI MONITOR: core_C changed while core is idle
Time: 23655 ns  Iteration: 0  Process: /tb_top/u_mon//tb_top/u_mon  Scope: tb_top.u_mon  File: /run/media/sackb/Windows-SSD/Users/sackb/OneDrive/Desktop/University/Course_Work/2025-2026/Spring_2026/ECE_410/ECE410/project/post_m3_Minor_Redesign/tb/tb_top.sv Line: 257

Time: 23665 ns Started: 23655 ns Scope: /tb_top/u_mon File: /run/media/sackb/Windows-SSD/Users/sackb/OneDrive/Desktop/University/Course_Work/2025-2026/Spring_2026/ECE_410/ECE410/project/post_m3_Minor_Redesign/tb/tb_top.sv Line:256
Error: AXI MONITOR: core_C changed while core is idle
Time: 23665 ns  Iteration: 0  Process: /tb_top/u_mon//tb_top/u_mon  Scope: tb_top.u_mon  File: /run/media/sackb/Windows-SSD/Users/sackb/OneDrive/Desktop/University/Course_Work/2025-2026/Spring_2026/ECE_410/ECE410/project/post_m3_Minor_Redesign/tb/tb_top.sv Line: 257

Time: 23675 ns Started: 23665 ns Scope: /tb_top/u_mon File: /run/media/sackb/Windows-SSD/Users/sackb/OneDrive/Desktop/University/Course_Work/2025-2026/Spring_2026/ECE_410/ECE410/project/post_m3_Minor_Redesign/tb/tb_top.sv Line:256
Error: AXI MONITOR: core_C changed while core is idle
Time: 23675 ns  Iteration: 0  Process: /tb_top/u_mon//tb_top/u_mon  Scope: tb_top.u_mon  File: /run/media/sackb/Windows-SSD/Users/sackb/OneDrive/Desktop/University/Course_Work/2025-2026/Spring_2026/ECE_410/ECE410/project/post_m3_Minor_Redesign/tb/tb_top.sv Line: 257

Time: 23685 ns Started: 23675 ns Scope: /tb_top/u_mon File: /run/media/sackb/Windows-SSD/Users/sackb/OneDrive/Desktop/University/Course_Work/2025-2026/Spring_2026/ECE_410/ECE410/project/post_m3_Minor_Redesign/tb/tb_top.sv Line:256
Error: AXI MONITOR: core_C changed while core is idle
Time: 23685 ns  Iteration: 0  Process: /tb_top/u_mon//tb_top/u_mon  Scope: tb_top.u_mon  File: /run/media/sackb/Windows-SSD/Users/sackb/OneDrive/Desktop/University/Course_Work/2025-2026/Spring_2026/ECE_410/ECE410/project/post_m3_Minor_Redesign/tb/tb_top.sv Line: 257

Time: 23695 ns Started: 23685 ns Scope: /tb_top/u_mon File: /run/media/sackb/Windows-SSD/Users/sackb/OneDrive/Desktop/University/Course_Work/2025-2026/Spring_2026/ECE_410/ECE410/project/post_m3_Minor_Redesign/tb/tb_top.sv Line:256
Error: AXI MONITOR: core_C changed while core is idle
Time: 23695 ns  Iteration: 0  Process: /tb_top/u_mon//tb_top/u_mon  Scope: tb_top.u_mon  File: /run/media/sackb/Windows-SSD/Users/sackb/OneDrive/Desktop/University/Course_Work/2025-2026/Spring_2026/ECE_410/ECE410/project/post_m3_Minor_Redesign/tb/tb_top.sv Line: 257

Time: 23705 ns Started: 23695 ns Scope: /tb_top/u_mon File: /run/media/sackb/Windows-SSD/Users/sackb/OneDrive/Desktop/University/Course_Work/2025-2026/Spring_2026/ECE_410/ECE410/project/post_m3_Minor_Redesign/tb/tb_top.sv Line:256
Error: AXI MONITOR: core_C changed while core is idle
Time: 23705 ns  Iteration: 0  Process: /tb_top/u_mon//tb_top/u_mon  Scope: tb_top.u_mon  File: /run/media/sackb/Windows-SSD/Users/sackb/OneDrive/Desktop/University/Course_Work/2025-2026/Spring_2026/ECE_410/ECE410/project/post_m3_Minor_Redesign/tb/tb_top.sv Line: 257

Time: 23715 ns Started: 23705 ns Scope: /tb_top/u_mon File: /run/media/sackb/Windows-SSD/Users/sackb/OneDrive/Desktop/University/Course_Work/2025-2026/Spring_2026/ECE_410/ECE410/project/post_m3_Minor_Redesign/tb/tb_top.sv Line:256
Error: AXI MONITOR: core_C changed while core is idle
Time: 23715 ns  Iteration: 0  Process: /tb_top/u_mon//tb_top/u_mon  Scope: tb_top.u_mon  File: /run/media/sackb/Windows-SSD/Users/sackb/OneDrive/Desktop/University/Course_Work/2025-2026/Spring_2026/ECE_410/ECE410/project/post_m3_Minor_Redesign/tb/tb_top.sv Line: 257

Time: 23725 ns Started: 23715 ns Scope: /tb_top/u_mon File: /run/media/sackb/Windows-SSD/Users/sackb/OneDrive/Desktop/University/Course_Work/2025-2026/Spring_2026/ECE_410/ECE410/project/post_m3_Minor_Redesign/tb/tb_top.sv Line:256
Error: AXI MONITOR: core_C changed while core is idle
Time: 23725 ns  Iteration: 0  Process: /tb_top/u_mon//tb_top/u_mon  Scope: tb_top.u_mon  File: /run/media/sackb/Windows-SSD/Users/sackb/OneDrive/Desktop/University/Course_Work/2025-2026/Spring_2026/ECE_410/ECE410/project/post_m3_Minor_Redesign/tb/tb_top.sv Line: 257

Time: 23735 ns Started: 23725 ns Scope: /tb_top/u_mon File: /run/media/sackb/Windows-SSD/Users/sackb/OneDrive/Desktop/University/Course_Work/2025-2026/Spring_2026/ECE_410/ECE410/project/post_m3_Minor_Redesign/tb/tb_top.sv Line:256
Error: AXI MONITOR: core_C changed while core is idle
Time: 23735 ns  Iteration: 0  Process: /tb_top/u_mon//tb_top/u_mon  Scope: tb_top.u_mon  File: /run/media/sackb/Windows-SSD/Users/sackb/OneDrive/Desktop/University/Course_Work/2025-2026/Spring_2026/ECE_410/ECE410/project/post_m3_Minor_Redesign/tb/tb_top.sv Line: 257

Time: 23745 ns Started: 23735 ns Scope: /tb_top/u_mon File: /run/media/sackb/Windows-SSD/Users/sackb/OneDrive/Desktop/University/Course_Work/2025-2026/Spring_2026/ECE_410/ECE410/project/post_m3_Minor_Redesign/tb/tb_top.sv Line:256
Error: AXI MONITOR: core_C changed while core is idle
Time: 23745 ns  Iteration: 0  Process: /tb_top/u_mon//tb_top/u_mon  Scope: tb_top.u_mon  File: /run/media/sackb/Windows-SSD/Users/sackb/OneDrive/Desktop/University/Course_Work/2025-2026/Spring_2026/ECE_410/ECE410/project/post_m3_Minor_Redesign/tb/tb_top.sv Line: 257

Time: 23755 ns Started: 23745 ns Scope: /tb_top/u_mon File: /run/media/sackb/Windows-SSD/Users/sackb/OneDrive/Desktop/University/Course_Work/2025-2026/Spring_2026/ECE_410/ECE410/project/post_m3_Minor_Redesign/tb/tb_top.sv Line:256
Error: AXI MONITOR: core_C changed while core is idle
Time: 23755 ns  Iteration: 0  Process: /tb_top/u_mon//tb_top/u_mon  Scope: tb_top.u_mon  File: /run/media/sackb/Windows-SSD/Users/sackb/OneDrive/Desktop/University/Course_Work/2025-2026/Spring_2026/ECE_410/ECE410/project/post_m3_Minor_Redesign/tb/tb_top.sv Line: 257

Time: 23765 ns Started: 23755 ns Scope: /tb_top/u_mon File: /run/media/sackb/Windows-SSD/Users/sackb/OneDrive/Desktop/University/Course_Work/2025-2026/Spring_2026/ECE_410/ECE410/project/post_m3_Minor_Redesign/tb/tb_top.sv Line:256
Error: AXI MONITOR: core_C changed while core is idle
Time: 23765 ns  Iteration: 0  Process: /tb_top/u_mon//tb_top/u_mon  Scope: tb_top.u_mon  File: /run/media/sackb/Windows-SSD/Users/sackb/OneDrive/Desktop/University/Course_Work/2025-2026/Spring_2026/ECE_410/ECE410/project/post_m3_Minor_Redesign/tb/tb_top.sv Line: 257

Time: 23775 ns Started: 23765 ns Scope: /tb_top/u_mon File: /run/media/sackb/Windows-SSD/Users/sackb/OneDrive/Desktop/University/Course_Work/2025-2026/Spring_2026/ECE_410/ECE410/project/post_m3_Minor_Redesign/tb/tb_top.sv Line:256
Error: AXI MONITOR: core_C changed while core is idle
Time: 23775 ns  Iteration: 0  Process: /tb_top/u_mon//tb_top/u_mon  Scope: tb_top.u_mon  File: /run/media/sackb/Windows-SSD/Users/sackb/OneDrive/Desktop/University/Course_Work/2025-2026/Spring_2026/ECE_410/ECE410/project/post_m3_Minor_Redesign/tb/tb_top.sv Line: 257

Time: 23785 ns Started: 23775 ns Scope: /tb_top/u_mon File: /run/media/sackb/Windows-SSD/Users/sackb/OneDrive/Desktop/University/Course_Work/2025-2026/Spring_2026/ECE_410/ECE410/project/post_m3_Minor_Redesign/tb/tb_top.sv Line:256
Error: AXI MONITOR: core_C changed while core is idle
Time: 23785 ns  Iteration: 0  Process: /tb_top/u_mon//tb_top/u_mon  Scope: tb_top.u_mon  File: /run/media/sackb/Windows-SSD/Users/sackb/OneDrive/Desktop/University/Course_Work/2025-2026/Spring_2026/ECE_410/ECE410/project/post_m3_Minor_Redesign/tb/tb_top.sv Line: 257

Time: 23795 ns Started: 23785 ns Scope: /tb_top/u_mon File: /run/media/sackb/Windows-SSD/Users/sackb/OneDrive/Desktop/University/Course_Work/2025-2026/Spring_2026/ECE_410/ECE410/project/post_m3_Minor_Redesign/tb/tb_top.sv Line:256
Error: AXI MONITOR: core_C changed while core is idle
Time: 23795 ns  Iteration: 0  Process: /tb_top/u_mon//tb_top/u_mon  Scope: tb_top.u_mon  File: /run/media/sackb/Windows-SSD/Users/sackb/OneDrive/Desktop/University/Course_Work/2025-2026/Spring_2026/ECE_410/ECE410/project/post_m3_Minor_Redesign/tb/tb_top.sv Line: 257

Time: 23805 ns Started: 23795 ns Scope: /tb_top/u_mon File: /run/media/sackb/Windows-SSD/Users/sackb/OneDrive/Desktop/University/Course_Work/2025-2026/Spring_2026/ECE_410/ECE410/project/post_m3_Minor_Redesign/tb/tb_top.sv Line:256
Error: AXI MONITOR: core_C changed while core is idle
Time: 23805 ns  Iteration: 0  Process: /tb_top/u_mon//tb_top/u_mon  Scope: tb_top.u_mon  File: /run/media/sackb/Windows-SSD/Users/sackb/OneDrive/Desktop/University/Course_Work/2025-2026/Spring_2026/ECE_410/ECE410/project/post_m3_Minor_Redesign/tb/tb_top.sv Line: 257

Time: 23815 ns Started: 23805 ns Scope: /tb_top/u_mon File: /run/media/sackb/Windows-SSD/Users/sackb/OneDrive/Desktop/University/Course_Work/2025-2026/Spring_2026/ECE_410/ECE410/project/post_m3_Minor_Redesign/tb/tb_top.sv Line:256
Error: AXI MONITOR: core_C changed while core is idle
Time: 23815 ns  Iteration: 0  Process: /tb_top/u_mon//tb_top/u_mon  Scope: tb_top.u_mon  File: /run/media/sackb/Windows-SSD/Users/sackb/OneDrive/Desktop/University/Course_Work/2025-2026/Spring_2026/ECE_410/ECE410/project/post_m3_Minor_Redesign/tb/tb_top.sv Line: 257

Time: 23825 ns Started: 23815 ns Scope: /tb_top/u_mon File: /run/media/sackb/Windows-SSD/Users/sackb/OneDrive/Desktop/University/Course_Work/2025-2026/Spring_2026/ECE_410/ECE410/project/post_m3_Minor_Redesign/tb/tb_top.sv Line:256
Error: AXI MONITOR: core_C changed while core is idle
Time: 23825 ns  Iteration: 0  Process: /tb_top/u_mon//tb_top/u_mon  Scope: tb_top.u_mon  File: /run/media/sackb/Windows-SSD/Users/sackb/OneDrive/Desktop/University/Course_Work/2025-2026/Spring_2026/ECE_410/ECE410/project/post_m3_Minor_Redesign/tb/tb_top.sv Line: 257

Time: 23835 ns Started: 23825 ns Scope: /tb_top/u_mon File: /run/media/sackb/Windows-SSD/Users/sackb/OneDrive/Desktop/University/Course_Work/2025-2026/Spring_2026/ECE_410/ECE410/project/post_m3_Minor_Redesign/tb/tb_top.sv Line:256
Error: AXI MONITOR: core_C changed while core is idle
Time: 23835 ns  Iteration: 0  Process: /tb_top/u_mon//tb_top/u_mon  Scope: tb_top.u_mon  File: /run/media/sackb/Windows-SSD/Users/sackb/OneDrive/Desktop/University/Course_Work/2025-2026/Spring_2026/ECE_410/ECE410/project/post_m3_Minor_Redesign/tb/tb_top.sv Line: 257

Time: 23845 ns Started: 23835 ns Scope: /tb_top/u_mon File: /run/media/sackb/Windows-SSD/Users/sackb/OneDrive/Desktop/University/Course_Work/2025-2026/Spring_2026/ECE_410/ECE410/project/post_m3_Minor_Redesign/tb/tb_top.sv Line:256
Error: AXI MONITOR: core_C changed while core is idle
Time: 23845 ns  Iteration: 0  Process: /tb_top/u_mon//tb_top/u_mon  Scope: tb_top.u_mon  File: /run/media/sackb/Windows-SSD/Users/sackb/OneDrive/Desktop/University/Course_Work/2025-2026/Spring_2026/ECE_410/ECE410/project/post_m3_Minor_Redesign/tb/tb_top.sv Line: 257

Time: 23855 ns Started: 23845 ns Scope: /tb_top/u_mon File: /run/media/sackb/Windows-SSD/Users/sackb/OneDrive/Desktop/University/Course_Work/2025-2026/Spring_2026/ECE_410/ECE410/project/post_m3_Minor_Redesign/tb/tb_top.sv Line:256
Error: AXI MONITOR: core_C changed while core is idle
Time: 23855 ns  Iteration: 0  Process: /tb_top/u_mon//tb_top/u_mon  Scope: tb_top.u_mon  File: /run/media/sackb/Windows-SSD/Users/sackb/OneDrive/Desktop/University/Course_Work/2025-2026/Spring_2026/ECE_410/ECE410/project/post_m3_Minor_Redesign/tb/tb_top.sv Line: 257

Time: 23865 ns Started: 23855 ns Scope: /tb_top/u_mon File: /run/media/sackb/Windows-SSD/Users/sackb/OneDrive/Desktop/University/Course_Work/2025-2026/Spring_2026/ECE_410/ECE410/project/post_m3_Minor_Redesign/tb/tb_top.sv Line:256
Error: AXI MONITOR: core_C changed while core is idle
Time: 23865 ns  Iteration: 0  Process: /tb_top/u_mon//tb_top/u_mon  Scope: tb_top.u_mon  File: /run/media/sackb/Windows-SSD/Users/sackb/OneDrive/Desktop/University/Course_Work/2025-2026/Spring_2026/ECE_410/ECE410/project/post_m3_Minor_Redesign/tb/tb_top.sv Line: 257

Time: 23875 ns Started: 23865 ns Scope: /tb_top/u_mon File: /run/media/sackb/Windows-SSD/Users/sackb/OneDrive/Desktop/University/Course_Work/2025-2026/Spring_2026/ECE_410/ECE410/project/post_m3_Minor_Redesign/tb/tb_top.sv Line:256
Error: AXI MONITOR: core_C changed while core is idle
Time: 23875 ns  Iteration: 0  Process: /tb_top/u_mon//tb_top/u_mon  Scope: tb_top.u_mon  File: /run/media/sackb/Windows-SSD/Users/sackb/OneDrive/Desktop/University/Course_Work/2025-2026/Spring_2026/ECE_410/ECE410/project/post_m3_Minor_Redesign/tb/tb_top.sv Line: 257

Time: 23885 ns Started: 23875 ns Scope: /tb_top/u_mon File: /run/media/sackb/Windows-SSD/Users/sackb/OneDrive/Desktop/University/Course_Work/2025-2026/Spring_2026/ECE_410/ECE410/project/post_m3_Minor_Redesign/tb/tb_top.sv Line:256
Error: AXI MONITOR: core_C changed while core is idle
Time: 23885 ns  Iteration: 0  Process: /tb_top/u_mon//tb_top/u_mon  Scope: tb_top.u_mon  File: /run/media/sackb/Windows-SSD/Users/sackb/OneDrive/Desktop/University/Course_Work/2025-2026/Spring_2026/ECE_410/ECE410/project/post_m3_Minor_Redesign/tb/tb_top.sv Line: 257

Time: 23895 ns Started: 23885 ns Scope: /tb_top/u_mon File: /run/media/sackb/Windows-SSD/Users/sackb/OneDrive/Desktop/University/Course_Work/2025-2026/Spring_2026/ECE_410/ECE410/project/post_m3_Minor_Redesign/tb/tb_top.sv Line:256
Error: AXI MONITOR: core_C changed while core is idle
Time: 23895 ns  Iteration: 0  Process: /tb_top/u_mon//tb_top/u_mon  Scope: tb_top.u_mon  File: /run/media/sackb/Windows-SSD/Users/sackb/OneDrive/Desktop/University/Course_Work/2025-2026/Spring_2026/ECE_410/ECE410/project/post_m3_Minor_Redesign/tb/tb_top.sv Line: 257

Time: 24525 ns Started: 24515 ns Scope: /tb_top/u_mon File: /run/media/sackb/Windows-SSD/Users/sackb/OneDrive/Desktop/University/Course_Work/2025-2026/Spring_2026/ECE_410/ECE410/project/post_m3_Minor_Redesign/tb/tb_top.sv Line:256
Error: AXI MONITOR: core_C changed while core is idle
Time: 24525 ns  Iteration: 0  Process: /tb_top/u_mon//tb_top/u_mon  Scope: tb_top.u_mon  File: /run/media/sackb/Windows-SSD/Users/sackb/OneDrive/Desktop/University/Course_Work/2025-2026/Spring_2026/ECE_410/ECE410/project/post_m3_Minor_Redesign/tb/tb_top.sv Line: 257

Time: 24535 ns Started: 24525 ns Scope: /tb_top/u_mon File: /run/media/sackb/Windows-SSD/Users/sackb/OneDrive/Desktop/University/Course_Work/2025-2026/Spring_2026/ECE_410/ECE410/project/post_m3_Minor_Redesign/tb/tb_top.sv Line:256
Error: AXI MONITOR: core_C changed while core is idle
Time: 24535 ns  Iteration: 0  Process: /tb_top/u_mon//tb_top/u_mon  Scope: tb_top.u_mon  File: /run/media/sackb/Windows-SSD/Users/sackb/OneDrive/Desktop/University/Course_Work/2025-2026/Spring_2026/ECE_410/ECE410/project/post_m3_Minor_Redesign/tb/tb_top.sv Line: 257

Time: 24545 ns Started: 24535 ns Scope: /tb_top/u_mon File: /run/media/sackb/Windows-SSD/Users/sackb/OneDrive/Desktop/University/Course_Work/2025-2026/Spring_2026/ECE_410/ECE410/project/post_m3_Minor_Redesign/tb/tb_top.sv Line:256
Error: AXI MONITOR: core_C changed while core is idle
Time: 24545 ns  Iteration: 0  Process: /tb_top/u_mon//tb_top/u_mon  Scope: tb_top.u_mon  File: /run/media/sackb/Windows-SSD/Users/sackb/OneDrive/Desktop/University/Course_Work/2025-2026/Spring_2026/ECE_410/ECE410/project/post_m3_Minor_Redesign/tb/tb_top.sv Line: 257

Time: 24555 ns Started: 24545 ns Scope: /tb_top/u_mon File: /run/media/sackb/Windows-SSD/Users/sackb/OneDrive/Desktop/University/Course_Work/2025-2026/Spring_2026/ECE_410/ECE410/project/post_m3_Minor_Redesign/tb/tb_top.sv Line:256
Error: AXI MONITOR: core_C changed while core is idle
Time: 24555 ns  Iteration: 0  Process: /tb_top/u_mon//tb_top/u_mon  Scope: tb_top.u_mon  File: /run/media/sackb/Windows-SSD/Users/sackb/OneDrive/Desktop/University/Course_Work/2025-2026/Spring_2026/ECE_410/ECE410/project/post_m3_Minor_Redesign/tb/tb_top.sv Line: 257

Time: 24565 ns Started: 24555 ns Scope: /tb_top/u_mon File: /run/media/sackb/Windows-SSD/Users/sackb/OneDrive/Desktop/University/Course_Work/2025-2026/Spring_2026/ECE_410/ECE410/project/post_m3_Minor_Redesign/tb/tb_top.sv Line:256
Error: AXI MONITOR: core_C changed while core is idle
Time: 24565 ns  Iteration: 0  Process: /tb_top/u_mon//tb_top/u_mon  Scope: tb_top.u_mon  File: /run/media/sackb/Windows-SSD/Users/sackb/OneDrive/Desktop/University/Course_Work/2025-2026/Spring_2026/ECE_410/ECE410/project/post_m3_Minor_Redesign/tb/tb_top.sv Line: 257

Time: 24575 ns Started: 24565 ns Scope: /tb_top/u_mon File: /run/media/sackb/Windows-SSD/Users/sackb/OneDrive/Desktop/University/Course_Work/2025-2026/Spring_2026/ECE_410/ECE410/project/post_m3_Minor_Redesign/tb/tb_top.sv Line:256
Error: AXI MONITOR: core_C changed while core is idle
Time: 24575 ns  Iteration: 0  Process: /tb_top/u_mon//tb_top/u_mon  Scope: tb_top.u_mon  File: /run/media/sackb/Windows-SSD/Users/sackb/OneDrive/Desktop/University/Course_Work/2025-2026/Spring_2026/ECE_410/ECE410/project/post_m3_Minor_Redesign/tb/tb_top.sv Line: 257

Time: 24585 ns Started: 24575 ns Scope: /tb_top/u_mon File: /run/media/sackb/Windows-SSD/Users/sackb/OneDrive/Desktop/University/Course_Work/2025-2026/Spring_2026/ECE_410/ECE410/project/post_m3_Minor_Redesign/tb/tb_top.sv Line:256
Error: AXI MONITOR: core_C changed while core is idle
Time: 24585 ns  Iteration: 0  Process: /tb_top/u_mon//tb_top/u_mon  Scope: tb_top.u_mon  File: /run/media/sackb/Windows-SSD/Users/sackb/OneDrive/Desktop/University/Course_Work/2025-2026/Spring_2026/ECE_410/ECE410/project/post_m3_Minor_Redesign/tb/tb_top.sv Line: 257

Time: 24595 ns Started: 24585 ns Scope: /tb_top/u_mon File: /run/media/sackb/Windows-SSD/Users/sackb/OneDrive/Desktop/University/Course_Work/2025-2026/Spring_2026/ECE_410/ECE410/project/post_m3_Minor_Redesign/tb/tb_top.sv Line:256
Error: AXI MONITOR: core_C changed while core is idle
Time: 24595 ns  Iteration: 0  Process: /tb_top/u_mon//tb_top/u_mon  Scope: tb_top.u_mon  File: /run/media/sackb/Windows-SSD/Users/sackb/OneDrive/Desktop/University/Course_Work/2025-2026/Spring_2026/ECE_410/ECE410/project/post_m3_Minor_Redesign/tb/tb_top.sv Line: 257

Time: 24605 ns Started: 24595 ns Scope: /tb_top/u_mon File: /run/media/sackb/Windows-SSD/Users/sackb/OneDrive/Desktop/University/Course_Work/2025-2026/Spring_2026/ECE_410/ECE410/project/post_m3_Minor_Redesign/tb/tb_top.sv Line:256
Error: AXI MONITOR: core_C changed while core is idle
Time: 24605 ns  Iteration: 0  Process: /tb_top/u_mon//tb_top/u_mon  Scope: tb_top.u_mon  File: /run/media/sackb/Windows-SSD/Users/sackb/OneDrive/Desktop/University/Course_Work/2025-2026/Spring_2026/ECE_410/ECE410/project/post_m3_Minor_Redesign/tb/tb_top.sv Line: 257

Time: 24615 ns Started: 24605 ns Scope: /tb_top/u_mon File: /run/media/sackb/Windows-SSD/Users/sackb/OneDrive/Desktop/University/Course_Work/2025-2026/Spring_2026/ECE_410/ECE410/project/post_m3_Minor_Redesign/tb/tb_top.sv Line:256
Error: AXI MONITOR: core_C changed while core is idle
Time: 24615 ns  Iteration: 0  Process: /tb_top/u_mon//tb_top/u_mon  Scope: tb_top.u_mon  File: /run/media/sackb/Windows-SSD/Users/sackb/OneDrive/Desktop/University/Course_Work/2025-2026/Spring_2026/ECE_410/ECE410/project/post_m3_Minor_Redesign/tb/tb_top.sv Line: 257

Time: 24625 ns Started: 24615 ns Scope: /tb_top/u_mon File: /run/media/sackb/Windows-SSD/Users/sackb/OneDrive/Desktop/University/Course_Work/2025-2026/Spring_2026/ECE_410/ECE410/project/post_m3_Minor_Redesign/tb/tb_top.sv Line:256
Error: AXI MONITOR: core_C changed while core is idle
Time: 24625 ns  Iteration: 0  Process: /tb_top/u_mon//tb_top/u_mon  Scope: tb_top.u_mon  File: /run/media/sackb/Windows-SSD/Users/sackb/OneDrive/Desktop/University/Course_Work/2025-2026/Spring_2026/ECE_410/ECE410/project/post_m3_Minor_Redesign/tb/tb_top.sv Line: 257

Time: 24635 ns Started: 24625 ns Scope: /tb_top/u_mon File: /run/media/sackb/Windows-SSD/Users/sackb/OneDrive/Desktop/University/Course_Work/2025-2026/Spring_2026/ECE_410/ECE410/project/post_m3_Minor_Redesign/tb/tb_top.sv Line:256
Error: AXI MONITOR: core_C changed while core is idle
Time: 24635 ns  Iteration: 0  Process: /tb_top/u_mon//tb_top/u_mon  Scope: tb_top.u_mon  File: /run/media/sackb/Windows-SSD/Users/sackb/OneDrive/Desktop/University/Course_Work/2025-2026/Spring_2026/ECE_410/ECE410/project/post_m3_Minor_Redesign/tb/tb_top.sv Line: 257

Time: 24645 ns Started: 24635 ns Scope: /tb_top/u_mon File: /run/media/sackb/Windows-SSD/Users/sackb/OneDrive/Desktop/University/Course_Work/2025-2026/Spring_2026/ECE_410/ECE410/project/post_m3_Minor_Redesign/tb/tb_top.sv Line:256
Error: AXI MONITOR: core_C changed while core is idle
Time: 24645 ns  Iteration: 0  Process: /tb_top/u_mon//tb_top/u_mon  Scope: tb_top.u_mon  File: /run/media/sackb/Windows-SSD/Users/sackb/OneDrive/Desktop/University/Course_Work/2025-2026/Spring_2026/ECE_410/ECE410/project/post_m3_Minor_Redesign/tb/tb_top.sv Line: 257

Time: 24655 ns Started: 24645 ns Scope: /tb_top/u_mon File: /run/media/sackb/Windows-SSD/Users/sackb/OneDrive/Desktop/University/Course_Work/2025-2026/Spring_2026/ECE_410/ECE410/project/post_m3_Minor_Redesign/tb/tb_top.sv Line:256
Error: AXI MONITOR: core_C changed while core is idle
Time: 24655 ns  Iteration: 0  Process: /tb_top/u_mon//tb_top/u_mon  Scope: tb_top.u_mon  File: /run/media/sackb/Windows-SSD/Users/sackb/OneDrive/Desktop/University/Course_Work/2025-2026/Spring_2026/ECE_410/ECE410/project/post_m3_Minor_Redesign/tb/tb_top.sv Line: 257

Time: 24665 ns Started: 24655 ns Scope: /tb_top/u_mon File: /run/media/sackb/Windows-SSD/Users/sackb/OneDrive/Desktop/University/Course_Work/2025-2026/Spring_2026/ECE_410/ECE410/project/post_m3_Minor_Redesign/tb/tb_top.sv Line:256
Error: AXI MONITOR: core_C changed while core is idle
Time: 24665 ns  Iteration: 0  Process: /tb_top/u_mon//tb_top/u_mon  Scope: tb_top.u_mon  File: /run/media/sackb/Windows-SSD/Users/sackb/OneDrive/Desktop/University/Course_Work/2025-2026/Spring_2026/ECE_410/ECE410/project/post_m3_Minor_Redesign/tb/tb_top.sv Line: 257

Time: 24675 ns Started: 24665 ns Scope: /tb_top/u_mon File: /run/media/sackb/Windows-SSD/Users/sackb/OneDrive/Desktop/University/Course_Work/2025-2026/Spring_2026/ECE_410/ECE410/project/post_m3_Minor_Redesign/tb/tb_top.sv Line:256
Error: AXI MONITOR: core_C changed while core is idle
Time: 24675 ns  Iteration: 0  Process: /tb_top/u_mon//tb_top/u_mon  Scope: tb_top.u_mon  File: /run/media/sackb/Windows-SSD/Users/sackb/OneDrive/Desktop/University/Course_Work/2025-2026/Spring_2026/ECE_410/ECE410/project/post_m3_Minor_Redesign/tb/tb_top.sv Line: 257

Time: 24685 ns Started: 24675 ns Scope: /tb_top/u_mon File: /run/media/sackb/Windows-SSD/Users/sackb/OneDrive/Desktop/University/Course_Work/2025-2026/Spring_2026/ECE_410/ECE410/project/post_m3_Minor_Redesign/tb/tb_top.sv Line:256
Error: AXI MONITOR: core_C changed while core is idle
Time: 24685 ns  Iteration: 0  Process: /tb_top/u_mon//tb_top/u_mon  Scope: tb_top.u_mon  File: /run/media/sackb/Windows-SSD/Users/sackb/OneDrive/Desktop/University/Course_Work/2025-2026/Spring_2026/ECE_410/ECE410/project/post_m3_Minor_Redesign/tb/tb_top.sv Line: 257

Time: 24695 ns Started: 24685 ns Scope: /tb_top/u_mon File: /run/media/sackb/Windows-SSD/Users/sackb/OneDrive/Desktop/University/Course_Work/2025-2026/Spring_2026/ECE_410/ECE410/project/post_m3_Minor_Redesign/tb/tb_top.sv Line:256
Error: AXI MONITOR: core_C changed while core is idle
Time: 24695 ns  Iteration: 0  Process: /tb_top/u_mon//tb_top/u_mon  Scope: tb_top.u_mon  File: /run/media/sackb/Windows-SSD/Users/sackb/OneDrive/Desktop/University/Course_Work/2025-2026/Spring_2026/ECE_410/ECE410/project/post_m3_Minor_Redesign/tb/tb_top.sv Line: 257

Time: 24705 ns Started: 24695 ns Scope: /tb_top/u_mon File: /run/media/sackb/Windows-SSD/Users/sackb/OneDrive/Desktop/University/Course_Work/2025-2026/Spring_2026/ECE_410/ECE410/project/post_m3_Minor_Redesign/tb/tb_top.sv Line:256
Error: AXI MONITOR: core_C changed while core is idle
Time: 24705 ns  Iteration: 0  Process: /tb_top/u_mon//tb_top/u_mon  Scope: tb_top.u_mon  File: /run/media/sackb/Windows-SSD/Users/sackb/OneDrive/Desktop/University/Course_Work/2025-2026/Spring_2026/ECE_410/ECE410/project/post_m3_Minor_Redesign/tb/tb_top.sv Line: 257

Time: 24715 ns Started: 24705 ns Scope: /tb_top/u_mon File: /run/media/sackb/Windows-SSD/Users/sackb/OneDrive/Desktop/University/Course_Work/2025-2026/Spring_2026/ECE_410/ECE410/project/post_m3_Minor_Redesign/tb/tb_top.sv Line:256
Error: AXI MONITOR: core_C changed while core is idle
Time: 24715 ns  Iteration: 0  Process: /tb_top/u_mon//tb_top/u_mon  Scope: tb_top.u_mon  File: /run/media/sackb/Windows-SSD/Users/sackb/OneDrive/Desktop/University/Course_Work/2025-2026/Spring_2026/ECE_410/ECE410/project/post_m3_Minor_Redesign/tb/tb_top.sv Line: 257

Time: 24725 ns Started: 24715 ns Scope: /tb_top/u_mon File: /run/media/sackb/Windows-SSD/Users/sackb/OneDrive/Desktop/University/Course_Work/2025-2026/Spring_2026/ECE_410/ECE410/project/post_m3_Minor_Redesign/tb/tb_top.sv Line:256
Error: AXI MONITOR: core_C changed while core is idle
Time: 24725 ns  Iteration: 0  Process: /tb_top/u_mon//tb_top/u_mon  Scope: tb_top.u_mon  File: /run/media/sackb/Windows-SSD/Users/sackb/OneDrive/Desktop/University/Course_Work/2025-2026/Spring_2026/ECE_410/ECE410/project/post_m3_Minor_Redesign/tb/tb_top.sv Line: 257

Time: 24735 ns Started: 24725 ns Scope: /tb_top/u_mon File: /run/media/sackb/Windows-SSD/Users/sackb/OneDrive/Desktop/University/Course_Work/2025-2026/Spring_2026/ECE_410/ECE410/project/post_m3_Minor_Redesign/tb/tb_top.sv Line:256
Error: AXI MONITOR: core_C changed while core is idle
Time: 24735 ns  Iteration: 0  Process: /tb_top/u_mon//tb_top/u_mon  Scope: tb_top.u_mon  File: /run/media/sackb/Windows-SSD/Users/sackb/OneDrive/Desktop/University/Course_Work/2025-2026/Spring_2026/ECE_410/ECE410/project/post_m3_Minor_Redesign/tb/tb_top.sv Line: 257

Time: 24745 ns Started: 24735 ns Scope: /tb_top/u_mon File: /run/media/sackb/Windows-SSD/Users/sackb/OneDrive/Desktop/University/Course_Work/2025-2026/Spring_2026/ECE_410/ECE410/project/post_m3_Minor_Redesign/tb/tb_top.sv Line:256
Error: AXI MONITOR: core_C changed while core is idle
Time: 24745 ns  Iteration: 0  Process: /tb_top/u_mon//tb_top/u_mon  Scope: tb_top.u_mon  File: /run/media/sackb/Windows-SSD/Users/sackb/OneDrive/Desktop/University/Course_Work/2025-2026/Spring_2026/ECE_410/ECE410/project/post_m3_Minor_Redesign/tb/tb_top.sv Line: 257

Time: 24755 ns Started: 24745 ns Scope: /tb_top/u_mon File: /run/media/sackb/Windows-SSD/Users/sackb/OneDrive/Desktop/University/Course_Work/2025-2026/Spring_2026/ECE_410/ECE410/project/post_m3_Minor_Redesign/tb/tb_top.sv Line:256
Error: AXI MONITOR: core_C changed while core is idle
Time: 24755 ns  Iteration: 0  Process: /tb_top/u_mon//tb_top/u_mon  Scope: tb_top.u_mon  File: /run/media/sackb/Windows-SSD/Users/sackb/OneDrive/Desktop/University/Course_Work/2025-2026/Spring_2026/ECE_410/ECE410/project/post_m3_Minor_Redesign/tb/tb_top.sv Line: 257

Time: 24765 ns Started: 24755 ns Scope: /tb_top/u_mon File: /run/media/sackb/Windows-SSD/Users/sackb/OneDrive/Desktop/University/Course_Work/2025-2026/Spring_2026/ECE_410/ECE410/project/post_m3_Minor_Redesign/tb/tb_top.sv Line:256
Error: AXI MONITOR: core_C changed while core is idle
Time: 24765 ns  Iteration: 0  Process: /tb_top/u_mon//tb_top/u_mon  Scope: tb_top.u_mon  File: /run/media/sackb/Windows-SSD/Users/sackb/OneDrive/Desktop/University/Course_Work/2025-2026/Spring_2026/ECE_410/ECE410/project/post_m3_Minor_Redesign/tb/tb_top.sv Line: 257

Time: 24775 ns Started: 24765 ns Scope: /tb_top/u_mon File: /run/media/sackb/Windows-SSD/Users/sackb/OneDrive/Desktop/University/Course_Work/2025-2026/Spring_2026/ECE_410/ECE410/project/post_m3_Minor_Redesign/tb/tb_top.sv Line:256
Error: AXI MONITOR: core_C changed while core is idle
Time: 24775 ns  Iteration: 0  Process: /tb_top/u_mon//tb_top/u_mon  Scope: tb_top.u_mon  File: /run/media/sackb/Windows-SSD/Users/sackb/OneDrive/Desktop/University/Course_Work/2025-2026/Spring_2026/ECE_410/ECE410/project/post_m3_Minor_Redesign/tb/tb_top.sv Line: 257

Time: 24785 ns Started: 24775 ns Scope: /tb_top/u_mon File: /run/media/sackb/Windows-SSD/Users/sackb/OneDrive/Desktop/University/Course_Work/2025-2026/Spring_2026/ECE_410/ECE410/project/post_m3_Minor_Redesign/tb/tb_top.sv Line:256
Error: AXI MONITOR: core_C changed while core is idle
Time: 24785 ns  Iteration: 0  Process: /tb_top/u_mon//tb_top/u_mon  Scope: tb_top.u_mon  File: /run/media/sackb/Windows-SSD/Users/sackb/OneDrive/Desktop/University/Course_Work/2025-2026/Spring_2026/ECE_410/ECE410/project/post_m3_Minor_Redesign/tb/tb_top.sv Line: 257

Time: 24795 ns Started: 24785 ns Scope: /tb_top/u_mon File: /run/media/sackb/Windows-SSD/Users/sackb/OneDrive/Desktop/University/Course_Work/2025-2026/Spring_2026/ECE_410/ECE410/project/post_m3_Minor_Redesign/tb/tb_top.sv Line:256
Error: AXI MONITOR: core_C changed while core is idle
Time: 24795 ns  Iteration: 0  Process: /tb_top/u_mon//tb_top/u_mon  Scope: tb_top.u_mon  File: /run/media/sackb/Windows-SSD/Users/sackb/OneDrive/Desktop/University/Course_Work/2025-2026/Spring_2026/ECE_410/ECE410/project/post_m3_Minor_Redesign/tb/tb_top.sv Line: 257

Time: 24805 ns Started: 24795 ns Scope: /tb_top/u_mon File: /run/media/sackb/Windows-SSD/Users/sackb/OneDrive/Desktop/University/Course_Work/2025-2026/Spring_2026/ECE_410/ECE410/project/post_m3_Minor_Redesign/tb/tb_top.sv Line:256
Error: AXI MONITOR: core_C changed while core is idle
Time: 24805 ns  Iteration: 0  Process: /tb_top/u_mon//tb_top/u_mon  Scope: tb_top.u_mon  File: /run/media/sackb/Windows-SSD/Users/sackb/OneDrive/Desktop/University/Course_Work/2025-2026/Spring_2026/ECE_410/ECE410/project/post_m3_Minor_Redesign/tb/tb_top.sv Line: 257

Time: 24815 ns Started: 24805 ns Scope: /tb_top/u_mon File: /run/media/sackb/Windows-SSD/Users/sackb/OneDrive/Desktop/University/Course_Work/2025-2026/Spring_2026/ECE_410/ECE410/project/post_m3_Minor_Redesign/tb/tb_top.sv Line:256
Error: AXI MONITOR: core_C changed while core is idle
Time: 24815 ns  Iteration: 0  Process: /tb_top/u_mon//tb_top/u_mon  Scope: tb_top.u_mon  File: /run/media/sackb/Windows-SSD/Users/sackb/OneDrive/Desktop/University/Course_Work/2025-2026/Spring_2026/ECE_410/ECE410/project/post_m3_Minor_Redesign/tb/tb_top.sv Line: 257

Time: 24825 ns Started: 24815 ns Scope: /tb_top/u_mon File: /run/media/sackb/Windows-SSD/Users/sackb/OneDrive/Desktop/University/Course_Work/2025-2026/Spring_2026/ECE_410/ECE410/project/post_m3_Minor_Redesign/tb/tb_top.sv Line:256
Error: AXI MONITOR: core_C changed while core is idle
Time: 24825 ns  Iteration: 0  Process: /tb_top/u_mon//tb_top/u_mon  Scope: tb_top.u_mon  File: /run/media/sackb/Windows-SSD/Users/sackb/OneDrive/Desktop/University/Course_Work/2025-2026/Spring_2026/ECE_410/ECE410/project/post_m3_Minor_Redesign/tb/tb_top.sv Line: 257

Time: 24835 ns Started: 24825 ns Scope: /tb_top/u_mon File: /run/media/sackb/Windows-SSD/Users/sackb/OneDrive/Desktop/University/Course_Work/2025-2026/Spring_2026/ECE_410/ECE410/project/post_m3_Minor_Redesign/tb/tb_top.sv Line:256
Error: AXI MONITOR: core_C changed while core is idle
Time: 24835 ns  Iteration: 0  Process: /tb_top/u_mon//tb_top/u_mon  Scope: tb_top.u_mon  File: /run/media/sackb/Windows-SSD/Users/sackb/OneDrive/Desktop/University/Course_Work/2025-2026/Spring_2026/ECE_410/ECE410/project/post_m3_Minor_Redesign/tb/tb_top.sv Line: 257

Time: 24845 ns Started: 24835 ns Scope: /tb_top/u_mon File: /run/media/sackb/Windows-SSD/Users/sackb/OneDrive/Desktop/University/Course_Work/2025-2026/Spring_2026/ECE_410/ECE410/project/post_m3_Minor_Redesign/tb/tb_top.sv Line:256
Error: AXI MONITOR: core_C changed while core is idle
Time: 24845 ns  Iteration: 0  Process: /tb_top/u_mon//tb_top/u_mon  Scope: tb_top.u_mon  File: /run/media/sackb/Windows-SSD/Users/sackb/OneDrive/Desktop/University/Course_Work/2025-2026/Spring_2026/ECE_410/ECE410/project/post_m3_Minor_Redesign/tb/tb_top.sv Line: 257

Time: 24855 ns Started: 24845 ns Scope: /tb_top/u_mon File: /run/media/sackb/Windows-SSD/Users/sackb/OneDrive/Desktop/University/Course_Work/2025-2026/Spring_2026/ECE_410/ECE410/project/post_m3_Minor_Redesign/tb/tb_top.sv Line:256
Error: AXI MONITOR: core_C changed while core is idle
Time: 24855 ns  Iteration: 0  Process: /tb_top/u_mon//tb_top/u_mon  Scope: tb_top.u_mon  File: /run/media/sackb/Windows-SSD/Users/sackb/OneDrive/Desktop/University/Course_Work/2025-2026/Spring_2026/ECE_410/ECE410/project/post_m3_Minor_Redesign/tb/tb_top.sv Line: 257

Time: 24865 ns Started: 24855 ns Scope: /tb_top/u_mon File: /run/media/sackb/Windows-SSD/Users/sackb/OneDrive/Desktop/University/Course_Work/2025-2026/Spring_2026/ECE_410/ECE410/project/post_m3_Minor_Redesign/tb/tb_top.sv Line:256
Error: AXI MONITOR: core_C changed while core is idle
Time: 24865 ns  Iteration: 0  Process: /tb_top/u_mon//tb_top/u_mon  Scope: tb_top.u_mon  File: /run/media/sackb/Windows-SSD/Users/sackb/OneDrive/Desktop/University/Course_Work/2025-2026/Spring_2026/ECE_410/ECE410/project/post_m3_Minor_Redesign/tb/tb_top.sv Line: 257

Time: 24875 ns Started: 24865 ns Scope: /tb_top/u_mon File: /run/media/sackb/Windows-SSD/Users/sackb/OneDrive/Desktop/University/Course_Work/2025-2026/Spring_2026/ECE_410/ECE410/project/post_m3_Minor_Redesign/tb/tb_top.sv Line:256
Error: AXI MONITOR: core_C changed while core is idle
Time: 24875 ns  Iteration: 0  Process: /tb_top/u_mon//tb_top/u_mon  Scope: tb_top.u_mon  File: /run/media/sackb/Windows-SSD/Users/sackb/OneDrive/Desktop/University/Course_Work/2025-2026/Spring_2026/ECE_410/ECE410/project/post_m3_Minor_Redesign/tb/tb_top.sv Line: 257

Time: 24885 ns Started: 24875 ns Scope: /tb_top/u_mon File: /run/media/sackb/Windows-SSD/Users/sackb/OneDrive/Desktop/University/Course_Work/2025-2026/Spring_2026/ECE_410/ECE410/project/post_m3_Minor_Redesign/tb/tb_top.sv Line:256
Error: AXI MONITOR: core_C changed while core is idle
Time: 24885 ns  Iteration: 0  Process: /tb_top/u_mon//tb_top/u_mon  Scope: tb_top.u_mon  File: /run/media/sackb/Windows-SSD/Users/sackb/OneDrive/Desktop/University/Course_Work/2025-2026/Spring_2026/ECE_410/ECE410/project/post_m3_Minor_Redesign/tb/tb_top.sv Line: 257
TB_TOP: Iteration 13 complete
TB_TOP: Starting iteration 14

Time: 24895 ns Started: 24885 ns Scope: /tb_top/u_mon File: /run/media/sackb/Windows-SSD/Users/sackb/OneDrive/Desktop/University/Course_Work/2025-2026/Spring_2026/ECE_410/ECE410/project/post_m3_Minor_Redesign/tb/tb_top.sv Line:256
Error: AXI MONITOR: core_C changed while core is idle
Time: 24895 ns  Iteration: 0  Process: /tb_top/u_mon//tb_top/u_mon  Scope: tb_top.u_mon  File: /run/media/sackb/Windows-SSD/Users/sackb/OneDrive/Desktop/University/Course_Work/2025-2026/Spring_2026/ECE_410/ECE410/project/post_m3_Minor_Redesign/tb/tb_top.sv Line: 257

Time: 24905 ns Started: 24895 ns Scope: /tb_top/u_mon File: /run/media/sackb/Windows-SSD/Users/sackb/OneDrive/Desktop/University/Course_Work/2025-2026/Spring_2026/ECE_410/ECE410/project/post_m3_Minor_Redesign/tb/tb_top.sv Line:256
Error: AXI MONITOR: core_C changed while core is idle
Time: 24905 ns  Iteration: 0  Process: /tb_top/u_mon//tb_top/u_mon  Scope: tb_top.u_mon  File: /run/media/sackb/Windows-SSD/Users/sackb/OneDrive/Desktop/University/Course_Work/2025-2026/Spring_2026/ECE_410/ECE410/project/post_m3_Minor_Redesign/tb/tb_top.sv Line: 257

Time: 24915 ns Started: 24905 ns Scope: /tb_top/u_mon File: /run/media/sackb/Windows-SSD/Users/sackb/OneDrive/Desktop/University/Course_Work/2025-2026/Spring_2026/ECE_410/ECE410/project/post_m3_Minor_Redesign/tb/tb_top.sv Line:256
Error: AXI MONITOR: core_C changed while core is idle
Time: 24915 ns  Iteration: 0  Process: /tb_top/u_mon//tb_top/u_mon  Scope: tb_top.u_mon  File: /run/media/sackb/Windows-SSD/Users/sackb/OneDrive/Desktop/University/Course_Work/2025-2026/Spring_2026/ECE_410/ECE410/project/post_m3_Minor_Redesign/tb/tb_top.sv Line: 257

Time: 24925 ns Started: 24915 ns Scope: /tb_top/u_mon File: /run/media/sackb/Windows-SSD/Users/sackb/OneDrive/Desktop/University/Course_Work/2025-2026/Spring_2026/ECE_410/ECE410/project/post_m3_Minor_Redesign/tb/tb_top.sv Line:256
Error: AXI MONITOR: core_C changed while core is idle
Time: 24925 ns  Iteration: 0  Process: /tb_top/u_mon//tb_top/u_mon  Scope: tb_top.u_mon  File: /run/media/sackb/Windows-SSD/Users/sackb/OneDrive/Desktop/University/Course_Work/2025-2026/Spring_2026/ECE_410/ECE410/project/post_m3_Minor_Redesign/tb/tb_top.sv Line: 257

Time: 24935 ns Started: 24925 ns Scope: /tb_top/u_mon File: /run/media/sackb/Windows-SSD/Users/sackb/OneDrive/Desktop/University/Course_Work/2025-2026/Spring_2026/ECE_410/ECE410/project/post_m3_Minor_Redesign/tb/tb_top.sv Line:256
Error: AXI MONITOR: core_C changed while core is idle
Time: 24935 ns  Iteration: 0  Process: /tb_top/u_mon//tb_top/u_mon  Scope: tb_top.u_mon  File: /run/media/sackb/Windows-SSD/Users/sackb/OneDrive/Desktop/University/Course_Work/2025-2026/Spring_2026/ECE_410/ECE410/project/post_m3_Minor_Redesign/tb/tb_top.sv Line: 257

Time: 24945 ns Started: 24935 ns Scope: /tb_top/u_mon File: /run/media/sackb/Windows-SSD/Users/sackb/OneDrive/Desktop/University/Course_Work/2025-2026/Spring_2026/ECE_410/ECE410/project/post_m3_Minor_Redesign/tb/tb_top.sv Line:256
Error: AXI MONITOR: core_C changed while core is idle
Time: 24945 ns  Iteration: 0  Process: /tb_top/u_mon//tb_top/u_mon  Scope: tb_top.u_mon  File: /run/media/sackb/Windows-SSD/Users/sackb/OneDrive/Desktop/University/Course_Work/2025-2026/Spring_2026/ECE_410/ECE410/project/post_m3_Minor_Redesign/tb/tb_top.sv Line: 257

Time: 24955 ns Started: 24945 ns Scope: /tb_top/u_mon File: /run/media/sackb/Windows-SSD/Users/sackb/OneDrive/Desktop/University/Course_Work/2025-2026/Spring_2026/ECE_410/ECE410/project/post_m3_Minor_Redesign/tb/tb_top.sv Line:256
Error: AXI MONITOR: core_C changed while core is idle
Time: 24955 ns  Iteration: 0  Process: /tb_top/u_mon//tb_top/u_mon  Scope: tb_top.u_mon  File: /run/media/sackb/Windows-SSD/Users/sackb/OneDrive/Desktop/University/Course_Work/2025-2026/Spring_2026/ECE_410/ECE410/project/post_m3_Minor_Redesign/tb/tb_top.sv Line: 257

Time: 24965 ns Started: 24955 ns Scope: /tb_top/u_mon File: /run/media/sackb/Windows-SSD/Users/sackb/OneDrive/Desktop/University/Course_Work/2025-2026/Spring_2026/ECE_410/ECE410/project/post_m3_Minor_Redesign/tb/tb_top.sv Line:256
Error: AXI MONITOR: core_C changed while core is idle
Time: 24965 ns  Iteration: 0  Process: /tb_top/u_mon//tb_top/u_mon  Scope: tb_top.u_mon  File: /run/media/sackb/Windows-SSD/Users/sackb/OneDrive/Desktop/University/Course_Work/2025-2026/Spring_2026/ECE_410/ECE410/project/post_m3_Minor_Redesign/tb/tb_top.sv Line: 257

Time: 24975 ns Started: 24965 ns Scope: /tb_top/u_mon File: /run/media/sackb/Windows-SSD/Users/sackb/OneDrive/Desktop/University/Course_Work/2025-2026/Spring_2026/ECE_410/ECE410/project/post_m3_Minor_Redesign/tb/tb_top.sv Line:256
Error: AXI MONITOR: core_C changed while core is idle
Time: 24975 ns  Iteration: 0  Process: /tb_top/u_mon//tb_top/u_mon  Scope: tb_top.u_mon  File: /run/media/sackb/Windows-SSD/Users/sackb/OneDrive/Desktop/University/Course_Work/2025-2026/Spring_2026/ECE_410/ECE410/project/post_m3_Minor_Redesign/tb/tb_top.sv Line: 257

Time: 24985 ns Started: 24975 ns Scope: /tb_top/u_mon File: /run/media/sackb/Windows-SSD/Users/sackb/OneDrive/Desktop/University/Course_Work/2025-2026/Spring_2026/ECE_410/ECE410/project/post_m3_Minor_Redesign/tb/tb_top.sv Line:256
Error: AXI MONITOR: core_C changed while core is idle
Time: 24985 ns  Iteration: 0  Process: /tb_top/u_mon//tb_top/u_mon  Scope: tb_top.u_mon  File: /run/media/sackb/Windows-SSD/Users/sackb/OneDrive/Desktop/University/Course_Work/2025-2026/Spring_2026/ECE_410/ECE410/project/post_m3_Minor_Redesign/tb/tb_top.sv Line: 257

Time: 24995 ns Started: 24985 ns Scope: /tb_top/u_mon File: /run/media/sackb/Windows-SSD/Users/sackb/OneDrive/Desktop/University/Course_Work/2025-2026/Spring_2026/ECE_410/ECE410/project/post_m3_Minor_Redesign/tb/tb_top.sv Line:256
Error: AXI MONITOR: core_C changed while core is idle
Time: 24995 ns  Iteration: 0  Process: /tb_top/u_mon//tb_top/u_mon  Scope: tb_top.u_mon  File: /run/media/sackb/Windows-SSD/Users/sackb/OneDrive/Desktop/University/Course_Work/2025-2026/Spring_2026/ECE_410/ECE410/project/post_m3_Minor_Redesign/tb/tb_top.sv Line: 257

Time: 25005 ns Started: 24995 ns Scope: /tb_top/u_mon File: /run/media/sackb/Windows-SSD/Users/sackb/OneDrive/Desktop/University/Course_Work/2025-2026/Spring_2026/ECE_410/ECE410/project/post_m3_Minor_Redesign/tb/tb_top.sv Line:256
Error: AXI MONITOR: core_C changed while core is idle
Time: 25005 ns  Iteration: 0  Process: /tb_top/u_mon//tb_top/u_mon  Scope: tb_top.u_mon  File: /run/media/sackb/Windows-SSD/Users/sackb/OneDrive/Desktop/University/Course_Work/2025-2026/Spring_2026/ECE_410/ECE410/project/post_m3_Minor_Redesign/tb/tb_top.sv Line: 257

Time: 25015 ns Started: 25005 ns Scope: /tb_top/u_mon File: /run/media/sackb/Windows-SSD/Users/sackb/OneDrive/Desktop/University/Course_Work/2025-2026/Spring_2026/ECE_410/ECE410/project/post_m3_Minor_Redesign/tb/tb_top.sv Line:256
Error: AXI MONITOR: core_C changed while core is idle
Time: 25015 ns  Iteration: 0  Process: /tb_top/u_mon//tb_top/u_mon  Scope: tb_top.u_mon  File: /run/media/sackb/Windows-SSD/Users/sackb/OneDrive/Desktop/University/Course_Work/2025-2026/Spring_2026/ECE_410/ECE410/project/post_m3_Minor_Redesign/tb/tb_top.sv Line: 257

Time: 25025 ns Started: 25015 ns Scope: /tb_top/u_mon File: /run/media/sackb/Windows-SSD/Users/sackb/OneDrive/Desktop/University/Course_Work/2025-2026/Spring_2026/ECE_410/ECE410/project/post_m3_Minor_Redesign/tb/tb_top.sv Line:256
Error: AXI MONITOR: core_C changed while core is idle
Time: 25025 ns  Iteration: 0  Process: /tb_top/u_mon//tb_top/u_mon  Scope: tb_top.u_mon  File: /run/media/sackb/Windows-SSD/Users/sackb/OneDrive/Desktop/University/Course_Work/2025-2026/Spring_2026/ECE_410/ECE410/project/post_m3_Minor_Redesign/tb/tb_top.sv Line: 257

Time: 25035 ns Started: 25025 ns Scope: /tb_top/u_mon File: /run/media/sackb/Windows-SSD/Users/sackb/OneDrive/Desktop/University/Course_Work/2025-2026/Spring_2026/ECE_410/ECE410/project/post_m3_Minor_Redesign/tb/tb_top.sv Line:256
Error: AXI MONITOR: core_C changed while core is idle
Time: 25035 ns  Iteration: 0  Process: /tb_top/u_mon//tb_top/u_mon  Scope: tb_top.u_mon  File: /run/media/sackb/Windows-SSD/Users/sackb/OneDrive/Desktop/University/Course_Work/2025-2026/Spring_2026/ECE_410/ECE410/project/post_m3_Minor_Redesign/tb/tb_top.sv Line: 257

Time: 25045 ns Started: 25035 ns Scope: /tb_top/u_mon File: /run/media/sackb/Windows-SSD/Users/sackb/OneDrive/Desktop/University/Course_Work/2025-2026/Spring_2026/ECE_410/ECE410/project/post_m3_Minor_Redesign/tb/tb_top.sv Line:256
Error: AXI MONITOR: core_C changed while core is idle
Time: 25045 ns  Iteration: 0  Process: /tb_top/u_mon//tb_top/u_mon  Scope: tb_top.u_mon  File: /run/media/sackb/Windows-SSD/Users/sackb/OneDrive/Desktop/University/Course_Work/2025-2026/Spring_2026/ECE_410/ECE410/project/post_m3_Minor_Redesign/tb/tb_top.sv Line: 257

Time: 25055 ns Started: 25045 ns Scope: /tb_top/u_mon File: /run/media/sackb/Windows-SSD/Users/sackb/OneDrive/Desktop/University/Course_Work/2025-2026/Spring_2026/ECE_410/ECE410/project/post_m3_Minor_Redesign/tb/tb_top.sv Line:256
Error: AXI MONITOR: core_C changed while core is idle
Time: 25055 ns  Iteration: 0  Process: /tb_top/u_mon//tb_top/u_mon  Scope: tb_top.u_mon  File: /run/media/sackb/Windows-SSD/Users/sackb/OneDrive/Desktop/University/Course_Work/2025-2026/Spring_2026/ECE_410/ECE410/project/post_m3_Minor_Redesign/tb/tb_top.sv Line: 257

Time: 25065 ns Started: 25055 ns Scope: /tb_top/u_mon File: /run/media/sackb/Windows-SSD/Users/sackb/OneDrive/Desktop/University/Course_Work/2025-2026/Spring_2026/ECE_410/ECE410/project/post_m3_Minor_Redesign/tb/tb_top.sv Line:256
Error: AXI MONITOR: core_C changed while core is idle
Time: 25065 ns  Iteration: 0  Process: /tb_top/u_mon//tb_top/u_mon  Scope: tb_top.u_mon  File: /run/media/sackb/Windows-SSD/Users/sackb/OneDrive/Desktop/University/Course_Work/2025-2026/Spring_2026/ECE_410/ECE410/project/post_m3_Minor_Redesign/tb/tb_top.sv Line: 257

Time: 25075 ns Started: 25065 ns Scope: /tb_top/u_mon File: /run/media/sackb/Windows-SSD/Users/sackb/OneDrive/Desktop/University/Course_Work/2025-2026/Spring_2026/ECE_410/ECE410/project/post_m3_Minor_Redesign/tb/tb_top.sv Line:256
Error: AXI MONITOR: core_C changed while core is idle
Time: 25075 ns  Iteration: 0  Process: /tb_top/u_mon//tb_top/u_mon  Scope: tb_top.u_mon  File: /run/media/sackb/Windows-SSD/Users/sackb/OneDrive/Desktop/University/Course_Work/2025-2026/Spring_2026/ECE_410/ECE410/project/post_m3_Minor_Redesign/tb/tb_top.sv Line: 257

Time: 25085 ns Started: 25075 ns Scope: /tb_top/u_mon File: /run/media/sackb/Windows-SSD/Users/sackb/OneDrive/Desktop/University/Course_Work/2025-2026/Spring_2026/ECE_410/ECE410/project/post_m3_Minor_Redesign/tb/tb_top.sv Line:256
Error: AXI MONITOR: core_C changed while core is idle
Time: 25085 ns  Iteration: 0  Process: /tb_top/u_mon//tb_top/u_mon  Scope: tb_top.u_mon  File: /run/media/sackb/Windows-SSD/Users/sackb/OneDrive/Desktop/University/Course_Work/2025-2026/Spring_2026/ECE_410/ECE410/project/post_m3_Minor_Redesign/tb/tb_top.sv Line: 257

Time: 25095 ns Started: 25085 ns Scope: /tb_top/u_mon File: /run/media/sackb/Windows-SSD/Users/sackb/OneDrive/Desktop/University/Course_Work/2025-2026/Spring_2026/ECE_410/ECE410/project/post_m3_Minor_Redesign/tb/tb_top.sv Line:256
Error: AXI MONITOR: core_C changed while core is idle
Time: 25095 ns  Iteration: 0  Process: /tb_top/u_mon//tb_top/u_mon  Scope: tb_top.u_mon  File: /run/media/sackb/Windows-SSD/Users/sackb/OneDrive/Desktop/University/Course_Work/2025-2026/Spring_2026/ECE_410/ECE410/project/post_m3_Minor_Redesign/tb/tb_top.sv Line: 257

Time: 25105 ns Started: 25095 ns Scope: /tb_top/u_mon File: /run/media/sackb/Windows-SSD/Users/sackb/OneDrive/Desktop/University/Course_Work/2025-2026/Spring_2026/ECE_410/ECE410/project/post_m3_Minor_Redesign/tb/tb_top.sv Line:256
Error: AXI MONITOR: core_C changed while core is idle
Time: 25105 ns  Iteration: 0  Process: /tb_top/u_mon//tb_top/u_mon  Scope: tb_top.u_mon  File: /run/media/sackb/Windows-SSD/Users/sackb/OneDrive/Desktop/University/Course_Work/2025-2026/Spring_2026/ECE_410/ECE410/project/post_m3_Minor_Redesign/tb/tb_top.sv Line: 257

Time: 25115 ns Started: 25105 ns Scope: /tb_top/u_mon File: /run/media/sackb/Windows-SSD/Users/sackb/OneDrive/Desktop/University/Course_Work/2025-2026/Spring_2026/ECE_410/ECE410/project/post_m3_Minor_Redesign/tb/tb_top.sv Line:256
Error: AXI MONITOR: core_C changed while core is idle
Time: 25115 ns  Iteration: 0  Process: /tb_top/u_mon//tb_top/u_mon  Scope: tb_top.u_mon  File: /run/media/sackb/Windows-SSD/Users/sackb/OneDrive/Desktop/University/Course_Work/2025-2026/Spring_2026/ECE_410/ECE410/project/post_m3_Minor_Redesign/tb/tb_top.sv Line: 257

Time: 25125 ns Started: 25115 ns Scope: /tb_top/u_mon File: /run/media/sackb/Windows-SSD/Users/sackb/OneDrive/Desktop/University/Course_Work/2025-2026/Spring_2026/ECE_410/ECE410/project/post_m3_Minor_Redesign/tb/tb_top.sv Line:256
Error: AXI MONITOR: core_C changed while core is idle
Time: 25125 ns  Iteration: 0  Process: /tb_top/u_mon//tb_top/u_mon  Scope: tb_top.u_mon  File: /run/media/sackb/Windows-SSD/Users/sackb/OneDrive/Desktop/University/Course_Work/2025-2026/Spring_2026/ECE_410/ECE410/project/post_m3_Minor_Redesign/tb/tb_top.sv Line: 257

Time: 25135 ns Started: 25125 ns Scope: /tb_top/u_mon File: /run/media/sackb/Windows-SSD/Users/sackb/OneDrive/Desktop/University/Course_Work/2025-2026/Spring_2026/ECE_410/ECE410/project/post_m3_Minor_Redesign/tb/tb_top.sv Line:256
Error: AXI MONITOR: core_C changed while core is idle
Time: 25135 ns  Iteration: 0  Process: /tb_top/u_mon//tb_top/u_mon  Scope: tb_top.u_mon  File: /run/media/sackb/Windows-SSD/Users/sackb/OneDrive/Desktop/University/Course_Work/2025-2026/Spring_2026/ECE_410/ECE410/project/post_m3_Minor_Redesign/tb/tb_top.sv Line: 257

Time: 25145 ns Started: 25135 ns Scope: /tb_top/u_mon File: /run/media/sackb/Windows-SSD/Users/sackb/OneDrive/Desktop/University/Course_Work/2025-2026/Spring_2026/ECE_410/ECE410/project/post_m3_Minor_Redesign/tb/tb_top.sv Line:256
Error: AXI MONITOR: core_C changed while core is idle
Time: 25145 ns  Iteration: 0  Process: /tb_top/u_mon//tb_top/u_mon  Scope: tb_top.u_mon  File: /run/media/sackb/Windows-SSD/Users/sackb/OneDrive/Desktop/University/Course_Work/2025-2026/Spring_2026/ECE_410/ECE410/project/post_m3_Minor_Redesign/tb/tb_top.sv Line: 257

Time: 25155 ns Started: 25145 ns Scope: /tb_top/u_mon File: /run/media/sackb/Windows-SSD/Users/sackb/OneDrive/Desktop/University/Course_Work/2025-2026/Spring_2026/ECE_410/ECE410/project/post_m3_Minor_Redesign/tb/tb_top.sv Line:256
Error: AXI MONITOR: core_C changed while core is idle
Time: 25155 ns  Iteration: 0  Process: /tb_top/u_mon//tb_top/u_mon  Scope: tb_top.u_mon  File: /run/media/sackb/Windows-SSD/Users/sackb/OneDrive/Desktop/University/Course_Work/2025-2026/Spring_2026/ECE_410/ECE410/project/post_m3_Minor_Redesign/tb/tb_top.sv Line: 257

Time: 25165 ns Started: 25155 ns Scope: /tb_top/u_mon File: /run/media/sackb/Windows-SSD/Users/sackb/OneDrive/Desktop/University/Course_Work/2025-2026/Spring_2026/ECE_410/ECE410/project/post_m3_Minor_Redesign/tb/tb_top.sv Line:256
Error: AXI MONITOR: core_C changed while core is idle
Time: 25165 ns  Iteration: 0  Process: /tb_top/u_mon//tb_top/u_mon  Scope: tb_top.u_mon  File: /run/media/sackb/Windows-SSD/Users/sackb/OneDrive/Desktop/University/Course_Work/2025-2026/Spring_2026/ECE_410/ECE410/project/post_m3_Minor_Redesign/tb/tb_top.sv Line: 257

Time: 25175 ns Started: 25165 ns Scope: /tb_top/u_mon File: /run/media/sackb/Windows-SSD/Users/sackb/OneDrive/Desktop/University/Course_Work/2025-2026/Spring_2026/ECE_410/ECE410/project/post_m3_Minor_Redesign/tb/tb_top.sv Line:256
Error: AXI MONITOR: core_C changed while core is idle
Time: 25175 ns  Iteration: 0  Process: /tb_top/u_mon//tb_top/u_mon  Scope: tb_top.u_mon  File: /run/media/sackb/Windows-SSD/Users/sackb/OneDrive/Desktop/University/Course_Work/2025-2026/Spring_2026/ECE_410/ECE410/project/post_m3_Minor_Redesign/tb/tb_top.sv Line: 257

Time: 25185 ns Started: 25175 ns Scope: /tb_top/u_mon File: /run/media/sackb/Windows-SSD/Users/sackb/OneDrive/Desktop/University/Course_Work/2025-2026/Spring_2026/ECE_410/ECE410/project/post_m3_Minor_Redesign/tb/tb_top.sv Line:256
Error: AXI MONITOR: core_C changed while core is idle
Time: 25185 ns  Iteration: 0  Process: /tb_top/u_mon//tb_top/u_mon  Scope: tb_top.u_mon  File: /run/media/sackb/Windows-SSD/Users/sackb/OneDrive/Desktop/University/Course_Work/2025-2026/Spring_2026/ECE_410/ECE410/project/post_m3_Minor_Redesign/tb/tb_top.sv Line: 257

Time: 25195 ns Started: 25185 ns Scope: /tb_top/u_mon File: /run/media/sackb/Windows-SSD/Users/sackb/OneDrive/Desktop/University/Course_Work/2025-2026/Spring_2026/ECE_410/ECE410/project/post_m3_Minor_Redesign/tb/tb_top.sv Line:256
Error: AXI MONITOR: core_C changed while core is idle
Time: 25195 ns  Iteration: 0  Process: /tb_top/u_mon//tb_top/u_mon  Scope: tb_top.u_mon  File: /run/media/sackb/Windows-SSD/Users/sackb/OneDrive/Desktop/University/Course_Work/2025-2026/Spring_2026/ECE_410/ECE410/project/post_m3_Minor_Redesign/tb/tb_top.sv Line: 257

Time: 25205 ns Started: 25195 ns Scope: /tb_top/u_mon File: /run/media/sackb/Windows-SSD/Users/sackb/OneDrive/Desktop/University/Course_Work/2025-2026/Spring_2026/ECE_410/ECE410/project/post_m3_Minor_Redesign/tb/tb_top.sv Line:256
Error: AXI MONITOR: core_C changed while core is idle
Time: 25205 ns  Iteration: 0  Process: /tb_top/u_mon//tb_top/u_mon  Scope: tb_top.u_mon  File: /run/media/sackb/Windows-SSD/Users/sackb/OneDrive/Desktop/University/Course_Work/2025-2026/Spring_2026/ECE_410/ECE410/project/post_m3_Minor_Redesign/tb/tb_top.sv Line: 257

Time: 25215 ns Started: 25205 ns Scope: /tb_top/u_mon File: /run/media/sackb/Windows-SSD/Users/sackb/OneDrive/Desktop/University/Course_Work/2025-2026/Spring_2026/ECE_410/ECE410/project/post_m3_Minor_Redesign/tb/tb_top.sv Line:256
Error: AXI MONITOR: core_C changed while core is idle
Time: 25215 ns  Iteration: 0  Process: /tb_top/u_mon//tb_top/u_mon  Scope: tb_top.u_mon  File: /run/media/sackb/Windows-SSD/Users/sackb/OneDrive/Desktop/University/Course_Work/2025-2026/Spring_2026/ECE_410/ECE410/project/post_m3_Minor_Redesign/tb/tb_top.sv Line: 257

Time: 25225 ns Started: 25215 ns Scope: /tb_top/u_mon File: /run/media/sackb/Windows-SSD/Users/sackb/OneDrive/Desktop/University/Course_Work/2025-2026/Spring_2026/ECE_410/ECE410/project/post_m3_Minor_Redesign/tb/tb_top.sv Line:256
Error: AXI MONITOR: core_C changed while core is idle
Time: 25225 ns  Iteration: 0  Process: /tb_top/u_mon//tb_top/u_mon  Scope: tb_top.u_mon  File: /run/media/sackb/Windows-SSD/Users/sackb/OneDrive/Desktop/University/Course_Work/2025-2026/Spring_2026/ECE_410/ECE410/project/post_m3_Minor_Redesign/tb/tb_top.sv Line: 257

Time: 25235 ns Started: 25225 ns Scope: /tb_top/u_mon File: /run/media/sackb/Windows-SSD/Users/sackb/OneDrive/Desktop/University/Course_Work/2025-2026/Spring_2026/ECE_410/ECE410/project/post_m3_Minor_Redesign/tb/tb_top.sv Line:256
Error: AXI MONITOR: core_C changed while core is idle
Time: 25235 ns  Iteration: 0  Process: /tb_top/u_mon//tb_top/u_mon  Scope: tb_top.u_mon  File: /run/media/sackb/Windows-SSD/Users/sackb/OneDrive/Desktop/University/Course_Work/2025-2026/Spring_2026/ECE_410/ECE410/project/post_m3_Minor_Redesign/tb/tb_top.sv Line: 257

Time: 25245 ns Started: 25235 ns Scope: /tb_top/u_mon File: /run/media/sackb/Windows-SSD/Users/sackb/OneDrive/Desktop/University/Course_Work/2025-2026/Spring_2026/ECE_410/ECE410/project/post_m3_Minor_Redesign/tb/tb_top.sv Line:256
Error: AXI MONITOR: core_C changed while core is idle
Time: 25245 ns  Iteration: 0  Process: /tb_top/u_mon//tb_top/u_mon  Scope: tb_top.u_mon  File: /run/media/sackb/Windows-SSD/Users/sackb/OneDrive/Desktop/University/Course_Work/2025-2026/Spring_2026/ECE_410/ECE410/project/post_m3_Minor_Redesign/tb/tb_top.sv Line: 257

Time: 25255 ns Started: 25245 ns Scope: /tb_top/u_mon File: /run/media/sackb/Windows-SSD/Users/sackb/OneDrive/Desktop/University/Course_Work/2025-2026/Spring_2026/ECE_410/ECE410/project/post_m3_Minor_Redesign/tb/tb_top.sv Line:256
Error: AXI MONITOR: core_C changed while core is idle
Time: 25255 ns  Iteration: 0  Process: /tb_top/u_mon//tb_top/u_mon  Scope: tb_top.u_mon  File: /run/media/sackb/Windows-SSD/Users/sackb/OneDrive/Desktop/University/Course_Work/2025-2026/Spring_2026/ECE_410/ECE410/project/post_m3_Minor_Redesign/tb/tb_top.sv Line: 257

Time: 25265 ns Started: 25255 ns Scope: /tb_top/u_mon File: /run/media/sackb/Windows-SSD/Users/sackb/OneDrive/Desktop/University/Course_Work/2025-2026/Spring_2026/ECE_410/ECE410/project/post_m3_Minor_Redesign/tb/tb_top.sv Line:256
Error: AXI MONITOR: core_C changed while core is idle
Time: 25265 ns  Iteration: 0  Process: /tb_top/u_mon//tb_top/u_mon  Scope: tb_top.u_mon  File: /run/media/sackb/Windows-SSD/Users/sackb/OneDrive/Desktop/University/Course_Work/2025-2026/Spring_2026/ECE_410/ECE410/project/post_m3_Minor_Redesign/tb/tb_top.sv Line: 257

Time: 25275 ns Started: 25265 ns Scope: /tb_top/u_mon File: /run/media/sackb/Windows-SSD/Users/sackb/OneDrive/Desktop/University/Course_Work/2025-2026/Spring_2026/ECE_410/ECE410/project/post_m3_Minor_Redesign/tb/tb_top.sv Line:256
Error: AXI MONITOR: core_C changed while core is idle
Time: 25275 ns  Iteration: 0  Process: /tb_top/u_mon//tb_top/u_mon  Scope: tb_top.u_mon  File: /run/media/sackb/Windows-SSD/Users/sackb/OneDrive/Desktop/University/Course_Work/2025-2026/Spring_2026/ECE_410/ECE410/project/post_m3_Minor_Redesign/tb/tb_top.sv Line: 257

Time: 25285 ns Started: 25275 ns Scope: /tb_top/u_mon File: /run/media/sackb/Windows-SSD/Users/sackb/OneDrive/Desktop/University/Course_Work/2025-2026/Spring_2026/ECE_410/ECE410/project/post_m3_Minor_Redesign/tb/tb_top.sv Line:256
Error: AXI MONITOR: core_C changed while core is idle
Time: 25285 ns  Iteration: 0  Process: /tb_top/u_mon//tb_top/u_mon  Scope: tb_top.u_mon  File: /run/media/sackb/Windows-SSD/Users/sackb/OneDrive/Desktop/University/Course_Work/2025-2026/Spring_2026/ECE_410/ECE410/project/post_m3_Minor_Redesign/tb/tb_top.sv Line: 257

Time: 25295 ns Started: 25285 ns Scope: /tb_top/u_mon File: /run/media/sackb/Windows-SSD/Users/sackb/OneDrive/Desktop/University/Course_Work/2025-2026/Spring_2026/ECE_410/ECE410/project/post_m3_Minor_Redesign/tb/tb_top.sv Line:256
Error: AXI MONITOR: core_C changed while core is idle
Time: 25295 ns  Iteration: 0  Process: /tb_top/u_mon//tb_top/u_mon  Scope: tb_top.u_mon  File: /run/media/sackb/Windows-SSD/Users/sackb/OneDrive/Desktop/University/Course_Work/2025-2026/Spring_2026/ECE_410/ECE410/project/post_m3_Minor_Redesign/tb/tb_top.sv Line: 257

Time: 25305 ns Started: 25295 ns Scope: /tb_top/u_mon File: /run/media/sackb/Windows-SSD/Users/sackb/OneDrive/Desktop/University/Course_Work/2025-2026/Spring_2026/ECE_410/ECE410/project/post_m3_Minor_Redesign/tb/tb_top.sv Line:256
Error: AXI MONITOR: core_C changed while core is idle
Time: 25305 ns  Iteration: 0  Process: /tb_top/u_mon//tb_top/u_mon  Scope: tb_top.u_mon  File: /run/media/sackb/Windows-SSD/Users/sackb/OneDrive/Desktop/University/Course_Work/2025-2026/Spring_2026/ECE_410/ECE410/project/post_m3_Minor_Redesign/tb/tb_top.sv Line: 257

Time: 25315 ns Started: 25305 ns Scope: /tb_top/u_mon File: /run/media/sackb/Windows-SSD/Users/sackb/OneDrive/Desktop/University/Course_Work/2025-2026/Spring_2026/ECE_410/ECE410/project/post_m3_Minor_Redesign/tb/tb_top.sv Line:256
Error: AXI MONITOR: core_C changed while core is idle
Time: 25315 ns  Iteration: 0  Process: /tb_top/u_mon//tb_top/u_mon  Scope: tb_top.u_mon  File: /run/media/sackb/Windows-SSD/Users/sackb/OneDrive/Desktop/University/Course_Work/2025-2026/Spring_2026/ECE_410/ECE410/project/post_m3_Minor_Redesign/tb/tb_top.sv Line: 257

Time: 25325 ns Started: 25315 ns Scope: /tb_top/u_mon File: /run/media/sackb/Windows-SSD/Users/sackb/OneDrive/Desktop/University/Course_Work/2025-2026/Spring_2026/ECE_410/ECE410/project/post_m3_Minor_Redesign/tb/tb_top.sv Line:256
Error: AXI MONITOR: core_C changed while core is idle
Time: 25325 ns  Iteration: 0  Process: /tb_top/u_mon//tb_top/u_mon  Scope: tb_top.u_mon  File: /run/media/sackb/Windows-SSD/Users/sackb/OneDrive/Desktop/University/Course_Work/2025-2026/Spring_2026/ECE_410/ECE410/project/post_m3_Minor_Redesign/tb/tb_top.sv Line: 257

Time: 25335 ns Started: 25325 ns Scope: /tb_top/u_mon File: /run/media/sackb/Windows-SSD/Users/sackb/OneDrive/Desktop/University/Course_Work/2025-2026/Spring_2026/ECE_410/ECE410/project/post_m3_Minor_Redesign/tb/tb_top.sv Line:256
Error: AXI MONITOR: core_C changed while core is idle
Time: 25335 ns  Iteration: 0  Process: /tb_top/u_mon//tb_top/u_mon  Scope: tb_top.u_mon  File: /run/media/sackb/Windows-SSD/Users/sackb/OneDrive/Desktop/University/Course_Work/2025-2026/Spring_2026/ECE_410/ECE410/project/post_m3_Minor_Redesign/tb/tb_top.sv Line: 257

Time: 25345 ns Started: 25335 ns Scope: /tb_top/u_mon File: /run/media/sackb/Windows-SSD/Users/sackb/OneDrive/Desktop/University/Course_Work/2025-2026/Spring_2026/ECE_410/ECE410/project/post_m3_Minor_Redesign/tb/tb_top.sv Line:256
Error: AXI MONITOR: core_C changed while core is idle
Time: 25345 ns  Iteration: 0  Process: /tb_top/u_mon//tb_top/u_mon  Scope: tb_top.u_mon  File: /run/media/sackb/Windows-SSD/Users/sackb/OneDrive/Desktop/University/Course_Work/2025-2026/Spring_2026/ECE_410/ECE410/project/post_m3_Minor_Redesign/tb/tb_top.sv Line: 257

Time: 25355 ns Started: 25345 ns Scope: /tb_top/u_mon File: /run/media/sackb/Windows-SSD/Users/sackb/OneDrive/Desktop/University/Course_Work/2025-2026/Spring_2026/ECE_410/ECE410/project/post_m3_Minor_Redesign/tb/tb_top.sv Line:256
Error: AXI MONITOR: core_C changed while core is idle
Time: 25355 ns  Iteration: 0  Process: /tb_top/u_mon//tb_top/u_mon  Scope: tb_top.u_mon  File: /run/media/sackb/Windows-SSD/Users/sackb/OneDrive/Desktop/University/Course_Work/2025-2026/Spring_2026/ECE_410/ECE410/project/post_m3_Minor_Redesign/tb/tb_top.sv Line: 257

Time: 25365 ns Started: 25355 ns Scope: /tb_top/u_mon File: /run/media/sackb/Windows-SSD/Users/sackb/OneDrive/Desktop/University/Course_Work/2025-2026/Spring_2026/ECE_410/ECE410/project/post_m3_Minor_Redesign/tb/tb_top.sv Line:256
Error: AXI MONITOR: core_C changed while core is idle
Time: 25365 ns  Iteration: 0  Process: /tb_top/u_mon//tb_top/u_mon  Scope: tb_top.u_mon  File: /run/media/sackb/Windows-SSD/Users/sackb/OneDrive/Desktop/University/Course_Work/2025-2026/Spring_2026/ECE_410/ECE410/project/post_m3_Minor_Redesign/tb/tb_top.sv Line: 257

Time: 25375 ns Started: 25365 ns Scope: /tb_top/u_mon File: /run/media/sackb/Windows-SSD/Users/sackb/OneDrive/Desktop/University/Course_Work/2025-2026/Spring_2026/ECE_410/ECE410/project/post_m3_Minor_Redesign/tb/tb_top.sv Line:256
Error: AXI MONITOR: core_C changed while core is idle
Time: 25375 ns  Iteration: 0  Process: /tb_top/u_mon//tb_top/u_mon  Scope: tb_top.u_mon  File: /run/media/sackb/Windows-SSD/Users/sackb/OneDrive/Desktop/University/Course_Work/2025-2026/Spring_2026/ECE_410/ECE410/project/post_m3_Minor_Redesign/tb/tb_top.sv Line: 257

Time: 25385 ns Started: 25375 ns Scope: /tb_top/u_mon File: /run/media/sackb/Windows-SSD/Users/sackb/OneDrive/Desktop/University/Course_Work/2025-2026/Spring_2026/ECE_410/ECE410/project/post_m3_Minor_Redesign/tb/tb_top.sv Line:256
Error: AXI MONITOR: core_C changed while core is idle
Time: 25385 ns  Iteration: 0  Process: /tb_top/u_mon//tb_top/u_mon  Scope: tb_top.u_mon  File: /run/media/sackb/Windows-SSD/Users/sackb/OneDrive/Desktop/University/Course_Work/2025-2026/Spring_2026/ECE_410/ECE410/project/post_m3_Minor_Redesign/tb/tb_top.sv Line: 257

Time: 25395 ns Started: 25385 ns Scope: /tb_top/u_mon File: /run/media/sackb/Windows-SSD/Users/sackb/OneDrive/Desktop/University/Course_Work/2025-2026/Spring_2026/ECE_410/ECE410/project/post_m3_Minor_Redesign/tb/tb_top.sv Line:256
Error: AXI MONITOR: core_C changed while core is idle
Time: 25395 ns  Iteration: 0  Process: /tb_top/u_mon//tb_top/u_mon  Scope: tb_top.u_mon  File: /run/media/sackb/Windows-SSD/Users/sackb/OneDrive/Desktop/University/Course_Work/2025-2026/Spring_2026/ECE_410/ECE410/project/post_m3_Minor_Redesign/tb/tb_top.sv Line: 257

Time: 25405 ns Started: 25395 ns Scope: /tb_top/u_mon File: /run/media/sackb/Windows-SSD/Users/sackb/OneDrive/Desktop/University/Course_Work/2025-2026/Spring_2026/ECE_410/ECE410/project/post_m3_Minor_Redesign/tb/tb_top.sv Line:256
Error: AXI MONITOR: core_C changed while core is idle
Time: 25405 ns  Iteration: 0  Process: /tb_top/u_mon//tb_top/u_mon  Scope: tb_top.u_mon  File: /run/media/sackb/Windows-SSD/Users/sackb/OneDrive/Desktop/University/Course_Work/2025-2026/Spring_2026/ECE_410/ECE410/project/post_m3_Minor_Redesign/tb/tb_top.sv Line: 257

Time: 25415 ns Started: 25405 ns Scope: /tb_top/u_mon File: /run/media/sackb/Windows-SSD/Users/sackb/OneDrive/Desktop/University/Course_Work/2025-2026/Spring_2026/ECE_410/ECE410/project/post_m3_Minor_Redesign/tb/tb_top.sv Line:256
Error: AXI MONITOR: core_C changed while core is idle
Time: 25415 ns  Iteration: 0  Process: /tb_top/u_mon//tb_top/u_mon  Scope: tb_top.u_mon  File: /run/media/sackb/Windows-SSD/Users/sackb/OneDrive/Desktop/University/Course_Work/2025-2026/Spring_2026/ECE_410/ECE410/project/post_m3_Minor_Redesign/tb/tb_top.sv Line: 257

Time: 25425 ns Started: 25415 ns Scope: /tb_top/u_mon File: /run/media/sackb/Windows-SSD/Users/sackb/OneDrive/Desktop/University/Course_Work/2025-2026/Spring_2026/ECE_410/ECE410/project/post_m3_Minor_Redesign/tb/tb_top.sv Line:256
Error: AXI MONITOR: core_C changed while core is idle
Time: 25425 ns  Iteration: 0  Process: /tb_top/u_mon//tb_top/u_mon  Scope: tb_top.u_mon  File: /run/media/sackb/Windows-SSD/Users/sackb/OneDrive/Desktop/University/Course_Work/2025-2026/Spring_2026/ECE_410/ECE410/project/post_m3_Minor_Redesign/tb/tb_top.sv Line: 257

Time: 25435 ns Started: 25425 ns Scope: /tb_top/u_mon File: /run/media/sackb/Windows-SSD/Users/sackb/OneDrive/Desktop/University/Course_Work/2025-2026/Spring_2026/ECE_410/ECE410/project/post_m3_Minor_Redesign/tb/tb_top.sv Line:256
Error: AXI MONITOR: core_C changed while core is idle
Time: 25435 ns  Iteration: 0  Process: /tb_top/u_mon//tb_top/u_mon  Scope: tb_top.u_mon  File: /run/media/sackb/Windows-SSD/Users/sackb/OneDrive/Desktop/University/Course_Work/2025-2026/Spring_2026/ECE_410/ECE410/project/post_m3_Minor_Redesign/tb/tb_top.sv Line: 257

Time: 25445 ns Started: 25435 ns Scope: /tb_top/u_mon File: /run/media/sackb/Windows-SSD/Users/sackb/OneDrive/Desktop/University/Course_Work/2025-2026/Spring_2026/ECE_410/ECE410/project/post_m3_Minor_Redesign/tb/tb_top.sv Line:256
Error: AXI MONITOR: core_C changed while core is idle
Time: 25445 ns  Iteration: 0  Process: /tb_top/u_mon//tb_top/u_mon  Scope: tb_top.u_mon  File: /run/media/sackb/Windows-SSD/Users/sackb/OneDrive/Desktop/University/Course_Work/2025-2026/Spring_2026/ECE_410/ECE410/project/post_m3_Minor_Redesign/tb/tb_top.sv Line: 257

Time: 25455 ns Started: 25445 ns Scope: /tb_top/u_mon File: /run/media/sackb/Windows-SSD/Users/sackb/OneDrive/Desktop/University/Course_Work/2025-2026/Spring_2026/ECE_410/ECE410/project/post_m3_Minor_Redesign/tb/tb_top.sv Line:256
Error: AXI MONITOR: core_C changed while core is idle
Time: 25455 ns  Iteration: 0  Process: /tb_top/u_mon//tb_top/u_mon  Scope: tb_top.u_mon  File: /run/media/sackb/Windows-SSD/Users/sackb/OneDrive/Desktop/University/Course_Work/2025-2026/Spring_2026/ECE_410/ECE410/project/post_m3_Minor_Redesign/tb/tb_top.sv Line: 257

Time: 25465 ns Started: 25455 ns Scope: /tb_top/u_mon File: /run/media/sackb/Windows-SSD/Users/sackb/OneDrive/Desktop/University/Course_Work/2025-2026/Spring_2026/ECE_410/ECE410/project/post_m3_Minor_Redesign/tb/tb_top.sv Line:256
Error: AXI MONITOR: core_C changed while core is idle
Time: 25465 ns  Iteration: 0  Process: /tb_top/u_mon//tb_top/u_mon  Scope: tb_top.u_mon  File: /run/media/sackb/Windows-SSD/Users/sackb/OneDrive/Desktop/University/Course_Work/2025-2026/Spring_2026/ECE_410/ECE410/project/post_m3_Minor_Redesign/tb/tb_top.sv Line: 257

Time: 25475 ns Started: 25465 ns Scope: /tb_top/u_mon File: /run/media/sackb/Windows-SSD/Users/sackb/OneDrive/Desktop/University/Course_Work/2025-2026/Spring_2026/ECE_410/ECE410/project/post_m3_Minor_Redesign/tb/tb_top.sv Line:256
Error: AXI MONITOR: core_C changed while core is idle
Time: 25475 ns  Iteration: 0  Process: /tb_top/u_mon//tb_top/u_mon  Scope: tb_top.u_mon  File: /run/media/sackb/Windows-SSD/Users/sackb/OneDrive/Desktop/University/Course_Work/2025-2026/Spring_2026/ECE_410/ECE410/project/post_m3_Minor_Redesign/tb/tb_top.sv Line: 257

Time: 25485 ns Started: 25475 ns Scope: /tb_top/u_mon File: /run/media/sackb/Windows-SSD/Users/sackb/OneDrive/Desktop/University/Course_Work/2025-2026/Spring_2026/ECE_410/ECE410/project/post_m3_Minor_Redesign/tb/tb_top.sv Line:256
Error: AXI MONITOR: core_C changed while core is idle
Time: 25485 ns  Iteration: 0  Process: /tb_top/u_mon//tb_top/u_mon  Scope: tb_top.u_mon  File: /run/media/sackb/Windows-SSD/Users/sackb/OneDrive/Desktop/University/Course_Work/2025-2026/Spring_2026/ECE_410/ECE410/project/post_m3_Minor_Redesign/tb/tb_top.sv Line: 257

Time: 25495 ns Started: 25485 ns Scope: /tb_top/u_mon File: /run/media/sackb/Windows-SSD/Users/sackb/OneDrive/Desktop/University/Course_Work/2025-2026/Spring_2026/ECE_410/ECE410/project/post_m3_Minor_Redesign/tb/tb_top.sv Line:256
Error: AXI MONITOR: core_C changed while core is idle
Time: 25495 ns  Iteration: 0  Process: /tb_top/u_mon//tb_top/u_mon  Scope: tb_top.u_mon  File: /run/media/sackb/Windows-SSD/Users/sackb/OneDrive/Desktop/University/Course_Work/2025-2026/Spring_2026/ECE_410/ECE410/project/post_m3_Minor_Redesign/tb/tb_top.sv Line: 257

Time: 25505 ns Started: 25495 ns Scope: /tb_top/u_mon File: /run/media/sackb/Windows-SSD/Users/sackb/OneDrive/Desktop/University/Course_Work/2025-2026/Spring_2026/ECE_410/ECE410/project/post_m3_Minor_Redesign/tb/tb_top.sv Line:256
Error: AXI MONITOR: core_C changed while core is idle
Time: 25505 ns  Iteration: 0  Process: /tb_top/u_mon//tb_top/u_mon  Scope: tb_top.u_mon  File: /run/media/sackb/Windows-SSD/Users/sackb/OneDrive/Desktop/University/Course_Work/2025-2026/Spring_2026/ECE_410/ECE410/project/post_m3_Minor_Redesign/tb/tb_top.sv Line: 257

Time: 25515 ns Started: 25505 ns Scope: /tb_top/u_mon File: /run/media/sackb/Windows-SSD/Users/sackb/OneDrive/Desktop/University/Course_Work/2025-2026/Spring_2026/ECE_410/ECE410/project/post_m3_Minor_Redesign/tb/tb_top.sv Line:256
Error: AXI MONITOR: core_C changed while core is idle
Time: 25515 ns  Iteration: 0  Process: /tb_top/u_mon//tb_top/u_mon  Scope: tb_top.u_mon  File: /run/media/sackb/Windows-SSD/Users/sackb/OneDrive/Desktop/University/Course_Work/2025-2026/Spring_2026/ECE_410/ECE410/project/post_m3_Minor_Redesign/tb/tb_top.sv Line: 257

Time: 25525 ns Started: 25515 ns Scope: /tb_top/u_mon File: /run/media/sackb/Windows-SSD/Users/sackb/OneDrive/Desktop/University/Course_Work/2025-2026/Spring_2026/ECE_410/ECE410/project/post_m3_Minor_Redesign/tb/tb_top.sv Line:256
Error: AXI MONITOR: core_C changed while core is idle
Time: 25525 ns  Iteration: 0  Process: /tb_top/u_mon//tb_top/u_mon  Scope: tb_top.u_mon  File: /run/media/sackb/Windows-SSD/Users/sackb/OneDrive/Desktop/University/Course_Work/2025-2026/Spring_2026/ECE_410/ECE410/project/post_m3_Minor_Redesign/tb/tb_top.sv Line: 257

Time: 25535 ns Started: 25525 ns Scope: /tb_top/u_mon File: /run/media/sackb/Windows-SSD/Users/sackb/OneDrive/Desktop/University/Course_Work/2025-2026/Spring_2026/ECE_410/ECE410/project/post_m3_Minor_Redesign/tb/tb_top.sv Line:256
Error: AXI MONITOR: core_C changed while core is idle
Time: 25535 ns  Iteration: 0  Process: /tb_top/u_mon//tb_top/u_mon  Scope: tb_top.u_mon  File: /run/media/sackb/Windows-SSD/Users/sackb/OneDrive/Desktop/University/Course_Work/2025-2026/Spring_2026/ECE_410/ECE410/project/post_m3_Minor_Redesign/tb/tb_top.sv Line: 257

Time: 25545 ns Started: 25535 ns Scope: /tb_top/u_mon File: /run/media/sackb/Windows-SSD/Users/sackb/OneDrive/Desktop/University/Course_Work/2025-2026/Spring_2026/ECE_410/ECE410/project/post_m3_Minor_Redesign/tb/tb_top.sv Line:256
Error: AXI MONITOR: core_C changed while core is idle
Time: 25545 ns  Iteration: 0  Process: /tb_top/u_mon//tb_top/u_mon  Scope: tb_top.u_mon  File: /run/media/sackb/Windows-SSD/Users/sackb/OneDrive/Desktop/University/Course_Work/2025-2026/Spring_2026/ECE_410/ECE410/project/post_m3_Minor_Redesign/tb/tb_top.sv Line: 257

Time: 25555 ns Started: 25545 ns Scope: /tb_top/u_mon File: /run/media/sackb/Windows-SSD/Users/sackb/OneDrive/Desktop/University/Course_Work/2025-2026/Spring_2026/ECE_410/ECE410/project/post_m3_Minor_Redesign/tb/tb_top.sv Line:256
Error: AXI MONITOR: core_C changed while core is idle
Time: 25555 ns  Iteration: 0  Process: /tb_top/u_mon//tb_top/u_mon  Scope: tb_top.u_mon  File: /run/media/sackb/Windows-SSD/Users/sackb/OneDrive/Desktop/University/Course_Work/2025-2026/Spring_2026/ECE_410/ECE410/project/post_m3_Minor_Redesign/tb/tb_top.sv Line: 257

Time: 25565 ns Started: 25555 ns Scope: /tb_top/u_mon File: /run/media/sackb/Windows-SSD/Users/sackb/OneDrive/Desktop/University/Course_Work/2025-2026/Spring_2026/ECE_410/ECE410/project/post_m3_Minor_Redesign/tb/tb_top.sv Line:256
Error: AXI MONITOR: core_C changed while core is idle
Time: 25565 ns  Iteration: 0  Process: /tb_top/u_mon//tb_top/u_mon  Scope: tb_top.u_mon  File: /run/media/sackb/Windows-SSD/Users/sackb/OneDrive/Desktop/University/Course_Work/2025-2026/Spring_2026/ECE_410/ECE410/project/post_m3_Minor_Redesign/tb/tb_top.sv Line: 257

Time: 25575 ns Started: 25565 ns Scope: /tb_top/u_mon File: /run/media/sackb/Windows-SSD/Users/sackb/OneDrive/Desktop/University/Course_Work/2025-2026/Spring_2026/ECE_410/ECE410/project/post_m3_Minor_Redesign/tb/tb_top.sv Line:256
Error: AXI MONITOR: core_C changed while core is idle
Time: 25575 ns  Iteration: 0  Process: /tb_top/u_mon//tb_top/u_mon  Scope: tb_top.u_mon  File: /run/media/sackb/Windows-SSD/Users/sackb/OneDrive/Desktop/University/Course_Work/2025-2026/Spring_2026/ECE_410/ECE410/project/post_m3_Minor_Redesign/tb/tb_top.sv Line: 257

Time: 25585 ns Started: 25575 ns Scope: /tb_top/u_mon File: /run/media/sackb/Windows-SSD/Users/sackb/OneDrive/Desktop/University/Course_Work/2025-2026/Spring_2026/ECE_410/ECE410/project/post_m3_Minor_Redesign/tb/tb_top.sv Line:256
Error: AXI MONITOR: core_C changed while core is idle
Time: 25585 ns  Iteration: 0  Process: /tb_top/u_mon//tb_top/u_mon  Scope: tb_top.u_mon  File: /run/media/sackb/Windows-SSD/Users/sackb/OneDrive/Desktop/University/Course_Work/2025-2026/Spring_2026/ECE_410/ECE410/project/post_m3_Minor_Redesign/tb/tb_top.sv Line: 257

Time: 25595 ns Started: 25585 ns Scope: /tb_top/u_mon File: /run/media/sackb/Windows-SSD/Users/sackb/OneDrive/Desktop/University/Course_Work/2025-2026/Spring_2026/ECE_410/ECE410/project/post_m3_Minor_Redesign/tb/tb_top.sv Line:256
Error: AXI MONITOR: core_C changed while core is idle
Time: 25595 ns  Iteration: 0  Process: /tb_top/u_mon//tb_top/u_mon  Scope: tb_top.u_mon  File: /run/media/sackb/Windows-SSD/Users/sackb/OneDrive/Desktop/University/Course_Work/2025-2026/Spring_2026/ECE_410/ECE410/project/post_m3_Minor_Redesign/tb/tb_top.sv Line: 257

Time: 25605 ns Started: 25595 ns Scope: /tb_top/u_mon File: /run/media/sackb/Windows-SSD/Users/sackb/OneDrive/Desktop/University/Course_Work/2025-2026/Spring_2026/ECE_410/ECE410/project/post_m3_Minor_Redesign/tb/tb_top.sv Line:256
Error: AXI MONITOR: core_C changed while core is idle
Time: 25605 ns  Iteration: 0  Process: /tb_top/u_mon//tb_top/u_mon  Scope: tb_top.u_mon  File: /run/media/sackb/Windows-SSD/Users/sackb/OneDrive/Desktop/University/Course_Work/2025-2026/Spring_2026/ECE_410/ECE410/project/post_m3_Minor_Redesign/tb/tb_top.sv Line: 257

Time: 25615 ns Started: 25605 ns Scope: /tb_top/u_mon File: /run/media/sackb/Windows-SSD/Users/sackb/OneDrive/Desktop/University/Course_Work/2025-2026/Spring_2026/ECE_410/ECE410/project/post_m3_Minor_Redesign/tb/tb_top.sv Line:256
Error: AXI MONITOR: core_C changed while core is idle
Time: 25615 ns  Iteration: 0  Process: /tb_top/u_mon//tb_top/u_mon  Scope: tb_top.u_mon  File: /run/media/sackb/Windows-SSD/Users/sackb/OneDrive/Desktop/University/Course_Work/2025-2026/Spring_2026/ECE_410/ECE410/project/post_m3_Minor_Redesign/tb/tb_top.sv Line: 257

Time: 25625 ns Started: 25615 ns Scope: /tb_top/u_mon File: /run/media/sackb/Windows-SSD/Users/sackb/OneDrive/Desktop/University/Course_Work/2025-2026/Spring_2026/ECE_410/ECE410/project/post_m3_Minor_Redesign/tb/tb_top.sv Line:256
Error: AXI MONITOR: core_C changed while core is idle
Time: 25625 ns  Iteration: 0  Process: /tb_top/u_mon//tb_top/u_mon  Scope: tb_top.u_mon  File: /run/media/sackb/Windows-SSD/Users/sackb/OneDrive/Desktop/University/Course_Work/2025-2026/Spring_2026/ECE_410/ECE410/project/post_m3_Minor_Redesign/tb/tb_top.sv Line: 257

Time: 25635 ns Started: 25625 ns Scope: /tb_top/u_mon File: /run/media/sackb/Windows-SSD/Users/sackb/OneDrive/Desktop/University/Course_Work/2025-2026/Spring_2026/ECE_410/ECE410/project/post_m3_Minor_Redesign/tb/tb_top.sv Line:256
Error: AXI MONITOR: core_C changed while core is idle
Time: 25635 ns  Iteration: 0  Process: /tb_top/u_mon//tb_top/u_mon  Scope: tb_top.u_mon  File: /run/media/sackb/Windows-SSD/Users/sackb/OneDrive/Desktop/University/Course_Work/2025-2026/Spring_2026/ECE_410/ECE410/project/post_m3_Minor_Redesign/tb/tb_top.sv Line: 257

Time: 25645 ns Started: 25635 ns Scope: /tb_top/u_mon File: /run/media/sackb/Windows-SSD/Users/sackb/OneDrive/Desktop/University/Course_Work/2025-2026/Spring_2026/ECE_410/ECE410/project/post_m3_Minor_Redesign/tb/tb_top.sv Line:256
Error: AXI MONITOR: core_C changed while core is idle
Time: 25645 ns  Iteration: 0  Process: /tb_top/u_mon//tb_top/u_mon  Scope: tb_top.u_mon  File: /run/media/sackb/Windows-SSD/Users/sackb/OneDrive/Desktop/University/Course_Work/2025-2026/Spring_2026/ECE_410/ECE410/project/post_m3_Minor_Redesign/tb/tb_top.sv Line: 257

Time: 25655 ns Started: 25645 ns Scope: /tb_top/u_mon File: /run/media/sackb/Windows-SSD/Users/sackb/OneDrive/Desktop/University/Course_Work/2025-2026/Spring_2026/ECE_410/ECE410/project/post_m3_Minor_Redesign/tb/tb_top.sv Line:256
Error: AXI MONITOR: core_C changed while core is idle
Time: 25655 ns  Iteration: 0  Process: /tb_top/u_mon//tb_top/u_mon  Scope: tb_top.u_mon  File: /run/media/sackb/Windows-SSD/Users/sackb/OneDrive/Desktop/University/Course_Work/2025-2026/Spring_2026/ECE_410/ECE410/project/post_m3_Minor_Redesign/tb/tb_top.sv Line: 257

Time: 25665 ns Started: 25655 ns Scope: /tb_top/u_mon File: /run/media/sackb/Windows-SSD/Users/sackb/OneDrive/Desktop/University/Course_Work/2025-2026/Spring_2026/ECE_410/ECE410/project/post_m3_Minor_Redesign/tb/tb_top.sv Line:256
Error: AXI MONITOR: core_C changed while core is idle
Time: 25665 ns  Iteration: 0  Process: /tb_top/u_mon//tb_top/u_mon  Scope: tb_top.u_mon  File: /run/media/sackb/Windows-SSD/Users/sackb/OneDrive/Desktop/University/Course_Work/2025-2026/Spring_2026/ECE_410/ECE410/project/post_m3_Minor_Redesign/tb/tb_top.sv Line: 257

Time: 26295 ns Started: 26285 ns Scope: /tb_top/u_mon File: /run/media/sackb/Windows-SSD/Users/sackb/OneDrive/Desktop/University/Course_Work/2025-2026/Spring_2026/ECE_410/ECE410/project/post_m3_Minor_Redesign/tb/tb_top.sv Line:256
Error: AXI MONITOR: core_C changed while core is idle
Time: 26295 ns  Iteration: 0  Process: /tb_top/u_mon//tb_top/u_mon  Scope: tb_top.u_mon  File: /run/media/sackb/Windows-SSD/Users/sackb/OneDrive/Desktop/University/Course_Work/2025-2026/Spring_2026/ECE_410/ECE410/project/post_m3_Minor_Redesign/tb/tb_top.sv Line: 257

Time: 26305 ns Started: 26295 ns Scope: /tb_top/u_mon File: /run/media/sackb/Windows-SSD/Users/sackb/OneDrive/Desktop/University/Course_Work/2025-2026/Spring_2026/ECE_410/ECE410/project/post_m3_Minor_Redesign/tb/tb_top.sv Line:256
Error: AXI MONITOR: core_C changed while core is idle
Time: 26305 ns  Iteration: 0  Process: /tb_top/u_mon//tb_top/u_mon  Scope: tb_top.u_mon  File: /run/media/sackb/Windows-SSD/Users/sackb/OneDrive/Desktop/University/Course_Work/2025-2026/Spring_2026/ECE_410/ECE410/project/post_m3_Minor_Redesign/tb/tb_top.sv Line: 257

Time: 26315 ns Started: 26305 ns Scope: /tb_top/u_mon File: /run/media/sackb/Windows-SSD/Users/sackb/OneDrive/Desktop/University/Course_Work/2025-2026/Spring_2026/ECE_410/ECE410/project/post_m3_Minor_Redesign/tb/tb_top.sv Line:256
Error: AXI MONITOR: core_C changed while core is idle
Time: 26315 ns  Iteration: 0  Process: /tb_top/u_mon//tb_top/u_mon  Scope: tb_top.u_mon  File: /run/media/sackb/Windows-SSD/Users/sackb/OneDrive/Desktop/University/Course_Work/2025-2026/Spring_2026/ECE_410/ECE410/project/post_m3_Minor_Redesign/tb/tb_top.sv Line: 257

Time: 26325 ns Started: 26315 ns Scope: /tb_top/u_mon File: /run/media/sackb/Windows-SSD/Users/sackb/OneDrive/Desktop/University/Course_Work/2025-2026/Spring_2026/ECE_410/ECE410/project/post_m3_Minor_Redesign/tb/tb_top.sv Line:256
Error: AXI MONITOR: core_C changed while core is idle
Time: 26325 ns  Iteration: 0  Process: /tb_top/u_mon//tb_top/u_mon  Scope: tb_top.u_mon  File: /run/media/sackb/Windows-SSD/Users/sackb/OneDrive/Desktop/University/Course_Work/2025-2026/Spring_2026/ECE_410/ECE410/project/post_m3_Minor_Redesign/tb/tb_top.sv Line: 257

Time: 26335 ns Started: 26325 ns Scope: /tb_top/u_mon File: /run/media/sackb/Windows-SSD/Users/sackb/OneDrive/Desktop/University/Course_Work/2025-2026/Spring_2026/ECE_410/ECE410/project/post_m3_Minor_Redesign/tb/tb_top.sv Line:256
Error: AXI MONITOR: core_C changed while core is idle
Time: 26335 ns  Iteration: 0  Process: /tb_top/u_mon//tb_top/u_mon  Scope: tb_top.u_mon  File: /run/media/sackb/Windows-SSD/Users/sackb/OneDrive/Desktop/University/Course_Work/2025-2026/Spring_2026/ECE_410/ECE410/project/post_m3_Minor_Redesign/tb/tb_top.sv Line: 257

Time: 26345 ns Started: 26335 ns Scope: /tb_top/u_mon File: /run/media/sackb/Windows-SSD/Users/sackb/OneDrive/Desktop/University/Course_Work/2025-2026/Spring_2026/ECE_410/ECE410/project/post_m3_Minor_Redesign/tb/tb_top.sv Line:256
Error: AXI MONITOR: core_C changed while core is idle
Time: 26345 ns  Iteration: 0  Process: /tb_top/u_mon//tb_top/u_mon  Scope: tb_top.u_mon  File: /run/media/sackb/Windows-SSD/Users/sackb/OneDrive/Desktop/University/Course_Work/2025-2026/Spring_2026/ECE_410/ECE410/project/post_m3_Minor_Redesign/tb/tb_top.sv Line: 257

Time: 26355 ns Started: 26345 ns Scope: /tb_top/u_mon File: /run/media/sackb/Windows-SSD/Users/sackb/OneDrive/Desktop/University/Course_Work/2025-2026/Spring_2026/ECE_410/ECE410/project/post_m3_Minor_Redesign/tb/tb_top.sv Line:256
Error: AXI MONITOR: core_C changed while core is idle
Time: 26355 ns  Iteration: 0  Process: /tb_top/u_mon//tb_top/u_mon  Scope: tb_top.u_mon  File: /run/media/sackb/Windows-SSD/Users/sackb/OneDrive/Desktop/University/Course_Work/2025-2026/Spring_2026/ECE_410/ECE410/project/post_m3_Minor_Redesign/tb/tb_top.sv Line: 257

Time: 26365 ns Started: 26355 ns Scope: /tb_top/u_mon File: /run/media/sackb/Windows-SSD/Users/sackb/OneDrive/Desktop/University/Course_Work/2025-2026/Spring_2026/ECE_410/ECE410/project/post_m3_Minor_Redesign/tb/tb_top.sv Line:256
Error: AXI MONITOR: core_C changed while core is idle
Time: 26365 ns  Iteration: 0  Process: /tb_top/u_mon//tb_top/u_mon  Scope: tb_top.u_mon  File: /run/media/sackb/Windows-SSD/Users/sackb/OneDrive/Desktop/University/Course_Work/2025-2026/Spring_2026/ECE_410/ECE410/project/post_m3_Minor_Redesign/tb/tb_top.sv Line: 257

Time: 26375 ns Started: 26365 ns Scope: /tb_top/u_mon File: /run/media/sackb/Windows-SSD/Users/sackb/OneDrive/Desktop/University/Course_Work/2025-2026/Spring_2026/ECE_410/ECE410/project/post_m3_Minor_Redesign/tb/tb_top.sv Line:256
Error: AXI MONITOR: core_C changed while core is idle
Time: 26375 ns  Iteration: 0  Process: /tb_top/u_mon//tb_top/u_mon  Scope: tb_top.u_mon  File: /run/media/sackb/Windows-SSD/Users/sackb/OneDrive/Desktop/University/Course_Work/2025-2026/Spring_2026/ECE_410/ECE410/project/post_m3_Minor_Redesign/tb/tb_top.sv Line: 257

Time: 26385 ns Started: 26375 ns Scope: /tb_top/u_mon File: /run/media/sackb/Windows-SSD/Users/sackb/OneDrive/Desktop/University/Course_Work/2025-2026/Spring_2026/ECE_410/ECE410/project/post_m3_Minor_Redesign/tb/tb_top.sv Line:256
Error: AXI MONITOR: core_C changed while core is idle
Time: 26385 ns  Iteration: 0  Process: /tb_top/u_mon//tb_top/u_mon  Scope: tb_top.u_mon  File: /run/media/sackb/Windows-SSD/Users/sackb/OneDrive/Desktop/University/Course_Work/2025-2026/Spring_2026/ECE_410/ECE410/project/post_m3_Minor_Redesign/tb/tb_top.sv Line: 257

Time: 26395 ns Started: 26385 ns Scope: /tb_top/u_mon File: /run/media/sackb/Windows-SSD/Users/sackb/OneDrive/Desktop/University/Course_Work/2025-2026/Spring_2026/ECE_410/ECE410/project/post_m3_Minor_Redesign/tb/tb_top.sv Line:256
Error: AXI MONITOR: core_C changed while core is idle
Time: 26395 ns  Iteration: 0  Process: /tb_top/u_mon//tb_top/u_mon  Scope: tb_top.u_mon  File: /run/media/sackb/Windows-SSD/Users/sackb/OneDrive/Desktop/University/Course_Work/2025-2026/Spring_2026/ECE_410/ECE410/project/post_m3_Minor_Redesign/tb/tb_top.sv Line: 257

Time: 26405 ns Started: 26395 ns Scope: /tb_top/u_mon File: /run/media/sackb/Windows-SSD/Users/sackb/OneDrive/Desktop/University/Course_Work/2025-2026/Spring_2026/ECE_410/ECE410/project/post_m3_Minor_Redesign/tb/tb_top.sv Line:256
Error: AXI MONITOR: core_C changed while core is idle
Time: 26405 ns  Iteration: 0  Process: /tb_top/u_mon//tb_top/u_mon  Scope: tb_top.u_mon  File: /run/media/sackb/Windows-SSD/Users/sackb/OneDrive/Desktop/University/Course_Work/2025-2026/Spring_2026/ECE_410/ECE410/project/post_m3_Minor_Redesign/tb/tb_top.sv Line: 257

Time: 26415 ns Started: 26405 ns Scope: /tb_top/u_mon File: /run/media/sackb/Windows-SSD/Users/sackb/OneDrive/Desktop/University/Course_Work/2025-2026/Spring_2026/ECE_410/ECE410/project/post_m3_Minor_Redesign/tb/tb_top.sv Line:256
Error: AXI MONITOR: core_C changed while core is idle
Time: 26415 ns  Iteration: 0  Process: /tb_top/u_mon//tb_top/u_mon  Scope: tb_top.u_mon  File: /run/media/sackb/Windows-SSD/Users/sackb/OneDrive/Desktop/University/Course_Work/2025-2026/Spring_2026/ECE_410/ECE410/project/post_m3_Minor_Redesign/tb/tb_top.sv Line: 257

Time: 26425 ns Started: 26415 ns Scope: /tb_top/u_mon File: /run/media/sackb/Windows-SSD/Users/sackb/OneDrive/Desktop/University/Course_Work/2025-2026/Spring_2026/ECE_410/ECE410/project/post_m3_Minor_Redesign/tb/tb_top.sv Line:256
Error: AXI MONITOR: core_C changed while core is idle
Time: 26425 ns  Iteration: 0  Process: /tb_top/u_mon//tb_top/u_mon  Scope: tb_top.u_mon  File: /run/media/sackb/Windows-SSD/Users/sackb/OneDrive/Desktop/University/Course_Work/2025-2026/Spring_2026/ECE_410/ECE410/project/post_m3_Minor_Redesign/tb/tb_top.sv Line: 257

Time: 26435 ns Started: 26425 ns Scope: /tb_top/u_mon File: /run/media/sackb/Windows-SSD/Users/sackb/OneDrive/Desktop/University/Course_Work/2025-2026/Spring_2026/ECE_410/ECE410/project/post_m3_Minor_Redesign/tb/tb_top.sv Line:256
Error: AXI MONITOR: core_C changed while core is idle
Time: 26435 ns  Iteration: 0  Process: /tb_top/u_mon//tb_top/u_mon  Scope: tb_top.u_mon  File: /run/media/sackb/Windows-SSD/Users/sackb/OneDrive/Desktop/University/Course_Work/2025-2026/Spring_2026/ECE_410/ECE410/project/post_m3_Minor_Redesign/tb/tb_top.sv Line: 257

Time: 26445 ns Started: 26435 ns Scope: /tb_top/u_mon File: /run/media/sackb/Windows-SSD/Users/sackb/OneDrive/Desktop/University/Course_Work/2025-2026/Spring_2026/ECE_410/ECE410/project/post_m3_Minor_Redesign/tb/tb_top.sv Line:256
Error: AXI MONITOR: core_C changed while core is idle
Time: 26445 ns  Iteration: 0  Process: /tb_top/u_mon//tb_top/u_mon  Scope: tb_top.u_mon  File: /run/media/sackb/Windows-SSD/Users/sackb/OneDrive/Desktop/University/Course_Work/2025-2026/Spring_2026/ECE_410/ECE410/project/post_m3_Minor_Redesign/tb/tb_top.sv Line: 257

Time: 26455 ns Started: 26445 ns Scope: /tb_top/u_mon File: /run/media/sackb/Windows-SSD/Users/sackb/OneDrive/Desktop/University/Course_Work/2025-2026/Spring_2026/ECE_410/ECE410/project/post_m3_Minor_Redesign/tb/tb_top.sv Line:256
Error: AXI MONITOR: core_C changed while core is idle
Time: 26455 ns  Iteration: 0  Process: /tb_top/u_mon//tb_top/u_mon  Scope: tb_top.u_mon  File: /run/media/sackb/Windows-SSD/Users/sackb/OneDrive/Desktop/University/Course_Work/2025-2026/Spring_2026/ECE_410/ECE410/project/post_m3_Minor_Redesign/tb/tb_top.sv Line: 257

Time: 26465 ns Started: 26455 ns Scope: /tb_top/u_mon File: /run/media/sackb/Windows-SSD/Users/sackb/OneDrive/Desktop/University/Course_Work/2025-2026/Spring_2026/ECE_410/ECE410/project/post_m3_Minor_Redesign/tb/tb_top.sv Line:256
Error: AXI MONITOR: core_C changed while core is idle
Time: 26465 ns  Iteration: 0  Process: /tb_top/u_mon//tb_top/u_mon  Scope: tb_top.u_mon  File: /run/media/sackb/Windows-SSD/Users/sackb/OneDrive/Desktop/University/Course_Work/2025-2026/Spring_2026/ECE_410/ECE410/project/post_m3_Minor_Redesign/tb/tb_top.sv Line: 257

Time: 26475 ns Started: 26465 ns Scope: /tb_top/u_mon File: /run/media/sackb/Windows-SSD/Users/sackb/OneDrive/Desktop/University/Course_Work/2025-2026/Spring_2026/ECE_410/ECE410/project/post_m3_Minor_Redesign/tb/tb_top.sv Line:256
Error: AXI MONITOR: core_C changed while core is idle
Time: 26475 ns  Iteration: 0  Process: /tb_top/u_mon//tb_top/u_mon  Scope: tb_top.u_mon  File: /run/media/sackb/Windows-SSD/Users/sackb/OneDrive/Desktop/University/Course_Work/2025-2026/Spring_2026/ECE_410/ECE410/project/post_m3_Minor_Redesign/tb/tb_top.sv Line: 257

Time: 26485 ns Started: 26475 ns Scope: /tb_top/u_mon File: /run/media/sackb/Windows-SSD/Users/sackb/OneDrive/Desktop/University/Course_Work/2025-2026/Spring_2026/ECE_410/ECE410/project/post_m3_Minor_Redesign/tb/tb_top.sv Line:256
Error: AXI MONITOR: core_C changed while core is idle
Time: 26485 ns  Iteration: 0  Process: /tb_top/u_mon//tb_top/u_mon  Scope: tb_top.u_mon  File: /run/media/sackb/Windows-SSD/Users/sackb/OneDrive/Desktop/University/Course_Work/2025-2026/Spring_2026/ECE_410/ECE410/project/post_m3_Minor_Redesign/tb/tb_top.sv Line: 257

Time: 26495 ns Started: 26485 ns Scope: /tb_top/u_mon File: /run/media/sackb/Windows-SSD/Users/sackb/OneDrive/Desktop/University/Course_Work/2025-2026/Spring_2026/ECE_410/ECE410/project/post_m3_Minor_Redesign/tb/tb_top.sv Line:256
Error: AXI MONITOR: core_C changed while core is idle
Time: 26495 ns  Iteration: 0  Process: /tb_top/u_mon//tb_top/u_mon  Scope: tb_top.u_mon  File: /run/media/sackb/Windows-SSD/Users/sackb/OneDrive/Desktop/University/Course_Work/2025-2026/Spring_2026/ECE_410/ECE410/project/post_m3_Minor_Redesign/tb/tb_top.sv Line: 257

Time: 26505 ns Started: 26495 ns Scope: /tb_top/u_mon File: /run/media/sackb/Windows-SSD/Users/sackb/OneDrive/Desktop/University/Course_Work/2025-2026/Spring_2026/ECE_410/ECE410/project/post_m3_Minor_Redesign/tb/tb_top.sv Line:256
Error: AXI MONITOR: core_C changed while core is idle
Time: 26505 ns  Iteration: 0  Process: /tb_top/u_mon//tb_top/u_mon  Scope: tb_top.u_mon  File: /run/media/sackb/Windows-SSD/Users/sackb/OneDrive/Desktop/University/Course_Work/2025-2026/Spring_2026/ECE_410/ECE410/project/post_m3_Minor_Redesign/tb/tb_top.sv Line: 257

Time: 26515 ns Started: 26505 ns Scope: /tb_top/u_mon File: /run/media/sackb/Windows-SSD/Users/sackb/OneDrive/Desktop/University/Course_Work/2025-2026/Spring_2026/ECE_410/ECE410/project/post_m3_Minor_Redesign/tb/tb_top.sv Line:256
Error: AXI MONITOR: core_C changed while core is idle
Time: 26515 ns  Iteration: 0  Process: /tb_top/u_mon//tb_top/u_mon  Scope: tb_top.u_mon  File: /run/media/sackb/Windows-SSD/Users/sackb/OneDrive/Desktop/University/Course_Work/2025-2026/Spring_2026/ECE_410/ECE410/project/post_m3_Minor_Redesign/tb/tb_top.sv Line: 257

Time: 26525 ns Started: 26515 ns Scope: /tb_top/u_mon File: /run/media/sackb/Windows-SSD/Users/sackb/OneDrive/Desktop/University/Course_Work/2025-2026/Spring_2026/ECE_410/ECE410/project/post_m3_Minor_Redesign/tb/tb_top.sv Line:256
Error: AXI MONITOR: core_C changed while core is idle
Time: 26525 ns  Iteration: 0  Process: /tb_top/u_mon//tb_top/u_mon  Scope: tb_top.u_mon  File: /run/media/sackb/Windows-SSD/Users/sackb/OneDrive/Desktop/University/Course_Work/2025-2026/Spring_2026/ECE_410/ECE410/project/post_m3_Minor_Redesign/tb/tb_top.sv Line: 257

Time: 26535 ns Started: 26525 ns Scope: /tb_top/u_mon File: /run/media/sackb/Windows-SSD/Users/sackb/OneDrive/Desktop/University/Course_Work/2025-2026/Spring_2026/ECE_410/ECE410/project/post_m3_Minor_Redesign/tb/tb_top.sv Line:256
Error: AXI MONITOR: core_C changed while core is idle
Time: 26535 ns  Iteration: 0  Process: /tb_top/u_mon//tb_top/u_mon  Scope: tb_top.u_mon  File: /run/media/sackb/Windows-SSD/Users/sackb/OneDrive/Desktop/University/Course_Work/2025-2026/Spring_2026/ECE_410/ECE410/project/post_m3_Minor_Redesign/tb/tb_top.sv Line: 257

Time: 26545 ns Started: 26535 ns Scope: /tb_top/u_mon File: /run/media/sackb/Windows-SSD/Users/sackb/OneDrive/Desktop/University/Course_Work/2025-2026/Spring_2026/ECE_410/ECE410/project/post_m3_Minor_Redesign/tb/tb_top.sv Line:256
Error: AXI MONITOR: core_C changed while core is idle
Time: 26545 ns  Iteration: 0  Process: /tb_top/u_mon//tb_top/u_mon  Scope: tb_top.u_mon  File: /run/media/sackb/Windows-SSD/Users/sackb/OneDrive/Desktop/University/Course_Work/2025-2026/Spring_2026/ECE_410/ECE410/project/post_m3_Minor_Redesign/tb/tb_top.sv Line: 257

Time: 26555 ns Started: 26545 ns Scope: /tb_top/u_mon File: /run/media/sackb/Windows-SSD/Users/sackb/OneDrive/Desktop/University/Course_Work/2025-2026/Spring_2026/ECE_410/ECE410/project/post_m3_Minor_Redesign/tb/tb_top.sv Line:256
Error: AXI MONITOR: core_C changed while core is idle
Time: 26555 ns  Iteration: 0  Process: /tb_top/u_mon//tb_top/u_mon  Scope: tb_top.u_mon  File: /run/media/sackb/Windows-SSD/Users/sackb/OneDrive/Desktop/University/Course_Work/2025-2026/Spring_2026/ECE_410/ECE410/project/post_m3_Minor_Redesign/tb/tb_top.sv Line: 257

Time: 26565 ns Started: 26555 ns Scope: /tb_top/u_mon File: /run/media/sackb/Windows-SSD/Users/sackb/OneDrive/Desktop/University/Course_Work/2025-2026/Spring_2026/ECE_410/ECE410/project/post_m3_Minor_Redesign/tb/tb_top.sv Line:256
Error: AXI MONITOR: core_C changed while core is idle
Time: 26565 ns  Iteration: 0  Process: /tb_top/u_mon//tb_top/u_mon  Scope: tb_top.u_mon  File: /run/media/sackb/Windows-SSD/Users/sackb/OneDrive/Desktop/University/Course_Work/2025-2026/Spring_2026/ECE_410/ECE410/project/post_m3_Minor_Redesign/tb/tb_top.sv Line: 257

Time: 26575 ns Started: 26565 ns Scope: /tb_top/u_mon File: /run/media/sackb/Windows-SSD/Users/sackb/OneDrive/Desktop/University/Course_Work/2025-2026/Spring_2026/ECE_410/ECE410/project/post_m3_Minor_Redesign/tb/tb_top.sv Line:256
Error: AXI MONITOR: core_C changed while core is idle
Time: 26575 ns  Iteration: 0  Process: /tb_top/u_mon//tb_top/u_mon  Scope: tb_top.u_mon  File: /run/media/sackb/Windows-SSD/Users/sackb/OneDrive/Desktop/University/Course_Work/2025-2026/Spring_2026/ECE_410/ECE410/project/post_m3_Minor_Redesign/tb/tb_top.sv Line: 257

Time: 26585 ns Started: 26575 ns Scope: /tb_top/u_mon File: /run/media/sackb/Windows-SSD/Users/sackb/OneDrive/Desktop/University/Course_Work/2025-2026/Spring_2026/ECE_410/ECE410/project/post_m3_Minor_Redesign/tb/tb_top.sv Line:256
Error: AXI MONITOR: core_C changed while core is idle
Time: 26585 ns  Iteration: 0  Process: /tb_top/u_mon//tb_top/u_mon  Scope: tb_top.u_mon  File: /run/media/sackb/Windows-SSD/Users/sackb/OneDrive/Desktop/University/Course_Work/2025-2026/Spring_2026/ECE_410/ECE410/project/post_m3_Minor_Redesign/tb/tb_top.sv Line: 257

Time: 26595 ns Started: 26585 ns Scope: /tb_top/u_mon File: /run/media/sackb/Windows-SSD/Users/sackb/OneDrive/Desktop/University/Course_Work/2025-2026/Spring_2026/ECE_410/ECE410/project/post_m3_Minor_Redesign/tb/tb_top.sv Line:256
Error: AXI MONITOR: core_C changed while core is idle
Time: 26595 ns  Iteration: 0  Process: /tb_top/u_mon//tb_top/u_mon  Scope: tb_top.u_mon  File: /run/media/sackb/Windows-SSD/Users/sackb/OneDrive/Desktop/University/Course_Work/2025-2026/Spring_2026/ECE_410/ECE410/project/post_m3_Minor_Redesign/tb/tb_top.sv Line: 257

Time: 26605 ns Started: 26595 ns Scope: /tb_top/u_mon File: /run/media/sackb/Windows-SSD/Users/sackb/OneDrive/Desktop/University/Course_Work/2025-2026/Spring_2026/ECE_410/ECE410/project/post_m3_Minor_Redesign/tb/tb_top.sv Line:256
Error: AXI MONITOR: core_C changed while core is idle
Time: 26605 ns  Iteration: 0  Process: /tb_top/u_mon//tb_top/u_mon  Scope: tb_top.u_mon  File: /run/media/sackb/Windows-SSD/Users/sackb/OneDrive/Desktop/University/Course_Work/2025-2026/Spring_2026/ECE_410/ECE410/project/post_m3_Minor_Redesign/tb/tb_top.sv Line: 257

Time: 26615 ns Started: 26605 ns Scope: /tb_top/u_mon File: /run/media/sackb/Windows-SSD/Users/sackb/OneDrive/Desktop/University/Course_Work/2025-2026/Spring_2026/ECE_410/ECE410/project/post_m3_Minor_Redesign/tb/tb_top.sv Line:256
Error: AXI MONITOR: core_C changed while core is idle
Time: 26615 ns  Iteration: 0  Process: /tb_top/u_mon//tb_top/u_mon  Scope: tb_top.u_mon  File: /run/media/sackb/Windows-SSD/Users/sackb/OneDrive/Desktop/University/Course_Work/2025-2026/Spring_2026/ECE_410/ECE410/project/post_m3_Minor_Redesign/tb/tb_top.sv Line: 257

Time: 26625 ns Started: 26615 ns Scope: /tb_top/u_mon File: /run/media/sackb/Windows-SSD/Users/sackb/OneDrive/Desktop/University/Course_Work/2025-2026/Spring_2026/ECE_410/ECE410/project/post_m3_Minor_Redesign/tb/tb_top.sv Line:256
Error: AXI MONITOR: core_C changed while core is idle
Time: 26625 ns  Iteration: 0  Process: /tb_top/u_mon//tb_top/u_mon  Scope: tb_top.u_mon  File: /run/media/sackb/Windows-SSD/Users/sackb/OneDrive/Desktop/University/Course_Work/2025-2026/Spring_2026/ECE_410/ECE410/project/post_m3_Minor_Redesign/tb/tb_top.sv Line: 257

Time: 26635 ns Started: 26625 ns Scope: /tb_top/u_mon File: /run/media/sackb/Windows-SSD/Users/sackb/OneDrive/Desktop/University/Course_Work/2025-2026/Spring_2026/ECE_410/ECE410/project/post_m3_Minor_Redesign/tb/tb_top.sv Line:256
Error: AXI MONITOR: core_C changed while core is idle
Time: 26635 ns  Iteration: 0  Process: /tb_top/u_mon//tb_top/u_mon  Scope: tb_top.u_mon  File: /run/media/sackb/Windows-SSD/Users/sackb/OneDrive/Desktop/University/Course_Work/2025-2026/Spring_2026/ECE_410/ECE410/project/post_m3_Minor_Redesign/tb/tb_top.sv Line: 257

Time: 26645 ns Started: 26635 ns Scope: /tb_top/u_mon File: /run/media/sackb/Windows-SSD/Users/sackb/OneDrive/Desktop/University/Course_Work/2025-2026/Spring_2026/ECE_410/ECE410/project/post_m3_Minor_Redesign/tb/tb_top.sv Line:256
Error: AXI MONITOR: core_C changed while core is idle
Time: 26645 ns  Iteration: 0  Process: /tb_top/u_mon//tb_top/u_mon  Scope: tb_top.u_mon  File: /run/media/sackb/Windows-SSD/Users/sackb/OneDrive/Desktop/University/Course_Work/2025-2026/Spring_2026/ECE_410/ECE410/project/post_m3_Minor_Redesign/tb/tb_top.sv Line: 257

Time: 26655 ns Started: 26645 ns Scope: /tb_top/u_mon File: /run/media/sackb/Windows-SSD/Users/sackb/OneDrive/Desktop/University/Course_Work/2025-2026/Spring_2026/ECE_410/ECE410/project/post_m3_Minor_Redesign/tb/tb_top.sv Line:256
Error: AXI MONITOR: core_C changed while core is idle
Time: 26655 ns  Iteration: 0  Process: /tb_top/u_mon//tb_top/u_mon  Scope: tb_top.u_mon  File: /run/media/sackb/Windows-SSD/Users/sackb/OneDrive/Desktop/University/Course_Work/2025-2026/Spring_2026/ECE_410/ECE410/project/post_m3_Minor_Redesign/tb/tb_top.sv Line: 257
TB_TOP: Iteration 14 complete

Time: 26665 ns Started: 26655 ns Scope: /tb_top/u_mon File: /run/media/sackb/Windows-SSD/Users/sackb/OneDrive/Desktop/University/Course_Work/2025-2026/Spring_2026/ECE_410/ECE410/project/post_m3_Minor_Redesign/tb/tb_top.sv Line:256
Error: AXI MONITOR: core_C changed while core is idle
Time: 26665 ns  Iteration: 0  Process: /tb_top/u_mon//tb_top/u_mon  Scope: tb_top.u_mon  File: /run/media/sackb/Windows-SSD/Users/sackb/OneDrive/Desktop/University/Course_Work/2025-2026/Spring_2026/ECE_410/ECE410/project/post_m3_Minor_Redesign/tb/tb_top.sv Line: 257

Time: 26675 ns Started: 26665 ns Scope: /tb_top/u_mon File: /run/media/sackb/Windows-SSD/Users/sackb/OneDrive/Desktop/University/Course_Work/2025-2026/Spring_2026/ECE_410/ECE410/project/post_m3_Minor_Redesign/tb/tb_top.sv Line:256
Error: AXI MONITOR: core_C changed while core is idle
Time: 26675 ns  Iteration: 0  Process: /tb_top/u_mon//tb_top/u_mon  Scope: tb_top.u_mon  File: /run/media/sackb/Windows-SSD/Users/sackb/OneDrive/Desktop/University/Course_Work/2025-2026/Spring_2026/ECE_410/ECE410/project/post_m3_Minor_Redesign/tb/tb_top.sv Line: 257

Time: 26685 ns Started: 26675 ns Scope: /tb_top/u_mon File: /run/media/sackb/Windows-SSD/Users/sackb/OneDrive/Desktop/University/Course_Work/2025-2026/Spring_2026/ECE_410/ECE410/project/post_m3_Minor_Redesign/tb/tb_top.sv Line:256
Error: AXI MONITOR: core_C changed while core is idle
Time: 26685 ns  Iteration: 0  Process: /tb_top/u_mon//tb_top/u_mon  Scope: tb_top.u_mon  File: /run/media/sackb/Windows-SSD/Users/sackb/OneDrive/Desktop/University/Course_Work/2025-2026/Spring_2026/ECE_410/ECE410/project/post_m3_Minor_Redesign/tb/tb_top.sv Line: 257

Time: 26695 ns Started: 26685 ns Scope: /tb_top/u_mon File: /run/media/sackb/Windows-SSD/Users/sackb/OneDrive/Desktop/University/Course_Work/2025-2026/Spring_2026/ECE_410/ECE410/project/post_m3_Minor_Redesign/tb/tb_top.sv Line:256
Error: AXI MONITOR: core_C changed while core is idle
Time: 26695 ns  Iteration: 0  Process: /tb_top/u_mon//tb_top/u_mon  Scope: tb_top.u_mon  File: /run/media/sackb/Windows-SSD/Users/sackb/OneDrive/Desktop/University/Course_Work/2025-2026/Spring_2026/ECE_410/ECE410/project/post_m3_Minor_Redesign/tb/tb_top.sv Line: 257

Time: 26705 ns Started: 26695 ns Scope: /tb_top/u_mon File: /run/media/sackb/Windows-SSD/Users/sackb/OneDrive/Desktop/University/Course_Work/2025-2026/Spring_2026/ECE_410/ECE410/project/post_m3_Minor_Redesign/tb/tb_top.sv Line:256
Error: AXI MONITOR: core_C changed while core is idle
Time: 26705 ns  Iteration: 0  Process: /tb_top/u_mon//tb_top/u_mon  Scope: tb_top.u_mon  File: /run/media/sackb/Windows-SSD/Users/sackb/OneDrive/Desktop/University/Course_Work/2025-2026/Spring_2026/ECE_410/ECE410/project/post_m3_Minor_Redesign/tb/tb_top.sv Line: 257

Time: 26715 ns Started: 26705 ns Scope: /tb_top/u_mon File: /run/media/sackb/Windows-SSD/Users/sackb/OneDrive/Desktop/University/Course_Work/2025-2026/Spring_2026/ECE_410/ECE410/project/post_m3_Minor_Redesign/tb/tb_top.sv Line:256
Error: AXI MONITOR: core_C changed while core is idle
Time: 26715 ns  Iteration: 0  Process: /tb_top/u_mon//tb_top/u_mon  Scope: tb_top.u_mon  File: /run/media/sackb/Windows-SSD/Users/sackb/OneDrive/Desktop/University/Course_Work/2025-2026/Spring_2026/ECE_410/ECE410/project/post_m3_Minor_Redesign/tb/tb_top.sv Line: 257

Time: 26725 ns Started: 26715 ns Scope: /tb_top/u_mon File: /run/media/sackb/Windows-SSD/Users/sackb/OneDrive/Desktop/University/Course_Work/2025-2026/Spring_2026/ECE_410/ECE410/project/post_m3_Minor_Redesign/tb/tb_top.sv Line:256
Error: AXI MONITOR: core_C changed while core is idle
Time: 26725 ns  Iteration: 0  Process: /tb_top/u_mon//tb_top/u_mon  Scope: tb_top.u_mon  File: /run/media/sackb/Windows-SSD/Users/sackb/OneDrive/Desktop/University/Course_Work/2025-2026/Spring_2026/ECE_410/ECE410/project/post_m3_Minor_Redesign/tb/tb_top.sv Line: 257

Time: 26735 ns Started: 26725 ns Scope: /tb_top/u_mon File: /run/media/sackb/Windows-SSD/Users/sackb/OneDrive/Desktop/University/Course_Work/2025-2026/Spring_2026/ECE_410/ECE410/project/post_m3_Minor_Redesign/tb/tb_top.sv Line:256
Error: AXI MONITOR: core_C changed while core is idle
Time: 26735 ns  Iteration: 0  Process: /tb_top/u_mon//tb_top/u_mon  Scope: tb_top.u_mon  File: /run/media/sackb/Windows-SSD/Users/sackb/OneDrive/Desktop/University/Course_Work/2025-2026/Spring_2026/ECE_410/ECE410/project/post_m3_Minor_Redesign/tb/tb_top.sv Line: 257

Time: 26745 ns Started: 26735 ns Scope: /tb_top/u_mon File: /run/media/sackb/Windows-SSD/Users/sackb/OneDrive/Desktop/University/Course_Work/2025-2026/Spring_2026/ECE_410/ECE410/project/post_m3_Minor_Redesign/tb/tb_top.sv Line:256
Error: AXI MONITOR: core_C changed while core is idle
Time: 26745 ns  Iteration: 0  Process: /tb_top/u_mon//tb_top/u_mon  Scope: tb_top.u_mon  File: /run/media/sackb/Windows-SSD/Users/sackb/OneDrive/Desktop/University/Course_Work/2025-2026/Spring_2026/ECE_410/ECE410/project/post_m3_Minor_Redesign/tb/tb_top.sv Line: 257

Time: 26755 ns Started: 26745 ns Scope: /tb_top/u_mon File: /run/media/sackb/Windows-SSD/Users/sackb/OneDrive/Desktop/University/Course_Work/2025-2026/Spring_2026/ECE_410/ECE410/project/post_m3_Minor_Redesign/tb/tb_top.sv Line:256
Error: AXI MONITOR: core_C changed while core is idle
Time: 26755 ns  Iteration: 0  Process: /tb_top/u_mon//tb_top/u_mon  Scope: tb_top.u_mon  File: /run/media/sackb/Windows-SSD/Users/sackb/OneDrive/Desktop/University/Course_Work/2025-2026/Spring_2026/ECE_410/ECE410/project/post_m3_Minor_Redesign/tb/tb_top.sv Line: 257
TB_TOP: All 15 iterations complete.
CHECKER summary: 180 elements passed, 0 failed
SIMULATION RESULT: PASS — all checks passed, no errors detected
$finish called at time : 26765 ns : File "/run/media/sackb/Windows-SSD/Users/sackb/OneDrive/Desktop/University/Course_Work/2025-2026/Spring_2026/ECE_410/ECE410/project/post_m3_Minor_Redesign/tb/tb_top.sv" Line 744
exit
INFO: xsimkernel Simulation Memory Usage: 288156 KB (Peak: 336552 KB), Simulation CPU Usage: 1120 ms
INFO: [Common 17-206] Exiting xsim at Wed Jun  3 02:34:38 2026...
