$date
   Wed Jun  3 02:43:41 2026
$end

$version
  2025.2
  $dumpfile ("sim/cosim_waveform.vcd") 
$end

$timescale
  1ps
$end

$scope module tb_top $end
$var reg 1 ! clk $end
$var reg 1 " rst_n $end
$var reg 32 # m_awaddr [31:0] $end
$var reg 1 $ m_awvalid $end
$var reg 1 % m_awready $end
$var reg 64 & m_wdata [63:0] $end
$var reg 8 ' m_wstrb [7:0] $end
$var reg 1 ( m_wvalid $end
$var reg 1 ) m_wready $end
$var reg 2 * m_bresp [1:0] $end
$var reg 1 + m_bvalid $end
$var reg 1 , m_bready $end
$var reg 32 - m_araddr [31:0] $end
$var reg 1 . m_arvalid $end
$var reg 1 / m_arready $end
$var reg 64 0 m_rdata [63:0] $end
$var reg 2 1 m_rresp [1:0] $end
$var reg 1 2 m_rvalid $end
$var reg 1 3 m_rready $end
$var wire 1 4 core_start $end
$var wire 1 5 core_busy $end
$var wire 1 6 core_done $end
$var wire 1 7 core_rst_n $end
$var reg 1 8 check_en $end
$upscope $end
$enddefinitions $end

#0
$dumpvars
0!
0"
b0 #
0$
1%
b0 &
b11111111 '
0(
1)
b0 *
0+
1,
b0 -
0.
1/
b0 0
b0 1
02
13
04
05
06
07
08
$end

#5000
1!

#10000
0!

#15000
1!

#20000
0!

#25000
1!

#30000
0!

#35000
1!

#40000
0!

#45000
1!
1"
17

#50000
0!

#55000
1!

#60000
0!

#65000
1!

#70000
0!

#75000
1!

#80000
0!

#85000
1!
b11101000 #
1$
b100000000010100000000000000000000000000000000000000000000000000 &
1(

#90000
0!

#95000
1!
0$
0%
0(
0)

#100000
0!

#105000
1!
1%
1)
1+

#110000
0!

#115000
1!
0+

#120000
0!

#125000
1!
b10000 #
1$
b11111111100000000000000000000000000000000000000000000000000000 &
1(

#130000
0!

#135000
1!
0$
0%
0(
0)

#140000
0!

#145000
1!
1%
1)
1+

#150000
0!

#155000
1!
0+

#160000
0!

#165000
1!
b11000 #
1$
b0 &
1(

#170000
0!

#175000
1!
0$
0%
0(
0)

#180000
0!

#185000
1!
1%
1)
1+

#190000
0!

#195000
1!
0+

#200000
0!

#205000
1!
b100000 #
1$
1(

#210000
0!

#215000
1!
0$
0%
0(
0)

#220000
0!

#225000
1!
1%
1)
1+

#230000
0!

#235000
1!
0+

#240000
0!

#245000
1!
b101000 #
1$
1(

#250000
0!

#255000
1!
0$
0%
0(
0)

#260000
0!

#265000
1!
1%
1)
1+

#270000
0!

#275000
1!
0+

#280000
0!

#285000
1!
b110000 #
1$
1(

#290000
0!

#295000
1!
0$
0%
0(
0)

#300000
0!

#305000
1!
1%
1)
1+

#310000
0!

#315000
1!
0+

#320000
0!

#325000
1!
b111000 #
1$
1(

#330000
0!

#335000
1!
0$
0%
0(
0)

#340000
0!

#345000
1!
1%
1)
1+

#350000
0!

#355000
1!
0+

#360000
0!

#365000
1!
b1000000 #
1$
1(

#370000
0!

#375000
1!
0$
0%
0(
0)

#380000
0!

#385000
1!
1%
1)
1+

#390000
0!

#395000
1!
0+

#400000
0!

#405000
1!
b1001000 #
1$
1(

#410000
0!

#415000
1!
0$
0%
0(
0)

#420000
0!

#425000
1!
1%
1)
1+

#430000
0!

#435000
1!
0+

#440000
0!

#445000
1!
b1010000 #
1$
1(

#450000
0!

#455000
1!
0$
0%
0(
0)

#460000
0!

#465000
1!
1%
1)
1+

#470000
0!

#475000
1!
0+

#480000
0!

#485000
1!
b1011000 #
1$
b100000001011001000000000000000000000000000000000000000000000000 &
1(

#490000
0!

#495000
1!
0$
0%
0(
0)

#500000
0!

#505000
1!
1%
1)
1+

#510000
0!

#515000
1!
0+

#520000
0!

#525000
1!
b1100000 #
1$
b0 &
1(

#530000
0!

#535000
1!
0$
0%
0(
0)

#540000
0!

#545000
1!
1%
1)
1+

#550000
0!

#555000
1!
0+

#560000
0!

#565000
1!
b1101000 #
1$
1(

#570000
0!

#575000
1!
0$
0%
0(
0)

#580000
0!

#585000
1!
1%
1)
1+

#590000
0!

#595000
1!
0+

#600000
0!

#605000
1!
b1110000 #
1$
1(

#610000
0!

#615000
1!
0$
0%
0(
0)

#620000
0!

#625000
1!
1%
1)
1+

#630000
0!

#635000
1!
0+

#640000
0!

#645000
1!
b1111000 #
1$
b100000001011001000000000000000000000000000000000000000000000000 &
1(

#650000
0!

#655000
1!
0$
0%
0(
0)

#660000
0!

#665000
1!
1%
1)
1+

#670000
0!

#675000
1!
0+

#680000
0!

#685000
1!
b10000000 #
1$
b0 &
1(

#690000
0!

#695000
1!
0$
0%
0(
0)

#700000
0!

#705000
1!
1%
1)
1+

#710000
0!

#715000
1!
0+

#720000
0!

#725000
1!
b10001000 #
1$
1(

#730000
0!

#735000
1!
0$
0%
0(
0)

#740000
0!

#745000
1!
1%
1)
1+

#750000
0!

#755000
1!
0+

#760000
0!

#765000
1!
b10010000 #
1$
1(

#770000
0!

#775000
1!
0$
0%
0(
0)

#780000
0!

#785000
1!
1%
1)
1+

#790000
0!

#795000
1!
0+

#800000
0!

#805000
1!
b10011000 #
1$
b100000001011001000000000000000000000000000000000000000000000000 &
1(

#810000
0!

#815000
1!
0$
0%
0(
0)

#820000
0!

#825000
1!
1%
1)
1+

#830000
0!

#835000
1!
0+

#840000
0!

#845000
1!
b0 #
1$
b1 &
1(

#850000
0!

#855000
1!
0$
0%
0(
0)

#860000
0!

#865000
1!
1%
1)
1+
14

#870000
0!

#875000
1!
0+
04
15

#880000
0!

#885000
1!
b1000 -
1.

#890000
0!

#895000
1!
0.
0/
b10 0
12

#900000
0!

#905000
1!
1/
02

#910000
0!

#915000
1!
1.

#920000
0!

#925000
1!
0.
0/
12

#930000
0!

#935000
1!
1/
02

#940000
0!

#945000
1!
1.

#950000
0!

#955000
1!
0.
0/
12

#960000
0!

#965000
1!
1/
02

#970000
0!

#975000
1!
1.

#980000
0!

#985000
1!
0.
0/
12

#990000
0!

#995000
1!
1/
02

#1000000
0!

#1005000
1!
1.

#1010000
0!

#1015000
1!
0.
0/
12

#1020000
0!

#1025000
1!
1/
02

#1030000
0!

#1035000
1!
1.

#1040000
0!

#1045000
1!
0.
0/
12

#1050000
0!

#1055000
1!
1/
02

#1060000
0!

#1065000
1!
1.

#1070000
0!

#1075000
1!
0.
0/
12

#1080000
0!

#1085000
1!
1/
02

#1090000
0!

#1095000
1!
1.

#1100000
0!

#1105000
1!
0.
0/
12

#1110000
0!

#1115000
1!
1/
02

#1120000
0!

#1125000
1!
1.

#1130000
0!

#1135000
1!
0.
0/
12

#1140000
0!

#1145000
1!
1/
02

#1150000
0!

#1155000
1!
1.

#1160000
0!

#1165000
1!
0.
0/
12

#1170000
0!

#1175000
1!
1/
02

#1180000
0!

#1185000
1!
1.

#1190000
0!

#1195000
1!
0.
0/
12

#1200000
0!

#1205000
1!
1/
02

#1210000
0!

#1215000
1!
1.

#1220000
0!

#1225000
1!
0.
0/
12

#1230000
0!

#1235000
1!
1/
02

#1240000
0!

#1245000
1!
1.

#1250000
0!

#1255000
1!
0.
0/
12

#1260000
0!

#1265000
1!
1/
02

#1270000
0!

#1275000
1!
1.

#1280000
0!

#1285000
1!
0.
0/
12

#1290000
0!

#1295000
1!
1/
02

#1300000
0!

#1305000
1!
1.

#1310000
0!

#1315000
1!
0.
0/
12

#1320000
0!

#1325000
1!
1/
02

#1330000
0!

#1335000
1!
1.

#1340000
0!

#1345000
1!
0.
0/
12

#1350000
0!

#1355000
1!
1/
02

#1360000
0!

#1365000
1!
1.

#1370000
0!

#1375000
1!
0.
0/
12

#1380000
0!

#1385000
1!
1/
02

#1390000
0!

#1395000
1!
1.

#1400000
0!

#1405000
1!
0.
0/
12

#1410000
0!

#1415000
1!
1/
02

#1420000
0!

#1425000
1!
1.

#1430000
0!

#1435000
1!
0.
0/
12

#1440000
0!

#1445000
1!
1/
02

#1450000
0!

#1455000
1!
1.

#1460000
0!

#1465000
1!
0.
0/
12

#1470000
0!

#1475000
1!
1/
02

#1480000
0!

#1485000
1!
1.

#1490000
0!

#1495000
1!
0.
0/
12

#1500000
0!

#1505000
1!
1/
02

#1510000
0!

#1515000
1!
1.

#1520000
0!

#1525000
1!
0.
0/
12

#1530000
0!

#1535000
1!
1/
02

#1540000
0!

#1545000
1!
1.

#1550000
0!

#1555000
1!
0.
0/
12

#1560000
0!

#1565000
1!
1/
02

#1570000
0!

#1575000
1!
1.

#1580000
0!

#1585000
1!
0.
0/
12

#1590000
0!

#1595000
1!
1/
02
05
16

#1600000
0!

#1605000
1!
1.
06

#1610000
0!

#1615000
1!
0.
0/
b0 0
12

#1620000
0!

#1625000
1!
1/
02

#1630000
0!

#1635000
1!
b110000 -
1.

#1640000
0!

#1645000
1!
0.
0/
b11111111011110011110011110011110011010110100101001000000001000 0
12

#1650000
0!

#1655000
1!
1/
02

#1660000
0!

#1665000
1!
b111000 -
1.

#1670000
0!

#1675000
1!
0.
0/
b0 0
12

#1680000
0!

#1685000
1!
1/
02

#1690000
0!

#1695000
1!
b1000000 -
1.

#1700000
0!

#1705000
1!
0.
0/
12

#1710000
0!

#1715000
1!
1/
02

#1720000
0!

#1725000
1!
b10100000 -
1.

#1730000
0!

#1735000
1!
0.
0/
b100000000010011000011000011000011110000101101111111011110011100 0
12

#1740000
0!

#1745000
1!
1/
02

#1750000
0!

#1755000
1!
b10101000 -
1.

#1760000
0!

#1765000
1!
0.
0/
b0 0
12

#1770000
0!

#1775000
1!
1/
02

#1780000
0!

#1785000
1!
b10110000 -
1.

#1790000
0!

#1795000
1!
0.
0/
12

#1800000
0!

#1805000
1!
1/
02

#1810000
0!

#1815000
1!
b10111000 -
1.

#1820000
0!

#1825000
1!
0.
0/
12

#1830000
0!

#1835000
1!
1/
02

#1840000
0!

#1845000
1!
b11000000 -
1.

#1850000
0!

#1855000
1!
0.
0/
b100000001011001000000000000000000000000000000000000000000000000 0
12

#1860000
0!

#1865000
1!
1/
02

#1870000
0!

#1875000
1!
b11001000 -
1.

#1880000
0!

#1885000
1!
0.
0/
b0 0
12

#1890000
0!

#1895000
1!
1/
02

#1900000
0!

#1905000
1!
b11010000 -
1.

#1910000
0!

#1915000
1!
0.
0/
12

#1920000
0!

#1925000
1!
1/
02

#1930000
0!

#1935000
1!
b11011000 -
1.

#1940000
0!

#1945000
1!
0.
0/
12

#1950000
0!

#1955000
1!
1/
02

#1960000
0!

#1965000
1!
b11100000 -
1.

#1970000
0!

#1975000
1!
0.
0/
b100000001011001000000000000000000000000000000000000000000000000 0
12

#1980000
0!

#1985000
1!
1/
02

#1990000
0!

#1995000
1!
18

#2000000
0!

#2005000
1!
08

#2010000
0!

#2015000
1!
b10000 #
1$
b11111111100000000000000000000000000000000000000000000000000000 &
1(

#2020000
0!

#2025000
1!
0$
0%
0(
0)

#2030000
0!

#2035000
1!
1%
1)
1+

#2040000
0!

#2045000
1!
0+

#2050000
0!

#2055000
1!
b11000 #
1$
b11111111011110011110011110011110011110011110011110011110011111 &
1(

#2060000
0!

#2065000
1!
0$
0%
0(
0)

#2070000
0!

#2075000
1!
1%
1)
1+

#2080000
0!

#2085000
1!
0+

#2090000
0!

#2095000
1!
b100000 #
1$
b0 &
1(

#2100000
0!

#2105000
1!
0$
0%
0(
0)

#2110000
0!

#2115000
1!
1%
1)
1+

#2120000
0!

#2125000
1!
0+

#2130000
0!

#2135000
1!
b101000 #
1$
1(

#2140000
0!

#2145000
1!
0$
0%
0(
0)

#2150000
0!

#2155000
1!
1%
1)
1+

#2160000
0!

#2165000
1!
0+

#2170000
0!

#2175000
1!
b110000 #
1$
1(

#2180000
0!

#2185000
1!
0$
0%
0(
0)

#2190000
0!

#2195000
1!
1%
1)
1+

#2200000
0!

#2205000
1!
0+

#2210000
0!

#2215000
1!
b111000 #
1$
1(

#2220000
0!

#2225000
1!
0$
0%
0(
0)

#2230000
0!

#2235000
1!
1%
1)
1+

#2240000
0!

#2245000
1!
0+

#2250000
0!

#2255000
1!
b1000000 #
1$
1(

#2260000
0!

#2265000
1!
0$
0%
0(
0)

#2270000
0!

#2275000
1!
1%
1)
1+

#2280000
0!

#2285000
1!
0+

#2290000
0!

#2295000
1!
b1001000 #
1$
1(

#2300000
0!

#2305000
1!
0$
0%
0(
0)

#2310000
0!

#2315000
1!
1%
1)
1+

#2320000
0!

#2325000
1!
0+

#2330000
0!

#2335000
1!
b1010000 #
1$
1(

#2340000
0!

#2345000
1!
0$
0%
0(
0)

#2350000
0!

#2355000
1!
1%
1)
1+

#2360000
0!

#2365000
1!
0+

#2370000
0!

#2375000
1!
b1011000 #
1$
b100000001010000111101110110101110100010101111101110000111000000 &
1(

#2380000
0!

#2385000
1!
0$
0%
0(
0)

#2390000
0!

#2395000
1!
1%
1)
1+

#2400000
0!

#2405000
1!
0+

#2410000
0!

#2415000
1!
b1100000 #
1$
b100000001001110010110110001000101111111001111010000101001110110 &
1(

#2420000
0!

#2425000
1!
0$
0%
0(
0)

#2430000
0!

#2435000
1!
1%
1)
1+

#2440000
0!

#2445000
1!
0+

#2450000
0!

#2455000
1!
b1101000 #
1$
b0 &
1(

#2460000
0!

#2465000
1!
0$
0%
0(
0)

#2470000
0!

#2475000
1!
1%
1)
1+

#2480000
0!

#2485000
1!
0+

#2490000
0!

#2495000
1!
b1110000 #
1$
b100000001001110010110110001000101111111001111010000101001110110 &
1(

#2500000
0!

#2505000
1!
0$
0%
0(
0)

#2510000
0!

#2515000
1!
1%
1)
1+

#2520000
0!

#2525000
1!
0+

#2530000
0!

#2535000
1!
b1111000 #
1$
b100000001010000111101110110101110100010101111101110000111000000 &
1(

#2540000
0!

#2545000
1!
0$
0%
0(
0)

#2550000
0!

#2555000
1!
1%
1)
1+

#2560000
0!

#2565000
1!
0+

#2570000
0!

#2575000
1!
b10000000 #
1$
b100000001001110010110110001000101111111001111010000101001110110 &
1(

#2580000
0!

#2585000
1!
0$
0%
0(
0)

#2590000
0!

#2595000
1!
1%
1)
1+

#2600000
0!

#2605000
1!
0+

#2610000
0!

#2615000
1!
b10001000 #
1$
b0 &
1(

#2620000
0!

#2625000
1!
0$
0%
0(
0)

#2630000
0!

#2635000
1!
1%
1)
1+

#2640000
0!

#2645000
1!
0+

#2650000
0!

#2655000
1!
b10010000 #
1$
b100000001001110010110110001000101111111001111010000101001110110 &
1(

#2660000
0!

#2665000
1!
0$
0%
0(
0)

#2670000
0!

#2675000
1!
1%
1)
1+

#2680000
0!

#2685000
1!
0+

#2690000
0!

#2695000
1!
b10011000 #
1$
b100000001010000111101110110101110100010101111101110000111000000 &
1(

#2700000
0!

#2705000
1!
0$
0%
0(
0)

#2710000
0!

#2715000
1!
1%
1)
1+

#2720000
0!

#2725000
1!
0+

#2730000
0!

#2735000
1!
b0 #
1$
b1 &
1(

#2740000
0!

#2745000
1!
0$
0%
0(
0)

#2750000
0!

#2755000
1!
1%
1)
1+
14

#2760000
0!

#2765000
1!
0+
04
15

#2770000
0!

#2775000
1!
b1000 -
1.

#2780000
0!

#2785000
1!
0.
0/
b10 0
12

#2790000
0!

#2795000
1!
1/
02

#2800000
0!

#2805000
1!
1.

#2810000
0!

#2815000
1!
0.
0/
12

#2820000
0!

#2825000
1!
1/
02

#2830000
0!

#2835000
1!
1.

#2840000
0!

#2845000
1!
0.
0/
12

#2850000
0!

#2855000
1!
1/
02

#2860000
0!

#2865000
1!
1.

#2870000
0!

#2875000
1!
0.
0/
12

#2880000
0!

#2885000
1!
1/
02

#2890000
0!

#2895000
1!
1.

#2900000
0!

#2905000
1!
0.
0/
12

#2910000
0!

#2915000
1!
1/
02

#2920000
0!

#2925000
1!
1.

#2930000
0!

#2935000
1!
0.
0/
12

#2940000
0!

#2945000
1!
1/
02

#2950000
0!

#2955000
1!
1.

#2960000
0!

#2965000
1!
0.
0/
12

#2970000
0!

#2975000
1!
1/
02

#2980000
0!

#2985000
1!
1.

#2990000
0!

#2995000
1!
0.
0/
12

#3000000
0!

#3005000
1!
1/
02

#3010000
0!

#3015000
1!
1.

#3020000
0!

#3025000
1!
0.
0/
12

#3030000
0!

#3035000
1!
1/
02

#3040000
0!

#3045000
1!
1.

#3050000
0!

#3055000
1!
0.
0/
12

#3060000
0!

#3065000
1!
1/
02

#3070000
0!

#3075000
1!
1.

#3080000
0!

#3085000
1!
0.
0/
12

#3090000
0!

#3095000
1!
1/
02

#3100000
0!

#3105000
1!
1.

#3110000
0!

#3115000
1!
0.
0/
12

#3120000
0!

#3125000
1!
1/
02

#3130000
0!

#3135000
1!
1.

#3140000
0!

#3145000
1!
0.
0/
12

#3150000
0!

#3155000
1!
1/
02

#3160000
0!

#3165000
1!
1.

#3170000
0!

#3175000
1!
0.
0/
12

#3180000
0!

#3185000
1!
1/
02

#3190000
0!

#3195000
1!
1.

#3200000
0!

#3205000
1!
0.
0/
12

#3210000
0!

#3215000
1!
1/
02

#3220000
0!

#3225000
1!
1.

#3230000
0!

#3235000
1!
0.
0/
12

#3240000
0!

#3245000
1!
1/
02

#3250000
0!

#3255000
1!
1.

#3260000
0!

#3265000
1!
0.
0/
12

#3270000
0!

#3275000
1!
1/
02

#3280000
0!

#3285000
1!
1.

#3290000
0!

#3295000
1!
0.
0/
12

#3300000
0!

#3305000
1!
1/
02

#3310000
0!

#3315000
1!
1.

#3320000
0!

#3325000
1!
0.
0/
12

#3330000
0!

#3335000
1!
1/
02

#3340000
0!

#3345000
1!
1.

#3350000
0!

#3355000
1!
0.
0/
12

#3360000
0!

#3365000
1!
1/
02

#3370000
0!

#3375000
1!
1.

#3380000
0!

#3385000
1!
0.
0/
12

#3390000
0!

#3395000
1!
1/
02

#3400000
0!

#3405000
1!
1.

#3410000
0!

#3415000
1!
0.
0/
12

#3420000
0!

#3425000
1!
1/
02

#3430000
0!

#3435000
1!
1.

#3440000
0!

#3445000
1!
0.
0/
12

#3450000
0!

#3455000
1!
1/
02

#3460000
0!

#3465000
1!
1.

#3470000
0!

#3475000
1!
0.
0/
12

#3480000
0!

#3485000
1!
1/
02
05
16

#3490000
0!

#3495000
1!
1.
06

#3500000
0!

#3505000
1!
0.
0/
b0 0
12

#3510000
0!

#3515000
1!
1/
02

#3520000
0!

#3525000
1!
b110000 -
1.

#3530000
0!

#3535000
1!
0.
0/
b11111111011111111001010011101101100011110100101111011011001111 0
12

#3540000
0!

#3545000
1!
1/
02

#3550000
0!

#3555000
1!
b111000 -
1.

#3560000
0!

#3565000
1!
0.
0/
b11111110010100010100000110011010000111010001110110111011101101 0
12

#3570000
0!

#3575000
1!
1/
02

#3580000
0!

#3585000
1!
b1000000 -
1.

#3590000
0!

#3595000
1!
0.
0/
b0 0
12

#3600000
0!

#3605000
1!
1/
02

#3610000
0!

#3615000
1!
b10100000 -
1.

#3620000
0!

#3625000
1!
0.
0/
b100000000010010101000001010101101111110010010011010010010111010 0
12

#3630000
0!

#3635000
1!
1/
02

#3640000
0!

#3645000
1!
b10101000 -
1.

#3650000
0!

#3655000
1!
0.
0/
b100000000010000101010011111010000011011000011101011101010110101 0
12

#3660000
0!

#3665000
1!
1/
02

#3670000
0!

#3675000
1!
b10110000 -
1.

#3680000
0!

#3685000
1!
0.
0/
b0 0
12

#3690000
0!

#3695000
1!
1/
02

#3700000
0!

#3705000
1!
b10111000 -
1.

#3710000
0!

#3715000
1!
0.
0/
b100000000010000101010011111010000011011000011101011101010111000 0
12

#3720000
0!

#3725000
1!
1/
02

#3730000
0!

#3735000
1!
b11000000 -
1.

#3740000
0!

#3745000
1!
0.
0/
b100000000110001010010000001000011100100100011111001011101001100 0
12

#3750000
0!

#3755000
1!
1/
02

#3760000
0!

#3765000
1!
b11001000 -
1.

#3770000
0!

#3775000
1!
0.
0/
b100000001001110010110110001000101111111001111010000101001110110 0
12

#3780000
0!

#3785000
1!
1/
02

#3790000
0!

#3795000
1!
b11010000 -
1.

#3800000
0!

#3805000
1!
0.
0/
b0 0
12

#3810000
0!

#3815000
1!
1/
02

#3820000
0!

#3825000
1!
b11011000 -
1.

#3830000
0!

#3835000
1!
0.
0/
b100000001001110010110110001000101111111001111010000101001110110 0
12

#3840000
0!

#3845000
1!
1/
02

#3850000
0!

#3855000
1!
b11100000 -
1.

#3860000
0!

#3865000
1!
0.
0/
b100000001010000111101110110101110100010101111101110000111000000 0
12

#3870000
0!

#3875000
1!
1/
02

#3880000
0!

#3885000
1!
18

#3890000
0!

#3895000
1!
08

#3900000
0!

#3905000
1!
b10000 #
1$
b11111111100000000000000000000000000000000000000000000000000000 &
1(

#3910000
0!

#3915000
1!
0$
0%
0(
0)

#3920000
0!

#3925000
1!
1%
1)
1+

#3930000
0!

#3935000
1!
0+

#3940000
0!

#3945000
1!
b11000 #
1$
b11111111011111111001010011101101100011110100110001011111101011 &
1(

#3950000
0!

#3955000
1!
0$
0%
0(
0)

#3960000
0!

#3965000
1!
1%
1)
1+

#3970000
0!

#3975000
1!
0+

#3980000
0!

#3985000
1!
b100000 #
1$
b11111110010100010100000110011010000111010010010100100011010001 &
1(

#3990000
0!

#3995000
1!
0$
0%
0(
0)

#4000000
0!

#4005000
1!
1%
1)
1+

#4010000
0!

#4015000
1!
0+

#4020000
0!

#4025000
1!
b101000 #
1$
b0 &
1(

#4030000
0!

#4035000
1!
0$
0%
0(
0)

#4040000
0!

#4045000
1!
1%
1)
1+

#4050000
0!

#4055000
1!
0+

#4060000
0!

#4065000
1!
b110000 #
1$
1(

#4070000
0!

#4075000
1!
0$
0%
0(
0)

#4080000
0!

#4085000
1!
1%
1)
1+

#4090000
0!

#4095000
1!
0+

#4100000
0!

#4105000
1!
b111000 #
1$
1(

#4110000
0!

#4115000
1!
0$
0%
0(
0)

#4120000
0!

#4125000
1!
1%
1)
1+

#4130000
0!

#4135000
1!
0+

#4140000
0!

#4145000
1!
b1000000 #
1$
1(

#4150000
0!

#4155000
1!
0$
0%
0(
0)

#4160000
0!

#4165000
1!
1%
1)
1+

#4170000
0!

#4175000
1!
0+

#4180000
0!

#4185000
1!
b1001000 #
1$
1(

#4190000
0!

#4195000
1!
0$
0%
0(
0)

#4200000
0!

#4205000
1!
1%
1)
1+

#4210000
0!

#4215000
1!
0+

#4220000
0!

#4225000
1!
b1010000 #
1$
1(

#4230000
0!

#4235000
1!
0$
0%
0(
0)

#4240000
0!

#4245000
1!
1%
1)
1+

#4250000
0!

#4255000
1!
0+

#4260000
0!

#4265000
1!
b1011000 #
1$
b100000001001100000110100100110100011100011110111010100010100101 &
1(

#4270000
0!

#4275000
1!
0$
0%
0(
0)

#4280000
0!

#4285000
1!
1%
1)
1+

#4290000
0!

#4295000
1!
0+

#4300000
0!

#4305000
1!
b1100000 #
1$
b100000001000111010000110010100001101010000011010100101001001010 &
1(

#4310000
0!

#4315000
1!
0$
0%
0(
0)

#4320000
0!

#4325000
1!
1%
1)
1+

#4330000
0!

#4335000
1!
0+

#4340000
0!

#4345000
1!
b1101000 #
1$
b0 &
1(

#4350000
0!

#4355000
1!
0$
0%
0(
0)

#4360000
0!

#4365000
1!
1%
1)
1+

#4370000
0!

#4375000
1!
0+

#4380000
0!

#4385000
1!
b1110000 #
1$
b100000001000111010000110010100001101010000011010100101001001010 &
1(

#4390000
0!

#4395000
1!
0$
0%
0(
0)

#4400000
0!

#4405000
1!
1%
1)
1+

#4410000
0!

#4415000
1!
0+

#4420000
0!

#4425000
1!
b1111000 #
1$
b100000001001100000110100100110100011100011110111010100010100101 &
1(

#4430000
0!

#4435000
1!
0$
0%
0(
0)

#4440000
0!

#4445000
1!
1%
1)
1+

#4450000
0!

#4455000
1!
0+

#4460000
0!

#4465000
1!
b10000000 #
1$
b100000001000111010000110010100001101010000011010100101001001010 &
1(

#4470000
0!

#4475000
1!
0$
0%
0(
0)

#4480000
0!

#4485000
1!
1%
1)
1+

#4490000
0!

#4495000
1!
0+

#4500000
0!

#4505000
1!
b10001000 #
1$
b0 &
1(

#4510000
0!

#4515000
1!
0$
0%
0(
0)

#4520000
0!

#4525000
1!
1%
1)
1+

#4530000
0!

#4535000
1!
0+

#4540000
0!

#4545000
1!
b10010000 #
1$
b100000001000111010000110010100001101010000011010100101001001010 &
1(

#4550000
0!

#4555000
1!
0$
0%
0(
0)

#4560000
0!

#4565000
1!
1%
1)
1+

#4570000
0!

#4575000
1!
0+

#4580000
0!

#4585000
1!
b10011000 #
1$
b100000001001100000110100100110100011100011110111010100010100101 &
1(

#4590000
0!

#4595000
1!
0$
0%
0(
0)

#4600000
0!

#4605000
1!
1%
1)
1+

#4610000
0!

#4615000
1!
0+

#4620000
0!

#4625000
1!
b0 #
1$
b1 &
1(

#4630000
0!

#4635000
1!
0$
0%
0(
0)

#4640000
0!

#4645000
1!
1%
1)
1+
14

#4650000
0!

#4655000
1!
0+
04
15

#4660000
0!

#4665000
1!
b1000 -
1.

#4670000
0!

#4675000
1!
0.
0/
b10 0
12

#4680000
0!

#4685000
1!
1/
02

#4690000
0!

#4695000
1!
1.

#4700000
0!

#4705000
1!
0.
0/
12

#4710000
0!

#4715000
1!
1/
02

#4720000
0!

#4725000
1!
1.

#4730000
0!

#4735000
1!
0.
0/
12

#4740000
0!

#4745000
1!
1/
02

#4750000
0!

#4755000
1!
1.

#4760000
0!

#4765000
1!
0.
0/
12

#4770000
0!

#4775000
1!
1/
02

#4780000
0!

#4785000
1!
1.

#4790000
0!

#4795000
1!
0.
0/
12

#4800000
0!

#4805000
1!
1/
02

#4810000
0!

#4815000
1!
1.

#4820000
0!

#4825000
1!
0.
0/
12

#4830000
0!

#4835000
1!
1/
02

#4840000
0!

#4845000
1!
1.

#4850000
0!

#4855000
1!
0.
0/
12

#4860000
0!

#4865000
1!
1/
02

#4870000
0!

#4875000
1!
1.

#4880000
0!

#4885000
1!
0.
0/
12

#4890000
0!

#4895000
1!
1/
02

#4900000
0!

#4905000
1!
1.

#4910000
0!

#4915000
1!
0.
0/
12

#4920000
0!

#4925000
1!
1/
02

#4930000
0!

#4935000
1!
1.

#4940000
0!

#4945000
1!
0.
0/
12

#4950000
0!

#4955000
1!
1/
02

#4960000
0!

#4965000
1!
1.

#4970000
0!

#4975000
1!
0.
0/
12

#4980000
0!

#4985000
1!
1/
02

#4990000
0!

#4995000
1!
1.

#5000000
0!

#5005000
1!
0.
0/
12

#5010000
0!

#5015000
1!
1/
02

#5020000
0!

#5025000
1!
1.

#5030000
0!

#5035000
1!
0.
0/
12

#5040000
0!

#5045000
1!
1/
02

#5050000
0!

#5055000
1!
1.

#5060000
0!

#5065000
1!
0.
0/
12

#5070000
0!

#5075000
1!
1/
02

#5080000
0!

#5085000
1!
1.

#5090000
0!

#5095000
1!
0.
0/
12

#5100000
0!

#5105000
1!
1/
02

#5110000
0!

#5115000
1!
1.

#5120000
0!

#5125000
1!
0.
0/
12

#5130000
0!

#5135000
1!
1/
02

#5140000
0!

#5145000
1!
1.

#5150000
0!

#5155000
1!
0.
0/
12

#5160000
0!

#5165000
1!
1/
02

#5170000
0!

#5175000
1!
1.

#5180000
0!

#5185000
1!
0.
0/
12

#5190000
0!

#5195000
1!
1/
02

#5200000
0!

#5205000
1!
1.

#5210000
0!

#5215000
1!
0.
0/
12

#5220000
0!

#5225000
1!
1/
02

#5230000
0!

#5235000
1!
1.

#5240000
0!

#5245000
1!
0.
0/
12

#5250000
0!

#5255000
1!
1/
02

#5260000
0!

#5265000
1!
1.

#5270000
0!

#5275000
1!
0.
0/
12

#5280000
0!

#5285000
1!
1/
02

#5290000
0!

#5295000
1!
1.

#5300000
0!

#5305000
1!
0.
0/
12

#5310000
0!

#5315000
1!
1/
02

#5320000
0!

#5325000
1!
1.

#5330000
0!

#5335000
1!
0.
0/
12

#5340000
0!

#5345000
1!
1/
02

#5350000
0!

#5355000
1!
1.

#5360000
0!

#5365000
1!
0.
0/
12

#5370000
0!

#5375000
1!
1/
02
05
16

#5380000
0!

#5385000
1!
1.
06

#5390000
0!

#5395000
1!
0.
0/
b0 0
12

#5400000
0!

#5405000
1!
1/
02

#5410000
0!

#5415000
1!
b110000 -
1.

#5420000
0!

#5425000
1!
0.
0/
b11111111011111111111011101000000110010010000011010100011000101 0
12

#5430000
0!

#5435000
1!
1/
02

#5440000
0!

#5445000
1!
b111000 -
1.

#5450000
0!

#5455000
1!
0.
0/
b11111110010101100101011111010110000001100110001000101111001110 0
12

#5460000
0!

#5465000
1!
1/
02

#5470000
0!

#5475000
1!
b1000000 -
1.

#5480000
0!

#5485000
1!
0.
0/
b0 0
12

#5490000
0!

#5495000
1!
1/
02

#5500000
0!

#5505000
1!
b10100000 -
1.

#5510000
0!

#5515000
1!
0.
0/
b100000000010010010111011011110010110000000100011000111000111001 0
12

#5520000
0!

#5525000
1!
1/
02

#5530000
0!

#5535000
1!
b10101000 -
1.

#5540000
0!

#5545000
1!
0.
0/
b100000000001110011001111101001011100011100000100010000010110010 0
12

#5550000
0!

#5555000
1!
1/
02

#5560000
0!

#5565000
1!
b10110000 -
1.

#5570000
0!

#5575000
1!
0.
0/
b0 0
12

#5580000
0!

#5585000
1!
1/
02

#5590000
0!

#5595000
1!
b10111000 -
1.

#5600000
0!

#5605000
1!
0.
0/
b100000000001110011001111101001011100011100000100010000010110000 0
12

#5610000
0!

#5615000
1!
1/
02

#5620000
0!

#5625000
1!
b11000000 -
1.

#5630000
0!

#5635000
1!
0.
0/
b100000000110100110101110001101101100101101111101100101001100110 0
12

#5640000
0!

#5645000
1!
1/
02

#5650000
0!

#5655000
1!
b11001000 -
1.

#5660000
0!

#5665000
1!
0.
0/
b100000001000111010000110010100001101010000011010100101001001010 0
12

#5670000
0!

#5675000
1!
1/
02

#5680000
0!

#5685000
1!
b11010000 -
1.

#5690000
0!

#5695000
1!
0.
0/
b0 0
12

#5700000
0!

#5705000
1!
1/
02

#5710000
0!

#5715000
1!
b11011000 -
1.

#5720000
0!

#5725000
1!
0.
0/
b100000001000111010000110010100001101010000011010100101001001010 0
12

#5730000
0!

#5735000
1!
1/
02

#5740000
0!

#5745000
1!
b11100000 -
1.

#5750000
0!

#5755000
1!
0.
0/
b100000001001100000110100100110100011100011110111010100010100101 0
12

#5760000
0!

#5765000
1!
1/
02

#5770000
0!

#5775000
1!
18

#5780000
0!

#5785000
1!
08

#5790000
0!

#5795000
1!
b10000 #
1$
b11111111100000000000000000000000000000000000000000000000000000 &
1(

#5800000
0!

#5805000
1!
0$
0%
0(
0)

#5810000
0!

#5815000
1!
1%
1)
1+

#5820000
0!

#5825000
1!
0+

#5830000
0!

#5835000
1!
b11000 #
1$
b11111111011111111111011101000000110010010000111100110111000000 &
1(

#5840000
0!

#5845000
1!
0$
0%
0(
0)

#5850000
0!

#5855000
1!
1%
1)
1+

#5860000
0!

#5865000
1!
0+

#5870000
0!

#5875000
1!
b100000 #
1$
b11111110010101100101011111010110000001101101001111001010010101 &
1(

#5880000
0!

#5885000
1!
0$
0%
0(
0)

#5890000
0!

#5895000
1!
1%
1)
1+

#5900000
0!

#5905000
1!
0+

#5910000
0!

#5915000
1!
b101000 #
1$
b0 &
1(

#5920000
0!

#5925000
1!
0$
0%
0(
0)

#5930000
0!

#5935000
1!
1%
1)
1+

#5940000
0!

#5945000
1!
0+

#5950000
0!

#5955000
1!
b110000 #
1$
1(

#5960000
0!

#5965000
1!
0$
0%
0(
0)

#5970000
0!

#5975000
1!
1%
1)
1+

#5980000
0!

#5985000
1!
0+

#5990000
0!

#5995000
1!
b111000 #
1$
1(

#6000000
0!

#6005000
1!
0$
0%
0(
0)

#6010000
0!

#6015000
1!
1%
1)
1+

#6020000
0!

#6025000
1!
0+

#6030000
0!

#6035000
1!
b1000000 #
1$
1(

#6040000
0!

#6045000
1!
0$
0%
0(
0)

#6050000
0!

#6055000
1!
1%
1)
1+

#6060000
0!

#6065000
1!
0+

#6070000
0!

#6075000
1!
b1001000 #
1$
1(

#6080000
0!

#6085000
1!
0$
0%
0(
0)

#6090000
0!

#6095000
1!
1%
1)
1+

#6100000
0!

#6105000
1!
0+

#6110000
0!

#6115000
1!
b1010000 #
1$
1(

#6120000
0!

#6125000
1!
0$
0%
0(
0)

#6130000
0!

#6135000
1!
1%
1)
1+

#6140000
0!

#6145000
1!
0+

#6150000
0!

#6155000
1!
b1011000 #
1$
b100000001000101100110110010001011110110100110010000111110001010 &
1(

#6160000
0!

#6165000
1!
0$
0%
0(
0)

#6170000
0!

#6175000
1!
1%
1)
1+

#6180000
0!

#6185000
1!
0+

#6190000
0!

#6195000
1!
b1100000 #
1$
b100000000111110111100010110010101111011101111110000001110100110 &
1(

#6200000
0!

#6205000
1!
0$
0%
0(
0)

#6210000
0!

#6215000
1!
1%
1)
1+

#6220000
0!

#6225000
1!
0+

#6230000
0!

#6235000
1!
b1101000 #
1$
b0 &
1(

#6240000
0!

#6245000
1!
0$
0%
0(
0)

#6250000
0!

#6255000
1!
1%
1)
1+

#6260000
0!

#6265000
1!
0+

#6270000
0!

#6275000
1!
b1110000 #
1$
b100000000111110111100010110010101111011101111110000001110100110 &
1(

#6280000
0!

#6285000
1!
0$
0%
0(
0)

#6290000
0!

#6295000
1!
1%
1)
1+

#6300000
0!

#6305000
1!
0+

#6310000
0!

#6315000
1!
b1111000 #
1$
b100000001000101100110110010001011110110100110010000111110001010 &
1(

#6320000
0!

#6325000
1!
0$
0%
0(
0)

#6330000
0!

#6335000
1!
1%
1)
1+

#6340000
0!

#6345000
1!
0+

#6350000
0!

#6355000
1!
b10000000 #
1$
b100000000111110111100010110010101111011101111110000001110100110 &
1(

#6360000
0!

#6365000
1!
0$
0%
0(
0)

#6370000
0!

#6375000
1!
1%
1)
1+

#6380000
0!

#6385000
1!
0+

#6390000
0!

#6395000
1!
b10001000 #
1$
b0 &
1(

#6400000
0!

#6405000
1!
0$
0%
0(
0)

#6410000
0!

#6415000
1!
1%
1)
1+

#6420000
0!

#6425000
1!
0+

#6430000
0!

#6435000
1!
b10010000 #
1$
b100000000111110111100010110010101111011101111110000001110100110 &
1(

#6440000
0!

#6445000
1!
0$
0%
0(
0)

#6450000
0!

#6455000
1!
1%
1)
1+

#6460000
0!

#6465000
1!
0+

#6470000
0!

#6475000
1!
b10011000 #
1$
b100000001000101100110110010001011110110100110010000111110001010 &
1(

#6480000
0!

#6485000
1!
0$
0%
0(
0)

#6490000
0!

#6495000
1!
1%
1)
1+

#6500000
0!

#6505000
1!
0+

#6510000
0!

#6515000
1!
b0 #
1$
b1 &
1(

#6520000
0!

#6525000
1!
0$
0%
0(
0)

#6530000
0!

#6535000
1!
1%
1)
1+
14

#6540000
0!

#6545000
1!
0+
04
15

#6550000
0!

#6555000
1!
b1000 -
1.

#6560000
0!

#6565000
1!
0.
0/
b10 0
12

#6570000
0!

#6575000
1!
1/
02

#6580000
0!

#6585000
1!
1.

#6590000
0!

#6595000
1!
0.
0/
12

#6600000
0!

#6605000
1!
1/
02

#6610000
0!

#6615000
1!
1.

#6620000
0!

#6625000
1!
0.
0/
12

#6630000
0!

#6635000
1!
1/
02

#6640000
0!

#6645000
1!
1.

#6650000
0!

#6655000
1!
0.
0/
12

#6660000
0!

#6665000
1!
1/
02

#6670000
0!

#6675000
1!
1.

#6680000
0!

#6685000
1!
0.
0/
12

#6690000
0!

#6695000
1!
1/
02

#6700000
0!

#6705000
1!
1.

#6710000
0!

#6715000
1!
0.
0/
12

#6720000
0!

#6725000
1!
1/
02

#6730000
0!

#6735000
1!
1.

#6740000
0!

#6745000
1!
0.
0/
12

#6750000
0!

#6755000
1!
1/
02

#6760000
0!

#6765000
1!
1.

#6770000
0!

#6775000
1!
0.
0/
12

#6780000
0!

#6785000
1!
1/
02

#6790000
0!

#6795000
1!
1.

#6800000
0!

#6805000
1!
0.
0/
12

#6810000
0!

#6815000
1!
1/
02

#6820000
0!

#6825000
1!
1.

#6830000
0!

#6835000
1!
0.
0/
12

#6840000
0!

#6845000
1!
1/
02

#6850000
0!

#6855000
1!
1.

#6860000
0!

#6865000
1!
0.
0/
12

#6870000
0!

#6875000
1!
1/
02

#6880000
0!

#6885000
1!
1.

#6890000
0!

#6895000
1!
0.
0/
12

#6900000
0!

#6905000
1!
1/
02

#6910000
0!

#6915000
1!
1.

#6920000
0!

#6925000
1!
0.
0/
12

#6930000
0!

#6935000
1!
1/
02

#6940000
0!

#6945000
1!
1.

#6950000
0!

#6955000
1!
0.
0/
12

#6960000
0!

#6965000
1!
1/
02

#6970000
0!

#6975000
1!
1.

#6980000
0!

#6985000
1!
0.
0/
12

#6990000
0!

#6995000
1!
1/
02

#7000000
0!

#7005000
1!
1.

#7010000
0!

#7015000
1!
0.
0/
12

#7020000
0!

#7025000
1!
1/
02

#7030000
0!

#7035000
1!
1.

#7040000
0!

#7045000
1!
0.
0/
12

#7050000
0!

#7055000
1!
1/
02

#7060000
0!

#7065000
1!
1.

#7070000
0!

#7075000
1!
0.
0/
12

#7080000
0!

#7085000
1!
1/
02

#7090000
0!

#7095000
1!
1.

#7100000
0!

#7105000
1!
0.
0/
12

#7110000
0!

#7115000
1!
1/
02

#7120000
0!

#7125000
1!
1.

#7130000
0!

#7135000
1!
0.
0/
12

#7140000
0!

#7145000
1!
1/
02

#7150000
0!

#7155000
1!
1.

#7160000
0!

#7165000
1!
0.
0/
12

#7170000
0!

#7175000
1!
1/
02

#7180000
0!

#7185000
1!
1.

#7190000
0!

#7195000
1!
0.
0/
12

#7200000
0!

#7205000
1!
1/
02

#7210000
0!

#7215000
1!
1.

#7220000
0!

#7225000
1!
0.
0/
12

#7230000
0!

#7235000
1!
1/
02

#7240000
0!

#7245000
1!
1.

#7250000
0!

#7255000
1!
0.
0/
12

#7260000
0!

#7265000
1!
1/
02
05
16

#7270000
0!

#7275000
1!
1.
06

#7280000
0!

#7285000
1!
0.
0/
b0 0
12

#7290000
0!

#7295000
1!
1/
02

#7300000
0!

#7305000
1!
b110000 -
1.

#7310000
0!

#7315000
1!
0.
0/
b11111111011111111111111100010111110001011110001100011110101011 0
12

#7320000
0!

#7325000
1!
1/
02

#7330000
0!

#7335000
1!
b111000 -
1.

#7340000
0!

#7345000
1!
0.
0/
b11111110010101101011000110101000011011001011010100110000010100 0
12

#7350000
0!

#7355000
1!
1/
02

#7360000
0!

#7365000
1!
b1000000 -
1.

#7370000
0!

#7375000
1!
0.
0/
b0 0
12

#7380000
0!

#7385000
1!
1/
02

#7390000
0!

#7395000
1!
b10100000 -
1.

#7400000
0!

#7405000
1!
0.
0/
b100000000010001111011010000100011110100000110001111101011101101 0
12

#7410000
0!

#7415000
1!
1/
02

#7420000
0!

#7425000
1!
b10101000 -
1.

#7430000
0!

#7435000
1!
0.
0/
b100000000001001101011000010101101001110000010001101100110000001 0
12

#7440000
0!

#7445000
1!
1/
02

#7450000
0!

#7455000
1!
b10110000 -
1.

#7460000
0!

#7465000
1!
0.
0/
b0 0
12

#7470000
0!

#7475000
1!
1/
02

#7480000
0!

#7485000
1!
b10111000 -
1.

#7490000
0!

#7495000
1!
0.
0/
b100000000001001101011000010101101001110000010001101100110000000 0
12

#7500000
0!

#7505000
1!
1/
02

#7510000
0!

#7515000
1!
b11000000 -
1.

#7520000
0!

#7525000
1!
0.
0/
b100000000110111010110100011111001001010111000111010111011011000 0
12

#7530000
0!

#7535000
1!
1/
02

#7540000
0!

#7545000
1!
b11001000 -
1.

#7550000
0!

#7555000
1!
0.
0/
b100000000111110111100010110010101111011101111110000001110100110 0
12

#7560000
0!

#7565000
1!
1/
02

#7570000
0!

#7575000
1!
b11010000 -
1.

#7580000
0!

#7585000
1!
0.
0/
b0 0
12

#7590000
0!

#7595000
1!
1/
02

#7600000
0!

#7605000
1!
b11011000 -
1.

#7610000
0!

#7615000
1!
0.
0/
b100000000111110111100010110010101111011101111110000001110100110 0
12

#7620000
0!

#7625000
1!
1/
02

#7630000
0!

#7635000
1!
b11100000 -
1.

#7640000
0!

#7645000
1!
0.
0/
b100000001000101100110110010001011110110100110010000111110001010 0
12

#7650000
0!

#7655000
1!
1/
02

#7660000
0!

#7665000
1!
18

#7670000
0!

#7675000
1!
08

#7680000
0!

#7685000
1!
b10000 #
1$
b11111111100000000000000000000000000000000000000000000000000000 &
1(

#7690000
0!

#7695000
1!
0$
0%
0(
0)

#7700000
0!

#7705000
1!
1%
1)
1+

#7710000
0!

#7715000
1!
0+

#7720000
0!

#7725000
1!
b11000 #
1$
b11111111011111111111111100010111110001100010111110011001100001 &
1(

#7730000
0!

#7735000
1!
0$
0%
0(
0)

#7740000
0!

#7745000
1!
1%
1)
1+

#7750000
0!

#7755000
1!
0+

#7760000
0!

#7765000
1!
b100000 #
1$
b11111110010101101011000110101000011100000010000101101110011000 &
1(

#7770000
0!

#7775000
1!
0$
0%
0(
0)

#7780000
0!

#7785000
1!
1%
1)
1+

#7790000
0!

#7795000
1!
0+

#7800000
0!

#7805000
1!
b101000 #
1$
b0 &
1(

#7810000
0!

#7815000
1!
0$
0%
0(
0)

#7820000
0!

#7825000
1!
1%
1)
1+

#7830000
0!

#7835000
1!
0+

#7840000
0!

#7845000
1!
b110000 #
1$
1(

#7850000
0!

#7855000
1!
0$
0%
0(
0)

#7860000
0!

#7865000
1!
1%
1)
1+

#7870000
0!

#7875000
1!
0+

#7880000
0!

#7885000
1!
b111000 #
1$
1(

#7890000
0!

#7895000
1!
0$
0%
0(
0)

#7900000
0!

#7905000
1!
1%
1)
1+

#7910000
0!

#7915000
1!
0+

#7920000
0!

#7925000
1!
b1000000 #
1$
1(

#7930000
0!

#7935000
1!
0$
0%
0(
0)

#7940000
0!

#7945000
1!
1%
1)
1+

#7950000
0!

#7955000
1!
0+

#7960000
0!

#7965000
1!
b1001000 #
1$
1(

#7970000
0!

#7975000
1!
0$
0%
0(
0)

#7980000
0!

#7985000
1!
1%
1)
1+

#7990000
0!

#7995000
1!
0+

#8000000
0!

#8005000
1!
b1010000 #
1$
1(

#8010000
0!

#8015000
1!
0$
0%
0(
0)

#8020000
0!

#8025000
1!
1%
1)
1+

#8030000
0!

#8035000
1!
0+

#8040000
0!

#8045000
1!
b1011000 #
1$
b100000001000000011010110001100110111000001110111010011110100001 &
1(

#8050000
0!

#8055000
1!
0$
0%
0(
0)

#8060000
0!

#8065000
1!
1%
1)
1+

#8070000
0!

#8075000
1!
0+

#8080000
0!

#8085000
1!
b1100000 #
1$
b100000000110101111010000010001101011011000111010101101100100100 &
1(

#8090000
0!

#8095000
1!
0$
0%
0(
0)

#8100000
0!

#8105000
1!
1%
1)
1+

#8110000
0!

#8115000
1!
0+

#8120000
0!

#8125000
1!
b1101000 #
1$
b0 &
1(

#8130000
0!

#8135000
1!
0$
0%
0(
0)

#8140000
0!

#8145000
1!
1%
1)
1+

#8150000
0!

#8155000
1!
0+

#8160000
0!

#8165000
1!
b1110000 #
1$
b100000000110101111010000010001101011011000111010101101100100100 &
1(

#8170000
0!

#8175000
1!
0$
0%
0(
0)

#8180000
0!

#8185000
1!
1%
1)
1+

#8190000
0!

#8195000
1!
0+

#8200000
0!

#8205000
1!
b1111000 #
1$
b100000001000000011010110001100110111000001110111010011110100001 &
1(

#8210000
0!

#8215000
1!
0$
0%
0(
0)

#8220000
0!

#8225000
1!
1%
1)
1+

#8230000
0!

#8235000
1!
0+

#8240000
0!

#8245000
1!
b10000000 #
1$
b100000000110101111010000010001101011011000111010101101100100100 &
1(

#8250000
0!

#8255000
1!
0$
0%
0(
0)

#8260000
0!

#8265000
1!
1%
1)
1+

#8270000
0!

#8275000
1!
0+

#8280000
0!

#8285000
1!
b10001000 #
1$
b0 &
1(

#8290000
0!

#8295000
1!
0$
0%
0(
0)

#8300000
0!

#8305000
1!
1%
1)
1+

#8310000
0!

#8315000
1!
0+

#8320000
0!

#8325000
1!
b10010000 #
1$
b100000000110101111010000010001101011011000111010101101100100100 &
1(

#8330000
0!

#8335000
1!
0$
0%
0(
0)

#8340000
0!

#8345000
1!
1%
1)
1+

#8350000
0!

#8355000
1!
0+

#8360000
0!

#8365000
1!
b10011000 #
1$
b100000001000000011010110001100110111000001110111010011110100001 &
1(

#8370000
0!

#8375000
1!
0$
0%
0(
0)

#8380000
0!

#8385000
1!
1%
1)
1+

#8390000
0!

#8395000
1!
0+

#8400000
0!

#8405000
1!
b0 #
1$
b1 &
1(

#8410000
0!

#8415000
1!
0$
0%
0(
0)

#8420000
0!

#8425000
1!
1%
1)
1+
14

#8430000
0!

#8435000
1!
0+
04
15

#8440000
0!

#8445000
1!
b1000 -
1.

#8450000
0!

#8455000
1!
0.
0/
b10 0
12

#8460000
0!

#8465000
1!
1/
02

#8470000
0!

#8475000
1!
1.

#8480000
0!

#8485000
1!
0.
0/
12

#8490000
0!

#8495000
1!
1/
02

#8500000
0!

#8505000
1!
1.

#8510000
0!

#8515000
1!
0.
0/
12

#8520000
0!

#8525000
1!
1/
02

#8530000
0!

#8535000
1!
1.

#8540000
0!

#8545000
1!
0.
0/
12

#8550000
0!

#8555000
1!
1/
02

#8560000
0!

#8565000
1!
1.

#8570000
0!

#8575000
1!
0.
0/
12

#8580000
0!

#8585000
1!
1/
02

#8590000
0!

#8595000
1!
1.

#8600000
0!

#8605000
1!
0.
0/
12

#8610000
0!

#8615000
1!
1/
02

#8620000
0!

#8625000
1!
1.

#8630000
0!

#8635000
1!
0.
0/
12

#8640000
0!

#8645000
1!
1/
02

#8650000
0!

#8655000
1!
1.

#8660000
0!

#8665000
1!
0.
0/
12

#8670000
0!

#8675000
1!
1/
02

#8680000
0!

#8685000
1!
1.

#8690000
0!

#8695000
1!
0.
0/
12

#8700000
0!

#8705000
1!
1/
02

#8710000
0!

#8715000
1!
1.

#8720000
0!

#8725000
1!
0.
0/
12

#8730000
0!

#8735000
1!
1/
02

#8740000
0!

#8745000
1!
1.

#8750000
0!

#8755000
1!
0.
0/
12

#8760000
0!

#8765000
1!
1/
02

#8770000
0!

#8775000
1!
1.

#8780000
0!

#8785000
1!
0.
0/
12

#8790000
0!

#8795000
1!
1/
02

#8800000
0!

#8805000
1!
1.

#8810000
0!

#8815000
1!
0.
0/
12

#8820000
0!

#8825000
1!
1/
02

#8830000
0!

#8835000
1!
1.

#8840000
0!

#8845000
1!
0.
0/
12

#8850000
0!

#8855000
1!
1/
02

#8860000
0!

#8865000
1!
1.

#8870000
0!

#8875000
1!
0.
0/
12

#8880000
0!

#8885000
1!
1/
02

#8890000
0!

#8895000
1!
1.

#8900000
0!

#8905000
1!
0.
0/
12

#8910000
0!

#8915000
1!
1/
02

#8920000
0!

#8925000
1!
1.

#8930000
0!

#8935000
1!
0.
0/
12

#8940000
0!

#8945000
1!
1/
02

#8950000
0!

#8955000
1!
1.

#8960000
0!

#8965000
1!
0.
0/
12

#8970000
0!

#8975000
1!
1/
02

#8980000
0!

#8985000
1!
1.

#8990000
0!

#8995000
1!
0.
0/
12

#9000000
0!

#9005000
1!
1/
02

#9010000
0!

#9015000
1!
1.

#9020000
0!

#9025000
1!
0.
0/
12

#9030000
0!

#9035000
1!
1/
02

#9040000
0!

#9045000
1!
1.

#9050000
0!

#9055000
1!
0.
0/
12

#9060000
0!

#9065000
1!
1/
02

#9070000
0!

#9075000
1!
1.

#9080000
0!

#9085000
1!
0.
0/
12

#9090000
0!

#9095000
1!
1/
02

#9100000
0!

#9105000
1!
1.

#9110000
0!

#9115000
1!
0.
0/
12

#9120000
0!

#9125000
1!
1/
02

#9130000
0!

#9135000
1!
1.

#9140000
0!

#9145000
1!
0.
0/
12

#9150000
0!

#9155000
1!
1/
02
05
16

#9160000
0!

#9165000
1!
1.
06

#9170000
0!

#9175000
1!
0.
0/
b0 0
12

#9180000
0!

#9185000
1!
1/
02

#9190000
0!

#9195000
1!
b110000 -
1.

#9200000
0!

#9205000
1!
0.
0/
b11111111011111111111111111100001010011111110011000110100101000 0
12

#9210000
0!

#9215000
1!
1/
02

#9220000
0!

#9225000
1!
b111000 -
1.

#9230000
0!

#9235000
1!
0.
0/
b11111110010101101011101000001111101101100100100100000111100001 0
12

#9240000
0!

#9245000
1!
1/
02

#9250000
0!

#9255000
1!
b1000000 -
1.

#9260000
0!

#9265000
1!
0.
0/
b0 0
12

#9270000
0!

#9275000
1!
1/
02

#9280000
0!

#9285000
1!
b10100000 -
1.

#9290000
0!

#9295000
1!
0.
0/
b100000000010001010110110110100010111100010011111111111100110011 0
12

#9300000
0!

#9305000
1!
1/
02

#9310000
0!

#9315000
1!
b10101000 -
1.

#9320000
0!

#9325000
1!
0.
0/
b100000000000111001010001100011101010001010011011110100111010100 0
12

#9330000
0!

#9335000
1!
1/
02

#9340000
0!

#9345000
1!
b10110000 -
1.

#9350000
0!

#9355000
1!
0.
0/
b0 0
12

#9360000
0!

#9365000
1!
1/
02

#9370000
0!

#9375000
1!
b10111000 -
1.

#9380000
0!

#9385000
1!
0.
0/
b100000000000111001010001100011101010001010011011110100111010000 0
12

#9390000
0!

#9395000
1!
1/
02

#9400000
0!

#9405000
1!
b11000000 -
1.

#9410000
0!

#9415000
1!
0.
0/
b100000000110100001001110011000001010001100011101000101001010110 0
12

#9420000
0!

#9425000
1!
1/
02

#9430000
0!

#9435000
1!
b11001000 -
1.

#9440000
0!

#9445000
1!
0.
0/
b100000000110101111010000010001101011011000111010101101100100100 0
12

#9450000
0!

#9455000
1!
1/
02

#9460000
0!

#9465000
1!
b11010000 -
1.

#9470000
0!

#9475000
1!
0.
0/
b0 0
12

#9480000
0!

#9485000
1!
1/
02

#9490000
0!

#9495000
1!
b11011000 -
1.

#9500000
0!

#9505000
1!
0.
0/
b100000000110101111010000010001101011011000111010101101100100100 0
12

#9510000
0!

#9515000
1!
1/
02

#9520000
0!

#9525000
1!
b11100000 -
1.

#9530000
0!

#9535000
1!
0.
0/
b100000001000000011010110001100110111000001110111010011110100001 0
12

#9540000
0!

#9545000
1!
1/
02

#9550000
0!

#9555000
1!
18

#9560000
0!

#9565000
1!
08

#9570000
0!

#9575000
1!
b10000 #
1$
b11111111100000000000000000000000000000000000000000000000000000 &
1(

#9580000
0!

#9585000
1!
0$
0%
0(
0)

#9590000
0!

#9595000
1!
1%
1)
1+

#9600000
0!

#9605000
1!
0+

#9610000
0!

#9615000
1!
b11000 #
1$
b11111111011111111111111111100001010011111110011001101110010001 &
1(

#9620000
0!

#9625000
1!
0$
0%
0(
0)

#9630000
0!

#9635000
1!
1%
1)
1+

#9640000
0!

#9645000
1!
0+

#9650000
0!

#9655000
1!
b100000 #
1$
b11111110010101101011101000001111101101100100101101101110101100 &
1(

#9660000
0!

#9665000
1!
0$
0%
0(
0)

#9670000
0!

#9675000
1!
1%
1)
1+

#9680000
0!

#9685000
1!
0+

#9690000
0!

#9695000
1!
b101000 #
1$
b0 &
1(

#9700000
0!

#9705000
1!
0$
0%
0(
0)

#9710000
0!

#9715000
1!
1%
1)
1+

#9720000
0!

#9725000
1!
0+

#9730000
0!

#9735000
1!
b110000 #
1$
1(

#9740000
0!

#9745000
1!
0$
0%
0(
0)

#9750000
0!

#9755000
1!
1%
1)
1+

#9760000
0!

#9765000
1!
0+

#9770000
0!

#9775000
1!
b111000 #
1$
1(

#9780000
0!

#9785000
1!
0$
0%
0(
0)

#9790000
0!

#9795000
1!
1%
1)
1+

#9800000
0!

#9805000
1!
0+

#9810000
0!

#9815000
1!
b1000000 #
1$
1(

#9820000
0!

#9825000
1!
0$
0%
0(
0)

#9830000
0!

#9835000
1!
1%
1)
1+

#9840000
0!

#9845000
1!
0+

#9850000
0!

#9855000
1!
b1001000 #
1$
1(

#9860000
0!

#9865000
1!
0$
0%
0(
0)

#9870000
0!

#9875000
1!
1%
1)
1+

#9880000
0!

#9885000
1!
0+

#9890000
0!

#9895000
1!
b1010000 #
1$
1(

#9900000
0!

#9905000
1!
0$
0%
0(
0)

#9910000
0!

#9915000
1!
1%
1)
1+

#9920000
0!

#9925000
1!
0+

#9930000
0!

#9935000
1!
b1011000 #
1$
b100000000111100100010111000111011000101111110011010000000110111 &
1(

#9940000
0!

#9945000
1!
0$
0%
0(
0)

#9950000
0!

#9955000
1!
1%
1)
1+

#9960000
0!

#9965000
1!
0+

#9970000
0!

#9975000
1!
b1100000 #
1$
b100000000101110011111000100110100011111101110110011101000100010 &
1(

#9980000
0!

#9985000
1!
0$
0%
0(
0)

#9990000
0!

#9995000
1!
1%
1)
1+

#10000000
0!

#10005000
1!
0+

#10010000
0!

#10015000
1!
b1101000 #
1$
b0 &
1(

#10020000
0!

#10025000
1!
0$
0%
0(
0)

#10030000
0!

#10035000
1!
1%
1)
1+

#10040000
0!

#10045000
1!
0+

#10050000
0!

#10055000
1!
b1110000 #
1$
b100000000101110011111000100110100011111101110110011101000100010 &
1(

#10060000
0!

#10065000
1!
0$
0%
0(
0)

#10070000
0!

#10075000
1!
1%
1)
1+

#10080000
0!

#10085000
1!
0+

#10090000
0!

#10095000
1!
b1111000 #
1$
b100000000111100100010111000111011000101111110011010000000110111 &
1(

#10100000
0!

#10105000
1!
0$
0%
0(
0)

#10110000
0!

#10115000
1!
1%
1)
1+

#10120000
0!

#10125000
1!
0+

#10130000
0!

#10135000
1!
b10000000 #
1$
b100000000101110011111000100110100011111101110110011101000100010 &
1(

#10140000
0!

#10145000
1!
0$
0%
0(
0)

#10150000
0!

#10155000
1!
1%
1)
1+

#10160000
0!

#10165000
1!
0+

#10170000
0!

#10175000
1!
b10001000 #
1$
b0 &
1(

#10180000
0!

#10185000
1!
0$
0%
0(
0)

#10190000
0!

#10195000
1!
1%
1)
1+

#10200000
0!

#10205000
1!
0+

#10210000
0!

#10215000
1!
b10010000 #
1$
b100000000101110011111000100110100011111101110110011101000100010 &
1(

#10220000
0!

#10225000
1!
0$
0%
0(
0)

#10230000
0!

#10235000
1!
1%
1)
1+

#10240000
0!

#10245000
1!
0+

#10250000
0!

#10255000
1!
b10011000 #
1$
b100000000111100100010111000111011000101111110011010000000110111 &
1(

#10260000
0!

#10265000
1!
0$
0%
0(
0)

#10270000
0!

#10275000
1!
1%
1)
1+

#10280000
0!

#10285000
1!
0+

#10290000
0!

#10295000
1!
b0 #
1$
b1 &
1(

#10300000
0!

#10305000
1!
0$
0%
0(
0)

#10310000
0!

#10315000
1!
1%
1)
1+
14

#10320000
0!

#10325000
1!
0+
04
15

#10330000
0!

#10335000
1!
b1000 -
1.

#10340000
0!

#10345000
1!
0.
0/
b10 0
12

#10350000
0!

#10355000
1!
1/
02

#10360000
0!

#10365000
1!
1.

#10370000
0!

#10375000
1!
0.
0/
12

#10380000
0!

#10385000
1!
1/
02

#10390000
0!

#10395000
1!
1.

#10400000
0!

#10405000
1!
0.
0/
12

#10410000
0!

#10415000
1!
1/
02

#10420000
0!

#10425000
1!
1.

#10430000
0!

#10435000
1!
0.
0/
12

#10440000
0!

#10445000
1!
1/
02

#10450000
0!

#10455000
1!
1.

#10460000
0!

#10465000
1!
0.
0/
12

#10470000
0!

#10475000
1!
1/
02

#10480000
0!

#10485000
1!
1.

#10490000
0!

#10495000
1!
0.
0/
12

#10500000
0!

#10505000
1!
1/
02

#10510000
0!

#10515000
1!
1.

#10520000
0!

#10525000
1!
0.
0/
12

#10530000
0!

#10535000
1!
1/
02

#10540000
0!

#10545000
1!
1.

#10550000
0!

#10555000
1!
0.
0/
12

#10560000
0!

#10565000
1!
1/
02

#10570000
0!

#10575000
1!
1.

#10580000
0!

#10585000
1!
0.
0/
12

#10590000
0!

#10595000
1!
1/
02

#10600000
0!

#10605000
1!
1.

#10610000
0!

#10615000
1!
0.
0/
12

#10620000
0!

#10625000
1!
1/
02

#10630000
0!

#10635000
1!
1.

#10640000
0!

#10645000
1!
0.
0/
12

#10650000
0!

#10655000
1!
1/
02

#10660000
0!

#10665000
1!
1.

#10670000
0!

#10675000
1!
0.
0/
12

#10680000
0!

#10685000
1!
1/
02

#10690000
0!

#10695000
1!
1.

#10700000
0!

#10705000
1!
0.
0/
12

#10710000
0!

#10715000
1!
1/
02

#10720000
0!

#10725000
1!
1.

#10730000
0!

#10735000
1!
0.
0/
12

#10740000
0!

#10745000
1!
1/
02

#10750000
0!

#10755000
1!
1.

#10760000
0!

#10765000
1!
0.
0/
12

#10770000
0!

#10775000
1!
1/
02

#10780000
0!

#10785000
1!
1.

#10790000
0!

#10795000
1!
0.
0/
12

#10800000
0!

#10805000
1!
1/
02

#10810000
0!

#10815000
1!
1.

#10820000
0!

#10825000
1!
0.
0/
12

#10830000
0!

#10835000
1!
1/
02

#10840000
0!

#10845000
1!
1.

#10850000
0!

#10855000
1!
0.
0/
12

#10860000
0!

#10865000
1!
1/
02

#10870000
0!

#10875000
1!
1.

#10880000
0!

#10885000
1!
0.
0/
12

#10890000
0!

#10895000
1!
1/
02

#10900000
0!

#10905000
1!
1.

#10910000
0!

#10915000
1!
0.
0/
12

#10920000
0!

#10925000
1!
1/
02

#10930000
0!

#10935000
1!
1.

#10940000
0!

#10945000
1!
0.
0/
12

#10950000
0!

#10955000
1!
1/
02

#10960000
0!

#10965000
1!
1.

#10970000
0!

#10975000
1!
0.
0/
12

#10980000
0!

#10985000
1!
1/
02

#10990000
0!

#10995000
1!
1.

#11000000
0!

#11005000
1!
0.
0/
12

#11010000
0!

#11015000
1!
1/
02

#11020000
0!

#11025000
1!
1.

#11030000
0!

#11035000
1!
0.
0/
12

#11040000
0!

#11045000
1!
1/
02
05
16

#11050000
0!

#11055000
1!
1.
06

#11060000
0!

#11065000
1!
0.
0/
b0 0
12

#11070000
0!

#11075000
1!
1/
02

#11080000
0!

#11085000
1!
b110000 -
1.

#11090000
0!

#11095000
1!
0.
0/
b11111111011111111111111111111011011011010000010110000111101001 0
12

#11100000
0!

#11105000
1!
1/
02

#11110000
0!

#11115000
1!
b111000 -
1.

#11120000
0!

#11125000
1!
0.
0/
b11111110010101101011101011101110110100101011100111001010011011 0
12

#11130000
0!

#11135000
1!
1/
02

#11140000
0!

#11145000
1!
b1000000 -
1.

#11150000
0!

#11155000
1!
0.
0/
b0 0
12

#11160000
0!

#11165000
1!
1/
02

#11170000
0!

#11175000
1!
b10100000 -
1.

#11180000
0!

#11185000
1!
0.
0/
b100000000010001000001001101110110000011111000101000100110001010 0
12

#11190000
0!

#11195000
1!
1/
02

#11200000
0!

#11205000
1!
b10101000 -
1.

#11210000
0!

#11215000
1!
0.
0/
b100000000000010001011010000011111010010101011011001011001101000 0
12

#11220000
0!

#11225000
1!
1/
02

#11230000
0!

#11235000
1!
b10110000 -
1.

#11240000
0!

#11245000
1!
0.
0/
b0 0
12

#11250000
0!

#11255000
1!
1/
02

#11260000
0!

#11265000
1!
b10111000 -
1.

#11270000
0!

#11275000
1!
0.
0/
b100000000000010001011010000011111010010101011011001011001101000 0
12

#11280000
0!

#11285000
1!
1/
02

#11290000
0!

#11295000
1!
b11000000 -
1.

#11300000
0!

#11305000
1!
0.
0/
b100000000110101100111100111000000010001100001000110110011000100 0
12

#11310000
0!

#11315000
1!
1/
02

#11320000
0!

#11325000
1!
b11001000 -
1.

#11330000
0!

#11335000
1!
0.
0/
b100000000101110011111000100110100011111101110110011101000100010 0
12

#11340000
0!

#11345000
1!
1/
02

#11350000
0!

#11355000
1!
b11010000 -
1.

#11360000
0!

#11365000
1!
0.
0/
b0 0
12

#11370000
0!

#11375000
1!
1/
02

#11380000
0!

#11385000
1!
b11011000 -
1.

#11390000
0!

#11395000
1!
0.
0/
b100000000101110011111000100110100011111101110110011101000100010 0
12

#11400000
0!

#11405000
1!
1/
02

#11410000
0!

#11415000
1!
b11100000 -
1.

#11420000
0!

#11425000
1!
0.
0/
b100000000111100100010111000111011000101111110011010000000110111 0
12

#11430000
0!

#11435000
1!
1/
02

#11440000
0!

#11445000
1!
18

#11450000
0!

#11455000
1!
08

#11460000
0!

#11465000
1!
b10000 #
1$
b11111111100000000000000000000000000000000000000000000000000000 &
1(

#11470000
0!

#11475000
1!
0$
0%
0(
0)

#11480000
0!

#11485000
1!
1%
1)
1+

#11490000
0!

#11495000
1!
0+

#11500000
0!

#11505000
1!
b11000 #
1$
b11111111011111111111111111111011011011010000011010011111111101 &
1(

#11510000
0!

#11515000
1!
0$
0%
0(
0)

#11520000
0!

#11525000
1!
1%
1)
1+

#11530000
0!

#11535000
1!
0+

#11540000
0!

#11545000
1!
b100000 #
1$
b11111110010101101011101011101110110100101100001100100101010110 &
1(

#11550000
0!

#11555000
1!
0$
0%
0(
0)

#11560000
0!

#11565000
1!
1%
1)
1+

#11570000
0!

#11575000
1!
0+

#11580000
0!

#11585000
1!
b101000 #
1$
b0 &
1(

#11590000
0!

#11595000
1!
0$
0%
0(
0)

#11600000
0!

#11605000
1!
1%
1)
1+

#11610000
0!

#11615000
1!
0+

#11620000
0!

#11625000
1!
b110000 #
1$
1(

#11630000
0!

#11635000
1!
0$
0%
0(
0)

#11640000
0!

#11645000
1!
1%
1)
1+

#11650000
0!

#11655000
1!
0+

#11660000
0!

#11665000
1!
b111000 #
1$
1(

#11670000
0!

#11675000
1!
0$
0%
0(
0)

#11680000
0!

#11685000
1!
1%
1)
1+

#11690000
0!

#11695000
1!
0+

#11700000
0!

#11705000
1!
b1000000 #
1$
1(

#11710000
0!

#11715000
1!
0$
0%
0(
0)

#11720000
0!

#11725000
1!
1%
1)
1+

#11730000
0!

#11735000
1!
0+

#11740000
0!

#11745000
1!
b1001000 #
1$
1(

#11750000
0!

#11755000
1!
0$
0%
0(
0)

#11760000
0!

#11765000
1!
1%
1)
1+

#11770000
0!

#11775000
1!
0+

#11780000
0!

#11785000
1!
b1010000 #
1$
1(

#11790000
0!

#11795000
1!
0$
0%
0(
0)

#11800000
0!

#11805000
1!
1%
1)
1+

#11810000
0!

#11815000
1!
0+

#11820000
0!

#11825000
1!
b1011000 #
1$
b100000000110111111100110001110111100000110000001010100000100000 &
1(

#11830000
0!

#11835000
1!
0$
0%
0(
0)

#11840000
0!

#11845000
1!
1%
1)
1+

#11850000
0!

#11855000
1!
0+

#11860000
0!

#11865000
1!
b1100000 #
1$
b100000000100101111101001011011001101011011111100010101100011100 &
1(

#11870000
0!

#11875000
1!
0$
0%
0(
0)

#11880000
0!

#11885000
1!
1%
1)
1+

#11890000
0!

#11895000
1!
0+

#11900000
0!

#11905000
1!
b1101000 #
1$
b0 &
1(

#11910000
0!

#11915000
1!
0$
0%
0(
0)

#11920000
0!

#11925000
1!
1%
1)
1+

#11930000
0!

#11935000
1!
0+

#11940000
0!

#11945000
1!
b1110000 #
1$
b100000000100101111101001011011001101011011111100010101100011100 &
1(

#11950000
0!

#11955000
1!
0$
0%
0(
0)

#11960000
0!

#11965000
1!
1%
1)
1+

#11970000
0!

#11975000
1!
0+

#11980000
0!

#11985000
1!
b1111000 #
1$
b100000000110111111100110001110111100000110000001010100000100000 &
1(

#11990000
0!

#11995000
1!
0$
0%
0(
0)

#12000000
0!

#12005000
1!
1%
1)
1+

#12010000
0!

#12015000
1!
0+

#12020000
0!

#12025000
1!
b10000000 #
1$
b100000000100101111101001011011001101011011111100010101100011100 &
1(

#12030000
0!

#12035000
1!
0$
0%
0(
0)

#12040000
0!

#12045000
1!
1%
1)
1+

#12050000
0!

#12055000
1!
0+

#12060000
0!

#12065000
1!
b10001000 #
1$
b0 &
1(

#12070000
0!

#12075000
1!
0$
0%
0(
0)

#12080000
0!

#12085000
1!
1%
1)
1+

#12090000
0!

#12095000
1!
0+

#12100000
0!

#12105000
1!
b10010000 #
1$
b100000000100101111101001011011001101011011111100010101100011100 &
1(

#12110000
0!

#12115000
1!
0$
0%
0(
0)

#12120000
0!

#12125000
1!
1%
1)
1+

#12130000
0!

#12135000
1!
0+

#12140000
0!

#12145000
1!
b10011000 #
1$
b100000000110111111100110001110111100000110000001010100000100000 &
1(

#12150000
0!

#12155000
1!
0$
0%
0(
0)

#12160000
0!

#12165000
1!
1%
1)
1+

#12170000
0!

#12175000
1!
0+

#12180000
0!

#12185000
1!
b0 #
1$
b1 &
1(

#12190000
0!

#12195000
1!
0$
0%
0(
0)

#12200000
0!

#12205000
1!
1%
1)
1+
14

#12210000
0!

#12215000
1!
0+
04
15

#12220000
0!

#12225000
1!
b1000 -
1.

#12230000
0!

#12235000
1!
0.
0/
b10 0
12

#12240000
0!

#12245000
1!
1/
02

#12250000
0!

#12255000
1!
1.

#12260000
0!

#12265000
1!
0.
0/
12

#12270000
0!

#12275000
1!
1/
02

#12280000
0!

#12285000
1!
1.

#12290000
0!

#12295000
1!
0.
0/
12

#12300000
0!

#12305000
1!
1/
02

#12310000
0!

#12315000
1!
1.

#12320000
0!

#12325000
1!
0.
0/
12

#12330000
0!

#12335000
1!
1/
02

#12340000
0!

#12345000
1!
1.

#12350000
0!

#12355000
1!
0.
0/
12

#12360000
0!

#12365000
1!
1/
02

#12370000
0!

#12375000
1!
1.

#12380000
0!

#12385000
1!
0.
0/
12

#12390000
0!

#12395000
1!
1/
02

#12400000
0!

#12405000
1!
1.

#12410000
0!

#12415000
1!
0.
0/
12

#12420000
0!

#12425000
1!
1/
02

#12430000
0!

#12435000
1!
1.

#12440000
0!

#12445000
1!
0.
0/
12

#12450000
0!

#12455000
1!
1/
02

#12460000
0!

#12465000
1!
1.

#12470000
0!

#12475000
1!
0.
0/
12

#12480000
0!

#12485000
1!
1/
02

#12490000
0!

#12495000
1!
1.

#12500000
0!

#12505000
1!
0.
0/
12

#12510000
0!

#12515000
1!
1/
02

#12520000
0!

#12525000
1!
1.

#12530000
0!

#12535000
1!
0.
0/
12

#12540000
0!

#12545000
1!
1/
02

#12550000
0!

#12555000
1!
1.

#12560000
0!

#12565000
1!
0.
0/
12

#12570000
0!

#12575000
1!
1/
02

#12580000
0!

#12585000
1!
1.

#12590000
0!

#12595000
1!
0.
0/
12

#12600000
0!

#12605000
1!
1/
02

#12610000
0!

#12615000
1!
1.

#12620000
0!

#12625000
1!
0.
0/
12

#12630000
0!

#12635000
1!
1/
02

#12640000
0!

#12645000
1!
1.

#12650000
0!

#12655000
1!
0.
0/
12

#12660000
0!

#12665000
1!
1/
02

#12670000
0!

#12675000
1!
1.

#12680000
0!

#12685000
1!
0.
0/
12

#12690000
0!

#12695000
1!
1/
02

#12700000
0!

#12705000
1!
1.

#12710000
0!

#12715000
1!
0.
0/
12

#12720000
0!

#12725000
1!
1/
02

#12730000
0!

#12735000
1!
1.

#12740000
0!

#12745000
1!
0.
0/
12

#12750000
0!

#12755000
1!
1/
02

#12760000
0!

#12765000
1!
1.

#12770000
0!

#12775000
1!
0.
0/
12

#12780000
0!

#12785000
1!
1/
02

#12790000
0!

#12795000
1!
1.

#12800000
0!

#12805000
1!
0.
0/
12

#12810000
0!

#12815000
1!
1/
02

#12820000
0!

#12825000
1!
1.

#12830000
0!

#12835000
1!
0.
0/
12

#12840000
0!

#12845000
1!
1/
02

#12850000
0!

#12855000
1!
1.

#12860000
0!

#12865000
1!
0.
0/
12

#12870000
0!

#12875000
1!
1/
02

#12880000
0!

#12885000
1!
1.

#12890000
0!

#12895000
1!
0.
0/
12

#12900000
0!

#12905000
1!
1/
02

#12910000
0!

#12915000
1!
1.

#12920000
0!

#12925000
1!
0.
0/
12

#12930000
0!

#12935000
1!
1/
02
05
16

#12940000
0!

#12945000
1!
1.
06

#12950000
0!

#12955000
1!
0.
0/
b0 0
12

#12960000
0!

#12965000
1!
1/
02

#12970000
0!

#12975000
1!
b110000 -
1.

#12980000
0!

#12985000
1!
0.
0/
b11111111011111111111111111111111001101011011101100101110101110 0
12

#12990000
0!

#12995000
1!
1/
02

#13000000
0!

#13005000
1!
b111000 -
1.

#13010000
0!

#13015000
1!
0.
0/
b11111110010101101011101100001010100100110100001011100101001010 0
12

#13020000
0!

#13025000
1!
1/
02

#13030000
0!

#13035000
1!
b1000000 -
1.

#13040000
0!

#13045000
1!
0.
0/
b0 0
12

#13050000
0!

#13055000
1!
1/
02

#13060000
0!

#13065000
1!
b10100000 -
1.

#13070000
0!

#13075000
1!
0.
0/
b100000000010000100011000011111100010101100000010010001011011101 0
12

#13080000
0!

#13085000
1!
1/
02

#13090000
0!

#13095000
1!
b10101000 -
1.

#13100000
0!

#13105000
1!
0.
0/
b11111111111110010101110010110001101000111001101000010100101001 0
12

#13110000
0!

#13115000
1!
1/
02

#13120000
0!

#13125000
1!
b10110000 -
1.

#13130000
0!

#13135000
1!
0.
0/
b0 0
12

#13140000
0!

#13145000
1!
1/
02

#13150000
0!

#13155000
1!
b10111000 -
1.

#13160000
0!

#13165000
1!
0.
0/
b11111111111110010101110010110001101000111001101000010100101000 0
12

#13170000
0!

#13175000
1!
1/
02

#13180000
0!

#13185000
1!
b11000000 -
1.

#13190000
0!

#13195000
1!
0.
0/
b100000000110011110010010110111101010100011010111011001010111110 0
12

#13200000
0!

#13205000
1!
1/
02

#13210000
0!

#13215000
1!
b11001000 -
1.

#13220000
0!

#13225000
1!
0.
0/
b100000000100101111101001011011001101011011111100010101100011100 0
12

#13230000
0!

#13235000
1!
1/
02

#13240000
0!

#13245000
1!
b11010000 -
1.

#13250000
0!

#13255000
1!
0.
0/
b0 0
12

#13260000
0!

#13265000
1!
1/
02

#13270000
0!

#13275000
1!
b11011000 -
1.

#13280000
0!

#13285000
1!
0.
0/
b100000000100101111101001011011001101011011111100010101100011100 0
12

#13290000
0!

#13295000
1!
1/
02

#13300000
0!

#13305000
1!
b11100000 -
1.

#13310000
0!

#13315000
1!
0.
0/
b100000000110111111100110001110111100000110000001010100000100000 0
12

#13320000
0!

#13325000
1!
1/
02

#13330000
0!

#13335000
1!
18

#13340000
0!

#13345000
1!
08

#13350000
0!

#13355000
1!
b10000 #
1$
b11111111100000000000000000000000000000000000000000000000000000 &
1(

#13360000
0!

#13365000
1!
0$
0%
0(
0)

#13370000
0!

#13375000
1!
1%
1)
1+

#13380000
0!

#13385000
1!
0+

#13390000
0!

#13395000
1!
b11000 #
1$
b11111111011111111111111111111111001101011100000111000111001110 &
1(

#13400000
0!

#13405000
1!
0$
0%
0(
0)

#13410000
0!

#13415000
1!
1%
1)
1+

#13420000
0!

#13425000
1!
0+

#13430000
0!

#13435000
1!
b100000 #
1$
b11111110010101101011101100001010100100110111001101000100101010 &
1(

#13440000
0!

#13445000
1!
0$
0%
0(
0)

#13450000
0!

#13455000
1!
1%
1)
1+

#13460000
0!

#13465000
1!
0+

#13470000
0!

#13475000
1!
b101000 #
1$
b0 &
1(

#13480000
0!

#13485000
1!
0$
0%
0(
0)

#13490000
0!

#13495000
1!
1%
1)
1+

#13500000
0!

#13505000
1!
0+

#13510000
0!

#13515000
1!
b110000 #
1$
1(

#13520000
0!

#13525000
1!
0$
0%
0(
0)

#13530000
0!

#13535000
1!
1%
1)
1+

#13540000
0!

#13545000
1!
0+

#13550000
0!

#13555000
1!
b111000 #
1$
1(

#13560000
0!

#13565000
1!
0$
0%
0(
0)

#13570000
0!

#13575000
1!
1%
1)
1+

#13580000
0!

#13585000
1!
0+

#13590000
0!

#13595000
1!
b1000000 #
1$
1(

#13600000
0!

#13605000
1!
0$
0%
0(
0)

#13610000
0!

#13615000
1!
1%
1)
1+

#13620000
0!

#13625000
1!
0+

#13630000
0!

#13635000
1!
b1001000 #
1$
1(

#13640000
0!

#13645000
1!
0$
0%
0(
0)

#13650000
0!

#13655000
1!
1%
1)
1+

#13660000
0!

#13665000
1!
0+

#13670000
0!

#13675000
1!
b1010000 #
1$
1(

#13680000
0!

#13685000
1!
0$
0%
0(
0)

#13690000
0!

#13695000
1!
1%
1)
1+

#13700000
0!

#13705000
1!
0+

#13710000
0!

#13715000
1!
b1011000 #
1$
b100000000110010110011100001110111101100110100110011101101110101 &
1(

#13720000
0!

#13725000
1!
0$
0%
0(
0)

#13730000
0!

#13735000
1!
1%
1)
1+

#13740000
0!

#13745000
1!
0+

#13750000
0!

#13755000
1!
b1100000 #
1$
b100000000011100011110110110000001010101010001111001110100110101 &
1(

#13760000
0!

#13765000
1!
0$
0%
0(
0)

#13770000
0!

#13775000
1!
1%
1)
1+

#13780000
0!

#13785000
1!
0+

#13790000
0!

#13795000
1!
b1101000 #
1$
b0 &
1(

#13800000
0!

#13805000
1!
0$
0%
0(
0)

#13810000
0!

#13815000
1!
1%
1)
1+

#13820000
0!

#13825000
1!
0+

#13830000
0!

#13835000
1!
b1110000 #
1$
b100000000011100011110110110000001010101010001111001110100110101 &
1(

#13840000
0!

#13845000
1!
0$
0%
0(
0)

#13850000
0!

#13855000
1!
1%
1)
1+

#13860000
0!

#13865000
1!
0+

#13870000
0!

#13875000
1!
b1111000 #
1$
b100000000110010110011100001110111101100110100110011101101110101 &
1(

#13880000
0!

#13885000
1!
0$
0%
0(
0)

#13890000
0!

#13895000
1!
1%
1)
1+

#13900000
0!

#13905000
1!
0+

#13910000
0!

#13915000
1!
b10000000 #
1$
b100000000011100011110110110000001010101010001111001110100110101 &
1(

#13920000
0!

#13925000
1!
0$
0%
0(
0)

#13930000
0!

#13935000
1!
1%
1)
1+

#13940000
0!

#13945000
1!
0+

#13950000
0!

#13955000
1!
b10001000 #
1$
b0 &
1(

#13960000
0!

#13965000
1!
0$
0%
0(
0)

#13970000
0!

#13975000
1!
1%
1)
1+

#13980000
0!

#13985000
1!
0+

#13990000
0!

#13995000
1!
b10010000 #
1$
b100000000011100011110110110000001010101010001111001110100110101 &
1(

#14000000
0!

#14005000
1!
0$
0%
0(
0)

#14010000
0!

#14015000
1!
1%
1)
1+

#14020000
0!

#14025000
1!
0+

#14030000
0!

#14035000
1!
b10011000 #
1$
b100000000110010110011100001110111101100110100110011101101110101 &
1(

#14040000
0!

#14045000
1!
0$
0%
0(
0)

#14050000
0!

#14055000
1!
1%
1)
1+

#14060000
0!

#14065000
1!
0+

#14070000
0!

#14075000
1!
b0 #
1$
b1 &
1(

#14080000
0!

#14085000
1!
0$
0%
0(
0)

#14090000
0!

#14095000
1!
1%
1)
1+
14

#14100000
0!

#14105000
1!
0+
04
15

#14110000
0!

#14115000
1!
b1000 -
1.

#14120000
0!

#14125000
1!
0.
0/
b10 0
12

#14130000
0!

#14135000
1!
1/
02

#14140000
0!

#14145000
1!
1.

#14150000
0!

#14155000
1!
0.
0/
12

#14160000
0!

#14165000
1!
1/
02

#14170000
0!

#14175000
1!
1.

#14180000
0!

#14185000
1!
0.
0/
12

#14190000
0!

#14195000
1!
1/
02

#14200000
0!

#14205000
1!
1.

#14210000
0!

#14215000
1!
0.
0/
12

#14220000
0!

#14225000
1!
1/
02

#14230000
0!

#14235000
1!
1.

#14240000
0!

#14245000
1!
0.
0/
12

#14250000
0!

#14255000
1!
1/
02

#14260000
0!

#14265000
1!
1.

#14270000
0!

#14275000
1!
0.
0/
12

#14280000
0!

#14285000
1!
1/
02

#14290000
0!

#14295000
1!
1.

#14300000
0!

#14305000
1!
0.
0/
12

#14310000
0!

#14315000
1!
1/
02

#14320000
0!

#14325000
1!
1.

#14330000
0!

#14335000
1!
0.
0/
12

#14340000
0!

#14345000
1!
1/
02

#14350000
0!

#14355000
1!
1.

#14360000
0!

#14365000
1!
0.
0/
12

#14370000
0!

#14375000
1!
1/
02

#14380000
0!

#14385000
1!
1.

#14390000
0!

#14395000
1!
0.
0/
12

#14400000
0!

#14405000
1!
1/
02

#14410000
0!

#14415000
1!
1.

#14420000
0!

#14425000
1!
0.
0/
12

#14430000
0!

#14435000
1!
1/
02

#14440000
0!

#14445000
1!
1.

#14450000
0!

#14455000
1!
0.
0/
12

#14460000
0!

#14465000
1!
1/
02

#14470000
0!

#14475000
1!
1.

#14480000
0!

#14485000
1!
0.
0/
12

#14490000
0!

#14495000
1!
1/
02

#14500000
0!

#14505000
1!
1.

#14510000
0!

#14515000
1!
0.
0/
12

#14520000
0!

#14525000
1!
1/
02

#14530000
0!

#14535000
1!
1.

#14540000
0!

#14545000
1!
0.
0/
12

#14550000
0!

#14555000
1!
1/
02

#14560000
0!

#14565000
1!
1.

#14570000
0!

#14575000
1!
0.
0/
12

#14580000
0!

#14585000
1!
1/
02

#14590000
0!

#14595000
1!
1.

#14600000
0!

#14605000
1!
0.
0/
12

#14610000
0!

#14615000
1!
1/
02

#14620000
0!

#14625000
1!
1.

#14630000
0!

#14635000
1!
0.
0/
12

#14640000
0!

#14645000
1!
1/
02

#14650000
0!

#14655000
1!
1.

#14660000
0!

#14665000
1!
0.
0/
12

#14670000
0!

#14675000
1!
1/
02

#14680000
0!

#14685000
1!
1.

#14690000
0!

#14695000
1!
0.
0/
12

#14700000
0!

#14705000
1!
1/
02

#14710000
0!

#14715000
1!
1.

#14720000
0!

#14725000
1!
0.
0/
12

#14730000
0!

#14735000
1!
1/
02

#14740000
0!

#14745000
1!
1.

#14750000
0!

#14755000
1!
0.
0/
12

#14760000
0!

#14765000
1!
1/
02

#14770000
0!

#14775000
1!
1.

#14780000
0!

#14785000
1!
0.
0/
12

#14790000
0!

#14795000
1!
1/
02

#14800000
0!

#14805000
1!
1.

#14810000
0!

#14815000
1!
0.
0/
12

#14820000
0!

#14825000
1!
1/
02
05
16

#14830000
0!

#14835000
1!
1.
06

#14840000
0!

#14845000
1!
0.
0/
b0 0
12

#14850000
0!

#14855000
1!
1/
02

#14860000
0!

#14865000
1!
b110000 -
1.

#14870000
0!

#14875000
1!
0.
0/
b11111111011111111111111111111111110101011000001111001000110101 0
12

#14880000
0!

#14885000
1!
1/
02

#14890000
0!

#14895000
1!
b111000 -
1.

#14900000
0!

#14905000
1!
0.
0/
b11111110010101101011101100001110010110110101000011011011001110 0
12

#14910000
0!

#14915000
1!
1/
02

#14920000
0!

#14925000
1!
b1000000 -
1.

#14930000
0!

#14935000
1!
0.
0/
b0 0
12

#14940000
0!

#14945000
1!
1/
02

#14950000
0!

#14955000
1!
b10100000 -
1.

#14960000
0!

#14965000
1!
0.
0/
b100000000001111100110100110101001110000000011010011101110001111 0
12

#14970000
0!

#14975000
1!
1/
02

#14980000
0!

#14985000
1!
b10101000 -
1.

#14990000
0!

#14995000
1!
0.
0/
b11111111110111111011101100110011100001100010000010000111100101 0
12

#15000000
0!

#15005000
1!
1/
02

#15010000
0!

#15015000
1!
b10110000 -
1.

#15020000
0!

#15025000
1!
0.
0/
b0 0
12

#15030000
0!

#15035000
1!
1/
02

#15040000
0!

#15045000
1!
b10111000 -
1.

#15050000
0!

#15055000
1!
0.
0/
b11111111110111111011101100110011100001100010000010000111100100 0
12

#15060000
0!

#15065000
1!
1/
02

#15070000
0!

#15075000
1!
b11000000 -
1.

#15080000
0!

#15085000
1!
0.
0/
b100000000110000101011001110010111011101100001111011010001000011 0
12

#15090000
0!

#15095000
1!
1/
02

#15100000
0!

#15105000
1!
b11001000 -
1.

#15110000
0!

#15115000
1!
0.
0/
b100000000011100011110110110000001010101010001111001110100110101 0
12

#15120000
0!

#15125000
1!
1/
02

#15130000
0!

#15135000
1!
b11010000 -
1.

#15140000
0!

#15145000
1!
0.
0/
b0 0
12

#15150000
0!

#15155000
1!
1/
02

#15160000
0!

#15165000
1!
b11011000 -
1.

#15170000
0!

#15175000
1!
0.
0/
b100000000011100011110110110000001010101010001111001110100110101 0
12

#15180000
0!

#15185000
1!
1/
02

#15190000
0!

#15195000
1!
b11100000 -
1.

#15200000
0!

#15205000
1!
0.
0/
b100000000110010110011100001110111101100110100110011101101110101 0
12

#15210000
0!

#15215000
1!
1/
02

#15220000
0!

#15225000
1!
18

#15230000
0!

#15235000
1!
08

#15240000
0!

#15245000
1!
b10000 #
1$
b11111111100000000000000000000000000000000000000000000000000000 &
1(

#15250000
0!

#15255000
1!
0$
0%
0(
0)

#15260000
0!

#15265000
1!
1%
1)
1+

#15270000
0!

#15275000
1!
0+

#15280000
0!

#15285000
1!
b11000 #
1$
b11111111011111111111111111111111110101011000010101101001110000 &
1(

#15290000
0!

#15295000
1!
0$
0%
0(
0)

#15300000
0!

#15305000
1!
1%
1)
1+

#15310000
0!

#15315000
1!
0+

#15320000
0!

#15325000
1!
b100000 #
1$
b11111110010101101011101100001110010110110101101010111000111110 &
1(

#15330000
0!

#15335000
1!
0$
0%
0(
0)

#15340000
0!

#15345000
1!
1%
1)
1+

#15350000
0!

#15355000
1!
0+

#15360000
0!

#15365000
1!
b101000 #
1$
b0 &
1(

#15370000
0!

#15375000
1!
0$
0%
0(
0)

#15380000
0!

#15385000
1!
1%
1)
1+

#15390000
0!

#15395000
1!
0+

#15400000
0!

#15405000
1!
b110000 #
1$
1(

#15410000
0!

#15415000
1!
0$
0%
0(
0)

#15420000
0!

#15425000
1!
1%
1)
1+

#15430000
0!

#15435000
1!
0+

#15440000
0!

#15445000
1!
b111000 #
1$
1(

#15450000
0!

#15455000
1!
0$
0%
0(
0)

#15460000
0!

#15465000
1!
1%
1)
1+

#15470000
0!

#15475000
1!
0+

#15480000
0!

#15485000
1!
b1000000 #
1$
1(

#15490000
0!

#15495000
1!
0$
0%
0(
0)

#15500000
0!

#15505000
1!
1%
1)
1+

#15510000
0!

#15515000
1!
0+

#15520000
0!

#15525000
1!
b1001000 #
1$
1(

#15530000
0!

#15535000
1!
0$
0%
0(
0)

#15540000
0!

#15545000
1!
1%
1)
1+

#15550000
0!

#15555000
1!
0+

#15560000
0!

#15565000
1!
b1010000 #
1$
1(

#15570000
0!

#15575000
1!
0$
0%
0(
0)

#15580000
0!

#15585000
1!
1%
1)
1+

#15590000
0!

#15595000
1!
0+

#15600000
0!

#15605000
1!
b1011000 #
1$
b100000000101101100111000001110111011111100001000110101000101100 &
1(

#15610000
0!

#15615000
1!
0$
0%
0(
0)

#15620000
0!

#15625000
1!
1%
1)
1+

#15630000
0!

#15635000
1!
0+

#15640000
0!

#15645000
1!
b1100000 #
1$
b100000000010000110001001110100111101000101000101001110000011101 &
1(

#15650000
0!

#15655000
1!
0$
0%
0(
0)

#15660000
0!

#15665000
1!
1%
1)
1+

#15670000
0!

#15675000
1!
0+

#15680000
0!

#15685000
1!
b1101000 #
1$
b0 &
1(

#15690000
0!

#15695000
1!
0$
0%
0(
0)

#15700000
0!

#15705000
1!
1%
1)
1+

#15710000
0!

#15715000
1!
0+

#15720000
0!

#15725000
1!
b1110000 #
1$
b100000000010000110001001110100111101000101000101001110000011101 &
1(

#15730000
0!

#15735000
1!
0$
0%
0(
0)

#15740000
0!

#15745000
1!
1%
1)
1+

#15750000
0!

#15755000
1!
0+

#15760000
0!

#15765000
1!
b1111000 #
1$
b100000000101101100111000001110111011111100001000110101000101100 &
1(

#15770000
0!

#15775000
1!
0$
0%
0(
0)

#15780000
0!

#15785000
1!
1%
1)
1+

#15790000
0!

#15795000
1!
0+

#15800000
0!

#15805000
1!
b10000000 #
1$
b100000000010000110001001110100111101000101000101001110000011101 &
1(

#15810000
0!

#15815000
1!
0$
0%
0(
0)

#15820000
0!

#15825000
1!
1%
1)
1+

#15830000
0!

#15835000
1!
0+

#15840000
0!

#15845000
1!
b10001000 #
1$
b0 &
1(

#15850000
0!

#15855000
1!
0$
0%
0(
0)

#15860000
0!

#15865000
1!
1%
1)
1+

#15870000
0!

#15875000
1!
0+

#15880000
0!

#15885000
1!
b10010000 #
1$
b100000000010000110001001110100111101000101000101001110000011101 &
1(

#15890000
0!

#15895000
1!
0$
0%
0(
0)

#15900000
0!

#15905000
1!
1%
1)
1+

#15910000
0!

#15915000
1!
0+

#15920000
0!

#15925000
1!
b10011000 #
1$
b100000000101101100111000001110111011111100001000110101000101100 &
1(

#15930000
0!

#15935000
1!
0$
0%
0(
0)

#15940000
0!

#15945000
1!
1%
1)
1+

#15950000
0!

#15955000
1!
0+

#15960000
0!

#15965000
1!
b0 #
1$
b1 &
1(

#15970000
0!

#15975000
1!
0$
0%
0(
0)

#15980000
0!

#15985000
1!
1%
1)
1+
14

#15990000
0!

#15995000
1!
0+
04
15

#16000000
0!

#16005000
1!
b1000 -
1.

#16010000
0!

#16015000
1!
0.
0/
b10 0
12

#16020000
0!

#16025000
1!
1/
02

#16030000
0!

#16035000
1!
1.

#16040000
0!

#16045000
1!
0.
0/
12

#16050000
0!

#16055000
1!
1/
02

#16060000
0!

#16065000
1!
1.

#16070000
0!

#16075000
1!
0.
0/
12

#16080000
0!

#16085000
1!
1/
02

#16090000
0!

#16095000
1!
1.

#16100000
0!

#16105000
1!
0.
0/
12

#16110000
0!

#16115000
1!
1/
02

#16120000
0!

#16125000
1!
1.

#16130000
0!

#16135000
1!
0.
0/
12

#16140000
0!

#16145000
1!
1/
02

#16150000
0!

#16155000
1!
1.

#16160000
0!

#16165000
1!
0.
0/
12

#16170000
0!

#16175000
1!
1/
02

#16180000
0!

#16185000
1!
1.

#16190000
0!

#16195000
1!
0.
0/
12

#16200000
0!

#16205000
1!
1/
02

#16210000
0!

#16215000
1!
1.

#16220000
0!

#16225000
1!
0.
0/
12

#16230000
0!

#16235000
1!
1/
02

#16240000
0!

#16245000
1!
1.

#16250000
0!

#16255000
1!
0.
0/
12

#16260000
0!

#16265000
1!
1/
02

#16270000
0!

#16275000
1!
1.

#16280000
0!

#16285000
1!
0.
0/
12

#16290000
0!

#16295000
1!
1/
02

#16300000
0!

#16305000
1!
1.

#16310000
0!

#16315000
1!
0.
0/
12

#16320000
0!

#16325000
1!
1/
02

#16330000
0!

#16335000
1!
1.

#16340000
0!

#16345000
1!
0.
0/
12

#16350000
0!

#16355000
1!
1/
02

#16360000
0!

#16365000
1!
1.

#16370000
0!

#16375000
1!
0.
0/
12

#16380000
0!

#16385000
1!
1/
02

#16390000
0!

#16395000
1!
1.

#16400000
0!

#16405000
1!
0.
0/
12

#16410000
0!

#16415000
1!
1/
02

#16420000
0!

#16425000
1!
1.

#16430000
0!

#16435000
1!
0.
0/
12

#16440000
0!

#16445000
1!
1/
02

#16450000
0!

#16455000
1!
1.

#16460000
0!

#16465000
1!
0.
0/
12

#16470000
0!

#16475000
1!
1/
02

#16480000
0!

#16485000
1!
1.

#16490000
0!

#16495000
1!
0.
0/
12

#16500000
0!

#16505000
1!
1/
02

#16510000
0!

#16515000
1!
1.

#16520000
0!

#16525000
1!
0.
0/
12

#16530000
0!

#16535000
1!
1/
02

#16540000
0!

#16545000
1!
1.

#16550000
0!

#16555000
1!
0.
0/
12

#16560000
0!

#16565000
1!
1/
02

#16570000
0!

#16575000
1!
1.

#16580000
0!

#16585000
1!
0.
0/
12

#16590000
0!

#16595000
1!
1/
02

#16600000
0!

#16605000
1!
1.

#16610000
0!

#16615000
1!
0.
0/
12

#16620000
0!

#16625000
1!
1/
02

#16630000
0!

#16635000
1!
1.

#16640000
0!

#16645000
1!
0.
0/
12

#16650000
0!

#16655000
1!
1/
02

#16660000
0!

#16665000
1!
1.

#16670000
0!

#16675000
1!
0.
0/
12

#16680000
0!

#16685000
1!
1/
02

#16690000
0!

#16695000
1!
1.

#16700000
0!

#16705000
1!
0.
0/
12

#16710000
0!

#16715000
1!
1/
02
05
16

#16720000
0!

#16725000
1!
1.
06

#16730000
0!

#16735000
1!
0.
0/
b0 0
12

#16740000
0!

#16745000
1!
1/
02

#16750000
0!

#16755000
1!
b110000 -
1.

#16760000
0!

#16765000
1!
0.
0/
b11111111011111111111111111111111111101010100011000010100111000 0
12

#16770000
0!

#16775000
1!
1/
02

#16780000
0!

#16785000
1!
b111000 -
1.

#16790000
0!

#16795000
1!
0.
0/
b11111110010101101011101100001110111010110011011101011100011101 0
12

#16800000
0!

#16805000
1!
1/
02

#16810000
0!

#16815000
1!
b1000000 -
1.

#16820000
0!

#16825000
1!
0.
0/
b0 0
12

#16830000
0!

#16835000
1!
1/
02

#16840000
0!

#16845000
1!
b10100000 -
1.

#16850000
0!

#16855000
1!
0.
0/
b100000000001101111010000010011111010000001111111010100100111011 0
12

#16860000
0!

#16865000
1!
1/
02

#16870000
0!

#16875000
1!
b10101000 -
1.

#16880000
0!

#16885000
1!
0.
0/
b11111111110000111011111111101000111001100010111011011010110100 0
12

#16890000
0!

#16895000
1!
1/
02

#16900000
0!

#16905000
1!
b10110000 -
1.

#16910000
0!

#16915000
1!
0.
0/
b0 0
12

#16920000
0!

#16925000
1!
1/
02

#16930000
0!

#16935000
1!
b10111000 -
1.

#16940000
0!

#16945000
1!
0.
0/
b11111111110000111011111111101000111001100010111011011010111000 0
12

#16950000
0!

#16955000
1!
1/
02

#16960000
0!

#16965000
1!
b11000000 -
1.

#16970000
0!

#16975000
1!
0.
0/
b100000000101011110101011100100001101001100010000011100010111001 0
12

#16980000
0!

#16985000
1!
1/
02

#16990000
0!

#16995000
1!
b11001000 -
1.

#17000000
0!

#17005000
1!
0.
0/
b100000000010000110001001110100111101000101000101001110000011101 0
12

#17010000
0!

#17015000
1!
1/
02

#17020000
0!

#17025000
1!
b11010000 -
1.

#17030000
0!

#17035000
1!
0.
0/
b0 0
12

#17040000
0!

#17045000
1!
1/
02

#17050000
0!

#17055000
1!
b11011000 -
1.

#17060000
0!

#17065000
1!
0.
0/
b100000000010000110001001110100111101000101000101001110000011101 0
12

#17070000
0!

#17075000
1!
1/
02

#17080000
0!

#17085000
1!
b11100000 -
1.

#17090000
0!

#17095000
1!
0.
0/
b100000000101101100111000001110111011111100001000110101000101100 0
12

#17100000
0!

#17105000
1!
1/
02

#17110000
0!

#17115000
1!
18

#17120000
0!

#17125000
1!
08

#17130000
0!

#17135000
1!
b10000 #
1$
b11111111100000000000000000000000000000000000000000000000000000 &
1(

#17140000
0!

#17145000
1!
0$
0%
0(
0)

#17150000
0!

#17155000
1!
1%
1)
1+

#17160000
0!

#17165000
1!
0+

#17170000
0!

#17175000
1!
b11000 #
1$
b11111111011111111111111111111111111101010100011010010010111000 &
1(

#17180000
0!

#17185000
1!
0$
0%
0(
0)

#17190000
0!

#17195000
1!
1%
1)
1+

#17200000
0!

#17205000
1!
0+

#17210000
0!

#17215000
1!
b100000 #
1$
b11111110010101101011101100001110111010110011100110010111010101 &
1(

#17220000
0!

#17225000
1!
0$
0%
0(
0)

#17230000
0!

#17235000
1!
1%
1)
1+

#17240000
0!

#17245000
1!
0+

#17250000
0!

#17255000
1!
b101000 #
1$
b0 &
1(

#17260000
0!

#17265000
1!
0$
0%
0(
0)

#17270000
0!

#17275000
1!
1%
1)
1+

#17280000
0!

#17285000
1!
0+

#17290000
0!

#17295000
1!
b110000 #
1$
1(

#17300000
0!

#17305000
1!
0$
0%
0(
0)

#17310000
0!

#17315000
1!
1%
1)
1+

#17320000
0!

#17325000
1!
0+

#17330000
0!

#17335000
1!
b111000 #
1$
1(

#17340000
0!

#17345000
1!
0$
0%
0(
0)

#17350000
0!

#17355000
1!
1%
1)
1+

#17360000
0!

#17365000
1!
0+

#17370000
0!

#17375000
1!
b1000000 #
1$
1(

#17380000
0!

#17385000
1!
0$
0%
0(
0)

#17390000
0!

#17395000
1!
1%
1)
1+

#17400000
0!

#17405000
1!
0+

#17410000
0!

#17415000
1!
b1001000 #
1$
1(

#17420000
0!

#17425000
1!
0$
0%
0(
0)

#17430000
0!

#17435000
1!
1%
1)
1+

#17440000
0!

#17445000
1!
0+

#17450000
0!

#17455000
1!
b1010000 #
1$
1(

#17460000
0!

#17465000
1!
0$
0%
0(
0)

#17470000
0!

#17475000
1!
1%
1)
1+

#17480000
0!

#17485000
1!
0+

#17490000
0!

#17495000
1!
b1011000 #
1$
b100000000100110100010000111100101111001111010100010101100111010 &
1(

#17500000
0!

#17505000
1!
0$
0%
0(
0)

#17510000
0!

#17515000
1!
1%
1)
1+

#17520000
0!

#17525000
1!
0+

#17530000
0!

#17535000
1!
b1100000 #
1$
b100000000000011101000101011101001001010100100010110110000011001 &
1(

#17540000
0!

#17545000
1!
0$
0%
0(
0)

#17550000
0!

#17555000
1!
1%
1)
1+

#17560000
0!

#17565000
1!
0+

#17570000
0!

#17575000
1!
b1101000 #
1$
b0 &
1(

#17580000
0!

#17585000
1!
0$
0%
0(
0)

#17590000
0!

#17595000
1!
1%
1)
1+

#17600000
0!

#17605000
1!
0+

#17610000
0!

#17615000
1!
b1110000 #
1$
b100000000000011101000101011101001001010100100010110110000011001 &
1(

#17620000
0!

#17625000
1!
0$
0%
0(
0)

#17630000
0!

#17635000
1!
1%
1)
1+

#17640000
0!

#17645000
1!
0+

#17650000
0!

#17655000
1!
b1111000 #
1$
b100000000100110100010000111100101111001111010100010101100111010 &
1(

#17660000
0!

#17665000
1!
0$
0%
0(
0)

#17670000
0!

#17675000
1!
1%
1)
1+

#17680000
0!

#17685000
1!
0+

#17690000
0!

#17695000
1!
b10000000 #
1$
b100000000000011101000101011101001001010100100010110110000011001 &
1(

#17700000
0!

#17705000
1!
0$
0%
0(
0)

#17710000
0!

#17715000
1!
1%
1)
1+

#17720000
0!

#17725000
1!
0+

#17730000
0!

#17735000
1!
b10001000 #
1$
b0 &
1(

#17740000
0!

#17745000
1!
0$
0%
0(
0)

#17750000
0!

#17755000
1!
1%
1)
1+

#17760000
0!

#17765000
1!
0+

#17770000
0!

#17775000
1!
b10010000 #
1$
b100000000000011101000101011101001001010100100010110110000011001 &
1(

#17780000
0!

#17785000
1!
0$
0%
0(
0)

#17790000
0!

#17795000
1!
1%
1)
1+

#17800000
0!

#17805000
1!
0+

#17810000
0!

#17815000
1!
b10011000 #
1$
b100000000100110100010000111100101111001111010100010101100111010 &
1(

#17820000
0!

#17825000
1!
0$
0%
0(
0)

#17830000
0!

#17835000
1!
1%
1)
1+

#17840000
0!

#17845000
1!
0+

#17850000
0!

#17855000
1!
b0 #
1$
b1 &
1(

#17860000
0!

#17865000
1!
0$
0%
0(
0)

#17870000
0!

#17875000
1!
1%
1)
1+
14

#17880000
0!

#17885000
1!
0+
04
15

#17890000
0!

#17895000
1!
b1000 -
1.

#17900000
0!

#17905000
1!
0.
0/
b10 0
12

#17910000
0!

#17915000
1!
1/
02

#17920000
0!

#17925000
1!
1.

#17930000
0!

#17935000
1!
0.
0/
12

#17940000
0!

#17945000
1!
1/
02

#17950000
0!

#17955000
1!
1.

#17960000
0!

#17965000
1!
0.
0/
12

#17970000
0!

#17975000
1!
1/
02

#17980000
0!

#17985000
1!
1.

#17990000
0!

#17995000
1!
0.
0/
12

#18000000
0!

#18005000
1!
1/
02

#18010000
0!

#18015000
1!
1.

#18020000
0!

#18025000
1!
0.
0/
12

#18030000
0!

#18035000
1!
1/
02

#18040000
0!

#18045000
1!
1.

#18050000
0!

#18055000
1!
0.
0/
12

#18060000
0!

#18065000
1!
1/
02

#18070000
0!

#18075000
1!
1.

#18080000
0!

#18085000
1!
0.
0/
12

#18090000
0!

#18095000
1!
1/
02

#18100000
0!

#18105000
1!
1.

#18110000
0!

#18115000
1!
0.
0/
12

#18120000
0!

#18125000
1!
1/
02

#18130000
0!

#18135000
1!
1.

#18140000
0!

#18145000
1!
0.
0/
12

#18150000
0!

#18155000
1!
1/
02

#18160000
0!

#18165000
1!
1.

#18170000
0!

#18175000
1!
0.
0/
12

#18180000
0!

#18185000
1!
1/
02

#18190000
0!

#18195000
1!
1.

#18200000
0!

#18205000
1!
0.
0/
12

#18210000
0!

#18215000
1!
1/
02

#18220000
0!

#18225000
1!
1.

#18230000
0!

#18235000
1!
0.
0/
12

#18240000
0!

#18245000
1!
1/
02

#18250000
0!

#18255000
1!
1.

#18260000
0!

#18265000
1!
0.
0/
12

#18270000
0!

#18275000
1!
1/
02

#18280000
0!

#18285000
1!
1.

#18290000
0!

#18295000
1!
0.
0/
12

#18300000
0!

#18305000
1!
1/
02

#18310000
0!

#18315000
1!
1.

#18320000
0!

#18325000
1!
0.
0/
12

#18330000
0!

#18335000
1!
1/
02

#18340000
0!

#18345000
1!
1.

#18350000
0!

#18355000
1!
0.
0/
12

#18360000
0!

#18365000
1!
1/
02

#18370000
0!

#18375000
1!
1.

#18380000
0!

#18385000
1!
0.
0/
12

#18390000
0!

#18395000
1!
1/
02

#18400000
0!

#18405000
1!
1.

#18410000
0!

#18415000
1!
0.
0/
12

#18420000
0!

#18425000
1!
1/
02

#18430000
0!

#18435000
1!
1.

#18440000
0!

#18445000
1!
0.
0/
12

#18450000
0!

#18455000
1!
1/
02

#18460000
0!

#18465000
1!
1.

#18470000
0!

#18475000
1!
0.
0/
12

#18480000
0!

#18485000
1!
1/
02

#18490000
0!

#18495000
1!
1.

#18500000
0!

#18505000
1!
0.
0/
12

#18510000
0!

#18515000
1!
1/
02

#18520000
0!

#18525000
1!
1.

#18530000
0!

#18535000
1!
0.
0/
12

#18540000
0!

#18545000
1!
1/
02

#18550000
0!

#18555000
1!
1.

#18560000
0!

#18565000
1!
0.
0/
12

#18570000
0!

#18575000
1!
1/
02

#18580000
0!

#18585000
1!
1.

#18590000
0!

#18595000
1!
0.
0/
12

#18600000
0!

#18605000
1!
1/
02
05
16

#18610000
0!

#18615000
1!
1.
06

#18620000
0!

#18625000
1!
0.
0/
b0 0
12

#18630000
0!

#18635000
1!
1/
02

#18640000
0!

#18645000
1!
b110000 -
1.

#18650000
0!

#18655000
1!
0.
0/
b11111111011111111111111111111111111111001010101010110110001111 0
12

#18660000
0!

#18665000
1!
1/
02

#18670000
0!

#18675000
1!
b111000 -
1.

#18680000
0!

#18685000
1!
0.
0/
b11111110010101101011101100001111000001001111110011101110011111 0
12

#18690000
0!

#18695000
1!
1/
02

#18700000
0!

#18705000
1!
b1000000 -
1.

#18710000
0!

#18715000
1!
0.
0/
b0 0
12

#18720000
0!

#18725000
1!
1/
02

#18730000
0!

#18735000
1!
b10100000 -
1.

#18740000
0!

#18745000
1!
0.
0/
b100000000001100000000110111001011000111011010110100111110001000 0
12

#18750000
0!

#18755000
1!
1/
02

#18760000
0!

#18765000
1!
b10101000 -
1.

#18770000
0!

#18775000
1!
0.
0/
b11111111101000011010010100110001011110101000101101000100010001 0
12

#18780000
0!

#18785000
1!
1/
02

#18790000
0!

#18795000
1!
b10110000 -
1.

#18800000
0!

#18805000
1!
0.
0/
b0 0
12

#18810000
0!

#18815000
1!
1/
02

#18820000
0!

#18825000
1!
b10111000 -
1.

#18830000
0!

#18835000
1!
0.
0/
b11111111101000011010010100110001011110101000101101000100010000 0
12

#18840000
0!

#18845000
1!
1/
02

#18850000
0!

#18855000
1!
b11000000 -
1.

#18860000
0!

#18865000
1!
0.
0/
b100000000100101110010111100101010011111011110101111111011011011 0
12

#18870000
0!

#18875000
1!
1/
02

#18880000
0!

#18885000
1!
b11001000 -
1.

#18890000
0!

#18895000
1!
0.
0/
b100000000000011101000101011101001001010100100010110110000011001 0
12

#18900000
0!

#18905000
1!
1/
02

#18910000
0!

#18915000
1!
b11010000 -
1.

#18920000
0!

#18925000
1!
0.
0/
b0 0
12

#18930000
0!

#18935000
1!
1/
02

#18940000
0!

#18945000
1!
b11011000 -
1.

#18950000
0!

#18955000
1!
0.
0/
b100000000000011101000101011101001001010100100010110110000011001 0
12

#18960000
0!

#18965000
1!
1/
02

#18970000
0!

#18975000
1!
b11100000 -
1.

#18980000
0!

#18985000
1!
0.
0/
b100000000100110100010000111100101111001111010100010101100111010 0
12

#18990000
0!

#18995000
1!
1/
02

#19000000
0!

#19005000
1!
18

#19010000
0!

#19015000
1!
08

#19020000
0!

#19025000
1!
b10000 #
1$
b11111111100000000000000000000000000000000000000000000000000000 &
1(

#19030000
0!

#19035000
1!
0$
0%
0(
0)

#19040000
0!

#19045000
1!
1%
1)
1+

#19050000
0!

#19055000
1!
0+

#19060000
0!

#19065000
1!
b11000 #
1$
b11111111011111111111111111111111111111001011010000011100111100 &
1(

#19070000
0!

#19075000
1!
0$
0%
0(
0)

#19080000
0!

#19085000
1!
1%
1)
1+

#19090000
0!

#19095000
1!
0+

#19100000
0!

#19105000
1!
b100000 #
1$
b11111110010101101011101100001111000001010001110110110011010111 &
1(

#19110000
0!

#19115000
1!
0$
0%
0(
0)

#19120000
0!

#19125000
1!
1%
1)
1+

#19130000
0!

#19135000
1!
0+

#19140000
0!

#19145000
1!
b101000 #
1$
b0 &
1(

#19150000
0!

#19155000
1!
0$
0%
0(
0)

#19160000
0!

#19165000
1!
1%
1)
1+

#19170000
0!

#19175000
1!
0+

#19180000
0!

#19185000
1!
b110000 #
1$
1(

#19190000
0!

#19195000
1!
0$
0%
0(
0)

#19200000
0!

#19205000
1!
1%
1)
1+

#19210000
0!

#19215000
1!
0+

#19220000
0!

#19225000
1!
b111000 #
1$
1(

#19230000
0!

#19235000
1!
0$
0%
0(
0)

#19240000
0!

#19245000
1!
1%
1)
1+

#19250000
0!

#19255000
1!
0+

#19260000
0!

#19265000
1!
b1000000 #
1$
1(

#19270000
0!

#19275000
1!
0$
0%
0(
0)

#19280000
0!

#19285000
1!
1%
1)
1+

#19290000
0!

#19295000
1!
0+

#19300000
0!

#19305000
1!
b1001000 #
1$
1(

#19310000
0!

#19315000
1!
0$
0%
0(
0)

#19320000
0!

#19325000
1!
1%
1)
1+

#19330000
0!

#19335000
1!
0+

#19340000
0!

#19345000
1!
b1010000 #
1$
1(

#19350000
0!

#19355000
1!
0$
0%
0(
0)

#19360000
0!

#19365000
1!
1%
1)
1+

#19370000
0!

#19375000
1!
0+

#19380000
0!

#19385000
1!
b1011000 #
1$
b100000000011110111101000110111101111100111100011100011100011011 &
1(

#19390000
0!

#19395000
1!
0$
0%
0(
0)

#19400000
0!

#19405000
1!
1%
1)
1+

#19410000
0!

#19415000
1!
0+

#19420000
0!

#19425000
1!
b1100000 #
1$
b11111111110011010011110111001010011111000110010110011110100011 &
1(

#19430000
0!

#19435000
1!
0$
0%
0(
0)

#19440000
0!

#19445000
1!
1%
1)
1+

#19450000
0!

#19455000
1!
0+

#19460000
0!

#19465000
1!
b1101000 #
1$
b0 &
1(

#19470000
0!

#19475000
1!
0$
0%
0(
0)

#19480000
0!

#19485000
1!
1%
1)
1+

#19490000
0!

#19495000
1!
0+

#19500000
0!

#19505000
1!
b1110000 #
1$
b11111111110011010011110111001010011111000110010110011110100011 &
1(

#19510000
0!

#19515000
1!
0$
0%
0(
0)

#19520000
0!

#19525000
1!
1%
1)
1+

#19530000
0!

#19535000
1!
0+

#19540000
0!

#19545000
1!
b1111000 #
1$
b100000000011110111101000110111101111100111100011100011100011011 &
1(

#19550000
0!

#19555000
1!
0$
0%
0(
0)

#19560000
0!

#19565000
1!
1%
1)
1+

#19570000
0!

#19575000
1!
0+

#19580000
0!

#19585000
1!
b10000000 #
1$
b11111111110011010011110111001010011111000110010110011110100011 &
1(

#19590000
0!

#19595000
1!
0$
0%
0(
0)

#19600000
0!

#19605000
1!
1%
1)
1+

#19610000
0!

#19615000
1!
0+

#19620000
0!

#19625000
1!
b10001000 #
1$
b0 &
1(

#19630000
0!

#19635000
1!
0$
0%
0(
0)

#19640000
0!

#19645000
1!
1%
1)
1+

#19650000
0!

#19655000
1!
0+

#19660000
0!

#19665000
1!
b10010000 #
1$
b11111111110011010011110111001010011111000110010110011110100011 &
1(

#19670000
0!

#19675000
1!
0$
0%
0(
0)

#19680000
0!

#19685000
1!
1%
1)
1+

#19690000
0!

#19695000
1!
0+

#19700000
0!

#19705000
1!
b10011000 #
1$
b100000000011110111101000110111101111100111100011100011100011011 &
1(

#19710000
0!

#19715000
1!
0$
0%
0(
0)

#19720000
0!

#19725000
1!
1%
1)
1+

#19730000
0!

#19735000
1!
0+

#19740000
0!

#19745000
1!
b0 #
1$
b1 &
1(

#19750000
0!

#19755000
1!
0$
0%
0(
0)

#19760000
0!

#19765000
1!
1%
1)
1+
14

#19770000
0!

#19775000
1!
0+
04
15

#19780000
0!

#19785000
1!
b1000 -
1.

#19790000
0!

#19795000
1!
0.
0/
b10 0
12

#19800000
0!

#19805000
1!
1/
02

#19810000
0!

#19815000
1!
1.

#19820000
0!

#19825000
1!
0.
0/
12

#19830000
0!

#19835000
1!
1/
02

#19840000
0!

#19845000
1!
1.

#19850000
0!

#19855000
1!
0.
0/
12

#19860000
0!

#19865000
1!
1/
02

#19870000
0!

#19875000
1!
1.

#19880000
0!

#19885000
1!
0.
0/
12

#19890000
0!

#19895000
1!
1/
02

#19900000
0!

#19905000
1!
1.

#19910000
0!

#19915000
1!
0.
0/
12

#19920000
0!

#19925000
1!
1/
02

#19930000
0!

#19935000
1!
1.

#19940000
0!

#19945000
1!
0.
0/
12

#19950000
0!

#19955000
1!
1/
02

#19960000
0!

#19965000
1!
1.

#19970000
0!

#19975000
1!
0.
0/
12

#19980000
0!

#19985000
1!
1/
02

#19990000
0!

#19995000
1!
1.

#20000000
0!

#20005000
1!
0.
0/
12

#20010000
0!

#20015000
1!
1/
02

#20020000
0!

#20025000
1!
1.

#20030000
0!

#20035000
1!
0.
0/
12

#20040000
0!

#20045000
1!
1/
02

#20050000
0!

#20055000
1!
1.

#20060000
0!

#20065000
1!
0.
0/
12

#20070000
0!

#20075000
1!
1/
02

#20080000
0!

#20085000
1!
1.

#20090000
0!

#20095000
1!
0.
0/
12

#20100000
0!

#20105000
1!
1/
02

#20110000
0!

#20115000
1!
1.

#20120000
0!

#20125000
1!
0.
0/
12

#20130000
0!

#20135000
1!
1/
02

#20140000
0!

#20145000
1!
1.

#20150000
0!

#20155000
1!
0.
0/
12

#20160000
0!

#20165000
1!
1/
02

#20170000
0!

#20175000
1!
1.

#20180000
0!

#20185000
1!
0.
0/
12

#20190000
0!

#20195000
1!
1/
02

#20200000
0!

#20205000
1!
1.

#20210000
0!

#20215000
1!
0.
0/
12

#20220000
0!

#20225000
1!
1/
02

#20230000
0!

#20235000
1!
1.

#20240000
0!

#20245000
1!
0.
0/
12

#20250000
0!

#20255000
1!
1/
02

#20260000
0!

#20265000
1!
1.

#20270000
0!

#20275000
1!
0.
0/
12

#20280000
0!

#20285000
1!
1/
02

#20290000
0!

#20295000
1!
1.

#20300000
0!

#20305000
1!
0.
0/
12

#20310000
0!

#20315000
1!
1/
02

#20320000
0!

#20325000
1!
1.

#20330000
0!

#20335000
1!
0.
0/
12

#20340000
0!

#20345000
1!
1/
02

#20350000
0!

#20355000
1!
1.

#20360000
0!

#20365000
1!
0.
0/
12

#20370000
0!

#20375000
1!
1/
02

#20380000
0!

#20385000
1!
1.

#20390000
0!

#20395000
1!
0.
0/
12

#20400000
0!

#20405000
1!
1/
02

#20410000
0!

#20415000
1!
1.

#20420000
0!

#20425000
1!
0.
0/
12

#20430000
0!

#20435000
1!
1/
02

#20440000
0!

#20445000
1!
1.

#20450000
0!

#20455000
1!
0.
0/
12

#20460000
0!

#20465000
1!
1/
02

#20470000
0!

#20475000
1!
1.

#20480000
0!

#20485000
1!
0.
0/
12

#20490000
0!

#20495000
1!
1/
02
05
16

#20500000
0!

#20505000
1!
1.
06

#20510000
0!

#20515000
1!
0.
0/
b0 0
12

#20520000
0!

#20525000
1!
1/
02

#20530000
0!

#20535000
1!
b110000 -
1.

#20540000
0!

#20545000
1!
0.
0/
b11111111011111111111111111111111111111101010111110001111010101 0
12

#20550000
0!

#20555000
1!
1/
02

#20560000
0!

#20565000
1!
b111000 -
1.

#20570000
0!

#20575000
1!
0.
0/
b11111110010101101011101100001111000010100000111111101101111011 0
12

#20580000
0!

#20585000
1!
1/
02

#20590000
0!

#20595000
1!
b1000000 -
1.

#20600000
0!

#20605000
1!
0.
0/
b0 0
12

#20610000
0!

#20615000
1!
1/
02

#20620000
0!

#20625000
1!
b10100000 -
1.

#20630000
0!

#20635000
1!
0.
0/
b100000000001000101011101001110100011001111000001100011111101011 0
12

#20640000
0!

#20645000
1!
1/
02

#20650000
0!

#20655000
1!
b10101000 -
1.

#20660000
0!

#20665000
1!
0.
0/
b11111111011110110010110110010110110001111001001011101010010001 0
12

#20670000
0!

#20675000
1!
1/
02

#20680000
0!

#20685000
1!
b10110000 -
1.

#20690000
0!

#20695000
1!
0.
0/
b0 0
12

#20700000
0!

#20705000
1!
1/
02

#20710000
0!

#20715000
1!
b10111000 -
1.

#20720000
0!

#20725000
1!
0.
0/
b11111111011110110010110110010110110001111001001011101010010100 0
12

#20730000
0!

#20735000
1!
1/
02

#20740000
0!

#20745000
1!
b11000000 -
1.

#20750000
0!

#20755000
1!
0.
0/
b100000000011110100000001000100101110111110100110011110011101011 0
12

#20760000
0!

#20765000
1!
1/
02

#20770000
0!

#20775000
1!
b11001000 -
1.

#20780000
0!

#20785000
1!
0.
0/
b11111111110011010011110111001010011111000110010110011110100011 0
12

#20790000
0!

#20795000
1!
1/
02

#20800000
0!

#20805000
1!
b11010000 -
1.

#20810000
0!

#20815000
1!
0.
0/
b0 0
12

#20820000
0!

#20825000
1!
1/
02

#20830000
0!

#20835000
1!
b11011000 -
1.

#20840000
0!

#20845000
1!
0.
0/
b11111111110011010011110111001010011111000110010110011110100011 0
12

#20850000
0!

#20855000
1!
1/
02

#20860000
0!

#20865000
1!
b11100000 -
1.

#20870000
0!

#20875000
1!
0.
0/
b100000000011110111101000110111101111100111100011100011100011011 0
12

#20880000
0!

#20885000
1!
1/
02

#20890000
0!

#20895000
1!
18

#20900000
0!

#20905000
1!
08

#20910000
0!

#20915000
1!
b10000 #
1$
b11111111100000000000000000000000000000000000000000000000000000 &
1(

#20920000
0!

#20925000
1!
0$
0%
0(
0)

#20930000
0!

#20935000
1!
1%
1)
1+

#20940000
0!

#20945000
1!
0+

#20950000
0!

#20955000
1!
b11000 #
1$
b11111111011111111111111111111111111111101011010011000101010001 &
1(

#20960000
0!

#20965000
1!
0$
0%
0(
0)

#20970000
0!

#20975000
1!
1%
1)
1+

#20980000
0!

#20985000
1!
0+

#20990000
0!

#20995000
1!
b100000 #
1$
b11111110010101101011101100001111000010100001110011101110011101 &
1(

#21000000
0!

#21005000
1!
0$
0%
0(
0)

#21010000
0!

#21015000
1!
1%
1)
1+

#21020000
0!

#21025000
1!
0+

#21030000
0!

#21035000
1!
b101000 #
1$
b0 &
1(

#21040000
0!

#21045000
1!
0$
0%
0(
0)

#21050000
0!

#21055000
1!
1%
1)
1+

#21060000
0!

#21065000
1!
0+

#21070000
0!

#21075000
1!
b110000 #
1$
1(

#21080000
0!

#21085000
1!
0$
0%
0(
0)

#21090000
0!

#21095000
1!
1%
1)
1+

#21100000
0!

#21105000
1!
0+

#21110000
0!

#21115000
1!
b111000 #
1$
1(

#21120000
0!

#21125000
1!
0$
0%
0(
0)

#21130000
0!

#21135000
1!
1%
1)
1+

#21140000
0!

#21145000
1!
0+

#21150000
0!

#21155000
1!
b1000000 #
1$
1(

#21160000
0!

#21165000
1!
0$
0%
0(
0)

#21170000
0!

#21175000
1!
1%
1)
1+

#21180000
0!

#21185000
1!
0+

#21190000
0!

#21195000
1!
b1001000 #
1$
1(

#21200000
0!

#21205000
1!
0$
0%
0(
0)

#21210000
0!

#21215000
1!
1%
1)
1+

#21220000
0!

#21225000
1!
0+

#21230000
0!

#21235000
1!
b1010000 #
1$
1(

#21240000
0!

#21245000
1!
0$
0%
0(
0)

#21250000
0!

#21255000
1!
1%
1)
1+

#21260000
0!

#21265000
1!
0+

#21270000
0!

#21275000
1!
b1011000 #
1$
b100000000010101101000111101001001101111111101000101100100100100 &
1(

#21280000
0!

#21285000
1!
0$
0%
0(
0)

#21290000
0!

#21295000
1!
1%
1)
1+

#21300000
0!

#21305000
1!
0+

#21310000
0!

#21315000
1!
b1100000 #
1$
b11111111100110100100001100000010010011100000101000111101011100 &
1(

#21320000
0!

#21325000
1!
0$
0%
0(
0)

#21330000
0!

#21335000
1!
1%
1)
1+

#21340000
0!

#21345000
1!
0+

#21350000
0!

#21355000
1!
b1101000 #
1$
b0 &
1(

#21360000
0!

#21365000
1!
0$
0%
0(
0)

#21370000
0!

#21375000
1!
1%
1)
1+

#21380000
0!

#21385000
1!
0+

#21390000
0!

#21395000
1!
b1110000 #
1$
b11111111100110100100001100000010010011100000101000111101011100 &
1(

#21400000
0!

#21405000
1!
0$
0%
0(
0)

#21410000
0!

#21415000
1!
1%
1)
1+

#21420000
0!

#21425000
1!
0+

#21430000
0!

#21435000
1!
b1111000 #
1$
b100000000010101101000111101001001101111111101000101100100100100 &
1(

#21440000
0!

#21445000
1!
0$
0%
0(
0)

#21450000
0!

#21455000
1!
1%
1)
1+

#21460000
0!

#21465000
1!
0+

#21470000
0!

#21475000
1!
b10000000 #
1$
b11111111100110100100001100000010010011100000101000111101011100 &
1(

#21480000
0!

#21485000
1!
0$
0%
0(
0)

#21490000
0!

#21495000
1!
1%
1)
1+

#21500000
0!

#21505000
1!
0+

#21510000
0!

#21515000
1!
b10001000 #
1$
b0 &
1(

#21520000
0!

#21525000
1!
0$
0%
0(
0)

#21530000
0!

#21535000
1!
1%
1)
1+

#21540000
0!

#21545000
1!
0+

#21550000
0!

#21555000
1!
b10010000 #
1$
b11111111100110100100001100000010010011100000101000111101011100 &
1(

#21560000
0!

#21565000
1!
0$
0%
0(
0)

#21570000
0!

#21575000
1!
1%
1)
1+

#21580000
0!

#21585000
1!
0+

#21590000
0!

#21595000
1!
b10011000 #
1$
b100000000010101101000111101001001101111111101000101100100100100 &
1(

#21600000
0!

#21605000
1!
0$
0%
0(
0)

#21610000
0!

#21615000
1!
1%
1)
1+

#21620000
0!

#21625000
1!
0+

#21630000
0!

#21635000
1!
b0 #
1$
b1 &
1(

#21640000
0!

#21645000
1!
0$
0%
0(
0)

#21650000
0!

#21655000
1!
1%
1)
1+
14

#21660000
0!

#21665000
1!
0+
04
15

#21670000
0!

#21675000
1!
b1000 -
1.

#21680000
0!

#21685000
1!
0.
0/
b10 0
12

#21690000
0!

#21695000
1!
1/
02

#21700000
0!

#21705000
1!
1.

#21710000
0!

#21715000
1!
0.
0/
12

#21720000
0!

#21725000
1!
1/
02

#21730000
0!

#21735000
1!
1.

#21740000
0!

#21745000
1!
0.
0/
12

#21750000
0!

#21755000
1!
1/
02

#21760000
0!

#21765000
1!
1.

#21770000
0!

#21775000
1!
0.
0/
12

#21780000
0!

#21785000
1!
1/
02

#21790000
0!

#21795000
1!
1.

#21800000
0!

#21805000
1!
0.
0/
12

#21810000
0!

#21815000
1!
1/
02

#21820000
0!

#21825000
1!
1.

#21830000
0!

#21835000
1!
0.
0/
12

#21840000
0!

#21845000
1!
1/
02

#21850000
0!

#21855000
1!
1.

#21860000
0!

#21865000
1!
0.
0/
12

#21870000
0!

#21875000
1!
1/
02

#21880000
0!

#21885000
1!
1.

#21890000
0!

#21895000
1!
0.
0/
12

#21900000
0!

#21905000
1!
1/
02

#21910000
0!

#21915000
1!
1.

#21920000
0!

#21925000
1!
0.
0/
12

#21930000
0!

#21935000
1!
1/
02

#21940000
0!

#21945000
1!
1.

#21950000
0!

#21955000
1!
0.
0/
12

#21960000
0!

#21965000
1!
1/
02

#21970000
0!

#21975000
1!
1.

#21980000
0!

#21985000
1!
0.
0/
12

#21990000
0!

#21995000
1!
1/
02

#22000000
0!

#22005000
1!
1.

#22010000
0!

#22015000
1!
0.
0/
12

#22020000
0!

#22025000
1!
1/
02

#22030000
0!

#22035000
1!
1.

#22040000
0!

#22045000
1!
0.
0/
12

#22050000
0!

#22055000
1!
1/
02

#22060000
0!

#22065000
1!
1.

#22070000
0!

#22075000
1!
0.
0/
12

#22080000
0!

#22085000
1!
1/
02

#22090000
0!

#22095000
1!
1.

#22100000
0!

#22105000
1!
0.
0/
12

#22110000
0!

#22115000
1!
1/
02

#22120000
0!

#22125000
1!
1.

#22130000
0!

#22135000
1!
0.
0/
12

#22140000
0!

#22145000
1!
1/
02

#22150000
0!

#22155000
1!
1.

#22160000
0!

#22165000
1!
0.
0/
12

#22170000
0!

#22175000
1!
1/
02

#22180000
0!

#22185000
1!
1.

#22190000
0!

#22195000
1!
0.
0/
12

#22200000
0!

#22205000
1!
1/
02

#22210000
0!

#22215000
1!
1.

#22220000
0!

#22225000
1!
0.
0/
12

#22230000
0!

#22235000
1!
1/
02

#22240000
0!

#22245000
1!
1.

#22250000
0!

#22255000
1!
0.
0/
12

#22260000
0!

#22265000
1!
1/
02

#22270000
0!

#22275000
1!
1.

#22280000
0!

#22285000
1!
0.
0/
12

#22290000
0!

#22295000
1!
1/
02

#22300000
0!

#22305000
1!
1.

#22310000
0!

#22315000
1!
0.
0/
12

#22320000
0!

#22325000
1!
1/
02

#22330000
0!

#22335000
1!
1.

#22340000
0!

#22345000
1!
0.
0/
12

#22350000
0!

#22355000
1!
1/
02

#22360000
0!

#22365000
1!
1.

#22370000
0!

#22375000
1!
0.
0/
12

#22380000
0!

#22385000
1!
1/
02
05
16

#22390000
0!

#22395000
1!
1.
06

#22400000
0!

#22405000
1!
0.
0/
b0 0
12

#22410000
0!

#22415000
1!
1/
02

#22420000
0!

#22425000
1!
b110000 -
1.

#22430000
0!

#22435000
1!
0.
0/
b11111111011111111111111111111111111111101010010000001101011101 0
12

#22440000
0!

#22445000
1!
1/
02

#22450000
0!

#22455000
1!
b111000 -
1.

#22460000
0!

#22465000
1!
0.
0/
b11111110010101101011101100001111000010011111101000010000110000 0
12

#22470000
0!

#22475000
1!
1/
02

#22480000
0!

#22485000
1!
b1000000 -
1.

#22490000
0!

#22495000
1!
0.
0/
b0 0
12

#22500000
0!

#22505000
1!
1/
02

#22510000
0!

#22515000
1!
b10100000 -
1.

#22520000
0!

#22525000
1!
0.
0/
b100000000010110101110110110111001111001110010001010010010010101 0
12

#22530000
0!

#22535000
1!
1/
02

#22540000
0!

#22545000
1!
b10101000 -
1.

#22550000
0!

#22555000
1!
0.
0/
b11111111100111101101000101000111111101011100100101100100001111 0
12

#22560000
0!

#22565000
1!
1/
02

#22570000
0!

#22575000
1!
b10110000 -
1.

#22580000
0!

#22585000
1!
0.
0/
b0 0
12

#22590000
0!

#22595000
1!
1/
02

#22600000
0!

#22605000
1!
b10111000 -
1.

#22610000
0!

#22615000
1!
0.
0/
b11111111100111101101000101000111111101011100100101100100010000 0
12

#22620000
0!

#22625000
1!
1/
02

#22630000
0!

#22635000
1!
b11000000 -
1.

#22640000
0!

#22645000
1!
0.
0/
b100000000010101101010001001001010010110110101010111110100011010 0
12

#22650000
0!

#22655000
1!
1/
02

#22660000
0!

#22665000
1!
b11001000 -
1.

#22670000
0!

#22675000
1!
0.
0/
b11111111100110100100001100000010010011100000101000111101011100 0
12

#22680000
0!

#22685000
1!
1/
02

#22690000
0!

#22695000
1!
b11010000 -
1.

#22700000
0!

#22705000
1!
0.
0/
b0 0
12

#22710000
0!

#22715000
1!
1/
02

#22720000
0!

#22725000
1!
b11011000 -
1.

#22730000
0!

#22735000
1!
0.
0/
b11111111100110100100001100000010010011100000101000111101011100 0
12

#22740000
0!

#22745000
1!
1/
02

#22750000
0!

#22755000
1!
b11100000 -
1.

#22760000
0!

#22765000
1!
0.
0/
b100000000010101101000111101001001101111111101000101100100100100 0
12

#22770000
0!

#22775000
1!
1/
02

#22780000
0!

#22785000
1!
18

#22790000
0!

#22795000
1!
08

#22800000
0!

#22805000
1!
b10000 #
1$
b11111111100000000000000000000000000000000000000000000000000000 &
1(

#22810000
0!

#22815000
1!
0$
0%
0(
0)

#22820000
0!

#22825000
1!
1%
1)
1+

#22830000
0!

#22835000
1!
0+

#22840000
0!

#22845000
1!
b11000 #
1$
b11111111011111111111111111111111111111110110000011101000011001 &
1(

#22850000
0!

#22855000
1!
0$
0%
0(
0)

#22860000
0!

#22865000
1!
1%
1)
1+

#22870000
0!

#22875000
1!
0+

#22880000
0!

#22885000
1!
b100000 #
1$
b11111110010101101011101100001111000010111000001111101110000101 &
1(

#22890000
0!

#22895000
1!
0$
0%
0(
0)

#22900000
0!

#22905000
1!
1%
1)
1+

#22910000
0!

#22915000
1!
0+

#22920000
0!

#22925000
1!
b101000 #
1$
b0 &
1(

#22930000
0!

#22935000
1!
0$
0%
0(
0)

#22940000
0!

#22945000
1!
1%
1)
1+

#22950000
0!

#22955000
1!
0+

#22960000
0!

#22965000
1!
b110000 #
1$
1(

#22970000
0!

#22975000
1!
0$
0%
0(
0)

#22980000
0!

#22985000
1!
1%
1)
1+

#22990000
0!

#22995000
1!
0+

#23000000
0!

#23005000
1!
b111000 #
1$
1(

#23010000
0!

#23015000
1!
0$
0%
0(
0)

#23020000
0!

#23025000
1!
1%
1)
1+

#23030000
0!

#23035000
1!
0+

#23040000
0!

#23045000
1!
b1000000 #
1$
1(

#23050000
0!

#23055000
1!
0$
0%
0(
0)

#23060000
0!

#23065000
1!
1%
1)
1+

#23070000
0!

#23075000
1!
0+

#23080000
0!

#23085000
1!
b1001000 #
1$
1(

#23090000
0!

#23095000
1!
0$
0%
0(
0)

#23100000
0!

#23105000
1!
1%
1)
1+

#23110000
0!

#23115000
1!
0+

#23120000
0!

#23125000
1!
b1010000 #
1$
1(

#23130000
0!

#23135000
1!
0$
0%
0(
0)

#23140000
0!

#23145000
1!
1%
1)
1+

#23150000
0!

#23155000
1!
0+

#23160000
0!

#23165000
1!
b1011000 #
1$
b100000000001011110011100010100011110101110000101000111101011100 &
1(

#23170000
0!

#23175000
1!
0$
0%
0(
0)

#23180000
0!

#23185000
1!
1%
1)
1+

#23190000
0!

#23195000
1!
0+

#23200000
0!

#23205000
1!
b1100000 #
1$
b11111111010000111101011100001010001111010111000010100011110110 &
1(

#23210000
0!

#23215000
1!
0$
0%
0(
0)

#23220000
0!

#23225000
1!
1%
1)
1+

#23230000
0!

#23235000
1!
0+

#23240000
0!

#23245000
1!
b1101000 #
1$
b0 &
1(

#23250000
0!

#23255000
1!
0$
0%
0(
0)

#23260000
0!

#23265000
1!
1%
1)
1+

#23270000
0!

#23275000
1!
0+

#23280000
0!

#23285000
1!
b1110000 #
1$
b11111111010000111101011100001010001111010111000010100011110110 &
1(

#23290000
0!

#23295000
1!
0$
0%
0(
0)

#23300000
0!

#23305000
1!
1%
1)
1+

#23310000
0!

#23315000
1!
0+

#23320000
0!

#23325000
1!
b1111000 #
1$
b100000000001011110011100010100011110101110000101000111101011100 &
1(

#23330000
0!

#23335000
1!
0$
0%
0(
0)

#23340000
0!

#23345000
1!
1%
1)
1+

#23350000
0!

#23355000
1!
0+

#23360000
0!

#23365000
1!
b10000000 #
1$
b11111111010000111101011100001010001111010111000010100011110110 &
1(

#23370000
0!

#23375000
1!
0$
0%
0(
0)

#23380000
0!

#23385000
1!
1%
1)
1+

#23390000
0!

#23395000
1!
0+

#23400000
0!

#23405000
1!
b10001000 #
1$
b0 &
1(

#23410000
0!

#23415000
1!
0$
0%
0(
0)

#23420000
0!

#23425000
1!
1%
1)
1+

#23430000
0!

#23435000
1!
0+

#23440000
0!

#23445000
1!
b10010000 #
1$
b11111111010000111101011100001010001111010111000010100011110110 &
1(

#23450000
0!

#23455000
1!
0$
0%
0(
0)

#23460000
0!

#23465000
1!
1%
1)
1+

#23470000
0!

#23475000
1!
0+

#23480000
0!

#23485000
1!
b10011000 #
1$
b100000000001011110011100010100011110101110000101000111101011100 &
1(

#23490000
0!

#23495000
1!
0$
0%
0(
0)

#23500000
0!

#23505000
1!
1%
1)
1+

#23510000
0!

#23515000
1!
0+

#23520000
0!

#23525000
1!
b0 #
1$
b1 &
1(

#23530000
0!

#23535000
1!
0$
0%
0(
0)

#23540000
0!

#23545000
1!
1%
1)
1+
14

#23550000
0!

#23555000
1!
0+
04
15

#23560000
0!

#23565000
1!
b1000 -
1.

#23570000
0!

#23575000
1!
0.
0/
b10 0
12

#23580000
0!

#23585000
1!
1/
02

#23590000
0!

#23595000
1!
1.

#23600000
0!

#23605000
1!
0.
0/
12

#23610000
0!

#23615000
1!
1/
02

#23620000
0!

#23625000
1!
1.

#23630000
0!

#23635000
1!
0.
0/
12

#23640000
0!

#23645000
1!
1/
02

#23650000
0!

#23655000
1!
1.

#23660000
0!

#23665000
1!
0.
0/
12

#23670000
0!

#23675000
1!
1/
02

#23680000
0!

#23685000
1!
1.

#23690000
0!

#23695000
1!
0.
0/
12

#23700000
0!

#23705000
1!
1/
02

#23710000
0!

#23715000
1!
1.

#23720000
0!

#23725000
1!
0.
0/
12

#23730000
0!

#23735000
1!
1/
02

#23740000
0!

#23745000
1!
1.

#23750000
0!

#23755000
1!
0.
0/
12

#23760000
0!

#23765000
1!
1/
02

#23770000
0!

#23775000
1!
1.

#23780000
0!

#23785000
1!
0.
0/
12

#23790000
0!

#23795000
1!
1/
02

#23800000
0!

#23805000
1!
1.

#23810000
0!

#23815000
1!
0.
0/
12

#23820000
0!

#23825000
1!
1/
02

#23830000
0!

#23835000
1!
1.

#23840000
0!

#23845000
1!
0.
0/
12

#23850000
0!

#23855000
1!
1/
02

#23860000
0!

#23865000
1!
1.

#23870000
0!

#23875000
1!
0.
0/
12

#23880000
0!

#23885000
1!
1/
02

#23890000
0!

#23895000
1!
1.

#23900000
0!

#23905000
1!
0.
0/
12

#23910000
0!

#23915000
1!
1/
02

#23920000
0!

#23925000
1!
1.

#23930000
0!

#23935000
1!
0.
0/
12

#23940000
0!

#23945000
1!
1/
02

#23950000
0!

#23955000
1!
1.

#23960000
0!

#23965000
1!
0.
0/
12

#23970000
0!

#23975000
1!
1/
02

#23980000
0!

#23985000
1!
1.

#23990000
0!

#23995000
1!
0.
0/
12

#24000000
0!

#24005000
1!
1/
02

#24010000
0!

#24015000
1!
1.

#24020000
0!

#24025000
1!
0.
0/
12

#24030000
0!

#24035000
1!
1/
02

#24040000
0!

#24045000
1!
1.

#24050000
0!

#24055000
1!
0.
0/
12

#24060000
0!

#24065000
1!
1/
02

#24070000
0!

#24075000
1!
1.

#24080000
0!

#24085000
1!
0.
0/
12

#24090000
0!

#24095000
1!
1/
02

#24100000
0!

#24105000
1!
1.

#24110000
0!

#24115000
1!
0.
0/
12

#24120000
0!

#24125000
1!
1/
02

#24130000
0!

#24135000
1!
1.

#24140000
0!

#24145000
1!
0.
0/
12

#24150000
0!

#24155000
1!
1/
02

#24160000
0!

#24165000
1!
1.

#24170000
0!

#24175000
1!
0.
0/
12

#24180000
0!

#24185000
1!
1/
02

#24190000
0!

#24195000
1!
1.

#24200000
0!

#24205000
1!
0.
0/
12

#24210000
0!

#24215000
1!
1/
02

#24220000
0!

#24225000
1!
1.

#24230000
0!

#24235000
1!
0.
0/
12

#24240000
0!

#24245000
1!
1/
02

#24250000
0!

#24255000
1!
1.

#24260000
0!

#24265000
1!
0.
0/
12

#24270000
0!

#24275000
1!
1/
02
05
16

#24280000
0!

#24285000
1!
1.
06

#24290000
0!

#24295000
1!
0.
0/
b0 0
12

#24300000
0!

#24305000
1!
1/
02

#24310000
0!

#24315000
1!
b110000 -
1.

#24320000
0!

#24325000
1!
0.
0/
b11111111011111111111111111111111111110100110010011110011011100 0
12

#24330000
0!

#24335000
1!
1/
02

#24340000
0!

#24345000
1!
b111000 -
1.

#24350000
0!

#24355000
1!
0.
0/
b11111110010101101011101100001111000001010110111101100000011000 0
12

#24360000
0!

#24365000
1!
1/
02

#24370000
0!

#24375000
1!
b1000000 -
1.

#24380000
0!

#24385000
1!
0.
0/
b0 0
12

#24390000
0!

#24395000
1!
1/
02

#24400000
0!

#24405000
1!
b10100000 -
1.

#24410000
0!

#24415000
1!
0.
0/
b100000000111111010110011110111001010100101010010010101101100000 0
12

#24420000
0!

#24425000
1!
1/
02

#24430000
0!

#24435000
1!
b10101000 -
1.

#24440000
0!

#24445000
1!
0.
0/
b100000000000011000111110111010110110101000100101101011000100010 0
12

#24450000
0!

#24455000
1!
1/
02

#24460000
0!

#24465000
1!
b10110000 -
1.

#24470000
0!

#24475000
1!
0.
0/
b0 0
12

#24480000
0!

#24485000
1!
1/
02

#24490000
0!

#24495000
1!
b10111000 -
1.

#24500000
0!

#24505000
1!
0.
0/
b100000000000011000111110111010110110101000100101101011000100001 0
12

#24510000
0!

#24515000
1!
1/
02

#24520000
0!

#24525000
1!
b11000000 -
1.

#24530000
0!

#24535000
1!
0.
0/
b100000000001101000110100000100000111001110110111010010010000100 0
12

#24540000
0!

#24545000
1!
1/
02

#24550000
0!

#24555000
1!
b11001000 -
1.

#24560000
0!

#24565000
1!
0.
0/
b11111111010000111101011100001010001111010111000010100011110110 0
12

#24570000
0!

#24575000
1!
1/
02

#24580000
0!

#24585000
1!
b11010000 -
1.

#24590000
0!

#24595000
1!
0.
0/
b0 0
12

#24600000
0!

#24605000
1!
1/
02

#24610000
0!

#24615000
1!
b11011000 -
1.

#24620000
0!

#24625000
1!
0.
0/
b11111111010000111101011100001010001111010111000010100011110110 0
12

#24630000
0!

#24635000
1!
1/
02

#24640000
0!

#24645000
1!
b11100000 -
1.

#24650000
0!

#24655000
1!
0.
0/
b100000000001011110011100010100011110101110000101000111101011100 0
12

#24660000
0!

#24665000
1!
1/
02

#24670000
0!

#24675000
1!
18

#24680000
0!

#24685000
1!
08

#24690000
0!

#24695000
1!
b10000 #
1$
b11111111100000000000000000000000000000000000000000000000000000 &
1(

#24700000
0!

#24705000
1!
0$
0%
0(
0)

#24710000
0!

#24715000
1!
1%
1)
1+

#24720000
0!

#24725000
1!
0+

#24730000
0!

#24735000
1!
b11000 #
1$
b11111111011111111111111111111111111111111010001000100101110011 &
1(

#24740000
0!

#24745000
1!
0$
0%
0(
0)

#24750000
0!

#24755000
1!
1%
1)
1+

#24760000
0!

#24765000
1!
0+

#24770000
0!

#24775000
1!
b100000 #
1$
b11111110010101101011101100001111000010111101001110000100010011 &
1(

#24780000
0!

#24785000
1!
0$
0%
0(
0)

#24790000
0!

#24795000
1!
1%
1)
1+

#24800000
0!

#24805000
1!
0+

#24810000
0!

#24815000
1!
b101000 #
1$
b0 &
1(

#24820000
0!

#24825000
1!
0$
0%
0(
0)

#24830000
0!

#24835000
1!
1%
1)
1+

#24840000
0!

#24845000
1!
0+

#24850000
0!

#24855000
1!
b110000 #
1$
1(

#24860000
0!

#24865000
1!
0$
0%
0(
0)

#24870000
0!

#24875000
1!
1%
1)
1+

#24880000
0!

#24885000
1!
0+

#24890000
0!

#24895000
1!
b111000 #
1$
1(

#24900000
0!

#24905000
1!
0$
0%
0(
0)

#24910000
0!

#24915000
1!
1%
1)
1+

#24920000
0!

#24925000
1!
0+

#24930000
0!

#24935000
1!
b1000000 #
1$
1(

#24940000
0!

#24945000
1!
0$
0%
0(
0)

#24950000
0!

#24955000
1!
1%
1)
1+

#24960000
0!

#24965000
1!
0+

#24970000
0!

#24975000
1!
b1001000 #
1$
1(

#24980000
0!

#24985000
1!
0$
0%
0(
0)

#24990000
0!

#24995000
1!
1%
1)
1+

#25000000
0!

#25005000
1!
0+

#25010000
0!

#25015000
1!
b1010000 #
1$
1(

#25020000
0!

#25025000
1!
0$
0%
0(
0)

#25030000
0!

#25035000
1!
1%
1)
1+

#25040000
0!

#25045000
1!
0+

#25050000
0!

#25055000
1!
b1011000 #
1$
b100000000000001010010110110101110110000100111101001001011000001 &
1(

#25060000
0!

#25065000
1!
0$
0%
0(
0)

#25070000
0!

#25075000
1!
1%
1)
1+

#25080000
0!

#25085000
1!
0+

#25090000
0!

#25095000
1!
b1100000 #
1$
b11111110101101000101110100010111010001011101000101110100010111 &
1(

#25100000
0!

#25105000
1!
0$
0%
0(
0)

#25110000
0!

#25115000
1!
1%
1)
1+

#25120000
0!

#25125000
1!
0+

#25130000
0!

#25135000
1!
b1101000 #
1$
b0 &
1(

#25140000
0!

#25145000
1!
0$
0%
0(
0)

#25150000
0!

#25155000
1!
1%
1)
1+

#25160000
0!

#25165000
1!
0+

#25170000
0!

#25175000
1!
b1110000 #
1$
b11111110101101000101110100010111010001011101000101110100010111 &
1(

#25180000
0!

#25185000
1!
0$
0%
0(
0)

#25190000
0!

#25195000
1!
1%
1)
1+

#25200000
0!

#25205000
1!
0+

#25210000
0!

#25215000
1!
b1111000 #
1$
b100000000000001010010110110101110110000100111101001001011000001 &
1(

#25220000
0!

#25225000
1!
0$
0%
0(
0)

#25230000
0!

#25235000
1!
1%
1)
1+

#25240000
0!

#25245000
1!
0+

#25250000
0!

#25255000
1!
b10000000 #
1$
b11111110101101000101110100010111010001011101000101110100010111 &
1(

#25260000
0!

#25265000
1!
0$
0%
0(
0)

#25270000
0!

#25275000
1!
1%
1)
1+

#25280000
0!

#25285000
1!
0+

#25290000
0!

#25295000
1!
b10001000 #
1$
b0 &
1(

#25300000
0!

#25305000
1!
0$
0%
0(
0)

#25310000
0!

#25315000
1!
1%
1)
1+

#25320000
0!

#25325000
1!
0+

#25330000
0!

#25335000
1!
b10010000 #
1$
b11111110101101000101110100010111010001011101000101110100010111 &
1(

#25340000
0!

#25345000
1!
0$
0%
0(
0)

#25350000
0!

#25355000
1!
1%
1)
1+

#25360000
0!

#25365000
1!
0+

#25370000
0!

#25375000
1!
b10011000 #
1$
b100000000000001010010110110101110110000100111101001001011000001 &
1(

#25380000
0!

#25385000
1!
0$
0%
0(
0)

#25390000
0!

#25395000
1!
1%
1)
1+

#25400000
0!

#25405000
1!
0+

#25410000
0!

#25415000
1!
b0 #
1$
b1 &
1(

#25420000
0!

#25425000
1!
0$
0%
0(
0)

#25430000
0!

#25435000
1!
1%
1)
1+
14

#25440000
0!

#25445000
1!
0+
04
15

#25450000
0!

#25455000
1!
b1000 -
1.

#25460000
0!

#25465000
1!
0.
0/
b10 0
12

#25470000
0!

#25475000
1!
1/
02

#25480000
0!

#25485000
1!
1.

#25490000
0!

#25495000
1!
0.
0/
12

#25500000
0!

#25505000
1!
1/
02

#25510000
0!

#25515000
1!
1.

#25520000
0!

#25525000
1!
0.
0/
12

#25530000
0!

#25535000
1!
1/
02

#25540000
0!

#25545000
1!
1.

#25550000
0!

#25555000
1!
0.
0/
12

#25560000
0!

#25565000
1!
1/
02

#25570000
0!

#25575000
1!
1.

#25580000
0!

#25585000
1!
0.
0/
12

#25590000
0!

#25595000
1!
1/
02

#25600000
0!

#25605000
1!
1.

#25610000
0!

#25615000
1!
0.
0/
12

#25620000
0!

#25625000
1!
1/
02

#25630000
0!

#25635000
1!
1.

#25640000
0!

#25645000
1!
0.
0/
12

#25650000
0!

#25655000
1!
1/
02

#25660000
0!

#25665000
1!
1.

#25670000
0!

#25675000
1!
0.
0/
12

#25680000
0!

#25685000
1!
1/
02

#25690000
0!

#25695000
1!
1.

#25700000
0!

#25705000
1!
0.
0/
12

#25710000
0!

#25715000
1!
1/
02

#25720000
0!

#25725000
1!
1.

#25730000
0!

#25735000
1!
0.
0/
12

#25740000
0!

#25745000
1!
1/
02

#25750000
0!

#25755000
1!
1.

#25760000
0!

#25765000
1!
0.
0/
12

#25770000
0!

#25775000
1!
1/
02

#25780000
0!

#25785000
1!
1.

#25790000
0!

#25795000
1!
0.
0/
12

#25800000
0!

#25805000
1!
1/
02

#25810000
0!

#25815000
1!
1.

#25820000
0!

#25825000
1!
0.
0/
12

#25830000
0!

#25835000
1!
1/
02

#25840000
0!

#25845000
1!
1.

#25850000
0!

#25855000
1!
0.
0/
12

#25860000
0!

#25865000
1!
1/
02

#25870000
0!

#25875000
1!
1.

#25880000
0!

#25885000
1!
0.
0/
12

#25890000
0!

#25895000
1!
1/
02

#25900000
0!

#25905000
1!
1.

#25910000
0!

#25915000
1!
0.
0/
12

#25920000
0!

#25925000
1!
1/
02

#25930000
0!

#25935000
1!
1.

#25940000
0!

#25945000
1!
0.
0/
12

#25950000
0!

#25955000
1!
1/
02

#25960000
0!

#25965000
1!
1.

#25970000
0!

#25975000
1!
0.
0/
12

#25980000
0!

#25985000
1!
1/
02

#25990000
0!

#25995000
1!
1.

#26000000
0!

#26005000
1!
0.
0/
12

#26010000
0!

#26015000
1!
1/
02

#26020000
0!

#26025000
1!
1.

#26030000
0!

#26035000
1!
0.
0/
12

#26040000
0!

#26045000
1!
1/
02

#26050000
0!

#26055000
1!
1.

#26060000
0!

#26065000
1!
0.
0/
12

#26070000
0!

#26075000
1!
1/
02

#26080000
0!

#26085000
1!
1.

#26090000
0!

#26095000
1!
0.
0/
12

#26100000
0!

#26105000
1!
1/
02

#26110000
0!

#26115000
1!
1.

#26120000
0!

#26125000
1!
0.
0/
12

#26130000
0!

#26135000
1!
1/
02

#26140000
0!

#26145000
1!
1.

#26150000
0!

#26155000
1!
0.
0/
12

#26160000
0!

#26165000
1!
1/
02
05
16

#26170000
0!

#26175000
1!
1.
06

#26180000
0!

#26185000
1!
0.
0/
b0 0
12

#26190000
0!

#26195000
1!
1/
02

#26200000
0!

#26205000
1!
b110000 -
1.

#26210000
0!

#26215000
1!
0.
0/
b11111111011111111111111111111111101101011111011011000010010010 0
12

#26220000
0!

#26225000
1!
1/
02

#26230000
0!

#26235000
1!
b111000 -
1.

#26240000
0!

#26245000
1!
0.
0/
b11111110010101101011101100001110111011001101100011000101000110 0
12

#26250000
0!

#26255000
1!
1/
02

#26260000
0!

#26265000
1!
b1000000 -
1.

#26270000
0!

#26275000
1!
0.
0/
b0 0
12

#26280000
0!

#26285000
1!
1/
02

#26290000
0!

#26295000
1!
b10100000 -
1.

#26300000
0!

#26305000
1!
0.
0/
b100000001111011010010010011001100110010101111100111111000010110 0
12

#26310000
0!

#26315000
1!
1/
02

#26320000
0!

#26325000
1!
b10101000 -
1.

#26330000
0!

#26335000
1!
0.
0/
b100000000100110111100101101010010001001001000111101001100100011 0
12

#26340000
0!

#26345000
1!
1/
02

#26350000
0!

#26355000
1!
b10110000 -
1.

#26360000
0!

#26365000
1!
0.
0/
b0 0
12

#26370000
0!

#26375000
1!
1/
02

#26380000
0!

#26385000
1!
b10111000 -
1.

#26390000
0!

#26395000
1!
0.
0/
b100000000100110111100101101010010001001001000111101001100100100 0
12

#26400000
0!

#26405000
1!
1/
02

#26410000
0!

#26415000
1!
b11000000 -
1.

#26420000
0!

#26425000
1!
0.
0/
b100000000000011101100011111101110100101000101101011010100110101 0
12

#26430000
0!

#26435000
1!
1/
02

#26440000
0!

#26445000
1!
b11001000 -
1.

#26450000
0!

#26455000
1!
0.
0/
b11111110101101000101110100010111010001011101000101110100010111 0
12

#26460000
0!

#26465000
1!
1/
02

#26470000
0!

#26475000
1!
b11010000 -
1.

#26480000
0!

#26485000
1!
0.
0/
b0 0
12

#26490000
0!

#26495000
1!
1/
02

#26500000
0!

#26505000
1!
b11011000 -
1.

#26510000
0!

#26515000
1!
0.
0/
b11111110101101000101110100010111010001011101000101110100010111 0
12

#26520000
0!

#26525000
1!
1/
02

#26530000
0!

#26535000
1!
b11100000 -
1.

#26540000
0!

#26545000
1!
0.
0/
b100000000000001010010110110101110110000100111101001001011000001 0
12

#26550000
0!

#26555000
1!
1/
02

#26560000
0!

#26565000
1!
18

#26570000
0!

#26575000
1!
08

#26580000
0!

#26585000
1!
b10000 #
1$
b11111111100000000000000000000000000000000000000000000000000000 &
1(

#26590000
0!

#26595000
1!
0$
0%
0(
0)

#26600000
0!

#26605000
1!
1%
1)
1+

#26610000
0!

#26615000
1!
0+

#26620000
0!

#26625000
1!
b11000 #
1$
b11111111011111111111111111111111111111111011111001111010001101 &
1(

#26630000
0!

#26635000
1!
0$
0%
0(
0)

#26640000
0!

#26645000
1!
1%
1)
1+

#26650000
0!

#26655000
1!
0+

#26660000
0!

#26665000
1!
b100000 #
1$
b11111110010101101011101100001111000010111101111101101110000101 &
1(

#26670000
0!

#26675000
1!
0$
0%
0(
0)

#26680000
0!

#26685000
1!
1%
1)
1+

#26690000
0!

#26695000
1!
0+

#26700000
0!

#26705000
1!
b101000 #
1$
b0 &
1(

#26710000
0!

#26715000
1!
0$
0%
0(
0)

#26720000
0!

#26725000
1!
1%
1)
1+

#26730000
0!

#26735000
1!
0+

#26740000
0!

#26745000
1!
b110000 #
1$
1(

#26750000
0!

#26755000
1!
0$
0%
0(
0)

#26760000
0!

#26765000
1!
1%
1)
1+

#26770000
0!

#26775000
1!
0+

#26780000
0!

#26785000
1!
b111000 #
1$
1(

#26790000
0!

#26795000
1!
0$
0%
0(
0)

#26800000
0!

#26805000
1!
1%
1)
1+

#26810000
0!

#26815000
1!
0+

#26820000
0!

#26825000
1!
b1000000 #
1$
1(

#26830000
0!

#26835000
1!
0$
0%
0(
0)

#26840000
0!

#26845000
1!
1%
1)
1+

#26850000
0!

#26855000
1!
0+

#26860000
0!

#26865000
1!
b1001000 #
1$
1(

#26870000
0!

#26875000
1!
0$
0%
0(
0)

#26880000
0!

#26885000
1!
1%
1)
1+

#26890000
0!

#26895000
1!
0+

#26900000
0!

#26905000
1!
b1010000 #
1$
1(

#26910000
0!

#26915000
1!
0$
0%
0(
0)

#26920000
0!

#26925000
1!
1%
1)
1+

#26930000
0!

#26935000
1!
0+

#26940000
0!

#26945000
1!
b1011000 #
1$
b11111111111000111000111000111000111000111000111000111000111001 &
1(

#26950000
0!

#26955000
1!
0$
0%
0(
0)

#26960000
0!

#26965000
1!
1%
1)
1+

#26970000
0!

#26975000
1!
0+

#26980000
0!

#26985000
1!
b1100000 #
1$
b11111110001010001111010111000010100011110101110000101000111101 &
1(

#26990000
0!

#26995000
1!
0$
0%
0(
0)

#27000000
0!

#27005000
1!
1%
1)
1+

#27010000
0!

#27015000
1!
0+

#27020000
0!

#27025000
1!
b1101000 #
1$
b0 &
1(

#27030000
0!

#27035000
1!
0$
0%
0(
0)

#27040000
0!

#27045000
1!
1%
1)
1+

#27050000
0!

#27055000
1!
0+

#27060000
0!

#27065000
1!
b1110000 #
1$
b11111110001010001111010111000010100011110101110000101000111101 &
1(

#27070000
0!

#27075000
1!
0$
0%
0(
0)

#27080000
0!

#27085000
1!
1%
1)
1+

#27090000
0!

#27095000
1!
0+

#27100000
0!

#27105000
1!
b1111000 #
1$
b11111111111000111000111000111000111000111000111000111000111001 &
1(

#27110000
0!

#27115000
1!
0$
0%
0(
0)

#27120000
0!

#27125000
1!
1%
1)
1+

#27130000
0!

#27135000
1!
0+

#27140000
0!

#27145000
1!
b10000000 #
1$
b11111110001010001111010111000010100011110101110000101000111101 &
1(

#27150000
0!

#27155000
1!
0$
0%
0(
0)

#27160000
0!

#27165000
1!
1%
1)
1+

#27170000
0!

#27175000
1!
0+

#27180000
0!

#27185000
1!
b10001000 #
1$
b0 &
1(

#27190000
0!

#27195000
1!
0$
0%
0(
0)

#27200000
0!

#27205000
1!
1%
1)
1+

#27210000
0!

#27215000
1!
0+

#27220000
0!

#27225000
1!
b10010000 #
1$
b11111110001010001111010111000010100011110101110000101000111101 &
1(

#27230000
0!

#27235000
1!
0$
0%
0(
0)

#27240000
0!

#27245000
1!
1%
1)
1+

#27250000
0!

#27255000
1!
0+

#27260000
0!

#27265000
1!
b10011000 #
1$
b11111111111000111000111000111000111000111000111000111000111001 &
1(

#27270000
0!

#27275000
1!
0$
0%
0(
0)

#27280000
0!

#27285000
1!
1%
1)
1+

#27290000
0!

#27295000
1!
0+

#27300000
0!

#27305000
1!
b0 #
1$
b1 &
1(

#27310000
0!

#27315000
1!
0$
0%
0(
0)

#27320000
0!

#27325000
1!
1%
1)
1+
14

#27330000
0!

#27335000
1!
0+
04
15

#27340000
0!

#27345000
1!
b1000 -
1.

#27350000
0!

#27355000
1!
0.
0/
b10 0
12

#27360000
0!

#27365000
1!
1/
02

#27370000
0!

#27375000
1!
1.

#27380000
0!

#27385000
1!
0.
0/
12

#27390000
0!

#27395000
1!
1/
02

#27400000
0!

#27405000
1!
1.

#27410000
0!

#27415000
1!
0.
0/
12

#27420000
0!

#27425000
1!
1/
02

#27430000
0!

#27435000
1!
1.

#27440000
0!

#27445000
1!
0.
0/
12

#27450000
0!

#27455000
1!
1/
02

#27460000
0!

#27465000
1!
1.

#27470000
0!

#27475000
1!
0.
0/
12

#27480000
0!

#27485000
1!
1/
02

#27490000
0!

#27495000
1!
1.

#27500000
0!

#27505000
1!
0.
0/
12

#27510000
0!

#27515000
1!
1/
02

#27520000
0!

#27525000
1!
1.

#27530000
0!

#27535000
1!
0.
0/
12

#27540000
0!

#27545000
1!
1/
02

#27550000
0!

#27555000
1!
1.

#27560000
0!

#27565000
1!
0.
0/
12

#27570000
0!

#27575000
1!
1/
02

#27580000
0!

#27585000
1!
1.

#27590000
0!

#27595000
1!
0.
0/
12

#27600000
0!

#27605000
1!
1/
02

#27610000
0!

#27615000
1!
1.

#27620000
0!

#27625000
1!
0.
0/
12

#27630000
0!

#27635000
1!
1/
02

#27640000
0!

#27645000
1!
1.

#27650000
0!

#27655000
1!
0.
0/
12

#27660000
0!

#27665000
1!
1/
02

#27670000
0!

#27675000
1!
1.

#27680000
0!

#27685000
1!
0.
0/
12

#27690000
0!

#27695000
1!
1/
02

#27700000
0!

#27705000
1!
1.

#27710000
0!

#27715000
1!
0.
0/
12

#27720000
0!

#27725000
1!
1/
02

#27730000
0!

#27735000
1!
1.

#27740000
0!

#27745000
1!
0.
0/
12

#27750000
0!

#27755000
1!
1/
02

#27760000
0!

#27765000
1!
1.

#27770000
0!

#27775000
1!
0.
0/
12

#27780000
0!

#27785000
1!
1/
02

#27790000
0!

#27795000
1!
1.

#27800000
0!

#27805000
1!
0.
0/
12

#27810000
0!

#27815000
1!
1/
02

#27820000
0!

#27825000
1!
1.

#27830000
0!

#27835000
1!
0.
0/
12

#27840000
0!

#27845000
1!
1/
02

#27850000
0!

#27855000
1!
1.

#27860000
0!

#27865000
1!
0.
0/
12

#27870000
0!

#27875000
1!
1/
02

#27880000
0!

#27885000
1!
1.

#27890000
0!

#27895000
1!
0.
0/
12

#27900000
0!

#27905000
1!
1/
02

#27910000
0!

#27915000
1!
1.

#27920000
0!

#27925000
1!
0.
0/
12

#27930000
0!

#27935000
1!
1/
02

#27940000
0!

#27945000
1!
1.

#27950000
0!

#27955000
1!
0.
0/
12

#27960000
0!

#27965000
1!
1/
02

#27970000
0!

#27975000
1!
1.

#27980000
0!

#27985000
1!
0.
0/
12

#27990000
0!

#27995000
1!
1/
02

#28000000
0!

#28005000
1!
1.

#28010000
0!

#28015000
1!
0.
0/
12

#28020000
0!

#28025000
1!
1/
02

#28030000
0!

#28035000
1!
1.

#28040000
0!

#28045000
1!
0.
0/
12

#28050000
0!

#28055000
1!
1/
02
05
16

#28060000
0!

#28065000
1!
1.
06

#28070000
0!

#28075000
1!
0.
0/
b0 0
12

#28080000
0!

#28085000
1!
1/
02

#28090000
0!

#28095000
1!
b110000 -
1.

#28100000
0!

#28105000
1!
0.
0/
b11111111011111111111111111111011101111101111011100011010100000 0
12

#28110000
0!

#28115000
1!
1/
02

#28120000
0!

#28125000
1!
b111000 -
1.

#28130000
0!

#28135000
1!
0.
0/
b11111110010101101011101100001110011111000110001100100100110111 0
12

#28140000
0!

#28145000
1!
1/
02

#28150000
0!

#28155000
1!
b1000000 -
1.

#28160000
0!

#28165000
1!
0.
0/
b0 0
12

#28170000
0!

#28175000
1!
1/
02

#28180000
0!

#28185000
1!
b10100000 -
1.

#28190000
0!

#28195000
1!
0.
0/
b100000010111001110110101011110111001010101110001000000111100111 0
12

#28200000
0!

#28205000
1!
1/
02

#28210000
0!

#28215000
1!
b10101000 -
1.

#28220000
0!

#28225000
1!
0.
0/
b100000001001011010000100000101101100010111001000010101101010101 0
12

#28230000
0!

#28235000
1!
1/
02

#28240000
0!

#28245000
1!
b10110000 -
1.

#28250000
0!

#28255000
1!
0.
0/
b0 0
12

#28260000
0!

#28265000
1!
1/
02

#28270000
0!

#28275000
1!
b10111000 -
1.

#28280000
0!

#28285000
1!
0.
0/
b100000001001011010000100000101101100010111001000010101101010100 0
12

#28290000
0!

#28295000
1!
1/
02

#28300000
0!

#28305000
1!
b11000000 -
1.

#28310000
0!

#28315000
1!
0.
0/
b100000000000000000010010010101100010000110010110111101100001000 0
12

#28320000
0!

#28325000
1!
1/
02

#28330000
0!

#28335000
1!
b11001000 -
1.

#28340000
0!

#28345000
1!
0.
0/
b11111110001010001111010111000010100011110101110000101000111101 0
12

#28350000
0!

#28355000
1!
1/
02

#28360000
0!

#28365000
1!
b11010000 -
1.

#28370000
0!

#28375000
1!
0.
0/
b0 0
12

#28380000
0!

#28385000
1!
1/
02

#28390000
0!

#28395000
1!
b11011000 -
1.

#28400000
0!

#28405000
1!
0.
0/
b11111110001010001111010111000010100011110101110000101000111101 0
12

#28410000
0!

#28415000
1!
1/
02

#28420000
0!

#28425000
1!
b11100000 -
1.

#28430000
0!

#28435000
1!
0.
0/
b11111111111000111000111000111000111000111000111000111000111001 0
12

#28440000
0!

#28445000
1!
1/
02

#28450000
0!

#28455000
1!
18

#28460000
0!

#28465000
1!
08

#28470000
0!

#28475000
1!

#28480000
0!

#28485000
1!

#28490000
0!

#28495000
1!

#28500000
0!

#28505000
1!

#28510000
0!

#28515000
1!

#28520000
0!

#28525000
1!

#28530000
0!

#28535000
1!

#28540000
0!

#28545000
1!

#28550000
0!

#28555000
1!

#28560000
0!

#28565000
1!
