#-----------------------------------------------------------
# xsim v2025.2 (64-bit)
# SW Build 6299465 on Fri Nov 14 12:34:56 MST 2025
# IP Build 6300035 on Fri Nov 14 10:48:45 MST 2025
# SharedData Build 6298862 on Thu Nov 13 04:50:51 MST 2025
# Start of session at: Wed Jun  3 02:13:37 2026
# Process ID         : 11543
# Current directory  : /run/media/sackb/Windows-SSD/Users/sackb/OneDrive/Desktop/University/Course_Work/2025-2026/Spring_2026/ECE_410/ECE410/project/post_m3_Minor_Redesign
# Command line       : xsim -log sim/cosim_run.log -mode tcl -source {xsim.dir/m3_snap/xsim_script.tcl}
# Log file           : /run/media/sackb/Windows-SSD/Users/sackb/OneDrive/Desktop/University/Course_Work/2025-2026/Spring_2026/ECE_410/ECE410/project/post_m3_Minor_Redesign/sim/cosim_run.log
# Journal file       : /run/media/sackb/Windows-SSD/Users/sackb/OneDrive/Desktop/University/Course_Work/2025-2026/Spring_2026/ECE_410/ECE410/project/post_m3_Minor_Redesign/xsim.jou
# Running On         : archlinux
# Platform           : unknown
# Operating System   : unknown
# Processor Detail   : 11th Gen Intel(R) Core(TM) i7-11800H @ 2.30GHz
# CPU Frequency      : 1124.108 MHz
# CPU Physical cores : 8
# CPU Logical cores  : 16
# Host memory        : 16533 MB
# Swap memory        : 8266 MB
# Total Virtual      : 24800 MB
# Available Virtual  : 21761 MB
#-----------------------------------------------------------
source xsim.dir/m3_snap/xsim_script.tcl
# xsim {m3_snap} -autoloadwcfg -runall
Time resolution is 1 ps
run -all

Time: 55 ns Started: 45 ns Scope: /tb_top/u_mon File: /run/media/sackb/Windows-SSD/Users/sackb/OneDrive/Desktop/University/Course_Work/2025-2026/Spring_2026/ECE_410/ECE410/project/post_m3_Minor_Redesign/tb/tb_top.sv Line:256
Error: AXI MONITOR: core_C changed while core is idle
Time: 55 ns  Iteration: 0  Process: /tb_top/u_mon//tb_top/u_mon  Scope: tb_top.u_mon  File: /run/media/sackb/Windows-SSD/Users/sackb/OneDrive/Desktop/University/Course_Work/2025-2026/Spring_2026/ECE_410/ECE410/project/post_m3_Minor_Redesign/tb/tb_top.sv Line: 257

Time: 65 ns Started: 55 ns Scope: /tb_top/u_mon File: /run/media/sackb/Windows-SSD/Users/sackb/OneDrive/Desktop/University/Course_Work/2025-2026/Spring_2026/ECE_410/ECE410/project/post_m3_Minor_Redesign/tb/tb_top.sv Line:256
Error: AXI MONITOR: core_C changed while core is idle
Time: 65 ns  Iteration: 0  Process: /tb_top/u_mon//tb_top/u_mon  Scope: tb_top.u_mon  File: /run/media/sackb/Windows-SSD/Users/sackb/OneDrive/Desktop/University/Course_Work/2025-2026/Spring_2026/ECE_410/ECE410/project/post_m3_Minor_Redesign/tb/tb_top.sv Line: 257

Time: 75 ns Started: 65 ns Scope: /tb_top/u_mon File: /run/media/sackb/Windows-SSD/Users/sackb/OneDrive/Desktop/University/Course_Work/2025-2026/Spring_2026/ECE_410/ECE410/project/post_m3_Minor_Redesign/tb/tb_top.sv Line:256
Error: AXI MONITOR: core_C changed while core is idle
Time: 75 ns  Iteration: 0  Process: /tb_top/u_mon//tb_top/u_mon  Scope: tb_top.u_mon  File: /run/media/sackb/Windows-SSD/Users/sackb/OneDrive/Desktop/University/Course_Work/2025-2026/Spring_2026/ECE_410/ECE410/project/post_m3_Minor_Redesign/tb/tb_top.sv Line: 257

Time: 85 ns Started: 75 ns Scope: /tb_top/u_mon File: /run/media/sackb/Windows-SSD/Users/sackb/OneDrive/Desktop/University/Course_Work/2025-2026/Spring_2026/ECE_410/ECE410/project/post_m3_Minor_Redesign/tb/tb_top.sv Line:256
Error: AXI MONITOR: core_C changed while core is idle
Time: 85 ns  Iteration: 0  Process: /tb_top/u_mon//tb_top/u_mon  Scope: tb_top.u_mon  File: /run/media/sackb/Windows-SSD/Users/sackb/OneDrive/Desktop/University/Course_Work/2025-2026/Spring_2026/ECE_410/ECE410/project/post_m3_Minor_Redesign/tb/tb_top.sv Line: 257

Time: 95 ns Started: 85 ns Scope: /tb_top/u_mon File: /run/media/sackb/Windows-SSD/Users/sackb/OneDrive/Desktop/University/Course_Work/2025-2026/Spring_2026/ECE_410/ECE410/project/post_m3_Minor_Redesign/tb/tb_top.sv Line:256
Error: AXI MONITOR: core_C changed while core is idle
Time: 95 ns  Iteration: 0  Process: /tb_top/u_mon//tb_top/u_mon  Scope: tb_top.u_mon  File: /run/media/sackb/Windows-SSD/Users/sackb/OneDrive/Desktop/University/Course_Work/2025-2026/Spring_2026/ECE_410/ECE410/project/post_m3_Minor_Redesign/tb/tb_top.sv Line: 257

Time: 105 ns Started: 95 ns Scope: /tb_top/u_mon File: /run/media/sackb/Windows-SSD/Users/sackb/OneDrive/Desktop/University/Course_Work/2025-2026/Spring_2026/ECE_410/ECE410/project/post_m3_Minor_Redesign/tb/tb_top.sv Line:256
Error: AXI MONITOR: core_C changed while core is idle
Time: 105 ns  Iteration: 0  Process: /tb_top/u_mon//tb_top/u_mon  Scope: tb_top.u_mon  File: /run/media/sackb/Windows-SSD/Users/sackb/OneDrive/Desktop/University/Course_Work/2025-2026/Spring_2026/ECE_410/ECE410/project/post_m3_Minor_Redesign/tb/tb_top.sv Line: 257

Time: 115 ns Started: 105 ns Scope: /tb_top/u_mon File: /run/media/sackb/Windows-SSD/Users/sackb/OneDrive/Desktop/University/Course_Work/2025-2026/Spring_2026/ECE_410/ECE410/project/post_m3_Minor_Redesign/tb/tb_top.sv Line:256
Error: AXI MONITOR: core_C changed while core is idle
Time: 115 ns  Iteration: 0  Process: /tb_top/u_mon//tb_top/u_mon  Scope: tb_top.u_mon  File: /run/media/sackb/Windows-SSD/Users/sackb/OneDrive/Desktop/University/Course_Work/2025-2026/Spring_2026/ECE_410/ECE410/project/post_m3_Minor_Redesign/tb/tb_top.sv Line: 257
TB_TOP: Starting iteration 0

Time: 125 ns Started: 115 ns Scope: /tb_top/u_mon File: /run/media/sackb/Windows-SSD/Users/sackb/OneDrive/Desktop/University/Course_Work/2025-2026/Spring_2026/ECE_410/ECE410/project/post_m3_Minor_Redesign/tb/tb_top.sv Line:256
Error: AXI MONITOR: core_C changed while core is idle
Time: 125 ns  Iteration: 0  Process: /tb_top/u_mon//tb_top/u_mon  Scope: tb_top.u_mon  File: /run/media/sackb/Windows-SSD/Users/sackb/OneDrive/Desktop/University/Course_Work/2025-2026/Spring_2026/ECE_410/ECE410/project/post_m3_Minor_Redesign/tb/tb_top.sv Line: 257

Time: 135 ns Started: 125 ns Scope: /tb_top/u_mon File: /run/media/sackb/Windows-SSD/Users/sackb/OneDrive/Desktop/University/Course_Work/2025-2026/Spring_2026/ECE_410/ECE410/project/post_m3_Minor_Redesign/tb/tb_top.sv Line:256
Error: AXI MONITOR: core_C changed while core is idle
Time: 135 ns  Iteration: 0  Process: /tb_top/u_mon//tb_top/u_mon  Scope: tb_top.u_mon  File: /run/media/sackb/Windows-SSD/Users/sackb/OneDrive/Desktop/University/Course_Work/2025-2026/Spring_2026/ECE_410/ECE410/project/post_m3_Minor_Redesign/tb/tb_top.sv Line: 257

Time: 145 ns Started: 135 ns Scope: /tb_top/u_mon File: /run/media/sackb/Windows-SSD/Users/sackb/OneDrive/Desktop/University/Course_Work/2025-2026/Spring_2026/ECE_410/ECE410/project/post_m3_Minor_Redesign/tb/tb_top.sv Line:256
Error: AXI MONITOR: core_C changed while core is idle
Time: 145 ns  Iteration: 0  Process: /tb_top/u_mon//tb_top/u_mon  Scope: tb_top.u_mon  File: /run/media/sackb/Windows-SSD/Users/sackb/OneDrive/Desktop/University/Course_Work/2025-2026/Spring_2026/ECE_410/ECE410/project/post_m3_Minor_Redesign/tb/tb_top.sv Line: 257

Time: 155 ns Started: 145 ns Scope: /tb_top/u_mon File: /run/media/sackb/Windows-SSD/Users/sackb/OneDrive/Desktop/University/Course_Work/2025-2026/Spring_2026/ECE_410/ECE410/project/post_m3_Minor_Redesign/tb/tb_top.sv Line:256
Error: AXI MONITOR: core_C changed while core is idle
Time: 155 ns  Iteration: 0  Process: /tb_top/u_mon//tb_top/u_mon  Scope: tb_top.u_mon  File: /run/media/sackb/Windows-SSD/Users/sackb/OneDrive/Desktop/University/Course_Work/2025-2026/Spring_2026/ECE_410/ECE410/project/post_m3_Minor_Redesign/tb/tb_top.sv Line: 257

Time: 165 ns Started: 155 ns Scope: /tb_top/u_mon File: /run/media/sackb/Windows-SSD/Users/sackb/OneDrive/Desktop/University/Course_Work/2025-2026/Spring_2026/ECE_410/ECE410/project/post_m3_Minor_Redesign/tb/tb_top.sv Line:256
Error: AXI MONITOR: core_C changed while core is idle
Time: 165 ns  Iteration: 0  Process: /tb_top/u_mon//tb_top/u_mon  Scope: tb_top.u_mon  File: /run/media/sackb/Windows-SSD/Users/sackb/OneDrive/Desktop/University/Course_Work/2025-2026/Spring_2026/ECE_410/ECE410/project/post_m3_Minor_Redesign/tb/tb_top.sv Line: 257

Time: 175 ns Started: 165 ns Scope: /tb_top/u_mon File: /run/media/sackb/Windows-SSD/Users/sackb/OneDrive/Desktop/University/Course_Work/2025-2026/Spring_2026/ECE_410/ECE410/project/post_m3_Minor_Redesign/tb/tb_top.sv Line:256
Error: AXI MONITOR: core_C changed while core is idle
Time: 175 ns  Iteration: 0  Process: /tb_top/u_mon//tb_top/u_mon  Scope: tb_top.u_mon  File: /run/media/sackb/Windows-SSD/Users/sackb/OneDrive/Desktop/University/Course_Work/2025-2026/Spring_2026/ECE_410/ECE410/project/post_m3_Minor_Redesign/tb/tb_top.sv Line: 257

Time: 185 ns Started: 175 ns Scope: /tb_top/u_mon File: /run/media/sackb/Windows-SSD/Users/sackb/OneDrive/Desktop/University/Course_Work/2025-2026/Spring_2026/ECE_410/ECE410/project/post_m3_Minor_Redesign/tb/tb_top.sv Line:256
Error: AXI MONITOR: core_C changed while core is idle
Time: 185 ns  Iteration: 0  Process: /tb_top/u_mon//tb_top/u_mon  Scope: tb_top.u_mon  File: /run/media/sackb/Windows-SSD/Users/sackb/OneDrive/Desktop/University/Course_Work/2025-2026/Spring_2026/ECE_410/ECE410/project/post_m3_Minor_Redesign/tb/tb_top.sv Line: 257

Time: 195 ns Started: 185 ns Scope: /tb_top/u_mon File: /run/media/sackb/Windows-SSD/Users/sackb/OneDrive/Desktop/University/Course_Work/2025-2026/Spring_2026/ECE_410/ECE410/project/post_m3_Minor_Redesign/tb/tb_top.sv Line:256
Error: AXI MONITOR: core_C changed while core is idle
Time: 195 ns  Iteration: 0  Process: /tb_top/u_mon//tb_top/u_mon  Scope: tb_top.u_mon  File: /run/media/sackb/Windows-SSD/Users/sackb/OneDrive/Desktop/University/Course_Work/2025-2026/Spring_2026/ECE_410/ECE410/project/post_m3_Minor_Redesign/tb/tb_top.sv Line: 257

Time: 205 ns Started: 195 ns Scope: /tb_top/u_mon File: /run/media/sackb/Windows-SSD/Users/sackb/OneDrive/Desktop/University/Course_Work/2025-2026/Spring_2026/ECE_410/ECE410/project/post_m3_Minor_Redesign/tb/tb_top.sv Line:256
Error: AXI MONITOR: core_C changed while core is idle
Time: 205 ns  Iteration: 0  Process: /tb_top/u_mon//tb_top/u_mon  Scope: tb_top.u_mon  File: /run/media/sackb/Windows-SSD/Users/sackb/OneDrive/Desktop/University/Course_Work/2025-2026/Spring_2026/ECE_410/ECE410/project/post_m3_Minor_Redesign/tb/tb_top.sv Line: 257

Time: 215 ns Started: 205 ns Scope: /tb_top/u_mon File: /run/media/sackb/Windows-SSD/Users/sackb/OneDrive/Desktop/University/Course_Work/2025-2026/Spring_2026/ECE_410/ECE410/project/post_m3_Minor_Redesign/tb/tb_top.sv Line:256
Error: AXI MONITOR: core_C changed while core is idle
Time: 215 ns  Iteration: 0  Process: /tb_top/u_mon//tb_top/u_mon  Scope: tb_top.u_mon  File: /run/media/sackb/Windows-SSD/Users/sackb/OneDrive/Desktop/University/Course_Work/2025-2026/Spring_2026/ECE_410/ECE410/project/post_m3_Minor_Redesign/tb/tb_top.sv Line: 257

Time: 225 ns Started: 215 ns Scope: /tb_top/u_mon File: /run/media/sackb/Windows-SSD/Users/sackb/OneDrive/Desktop/University/Course_Work/2025-2026/Spring_2026/ECE_410/ECE410/project/post_m3_Minor_Redesign/tb/tb_top.sv Line:256
Error: AXI MONITOR: core_C changed while core is idle
Time: 225 ns  Iteration: 0  Process: /tb_top/u_mon//tb_top/u_mon  Scope: tb_top.u_mon  File: /run/media/sackb/Windows-SSD/Users/sackb/OneDrive/Desktop/University/Course_Work/2025-2026/Spring_2026/ECE_410/ECE410/project/post_m3_Minor_Redesign/tb/tb_top.sv Line: 257

Time: 235 ns Started: 225 ns Scope: /tb_top/u_mon File: /run/media/sackb/Windows-SSD/Users/sackb/OneDrive/Desktop/University/Course_Work/2025-2026/Spring_2026/ECE_410/ECE410/project/post_m3_Minor_Redesign/tb/tb_top.sv Line:256
Error: AXI MONITOR: core_C changed while core is idle
Time: 235 ns  Iteration: 0  Process: /tb_top/u_mon//tb_top/u_mon  Scope: tb_top.u_mon  File: /run/media/sackb/Windows-SSD/Users/sackb/OneDrive/Desktop/University/Course_Work/2025-2026/Spring_2026/ECE_410/ECE410/project/post_m3_Minor_Redesign/tb/tb_top.sv Line: 257

Time: 245 ns Started: 235 ns Scope: /tb_top/u_mon File: /run/media/sackb/Windows-SSD/Users/sackb/OneDrive/Desktop/University/Course_Work/2025-2026/Spring_2026/ECE_410/ECE410/project/post_m3_Minor_Redesign/tb/tb_top.sv Line:256
Error: AXI MONITOR: core_C changed while core is idle
Time: 245 ns  Iteration: 0  Process: /tb_top/u_mon//tb_top/u_mon  Scope: tb_top.u_mon  File: /run/media/sackb/Windows-SSD/Users/sackb/OneDrive/Desktop/University/Course_Work/2025-2026/Spring_2026/ECE_410/ECE410/project/post_m3_Minor_Redesign/tb/tb_top.sv Line: 257

Time: 255 ns Started: 245 ns Scope: /tb_top/u_mon File: /run/media/sackb/Windows-SSD/Users/sackb/OneDrive/Desktop/University/Course_Work/2025-2026/Spring_2026/ECE_410/ECE410/project/post_m3_Minor_Redesign/tb/tb_top.sv Line:256
Error: AXI MONITOR: core_C changed while core is idle
Time: 255 ns  Iteration: 0  Process: /tb_top/u_mon//tb_top/u_mon  Scope: tb_top.u_mon  File: /run/media/sackb/Windows-SSD/Users/sackb/OneDrive/Desktop/University/Course_Work/2025-2026/Spring_2026/ECE_410/ECE410/project/post_m3_Minor_Redesign/tb/tb_top.sv Line: 257

Time: 265 ns Started: 255 ns Scope: /tb_top/u_mon File: /run/media/sackb/Windows-SSD/Users/sackb/OneDrive/Desktop/University/Course_Work/2025-2026/Spring_2026/ECE_410/ECE410/project/post_m3_Minor_Redesign/tb/tb_top.sv Line:256
Error: AXI MONITOR: core_C changed while core is idle
Time: 265 ns  Iteration: 0  Process: /tb_top/u_mon//tb_top/u_mon  Scope: tb_top.u_mon  File: /run/media/sackb/Windows-SSD/Users/sackb/OneDrive/Desktop/University/Course_Work/2025-2026/Spring_2026/ECE_410/ECE410/project/post_m3_Minor_Redesign/tb/tb_top.sv Line: 257

Time: 275 ns Started: 265 ns Scope: /tb_top/u_mon File: /run/media/sackb/Windows-SSD/Users/sackb/OneDrive/Desktop/University/Course_Work/2025-2026/Spring_2026/ECE_410/ECE410/project/post_m3_Minor_Redesign/tb/tb_top.sv Line:256
Error: AXI MONITOR: core_C changed while core is idle
Time: 275 ns  Iteration: 0  Process: /tb_top/u_mon//tb_top/u_mon  Scope: tb_top.u_mon  File: /run/media/sackb/Windows-SSD/Users/sackb/OneDrive/Desktop/University/Course_Work/2025-2026/Spring_2026/ECE_410/ECE410/project/post_m3_Minor_Redesign/tb/tb_top.sv Line: 257

Time: 285 ns Started: 275 ns Scope: /tb_top/u_mon File: /run/media/sackb/Windows-SSD/Users/sackb/OneDrive/Desktop/University/Course_Work/2025-2026/Spring_2026/ECE_410/ECE410/project/post_m3_Minor_Redesign/tb/tb_top.sv Line:256
Error: AXI MONITOR: core_C changed while core is idle
Time: 285 ns  Iteration: 0  Process: /tb_top/u_mon//tb_top/u_mon  Scope: tb_top.u_mon  File: /run/media/sackb/Windows-SSD/Users/sackb/OneDrive/Desktop/University/Course_Work/2025-2026/Spring_2026/ECE_410/ECE410/project/post_m3_Minor_Redesign/tb/tb_top.sv Line: 257

Time: 295 ns Started: 285 ns Scope: /tb_top/u_mon File: /run/media/sackb/Windows-SSD/Users/sackb/OneDrive/Desktop/University/Course_Work/2025-2026/Spring_2026/ECE_410/ECE410/project/post_m3_Minor_Redesign/tb/tb_top.sv Line:256
Error: AXI MONITOR: core_C changed while core is idle
Time: 295 ns  Iteration: 0  Process: /tb_top/u_mon//tb_top/u_mon  Scope: tb_top.u_mon  File: /run/media/sackb/Windows-SSD/Users/sackb/OneDrive/Desktop/University/Course_Work/2025-2026/Spring_2026/ECE_410/ECE410/project/post_m3_Minor_Redesign/tb/tb_top.sv Line: 257

Time: 305 ns Started: 295 ns Scope: /tb_top/u_mon File: /run/media/sackb/Windows-SSD/Users/sackb/OneDrive/Desktop/University/Course_Work/2025-2026/Spring_2026/ECE_410/ECE410/project/post_m3_Minor_Redesign/tb/tb_top.sv Line:256
Error: AXI MONITOR: core_C changed while core is idle
Time: 305 ns  Iteration: 0  Process: /tb_top/u_mon//tb_top/u_mon  Scope: tb_top.u_mon  File: /run/media/sackb/Windows-SSD/Users/sackb/OneDrive/Desktop/University/Course_Work/2025-2026/Spring_2026/ECE_410/ECE410/project/post_m3_Minor_Redesign/tb/tb_top.sv Line: 257

Time: 315 ns Started: 305 ns Scope: /tb_top/u_mon File: /run/media/sackb/Windows-SSD/Users/sackb/OneDrive/Desktop/University/Course_Work/2025-2026/Spring_2026/ECE_410/ECE410/project/post_m3_Minor_Redesign/tb/tb_top.sv Line:256
Error: AXI MONITOR: core_C changed while core is idle
Time: 315 ns  Iteration: 0  Process: /tb_top/u_mon//tb_top/u_mon  Scope: tb_top.u_mon  File: /run/media/sackb/Windows-SSD/Users/sackb/OneDrive/Desktop/University/Course_Work/2025-2026/Spring_2026/ECE_410/ECE410/project/post_m3_Minor_Redesign/tb/tb_top.sv Line: 257

Time: 325 ns Started: 315 ns Scope: /tb_top/u_mon File: /run/media/sackb/Windows-SSD/Users/sackb/OneDrive/Desktop/University/Course_Work/2025-2026/Spring_2026/ECE_410/ECE410/project/post_m3_Minor_Redesign/tb/tb_top.sv Line:256
Error: AXI MONITOR: core_C changed while core is idle
Time: 325 ns  Iteration: 0  Process: /tb_top/u_mon//tb_top/u_mon  Scope: tb_top.u_mon  File: /run/media/sackb/Windows-SSD/Users/sackb/OneDrive/Desktop/University/Course_Work/2025-2026/Spring_2026/ECE_410/ECE410/project/post_m3_Minor_Redesign/tb/tb_top.sv Line: 257

Time: 335 ns Started: 325 ns Scope: /tb_top/u_mon File: /run/media/sackb/Windows-SSD/Users/sackb/OneDrive/Desktop/University/Course_Work/2025-2026/Spring_2026/ECE_410/ECE410/project/post_m3_Minor_Redesign/tb/tb_top.sv Line:256
Error: AXI MONITOR: core_C changed while core is idle
Time: 335 ns  Iteration: 0  Process: /tb_top/u_mon//tb_top/u_mon  Scope: tb_top.u_mon  File: /run/media/sackb/Windows-SSD/Users/sackb/OneDrive/Desktop/University/Course_Work/2025-2026/Spring_2026/ECE_410/ECE410/project/post_m3_Minor_Redesign/tb/tb_top.sv Line: 257

Time: 345 ns Started: 335 ns Scope: /tb_top/u_mon File: /run/media/sackb/Windows-SSD/Users/sackb/OneDrive/Desktop/University/Course_Work/2025-2026/Spring_2026/ECE_410/ECE410/project/post_m3_Minor_Redesign/tb/tb_top.sv Line:256
Error: AXI MONITOR: core_C changed while core is idle
Time: 345 ns  Iteration: 0  Process: /tb_top/u_mon//tb_top/u_mon  Scope: tb_top.u_mon  File: /run/media/sackb/Windows-SSD/Users/sackb/OneDrive/Desktop/University/Course_Work/2025-2026/Spring_2026/ECE_410/ECE410/project/post_m3_Minor_Redesign/tb/tb_top.sv Line: 257

Time: 355 ns Started: 345 ns Scope: /tb_top/u_mon File: /run/media/sackb/Windows-SSD/Users/sackb/OneDrive/Desktop/University/Course_Work/2025-2026/Spring_2026/ECE_410/ECE410/project/post_m3_Minor_Redesign/tb/tb_top.sv Line:256
Error: AXI MONITOR: core_C changed while core is idle
Time: 355 ns  Iteration: 0  Process: /tb_top/u_mon//tb_top/u_mon  Scope: tb_top.u_mon  File: /run/media/sackb/Windows-SSD/Users/sackb/OneDrive/Desktop/University/Course_Work/2025-2026/Spring_2026/ECE_410/ECE410/project/post_m3_Minor_Redesign/tb/tb_top.sv Line: 257

Time: 365 ns Started: 355 ns Scope: /tb_top/u_mon File: /run/media/sackb/Windows-SSD/Users/sackb/OneDrive/Desktop/University/Course_Work/2025-2026/Spring_2026/ECE_410/ECE410/project/post_m3_Minor_Redesign/tb/tb_top.sv Line:256
Error: AXI MONITOR: core_C changed while core is idle
Time: 365 ns  Iteration: 0  Process: /tb_top/u_mon//tb_top/u_mon  Scope: tb_top.u_mon  File: /run/media/sackb/Windows-SSD/Users/sackb/OneDrive/Desktop/University/Course_Work/2025-2026/Spring_2026/ECE_410/ECE410/project/post_m3_Minor_Redesign/tb/tb_top.sv Line: 257

Time: 375 ns Started: 365 ns Scope: /tb_top/u_mon File: /run/media/sackb/Windows-SSD/Users/sackb/OneDrive/Desktop/University/Course_Work/2025-2026/Spring_2026/ECE_410/ECE410/project/post_m3_Minor_Redesign/tb/tb_top.sv Line:256
Error: AXI MONITOR: core_C changed while core is idle
Time: 375 ns  Iteration: 0  Process: /tb_top/u_mon//tb_top/u_mon  Scope: tb_top.u_mon  File: /run/media/sackb/Windows-SSD/Users/sackb/OneDrive/Desktop/University/Course_Work/2025-2026/Spring_2026/ECE_410/ECE410/project/post_m3_Minor_Redesign/tb/tb_top.sv Line: 257

Time: 385 ns Started: 375 ns Scope: /tb_top/u_mon File: /run/media/sackb/Windows-SSD/Users/sackb/OneDrive/Desktop/University/Course_Work/2025-2026/Spring_2026/ECE_410/ECE410/project/post_m3_Minor_Redesign/tb/tb_top.sv Line:256
Error: AXI MONITOR: core_C changed while core is idle
Time: 385 ns  Iteration: 0  Process: /tb_top/u_mon//tb_top/u_mon  Scope: tb_top.u_mon  File: /run/media/sackb/Windows-SSD/Users/sackb/OneDrive/Desktop/University/Course_Work/2025-2026/Spring_2026/ECE_410/ECE410/project/post_m3_Minor_Redesign/tb/tb_top.sv Line: 257

Time: 395 ns Started: 385 ns Scope: /tb_top/u_mon File: /run/media/sackb/Windows-SSD/Users/sackb/OneDrive/Desktop/University/Course_Work/2025-2026/Spring_2026/ECE_410/ECE410/project/post_m3_Minor_Redesign/tb/tb_top.sv Line:256
Error: AXI MONITOR: core_C changed while core is idle
Time: 395 ns  Iteration: 0  Process: /tb_top/u_mon//tb_top/u_mon  Scope: tb_top.u_mon  File: /run/media/sackb/Windows-SSD/Users/sackb/OneDrive/Desktop/University/Course_Work/2025-2026/Spring_2026/ECE_410/ECE410/project/post_m3_Minor_Redesign/tb/tb_top.sv Line: 257

Time: 405 ns Started: 395 ns Scope: /tb_top/u_mon File: /run/media/sackb/Windows-SSD/Users/sackb/OneDrive/Desktop/University/Course_Work/2025-2026/Spring_2026/ECE_410/ECE410/project/post_m3_Minor_Redesign/tb/tb_top.sv Line:256
Error: AXI MONITOR: core_C changed while core is idle
Time: 405 ns  Iteration: 0  Process: /tb_top/u_mon//tb_top/u_mon  Scope: tb_top.u_mon  File: /run/media/sackb/Windows-SSD/Users/sackb/OneDrive/Desktop/University/Course_Work/2025-2026/Spring_2026/ECE_410/ECE410/project/post_m3_Minor_Redesign/tb/tb_top.sv Line: 257

Time: 415 ns Started: 405 ns Scope: /tb_top/u_mon File: /run/media/sackb/Windows-SSD/Users/sackb/OneDrive/Desktop/University/Course_Work/2025-2026/Spring_2026/ECE_410/ECE410/project/post_m3_Minor_Redesign/tb/tb_top.sv Line:256
Error: AXI MONITOR: core_C changed while core is idle
Time: 415 ns  Iteration: 0  Process: /tb_top/u_mon//tb_top/u_mon  Scope: tb_top.u_mon  File: /run/media/sackb/Windows-SSD/Users/sackb/OneDrive/Desktop/University/Course_Work/2025-2026/Spring_2026/ECE_410/ECE410/project/post_m3_Minor_Redesign/tb/tb_top.sv Line: 257

Time: 425 ns Started: 415 ns Scope: /tb_top/u_mon File: /run/media/sackb/Windows-SSD/Users/sackb/OneDrive/Desktop/University/Course_Work/2025-2026/Spring_2026/ECE_410/ECE410/project/post_m3_Minor_Redesign/tb/tb_top.sv Line:256
Error: AXI MONITOR: core_C changed while core is idle
Time: 425 ns  Iteration: 0  Process: /tb_top/u_mon//tb_top/u_mon  Scope: tb_top.u_mon  File: /run/media/sackb/Windows-SSD/Users/sackb/OneDrive/Desktop/University/Course_Work/2025-2026/Spring_2026/ECE_410/ECE410/project/post_m3_Minor_Redesign/tb/tb_top.sv Line: 257

Time: 435 ns Started: 425 ns Scope: /tb_top/u_mon File: /run/media/sackb/Windows-SSD/Users/sackb/OneDrive/Desktop/University/Course_Work/2025-2026/Spring_2026/ECE_410/ECE410/project/post_m3_Minor_Redesign/tb/tb_top.sv Line:256
Error: AXI MONITOR: core_C changed while core is idle
Time: 435 ns  Iteration: 0  Process: /tb_top/u_mon//tb_top/u_mon  Scope: tb_top.u_mon  File: /run/media/sackb/Windows-SSD/Users/sackb/OneDrive/Desktop/University/Course_Work/2025-2026/Spring_2026/ECE_410/ECE410/project/post_m3_Minor_Redesign/tb/tb_top.sv Line: 257

Time: 445 ns Started: 435 ns Scope: /tb_top/u_mon File: /run/media/sackb/Windows-SSD/Users/sackb/OneDrive/Desktop/University/Course_Work/2025-2026/Spring_2026/ECE_410/ECE410/project/post_m3_Minor_Redesign/tb/tb_top.sv Line:256
Error: AXI MONITOR: core_C changed while core is idle
Time: 445 ns  Iteration: 0  Process: /tb_top/u_mon//tb_top/u_mon  Scope: tb_top.u_mon  File: /run/media/sackb/Windows-SSD/Users/sackb/OneDrive/Desktop/University/Course_Work/2025-2026/Spring_2026/ECE_410/ECE410/project/post_m3_Minor_Redesign/tb/tb_top.sv Line: 257

Time: 455 ns Started: 445 ns Scope: /tb_top/u_mon File: /run/media/sackb/Windows-SSD/Users/sackb/OneDrive/Desktop/University/Course_Work/2025-2026/Spring_2026/ECE_410/ECE410/project/post_m3_Minor_Redesign/tb/tb_top.sv Line:256
Error: AXI MONITOR: core_C changed while core is idle
Time: 455 ns  Iteration: 0  Process: /tb_top/u_mon//tb_top/u_mon  Scope: tb_top.u_mon  File: /run/media/sackb/Windows-SSD/Users/sackb/OneDrive/Desktop/University/Course_Work/2025-2026/Spring_2026/ECE_410/ECE410/project/post_m3_Minor_Redesign/tb/tb_top.sv Line: 257

Time: 465 ns Started: 455 ns Scope: /tb_top/u_mon File: /run/media/sackb/Windows-SSD/Users/sackb/OneDrive/Desktop/University/Course_Work/2025-2026/Spring_2026/ECE_410/ECE410/project/post_m3_Minor_Redesign/tb/tb_top.sv Line:256
Error: AXI MONITOR: core_C changed while core is idle
Time: 465 ns  Iteration: 0  Process: /tb_top/u_mon//tb_top/u_mon  Scope: tb_top.u_mon  File: /run/media/sackb/Windows-SSD/Users/sackb/OneDrive/Desktop/University/Course_Work/2025-2026/Spring_2026/ECE_410/ECE410/project/post_m3_Minor_Redesign/tb/tb_top.sv Line: 257

Time: 475 ns Started: 465 ns Scope: /tb_top/u_mon File: /run/media/sackb/Windows-SSD/Users/sackb/OneDrive/Desktop/University/Course_Work/2025-2026/Spring_2026/ECE_410/ECE410/project/post_m3_Minor_Redesign/tb/tb_top.sv Line:256
Error: AXI MONITOR: core_C changed while core is idle
Time: 475 ns  Iteration: 0  Process: /tb_top/u_mon//tb_top/u_mon  Scope: tb_top.u_mon  File: /run/media/sackb/Windows-SSD/Users/sackb/OneDrive/Desktop/University/Course_Work/2025-2026/Spring_2026/ECE_410/ECE410/project/post_m3_Minor_Redesign/tb/tb_top.sv Line: 257

Time: 485 ns Started: 475 ns Scope: /tb_top/u_mon File: /run/media/sackb/Windows-SSD/Users/sackb/OneDrive/Desktop/University/Course_Work/2025-2026/Spring_2026/ECE_410/ECE410/project/post_m3_Minor_Redesign/tb/tb_top.sv Line:256
Error: AXI MONITOR: core_C changed while core is idle
Time: 485 ns  Iteration: 0  Process: /tb_top/u_mon//tb_top/u_mon  Scope: tb_top.u_mon  File: /run/media/sackb/Windows-SSD/Users/sackb/OneDrive/Desktop/University/Course_Work/2025-2026/Spring_2026/ECE_410/ECE410/project/post_m3_Minor_Redesign/tb/tb_top.sv Line: 257

Time: 495 ns Started: 485 ns Scope: /tb_top/u_mon File: /run/media/sackb/Windows-SSD/Users/sackb/OneDrive/Desktop/University/Course_Work/2025-2026/Spring_2026/ECE_410/ECE410/project/post_m3_Minor_Redesign/tb/tb_top.sv Line:256
Error: AXI MONITOR: core_C changed while core is idle
Time: 495 ns  Iteration: 0  Process: /tb_top/u_mon//tb_top/u_mon  Scope: tb_top.u_mon  File: /run/media/sackb/Windows-SSD/Users/sackb/OneDrive/Desktop/University/Course_Work/2025-2026/Spring_2026/ECE_410/ECE410/project/post_m3_Minor_Redesign/tb/tb_top.sv Line: 257

Time: 505 ns Started: 495 ns Scope: /tb_top/u_mon File: /run/media/sackb/Windows-SSD/Users/sackb/OneDrive/Desktop/University/Course_Work/2025-2026/Spring_2026/ECE_410/ECE410/project/post_m3_Minor_Redesign/tb/tb_top.sv Line:256
Error: AXI MONITOR: core_C changed while core is idle
Time: 505 ns  Iteration: 0  Process: /tb_top/u_mon//tb_top/u_mon  Scope: tb_top.u_mon  File: /run/media/sackb/Windows-SSD/Users/sackb/OneDrive/Desktop/University/Course_Work/2025-2026/Spring_2026/ECE_410/ECE410/project/post_m3_Minor_Redesign/tb/tb_top.sv Line: 257

Time: 515 ns Started: 505 ns Scope: /tb_top/u_mon File: /run/media/sackb/Windows-SSD/Users/sackb/OneDrive/Desktop/University/Course_Work/2025-2026/Spring_2026/ECE_410/ECE410/project/post_m3_Minor_Redesign/tb/tb_top.sv Line:256
Error: AXI MONITOR: core_C changed while core is idle
Time: 515 ns  Iteration: 0  Process: /tb_top/u_mon//tb_top/u_mon  Scope: tb_top.u_mon  File: /run/media/sackb/Windows-SSD/Users/sackb/OneDrive/Desktop/University/Course_Work/2025-2026/Spring_2026/ECE_410/ECE410/project/post_m3_Minor_Redesign/tb/tb_top.sv Line: 257

Time: 525 ns Started: 515 ns Scope: /tb_top/u_mon File: /run/media/sackb/Windows-SSD/Users/sackb/OneDrive/Desktop/University/Course_Work/2025-2026/Spring_2026/ECE_410/ECE410/project/post_m3_Minor_Redesign/tb/tb_top.sv Line:256
Error: AXI MONITOR: core_C changed while core is idle
Time: 525 ns  Iteration: 0  Process: /tb_top/u_mon//tb_top/u_mon  Scope: tb_top.u_mon  File: /run/media/sackb/Windows-SSD/Users/sackb/OneDrive/Desktop/University/Course_Work/2025-2026/Spring_2026/ECE_410/ECE410/project/post_m3_Minor_Redesign/tb/tb_top.sv Line: 257

Time: 535 ns Started: 525 ns Scope: /tb_top/u_mon File: /run/media/sackb/Windows-SSD/Users/sackb/OneDrive/Desktop/University/Course_Work/2025-2026/Spring_2026/ECE_410/ECE410/project/post_m3_Minor_Redesign/tb/tb_top.sv Line:256
Error: AXI MONITOR: core_C changed while core is idle
Time: 535 ns  Iteration: 0  Process: /tb_top/u_mon//tb_top/u_mon  Scope: tb_top.u_mon  File: /run/media/sackb/Windows-SSD/Users/sackb/OneDrive/Desktop/University/Course_Work/2025-2026/Spring_2026/ECE_410/ECE410/project/post_m3_Minor_Redesign/tb/tb_top.sv Line: 257

Time: 545 ns Started: 535 ns Scope: /tb_top/u_mon File: /run/media/sackb/Windows-SSD/Users/sackb/OneDrive/Desktop/University/Course_Work/2025-2026/Spring_2026/ECE_410/ECE410/project/post_m3_Minor_Redesign/tb/tb_top.sv Line:256
Error: AXI MONITOR: core_C changed while core is idle
Time: 545 ns  Iteration: 0  Process: /tb_top/u_mon//tb_top/u_mon  Scope: tb_top.u_mon  File: /run/media/sackb/Windows-SSD/Users/sackb/OneDrive/Desktop/University/Course_Work/2025-2026/Spring_2026/ECE_410/ECE410/project/post_m3_Minor_Redesign/tb/tb_top.sv Line: 257

Time: 555 ns Started: 545 ns Scope: /tb_top/u_mon File: /run/media/sackb/Windows-SSD/Users/sackb/OneDrive/Desktop/University/Course_Work/2025-2026/Spring_2026/ECE_410/ECE410/project/post_m3_Minor_Redesign/tb/tb_top.sv Line:256
Error: AXI MONITOR: core_C changed while core is idle
Time: 555 ns  Iteration: 0  Process: /tb_top/u_mon//tb_top/u_mon  Scope: tb_top.u_mon  File: /run/media/sackb/Windows-SSD/Users/sackb/OneDrive/Desktop/University/Course_Work/2025-2026/Spring_2026/ECE_410/ECE410/project/post_m3_Minor_Redesign/tb/tb_top.sv Line: 257

Time: 565 ns Started: 555 ns Scope: /tb_top/u_mon File: /run/media/sackb/Windows-SSD/Users/sackb/OneDrive/Desktop/University/Course_Work/2025-2026/Spring_2026/ECE_410/ECE410/project/post_m3_Minor_Redesign/tb/tb_top.sv Line:256
Error: AXI MONITOR: core_C changed while core is idle
Time: 565 ns  Iteration: 0  Process: /tb_top/u_mon//tb_top/u_mon  Scope: tb_top.u_mon  File: /run/media/sackb/Windows-SSD/Users/sackb/OneDrive/Desktop/University/Course_Work/2025-2026/Spring_2026/ECE_410/ECE410/project/post_m3_Minor_Redesign/tb/tb_top.sv Line: 257

Time: 575 ns Started: 565 ns Scope: /tb_top/u_mon File: /run/media/sackb/Windows-SSD/Users/sackb/OneDrive/Desktop/University/Course_Work/2025-2026/Spring_2026/ECE_410/ECE410/project/post_m3_Minor_Redesign/tb/tb_top.sv Line:256
Error: AXI MONITOR: core_C changed while core is idle
Time: 575 ns  Iteration: 0  Process: /tb_top/u_mon//tb_top/u_mon  Scope: tb_top.u_mon  File: /run/media/sackb/Windows-SSD/Users/sackb/OneDrive/Desktop/University/Course_Work/2025-2026/Spring_2026/ECE_410/ECE410/project/post_m3_Minor_Redesign/tb/tb_top.sv Line: 257

Time: 585 ns Started: 575 ns Scope: /tb_top/u_mon File: /run/media/sackb/Windows-SSD/Users/sackb/OneDrive/Desktop/University/Course_Work/2025-2026/Spring_2026/ECE_410/ECE410/project/post_m3_Minor_Redesign/tb/tb_top.sv Line:256
Error: AXI MONITOR: core_C changed while core is idle
Time: 585 ns  Iteration: 0  Process: /tb_top/u_mon//tb_top/u_mon  Scope: tb_top.u_mon  File: /run/media/sackb/Windows-SSD/Users/sackb/OneDrive/Desktop/University/Course_Work/2025-2026/Spring_2026/ECE_410/ECE410/project/post_m3_Minor_Redesign/tb/tb_top.sv Line: 257

Time: 595 ns Started: 585 ns Scope: /tb_top/u_mon File: /run/media/sackb/Windows-SSD/Users/sackb/OneDrive/Desktop/University/Course_Work/2025-2026/Spring_2026/ECE_410/ECE410/project/post_m3_Minor_Redesign/tb/tb_top.sv Line:256
Error: AXI MONITOR: core_C changed while core is idle
Time: 595 ns  Iteration: 0  Process: /tb_top/u_mon//tb_top/u_mon  Scope: tb_top.u_mon  File: /run/media/sackb/Windows-SSD/Users/sackb/OneDrive/Desktop/University/Course_Work/2025-2026/Spring_2026/ECE_410/ECE410/project/post_m3_Minor_Redesign/tb/tb_top.sv Line: 257

Time: 605 ns Started: 595 ns Scope: /tb_top/u_mon File: /run/media/sackb/Windows-SSD/Users/sackb/OneDrive/Desktop/University/Course_Work/2025-2026/Spring_2026/ECE_410/ECE410/project/post_m3_Minor_Redesign/tb/tb_top.sv Line:256
Error: AXI MONITOR: core_C changed while core is idle
Time: 605 ns  Iteration: 0  Process: /tb_top/u_mon//tb_top/u_mon  Scope: tb_top.u_mon  File: /run/media/sackb/Windows-SSD/Users/sackb/OneDrive/Desktop/University/Course_Work/2025-2026/Spring_2026/ECE_410/ECE410/project/post_m3_Minor_Redesign/tb/tb_top.sv Line: 257

Time: 615 ns Started: 605 ns Scope: /tb_top/u_mon File: /run/media/sackb/Windows-SSD/Users/sackb/OneDrive/Desktop/University/Course_Work/2025-2026/Spring_2026/ECE_410/ECE410/project/post_m3_Minor_Redesign/tb/tb_top.sv Line:256
Error: AXI MONITOR: core_C changed while core is idle
Time: 615 ns  Iteration: 0  Process: /tb_top/u_mon//tb_top/u_mon  Scope: tb_top.u_mon  File: /run/media/sackb/Windows-SSD/Users/sackb/OneDrive/Desktop/University/Course_Work/2025-2026/Spring_2026/ECE_410/ECE410/project/post_m3_Minor_Redesign/tb/tb_top.sv Line: 257

Time: 625 ns Started: 615 ns Scope: /tb_top/u_mon File: /run/media/sackb/Windows-SSD/Users/sackb/OneDrive/Desktop/University/Course_Work/2025-2026/Spring_2026/ECE_410/ECE410/project/post_m3_Minor_Redesign/tb/tb_top.sv Line:256
Error: AXI MONITOR: core_C changed while core is idle
Time: 625 ns  Iteration: 0  Process: /tb_top/u_mon//tb_top/u_mon  Scope: tb_top.u_mon  File: /run/media/sackb/Windows-SSD/Users/sackb/OneDrive/Desktop/University/Course_Work/2025-2026/Spring_2026/ECE_410/ECE410/project/post_m3_Minor_Redesign/tb/tb_top.sv Line: 257

Time: 635 ns Started: 625 ns Scope: /tb_top/u_mon File: /run/media/sackb/Windows-SSD/Users/sackb/OneDrive/Desktop/University/Course_Work/2025-2026/Spring_2026/ECE_410/ECE410/project/post_m3_Minor_Redesign/tb/tb_top.sv Line:256
Error: AXI MONITOR: core_C changed while core is idle
Time: 635 ns  Iteration: 0  Process: /tb_top/u_mon//tb_top/u_mon  Scope: tb_top.u_mon  File: /run/media/sackb/Windows-SSD/Users/sackb/OneDrive/Desktop/University/Course_Work/2025-2026/Spring_2026/ECE_410/ECE410/project/post_m3_Minor_Redesign/tb/tb_top.sv Line: 257

Time: 645 ns Started: 635 ns Scope: /tb_top/u_mon File: /run/media/sackb/Windows-SSD/Users/sackb/OneDrive/Desktop/University/Course_Work/2025-2026/Spring_2026/ECE_410/ECE410/project/post_m3_Minor_Redesign/tb/tb_top.sv Line:256
Error: AXI MONITOR: core_C changed while core is idle
Time: 645 ns  Iteration: 0  Process: /tb_top/u_mon//tb_top/u_mon  Scope: tb_top.u_mon  File: /run/media/sackb/Windows-SSD/Users/sackb/OneDrive/Desktop/University/Course_Work/2025-2026/Spring_2026/ECE_410/ECE410/project/post_m3_Minor_Redesign/tb/tb_top.sv Line: 257

Time: 655 ns Started: 645 ns Scope: /tb_top/u_mon File: /run/media/sackb/Windows-SSD/Users/sackb/OneDrive/Desktop/University/Course_Work/2025-2026/Spring_2026/ECE_410/ECE410/project/post_m3_Minor_Redesign/tb/tb_top.sv Line:256
Error: AXI MONITOR: core_C changed while core is idle
Time: 655 ns  Iteration: 0  Process: /tb_top/u_mon//tb_top/u_mon  Scope: tb_top.u_mon  File: /run/media/sackb/Windows-SSD/Users/sackb/OneDrive/Desktop/University/Course_Work/2025-2026/Spring_2026/ECE_410/ECE410/project/post_m3_Minor_Redesign/tb/tb_top.sv Line: 257

Time: 665 ns Started: 655 ns Scope: /tb_top/u_mon File: /run/media/sackb/Windows-SSD/Users/sackb/OneDrive/Desktop/University/Course_Work/2025-2026/Spring_2026/ECE_410/ECE410/project/post_m3_Minor_Redesign/tb/tb_top.sv Line:256
Error: AXI MONITOR: core_C changed while core is idle
Time: 665 ns  Iteration: 0  Process: /tb_top/u_mon//tb_top/u_mon  Scope: tb_top.u_mon  File: /run/media/sackb/Windows-SSD/Users/sackb/OneDrive/Desktop/University/Course_Work/2025-2026/Spring_2026/ECE_410/ECE410/project/post_m3_Minor_Redesign/tb/tb_top.sv Line: 257

Time: 675 ns Started: 665 ns Scope: /tb_top/u_mon File: /run/media/sackb/Windows-SSD/Users/sackb/OneDrive/Desktop/University/Course_Work/2025-2026/Spring_2026/ECE_410/ECE410/project/post_m3_Minor_Redesign/tb/tb_top.sv Line:256
Error: AXI MONITOR: core_C changed while core is idle
Time: 675 ns  Iteration: 0  Process: /tb_top/u_mon//tb_top/u_mon  Scope: tb_top.u_mon  File: /run/media/sackb/Windows-SSD/Users/sackb/OneDrive/Desktop/University/Course_Work/2025-2026/Spring_2026/ECE_410/ECE410/project/post_m3_Minor_Redesign/tb/tb_top.sv Line: 257

Time: 685 ns Started: 675 ns Scope: /tb_top/u_mon File: /run/media/sackb/Windows-SSD/Users/sackb/OneDrive/Desktop/University/Course_Work/2025-2026/Spring_2026/ECE_410/ECE410/project/post_m3_Minor_Redesign/tb/tb_top.sv Line:256
Error: AXI MONITOR: core_C changed while core is idle
Time: 685 ns  Iteration: 0  Process: /tb_top/u_mon//tb_top/u_mon  Scope: tb_top.u_mon  File: /run/media/sackb/Windows-SSD/Users/sackb/OneDrive/Desktop/University/Course_Work/2025-2026/Spring_2026/ECE_410/ECE410/project/post_m3_Minor_Redesign/tb/tb_top.sv Line: 257

Time: 695 ns Started: 685 ns Scope: /tb_top/u_mon File: /run/media/sackb/Windows-SSD/Users/sackb/OneDrive/Desktop/University/Course_Work/2025-2026/Spring_2026/ECE_410/ECE410/project/post_m3_Minor_Redesign/tb/tb_top.sv Line:256
Error: AXI MONITOR: core_C changed while core is idle
Time: 695 ns  Iteration: 0  Process: /tb_top/u_mon//tb_top/u_mon  Scope: tb_top.u_mon  File: /run/media/sackb/Windows-SSD/Users/sackb/OneDrive/Desktop/University/Course_Work/2025-2026/Spring_2026/ECE_410/ECE410/project/post_m3_Minor_Redesign/tb/tb_top.sv Line: 257

Time: 705 ns Started: 695 ns Scope: /tb_top/u_mon File: /run/media/sackb/Windows-SSD/Users/sackb/OneDrive/Desktop/University/Course_Work/2025-2026/Spring_2026/ECE_410/ECE410/project/post_m3_Minor_Redesign/tb/tb_top.sv Line:256
Error: AXI MONITOR: core_C changed while core is idle
Time: 705 ns  Iteration: 0  Process: /tb_top/u_mon//tb_top/u_mon  Scope: tb_top.u_mon  File: /run/media/sackb/Windows-SSD/Users/sackb/OneDrive/Desktop/University/Course_Work/2025-2026/Spring_2026/ECE_410/ECE410/project/post_m3_Minor_Redesign/tb/tb_top.sv Line: 257

Time: 715 ns Started: 705 ns Scope: /tb_top/u_mon File: /run/media/sackb/Windows-SSD/Users/sackb/OneDrive/Desktop/University/Course_Work/2025-2026/Spring_2026/ECE_410/ECE410/project/post_m3_Minor_Redesign/tb/tb_top.sv Line:256
Error: AXI MONITOR: core_C changed while core is idle
Time: 715 ns  Iteration: 0  Process: /tb_top/u_mon//tb_top/u_mon  Scope: tb_top.u_mon  File: /run/media/sackb/Windows-SSD/Users/sackb/OneDrive/Desktop/University/Course_Work/2025-2026/Spring_2026/ECE_410/ECE410/project/post_m3_Minor_Redesign/tb/tb_top.sv Line: 257

Time: 725 ns Started: 715 ns Scope: /tb_top/u_mon File: /run/media/sackb/Windows-SSD/Users/sackb/OneDrive/Desktop/University/Course_Work/2025-2026/Spring_2026/ECE_410/ECE410/project/post_m3_Minor_Redesign/tb/tb_top.sv Line:256
Error: AXI MONITOR: core_C changed while core is idle
Time: 725 ns  Iteration: 0  Process: /tb_top/u_mon//tb_top/u_mon  Scope: tb_top.u_mon  File: /run/media/sackb/Windows-SSD/Users/sackb/OneDrive/Desktop/University/Course_Work/2025-2026/Spring_2026/ECE_410/ECE410/project/post_m3_Minor_Redesign/tb/tb_top.sv Line: 257

Time: 735 ns Started: 725 ns Scope: /tb_top/u_mon File: /run/media/sackb/Windows-SSD/Users/sackb/OneDrive/Desktop/University/Course_Work/2025-2026/Spring_2026/ECE_410/ECE410/project/post_m3_Minor_Redesign/tb/tb_top.sv Line:256
Error: AXI MONITOR: core_C changed while core is idle
Time: 735 ns  Iteration: 0  Process: /tb_top/u_mon//tb_top/u_mon  Scope: tb_top.u_mon  File: /run/media/sackb/Windows-SSD/Users/sackb/OneDrive/Desktop/University/Course_Work/2025-2026/Spring_2026/ECE_410/ECE410/project/post_m3_Minor_Redesign/tb/tb_top.sv Line: 257

Time: 745 ns Started: 735 ns Scope: /tb_top/u_mon File: /run/media/sackb/Windows-SSD/Users/sackb/OneDrive/Desktop/University/Course_Work/2025-2026/Spring_2026/ECE_410/ECE410/project/post_m3_Minor_Redesign/tb/tb_top.sv Line:256
Error: AXI MONITOR: core_C changed while core is idle
Time: 745 ns  Iteration: 0  Process: /tb_top/u_mon//tb_top/u_mon  Scope: tb_top.u_mon  File: /run/media/sackb/Windows-SSD/Users/sackb/OneDrive/Desktop/University/Course_Work/2025-2026/Spring_2026/ECE_410/ECE410/project/post_m3_Minor_Redesign/tb/tb_top.sv Line: 257

Time: 755 ns Started: 745 ns Scope: /tb_top/u_mon File: /run/media/sackb/Windows-SSD/Users/sackb/OneDrive/Desktop/University/Course_Work/2025-2026/Spring_2026/ECE_410/ECE410/project/post_m3_Minor_Redesign/tb/tb_top.sv Line:256
Error: AXI MONITOR: core_C changed while core is idle
Time: 755 ns  Iteration: 0  Process: /tb_top/u_mon//tb_top/u_mon  Scope: tb_top.u_mon  File: /run/media/sackb/Windows-SSD/Users/sackb/OneDrive/Desktop/University/Course_Work/2025-2026/Spring_2026/ECE_410/ECE410/project/post_m3_Minor_Redesign/tb/tb_top.sv Line: 257

Time: 765 ns Started: 755 ns Scope: /tb_top/u_mon File: /run/media/sackb/Windows-SSD/Users/sackb/OneDrive/Desktop/University/Course_Work/2025-2026/Spring_2026/ECE_410/ECE410/project/post_m3_Minor_Redesign/tb/tb_top.sv Line:256
Error: AXI MONITOR: core_C changed while core is idle
Time: 765 ns  Iteration: 0  Process: /tb_top/u_mon//tb_top/u_mon  Scope: tb_top.u_mon  File: /run/media/sackb/Windows-SSD/Users/sackb/OneDrive/Desktop/University/Course_Work/2025-2026/Spring_2026/ECE_410/ECE410/project/post_m3_Minor_Redesign/tb/tb_top.sv Line: 257

Time: 775 ns Started: 765 ns Scope: /tb_top/u_mon File: /run/media/sackb/Windows-SSD/Users/sackb/OneDrive/Desktop/University/Course_Work/2025-2026/Spring_2026/ECE_410/ECE410/project/post_m3_Minor_Redesign/tb/tb_top.sv Line:256
Error: AXI MONITOR: core_C changed while core is idle
Time: 775 ns  Iteration: 0  Process: /tb_top/u_mon//tb_top/u_mon  Scope: tb_top.u_mon  File: /run/media/sackb/Windows-SSD/Users/sackb/OneDrive/Desktop/University/Course_Work/2025-2026/Spring_2026/ECE_410/ECE410/project/post_m3_Minor_Redesign/tb/tb_top.sv Line: 257

Time: 785 ns Started: 775 ns Scope: /tb_top/u_mon File: /run/media/sackb/Windows-SSD/Users/sackb/OneDrive/Desktop/University/Course_Work/2025-2026/Spring_2026/ECE_410/ECE410/project/post_m3_Minor_Redesign/tb/tb_top.sv Line:256
Error: AXI MONITOR: core_C changed while core is idle
Time: 785 ns  Iteration: 0  Process: /tb_top/u_mon//tb_top/u_mon  Scope: tb_top.u_mon  File: /run/media/sackb/Windows-SSD/Users/sackb/OneDrive/Desktop/University/Course_Work/2025-2026/Spring_2026/ECE_410/ECE410/project/post_m3_Minor_Redesign/tb/tb_top.sv Line: 257

Time: 795 ns Started: 785 ns Scope: /tb_top/u_mon File: /run/media/sackb/Windows-SSD/Users/sackb/OneDrive/Desktop/University/Course_Work/2025-2026/Spring_2026/ECE_410/ECE410/project/post_m3_Minor_Redesign/tb/tb_top.sv Line:256
Error: AXI MONITOR: core_C changed while core is idle
Time: 795 ns  Iteration: 0  Process: /tb_top/u_mon//tb_top/u_mon  Scope: tb_top.u_mon  File: /run/media/sackb/Windows-SSD/Users/sackb/OneDrive/Desktop/University/Course_Work/2025-2026/Spring_2026/ECE_410/ECE410/project/post_m3_Minor_Redesign/tb/tb_top.sv Line: 257

Time: 805 ns Started: 795 ns Scope: /tb_top/u_mon File: /run/media/sackb/Windows-SSD/Users/sackb/OneDrive/Desktop/University/Course_Work/2025-2026/Spring_2026/ECE_410/ECE410/project/post_m3_Minor_Redesign/tb/tb_top.sv Line:256
Error: AXI MONITOR: core_C changed while core is idle
Time: 805 ns  Iteration: 0  Process: /tb_top/u_mon//tb_top/u_mon  Scope: tb_top.u_mon  File: /run/media/sackb/Windows-SSD/Users/sackb/OneDrive/Desktop/University/Course_Work/2025-2026/Spring_2026/ECE_410/ECE410/project/post_m3_Minor_Redesign/tb/tb_top.sv Line: 257

Time: 815 ns Started: 805 ns Scope: /tb_top/u_mon File: /run/media/sackb/Windows-SSD/Users/sackb/OneDrive/Desktop/University/Course_Work/2025-2026/Spring_2026/ECE_410/ECE410/project/post_m3_Minor_Redesign/tb/tb_top.sv Line:256
Error: AXI MONITOR: core_C changed while core is idle
Time: 815 ns  Iteration: 0  Process: /tb_top/u_mon//tb_top/u_mon  Scope: tb_top.u_mon  File: /run/media/sackb/Windows-SSD/Users/sackb/OneDrive/Desktop/University/Course_Work/2025-2026/Spring_2026/ECE_410/ECE410/project/post_m3_Minor_Redesign/tb/tb_top.sv Line: 257

Time: 825 ns Started: 815 ns Scope: /tb_top/u_mon File: /run/media/sackb/Windows-SSD/Users/sackb/OneDrive/Desktop/University/Course_Work/2025-2026/Spring_2026/ECE_410/ECE410/project/post_m3_Minor_Redesign/tb/tb_top.sv Line:256
Error: AXI MONITOR: core_C changed while core is idle
Time: 825 ns  Iteration: 0  Process: /tb_top/u_mon//tb_top/u_mon  Scope: tb_top.u_mon  File: /run/media/sackb/Windows-SSD/Users/sackb/OneDrive/Desktop/University/Course_Work/2025-2026/Spring_2026/ECE_410/ECE410/project/post_m3_Minor_Redesign/tb/tb_top.sv Line: 257

Time: 835 ns Started: 825 ns Scope: /tb_top/u_mon File: /run/media/sackb/Windows-SSD/Users/sackb/OneDrive/Desktop/University/Course_Work/2025-2026/Spring_2026/ECE_410/ECE410/project/post_m3_Minor_Redesign/tb/tb_top.sv Line:256
Error: AXI MONITOR: core_C changed while core is idle
Time: 835 ns  Iteration: 0  Process: /tb_top/u_mon//tb_top/u_mon  Scope: tb_top.u_mon  File: /run/media/sackb/Windows-SSD/Users/sackb/OneDrive/Desktop/University/Course_Work/2025-2026/Spring_2026/ECE_410/ECE410/project/post_m3_Minor_Redesign/tb/tb_top.sv Line: 257

Time: 845 ns Started: 835 ns Scope: /tb_top/u_mon File: /run/media/sackb/Windows-SSD/Users/sackb/OneDrive/Desktop/University/Course_Work/2025-2026/Spring_2026/ECE_410/ECE410/project/post_m3_Minor_Redesign/tb/tb_top.sv Line:256
Error: AXI MONITOR: core_C changed while core is idle
Time: 845 ns  Iteration: 0  Process: /tb_top/u_mon//tb_top/u_mon  Scope: tb_top.u_mon  File: /run/media/sackb/Windows-SSD/Users/sackb/OneDrive/Desktop/University/Course_Work/2025-2026/Spring_2026/ECE_410/ECE410/project/post_m3_Minor_Redesign/tb/tb_top.sv Line: 257

Time: 855 ns Started: 845 ns Scope: /tb_top/u_mon File: /run/media/sackb/Windows-SSD/Users/sackb/OneDrive/Desktop/University/Course_Work/2025-2026/Spring_2026/ECE_410/ECE410/project/post_m3_Minor_Redesign/tb/tb_top.sv Line:256
Error: AXI MONITOR: core_C changed while core is idle
Time: 855 ns  Iteration: 0  Process: /tb_top/u_mon//tb_top/u_mon  Scope: tb_top.u_mon  File: /run/media/sackb/Windows-SSD/Users/sackb/OneDrive/Desktop/University/Course_Work/2025-2026/Spring_2026/ECE_410/ECE410/project/post_m3_Minor_Redesign/tb/tb_top.sv Line: 257

Time: 865 ns Started: 855 ns Scope: /tb_top/u_mon File: /run/media/sackb/Windows-SSD/Users/sackb/OneDrive/Desktop/University/Course_Work/2025-2026/Spring_2026/ECE_410/ECE410/project/post_m3_Minor_Redesign/tb/tb_top.sv Line:256
Error: AXI MONITOR: core_C changed while core is idle
Time: 865 ns  Iteration: 0  Process: /tb_top/u_mon//tb_top/u_mon  Scope: tb_top.u_mon  File: /run/media/sackb/Windows-SSD/Users/sackb/OneDrive/Desktop/University/Course_Work/2025-2026/Spring_2026/ECE_410/ECE410/project/post_m3_Minor_Redesign/tb/tb_top.sv Line: 257

Time: 875 ns Started: 865 ns Scope: /tb_top/u_mon File: /run/media/sackb/Windows-SSD/Users/sackb/OneDrive/Desktop/University/Course_Work/2025-2026/Spring_2026/ECE_410/ECE410/project/post_m3_Minor_Redesign/tb/tb_top.sv Line:256
Error: AXI MONITOR: core_C changed while core is idle
Time: 875 ns  Iteration: 0  Process: /tb_top/u_mon//tb_top/u_mon  Scope: tb_top.u_mon  File: /run/media/sackb/Windows-SSD/Users/sackb/OneDrive/Desktop/University/Course_Work/2025-2026/Spring_2026/ECE_410/ECE410/project/post_m3_Minor_Redesign/tb/tb_top.sv Line: 257

Time: 885 ns Started: 875 ns Scope: /tb_top/u_mon File: /run/media/sackb/Windows-SSD/Users/sackb/OneDrive/Desktop/University/Course_Work/2025-2026/Spring_2026/ECE_410/ECE410/project/post_m3_Minor_Redesign/tb/tb_top.sv Line:256
Error: AXI MONITOR: core_C changed while core is idle
Time: 885 ns  Iteration: 0  Process: /tb_top/u_mon//tb_top/u_mon  Scope: tb_top.u_mon  File: /run/media/sackb/Windows-SSD/Users/sackb/OneDrive/Desktop/University/Course_Work/2025-2026/Spring_2026/ECE_410/ECE410/project/post_m3_Minor_Redesign/tb/tb_top.sv Line: 257

Time: 1335 ns Started: 1325 ns Scope: /tb_top/u_mon File: /run/media/sackb/Windows-SSD/Users/sackb/OneDrive/Desktop/University/Course_Work/2025-2026/Spring_2026/ECE_410/ECE410/project/post_m3_Minor_Redesign/tb/tb_top.sv Line:256
Error: AXI MONITOR: core_C changed while core is idle
Time: 1335 ns  Iteration: 0  Process: /tb_top/u_mon//tb_top/u_mon  Scope: tb_top.u_mon  File: /run/media/sackb/Windows-SSD/Users/sackb/OneDrive/Desktop/University/Course_Work/2025-2026/Spring_2026/ECE_410/ECE410/project/post_m3_Minor_Redesign/tb/tb_top.sv Line: 257

Time: 1345 ns Started: 1335 ns Scope: /tb_top/u_mon File: /run/media/sackb/Windows-SSD/Users/sackb/OneDrive/Desktop/University/Course_Work/2025-2026/Spring_2026/ECE_410/ECE410/project/post_m3_Minor_Redesign/tb/tb_top.sv Line:256
Error: AXI MONITOR: core_C changed while core is idle
Time: 1345 ns  Iteration: 0  Process: /tb_top/u_mon//tb_top/u_mon  Scope: tb_top.u_mon  File: /run/media/sackb/Windows-SSD/Users/sackb/OneDrive/Desktop/University/Course_Work/2025-2026/Spring_2026/ECE_410/ECE410/project/post_m3_Minor_Redesign/tb/tb_top.sv Line: 257

Time: 1355 ns Started: 1345 ns Scope: /tb_top/u_mon File: /run/media/sackb/Windows-SSD/Users/sackb/OneDrive/Desktop/University/Course_Work/2025-2026/Spring_2026/ECE_410/ECE410/project/post_m3_Minor_Redesign/tb/tb_top.sv Line:256
Error: AXI MONITOR: core_C changed while core is idle
Time: 1355 ns  Iteration: 0  Process: /tb_top/u_mon//tb_top/u_mon  Scope: tb_top.u_mon  File: /run/media/sackb/Windows-SSD/Users/sackb/OneDrive/Desktop/University/Course_Work/2025-2026/Spring_2026/ECE_410/ECE410/project/post_m3_Minor_Redesign/tb/tb_top.sv Line: 257

Time: 1365 ns Started: 1355 ns Scope: /tb_top/u_mon File: /run/media/sackb/Windows-SSD/Users/sackb/OneDrive/Desktop/University/Course_Work/2025-2026/Spring_2026/ECE_410/ECE410/project/post_m3_Minor_Redesign/tb/tb_top.sv Line:256
Error: AXI MONITOR: core_C changed while core is idle
Time: 1365 ns  Iteration: 0  Process: /tb_top/u_mon//tb_top/u_mon  Scope: tb_top.u_mon  File: /run/media/sackb/Windows-SSD/Users/sackb/OneDrive/Desktop/University/Course_Work/2025-2026/Spring_2026/ECE_410/ECE410/project/post_m3_Minor_Redesign/tb/tb_top.sv Line: 257

Time: 1375 ns Started: 1365 ns Scope: /tb_top/u_mon File: /run/media/sackb/Windows-SSD/Users/sackb/OneDrive/Desktop/University/Course_Work/2025-2026/Spring_2026/ECE_410/ECE410/project/post_m3_Minor_Redesign/tb/tb_top.sv Line:256
Error: AXI MONITOR: core_C changed while core is idle
Time: 1375 ns  Iteration: 0  Process: /tb_top/u_mon//tb_top/u_mon  Scope: tb_top.u_mon  File: /run/media/sackb/Windows-SSD/Users/sackb/OneDrive/Desktop/University/Course_Work/2025-2026/Spring_2026/ECE_410/ECE410/project/post_m3_Minor_Redesign/tb/tb_top.sv Line: 257

Time: 1385 ns Started: 1375 ns Scope: /tb_top/u_mon File: /run/media/sackb/Windows-SSD/Users/sackb/OneDrive/Desktop/University/Course_Work/2025-2026/Spring_2026/ECE_410/ECE410/project/post_m3_Minor_Redesign/tb/tb_top.sv Line:256
Error: AXI MONITOR: core_C changed while core is idle
Time: 1385 ns  Iteration: 0  Process: /tb_top/u_mon//tb_top/u_mon  Scope: tb_top.u_mon  File: /run/media/sackb/Windows-SSD/Users/sackb/OneDrive/Desktop/University/Course_Work/2025-2026/Spring_2026/ECE_410/ECE410/project/post_m3_Minor_Redesign/tb/tb_top.sv Line: 257

Time: 1395 ns Started: 1385 ns Scope: /tb_top/u_mon File: /run/media/sackb/Windows-SSD/Users/sackb/OneDrive/Desktop/University/Course_Work/2025-2026/Spring_2026/ECE_410/ECE410/project/post_m3_Minor_Redesign/tb/tb_top.sv Line:256
Error: AXI MONITOR: core_C changed while core is idle
Time: 1395 ns  Iteration: 0  Process: /tb_top/u_mon//tb_top/u_mon  Scope: tb_top.u_mon  File: /run/media/sackb/Windows-SSD/Users/sackb/OneDrive/Desktop/University/Course_Work/2025-2026/Spring_2026/ECE_410/ECE410/project/post_m3_Minor_Redesign/tb/tb_top.sv Line: 257

Time: 1405 ns Started: 1395 ns Scope: /tb_top/u_mon File: /run/media/sackb/Windows-SSD/Users/sackb/OneDrive/Desktop/University/Course_Work/2025-2026/Spring_2026/ECE_410/ECE410/project/post_m3_Minor_Redesign/tb/tb_top.sv Line:256
Error: AXI MONITOR: core_C changed while core is idle
Time: 1405 ns  Iteration: 0  Process: /tb_top/u_mon//tb_top/u_mon  Scope: tb_top.u_mon  File: /run/media/sackb/Windows-SSD/Users/sackb/OneDrive/Desktop/University/Course_Work/2025-2026/Spring_2026/ECE_410/ECE410/project/post_m3_Minor_Redesign/tb/tb_top.sv Line: 257

Time: 1415 ns Started: 1405 ns Scope: /tb_top/u_mon File: /run/media/sackb/Windows-SSD/Users/sackb/OneDrive/Desktop/University/Course_Work/2025-2026/Spring_2026/ECE_410/ECE410/project/post_m3_Minor_Redesign/tb/tb_top.sv Line:256
Error: AXI MONITOR: core_C changed while core is idle
Time: 1415 ns  Iteration: 0  Process: /tb_top/u_mon//tb_top/u_mon  Scope: tb_top.u_mon  File: /run/media/sackb/Windows-SSD/Users/sackb/OneDrive/Desktop/University/Course_Work/2025-2026/Spring_2026/ECE_410/ECE410/project/post_m3_Minor_Redesign/tb/tb_top.sv Line: 257

Time: 1425 ns Started: 1415 ns Scope: /tb_top/u_mon File: /run/media/sackb/Windows-SSD/Users/sackb/OneDrive/Desktop/University/Course_Work/2025-2026/Spring_2026/ECE_410/ECE410/project/post_m3_Minor_Redesign/tb/tb_top.sv Line:256
Error: AXI MONITOR: core_C changed while core is idle
Time: 1425 ns  Iteration: 0  Process: /tb_top/u_mon//tb_top/u_mon  Scope: tb_top.u_mon  File: /run/media/sackb/Windows-SSD/Users/sackb/OneDrive/Desktop/University/Course_Work/2025-2026/Spring_2026/ECE_410/ECE410/project/post_m3_Minor_Redesign/tb/tb_top.sv Line: 257

Time: 1435 ns Started: 1425 ns Scope: /tb_top/u_mon File: /run/media/sackb/Windows-SSD/Users/sackb/OneDrive/Desktop/University/Course_Work/2025-2026/Spring_2026/ECE_410/ECE410/project/post_m3_Minor_Redesign/tb/tb_top.sv Line:256
Error: AXI MONITOR: core_C changed while core is idle
Time: 1435 ns  Iteration: 0  Process: /tb_top/u_mon//tb_top/u_mon  Scope: tb_top.u_mon  File: /run/media/sackb/Windows-SSD/Users/sackb/OneDrive/Desktop/University/Course_Work/2025-2026/Spring_2026/ECE_410/ECE410/project/post_m3_Minor_Redesign/tb/tb_top.sv Line: 257

Time: 1445 ns Started: 1435 ns Scope: /tb_top/u_mon File: /run/media/sackb/Windows-SSD/Users/sackb/OneDrive/Desktop/University/Course_Work/2025-2026/Spring_2026/ECE_410/ECE410/project/post_m3_Minor_Redesign/tb/tb_top.sv Line:256
Error: AXI MONITOR: core_C changed while core is idle
Time: 1445 ns  Iteration: 0  Process: /tb_top/u_mon//tb_top/u_mon  Scope: tb_top.u_mon  File: /run/media/sackb/Windows-SSD/Users/sackb/OneDrive/Desktop/University/Course_Work/2025-2026/Spring_2026/ECE_410/ECE410/project/post_m3_Minor_Redesign/tb/tb_top.sv Line: 257

Time: 1455 ns Started: 1445 ns Scope: /tb_top/u_mon File: /run/media/sackb/Windows-SSD/Users/sackb/OneDrive/Desktop/University/Course_Work/2025-2026/Spring_2026/ECE_410/ECE410/project/post_m3_Minor_Redesign/tb/tb_top.sv Line:256
Error: AXI MONITOR: core_C changed while core is idle
Time: 1455 ns  Iteration: 0  Process: /tb_top/u_mon//tb_top/u_mon  Scope: tb_top.u_mon  File: /run/media/sackb/Windows-SSD/Users/sackb/OneDrive/Desktop/University/Course_Work/2025-2026/Spring_2026/ECE_410/ECE410/project/post_m3_Minor_Redesign/tb/tb_top.sv Line: 257

Time: 1465 ns Started: 1455 ns Scope: /tb_top/u_mon File: /run/media/sackb/Windows-SSD/Users/sackb/OneDrive/Desktop/University/Course_Work/2025-2026/Spring_2026/ECE_410/ECE410/project/post_m3_Minor_Redesign/tb/tb_top.sv Line:256
Error: AXI MONITOR: core_C changed while core is idle
Time: 1465 ns  Iteration: 0  Process: /tb_top/u_mon//tb_top/u_mon  Scope: tb_top.u_mon  File: /run/media/sackb/Windows-SSD/Users/sackb/OneDrive/Desktop/University/Course_Work/2025-2026/Spring_2026/ECE_410/ECE410/project/post_m3_Minor_Redesign/tb/tb_top.sv Line: 257

Time: 1475 ns Started: 1465 ns Scope: /tb_top/u_mon File: /run/media/sackb/Windows-SSD/Users/sackb/OneDrive/Desktop/University/Course_Work/2025-2026/Spring_2026/ECE_410/ECE410/project/post_m3_Minor_Redesign/tb/tb_top.sv Line:256
Error: AXI MONITOR: core_C changed while core is idle
Time: 1475 ns  Iteration: 0  Process: /tb_top/u_mon//tb_top/u_mon  Scope: tb_top.u_mon  File: /run/media/sackb/Windows-SSD/Users/sackb/OneDrive/Desktop/University/Course_Work/2025-2026/Spring_2026/ECE_410/ECE410/project/post_m3_Minor_Redesign/tb/tb_top.sv Line: 257

Time: 1485 ns Started: 1475 ns Scope: /tb_top/u_mon File: /run/media/sackb/Windows-SSD/Users/sackb/OneDrive/Desktop/University/Course_Work/2025-2026/Spring_2026/ECE_410/ECE410/project/post_m3_Minor_Redesign/tb/tb_top.sv Line:256
Error: AXI MONITOR: core_C changed while core is idle
Time: 1485 ns  Iteration: 0  Process: /tb_top/u_mon//tb_top/u_mon  Scope: tb_top.u_mon  File: /run/media/sackb/Windows-SSD/Users/sackb/OneDrive/Desktop/University/Course_Work/2025-2026/Spring_2026/ECE_410/ECE410/project/post_m3_Minor_Redesign/tb/tb_top.sv Line: 257

Time: 1495 ns Started: 1485 ns Scope: /tb_top/u_mon File: /run/media/sackb/Windows-SSD/Users/sackb/OneDrive/Desktop/University/Course_Work/2025-2026/Spring_2026/ECE_410/ECE410/project/post_m3_Minor_Redesign/tb/tb_top.sv Line:256
Error: AXI MONITOR: core_C changed while core is idle
Time: 1495 ns  Iteration: 0  Process: /tb_top/u_mon//tb_top/u_mon  Scope: tb_top.u_mon  File: /run/media/sackb/Windows-SSD/Users/sackb/OneDrive/Desktop/University/Course_Work/2025-2026/Spring_2026/ECE_410/ECE410/project/post_m3_Minor_Redesign/tb/tb_top.sv Line: 257

Time: 1505 ns Started: 1495 ns Scope: /tb_top/u_mon File: /run/media/sackb/Windows-SSD/Users/sackb/OneDrive/Desktop/University/Course_Work/2025-2026/Spring_2026/ECE_410/ECE410/project/post_m3_Minor_Redesign/tb/tb_top.sv Line:256
Error: AXI MONITOR: core_C changed while core is idle
Time: 1505 ns  Iteration: 0  Process: /tb_top/u_mon//tb_top/u_mon  Scope: tb_top.u_mon  File: /run/media/sackb/Windows-SSD/Users/sackb/OneDrive/Desktop/University/Course_Work/2025-2026/Spring_2026/ECE_410/ECE410/project/post_m3_Minor_Redesign/tb/tb_top.sv Line: 257

Time: 1515 ns Started: 1505 ns Scope: /tb_top/u_mon File: /run/media/sackb/Windows-SSD/Users/sackb/OneDrive/Desktop/University/Course_Work/2025-2026/Spring_2026/ECE_410/ECE410/project/post_m3_Minor_Redesign/tb/tb_top.sv Line:256
Error: AXI MONITOR: core_C changed while core is idle
Time: 1515 ns  Iteration: 0  Process: /tb_top/u_mon//tb_top/u_mon  Scope: tb_top.u_mon  File: /run/media/sackb/Windows-SSD/Users/sackb/OneDrive/Desktop/University/Course_Work/2025-2026/Spring_2026/ECE_410/ECE410/project/post_m3_Minor_Redesign/tb/tb_top.sv Line: 257

Time: 1525 ns Started: 1515 ns Scope: /tb_top/u_mon File: /run/media/sackb/Windows-SSD/Users/sackb/OneDrive/Desktop/University/Course_Work/2025-2026/Spring_2026/ECE_410/ECE410/project/post_m3_Minor_Redesign/tb/tb_top.sv Line:256
Error: AXI MONITOR: core_C changed while core is idle
Time: 1525 ns  Iteration: 0  Process: /tb_top/u_mon//tb_top/u_mon  Scope: tb_top.u_mon  File: /run/media/sackb/Windows-SSD/Users/sackb/OneDrive/Desktop/University/Course_Work/2025-2026/Spring_2026/ECE_410/ECE410/project/post_m3_Minor_Redesign/tb/tb_top.sv Line: 257

Time: 1535 ns Started: 1525 ns Scope: /tb_top/u_mon File: /run/media/sackb/Windows-SSD/Users/sackb/OneDrive/Desktop/University/Course_Work/2025-2026/Spring_2026/ECE_410/ECE410/project/post_m3_Minor_Redesign/tb/tb_top.sv Line:256
Error: AXI MONITOR: core_C changed while core is idle
Time: 1535 ns  Iteration: 0  Process: /tb_top/u_mon//tb_top/u_mon  Scope: tb_top.u_mon  File: /run/media/sackb/Windows-SSD/Users/sackb/OneDrive/Desktop/University/Course_Work/2025-2026/Spring_2026/ECE_410/ECE410/project/post_m3_Minor_Redesign/tb/tb_top.sv Line: 257

Time: 1545 ns Started: 1535 ns Scope: /tb_top/u_mon File: /run/media/sackb/Windows-SSD/Users/sackb/OneDrive/Desktop/University/Course_Work/2025-2026/Spring_2026/ECE_410/ECE410/project/post_m3_Minor_Redesign/tb/tb_top.sv Line:256
Error: AXI MONITOR: core_C changed while core is idle
Time: 1545 ns  Iteration: 0  Process: /tb_top/u_mon//tb_top/u_mon  Scope: tb_top.u_mon  File: /run/media/sackb/Windows-SSD/Users/sackb/OneDrive/Desktop/University/Course_Work/2025-2026/Spring_2026/ECE_410/ECE410/project/post_m3_Minor_Redesign/tb/tb_top.sv Line: 257

Time: 1555 ns Started: 1545 ns Scope: /tb_top/u_mon File: /run/media/sackb/Windows-SSD/Users/sackb/OneDrive/Desktop/University/Course_Work/2025-2026/Spring_2026/ECE_410/ECE410/project/post_m3_Minor_Redesign/tb/tb_top.sv Line:256
Error: AXI MONITOR: core_C changed while core is idle
Time: 1555 ns  Iteration: 0  Process: /tb_top/u_mon//tb_top/u_mon  Scope: tb_top.u_mon  File: /run/media/sackb/Windows-SSD/Users/sackb/OneDrive/Desktop/University/Course_Work/2025-2026/Spring_2026/ECE_410/ECE410/project/post_m3_Minor_Redesign/tb/tb_top.sv Line: 257

Time: 1565 ns Started: 1555 ns Scope: /tb_top/u_mon File: /run/media/sackb/Windows-SSD/Users/sackb/OneDrive/Desktop/University/Course_Work/2025-2026/Spring_2026/ECE_410/ECE410/project/post_m3_Minor_Redesign/tb/tb_top.sv Line:256
Error: AXI MONITOR: core_C changed while core is idle
Time: 1565 ns  Iteration: 0  Process: /tb_top/u_mon//tb_top/u_mon  Scope: tb_top.u_mon  File: /run/media/sackb/Windows-SSD/Users/sackb/OneDrive/Desktop/University/Course_Work/2025-2026/Spring_2026/ECE_410/ECE410/project/post_m3_Minor_Redesign/tb/tb_top.sv Line: 257

Time: 1575 ns Started: 1565 ns Scope: /tb_top/u_mon File: /run/media/sackb/Windows-SSD/Users/sackb/OneDrive/Desktop/University/Course_Work/2025-2026/Spring_2026/ECE_410/ECE410/project/post_m3_Minor_Redesign/tb/tb_top.sv Line:256
Error: AXI MONITOR: core_C changed while core is idle
Time: 1575 ns  Iteration: 0  Process: /tb_top/u_mon//tb_top/u_mon  Scope: tb_top.u_mon  File: /run/media/sackb/Windows-SSD/Users/sackb/OneDrive/Desktop/University/Course_Work/2025-2026/Spring_2026/ECE_410/ECE410/project/post_m3_Minor_Redesign/tb/tb_top.sv Line: 257

Time: 1585 ns Started: 1575 ns Scope: /tb_top/u_mon File: /run/media/sackb/Windows-SSD/Users/sackb/OneDrive/Desktop/University/Course_Work/2025-2026/Spring_2026/ECE_410/ECE410/project/post_m3_Minor_Redesign/tb/tb_top.sv Line:256
Error: AXI MONITOR: core_C changed while core is idle
Time: 1585 ns  Iteration: 0  Process: /tb_top/u_mon//tb_top/u_mon  Scope: tb_top.u_mon  File: /run/media/sackb/Windows-SSD/Users/sackb/OneDrive/Desktop/University/Course_Work/2025-2026/Spring_2026/ECE_410/ECE410/project/post_m3_Minor_Redesign/tb/tb_top.sv Line: 257

Time: 1595 ns Started: 1585 ns Scope: /tb_top/u_mon File: /run/media/sackb/Windows-SSD/Users/sackb/OneDrive/Desktop/University/Course_Work/2025-2026/Spring_2026/ECE_410/ECE410/project/post_m3_Minor_Redesign/tb/tb_top.sv Line:256
Error: AXI MONITOR: core_C changed while core is idle
Time: 1595 ns  Iteration: 0  Process: /tb_top/u_mon//tb_top/u_mon  Scope: tb_top.u_mon  File: /run/media/sackb/Windows-SSD/Users/sackb/OneDrive/Desktop/University/Course_Work/2025-2026/Spring_2026/ECE_410/ECE410/project/post_m3_Minor_Redesign/tb/tb_top.sv Line: 257

Time: 1605 ns Started: 1595 ns Scope: /tb_top/u_mon File: /run/media/sackb/Windows-SSD/Users/sackb/OneDrive/Desktop/University/Course_Work/2025-2026/Spring_2026/ECE_410/ECE410/project/post_m3_Minor_Redesign/tb/tb_top.sv Line:256
Error: AXI MONITOR: core_C changed while core is idle
Time: 1605 ns  Iteration: 0  Process: /tb_top/u_mon//tb_top/u_mon  Scope: tb_top.u_mon  File: /run/media/sackb/Windows-SSD/Users/sackb/OneDrive/Desktop/University/Course_Work/2025-2026/Spring_2026/ECE_410/ECE410/project/post_m3_Minor_Redesign/tb/tb_top.sv Line: 257

Time: 1615 ns Started: 1605 ns Scope: /tb_top/u_mon File: /run/media/sackb/Windows-SSD/Users/sackb/OneDrive/Desktop/University/Course_Work/2025-2026/Spring_2026/ECE_410/ECE410/project/post_m3_Minor_Redesign/tb/tb_top.sv Line:256
Error: AXI MONITOR: core_C changed while core is idle
Time: 1615 ns  Iteration: 0  Process: /tb_top/u_mon//tb_top/u_mon  Scope: tb_top.u_mon  File: /run/media/sackb/Windows-SSD/Users/sackb/OneDrive/Desktop/University/Course_Work/2025-2026/Spring_2026/ECE_410/ECE410/project/post_m3_Minor_Redesign/tb/tb_top.sv Line: 257

Time: 1625 ns Started: 1615 ns Scope: /tb_top/u_mon File: /run/media/sackb/Windows-SSD/Users/sackb/OneDrive/Desktop/University/Course_Work/2025-2026/Spring_2026/ECE_410/ECE410/project/post_m3_Minor_Redesign/tb/tb_top.sv Line:256
Error: AXI MONITOR: core_C changed while core is idle
Time: 1625 ns  Iteration: 0  Process: /tb_top/u_mon//tb_top/u_mon  Scope: tb_top.u_mon  File: /run/media/sackb/Windows-SSD/Users/sackb/OneDrive/Desktop/University/Course_Work/2025-2026/Spring_2026/ECE_410/ECE410/project/post_m3_Minor_Redesign/tb/tb_top.sv Line: 257

Time: 1635 ns Started: 1625 ns Scope: /tb_top/u_mon File: /run/media/sackb/Windows-SSD/Users/sackb/OneDrive/Desktop/University/Course_Work/2025-2026/Spring_2026/ECE_410/ECE410/project/post_m3_Minor_Redesign/tb/tb_top.sv Line:256
Error: AXI MONITOR: core_C changed while core is idle
Time: 1635 ns  Iteration: 0  Process: /tb_top/u_mon//tb_top/u_mon  Scope: tb_top.u_mon  File: /run/media/sackb/Windows-SSD/Users/sackb/OneDrive/Desktop/University/Course_Work/2025-2026/Spring_2026/ECE_410/ECE410/project/post_m3_Minor_Redesign/tb/tb_top.sv Line: 257

Time: 1645 ns Started: 1635 ns Scope: /tb_top/u_mon File: /run/media/sackb/Windows-SSD/Users/sackb/OneDrive/Desktop/University/Course_Work/2025-2026/Spring_2026/ECE_410/ECE410/project/post_m3_Minor_Redesign/tb/tb_top.sv Line:256
Error: AXI MONITOR: core_C changed while core is idle
Time: 1645 ns  Iteration: 0  Process: /tb_top/u_mon//tb_top/u_mon  Scope: tb_top.u_mon  File: /run/media/sackb/Windows-SSD/Users/sackb/OneDrive/Desktop/University/Course_Work/2025-2026/Spring_2026/ECE_410/ECE410/project/post_m3_Minor_Redesign/tb/tb_top.sv Line: 257

Time: 1655 ns Started: 1645 ns Scope: /tb_top/u_mon File: /run/media/sackb/Windows-SSD/Users/sackb/OneDrive/Desktop/University/Course_Work/2025-2026/Spring_2026/ECE_410/ECE410/project/post_m3_Minor_Redesign/tb/tb_top.sv Line:256
Error: AXI MONITOR: core_C changed while core is idle
Time: 1655 ns  Iteration: 0  Process: /tb_top/u_mon//tb_top/u_mon  Scope: tb_top.u_mon  File: /run/media/sackb/Windows-SSD/Users/sackb/OneDrive/Desktop/University/Course_Work/2025-2026/Spring_2026/ECE_410/ECE410/project/post_m3_Minor_Redesign/tb/tb_top.sv Line: 257

Time: 1665 ns Started: 1655 ns Scope: /tb_top/u_mon File: /run/media/sackb/Windows-SSD/Users/sackb/OneDrive/Desktop/University/Course_Work/2025-2026/Spring_2026/ECE_410/ECE410/project/post_m3_Minor_Redesign/tb/tb_top.sv Line:256
Error: AXI MONITOR: core_C changed while core is idle
Time: 1665 ns  Iteration: 0  Process: /tb_top/u_mon//tb_top/u_mon  Scope: tb_top.u_mon  File: /run/media/sackb/Windows-SSD/Users/sackb/OneDrive/Desktop/University/Course_Work/2025-2026/Spring_2026/ECE_410/ECE410/project/post_m3_Minor_Redesign/tb/tb_top.sv Line: 257

Time: 1675 ns Started: 1665 ns Scope: /tb_top/u_mon File: /run/media/sackb/Windows-SSD/Users/sackb/OneDrive/Desktop/University/Course_Work/2025-2026/Spring_2026/ECE_410/ECE410/project/post_m3_Minor_Redesign/tb/tb_top.sv Line:256
Error: AXI MONITOR: core_C changed while core is idle
Time: 1675 ns  Iteration: 0  Process: /tb_top/u_mon//tb_top/u_mon  Scope: tb_top.u_mon  File: /run/media/sackb/Windows-SSD/Users/sackb/OneDrive/Desktop/University/Course_Work/2025-2026/Spring_2026/ECE_410/ECE410/project/post_m3_Minor_Redesign/tb/tb_top.sv Line: 257

Time: 1685 ns Started: 1675 ns Scope: /tb_top/u_mon File: /run/media/sackb/Windows-SSD/Users/sackb/OneDrive/Desktop/University/Course_Work/2025-2026/Spring_2026/ECE_410/ECE410/project/post_m3_Minor_Redesign/tb/tb_top.sv Line:256
Error: AXI MONITOR: core_C changed while core is idle
Time: 1685 ns  Iteration: 0  Process: /tb_top/u_mon//tb_top/u_mon  Scope: tb_top.u_mon  File: /run/media/sackb/Windows-SSD/Users/sackb/OneDrive/Desktop/University/Course_Work/2025-2026/Spring_2026/ECE_410/ECE410/project/post_m3_Minor_Redesign/tb/tb_top.sv Line: 257

Time: 1695 ns Started: 1685 ns Scope: /tb_top/u_mon File: /run/media/sackb/Windows-SSD/Users/sackb/OneDrive/Desktop/University/Course_Work/2025-2026/Spring_2026/ECE_410/ECE410/project/post_m3_Minor_Redesign/tb/tb_top.sv Line:256
Error: AXI MONITOR: core_C changed while core is idle
Time: 1695 ns  Iteration: 0  Process: /tb_top/u_mon//tb_top/u_mon  Scope: tb_top.u_mon  File: /run/media/sackb/Windows-SSD/Users/sackb/OneDrive/Desktop/University/Course_Work/2025-2026/Spring_2026/ECE_410/ECE410/project/post_m3_Minor_Redesign/tb/tb_top.sv Line: 257
TB_TOP: Iteration 0 complete
TB_TOP: Starting iteration 1

Time: 1705 ns Started: 1695 ns Scope: /tb_top/u_mon File: /run/media/sackb/Windows-SSD/Users/sackb/OneDrive/Desktop/University/Course_Work/2025-2026/Spring_2026/ECE_410/ECE410/project/post_m3_Minor_Redesign/tb/tb_top.sv Line:256
Error: AXI MONITOR: core_C changed while core is idle
Time: 1705 ns  Iteration: 0  Process: /tb_top/u_mon//tb_top/u_mon  Scope: tb_top.u_mon  File: /run/media/sackb/Windows-SSD/Users/sackb/OneDrive/Desktop/University/Course_Work/2025-2026/Spring_2026/ECE_410/ECE410/project/post_m3_Minor_Redesign/tb/tb_top.sv Line: 257

Time: 1715 ns Started: 1705 ns Scope: /tb_top/u_mon File: /run/media/sackb/Windows-SSD/Users/sackb/OneDrive/Desktop/University/Course_Work/2025-2026/Spring_2026/ECE_410/ECE410/project/post_m3_Minor_Redesign/tb/tb_top.sv Line:256
Error: AXI MONITOR: core_C changed while core is idle
Time: 1715 ns  Iteration: 0  Process: /tb_top/u_mon//tb_top/u_mon  Scope: tb_top.u_mon  File: /run/media/sackb/Windows-SSD/Users/sackb/OneDrive/Desktop/University/Course_Work/2025-2026/Spring_2026/ECE_410/ECE410/project/post_m3_Minor_Redesign/tb/tb_top.sv Line: 257

Time: 1725 ns Started: 1715 ns Scope: /tb_top/u_mon File: /run/media/sackb/Windows-SSD/Users/sackb/OneDrive/Desktop/University/Course_Work/2025-2026/Spring_2026/ECE_410/ECE410/project/post_m3_Minor_Redesign/tb/tb_top.sv Line:256
Error: AXI MONITOR: core_C changed while core is idle
Time: 1725 ns  Iteration: 0  Process: /tb_top/u_mon//tb_top/u_mon  Scope: tb_top.u_mon  File: /run/media/sackb/Windows-SSD/Users/sackb/OneDrive/Desktop/University/Course_Work/2025-2026/Spring_2026/ECE_410/ECE410/project/post_m3_Minor_Redesign/tb/tb_top.sv Line: 257

Time: 1735 ns Started: 1725 ns Scope: /tb_top/u_mon File: /run/media/sackb/Windows-SSD/Users/sackb/OneDrive/Desktop/University/Course_Work/2025-2026/Spring_2026/ECE_410/ECE410/project/post_m3_Minor_Redesign/tb/tb_top.sv Line:256
Error: AXI MONITOR: core_C changed while core is idle
Time: 1735 ns  Iteration: 0  Process: /tb_top/u_mon//tb_top/u_mon  Scope: tb_top.u_mon  File: /run/media/sackb/Windows-SSD/Users/sackb/OneDrive/Desktop/University/Course_Work/2025-2026/Spring_2026/ECE_410/ECE410/project/post_m3_Minor_Redesign/tb/tb_top.sv Line: 257

Time: 1745 ns Started: 1735 ns Scope: /tb_top/u_mon File: /run/media/sackb/Windows-SSD/Users/sackb/OneDrive/Desktop/University/Course_Work/2025-2026/Spring_2026/ECE_410/ECE410/project/post_m3_Minor_Redesign/tb/tb_top.sv Line:256
Error: AXI MONITOR: core_C changed while core is idle
Time: 1745 ns  Iteration: 0  Process: /tb_top/u_mon//tb_top/u_mon  Scope: tb_top.u_mon  File: /run/media/sackb/Windows-SSD/Users/sackb/OneDrive/Desktop/University/Course_Work/2025-2026/Spring_2026/ECE_410/ECE410/project/post_m3_Minor_Redesign/tb/tb_top.sv Line: 257

Time: 1755 ns Started: 1745 ns Scope: /tb_top/u_mon File: /run/media/sackb/Windows-SSD/Users/sackb/OneDrive/Desktop/University/Course_Work/2025-2026/Spring_2026/ECE_410/ECE410/project/post_m3_Minor_Redesign/tb/tb_top.sv Line:256
Error: AXI MONITOR: core_C changed while core is idle
Time: 1755 ns  Iteration: 0  Process: /tb_top/u_mon//tb_top/u_mon  Scope: tb_top.u_mon  File: /run/media/sackb/Windows-SSD/Users/sackb/OneDrive/Desktop/University/Course_Work/2025-2026/Spring_2026/ECE_410/ECE410/project/post_m3_Minor_Redesign/tb/tb_top.sv Line: 257

Time: 1765 ns Started: 1755 ns Scope: /tb_top/u_mon File: /run/media/sackb/Windows-SSD/Users/sackb/OneDrive/Desktop/University/Course_Work/2025-2026/Spring_2026/ECE_410/ECE410/project/post_m3_Minor_Redesign/tb/tb_top.sv Line:256
Error: AXI MONITOR: core_C changed while core is idle
Time: 1765 ns  Iteration: 0  Process: /tb_top/u_mon//tb_top/u_mon  Scope: tb_top.u_mon  File: /run/media/sackb/Windows-SSD/Users/sackb/OneDrive/Desktop/University/Course_Work/2025-2026/Spring_2026/ECE_410/ECE410/project/post_m3_Minor_Redesign/tb/tb_top.sv Line: 257

Time: 1775 ns Started: 1765 ns Scope: /tb_top/u_mon File: /run/media/sackb/Windows-SSD/Users/sackb/OneDrive/Desktop/University/Course_Work/2025-2026/Spring_2026/ECE_410/ECE410/project/post_m3_Minor_Redesign/tb/tb_top.sv Line:256
Error: AXI MONITOR: core_C changed while core is idle
Time: 1775 ns  Iteration: 0  Process: /tb_top/u_mon//tb_top/u_mon  Scope: tb_top.u_mon  File: /run/media/sackb/Windows-SSD/Users/sackb/OneDrive/Desktop/University/Course_Work/2025-2026/Spring_2026/ECE_410/ECE410/project/post_m3_Minor_Redesign/tb/tb_top.sv Line: 257

Time: 1785 ns Started: 1775 ns Scope: /tb_top/u_mon File: /run/media/sackb/Windows-SSD/Users/sackb/OneDrive/Desktop/University/Course_Work/2025-2026/Spring_2026/ECE_410/ECE410/project/post_m3_Minor_Redesign/tb/tb_top.sv Line:256
Error: AXI MONITOR: core_C changed while core is idle
Time: 1785 ns  Iteration: 0  Process: /tb_top/u_mon//tb_top/u_mon  Scope: tb_top.u_mon  File: /run/media/sackb/Windows-SSD/Users/sackb/OneDrive/Desktop/University/Course_Work/2025-2026/Spring_2026/ECE_410/ECE410/project/post_m3_Minor_Redesign/tb/tb_top.sv Line: 257

Time: 1795 ns Started: 1785 ns Scope: /tb_top/u_mon File: /run/media/sackb/Windows-SSD/Users/sackb/OneDrive/Desktop/University/Course_Work/2025-2026/Spring_2026/ECE_410/ECE410/project/post_m3_Minor_Redesign/tb/tb_top.sv Line:256
Error: AXI MONITOR: core_C changed while core is idle
Time: 1795 ns  Iteration: 0  Process: /tb_top/u_mon//tb_top/u_mon  Scope: tb_top.u_mon  File: /run/media/sackb/Windows-SSD/Users/sackb/OneDrive/Desktop/University/Course_Work/2025-2026/Spring_2026/ECE_410/ECE410/project/post_m3_Minor_Redesign/tb/tb_top.sv Line: 257

Time: 1805 ns Started: 1795 ns Scope: /tb_top/u_mon File: /run/media/sackb/Windows-SSD/Users/sackb/OneDrive/Desktop/University/Course_Work/2025-2026/Spring_2026/ECE_410/ECE410/project/post_m3_Minor_Redesign/tb/tb_top.sv Line:256
Error: AXI MONITOR: core_C changed while core is idle
Time: 1805 ns  Iteration: 0  Process: /tb_top/u_mon//tb_top/u_mon  Scope: tb_top.u_mon  File: /run/media/sackb/Windows-SSD/Users/sackb/OneDrive/Desktop/University/Course_Work/2025-2026/Spring_2026/ECE_410/ECE410/project/post_m3_Minor_Redesign/tb/tb_top.sv Line: 257

Time: 1815 ns Started: 1805 ns Scope: /tb_top/u_mon File: /run/media/sackb/Windows-SSD/Users/sackb/OneDrive/Desktop/University/Course_Work/2025-2026/Spring_2026/ECE_410/ECE410/project/post_m3_Minor_Redesign/tb/tb_top.sv Line:256
Error: AXI MONITOR: core_C changed while core is idle
Time: 1815 ns  Iteration: 0  Process: /tb_top/u_mon//tb_top/u_mon  Scope: tb_top.u_mon  File: /run/media/sackb/Windows-SSD/Users/sackb/OneDrive/Desktop/University/Course_Work/2025-2026/Spring_2026/ECE_410/ECE410/project/post_m3_Minor_Redesign/tb/tb_top.sv Line: 257

Time: 1825 ns Started: 1815 ns Scope: /tb_top/u_mon File: /run/media/sackb/Windows-SSD/Users/sackb/OneDrive/Desktop/University/Course_Work/2025-2026/Spring_2026/ECE_410/ECE410/project/post_m3_Minor_Redesign/tb/tb_top.sv Line:256
Error: AXI MONITOR: core_C changed while core is idle
Time: 1825 ns  Iteration: 0  Process: /tb_top/u_mon//tb_top/u_mon  Scope: tb_top.u_mon  File: /run/media/sackb/Windows-SSD/Users/sackb/OneDrive/Desktop/University/Course_Work/2025-2026/Spring_2026/ECE_410/ECE410/project/post_m3_Minor_Redesign/tb/tb_top.sv Line: 257

Time: 1835 ns Started: 1825 ns Scope: /tb_top/u_mon File: /run/media/sackb/Windows-SSD/Users/sackb/OneDrive/Desktop/University/Course_Work/2025-2026/Spring_2026/ECE_410/ECE410/project/post_m3_Minor_Redesign/tb/tb_top.sv Line:256
Error: AXI MONITOR: core_C changed while core is idle
Time: 1835 ns  Iteration: 0  Process: /tb_top/u_mon//tb_top/u_mon  Scope: tb_top.u_mon  File: /run/media/sackb/Windows-SSD/Users/sackb/OneDrive/Desktop/University/Course_Work/2025-2026/Spring_2026/ECE_410/ECE410/project/post_m3_Minor_Redesign/tb/tb_top.sv Line: 257

Time: 1845 ns Started: 1835 ns Scope: /tb_top/u_mon File: /run/media/sackb/Windows-SSD/Users/sackb/OneDrive/Desktop/University/Course_Work/2025-2026/Spring_2026/ECE_410/ECE410/project/post_m3_Minor_Redesign/tb/tb_top.sv Line:256
Error: AXI MONITOR: core_C changed while core is idle
Time: 1845 ns  Iteration: 0  Process: /tb_top/u_mon//tb_top/u_mon  Scope: tb_top.u_mon  File: /run/media/sackb/Windows-SSD/Users/sackb/OneDrive/Desktop/University/Course_Work/2025-2026/Spring_2026/ECE_410/ECE410/project/post_m3_Minor_Redesign/tb/tb_top.sv Line: 257

Time: 1855 ns Started: 1845 ns Scope: /tb_top/u_mon File: /run/media/sackb/Windows-SSD/Users/sackb/OneDrive/Desktop/University/Course_Work/2025-2026/Spring_2026/ECE_410/ECE410/project/post_m3_Minor_Redesign/tb/tb_top.sv Line:256
Error: AXI MONITOR: core_C changed while core is idle
Time: 1855 ns  Iteration: 0  Process: /tb_top/u_mon//tb_top/u_mon  Scope: tb_top.u_mon  File: /run/media/sackb/Windows-SSD/Users/sackb/OneDrive/Desktop/University/Course_Work/2025-2026/Spring_2026/ECE_410/ECE410/project/post_m3_Minor_Redesign/tb/tb_top.sv Line: 257

Time: 1865 ns Started: 1855 ns Scope: /tb_top/u_mon File: /run/media/sackb/Windows-SSD/Users/sackb/OneDrive/Desktop/University/Course_Work/2025-2026/Spring_2026/ECE_410/ECE410/project/post_m3_Minor_Redesign/tb/tb_top.sv Line:256
Error: AXI MONITOR: core_C changed while core is idle
Time: 1865 ns  Iteration: 0  Process: /tb_top/u_mon//tb_top/u_mon  Scope: tb_top.u_mon  File: /run/media/sackb/Windows-SSD/Users/sackb/OneDrive/Desktop/University/Course_Work/2025-2026/Spring_2026/ECE_410/ECE410/project/post_m3_Minor_Redesign/tb/tb_top.sv Line: 257

Time: 1875 ns Started: 1865 ns Scope: /tb_top/u_mon File: /run/media/sackb/Windows-SSD/Users/sackb/OneDrive/Desktop/University/Course_Work/2025-2026/Spring_2026/ECE_410/ECE410/project/post_m3_Minor_Redesign/tb/tb_top.sv Line:256
Error: AXI MONITOR: core_C changed while core is idle
Time: 1875 ns  Iteration: 0  Process: /tb_top/u_mon//tb_top/u_mon  Scope: tb_top.u_mon  File: /run/media/sackb/Windows-SSD/Users/sackb/OneDrive/Desktop/University/Course_Work/2025-2026/Spring_2026/ECE_410/ECE410/project/post_m3_Minor_Redesign/tb/tb_top.sv Line: 257

Time: 1885 ns Started: 1875 ns Scope: /tb_top/u_mon File: /run/media/sackb/Windows-SSD/Users/sackb/OneDrive/Desktop/University/Course_Work/2025-2026/Spring_2026/ECE_410/ECE410/project/post_m3_Minor_Redesign/tb/tb_top.sv Line:256
Error: AXI MONITOR: core_C changed while core is idle
Time: 1885 ns  Iteration: 0  Process: /tb_top/u_mon//tb_top/u_mon  Scope: tb_top.u_mon  File: /run/media/sackb/Windows-SSD/Users/sackb/OneDrive/Desktop/University/Course_Work/2025-2026/Spring_2026/ECE_410/ECE410/project/post_m3_Minor_Redesign/tb/tb_top.sv Line: 257

Time: 1895 ns Started: 1885 ns Scope: /tb_top/u_mon File: /run/media/sackb/Windows-SSD/Users/sackb/OneDrive/Desktop/University/Course_Work/2025-2026/Spring_2026/ECE_410/ECE410/project/post_m3_Minor_Redesign/tb/tb_top.sv Line:256
Error: AXI MONITOR: core_C changed while core is idle
Time: 1895 ns  Iteration: 0  Process: /tb_top/u_mon//tb_top/u_mon  Scope: tb_top.u_mon  File: /run/media/sackb/Windows-SSD/Users/sackb/OneDrive/Desktop/University/Course_Work/2025-2026/Spring_2026/ECE_410/ECE410/project/post_m3_Minor_Redesign/tb/tb_top.sv Line: 257

Time: 1905 ns Started: 1895 ns Scope: /tb_top/u_mon File: /run/media/sackb/Windows-SSD/Users/sackb/OneDrive/Desktop/University/Course_Work/2025-2026/Spring_2026/ECE_410/ECE410/project/post_m3_Minor_Redesign/tb/tb_top.sv Line:256
Error: AXI MONITOR: core_C changed while core is idle
Time: 1905 ns  Iteration: 0  Process: /tb_top/u_mon//tb_top/u_mon  Scope: tb_top.u_mon  File: /run/media/sackb/Windows-SSD/Users/sackb/OneDrive/Desktop/University/Course_Work/2025-2026/Spring_2026/ECE_410/ECE410/project/post_m3_Minor_Redesign/tb/tb_top.sv Line: 257

Time: 1915 ns Started: 1905 ns Scope: /tb_top/u_mon File: /run/media/sackb/Windows-SSD/Users/sackb/OneDrive/Desktop/University/Course_Work/2025-2026/Spring_2026/ECE_410/ECE410/project/post_m3_Minor_Redesign/tb/tb_top.sv Line:256
Error: AXI MONITOR: core_C changed while core is idle
Time: 1915 ns  Iteration: 0  Process: /tb_top/u_mon//tb_top/u_mon  Scope: tb_top.u_mon  File: /run/media/sackb/Windows-SSD/Users/sackb/OneDrive/Desktop/University/Course_Work/2025-2026/Spring_2026/ECE_410/ECE410/project/post_m3_Minor_Redesign/tb/tb_top.sv Line: 257

Time: 1925 ns Started: 1915 ns Scope: /tb_top/u_mon File: /run/media/sackb/Windows-SSD/Users/sackb/OneDrive/Desktop/University/Course_Work/2025-2026/Spring_2026/ECE_410/ECE410/project/post_m3_Minor_Redesign/tb/tb_top.sv Line:256
Error: AXI MONITOR: core_C changed while core is idle
Time: 1925 ns  Iteration: 0  Process: /tb_top/u_mon//tb_top/u_mon  Scope: tb_top.u_mon  File: /run/media/sackb/Windows-SSD/Users/sackb/OneDrive/Desktop/University/Course_Work/2025-2026/Spring_2026/ECE_410/ECE410/project/post_m3_Minor_Redesign/tb/tb_top.sv Line: 257

Time: 1935 ns Started: 1925 ns Scope: /tb_top/u_mon File: /run/media/sackb/Windows-SSD/Users/sackb/OneDrive/Desktop/University/Course_Work/2025-2026/Spring_2026/ECE_410/ECE410/project/post_m3_Minor_Redesign/tb/tb_top.sv Line:256
Error: AXI MONITOR: core_C changed while core is idle
Time: 1935 ns  Iteration: 0  Process: /tb_top/u_mon//tb_top/u_mon  Scope: tb_top.u_mon  File: /run/media/sackb/Windows-SSD/Users/sackb/OneDrive/Desktop/University/Course_Work/2025-2026/Spring_2026/ECE_410/ECE410/project/post_m3_Minor_Redesign/tb/tb_top.sv Line: 257

Time: 1945 ns Started: 1935 ns Scope: /tb_top/u_mon File: /run/media/sackb/Windows-SSD/Users/sackb/OneDrive/Desktop/University/Course_Work/2025-2026/Spring_2026/ECE_410/ECE410/project/post_m3_Minor_Redesign/tb/tb_top.sv Line:256
Error: AXI MONITOR: core_C changed while core is idle
Time: 1945 ns  Iteration: 0  Process: /tb_top/u_mon//tb_top/u_mon  Scope: tb_top.u_mon  File: /run/media/sackb/Windows-SSD/Users/sackb/OneDrive/Desktop/University/Course_Work/2025-2026/Spring_2026/ECE_410/ECE410/project/post_m3_Minor_Redesign/tb/tb_top.sv Line: 257

Time: 1955 ns Started: 1945 ns Scope: /tb_top/u_mon File: /run/media/sackb/Windows-SSD/Users/sackb/OneDrive/Desktop/University/Course_Work/2025-2026/Spring_2026/ECE_410/ECE410/project/post_m3_Minor_Redesign/tb/tb_top.sv Line:256
Error: AXI MONITOR: core_C changed while core is idle
Time: 1955 ns  Iteration: 0  Process: /tb_top/u_mon//tb_top/u_mon  Scope: tb_top.u_mon  File: /run/media/sackb/Windows-SSD/Users/sackb/OneDrive/Desktop/University/Course_Work/2025-2026/Spring_2026/ECE_410/ECE410/project/post_m3_Minor_Redesign/tb/tb_top.sv Line: 257

Time: 1965 ns Started: 1955 ns Scope: /tb_top/u_mon File: /run/media/sackb/Windows-SSD/Users/sackb/OneDrive/Desktop/University/Course_Work/2025-2026/Spring_2026/ECE_410/ECE410/project/post_m3_Minor_Redesign/tb/tb_top.sv Line:256
Error: AXI MONITOR: core_C changed while core is idle
Time: 1965 ns  Iteration: 0  Process: /tb_top/u_mon//tb_top/u_mon  Scope: tb_top.u_mon  File: /run/media/sackb/Windows-SSD/Users/sackb/OneDrive/Desktop/University/Course_Work/2025-2026/Spring_2026/ECE_410/ECE410/project/post_m3_Minor_Redesign/tb/tb_top.sv Line: 257

Time: 1975 ns Started: 1965 ns Scope: /tb_top/u_mon File: /run/media/sackb/Windows-SSD/Users/sackb/OneDrive/Desktop/University/Course_Work/2025-2026/Spring_2026/ECE_410/ECE410/project/post_m3_Minor_Redesign/tb/tb_top.sv Line:256
Error: AXI MONITOR: core_C changed while core is idle
Time: 1975 ns  Iteration: 0  Process: /tb_top/u_mon//tb_top/u_mon  Scope: tb_top.u_mon  File: /run/media/sackb/Windows-SSD/Users/sackb/OneDrive/Desktop/University/Course_Work/2025-2026/Spring_2026/ECE_410/ECE410/project/post_m3_Minor_Redesign/tb/tb_top.sv Line: 257

Time: 1985 ns Started: 1975 ns Scope: /tb_top/u_mon File: /run/media/sackb/Windows-SSD/Users/sackb/OneDrive/Desktop/University/Course_Work/2025-2026/Spring_2026/ECE_410/ECE410/project/post_m3_Minor_Redesign/tb/tb_top.sv Line:256
Error: AXI MONITOR: core_C changed while core is idle
Time: 1985 ns  Iteration: 0  Process: /tb_top/u_mon//tb_top/u_mon  Scope: tb_top.u_mon  File: /run/media/sackb/Windows-SSD/Users/sackb/OneDrive/Desktop/University/Course_Work/2025-2026/Spring_2026/ECE_410/ECE410/project/post_m3_Minor_Redesign/tb/tb_top.sv Line: 257

Time: 1995 ns Started: 1985 ns Scope: /tb_top/u_mon File: /run/media/sackb/Windows-SSD/Users/sackb/OneDrive/Desktop/University/Course_Work/2025-2026/Spring_2026/ECE_410/ECE410/project/post_m3_Minor_Redesign/tb/tb_top.sv Line:256
Error: AXI MONITOR: core_C changed while core is idle
Time: 1995 ns  Iteration: 0  Process: /tb_top/u_mon//tb_top/u_mon  Scope: tb_top.u_mon  File: /run/media/sackb/Windows-SSD/Users/sackb/OneDrive/Desktop/University/Course_Work/2025-2026/Spring_2026/ECE_410/ECE410/project/post_m3_Minor_Redesign/tb/tb_top.sv Line: 257

Time: 2005 ns Started: 1995 ns Scope: /tb_top/u_mon File: /run/media/sackb/Windows-SSD/Users/sackb/OneDrive/Desktop/University/Course_Work/2025-2026/Spring_2026/ECE_410/ECE410/project/post_m3_Minor_Redesign/tb/tb_top.sv Line:256
Error: AXI MONITOR: core_C changed while core is idle
Time: 2005 ns  Iteration: 0  Process: /tb_top/u_mon//tb_top/u_mon  Scope: tb_top.u_mon  File: /run/media/sackb/Windows-SSD/Users/sackb/OneDrive/Desktop/University/Course_Work/2025-2026/Spring_2026/ECE_410/ECE410/project/post_m3_Minor_Redesign/tb/tb_top.sv Line: 257

Time: 2015 ns Started: 2005 ns Scope: /tb_top/u_mon File: /run/media/sackb/Windows-SSD/Users/sackb/OneDrive/Desktop/University/Course_Work/2025-2026/Spring_2026/ECE_410/ECE410/project/post_m3_Minor_Redesign/tb/tb_top.sv Line:256
Error: AXI MONITOR: core_C changed while core is idle
Time: 2015 ns  Iteration: 0  Process: /tb_top/u_mon//tb_top/u_mon  Scope: tb_top.u_mon  File: /run/media/sackb/Windows-SSD/Users/sackb/OneDrive/Desktop/University/Course_Work/2025-2026/Spring_2026/ECE_410/ECE410/project/post_m3_Minor_Redesign/tb/tb_top.sv Line: 257

Time: 2025 ns Started: 2015 ns Scope: /tb_top/u_mon File: /run/media/sackb/Windows-SSD/Users/sackb/OneDrive/Desktop/University/Course_Work/2025-2026/Spring_2026/ECE_410/ECE410/project/post_m3_Minor_Redesign/tb/tb_top.sv Line:256
Error: AXI MONITOR: core_C changed while core is idle
Time: 2025 ns  Iteration: 0  Process: /tb_top/u_mon//tb_top/u_mon  Scope: tb_top.u_mon  File: /run/media/sackb/Windows-SSD/Users/sackb/OneDrive/Desktop/University/Course_Work/2025-2026/Spring_2026/ECE_410/ECE410/project/post_m3_Minor_Redesign/tb/tb_top.sv Line: 257

Time: 2035 ns Started: 2025 ns Scope: /tb_top/u_mon File: /run/media/sackb/Windows-SSD/Users/sackb/OneDrive/Desktop/University/Course_Work/2025-2026/Spring_2026/ECE_410/ECE410/project/post_m3_Minor_Redesign/tb/tb_top.sv Line:256
Error: AXI MONITOR: core_C changed while core is idle
Time: 2035 ns  Iteration: 0  Process: /tb_top/u_mon//tb_top/u_mon  Scope: tb_top.u_mon  File: /run/media/sackb/Windows-SSD/Users/sackb/OneDrive/Desktop/University/Course_Work/2025-2026/Spring_2026/ECE_410/ECE410/project/post_m3_Minor_Redesign/tb/tb_top.sv Line: 257

Time: 2045 ns Started: 2035 ns Scope: /tb_top/u_mon File: /run/media/sackb/Windows-SSD/Users/sackb/OneDrive/Desktop/University/Course_Work/2025-2026/Spring_2026/ECE_410/ECE410/project/post_m3_Minor_Redesign/tb/tb_top.sv Line:256
Error: AXI MONITOR: core_C changed while core is idle
Time: 2045 ns  Iteration: 0  Process: /tb_top/u_mon//tb_top/u_mon  Scope: tb_top.u_mon  File: /run/media/sackb/Windows-SSD/Users/sackb/OneDrive/Desktop/University/Course_Work/2025-2026/Spring_2026/ECE_410/ECE410/project/post_m3_Minor_Redesign/tb/tb_top.sv Line: 257

Time: 2055 ns Started: 2045 ns Scope: /tb_top/u_mon File: /run/media/sackb/Windows-SSD/Users/sackb/OneDrive/Desktop/University/Course_Work/2025-2026/Spring_2026/ECE_410/ECE410/project/post_m3_Minor_Redesign/tb/tb_top.sv Line:256
Error: AXI MONITOR: core_C changed while core is idle
Time: 2055 ns  Iteration: 0  Process: /tb_top/u_mon//tb_top/u_mon  Scope: tb_top.u_mon  File: /run/media/sackb/Windows-SSD/Users/sackb/OneDrive/Desktop/University/Course_Work/2025-2026/Spring_2026/ECE_410/ECE410/project/post_m3_Minor_Redesign/tb/tb_top.sv Line: 257

Time: 2065 ns Started: 2055 ns Scope: /tb_top/u_mon File: /run/media/sackb/Windows-SSD/Users/sackb/OneDrive/Desktop/University/Course_Work/2025-2026/Spring_2026/ECE_410/ECE410/project/post_m3_Minor_Redesign/tb/tb_top.sv Line:256
Error: AXI MONITOR: core_C changed while core is idle
Time: 2065 ns  Iteration: 0  Process: /tb_top/u_mon//tb_top/u_mon  Scope: tb_top.u_mon  File: /run/media/sackb/Windows-SSD/Users/sackb/OneDrive/Desktop/University/Course_Work/2025-2026/Spring_2026/ECE_410/ECE410/project/post_m3_Minor_Redesign/tb/tb_top.sv Line: 257

Time: 2075 ns Started: 2065 ns Scope: /tb_top/u_mon File: /run/media/sackb/Windows-SSD/Users/sackb/OneDrive/Desktop/University/Course_Work/2025-2026/Spring_2026/ECE_410/ECE410/project/post_m3_Minor_Redesign/tb/tb_top.sv Line:256
Error: AXI MONITOR: core_C changed while core is idle
Time: 2075 ns  Iteration: 0  Process: /tb_top/u_mon//tb_top/u_mon  Scope: tb_top.u_mon  File: /run/media/sackb/Windows-SSD/Users/sackb/OneDrive/Desktop/University/Course_Work/2025-2026/Spring_2026/ECE_410/ECE410/project/post_m3_Minor_Redesign/tb/tb_top.sv Line: 257

Time: 2085 ns Started: 2075 ns Scope: /tb_top/u_mon File: /run/media/sackb/Windows-SSD/Users/sackb/OneDrive/Desktop/University/Course_Work/2025-2026/Spring_2026/ECE_410/ECE410/project/post_m3_Minor_Redesign/tb/tb_top.sv Line:256
Error: AXI MONITOR: core_C changed while core is idle
Time: 2085 ns  Iteration: 0  Process: /tb_top/u_mon//tb_top/u_mon  Scope: tb_top.u_mon  File: /run/media/sackb/Windows-SSD/Users/sackb/OneDrive/Desktop/University/Course_Work/2025-2026/Spring_2026/ECE_410/ECE410/project/post_m3_Minor_Redesign/tb/tb_top.sv Line: 257

Time: 2095 ns Started: 2085 ns Scope: /tb_top/u_mon File: /run/media/sackb/Windows-SSD/Users/sackb/OneDrive/Desktop/University/Course_Work/2025-2026/Spring_2026/ECE_410/ECE410/project/post_m3_Minor_Redesign/tb/tb_top.sv Line:256
Error: AXI MONITOR: core_C changed while core is idle
Time: 2095 ns  Iteration: 0  Process: /tb_top/u_mon//tb_top/u_mon  Scope: tb_top.u_mon  File: /run/media/sackb/Windows-SSD/Users/sackb/OneDrive/Desktop/University/Course_Work/2025-2026/Spring_2026/ECE_410/ECE410/project/post_m3_Minor_Redesign/tb/tb_top.sv Line: 257

Time: 2105 ns Started: 2095 ns Scope: /tb_top/u_mon File: /run/media/sackb/Windows-SSD/Users/sackb/OneDrive/Desktop/University/Course_Work/2025-2026/Spring_2026/ECE_410/ECE410/project/post_m3_Minor_Redesign/tb/tb_top.sv Line:256
Error: AXI MONITOR: core_C changed while core is idle
Time: 2105 ns  Iteration: 0  Process: /tb_top/u_mon//tb_top/u_mon  Scope: tb_top.u_mon  File: /run/media/sackb/Windows-SSD/Users/sackb/OneDrive/Desktop/University/Course_Work/2025-2026/Spring_2026/ECE_410/ECE410/project/post_m3_Minor_Redesign/tb/tb_top.sv Line: 257

Time: 2115 ns Started: 2105 ns Scope: /tb_top/u_mon File: /run/media/sackb/Windows-SSD/Users/sackb/OneDrive/Desktop/University/Course_Work/2025-2026/Spring_2026/ECE_410/ECE410/project/post_m3_Minor_Redesign/tb/tb_top.sv Line:256
Error: AXI MONITOR: core_C changed while core is idle
Time: 2115 ns  Iteration: 0  Process: /tb_top/u_mon//tb_top/u_mon  Scope: tb_top.u_mon  File: /run/media/sackb/Windows-SSD/Users/sackb/OneDrive/Desktop/University/Course_Work/2025-2026/Spring_2026/ECE_410/ECE410/project/post_m3_Minor_Redesign/tb/tb_top.sv Line: 257

Time: 2125 ns Started: 2115 ns Scope: /tb_top/u_mon File: /run/media/sackb/Windows-SSD/Users/sackb/OneDrive/Desktop/University/Course_Work/2025-2026/Spring_2026/ECE_410/ECE410/project/post_m3_Minor_Redesign/tb/tb_top.sv Line:256
Error: AXI MONITOR: core_C changed while core is idle
Time: 2125 ns  Iteration: 0  Process: /tb_top/u_mon//tb_top/u_mon  Scope: tb_top.u_mon  File: /run/media/sackb/Windows-SSD/Users/sackb/OneDrive/Desktop/University/Course_Work/2025-2026/Spring_2026/ECE_410/ECE410/project/post_m3_Minor_Redesign/tb/tb_top.sv Line: 257

Time: 2135 ns Started: 2125 ns Scope: /tb_top/u_mon File: /run/media/sackb/Windows-SSD/Users/sackb/OneDrive/Desktop/University/Course_Work/2025-2026/Spring_2026/ECE_410/ECE410/project/post_m3_Minor_Redesign/tb/tb_top.sv Line:256
Error: AXI MONITOR: core_C changed while core is idle
Time: 2135 ns  Iteration: 0  Process: /tb_top/u_mon//tb_top/u_mon  Scope: tb_top.u_mon  File: /run/media/sackb/Windows-SSD/Users/sackb/OneDrive/Desktop/University/Course_Work/2025-2026/Spring_2026/ECE_410/ECE410/project/post_m3_Minor_Redesign/tb/tb_top.sv Line: 257

Time: 2145 ns Started: 2135 ns Scope: /tb_top/u_mon File: /run/media/sackb/Windows-SSD/Users/sackb/OneDrive/Desktop/University/Course_Work/2025-2026/Spring_2026/ECE_410/ECE410/project/post_m3_Minor_Redesign/tb/tb_top.sv Line:256
Error: AXI MONITOR: core_C changed while core is idle
Time: 2145 ns  Iteration: 0  Process: /tb_top/u_mon//tb_top/u_mon  Scope: tb_top.u_mon  File: /run/media/sackb/Windows-SSD/Users/sackb/OneDrive/Desktop/University/Course_Work/2025-2026/Spring_2026/ECE_410/ECE410/project/post_m3_Minor_Redesign/tb/tb_top.sv Line: 257

Time: 2155 ns Started: 2145 ns Scope: /tb_top/u_mon File: /run/media/sackb/Windows-SSD/Users/sackb/OneDrive/Desktop/University/Course_Work/2025-2026/Spring_2026/ECE_410/ECE410/project/post_m3_Minor_Redesign/tb/tb_top.sv Line:256
Error: AXI MONITOR: core_C changed while core is idle
Time: 2155 ns  Iteration: 0  Process: /tb_top/u_mon//tb_top/u_mon  Scope: tb_top.u_mon  File: /run/media/sackb/Windows-SSD/Users/sackb/OneDrive/Desktop/University/Course_Work/2025-2026/Spring_2026/ECE_410/ECE410/project/post_m3_Minor_Redesign/tb/tb_top.sv Line: 257

Time: 2165 ns Started: 2155 ns Scope: /tb_top/u_mon File: /run/media/sackb/Windows-SSD/Users/sackb/OneDrive/Desktop/University/Course_Work/2025-2026/Spring_2026/ECE_410/ECE410/project/post_m3_Minor_Redesign/tb/tb_top.sv Line:256
Error: AXI MONITOR: core_C changed while core is idle
Time: 2165 ns  Iteration: 0  Process: /tb_top/u_mon//tb_top/u_mon  Scope: tb_top.u_mon  File: /run/media/sackb/Windows-SSD/Users/sackb/OneDrive/Desktop/University/Course_Work/2025-2026/Spring_2026/ECE_410/ECE410/project/post_m3_Minor_Redesign/tb/tb_top.sv Line: 257

Time: 2175 ns Started: 2165 ns Scope: /tb_top/u_mon File: /run/media/sackb/Windows-SSD/Users/sackb/OneDrive/Desktop/University/Course_Work/2025-2026/Spring_2026/ECE_410/ECE410/project/post_m3_Minor_Redesign/tb/tb_top.sv Line:256
Error: AXI MONITOR: core_C changed while core is idle
Time: 2175 ns  Iteration: 0  Process: /tb_top/u_mon//tb_top/u_mon  Scope: tb_top.u_mon  File: /run/media/sackb/Windows-SSD/Users/sackb/OneDrive/Desktop/University/Course_Work/2025-2026/Spring_2026/ECE_410/ECE410/project/post_m3_Minor_Redesign/tb/tb_top.sv Line: 257

Time: 2185 ns Started: 2175 ns Scope: /tb_top/u_mon File: /run/media/sackb/Windows-SSD/Users/sackb/OneDrive/Desktop/University/Course_Work/2025-2026/Spring_2026/ECE_410/ECE410/project/post_m3_Minor_Redesign/tb/tb_top.sv Line:256
Error: AXI MONITOR: core_C changed while core is idle
Time: 2185 ns  Iteration: 0  Process: /tb_top/u_mon//tb_top/u_mon  Scope: tb_top.u_mon  File: /run/media/sackb/Windows-SSD/Users/sackb/OneDrive/Desktop/University/Course_Work/2025-2026/Spring_2026/ECE_410/ECE410/project/post_m3_Minor_Redesign/tb/tb_top.sv Line: 257

Time: 2195 ns Started: 2185 ns Scope: /tb_top/u_mon File: /run/media/sackb/Windows-SSD/Users/sackb/OneDrive/Desktop/University/Course_Work/2025-2026/Spring_2026/ECE_410/ECE410/project/post_m3_Minor_Redesign/tb/tb_top.sv Line:256
Error: AXI MONITOR: core_C changed while core is idle
Time: 2195 ns  Iteration: 0  Process: /tb_top/u_mon//tb_top/u_mon  Scope: tb_top.u_mon  File: /run/media/sackb/Windows-SSD/Users/sackb/OneDrive/Desktop/University/Course_Work/2025-2026/Spring_2026/ECE_410/ECE410/project/post_m3_Minor_Redesign/tb/tb_top.sv Line: 257

Time: 2205 ns Started: 2195 ns Scope: /tb_top/u_mon File: /run/media/sackb/Windows-SSD/Users/sackb/OneDrive/Desktop/University/Course_Work/2025-2026/Spring_2026/ECE_410/ECE410/project/post_m3_Minor_Redesign/tb/tb_top.sv Line:256
Error: AXI MONITOR: core_C changed while core is idle
Time: 2205 ns  Iteration: 0  Process: /tb_top/u_mon//tb_top/u_mon  Scope: tb_top.u_mon  File: /run/media/sackb/Windows-SSD/Users/sackb/OneDrive/Desktop/University/Course_Work/2025-2026/Spring_2026/ECE_410/ECE410/project/post_m3_Minor_Redesign/tb/tb_top.sv Line: 257

Time: 2215 ns Started: 2205 ns Scope: /tb_top/u_mon File: /run/media/sackb/Windows-SSD/Users/sackb/OneDrive/Desktop/University/Course_Work/2025-2026/Spring_2026/ECE_410/ECE410/project/post_m3_Minor_Redesign/tb/tb_top.sv Line:256
Error: AXI MONITOR: core_C changed while core is idle
Time: 2215 ns  Iteration: 0  Process: /tb_top/u_mon//tb_top/u_mon  Scope: tb_top.u_mon  File: /run/media/sackb/Windows-SSD/Users/sackb/OneDrive/Desktop/University/Course_Work/2025-2026/Spring_2026/ECE_410/ECE410/project/post_m3_Minor_Redesign/tb/tb_top.sv Line: 257

Time: 2225 ns Started: 2215 ns Scope: /tb_top/u_mon File: /run/media/sackb/Windows-SSD/Users/sackb/OneDrive/Desktop/University/Course_Work/2025-2026/Spring_2026/ECE_410/ECE410/project/post_m3_Minor_Redesign/tb/tb_top.sv Line:256
Error: AXI MONITOR: core_C changed while core is idle
Time: 2225 ns  Iteration: 0  Process: /tb_top/u_mon//tb_top/u_mon  Scope: tb_top.u_mon  File: /run/media/sackb/Windows-SSD/Users/sackb/OneDrive/Desktop/University/Course_Work/2025-2026/Spring_2026/ECE_410/ECE410/project/post_m3_Minor_Redesign/tb/tb_top.sv Line: 257

Time: 2235 ns Started: 2225 ns Scope: /tb_top/u_mon File: /run/media/sackb/Windows-SSD/Users/sackb/OneDrive/Desktop/University/Course_Work/2025-2026/Spring_2026/ECE_410/ECE410/project/post_m3_Minor_Redesign/tb/tb_top.sv Line:256
Error: AXI MONITOR: core_C changed while core is idle
Time: 2235 ns  Iteration: 0  Process: /tb_top/u_mon//tb_top/u_mon  Scope: tb_top.u_mon  File: /run/media/sackb/Windows-SSD/Users/sackb/OneDrive/Desktop/University/Course_Work/2025-2026/Spring_2026/ECE_410/ECE410/project/post_m3_Minor_Redesign/tb/tb_top.sv Line: 257

Time: 2245 ns Started: 2235 ns Scope: /tb_top/u_mon File: /run/media/sackb/Windows-SSD/Users/sackb/OneDrive/Desktop/University/Course_Work/2025-2026/Spring_2026/ECE_410/ECE410/project/post_m3_Minor_Redesign/tb/tb_top.sv Line:256
Error: AXI MONITOR: core_C changed while core is idle
Time: 2245 ns  Iteration: 0  Process: /tb_top/u_mon//tb_top/u_mon  Scope: tb_top.u_mon  File: /run/media/sackb/Windows-SSD/Users/sackb/OneDrive/Desktop/University/Course_Work/2025-2026/Spring_2026/ECE_410/ECE410/project/post_m3_Minor_Redesign/tb/tb_top.sv Line: 257

Time: 2255 ns Started: 2245 ns Scope: /tb_top/u_mon File: /run/media/sackb/Windows-SSD/Users/sackb/OneDrive/Desktop/University/Course_Work/2025-2026/Spring_2026/ECE_410/ECE410/project/post_m3_Minor_Redesign/tb/tb_top.sv Line:256
Error: AXI MONITOR: core_C changed while core is idle
Time: 2255 ns  Iteration: 0  Process: /tb_top/u_mon//tb_top/u_mon  Scope: tb_top.u_mon  File: /run/media/sackb/Windows-SSD/Users/sackb/OneDrive/Desktop/University/Course_Work/2025-2026/Spring_2026/ECE_410/ECE410/project/post_m3_Minor_Redesign/tb/tb_top.sv Line: 257

Time: 2265 ns Started: 2255 ns Scope: /tb_top/u_mon File: /run/media/sackb/Windows-SSD/Users/sackb/OneDrive/Desktop/University/Course_Work/2025-2026/Spring_2026/ECE_410/ECE410/project/post_m3_Minor_Redesign/tb/tb_top.sv Line:256
Error: AXI MONITOR: core_C changed while core is idle
Time: 2265 ns  Iteration: 0  Process: /tb_top/u_mon//tb_top/u_mon  Scope: tb_top.u_mon  File: /run/media/sackb/Windows-SSD/Users/sackb/OneDrive/Desktop/University/Course_Work/2025-2026/Spring_2026/ECE_410/ECE410/project/post_m3_Minor_Redesign/tb/tb_top.sv Line: 257

Time: 2275 ns Started: 2265 ns Scope: /tb_top/u_mon File: /run/media/sackb/Windows-SSD/Users/sackb/OneDrive/Desktop/University/Course_Work/2025-2026/Spring_2026/ECE_410/ECE410/project/post_m3_Minor_Redesign/tb/tb_top.sv Line:256
Error: AXI MONITOR: core_C changed while core is idle
Time: 2275 ns  Iteration: 0  Process: /tb_top/u_mon//tb_top/u_mon  Scope: tb_top.u_mon  File: /run/media/sackb/Windows-SSD/Users/sackb/OneDrive/Desktop/University/Course_Work/2025-2026/Spring_2026/ECE_410/ECE410/project/post_m3_Minor_Redesign/tb/tb_top.sv Line: 257

Time: 2285 ns Started: 2275 ns Scope: /tb_top/u_mon File: /run/media/sackb/Windows-SSD/Users/sackb/OneDrive/Desktop/University/Course_Work/2025-2026/Spring_2026/ECE_410/ECE410/project/post_m3_Minor_Redesign/tb/tb_top.sv Line:256
Error: AXI MONITOR: core_C changed while core is idle
Time: 2285 ns  Iteration: 0  Process: /tb_top/u_mon//tb_top/u_mon  Scope: tb_top.u_mon  File: /run/media/sackb/Windows-SSD/Users/sackb/OneDrive/Desktop/University/Course_Work/2025-2026/Spring_2026/ECE_410/ECE410/project/post_m3_Minor_Redesign/tb/tb_top.sv Line: 257

Time: 2295 ns Started: 2285 ns Scope: /tb_top/u_mon File: /run/media/sackb/Windows-SSD/Users/sackb/OneDrive/Desktop/University/Course_Work/2025-2026/Spring_2026/ECE_410/ECE410/project/post_m3_Minor_Redesign/tb/tb_top.sv Line:256
Error: AXI MONITOR: core_C changed while core is idle
Time: 2295 ns  Iteration: 0  Process: /tb_top/u_mon//tb_top/u_mon  Scope: tb_top.u_mon  File: /run/media/sackb/Windows-SSD/Users/sackb/OneDrive/Desktop/University/Course_Work/2025-2026/Spring_2026/ECE_410/ECE410/project/post_m3_Minor_Redesign/tb/tb_top.sv Line: 257

Time: 2305 ns Started: 2295 ns Scope: /tb_top/u_mon File: /run/media/sackb/Windows-SSD/Users/sackb/OneDrive/Desktop/University/Course_Work/2025-2026/Spring_2026/ECE_410/ECE410/project/post_m3_Minor_Redesign/tb/tb_top.sv Line:256
Error: AXI MONITOR: core_C changed while core is idle
Time: 2305 ns  Iteration: 0  Process: /tb_top/u_mon//tb_top/u_mon  Scope: tb_top.u_mon  File: /run/media/sackb/Windows-SSD/Users/sackb/OneDrive/Desktop/University/Course_Work/2025-2026/Spring_2026/ECE_410/ECE410/project/post_m3_Minor_Redesign/tb/tb_top.sv Line: 257

Time: 2315 ns Started: 2305 ns Scope: /tb_top/u_mon File: /run/media/sackb/Windows-SSD/Users/sackb/OneDrive/Desktop/University/Course_Work/2025-2026/Spring_2026/ECE_410/ECE410/project/post_m3_Minor_Redesign/tb/tb_top.sv Line:256
Error: AXI MONITOR: core_C changed while core is idle
Time: 2315 ns  Iteration: 0  Process: /tb_top/u_mon//tb_top/u_mon  Scope: tb_top.u_mon  File: /run/media/sackb/Windows-SSD/Users/sackb/OneDrive/Desktop/University/Course_Work/2025-2026/Spring_2026/ECE_410/ECE410/project/post_m3_Minor_Redesign/tb/tb_top.sv Line: 257

Time: 2325 ns Started: 2315 ns Scope: /tb_top/u_mon File: /run/media/sackb/Windows-SSD/Users/sackb/OneDrive/Desktop/University/Course_Work/2025-2026/Spring_2026/ECE_410/ECE410/project/post_m3_Minor_Redesign/tb/tb_top.sv Line:256
Error: AXI MONITOR: core_C changed while core is idle
Time: 2325 ns  Iteration: 0  Process: /tb_top/u_mon//tb_top/u_mon  Scope: tb_top.u_mon  File: /run/media/sackb/Windows-SSD/Users/sackb/OneDrive/Desktop/University/Course_Work/2025-2026/Spring_2026/ECE_410/ECE410/project/post_m3_Minor_Redesign/tb/tb_top.sv Line: 257

Time: 2335 ns Started: 2325 ns Scope: /tb_top/u_mon File: /run/media/sackb/Windows-SSD/Users/sackb/OneDrive/Desktop/University/Course_Work/2025-2026/Spring_2026/ECE_410/ECE410/project/post_m3_Minor_Redesign/tb/tb_top.sv Line:256
Error: AXI MONITOR: core_C changed while core is idle
Time: 2335 ns  Iteration: 0  Process: /tb_top/u_mon//tb_top/u_mon  Scope: tb_top.u_mon  File: /run/media/sackb/Windows-SSD/Users/sackb/OneDrive/Desktop/University/Course_Work/2025-2026/Spring_2026/ECE_410/ECE410/project/post_m3_Minor_Redesign/tb/tb_top.sv Line: 257

Time: 2345 ns Started: 2335 ns Scope: /tb_top/u_mon File: /run/media/sackb/Windows-SSD/Users/sackb/OneDrive/Desktop/University/Course_Work/2025-2026/Spring_2026/ECE_410/ECE410/project/post_m3_Minor_Redesign/tb/tb_top.sv Line:256
Error: AXI MONITOR: core_C changed while core is idle
Time: 2345 ns  Iteration: 0  Process: /tb_top/u_mon//tb_top/u_mon  Scope: tb_top.u_mon  File: /run/media/sackb/Windows-SSD/Users/sackb/OneDrive/Desktop/University/Course_Work/2025-2026/Spring_2026/ECE_410/ECE410/project/post_m3_Minor_Redesign/tb/tb_top.sv Line: 257

Time: 2355 ns Started: 2345 ns Scope: /tb_top/u_mon File: /run/media/sackb/Windows-SSD/Users/sackb/OneDrive/Desktop/University/Course_Work/2025-2026/Spring_2026/ECE_410/ECE410/project/post_m3_Minor_Redesign/tb/tb_top.sv Line:256
Error: AXI MONITOR: core_C changed while core is idle
Time: 2355 ns  Iteration: 0  Process: /tb_top/u_mon//tb_top/u_mon  Scope: tb_top.u_mon  File: /run/media/sackb/Windows-SSD/Users/sackb/OneDrive/Desktop/University/Course_Work/2025-2026/Spring_2026/ECE_410/ECE410/project/post_m3_Minor_Redesign/tb/tb_top.sv Line: 257

Time: 2365 ns Started: 2355 ns Scope: /tb_top/u_mon File: /run/media/sackb/Windows-SSD/Users/sackb/OneDrive/Desktop/University/Course_Work/2025-2026/Spring_2026/ECE_410/ECE410/project/post_m3_Minor_Redesign/tb/tb_top.sv Line:256
Error: AXI MONITOR: core_C changed while core is idle
Time: 2365 ns  Iteration: 0  Process: /tb_top/u_mon//tb_top/u_mon  Scope: tb_top.u_mon  File: /run/media/sackb/Windows-SSD/Users/sackb/OneDrive/Desktop/University/Course_Work/2025-2026/Spring_2026/ECE_410/ECE410/project/post_m3_Minor_Redesign/tb/tb_top.sv Line: 257

Time: 2375 ns Started: 2365 ns Scope: /tb_top/u_mon File: /run/media/sackb/Windows-SSD/Users/sackb/OneDrive/Desktop/University/Course_Work/2025-2026/Spring_2026/ECE_410/ECE410/project/post_m3_Minor_Redesign/tb/tb_top.sv Line:256
Error: AXI MONITOR: core_C changed while core is idle
Time: 2375 ns  Iteration: 0  Process: /tb_top/u_mon//tb_top/u_mon  Scope: tb_top.u_mon  File: /run/media/sackb/Windows-SSD/Users/sackb/OneDrive/Desktop/University/Course_Work/2025-2026/Spring_2026/ECE_410/ECE410/project/post_m3_Minor_Redesign/tb/tb_top.sv Line: 257

Time: 2385 ns Started: 2375 ns Scope: /tb_top/u_mon File: /run/media/sackb/Windows-SSD/Users/sackb/OneDrive/Desktop/University/Course_Work/2025-2026/Spring_2026/ECE_410/ECE410/project/post_m3_Minor_Redesign/tb/tb_top.sv Line:256
Error: AXI MONITOR: core_C changed while core is idle
Time: 2385 ns  Iteration: 0  Process: /tb_top/u_mon//tb_top/u_mon  Scope: tb_top.u_mon  File: /run/media/sackb/Windows-SSD/Users/sackb/OneDrive/Desktop/University/Course_Work/2025-2026/Spring_2026/ECE_410/ECE410/project/post_m3_Minor_Redesign/tb/tb_top.sv Line: 257

Time: 2395 ns Started: 2385 ns Scope: /tb_top/u_mon File: /run/media/sackb/Windows-SSD/Users/sackb/OneDrive/Desktop/University/Course_Work/2025-2026/Spring_2026/ECE_410/ECE410/project/post_m3_Minor_Redesign/tb/tb_top.sv Line:256
Error: AXI MONITOR: core_C changed while core is idle
Time: 2395 ns  Iteration: 0  Process: /tb_top/u_mon//tb_top/u_mon  Scope: tb_top.u_mon  File: /run/media/sackb/Windows-SSD/Users/sackb/OneDrive/Desktop/University/Course_Work/2025-2026/Spring_2026/ECE_410/ECE410/project/post_m3_Minor_Redesign/tb/tb_top.sv Line: 257

Time: 2405 ns Started: 2395 ns Scope: /tb_top/u_mon File: /run/media/sackb/Windows-SSD/Users/sackb/OneDrive/Desktop/University/Course_Work/2025-2026/Spring_2026/ECE_410/ECE410/project/post_m3_Minor_Redesign/tb/tb_top.sv Line:256
Error: AXI MONITOR: core_C changed while core is idle
Time: 2405 ns  Iteration: 0  Process: /tb_top/u_mon//tb_top/u_mon  Scope: tb_top.u_mon  File: /run/media/sackb/Windows-SSD/Users/sackb/OneDrive/Desktop/University/Course_Work/2025-2026/Spring_2026/ECE_410/ECE410/project/post_m3_Minor_Redesign/tb/tb_top.sv Line: 257

Time: 2415 ns Started: 2405 ns Scope: /tb_top/u_mon File: /run/media/sackb/Windows-SSD/Users/sackb/OneDrive/Desktop/University/Course_Work/2025-2026/Spring_2026/ECE_410/ECE410/project/post_m3_Minor_Redesign/tb/tb_top.sv Line:256
Error: AXI MONITOR: core_C changed while core is idle
Time: 2415 ns  Iteration: 0  Process: /tb_top/u_mon//tb_top/u_mon  Scope: tb_top.u_mon  File: /run/media/sackb/Windows-SSD/Users/sackb/OneDrive/Desktop/University/Course_Work/2025-2026/Spring_2026/ECE_410/ECE410/project/post_m3_Minor_Redesign/tb/tb_top.sv Line: 257

Time: 2425 ns Started: 2415 ns Scope: /tb_top/u_mon File: /run/media/sackb/Windows-SSD/Users/sackb/OneDrive/Desktop/University/Course_Work/2025-2026/Spring_2026/ECE_410/ECE410/project/post_m3_Minor_Redesign/tb/tb_top.sv Line:256
Error: AXI MONITOR: core_C changed while core is idle
Time: 2425 ns  Iteration: 0  Process: /tb_top/u_mon//tb_top/u_mon  Scope: tb_top.u_mon  File: /run/media/sackb/Windows-SSD/Users/sackb/OneDrive/Desktop/University/Course_Work/2025-2026/Spring_2026/ECE_410/ECE410/project/post_m3_Minor_Redesign/tb/tb_top.sv Line: 257

Time: 2435 ns Started: 2425 ns Scope: /tb_top/u_mon File: /run/media/sackb/Windows-SSD/Users/sackb/OneDrive/Desktop/University/Course_Work/2025-2026/Spring_2026/ECE_410/ECE410/project/post_m3_Minor_Redesign/tb/tb_top.sv Line:256
Error: AXI MONITOR: core_C changed while core is idle
Time: 2435 ns  Iteration: 0  Process: /tb_top/u_mon//tb_top/u_mon  Scope: tb_top.u_mon  File: /run/media/sackb/Windows-SSD/Users/sackb/OneDrive/Desktop/University/Course_Work/2025-2026/Spring_2026/ECE_410/ECE410/project/post_m3_Minor_Redesign/tb/tb_top.sv Line: 257

Time: 2445 ns Started: 2435 ns Scope: /tb_top/u_mon File: /run/media/sackb/Windows-SSD/Users/sackb/OneDrive/Desktop/University/Course_Work/2025-2026/Spring_2026/ECE_410/ECE410/project/post_m3_Minor_Redesign/tb/tb_top.sv Line:256
Error: AXI MONITOR: core_C changed while core is idle
Time: 2445 ns  Iteration: 0  Process: /tb_top/u_mon//tb_top/u_mon  Scope: tb_top.u_mon  File: /run/media/sackb/Windows-SSD/Users/sackb/OneDrive/Desktop/University/Course_Work/2025-2026/Spring_2026/ECE_410/ECE410/project/post_m3_Minor_Redesign/tb/tb_top.sv Line: 257

Time: 2455 ns Started: 2445 ns Scope: /tb_top/u_mon File: /run/media/sackb/Windows-SSD/Users/sackb/OneDrive/Desktop/University/Course_Work/2025-2026/Spring_2026/ECE_410/ECE410/project/post_m3_Minor_Redesign/tb/tb_top.sv Line:256
Error: AXI MONITOR: core_C changed while core is idle
Time: 2455 ns  Iteration: 0  Process: /tb_top/u_mon//tb_top/u_mon  Scope: tb_top.u_mon  File: /run/media/sackb/Windows-SSD/Users/sackb/OneDrive/Desktop/University/Course_Work/2025-2026/Spring_2026/ECE_410/ECE410/project/post_m3_Minor_Redesign/tb/tb_top.sv Line: 257

Time: 2465 ns Started: 2455 ns Scope: /tb_top/u_mon File: /run/media/sackb/Windows-SSD/Users/sackb/OneDrive/Desktop/University/Course_Work/2025-2026/Spring_2026/ECE_410/ECE410/project/post_m3_Minor_Redesign/tb/tb_top.sv Line:256
Error: AXI MONITOR: core_C changed while core is idle
Time: 2465 ns  Iteration: 0  Process: /tb_top/u_mon//tb_top/u_mon  Scope: tb_top.u_mon  File: /run/media/sackb/Windows-SSD/Users/sackb/OneDrive/Desktop/University/Course_Work/2025-2026/Spring_2026/ECE_410/ECE410/project/post_m3_Minor_Redesign/tb/tb_top.sv Line: 257

Time: 2475 ns Started: 2465 ns Scope: /tb_top/u_mon File: /run/media/sackb/Windows-SSD/Users/sackb/OneDrive/Desktop/University/Course_Work/2025-2026/Spring_2026/ECE_410/ECE410/project/post_m3_Minor_Redesign/tb/tb_top.sv Line:256
Error: AXI MONITOR: core_C changed while core is idle
Time: 2475 ns  Iteration: 0  Process: /tb_top/u_mon//tb_top/u_mon  Scope: tb_top.u_mon  File: /run/media/sackb/Windows-SSD/Users/sackb/OneDrive/Desktop/University/Course_Work/2025-2026/Spring_2026/ECE_410/ECE410/project/post_m3_Minor_Redesign/tb/tb_top.sv Line: 257

Time: 2925 ns Started: 2915 ns Scope: /tb_top/u_mon File: /run/media/sackb/Windows-SSD/Users/sackb/OneDrive/Desktop/University/Course_Work/2025-2026/Spring_2026/ECE_410/ECE410/project/post_m3_Minor_Redesign/tb/tb_top.sv Line:256
Error: AXI MONITOR: core_C changed while core is idle
Time: 2925 ns  Iteration: 0  Process: /tb_top/u_mon//tb_top/u_mon  Scope: tb_top.u_mon  File: /run/media/sackb/Windows-SSD/Users/sackb/OneDrive/Desktop/University/Course_Work/2025-2026/Spring_2026/ECE_410/ECE410/project/post_m3_Minor_Redesign/tb/tb_top.sv Line: 257

Time: 2935 ns Started: 2925 ns Scope: /tb_top/u_mon File: /run/media/sackb/Windows-SSD/Users/sackb/OneDrive/Desktop/University/Course_Work/2025-2026/Spring_2026/ECE_410/ECE410/project/post_m3_Minor_Redesign/tb/tb_top.sv Line:256
Error: AXI MONITOR: core_C changed while core is idle
Time: 2935 ns  Iteration: 0  Process: /tb_top/u_mon//tb_top/u_mon  Scope: tb_top.u_mon  File: /run/media/sackb/Windows-SSD/Users/sackb/OneDrive/Desktop/University/Course_Work/2025-2026/Spring_2026/ECE_410/ECE410/project/post_m3_Minor_Redesign/tb/tb_top.sv Line: 257

Time: 2945 ns Started: 2935 ns Scope: /tb_top/u_mon File: /run/media/sackb/Windows-SSD/Users/sackb/OneDrive/Desktop/University/Course_Work/2025-2026/Spring_2026/ECE_410/ECE410/project/post_m3_Minor_Redesign/tb/tb_top.sv Line:256
Error: AXI MONITOR: core_C changed while core is idle
Time: 2945 ns  Iteration: 0  Process: /tb_top/u_mon//tb_top/u_mon  Scope: tb_top.u_mon  File: /run/media/sackb/Windows-SSD/Users/sackb/OneDrive/Desktop/University/Course_Work/2025-2026/Spring_2026/ECE_410/ECE410/project/post_m3_Minor_Redesign/tb/tb_top.sv Line: 257

Time: 2955 ns Started: 2945 ns Scope: /tb_top/u_mon File: /run/media/sackb/Windows-SSD/Users/sackb/OneDrive/Desktop/University/Course_Work/2025-2026/Spring_2026/ECE_410/ECE410/project/post_m3_Minor_Redesign/tb/tb_top.sv Line:256
Error: AXI MONITOR: core_C changed while core is idle
Time: 2955 ns  Iteration: 0  Process: /tb_top/u_mon//tb_top/u_mon  Scope: tb_top.u_mon  File: /run/media/sackb/Windows-SSD/Users/sackb/OneDrive/Desktop/University/Course_Work/2025-2026/Spring_2026/ECE_410/ECE410/project/post_m3_Minor_Redesign/tb/tb_top.sv Line: 257

Time: 2965 ns Started: 2955 ns Scope: /tb_top/u_mon File: /run/media/sackb/Windows-SSD/Users/sackb/OneDrive/Desktop/University/Course_Work/2025-2026/Spring_2026/ECE_410/ECE410/project/post_m3_Minor_Redesign/tb/tb_top.sv Line:256
Error: AXI MONITOR: core_C changed while core is idle
Time: 2965 ns  Iteration: 0  Process: /tb_top/u_mon//tb_top/u_mon  Scope: tb_top.u_mon  File: /run/media/sackb/Windows-SSD/Users/sackb/OneDrive/Desktop/University/Course_Work/2025-2026/Spring_2026/ECE_410/ECE410/project/post_m3_Minor_Redesign/tb/tb_top.sv Line: 257

Time: 2975 ns Started: 2965 ns Scope: /tb_top/u_mon File: /run/media/sackb/Windows-SSD/Users/sackb/OneDrive/Desktop/University/Course_Work/2025-2026/Spring_2026/ECE_410/ECE410/project/post_m3_Minor_Redesign/tb/tb_top.sv Line:256
Error: AXI MONITOR: core_C changed while core is idle
Time: 2975 ns  Iteration: 0  Process: /tb_top/u_mon//tb_top/u_mon  Scope: tb_top.u_mon  File: /run/media/sackb/Windows-SSD/Users/sackb/OneDrive/Desktop/University/Course_Work/2025-2026/Spring_2026/ECE_410/ECE410/project/post_m3_Minor_Redesign/tb/tb_top.sv Line: 257

Time: 2985 ns Started: 2975 ns Scope: /tb_top/u_mon File: /run/media/sackb/Windows-SSD/Users/sackb/OneDrive/Desktop/University/Course_Work/2025-2026/Spring_2026/ECE_410/ECE410/project/post_m3_Minor_Redesign/tb/tb_top.sv Line:256
Error: AXI MONITOR: core_C changed while core is idle
Time: 2985 ns  Iteration: 0  Process: /tb_top/u_mon//tb_top/u_mon  Scope: tb_top.u_mon  File: /run/media/sackb/Windows-SSD/Users/sackb/OneDrive/Desktop/University/Course_Work/2025-2026/Spring_2026/ECE_410/ECE410/project/post_m3_Minor_Redesign/tb/tb_top.sv Line: 257

Time: 2995 ns Started: 2985 ns Scope: /tb_top/u_mon File: /run/media/sackb/Windows-SSD/Users/sackb/OneDrive/Desktop/University/Course_Work/2025-2026/Spring_2026/ECE_410/ECE410/project/post_m3_Minor_Redesign/tb/tb_top.sv Line:256
Error: AXI MONITOR: core_C changed while core is idle
Time: 2995 ns  Iteration: 0  Process: /tb_top/u_mon//tb_top/u_mon  Scope: tb_top.u_mon  File: /run/media/sackb/Windows-SSD/Users/sackb/OneDrive/Desktop/University/Course_Work/2025-2026/Spring_2026/ECE_410/ECE410/project/post_m3_Minor_Redesign/tb/tb_top.sv Line: 257

Time: 3005 ns Started: 2995 ns Scope: /tb_top/u_mon File: /run/media/sackb/Windows-SSD/Users/sackb/OneDrive/Desktop/University/Course_Work/2025-2026/Spring_2026/ECE_410/ECE410/project/post_m3_Minor_Redesign/tb/tb_top.sv Line:256
Error: AXI MONITOR: core_C changed while core is idle
Time: 3005 ns  Iteration: 0  Process: /tb_top/u_mon//tb_top/u_mon  Scope: tb_top.u_mon  File: /run/media/sackb/Windows-SSD/Users/sackb/OneDrive/Desktop/University/Course_Work/2025-2026/Spring_2026/ECE_410/ECE410/project/post_m3_Minor_Redesign/tb/tb_top.sv Line: 257

Time: 3015 ns Started: 3005 ns Scope: /tb_top/u_mon File: /run/media/sackb/Windows-SSD/Users/sackb/OneDrive/Desktop/University/Course_Work/2025-2026/Spring_2026/ECE_410/ECE410/project/post_m3_Minor_Redesign/tb/tb_top.sv Line:256
Error: AXI MONITOR: core_C changed while core is idle
Time: 3015 ns  Iteration: 0  Process: /tb_top/u_mon//tb_top/u_mon  Scope: tb_top.u_mon  File: /run/media/sackb/Windows-SSD/Users/sackb/OneDrive/Desktop/University/Course_Work/2025-2026/Spring_2026/ECE_410/ECE410/project/post_m3_Minor_Redesign/tb/tb_top.sv Line: 257

Time: 3025 ns Started: 3015 ns Scope: /tb_top/u_mon File: /run/media/sackb/Windows-SSD/Users/sackb/OneDrive/Desktop/University/Course_Work/2025-2026/Spring_2026/ECE_410/ECE410/project/post_m3_Minor_Redesign/tb/tb_top.sv Line:256
Error: AXI MONITOR: core_C changed while core is idle
Time: 3025 ns  Iteration: 0  Process: /tb_top/u_mon//tb_top/u_mon  Scope: tb_top.u_mon  File: /run/media/sackb/Windows-SSD/Users/sackb/OneDrive/Desktop/University/Course_Work/2025-2026/Spring_2026/ECE_410/ECE410/project/post_m3_Minor_Redesign/tb/tb_top.sv Line: 257

Time: 3035 ns Started: 3025 ns Scope: /tb_top/u_mon File: /run/media/sackb/Windows-SSD/Users/sackb/OneDrive/Desktop/University/Course_Work/2025-2026/Spring_2026/ECE_410/ECE410/project/post_m3_Minor_Redesign/tb/tb_top.sv Line:256
Error: AXI MONITOR: core_C changed while core is idle
Time: 3035 ns  Iteration: 0  Process: /tb_top/u_mon//tb_top/u_mon  Scope: tb_top.u_mon  File: /run/media/sackb/Windows-SSD/Users/sackb/OneDrive/Desktop/University/Course_Work/2025-2026/Spring_2026/ECE_410/ECE410/project/post_m3_Minor_Redesign/tb/tb_top.sv Line: 257

Time: 3045 ns Started: 3035 ns Scope: /tb_top/u_mon File: /run/media/sackb/Windows-SSD/Users/sackb/OneDrive/Desktop/University/Course_Work/2025-2026/Spring_2026/ECE_410/ECE410/project/post_m3_Minor_Redesign/tb/tb_top.sv Line:256
Error: AXI MONITOR: core_C changed while core is idle
Time: 3045 ns  Iteration: 0  Process: /tb_top/u_mon//tb_top/u_mon  Scope: tb_top.u_mon  File: /run/media/sackb/Windows-SSD/Users/sackb/OneDrive/Desktop/University/Course_Work/2025-2026/Spring_2026/ECE_410/ECE410/project/post_m3_Minor_Redesign/tb/tb_top.sv Line: 257

Time: 3055 ns Started: 3045 ns Scope: /tb_top/u_mon File: /run/media/sackb/Windows-SSD/Users/sackb/OneDrive/Desktop/University/Course_Work/2025-2026/Spring_2026/ECE_410/ECE410/project/post_m3_Minor_Redesign/tb/tb_top.sv Line:256
Error: AXI MONITOR: core_C changed while core is idle
Time: 3055 ns  Iteration: 0  Process: /tb_top/u_mon//tb_top/u_mon  Scope: tb_top.u_mon  File: /run/media/sackb/Windows-SSD/Users/sackb/OneDrive/Desktop/University/Course_Work/2025-2026/Spring_2026/ECE_410/ECE410/project/post_m3_Minor_Redesign/tb/tb_top.sv Line: 257

Time: 3065 ns Started: 3055 ns Scope: /tb_top/u_mon File: /run/media/sackb/Windows-SSD/Users/sackb/OneDrive/Desktop/University/Course_Work/2025-2026/Spring_2026/ECE_410/ECE410/project/post_m3_Minor_Redesign/tb/tb_top.sv Line:256
Error: AXI MONITOR: core_C changed while core is idle
Time: 3065 ns  Iteration: 0  Process: /tb_top/u_mon//tb_top/u_mon  Scope: tb_top.u_mon  File: /run/media/sackb/Windows-SSD/Users/sackb/OneDrive/Desktop/University/Course_Work/2025-2026/Spring_2026/ECE_410/ECE410/project/post_m3_Minor_Redesign/tb/tb_top.sv Line: 257

Time: 3075 ns Started: 3065 ns Scope: /tb_top/u_mon File: /run/media/sackb/Windows-SSD/Users/sackb/OneDrive/Desktop/University/Course_Work/2025-2026/Spring_2026/ECE_410/ECE410/project/post_m3_Minor_Redesign/tb/tb_top.sv Line:256
Error: AXI MONITOR: core_C changed while core is idle
Time: 3075 ns  Iteration: 0  Process: /tb_top/u_mon//tb_top/u_mon  Scope: tb_top.u_mon  File: /run/media/sackb/Windows-SSD/Users/sackb/OneDrive/Desktop/University/Course_Work/2025-2026/Spring_2026/ECE_410/ECE410/project/post_m3_Minor_Redesign/tb/tb_top.sv Line: 257

Time: 3085 ns Started: 3075 ns Scope: /tb_top/u_mon File: /run/media/sackb/Windows-SSD/Users/sackb/OneDrive/Desktop/University/Course_Work/2025-2026/Spring_2026/ECE_410/ECE410/project/post_m3_Minor_Redesign/tb/tb_top.sv Line:256
Error: AXI MONITOR: core_C changed while core is idle
Time: 3085 ns  Iteration: 0  Process: /tb_top/u_mon//tb_top/u_mon  Scope: tb_top.u_mon  File: /run/media/sackb/Windows-SSD/Users/sackb/OneDrive/Desktop/University/Course_Work/2025-2026/Spring_2026/ECE_410/ECE410/project/post_m3_Minor_Redesign/tb/tb_top.sv Line: 257

Time: 3095 ns Started: 3085 ns Scope: /tb_top/u_mon File: /run/media/sackb/Windows-SSD/Users/sackb/OneDrive/Desktop/University/Course_Work/2025-2026/Spring_2026/ECE_410/ECE410/project/post_m3_Minor_Redesign/tb/tb_top.sv Line:256
Error: AXI MONITOR: core_C changed while core is idle
Time: 3095 ns  Iteration: 0  Process: /tb_top/u_mon//tb_top/u_mon  Scope: tb_top.u_mon  File: /run/media/sackb/Windows-SSD/Users/sackb/OneDrive/Desktop/University/Course_Work/2025-2026/Spring_2026/ECE_410/ECE410/project/post_m3_Minor_Redesign/tb/tb_top.sv Line: 257

Time: 3105 ns Started: 3095 ns Scope: /tb_top/u_mon File: /run/media/sackb/Windows-SSD/Users/sackb/OneDrive/Desktop/University/Course_Work/2025-2026/Spring_2026/ECE_410/ECE410/project/post_m3_Minor_Redesign/tb/tb_top.sv Line:256
Error: AXI MONITOR: core_C changed while core is idle
Time: 3105 ns  Iteration: 0  Process: /tb_top/u_mon//tb_top/u_mon  Scope: tb_top.u_mon  File: /run/media/sackb/Windows-SSD/Users/sackb/OneDrive/Desktop/University/Course_Work/2025-2026/Spring_2026/ECE_410/ECE410/project/post_m3_Minor_Redesign/tb/tb_top.sv Line: 257

Time: 3115 ns Started: 3105 ns Scope: /tb_top/u_mon File: /run/media/sackb/Windows-SSD/Users/sackb/OneDrive/Desktop/University/Course_Work/2025-2026/Spring_2026/ECE_410/ECE410/project/post_m3_Minor_Redesign/tb/tb_top.sv Line:256
Error: AXI MONITOR: core_C changed while core is idle
Time: 3115 ns  Iteration: 0  Process: /tb_top/u_mon//tb_top/u_mon  Scope: tb_top.u_mon  File: /run/media/sackb/Windows-SSD/Users/sackb/OneDrive/Desktop/University/Course_Work/2025-2026/Spring_2026/ECE_410/ECE410/project/post_m3_Minor_Redesign/tb/tb_top.sv Line: 257

Time: 3125 ns Started: 3115 ns Scope: /tb_top/u_mon File: /run/media/sackb/Windows-SSD/Users/sackb/OneDrive/Desktop/University/Course_Work/2025-2026/Spring_2026/ECE_410/ECE410/project/post_m3_Minor_Redesign/tb/tb_top.sv Line:256
Error: AXI MONITOR: core_C changed while core is idle
Time: 3125 ns  Iteration: 0  Process: /tb_top/u_mon//tb_top/u_mon  Scope: tb_top.u_mon  File: /run/media/sackb/Windows-SSD/Users/sackb/OneDrive/Desktop/University/Course_Work/2025-2026/Spring_2026/ECE_410/ECE410/project/post_m3_Minor_Redesign/tb/tb_top.sv Line: 257

Time: 3135 ns Started: 3125 ns Scope: /tb_top/u_mon File: /run/media/sackb/Windows-SSD/Users/sackb/OneDrive/Desktop/University/Course_Work/2025-2026/Spring_2026/ECE_410/ECE410/project/post_m3_Minor_Redesign/tb/tb_top.sv Line:256
Error: AXI MONITOR: core_C changed while core is idle
Time: 3135 ns  Iteration: 0  Process: /tb_top/u_mon//tb_top/u_mon  Scope: tb_top.u_mon  File: /run/media/sackb/Windows-SSD/Users/sackb/OneDrive/Desktop/University/Course_Work/2025-2026/Spring_2026/ECE_410/ECE410/project/post_m3_Minor_Redesign/tb/tb_top.sv Line: 257

Time: 3145 ns Started: 3135 ns Scope: /tb_top/u_mon File: /run/media/sackb/Windows-SSD/Users/sackb/OneDrive/Desktop/University/Course_Work/2025-2026/Spring_2026/ECE_410/ECE410/project/post_m3_Minor_Redesign/tb/tb_top.sv Line:256
Error: AXI MONITOR: core_C changed while core is idle
Time: 3145 ns  Iteration: 0  Process: /tb_top/u_mon//tb_top/u_mon  Scope: tb_top.u_mon  File: /run/media/sackb/Windows-SSD/Users/sackb/OneDrive/Desktop/University/Course_Work/2025-2026/Spring_2026/ECE_410/ECE410/project/post_m3_Minor_Redesign/tb/tb_top.sv Line: 257

Time: 3155 ns Started: 3145 ns Scope: /tb_top/u_mon File: /run/media/sackb/Windows-SSD/Users/sackb/OneDrive/Desktop/University/Course_Work/2025-2026/Spring_2026/ECE_410/ECE410/project/post_m3_Minor_Redesign/tb/tb_top.sv Line:256
Error: AXI MONITOR: core_C changed while core is idle
Time: 3155 ns  Iteration: 0  Process: /tb_top/u_mon//tb_top/u_mon  Scope: tb_top.u_mon  File: /run/media/sackb/Windows-SSD/Users/sackb/OneDrive/Desktop/University/Course_Work/2025-2026/Spring_2026/ECE_410/ECE410/project/post_m3_Minor_Redesign/tb/tb_top.sv Line: 257

Time: 3165 ns Started: 3155 ns Scope: /tb_top/u_mon File: /run/media/sackb/Windows-SSD/Users/sackb/OneDrive/Desktop/University/Course_Work/2025-2026/Spring_2026/ECE_410/ECE410/project/post_m3_Minor_Redesign/tb/tb_top.sv Line:256
Error: AXI MONITOR: core_C changed while core is idle
Time: 3165 ns  Iteration: 0  Process: /tb_top/u_mon//tb_top/u_mon  Scope: tb_top.u_mon  File: /run/media/sackb/Windows-SSD/Users/sackb/OneDrive/Desktop/University/Course_Work/2025-2026/Spring_2026/ECE_410/ECE410/project/post_m3_Minor_Redesign/tb/tb_top.sv Line: 257

Time: 3175 ns Started: 3165 ns Scope: /tb_top/u_mon File: /run/media/sackb/Windows-SSD/Users/sackb/OneDrive/Desktop/University/Course_Work/2025-2026/Spring_2026/ECE_410/ECE410/project/post_m3_Minor_Redesign/tb/tb_top.sv Line:256
Error: AXI MONITOR: core_C changed while core is idle
Time: 3175 ns  Iteration: 0  Process: /tb_top/u_mon//tb_top/u_mon  Scope: tb_top.u_mon  File: /run/media/sackb/Windows-SSD/Users/sackb/OneDrive/Desktop/University/Course_Work/2025-2026/Spring_2026/ECE_410/ECE410/project/post_m3_Minor_Redesign/tb/tb_top.sv Line: 257

Time: 3185 ns Started: 3175 ns Scope: /tb_top/u_mon File: /run/media/sackb/Windows-SSD/Users/sackb/OneDrive/Desktop/University/Course_Work/2025-2026/Spring_2026/ECE_410/ECE410/project/post_m3_Minor_Redesign/tb/tb_top.sv Line:256
Error: AXI MONITOR: core_C changed while core is idle
Time: 3185 ns  Iteration: 0  Process: /tb_top/u_mon//tb_top/u_mon  Scope: tb_top.u_mon  File: /run/media/sackb/Windows-SSD/Users/sackb/OneDrive/Desktop/University/Course_Work/2025-2026/Spring_2026/ECE_410/ECE410/project/post_m3_Minor_Redesign/tb/tb_top.sv Line: 257

Time: 3195 ns Started: 3185 ns Scope: /tb_top/u_mon File: /run/media/sackb/Windows-SSD/Users/sackb/OneDrive/Desktop/University/Course_Work/2025-2026/Spring_2026/ECE_410/ECE410/project/post_m3_Minor_Redesign/tb/tb_top.sv Line:256
Error: AXI MONITOR: core_C changed while core is idle
Time: 3195 ns  Iteration: 0  Process: /tb_top/u_mon//tb_top/u_mon  Scope: tb_top.u_mon  File: /run/media/sackb/Windows-SSD/Users/sackb/OneDrive/Desktop/University/Course_Work/2025-2026/Spring_2026/ECE_410/ECE410/project/post_m3_Minor_Redesign/tb/tb_top.sv Line: 257

Time: 3205 ns Started: 3195 ns Scope: /tb_top/u_mon File: /run/media/sackb/Windows-SSD/Users/sackb/OneDrive/Desktop/University/Course_Work/2025-2026/Spring_2026/ECE_410/ECE410/project/post_m3_Minor_Redesign/tb/tb_top.sv Line:256
Error: AXI MONITOR: core_C changed while core is idle
Time: 3205 ns  Iteration: 0  Process: /tb_top/u_mon//tb_top/u_mon  Scope: tb_top.u_mon  File: /run/media/sackb/Windows-SSD/Users/sackb/OneDrive/Desktop/University/Course_Work/2025-2026/Spring_2026/ECE_410/ECE410/project/post_m3_Minor_Redesign/tb/tb_top.sv Line: 257

Time: 3215 ns Started: 3205 ns Scope: /tb_top/u_mon File: /run/media/sackb/Windows-SSD/Users/sackb/OneDrive/Desktop/University/Course_Work/2025-2026/Spring_2026/ECE_410/ECE410/project/post_m3_Minor_Redesign/tb/tb_top.sv Line:256
Error: AXI MONITOR: core_C changed while core is idle
Time: 3215 ns  Iteration: 0  Process: /tb_top/u_mon//tb_top/u_mon  Scope: tb_top.u_mon  File: /run/media/sackb/Windows-SSD/Users/sackb/OneDrive/Desktop/University/Course_Work/2025-2026/Spring_2026/ECE_410/ECE410/project/post_m3_Minor_Redesign/tb/tb_top.sv Line: 257

Time: 3225 ns Started: 3215 ns Scope: /tb_top/u_mon File: /run/media/sackb/Windows-SSD/Users/sackb/OneDrive/Desktop/University/Course_Work/2025-2026/Spring_2026/ECE_410/ECE410/project/post_m3_Minor_Redesign/tb/tb_top.sv Line:256
Error: AXI MONITOR: core_C changed while core is idle
Time: 3225 ns  Iteration: 0  Process: /tb_top/u_mon//tb_top/u_mon  Scope: tb_top.u_mon  File: /run/media/sackb/Windows-SSD/Users/sackb/OneDrive/Desktop/University/Course_Work/2025-2026/Spring_2026/ECE_410/ECE410/project/post_m3_Minor_Redesign/tb/tb_top.sv Line: 257

Time: 3235 ns Started: 3225 ns Scope: /tb_top/u_mon File: /run/media/sackb/Windows-SSD/Users/sackb/OneDrive/Desktop/University/Course_Work/2025-2026/Spring_2026/ECE_410/ECE410/project/post_m3_Minor_Redesign/tb/tb_top.sv Line:256
Error: AXI MONITOR: core_C changed while core is idle
Time: 3235 ns  Iteration: 0  Process: /tb_top/u_mon//tb_top/u_mon  Scope: tb_top.u_mon  File: /run/media/sackb/Windows-SSD/Users/sackb/OneDrive/Desktop/University/Course_Work/2025-2026/Spring_2026/ECE_410/ECE410/project/post_m3_Minor_Redesign/tb/tb_top.sv Line: 257

Time: 3245 ns Started: 3235 ns Scope: /tb_top/u_mon File: /run/media/sackb/Windows-SSD/Users/sackb/OneDrive/Desktop/University/Course_Work/2025-2026/Spring_2026/ECE_410/ECE410/project/post_m3_Minor_Redesign/tb/tb_top.sv Line:256
Error: AXI MONITOR: core_C changed while core is idle
Time: 3245 ns  Iteration: 0  Process: /tb_top/u_mon//tb_top/u_mon  Scope: tb_top.u_mon  File: /run/media/sackb/Windows-SSD/Users/sackb/OneDrive/Desktop/University/Course_Work/2025-2026/Spring_2026/ECE_410/ECE410/project/post_m3_Minor_Redesign/tb/tb_top.sv Line: 257

Time: 3255 ns Started: 3245 ns Scope: /tb_top/u_mon File: /run/media/sackb/Windows-SSD/Users/sackb/OneDrive/Desktop/University/Course_Work/2025-2026/Spring_2026/ECE_410/ECE410/project/post_m3_Minor_Redesign/tb/tb_top.sv Line:256
Error: AXI MONITOR: core_C changed while core is idle
Time: 3255 ns  Iteration: 0  Process: /tb_top/u_mon//tb_top/u_mon  Scope: tb_top.u_mon  File: /run/media/sackb/Windows-SSD/Users/sackb/OneDrive/Desktop/University/Course_Work/2025-2026/Spring_2026/ECE_410/ECE410/project/post_m3_Minor_Redesign/tb/tb_top.sv Line: 257

Time: 3265 ns Started: 3255 ns Scope: /tb_top/u_mon File: /run/media/sackb/Windows-SSD/Users/sackb/OneDrive/Desktop/University/Course_Work/2025-2026/Spring_2026/ECE_410/ECE410/project/post_m3_Minor_Redesign/tb/tb_top.sv Line:256
Error: AXI MONITOR: core_C changed while core is idle
Time: 3265 ns  Iteration: 0  Process: /tb_top/u_mon//tb_top/u_mon  Scope: tb_top.u_mon  File: /run/media/sackb/Windows-SSD/Users/sackb/OneDrive/Desktop/University/Course_Work/2025-2026/Spring_2026/ECE_410/ECE410/project/post_m3_Minor_Redesign/tb/tb_top.sv Line: 257

Time: 3275 ns Started: 3265 ns Scope: /tb_top/u_mon File: /run/media/sackb/Windows-SSD/Users/sackb/OneDrive/Desktop/University/Course_Work/2025-2026/Spring_2026/ECE_410/ECE410/project/post_m3_Minor_Redesign/tb/tb_top.sv Line:256
Error: AXI MONITOR: core_C changed while core is idle
Time: 3275 ns  Iteration: 0  Process: /tb_top/u_mon//tb_top/u_mon  Scope: tb_top.u_mon  File: /run/media/sackb/Windows-SSD/Users/sackb/OneDrive/Desktop/University/Course_Work/2025-2026/Spring_2026/ECE_410/ECE410/project/post_m3_Minor_Redesign/tb/tb_top.sv Line: 257

Time: 3285 ns Started: 3275 ns Scope: /tb_top/u_mon File: /run/media/sackb/Windows-SSD/Users/sackb/OneDrive/Desktop/University/Course_Work/2025-2026/Spring_2026/ECE_410/ECE410/project/post_m3_Minor_Redesign/tb/tb_top.sv Line:256
Error: AXI MONITOR: core_C changed while core is idle
Time: 3285 ns  Iteration: 0  Process: /tb_top/u_mon//tb_top/u_mon  Scope: tb_top.u_mon  File: /run/media/sackb/Windows-SSD/Users/sackb/OneDrive/Desktop/University/Course_Work/2025-2026/Spring_2026/ECE_410/ECE410/project/post_m3_Minor_Redesign/tb/tb_top.sv Line: 257
TB_TOP: Iteration 1 complete
TB_TOP: Starting iteration 2

Time: 3295 ns Started: 3285 ns Scope: /tb_top/u_mon File: /run/media/sackb/Windows-SSD/Users/sackb/OneDrive/Desktop/University/Course_Work/2025-2026/Spring_2026/ECE_410/ECE410/project/post_m3_Minor_Redesign/tb/tb_top.sv Line:256
Error: AXI MONITOR: core_C changed while core is idle
Time: 3295 ns  Iteration: 0  Process: /tb_top/u_mon//tb_top/u_mon  Scope: tb_top.u_mon  File: /run/media/sackb/Windows-SSD/Users/sackb/OneDrive/Desktop/University/Course_Work/2025-2026/Spring_2026/ECE_410/ECE410/project/post_m3_Minor_Redesign/tb/tb_top.sv Line: 257

Time: 3305 ns Started: 3295 ns Scope: /tb_top/u_mon File: /run/media/sackb/Windows-SSD/Users/sackb/OneDrive/Desktop/University/Course_Work/2025-2026/Spring_2026/ECE_410/ECE410/project/post_m3_Minor_Redesign/tb/tb_top.sv Line:256
Error: AXI MONITOR: core_C changed while core is idle
Time: 3305 ns  Iteration: 0  Process: /tb_top/u_mon//tb_top/u_mon  Scope: tb_top.u_mon  File: /run/media/sackb/Windows-SSD/Users/sackb/OneDrive/Desktop/University/Course_Work/2025-2026/Spring_2026/ECE_410/ECE410/project/post_m3_Minor_Redesign/tb/tb_top.sv Line: 257

Time: 3315 ns Started: 3305 ns Scope: /tb_top/u_mon File: /run/media/sackb/Windows-SSD/Users/sackb/OneDrive/Desktop/University/Course_Work/2025-2026/Spring_2026/ECE_410/ECE410/project/post_m3_Minor_Redesign/tb/tb_top.sv Line:256
Error: AXI MONITOR: core_C changed while core is idle
Time: 3315 ns  Iteration: 0  Process: /tb_top/u_mon//tb_top/u_mon  Scope: tb_top.u_mon  File: /run/media/sackb/Windows-SSD/Users/sackb/OneDrive/Desktop/University/Course_Work/2025-2026/Spring_2026/ECE_410/ECE410/project/post_m3_Minor_Redesign/tb/tb_top.sv Line: 257

Time: 3325 ns Started: 3315 ns Scope: /tb_top/u_mon File: /run/media/sackb/Windows-SSD/Users/sackb/OneDrive/Desktop/University/Course_Work/2025-2026/Spring_2026/ECE_410/ECE410/project/post_m3_Minor_Redesign/tb/tb_top.sv Line:256
Error: AXI MONITOR: core_C changed while core is idle
Time: 3325 ns  Iteration: 0  Process: /tb_top/u_mon//tb_top/u_mon  Scope: tb_top.u_mon  File: /run/media/sackb/Windows-SSD/Users/sackb/OneDrive/Desktop/University/Course_Work/2025-2026/Spring_2026/ECE_410/ECE410/project/post_m3_Minor_Redesign/tb/tb_top.sv Line: 257

Time: 3335 ns Started: 3325 ns Scope: /tb_top/u_mon File: /run/media/sackb/Windows-SSD/Users/sackb/OneDrive/Desktop/University/Course_Work/2025-2026/Spring_2026/ECE_410/ECE410/project/post_m3_Minor_Redesign/tb/tb_top.sv Line:256
Error: AXI MONITOR: core_C changed while core is idle
Time: 3335 ns  Iteration: 0  Process: /tb_top/u_mon//tb_top/u_mon  Scope: tb_top.u_mon  File: /run/media/sackb/Windows-SSD/Users/sackb/OneDrive/Desktop/University/Course_Work/2025-2026/Spring_2026/ECE_410/ECE410/project/post_m3_Minor_Redesign/tb/tb_top.sv Line: 257

Time: 3345 ns Started: 3335 ns Scope: /tb_top/u_mon File: /run/media/sackb/Windows-SSD/Users/sackb/OneDrive/Desktop/University/Course_Work/2025-2026/Spring_2026/ECE_410/ECE410/project/post_m3_Minor_Redesign/tb/tb_top.sv Line:256
Error: AXI MONITOR: core_C changed while core is idle
Time: 3345 ns  Iteration: 0  Process: /tb_top/u_mon//tb_top/u_mon  Scope: tb_top.u_mon  File: /run/media/sackb/Windows-SSD/Users/sackb/OneDrive/Desktop/University/Course_Work/2025-2026/Spring_2026/ECE_410/ECE410/project/post_m3_Minor_Redesign/tb/tb_top.sv Line: 257

Time: 3355 ns Started: 3345 ns Scope: /tb_top/u_mon File: /run/media/sackb/Windows-SSD/Users/sackb/OneDrive/Desktop/University/Course_Work/2025-2026/Spring_2026/ECE_410/ECE410/project/post_m3_Minor_Redesign/tb/tb_top.sv Line:256
Error: AXI MONITOR: core_C changed while core is idle
Time: 3355 ns  Iteration: 0  Process: /tb_top/u_mon//tb_top/u_mon  Scope: tb_top.u_mon  File: /run/media/sackb/Windows-SSD/Users/sackb/OneDrive/Desktop/University/Course_Work/2025-2026/Spring_2026/ECE_410/ECE410/project/post_m3_Minor_Redesign/tb/tb_top.sv Line: 257

Time: 3365 ns Started: 3355 ns Scope: /tb_top/u_mon File: /run/media/sackb/Windows-SSD/Users/sackb/OneDrive/Desktop/University/Course_Work/2025-2026/Spring_2026/ECE_410/ECE410/project/post_m3_Minor_Redesign/tb/tb_top.sv Line:256
Error: AXI MONITOR: core_C changed while core is idle
Time: 3365 ns  Iteration: 0  Process: /tb_top/u_mon//tb_top/u_mon  Scope: tb_top.u_mon  File: /run/media/sackb/Windows-SSD/Users/sackb/OneDrive/Desktop/University/Course_Work/2025-2026/Spring_2026/ECE_410/ECE410/project/post_m3_Minor_Redesign/tb/tb_top.sv Line: 257

Time: 3375 ns Started: 3365 ns Scope: /tb_top/u_mon File: /run/media/sackb/Windows-SSD/Users/sackb/OneDrive/Desktop/University/Course_Work/2025-2026/Spring_2026/ECE_410/ECE410/project/post_m3_Minor_Redesign/tb/tb_top.sv Line:256
Error: AXI MONITOR: core_C changed while core is idle
Time: 3375 ns  Iteration: 0  Process: /tb_top/u_mon//tb_top/u_mon  Scope: tb_top.u_mon  File: /run/media/sackb/Windows-SSD/Users/sackb/OneDrive/Desktop/University/Course_Work/2025-2026/Spring_2026/ECE_410/ECE410/project/post_m3_Minor_Redesign/tb/tb_top.sv Line: 257

Time: 3385 ns Started: 3375 ns Scope: /tb_top/u_mon File: /run/media/sackb/Windows-SSD/Users/sackb/OneDrive/Desktop/University/Course_Work/2025-2026/Spring_2026/ECE_410/ECE410/project/post_m3_Minor_Redesign/tb/tb_top.sv Line:256
Error: AXI MONITOR: core_C changed while core is idle
Time: 3385 ns  Iteration: 0  Process: /tb_top/u_mon//tb_top/u_mon  Scope: tb_top.u_mon  File: /run/media/sackb/Windows-SSD/Users/sackb/OneDrive/Desktop/University/Course_Work/2025-2026/Spring_2026/ECE_410/ECE410/project/post_m3_Minor_Redesign/tb/tb_top.sv Line: 257

Time: 3395 ns Started: 3385 ns Scope: /tb_top/u_mon File: /run/media/sackb/Windows-SSD/Users/sackb/OneDrive/Desktop/University/Course_Work/2025-2026/Spring_2026/ECE_410/ECE410/project/post_m3_Minor_Redesign/tb/tb_top.sv Line:256
Error: AXI MONITOR: core_C changed while core is idle
Time: 3395 ns  Iteration: 0  Process: /tb_top/u_mon//tb_top/u_mon  Scope: tb_top.u_mon  File: /run/media/sackb/Windows-SSD/Users/sackb/OneDrive/Desktop/University/Course_Work/2025-2026/Spring_2026/ECE_410/ECE410/project/post_m3_Minor_Redesign/tb/tb_top.sv Line: 257

Time: 3405 ns Started: 3395 ns Scope: /tb_top/u_mon File: /run/media/sackb/Windows-SSD/Users/sackb/OneDrive/Desktop/University/Course_Work/2025-2026/Spring_2026/ECE_410/ECE410/project/post_m3_Minor_Redesign/tb/tb_top.sv Line:256
Error: AXI MONITOR: core_C changed while core is idle
Time: 3405 ns  Iteration: 0  Process: /tb_top/u_mon//tb_top/u_mon  Scope: tb_top.u_mon  File: /run/media/sackb/Windows-SSD/Users/sackb/OneDrive/Desktop/University/Course_Work/2025-2026/Spring_2026/ECE_410/ECE410/project/post_m3_Minor_Redesign/tb/tb_top.sv Line: 257

Time: 3415 ns Started: 3405 ns Scope: /tb_top/u_mon File: /run/media/sackb/Windows-SSD/Users/sackb/OneDrive/Desktop/University/Course_Work/2025-2026/Spring_2026/ECE_410/ECE410/project/post_m3_Minor_Redesign/tb/tb_top.sv Line:256
Error: AXI MONITOR: core_C changed while core is idle
Time: 3415 ns  Iteration: 0  Process: /tb_top/u_mon//tb_top/u_mon  Scope: tb_top.u_mon  File: /run/media/sackb/Windows-SSD/Users/sackb/OneDrive/Desktop/University/Course_Work/2025-2026/Spring_2026/ECE_410/ECE410/project/post_m3_Minor_Redesign/tb/tb_top.sv Line: 257

Time: 3425 ns Started: 3415 ns Scope: /tb_top/u_mon File: /run/media/sackb/Windows-SSD/Users/sackb/OneDrive/Desktop/University/Course_Work/2025-2026/Spring_2026/ECE_410/ECE410/project/post_m3_Minor_Redesign/tb/tb_top.sv Line:256
Error: AXI MONITOR: core_C changed while core is idle
Time: 3425 ns  Iteration: 0  Process: /tb_top/u_mon//tb_top/u_mon  Scope: tb_top.u_mon  File: /run/media/sackb/Windows-SSD/Users/sackb/OneDrive/Desktop/University/Course_Work/2025-2026/Spring_2026/ECE_410/ECE410/project/post_m3_Minor_Redesign/tb/tb_top.sv Line: 257

Time: 3435 ns Started: 3425 ns Scope: /tb_top/u_mon File: /run/media/sackb/Windows-SSD/Users/sackb/OneDrive/Desktop/University/Course_Work/2025-2026/Spring_2026/ECE_410/ECE410/project/post_m3_Minor_Redesign/tb/tb_top.sv Line:256
Error: AXI MONITOR: core_C changed while core is idle
Time: 3435 ns  Iteration: 0  Process: /tb_top/u_mon//tb_top/u_mon  Scope: tb_top.u_mon  File: /run/media/sackb/Windows-SSD/Users/sackb/OneDrive/Desktop/University/Course_Work/2025-2026/Spring_2026/ECE_410/ECE410/project/post_m3_Minor_Redesign/tb/tb_top.sv Line: 257

Time: 3445 ns Started: 3435 ns Scope: /tb_top/u_mon File: /run/media/sackb/Windows-SSD/Users/sackb/OneDrive/Desktop/University/Course_Work/2025-2026/Spring_2026/ECE_410/ECE410/project/post_m3_Minor_Redesign/tb/tb_top.sv Line:256
Error: AXI MONITOR: core_C changed while core is idle
Time: 3445 ns  Iteration: 0  Process: /tb_top/u_mon//tb_top/u_mon  Scope: tb_top.u_mon  File: /run/media/sackb/Windows-SSD/Users/sackb/OneDrive/Desktop/University/Course_Work/2025-2026/Spring_2026/ECE_410/ECE410/project/post_m3_Minor_Redesign/tb/tb_top.sv Line: 257

Time: 3455 ns Started: 3445 ns Scope: /tb_top/u_mon File: /run/media/sackb/Windows-SSD/Users/sackb/OneDrive/Desktop/University/Course_Work/2025-2026/Spring_2026/ECE_410/ECE410/project/post_m3_Minor_Redesign/tb/tb_top.sv Line:256
Error: AXI MONITOR: core_C changed while core is idle
Time: 3455 ns  Iteration: 0  Process: /tb_top/u_mon//tb_top/u_mon  Scope: tb_top.u_mon  File: /run/media/sackb/Windows-SSD/Users/sackb/OneDrive/Desktop/University/Course_Work/2025-2026/Spring_2026/ECE_410/ECE410/project/post_m3_Minor_Redesign/tb/tb_top.sv Line: 257

Time: 3465 ns Started: 3455 ns Scope: /tb_top/u_mon File: /run/media/sackb/Windows-SSD/Users/sackb/OneDrive/Desktop/University/Course_Work/2025-2026/Spring_2026/ECE_410/ECE410/project/post_m3_Minor_Redesign/tb/tb_top.sv Line:256
Error: AXI MONITOR: core_C changed while core is idle
Time: 3465 ns  Iteration: 0  Process: /tb_top/u_mon//tb_top/u_mon  Scope: tb_top.u_mon  File: /run/media/sackb/Windows-SSD/Users/sackb/OneDrive/Desktop/University/Course_Work/2025-2026/Spring_2026/ECE_410/ECE410/project/post_m3_Minor_Redesign/tb/tb_top.sv Line: 257

Time: 3475 ns Started: 3465 ns Scope: /tb_top/u_mon File: /run/media/sackb/Windows-SSD/Users/sackb/OneDrive/Desktop/University/Course_Work/2025-2026/Spring_2026/ECE_410/ECE410/project/post_m3_Minor_Redesign/tb/tb_top.sv Line:256
Error: AXI MONITOR: core_C changed while core is idle
Time: 3475 ns  Iteration: 0  Process: /tb_top/u_mon//tb_top/u_mon  Scope: tb_top.u_mon  File: /run/media/sackb/Windows-SSD/Users/sackb/OneDrive/Desktop/University/Course_Work/2025-2026/Spring_2026/ECE_410/ECE410/project/post_m3_Minor_Redesign/tb/tb_top.sv Line: 257

Time: 3485 ns Started: 3475 ns Scope: /tb_top/u_mon File: /run/media/sackb/Windows-SSD/Users/sackb/OneDrive/Desktop/University/Course_Work/2025-2026/Spring_2026/ECE_410/ECE410/project/post_m3_Minor_Redesign/tb/tb_top.sv Line:256
Error: AXI MONITOR: core_C changed while core is idle
Time: 3485 ns  Iteration: 0  Process: /tb_top/u_mon//tb_top/u_mon  Scope: tb_top.u_mon  File: /run/media/sackb/Windows-SSD/Users/sackb/OneDrive/Desktop/University/Course_Work/2025-2026/Spring_2026/ECE_410/ECE410/project/post_m3_Minor_Redesign/tb/tb_top.sv Line: 257

Time: 3495 ns Started: 3485 ns Scope: /tb_top/u_mon File: /run/media/sackb/Windows-SSD/Users/sackb/OneDrive/Desktop/University/Course_Work/2025-2026/Spring_2026/ECE_410/ECE410/project/post_m3_Minor_Redesign/tb/tb_top.sv Line:256
Error: AXI MONITOR: core_C changed while core is idle
Time: 3495 ns  Iteration: 0  Process: /tb_top/u_mon//tb_top/u_mon  Scope: tb_top.u_mon  File: /run/media/sackb/Windows-SSD/Users/sackb/OneDrive/Desktop/University/Course_Work/2025-2026/Spring_2026/ECE_410/ECE410/project/post_m3_Minor_Redesign/tb/tb_top.sv Line: 257

Time: 3505 ns Started: 3495 ns Scope: /tb_top/u_mon File: /run/media/sackb/Windows-SSD/Users/sackb/OneDrive/Desktop/University/Course_Work/2025-2026/Spring_2026/ECE_410/ECE410/project/post_m3_Minor_Redesign/tb/tb_top.sv Line:256
Error: AXI MONITOR: core_C changed while core is idle
Time: 3505 ns  Iteration: 0  Process: /tb_top/u_mon//tb_top/u_mon  Scope: tb_top.u_mon  File: /run/media/sackb/Windows-SSD/Users/sackb/OneDrive/Desktop/University/Course_Work/2025-2026/Spring_2026/ECE_410/ECE410/project/post_m3_Minor_Redesign/tb/tb_top.sv Line: 257

Time: 3515 ns Started: 3505 ns Scope: /tb_top/u_mon File: /run/media/sackb/Windows-SSD/Users/sackb/OneDrive/Desktop/University/Course_Work/2025-2026/Spring_2026/ECE_410/ECE410/project/post_m3_Minor_Redesign/tb/tb_top.sv Line:256
Error: AXI MONITOR: core_C changed while core is idle
Time: 3515 ns  Iteration: 0  Process: /tb_top/u_mon//tb_top/u_mon  Scope: tb_top.u_mon  File: /run/media/sackb/Windows-SSD/Users/sackb/OneDrive/Desktop/University/Course_Work/2025-2026/Spring_2026/ECE_410/ECE410/project/post_m3_Minor_Redesign/tb/tb_top.sv Line: 257

Time: 3525 ns Started: 3515 ns Scope: /tb_top/u_mon File: /run/media/sackb/Windows-SSD/Users/sackb/OneDrive/Desktop/University/Course_Work/2025-2026/Spring_2026/ECE_410/ECE410/project/post_m3_Minor_Redesign/tb/tb_top.sv Line:256
Error: AXI MONITOR: core_C changed while core is idle
Time: 3525 ns  Iteration: 0  Process: /tb_top/u_mon//tb_top/u_mon  Scope: tb_top.u_mon  File: /run/media/sackb/Windows-SSD/Users/sackb/OneDrive/Desktop/University/Course_Work/2025-2026/Spring_2026/ECE_410/ECE410/project/post_m3_Minor_Redesign/tb/tb_top.sv Line: 257

Time: 3535 ns Started: 3525 ns Scope: /tb_top/u_mon File: /run/media/sackb/Windows-SSD/Users/sackb/OneDrive/Desktop/University/Course_Work/2025-2026/Spring_2026/ECE_410/ECE410/project/post_m3_Minor_Redesign/tb/tb_top.sv Line:256
Error: AXI MONITOR: core_C changed while core is idle
Time: 3535 ns  Iteration: 0  Process: /tb_top/u_mon//tb_top/u_mon  Scope: tb_top.u_mon  File: /run/media/sackb/Windows-SSD/Users/sackb/OneDrive/Desktop/University/Course_Work/2025-2026/Spring_2026/ECE_410/ECE410/project/post_m3_Minor_Redesign/tb/tb_top.sv Line: 257

Time: 3545 ns Started: 3535 ns Scope: /tb_top/u_mon File: /run/media/sackb/Windows-SSD/Users/sackb/OneDrive/Desktop/University/Course_Work/2025-2026/Spring_2026/ECE_410/ECE410/project/post_m3_Minor_Redesign/tb/tb_top.sv Line:256
Error: AXI MONITOR: core_C changed while core is idle
Time: 3545 ns  Iteration: 0  Process: /tb_top/u_mon//tb_top/u_mon  Scope: tb_top.u_mon  File: /run/media/sackb/Windows-SSD/Users/sackb/OneDrive/Desktop/University/Course_Work/2025-2026/Spring_2026/ECE_410/ECE410/project/post_m3_Minor_Redesign/tb/tb_top.sv Line: 257

Time: 3555 ns Started: 3545 ns Scope: /tb_top/u_mon File: /run/media/sackb/Windows-SSD/Users/sackb/OneDrive/Desktop/University/Course_Work/2025-2026/Spring_2026/ECE_410/ECE410/project/post_m3_Minor_Redesign/tb/tb_top.sv Line:256
Error: AXI MONITOR: core_C changed while core is idle
Time: 3555 ns  Iteration: 0  Process: /tb_top/u_mon//tb_top/u_mon  Scope: tb_top.u_mon  File: /run/media/sackb/Windows-SSD/Users/sackb/OneDrive/Desktop/University/Course_Work/2025-2026/Spring_2026/ECE_410/ECE410/project/post_m3_Minor_Redesign/tb/tb_top.sv Line: 257

Time: 3565 ns Started: 3555 ns Scope: /tb_top/u_mon File: /run/media/sackb/Windows-SSD/Users/sackb/OneDrive/Desktop/University/Course_Work/2025-2026/Spring_2026/ECE_410/ECE410/project/post_m3_Minor_Redesign/tb/tb_top.sv Line:256
Error: AXI MONITOR: core_C changed while core is idle
Time: 3565 ns  Iteration: 0  Process: /tb_top/u_mon//tb_top/u_mon  Scope: tb_top.u_mon  File: /run/media/sackb/Windows-SSD/Users/sackb/OneDrive/Desktop/University/Course_Work/2025-2026/Spring_2026/ECE_410/ECE410/project/post_m3_Minor_Redesign/tb/tb_top.sv Line: 257

Time: 3575 ns Started: 3565 ns Scope: /tb_top/u_mon File: /run/media/sackb/Windows-SSD/Users/sackb/OneDrive/Desktop/University/Course_Work/2025-2026/Spring_2026/ECE_410/ECE410/project/post_m3_Minor_Redesign/tb/tb_top.sv Line:256
Error: AXI MONITOR: core_C changed while core is idle
Time: 3575 ns  Iteration: 0  Process: /tb_top/u_mon//tb_top/u_mon  Scope: tb_top.u_mon  File: /run/media/sackb/Windows-SSD/Users/sackb/OneDrive/Desktop/University/Course_Work/2025-2026/Spring_2026/ECE_410/ECE410/project/post_m3_Minor_Redesign/tb/tb_top.sv Line: 257

Time: 3585 ns Started: 3575 ns Scope: /tb_top/u_mon File: /run/media/sackb/Windows-SSD/Users/sackb/OneDrive/Desktop/University/Course_Work/2025-2026/Spring_2026/ECE_410/ECE410/project/post_m3_Minor_Redesign/tb/tb_top.sv Line:256
Error: AXI MONITOR: core_C changed while core is idle
Time: 3585 ns  Iteration: 0  Process: /tb_top/u_mon//tb_top/u_mon  Scope: tb_top.u_mon  File: /run/media/sackb/Windows-SSD/Users/sackb/OneDrive/Desktop/University/Course_Work/2025-2026/Spring_2026/ECE_410/ECE410/project/post_m3_Minor_Redesign/tb/tb_top.sv Line: 257

Time: 3595 ns Started: 3585 ns Scope: /tb_top/u_mon File: /run/media/sackb/Windows-SSD/Users/sackb/OneDrive/Desktop/University/Course_Work/2025-2026/Spring_2026/ECE_410/ECE410/project/post_m3_Minor_Redesign/tb/tb_top.sv Line:256
Error: AXI MONITOR: core_C changed while core is idle
Time: 3595 ns  Iteration: 0  Process: /tb_top/u_mon//tb_top/u_mon  Scope: tb_top.u_mon  File: /run/media/sackb/Windows-SSD/Users/sackb/OneDrive/Desktop/University/Course_Work/2025-2026/Spring_2026/ECE_410/ECE410/project/post_m3_Minor_Redesign/tb/tb_top.sv Line: 257

Time: 3605 ns Started: 3595 ns Scope: /tb_top/u_mon File: /run/media/sackb/Windows-SSD/Users/sackb/OneDrive/Desktop/University/Course_Work/2025-2026/Spring_2026/ECE_410/ECE410/project/post_m3_Minor_Redesign/tb/tb_top.sv Line:256
Error: AXI MONITOR: core_C changed while core is idle
Time: 3605 ns  Iteration: 0  Process: /tb_top/u_mon//tb_top/u_mon  Scope: tb_top.u_mon  File: /run/media/sackb/Windows-SSD/Users/sackb/OneDrive/Desktop/University/Course_Work/2025-2026/Spring_2026/ECE_410/ECE410/project/post_m3_Minor_Redesign/tb/tb_top.sv Line: 257

Time: 3615 ns Started: 3605 ns Scope: /tb_top/u_mon File: /run/media/sackb/Windows-SSD/Users/sackb/OneDrive/Desktop/University/Course_Work/2025-2026/Spring_2026/ECE_410/ECE410/project/post_m3_Minor_Redesign/tb/tb_top.sv Line:256
Error: AXI MONITOR: core_C changed while core is idle
Time: 3615 ns  Iteration: 0  Process: /tb_top/u_mon//tb_top/u_mon  Scope: tb_top.u_mon  File: /run/media/sackb/Windows-SSD/Users/sackb/OneDrive/Desktop/University/Course_Work/2025-2026/Spring_2026/ECE_410/ECE410/project/post_m3_Minor_Redesign/tb/tb_top.sv Line: 257

Time: 3625 ns Started: 3615 ns Scope: /tb_top/u_mon File: /run/media/sackb/Windows-SSD/Users/sackb/OneDrive/Desktop/University/Course_Work/2025-2026/Spring_2026/ECE_410/ECE410/project/post_m3_Minor_Redesign/tb/tb_top.sv Line:256
Error: AXI MONITOR: core_C changed while core is idle
Time: 3625 ns  Iteration: 0  Process: /tb_top/u_mon//tb_top/u_mon  Scope: tb_top.u_mon  File: /run/media/sackb/Windows-SSD/Users/sackb/OneDrive/Desktop/University/Course_Work/2025-2026/Spring_2026/ECE_410/ECE410/project/post_m3_Minor_Redesign/tb/tb_top.sv Line: 257

Time: 3635 ns Started: 3625 ns Scope: /tb_top/u_mon File: /run/media/sackb/Windows-SSD/Users/sackb/OneDrive/Desktop/University/Course_Work/2025-2026/Spring_2026/ECE_410/ECE410/project/post_m3_Minor_Redesign/tb/tb_top.sv Line:256
Error: AXI MONITOR: core_C changed while core is idle
Time: 3635 ns  Iteration: 0  Process: /tb_top/u_mon//tb_top/u_mon  Scope: tb_top.u_mon  File: /run/media/sackb/Windows-SSD/Users/sackb/OneDrive/Desktop/University/Course_Work/2025-2026/Spring_2026/ECE_410/ECE410/project/post_m3_Minor_Redesign/tb/tb_top.sv Line: 257

Time: 3645 ns Started: 3635 ns Scope: /tb_top/u_mon File: /run/media/sackb/Windows-SSD/Users/sackb/OneDrive/Desktop/University/Course_Work/2025-2026/Spring_2026/ECE_410/ECE410/project/post_m3_Minor_Redesign/tb/tb_top.sv Line:256
Error: AXI MONITOR: core_C changed while core is idle
Time: 3645 ns  Iteration: 0  Process: /tb_top/u_mon//tb_top/u_mon  Scope: tb_top.u_mon  File: /run/media/sackb/Windows-SSD/Users/sackb/OneDrive/Desktop/University/Course_Work/2025-2026/Spring_2026/ECE_410/ECE410/project/post_m3_Minor_Redesign/tb/tb_top.sv Line: 257

Time: 3655 ns Started: 3645 ns Scope: /tb_top/u_mon File: /run/media/sackb/Windows-SSD/Users/sackb/OneDrive/Desktop/University/Course_Work/2025-2026/Spring_2026/ECE_410/ECE410/project/post_m3_Minor_Redesign/tb/tb_top.sv Line:256
Error: AXI MONITOR: core_C changed while core is idle
Time: 3655 ns  Iteration: 0  Process: /tb_top/u_mon//tb_top/u_mon  Scope: tb_top.u_mon  File: /run/media/sackb/Windows-SSD/Users/sackb/OneDrive/Desktop/University/Course_Work/2025-2026/Spring_2026/ECE_410/ECE410/project/post_m3_Minor_Redesign/tb/tb_top.sv Line: 257

Time: 3665 ns Started: 3655 ns Scope: /tb_top/u_mon File: /run/media/sackb/Windows-SSD/Users/sackb/OneDrive/Desktop/University/Course_Work/2025-2026/Spring_2026/ECE_410/ECE410/project/post_m3_Minor_Redesign/tb/tb_top.sv Line:256
Error: AXI MONITOR: core_C changed while core is idle
Time: 3665 ns  Iteration: 0  Process: /tb_top/u_mon//tb_top/u_mon  Scope: tb_top.u_mon  File: /run/media/sackb/Windows-SSD/Users/sackb/OneDrive/Desktop/University/Course_Work/2025-2026/Spring_2026/ECE_410/ECE410/project/post_m3_Minor_Redesign/tb/tb_top.sv Line: 257

Time: 3675 ns Started: 3665 ns Scope: /tb_top/u_mon File: /run/media/sackb/Windows-SSD/Users/sackb/OneDrive/Desktop/University/Course_Work/2025-2026/Spring_2026/ECE_410/ECE410/project/post_m3_Minor_Redesign/tb/tb_top.sv Line:256
Error: AXI MONITOR: core_C changed while core is idle
Time: 3675 ns  Iteration: 0  Process: /tb_top/u_mon//tb_top/u_mon  Scope: tb_top.u_mon  File: /run/media/sackb/Windows-SSD/Users/sackb/OneDrive/Desktop/University/Course_Work/2025-2026/Spring_2026/ECE_410/ECE410/project/post_m3_Minor_Redesign/tb/tb_top.sv Line: 257

Time: 3685 ns Started: 3675 ns Scope: /tb_top/u_mon File: /run/media/sackb/Windows-SSD/Users/sackb/OneDrive/Desktop/University/Course_Work/2025-2026/Spring_2026/ECE_410/ECE410/project/post_m3_Minor_Redesign/tb/tb_top.sv Line:256
Error: AXI MONITOR: core_C changed while core is idle
Time: 3685 ns  Iteration: 0  Process: /tb_top/u_mon//tb_top/u_mon  Scope: tb_top.u_mon  File: /run/media/sackb/Windows-SSD/Users/sackb/OneDrive/Desktop/University/Course_Work/2025-2026/Spring_2026/ECE_410/ECE410/project/post_m3_Minor_Redesign/tb/tb_top.sv Line: 257

Time: 3695 ns Started: 3685 ns Scope: /tb_top/u_mon File: /run/media/sackb/Windows-SSD/Users/sackb/OneDrive/Desktop/University/Course_Work/2025-2026/Spring_2026/ECE_410/ECE410/project/post_m3_Minor_Redesign/tb/tb_top.sv Line:256
Error: AXI MONITOR: core_C changed while core is idle
Time: 3695 ns  Iteration: 0  Process: /tb_top/u_mon//tb_top/u_mon  Scope: tb_top.u_mon  File: /run/media/sackb/Windows-SSD/Users/sackb/OneDrive/Desktop/University/Course_Work/2025-2026/Spring_2026/ECE_410/ECE410/project/post_m3_Minor_Redesign/tb/tb_top.sv Line: 257

Time: 3705 ns Started: 3695 ns Scope: /tb_top/u_mon File: /run/media/sackb/Windows-SSD/Users/sackb/OneDrive/Desktop/University/Course_Work/2025-2026/Spring_2026/ECE_410/ECE410/project/post_m3_Minor_Redesign/tb/tb_top.sv Line:256
Error: AXI MONITOR: core_C changed while core is idle
Time: 3705 ns  Iteration: 0  Process: /tb_top/u_mon//tb_top/u_mon  Scope: tb_top.u_mon  File: /run/media/sackb/Windows-SSD/Users/sackb/OneDrive/Desktop/University/Course_Work/2025-2026/Spring_2026/ECE_410/ECE410/project/post_m3_Minor_Redesign/tb/tb_top.sv Line: 257

Time: 3715 ns Started: 3705 ns Scope: /tb_top/u_mon File: /run/media/sackb/Windows-SSD/Users/sackb/OneDrive/Desktop/University/Course_Work/2025-2026/Spring_2026/ECE_410/ECE410/project/post_m3_Minor_Redesign/tb/tb_top.sv Line:256
Error: AXI MONITOR: core_C changed while core is idle
Time: 3715 ns  Iteration: 0  Process: /tb_top/u_mon//tb_top/u_mon  Scope: tb_top.u_mon  File: /run/media/sackb/Windows-SSD/Users/sackb/OneDrive/Desktop/University/Course_Work/2025-2026/Spring_2026/ECE_410/ECE410/project/post_m3_Minor_Redesign/tb/tb_top.sv Line: 257

Time: 3725 ns Started: 3715 ns Scope: /tb_top/u_mon File: /run/media/sackb/Windows-SSD/Users/sackb/OneDrive/Desktop/University/Course_Work/2025-2026/Spring_2026/ECE_410/ECE410/project/post_m3_Minor_Redesign/tb/tb_top.sv Line:256
Error: AXI MONITOR: core_C changed while core is idle
Time: 3725 ns  Iteration: 0  Process: /tb_top/u_mon//tb_top/u_mon  Scope: tb_top.u_mon  File: /run/media/sackb/Windows-SSD/Users/sackb/OneDrive/Desktop/University/Course_Work/2025-2026/Spring_2026/ECE_410/ECE410/project/post_m3_Minor_Redesign/tb/tb_top.sv Line: 257

Time: 3735 ns Started: 3725 ns Scope: /tb_top/u_mon File: /run/media/sackb/Windows-SSD/Users/sackb/OneDrive/Desktop/University/Course_Work/2025-2026/Spring_2026/ECE_410/ECE410/project/post_m3_Minor_Redesign/tb/tb_top.sv Line:256
Error: AXI MONITOR: core_C changed while core is idle
Time: 3735 ns  Iteration: 0  Process: /tb_top/u_mon//tb_top/u_mon  Scope: tb_top.u_mon  File: /run/media/sackb/Windows-SSD/Users/sackb/OneDrive/Desktop/University/Course_Work/2025-2026/Spring_2026/ECE_410/ECE410/project/post_m3_Minor_Redesign/tb/tb_top.sv Line: 257

Time: 3745 ns Started: 3735 ns Scope: /tb_top/u_mon File: /run/media/sackb/Windows-SSD/Users/sackb/OneDrive/Desktop/University/Course_Work/2025-2026/Spring_2026/ECE_410/ECE410/project/post_m3_Minor_Redesign/tb/tb_top.sv Line:256
Error: AXI MONITOR: core_C changed while core is idle
Time: 3745 ns  Iteration: 0  Process: /tb_top/u_mon//tb_top/u_mon  Scope: tb_top.u_mon  File: /run/media/sackb/Windows-SSD/Users/sackb/OneDrive/Desktop/University/Course_Work/2025-2026/Spring_2026/ECE_410/ECE410/project/post_m3_Minor_Redesign/tb/tb_top.sv Line: 257

Time: 3755 ns Started: 3745 ns Scope: /tb_top/u_mon File: /run/media/sackb/Windows-SSD/Users/sackb/OneDrive/Desktop/University/Course_Work/2025-2026/Spring_2026/ECE_410/ECE410/project/post_m3_Minor_Redesign/tb/tb_top.sv Line:256
Error: AXI MONITOR: core_C changed while core is idle
Time: 3755 ns  Iteration: 0  Process: /tb_top/u_mon//tb_top/u_mon  Scope: tb_top.u_mon  File: /run/media/sackb/Windows-SSD/Users/sackb/OneDrive/Desktop/University/Course_Work/2025-2026/Spring_2026/ECE_410/ECE410/project/post_m3_Minor_Redesign/tb/tb_top.sv Line: 257

Time: 3765 ns Started: 3755 ns Scope: /tb_top/u_mon File: /run/media/sackb/Windows-SSD/Users/sackb/OneDrive/Desktop/University/Course_Work/2025-2026/Spring_2026/ECE_410/ECE410/project/post_m3_Minor_Redesign/tb/tb_top.sv Line:256
Error: AXI MONITOR: core_C changed while core is idle
Time: 3765 ns  Iteration: 0  Process: /tb_top/u_mon//tb_top/u_mon  Scope: tb_top.u_mon  File: /run/media/sackb/Windows-SSD/Users/sackb/OneDrive/Desktop/University/Course_Work/2025-2026/Spring_2026/ECE_410/ECE410/project/post_m3_Minor_Redesign/tb/tb_top.sv Line: 257

Time: 3775 ns Started: 3765 ns Scope: /tb_top/u_mon File: /run/media/sackb/Windows-SSD/Users/sackb/OneDrive/Desktop/University/Course_Work/2025-2026/Spring_2026/ECE_410/ECE410/project/post_m3_Minor_Redesign/tb/tb_top.sv Line:256
Error: AXI MONITOR: core_C changed while core is idle
Time: 3775 ns  Iteration: 0  Process: /tb_top/u_mon//tb_top/u_mon  Scope: tb_top.u_mon  File: /run/media/sackb/Windows-SSD/Users/sackb/OneDrive/Desktop/University/Course_Work/2025-2026/Spring_2026/ECE_410/ECE410/project/post_m3_Minor_Redesign/tb/tb_top.sv Line: 257

Time: 3785 ns Started: 3775 ns Scope: /tb_top/u_mon File: /run/media/sackb/Windows-SSD/Users/sackb/OneDrive/Desktop/University/Course_Work/2025-2026/Spring_2026/ECE_410/ECE410/project/post_m3_Minor_Redesign/tb/tb_top.sv Line:256
Error: AXI MONITOR: core_C changed while core is idle
Time: 3785 ns  Iteration: 0  Process: /tb_top/u_mon//tb_top/u_mon  Scope: tb_top.u_mon  File: /run/media/sackb/Windows-SSD/Users/sackb/OneDrive/Desktop/University/Course_Work/2025-2026/Spring_2026/ECE_410/ECE410/project/post_m3_Minor_Redesign/tb/tb_top.sv Line: 257

Time: 3795 ns Started: 3785 ns Scope: /tb_top/u_mon File: /run/media/sackb/Windows-SSD/Users/sackb/OneDrive/Desktop/University/Course_Work/2025-2026/Spring_2026/ECE_410/ECE410/project/post_m3_Minor_Redesign/tb/tb_top.sv Line:256
Error: AXI MONITOR: core_C changed while core is idle
Time: 3795 ns  Iteration: 0  Process: /tb_top/u_mon//tb_top/u_mon  Scope: tb_top.u_mon  File: /run/media/sackb/Windows-SSD/Users/sackb/OneDrive/Desktop/University/Course_Work/2025-2026/Spring_2026/ECE_410/ECE410/project/post_m3_Minor_Redesign/tb/tb_top.sv Line: 257

Time: 3805 ns Started: 3795 ns Scope: /tb_top/u_mon File: /run/media/sackb/Windows-SSD/Users/sackb/OneDrive/Desktop/University/Course_Work/2025-2026/Spring_2026/ECE_410/ECE410/project/post_m3_Minor_Redesign/tb/tb_top.sv Line:256
Error: AXI MONITOR: core_C changed while core is idle
Time: 3805 ns  Iteration: 0  Process: /tb_top/u_mon//tb_top/u_mon  Scope: tb_top.u_mon  File: /run/media/sackb/Windows-SSD/Users/sackb/OneDrive/Desktop/University/Course_Work/2025-2026/Spring_2026/ECE_410/ECE410/project/post_m3_Minor_Redesign/tb/tb_top.sv Line: 257

Time: 3815 ns Started: 3805 ns Scope: /tb_top/u_mon File: /run/media/sackb/Windows-SSD/Users/sackb/OneDrive/Desktop/University/Course_Work/2025-2026/Spring_2026/ECE_410/ECE410/project/post_m3_Minor_Redesign/tb/tb_top.sv Line:256
Error: AXI MONITOR: core_C changed while core is idle
Time: 3815 ns  Iteration: 0  Process: /tb_top/u_mon//tb_top/u_mon  Scope: tb_top.u_mon  File: /run/media/sackb/Windows-SSD/Users/sackb/OneDrive/Desktop/University/Course_Work/2025-2026/Spring_2026/ECE_410/ECE410/project/post_m3_Minor_Redesign/tb/tb_top.sv Line: 257

Time: 3825 ns Started: 3815 ns Scope: /tb_top/u_mon File: /run/media/sackb/Windows-SSD/Users/sackb/OneDrive/Desktop/University/Course_Work/2025-2026/Spring_2026/ECE_410/ECE410/project/post_m3_Minor_Redesign/tb/tb_top.sv Line:256
Error: AXI MONITOR: core_C changed while core is idle
Time: 3825 ns  Iteration: 0  Process: /tb_top/u_mon//tb_top/u_mon  Scope: tb_top.u_mon  File: /run/media/sackb/Windows-SSD/Users/sackb/OneDrive/Desktop/University/Course_Work/2025-2026/Spring_2026/ECE_410/ECE410/project/post_m3_Minor_Redesign/tb/tb_top.sv Line: 257

Time: 3835 ns Started: 3825 ns Scope: /tb_top/u_mon File: /run/media/sackb/Windows-SSD/Users/sackb/OneDrive/Desktop/University/Course_Work/2025-2026/Spring_2026/ECE_410/ECE410/project/post_m3_Minor_Redesign/tb/tb_top.sv Line:256
Error: AXI MONITOR: core_C changed while core is idle
Time: 3835 ns  Iteration: 0  Process: /tb_top/u_mon//tb_top/u_mon  Scope: tb_top.u_mon  File: /run/media/sackb/Windows-SSD/Users/sackb/OneDrive/Desktop/University/Course_Work/2025-2026/Spring_2026/ECE_410/ECE410/project/post_m3_Minor_Redesign/tb/tb_top.sv Line: 257

Time: 3845 ns Started: 3835 ns Scope: /tb_top/u_mon File: /run/media/sackb/Windows-SSD/Users/sackb/OneDrive/Desktop/University/Course_Work/2025-2026/Spring_2026/ECE_410/ECE410/project/post_m3_Minor_Redesign/tb/tb_top.sv Line:256
Error: AXI MONITOR: core_C changed while core is idle
Time: 3845 ns  Iteration: 0  Process: /tb_top/u_mon//tb_top/u_mon  Scope: tb_top.u_mon  File: /run/media/sackb/Windows-SSD/Users/sackb/OneDrive/Desktop/University/Course_Work/2025-2026/Spring_2026/ECE_410/ECE410/project/post_m3_Minor_Redesign/tb/tb_top.sv Line: 257

Time: 3855 ns Started: 3845 ns Scope: /tb_top/u_mon File: /run/media/sackb/Windows-SSD/Users/sackb/OneDrive/Desktop/University/Course_Work/2025-2026/Spring_2026/ECE_410/ECE410/project/post_m3_Minor_Redesign/tb/tb_top.sv Line:256
Error: AXI MONITOR: core_C changed while core is idle
Time: 3855 ns  Iteration: 0  Process: /tb_top/u_mon//tb_top/u_mon  Scope: tb_top.u_mon  File: /run/media/sackb/Windows-SSD/Users/sackb/OneDrive/Desktop/University/Course_Work/2025-2026/Spring_2026/ECE_410/ECE410/project/post_m3_Minor_Redesign/tb/tb_top.sv Line: 257

Time: 3865 ns Started: 3855 ns Scope: /tb_top/u_mon File: /run/media/sackb/Windows-SSD/Users/sackb/OneDrive/Desktop/University/Course_Work/2025-2026/Spring_2026/ECE_410/ECE410/project/post_m3_Minor_Redesign/tb/tb_top.sv Line:256
Error: AXI MONITOR: core_C changed while core is idle
Time: 3865 ns  Iteration: 0  Process: /tb_top/u_mon//tb_top/u_mon  Scope: tb_top.u_mon  File: /run/media/sackb/Windows-SSD/Users/sackb/OneDrive/Desktop/University/Course_Work/2025-2026/Spring_2026/ECE_410/ECE410/project/post_m3_Minor_Redesign/tb/tb_top.sv Line: 257

Time: 3875 ns Started: 3865 ns Scope: /tb_top/u_mon File: /run/media/sackb/Windows-SSD/Users/sackb/OneDrive/Desktop/University/Course_Work/2025-2026/Spring_2026/ECE_410/ECE410/project/post_m3_Minor_Redesign/tb/tb_top.sv Line:256
Error: AXI MONITOR: core_C changed while core is idle
Time: 3875 ns  Iteration: 0  Process: /tb_top/u_mon//tb_top/u_mon  Scope: tb_top.u_mon  File: /run/media/sackb/Windows-SSD/Users/sackb/OneDrive/Desktop/University/Course_Work/2025-2026/Spring_2026/ECE_410/ECE410/project/post_m3_Minor_Redesign/tb/tb_top.sv Line: 257

Time: 3885 ns Started: 3875 ns Scope: /tb_top/u_mon File: /run/media/sackb/Windows-SSD/Users/sackb/OneDrive/Desktop/University/Course_Work/2025-2026/Spring_2026/ECE_410/ECE410/project/post_m3_Minor_Redesign/tb/tb_top.sv Line:256
Error: AXI MONITOR: core_C changed while core is idle
Time: 3885 ns  Iteration: 0  Process: /tb_top/u_mon//tb_top/u_mon  Scope: tb_top.u_mon  File: /run/media/sackb/Windows-SSD/Users/sackb/OneDrive/Desktop/University/Course_Work/2025-2026/Spring_2026/ECE_410/ECE410/project/post_m3_Minor_Redesign/tb/tb_top.sv Line: 257

Time: 3895 ns Started: 3885 ns Scope: /tb_top/u_mon File: /run/media/sackb/Windows-SSD/Users/sackb/OneDrive/Desktop/University/Course_Work/2025-2026/Spring_2026/ECE_410/ECE410/project/post_m3_Minor_Redesign/tb/tb_top.sv Line:256
Error: AXI MONITOR: core_C changed while core is idle
Time: 3895 ns  Iteration: 0  Process: /tb_top/u_mon//tb_top/u_mon  Scope: tb_top.u_mon  File: /run/media/sackb/Windows-SSD/Users/sackb/OneDrive/Desktop/University/Course_Work/2025-2026/Spring_2026/ECE_410/ECE410/project/post_m3_Minor_Redesign/tb/tb_top.sv Line: 257

Time: 3905 ns Started: 3895 ns Scope: /tb_top/u_mon File: /run/media/sackb/Windows-SSD/Users/sackb/OneDrive/Desktop/University/Course_Work/2025-2026/Spring_2026/ECE_410/ECE410/project/post_m3_Minor_Redesign/tb/tb_top.sv Line:256
Error: AXI MONITOR: core_C changed while core is idle
Time: 3905 ns  Iteration: 0  Process: /tb_top/u_mon//tb_top/u_mon  Scope: tb_top.u_mon  File: /run/media/sackb/Windows-SSD/Users/sackb/OneDrive/Desktop/University/Course_Work/2025-2026/Spring_2026/ECE_410/ECE410/project/post_m3_Minor_Redesign/tb/tb_top.sv Line: 257

Time: 3915 ns Started: 3905 ns Scope: /tb_top/u_mon File: /run/media/sackb/Windows-SSD/Users/sackb/OneDrive/Desktop/University/Course_Work/2025-2026/Spring_2026/ECE_410/ECE410/project/post_m3_Minor_Redesign/tb/tb_top.sv Line:256
Error: AXI MONITOR: core_C changed while core is idle
Time: 3915 ns  Iteration: 0  Process: /tb_top/u_mon//tb_top/u_mon  Scope: tb_top.u_mon  File: /run/media/sackb/Windows-SSD/Users/sackb/OneDrive/Desktop/University/Course_Work/2025-2026/Spring_2026/ECE_410/ECE410/project/post_m3_Minor_Redesign/tb/tb_top.sv Line: 257

Time: 3925 ns Started: 3915 ns Scope: /tb_top/u_mon File: /run/media/sackb/Windows-SSD/Users/sackb/OneDrive/Desktop/University/Course_Work/2025-2026/Spring_2026/ECE_410/ECE410/project/post_m3_Minor_Redesign/tb/tb_top.sv Line:256
Error: AXI MONITOR: core_C changed while core is idle
Time: 3925 ns  Iteration: 0  Process: /tb_top/u_mon//tb_top/u_mon  Scope: tb_top.u_mon  File: /run/media/sackb/Windows-SSD/Users/sackb/OneDrive/Desktop/University/Course_Work/2025-2026/Spring_2026/ECE_410/ECE410/project/post_m3_Minor_Redesign/tb/tb_top.sv Line: 257

Time: 3935 ns Started: 3925 ns Scope: /tb_top/u_mon File: /run/media/sackb/Windows-SSD/Users/sackb/OneDrive/Desktop/University/Course_Work/2025-2026/Spring_2026/ECE_410/ECE410/project/post_m3_Minor_Redesign/tb/tb_top.sv Line:256
Error: AXI MONITOR: core_C changed while core is idle
Time: 3935 ns  Iteration: 0  Process: /tb_top/u_mon//tb_top/u_mon  Scope: tb_top.u_mon  File: /run/media/sackb/Windows-SSD/Users/sackb/OneDrive/Desktop/University/Course_Work/2025-2026/Spring_2026/ECE_410/ECE410/project/post_m3_Minor_Redesign/tb/tb_top.sv Line: 257

Time: 3945 ns Started: 3935 ns Scope: /tb_top/u_mon File: /run/media/sackb/Windows-SSD/Users/sackb/OneDrive/Desktop/University/Course_Work/2025-2026/Spring_2026/ECE_410/ECE410/project/post_m3_Minor_Redesign/tb/tb_top.sv Line:256
Error: AXI MONITOR: core_C changed while core is idle
Time: 3945 ns  Iteration: 0  Process: /tb_top/u_mon//tb_top/u_mon  Scope: tb_top.u_mon  File: /run/media/sackb/Windows-SSD/Users/sackb/OneDrive/Desktop/University/Course_Work/2025-2026/Spring_2026/ECE_410/ECE410/project/post_m3_Minor_Redesign/tb/tb_top.sv Line: 257

Time: 3955 ns Started: 3945 ns Scope: /tb_top/u_mon File: /run/media/sackb/Windows-SSD/Users/sackb/OneDrive/Desktop/University/Course_Work/2025-2026/Spring_2026/ECE_410/ECE410/project/post_m3_Minor_Redesign/tb/tb_top.sv Line:256
Error: AXI MONITOR: core_C changed while core is idle
Time: 3955 ns  Iteration: 0  Process: /tb_top/u_mon//tb_top/u_mon  Scope: tb_top.u_mon  File: /run/media/sackb/Windows-SSD/Users/sackb/OneDrive/Desktop/University/Course_Work/2025-2026/Spring_2026/ECE_410/ECE410/project/post_m3_Minor_Redesign/tb/tb_top.sv Line: 257

Time: 3965 ns Started: 3955 ns Scope: /tb_top/u_mon File: /run/media/sackb/Windows-SSD/Users/sackb/OneDrive/Desktop/University/Course_Work/2025-2026/Spring_2026/ECE_410/ECE410/project/post_m3_Minor_Redesign/tb/tb_top.sv Line:256
Error: AXI MONITOR: core_C changed while core is idle
Time: 3965 ns  Iteration: 0  Process: /tb_top/u_mon//tb_top/u_mon  Scope: tb_top.u_mon  File: /run/media/sackb/Windows-SSD/Users/sackb/OneDrive/Desktop/University/Course_Work/2025-2026/Spring_2026/ECE_410/ECE410/project/post_m3_Minor_Redesign/tb/tb_top.sv Line: 257

Time: 3975 ns Started: 3965 ns Scope: /tb_top/u_mon File: /run/media/sackb/Windows-SSD/Users/sackb/OneDrive/Desktop/University/Course_Work/2025-2026/Spring_2026/ECE_410/ECE410/project/post_m3_Minor_Redesign/tb/tb_top.sv Line:256
Error: AXI MONITOR: core_C changed while core is idle
Time: 3975 ns  Iteration: 0  Process: /tb_top/u_mon//tb_top/u_mon  Scope: tb_top.u_mon  File: /run/media/sackb/Windows-SSD/Users/sackb/OneDrive/Desktop/University/Course_Work/2025-2026/Spring_2026/ECE_410/ECE410/project/post_m3_Minor_Redesign/tb/tb_top.sv Line: 257

Time: 3985 ns Started: 3975 ns Scope: /tb_top/u_mon File: /run/media/sackb/Windows-SSD/Users/sackb/OneDrive/Desktop/University/Course_Work/2025-2026/Spring_2026/ECE_410/ECE410/project/post_m3_Minor_Redesign/tb/tb_top.sv Line:256
Error: AXI MONITOR: core_C changed while core is idle
Time: 3985 ns  Iteration: 0  Process: /tb_top/u_mon//tb_top/u_mon  Scope: tb_top.u_mon  File: /run/media/sackb/Windows-SSD/Users/sackb/OneDrive/Desktop/University/Course_Work/2025-2026/Spring_2026/ECE_410/ECE410/project/post_m3_Minor_Redesign/tb/tb_top.sv Line: 257

Time: 3995 ns Started: 3985 ns Scope: /tb_top/u_mon File: /run/media/sackb/Windows-SSD/Users/sackb/OneDrive/Desktop/University/Course_Work/2025-2026/Spring_2026/ECE_410/ECE410/project/post_m3_Minor_Redesign/tb/tb_top.sv Line:256
Error: AXI MONITOR: core_C changed while core is idle
Time: 3995 ns  Iteration: 0  Process: /tb_top/u_mon//tb_top/u_mon  Scope: tb_top.u_mon  File: /run/media/sackb/Windows-SSD/Users/sackb/OneDrive/Desktop/University/Course_Work/2025-2026/Spring_2026/ECE_410/ECE410/project/post_m3_Minor_Redesign/tb/tb_top.sv Line: 257

Time: 4005 ns Started: 3995 ns Scope: /tb_top/u_mon File: /run/media/sackb/Windows-SSD/Users/sackb/OneDrive/Desktop/University/Course_Work/2025-2026/Spring_2026/ECE_410/ECE410/project/post_m3_Minor_Redesign/tb/tb_top.sv Line:256
Error: AXI MONITOR: core_C changed while core is idle
Time: 4005 ns  Iteration: 0  Process: /tb_top/u_mon//tb_top/u_mon  Scope: tb_top.u_mon  File: /run/media/sackb/Windows-SSD/Users/sackb/OneDrive/Desktop/University/Course_Work/2025-2026/Spring_2026/ECE_410/ECE410/project/post_m3_Minor_Redesign/tb/tb_top.sv Line: 257

Time: 4015 ns Started: 4005 ns Scope: /tb_top/u_mon File: /run/media/sackb/Windows-SSD/Users/sackb/OneDrive/Desktop/University/Course_Work/2025-2026/Spring_2026/ECE_410/ECE410/project/post_m3_Minor_Redesign/tb/tb_top.sv Line:256
Error: AXI MONITOR: core_C changed while core is idle
Time: 4015 ns  Iteration: 0  Process: /tb_top/u_mon//tb_top/u_mon  Scope: tb_top.u_mon  File: /run/media/sackb/Windows-SSD/Users/sackb/OneDrive/Desktop/University/Course_Work/2025-2026/Spring_2026/ECE_410/ECE410/project/post_m3_Minor_Redesign/tb/tb_top.sv Line: 257

Time: 4025 ns Started: 4015 ns Scope: /tb_top/u_mon File: /run/media/sackb/Windows-SSD/Users/sackb/OneDrive/Desktop/University/Course_Work/2025-2026/Spring_2026/ECE_410/ECE410/project/post_m3_Minor_Redesign/tb/tb_top.sv Line:256
Error: AXI MONITOR: core_C changed while core is idle
Time: 4025 ns  Iteration: 0  Process: /tb_top/u_mon//tb_top/u_mon  Scope: tb_top.u_mon  File: /run/media/sackb/Windows-SSD/Users/sackb/OneDrive/Desktop/University/Course_Work/2025-2026/Spring_2026/ECE_410/ECE410/project/post_m3_Minor_Redesign/tb/tb_top.sv Line: 257

Time: 4035 ns Started: 4025 ns Scope: /tb_top/u_mon File: /run/media/sackb/Windows-SSD/Users/sackb/OneDrive/Desktop/University/Course_Work/2025-2026/Spring_2026/ECE_410/ECE410/project/post_m3_Minor_Redesign/tb/tb_top.sv Line:256
Error: AXI MONITOR: core_C changed while core is idle
Time: 4035 ns  Iteration: 0  Process: /tb_top/u_mon//tb_top/u_mon  Scope: tb_top.u_mon  File: /run/media/sackb/Windows-SSD/Users/sackb/OneDrive/Desktop/University/Course_Work/2025-2026/Spring_2026/ECE_410/ECE410/project/post_m3_Minor_Redesign/tb/tb_top.sv Line: 257

Time: 4045 ns Started: 4035 ns Scope: /tb_top/u_mon File: /run/media/sackb/Windows-SSD/Users/sackb/OneDrive/Desktop/University/Course_Work/2025-2026/Spring_2026/ECE_410/ECE410/project/post_m3_Minor_Redesign/tb/tb_top.sv Line:256
Error: AXI MONITOR: core_C changed while core is idle
Time: 4045 ns  Iteration: 0  Process: /tb_top/u_mon//tb_top/u_mon  Scope: tb_top.u_mon  File: /run/media/sackb/Windows-SSD/Users/sackb/OneDrive/Desktop/University/Course_Work/2025-2026/Spring_2026/ECE_410/ECE410/project/post_m3_Minor_Redesign/tb/tb_top.sv Line: 257

Time: 4055 ns Started: 4045 ns Scope: /tb_top/u_mon File: /run/media/sackb/Windows-SSD/Users/sackb/OneDrive/Desktop/University/Course_Work/2025-2026/Spring_2026/ECE_410/ECE410/project/post_m3_Minor_Redesign/tb/tb_top.sv Line:256
Error: AXI MONITOR: core_C changed while core is idle
Time: 4055 ns  Iteration: 0  Process: /tb_top/u_mon//tb_top/u_mon  Scope: tb_top.u_mon  File: /run/media/sackb/Windows-SSD/Users/sackb/OneDrive/Desktop/University/Course_Work/2025-2026/Spring_2026/ECE_410/ECE410/project/post_m3_Minor_Redesign/tb/tb_top.sv Line: 257

Time: 4065 ns Started: 4055 ns Scope: /tb_top/u_mon File: /run/media/sackb/Windows-SSD/Users/sackb/OneDrive/Desktop/University/Course_Work/2025-2026/Spring_2026/ECE_410/ECE410/project/post_m3_Minor_Redesign/tb/tb_top.sv Line:256
Error: AXI MONITOR: core_C changed while core is idle
Time: 4065 ns  Iteration: 0  Process: /tb_top/u_mon//tb_top/u_mon  Scope: tb_top.u_mon  File: /run/media/sackb/Windows-SSD/Users/sackb/OneDrive/Desktop/University/Course_Work/2025-2026/Spring_2026/ECE_410/ECE410/project/post_m3_Minor_Redesign/tb/tb_top.sv Line: 257

Time: 4515 ns Started: 4505 ns Scope: /tb_top/u_mon File: /run/media/sackb/Windows-SSD/Users/sackb/OneDrive/Desktop/University/Course_Work/2025-2026/Spring_2026/ECE_410/ECE410/project/post_m3_Minor_Redesign/tb/tb_top.sv Line:256
Error: AXI MONITOR: core_C changed while core is idle
Time: 4515 ns  Iteration: 0  Process: /tb_top/u_mon//tb_top/u_mon  Scope: tb_top.u_mon  File: /run/media/sackb/Windows-SSD/Users/sackb/OneDrive/Desktop/University/Course_Work/2025-2026/Spring_2026/ECE_410/ECE410/project/post_m3_Minor_Redesign/tb/tb_top.sv Line: 257

Time: 4525 ns Started: 4515 ns Scope: /tb_top/u_mon File: /run/media/sackb/Windows-SSD/Users/sackb/OneDrive/Desktop/University/Course_Work/2025-2026/Spring_2026/ECE_410/ECE410/project/post_m3_Minor_Redesign/tb/tb_top.sv Line:256
Error: AXI MONITOR: core_C changed while core is idle
Time: 4525 ns  Iteration: 0  Process: /tb_top/u_mon//tb_top/u_mon  Scope: tb_top.u_mon  File: /run/media/sackb/Windows-SSD/Users/sackb/OneDrive/Desktop/University/Course_Work/2025-2026/Spring_2026/ECE_410/ECE410/project/post_m3_Minor_Redesign/tb/tb_top.sv Line: 257

Time: 4535 ns Started: 4525 ns Scope: /tb_top/u_mon File: /run/media/sackb/Windows-SSD/Users/sackb/OneDrive/Desktop/University/Course_Work/2025-2026/Spring_2026/ECE_410/ECE410/project/post_m3_Minor_Redesign/tb/tb_top.sv Line:256
Error: AXI MONITOR: core_C changed while core is idle
Time: 4535 ns  Iteration: 0  Process: /tb_top/u_mon//tb_top/u_mon  Scope: tb_top.u_mon  File: /run/media/sackb/Windows-SSD/Users/sackb/OneDrive/Desktop/University/Course_Work/2025-2026/Spring_2026/ECE_410/ECE410/project/post_m3_Minor_Redesign/tb/tb_top.sv Line: 257

Time: 4545 ns Started: 4535 ns Scope: /tb_top/u_mon File: /run/media/sackb/Windows-SSD/Users/sackb/OneDrive/Desktop/University/Course_Work/2025-2026/Spring_2026/ECE_410/ECE410/project/post_m3_Minor_Redesign/tb/tb_top.sv Line:256
Error: AXI MONITOR: core_C changed while core is idle
Time: 4545 ns  Iteration: 0  Process: /tb_top/u_mon//tb_top/u_mon  Scope: tb_top.u_mon  File: /run/media/sackb/Windows-SSD/Users/sackb/OneDrive/Desktop/University/Course_Work/2025-2026/Spring_2026/ECE_410/ECE410/project/post_m3_Minor_Redesign/tb/tb_top.sv Line: 257

Time: 4555 ns Started: 4545 ns Scope: /tb_top/u_mon File: /run/media/sackb/Windows-SSD/Users/sackb/OneDrive/Desktop/University/Course_Work/2025-2026/Spring_2026/ECE_410/ECE410/project/post_m3_Minor_Redesign/tb/tb_top.sv Line:256
Error: AXI MONITOR: core_C changed while core is idle
Time: 4555 ns  Iteration: 0  Process: /tb_top/u_mon//tb_top/u_mon  Scope: tb_top.u_mon  File: /run/media/sackb/Windows-SSD/Users/sackb/OneDrive/Desktop/University/Course_Work/2025-2026/Spring_2026/ECE_410/ECE410/project/post_m3_Minor_Redesign/tb/tb_top.sv Line: 257

Time: 4565 ns Started: 4555 ns Scope: /tb_top/u_mon File: /run/media/sackb/Windows-SSD/Users/sackb/OneDrive/Desktop/University/Course_Work/2025-2026/Spring_2026/ECE_410/ECE410/project/post_m3_Minor_Redesign/tb/tb_top.sv Line:256
Error: AXI MONITOR: core_C changed while core is idle
Time: 4565 ns  Iteration: 0  Process: /tb_top/u_mon//tb_top/u_mon  Scope: tb_top.u_mon  File: /run/media/sackb/Windows-SSD/Users/sackb/OneDrive/Desktop/University/Course_Work/2025-2026/Spring_2026/ECE_410/ECE410/project/post_m3_Minor_Redesign/tb/tb_top.sv Line: 257

Time: 4575 ns Started: 4565 ns Scope: /tb_top/u_mon File: /run/media/sackb/Windows-SSD/Users/sackb/OneDrive/Desktop/University/Course_Work/2025-2026/Spring_2026/ECE_410/ECE410/project/post_m3_Minor_Redesign/tb/tb_top.sv Line:256
Error: AXI MONITOR: core_C changed while core is idle
Time: 4575 ns  Iteration: 0  Process: /tb_top/u_mon//tb_top/u_mon  Scope: tb_top.u_mon  File: /run/media/sackb/Windows-SSD/Users/sackb/OneDrive/Desktop/University/Course_Work/2025-2026/Spring_2026/ECE_410/ECE410/project/post_m3_Minor_Redesign/tb/tb_top.sv Line: 257

Time: 4585 ns Started: 4575 ns Scope: /tb_top/u_mon File: /run/media/sackb/Windows-SSD/Users/sackb/OneDrive/Desktop/University/Course_Work/2025-2026/Spring_2026/ECE_410/ECE410/project/post_m3_Minor_Redesign/tb/tb_top.sv Line:256
Error: AXI MONITOR: core_C changed while core is idle
Time: 4585 ns  Iteration: 0  Process: /tb_top/u_mon//tb_top/u_mon  Scope: tb_top.u_mon  File: /run/media/sackb/Windows-SSD/Users/sackb/OneDrive/Desktop/University/Course_Work/2025-2026/Spring_2026/ECE_410/ECE410/project/post_m3_Minor_Redesign/tb/tb_top.sv Line: 257

Time: 4595 ns Started: 4585 ns Scope: /tb_top/u_mon File: /run/media/sackb/Windows-SSD/Users/sackb/OneDrive/Desktop/University/Course_Work/2025-2026/Spring_2026/ECE_410/ECE410/project/post_m3_Minor_Redesign/tb/tb_top.sv Line:256
Error: AXI MONITOR: core_C changed while core is idle
Time: 4595 ns  Iteration: 0  Process: /tb_top/u_mon//tb_top/u_mon  Scope: tb_top.u_mon  File: /run/media/sackb/Windows-SSD/Users/sackb/OneDrive/Desktop/University/Course_Work/2025-2026/Spring_2026/ECE_410/ECE410/project/post_m3_Minor_Redesign/tb/tb_top.sv Line: 257

Time: 4605 ns Started: 4595 ns Scope: /tb_top/u_mon File: /run/media/sackb/Windows-SSD/Users/sackb/OneDrive/Desktop/University/Course_Work/2025-2026/Spring_2026/ECE_410/ECE410/project/post_m3_Minor_Redesign/tb/tb_top.sv Line:256
Error: AXI MONITOR: core_C changed while core is idle
Time: 4605 ns  Iteration: 0  Process: /tb_top/u_mon//tb_top/u_mon  Scope: tb_top.u_mon  File: /run/media/sackb/Windows-SSD/Users/sackb/OneDrive/Desktop/University/Course_Work/2025-2026/Spring_2026/ECE_410/ECE410/project/post_m3_Minor_Redesign/tb/tb_top.sv Line: 257

Time: 4615 ns Started: 4605 ns Scope: /tb_top/u_mon File: /run/media/sackb/Windows-SSD/Users/sackb/OneDrive/Desktop/University/Course_Work/2025-2026/Spring_2026/ECE_410/ECE410/project/post_m3_Minor_Redesign/tb/tb_top.sv Line:256
Error: AXI MONITOR: core_C changed while core is idle
Time: 4615 ns  Iteration: 0  Process: /tb_top/u_mon//tb_top/u_mon  Scope: tb_top.u_mon  File: /run/media/sackb/Windows-SSD/Users/sackb/OneDrive/Desktop/University/Course_Work/2025-2026/Spring_2026/ECE_410/ECE410/project/post_m3_Minor_Redesign/tb/tb_top.sv Line: 257

Time: 4625 ns Started: 4615 ns Scope: /tb_top/u_mon File: /run/media/sackb/Windows-SSD/Users/sackb/OneDrive/Desktop/University/Course_Work/2025-2026/Spring_2026/ECE_410/ECE410/project/post_m3_Minor_Redesign/tb/tb_top.sv Line:256
Error: AXI MONITOR: core_C changed while core is idle
Time: 4625 ns  Iteration: 0  Process: /tb_top/u_mon//tb_top/u_mon  Scope: tb_top.u_mon  File: /run/media/sackb/Windows-SSD/Users/sackb/OneDrive/Desktop/University/Course_Work/2025-2026/Spring_2026/ECE_410/ECE410/project/post_m3_Minor_Redesign/tb/tb_top.sv Line: 257

Time: 4635 ns Started: 4625 ns Scope: /tb_top/u_mon File: /run/media/sackb/Windows-SSD/Users/sackb/OneDrive/Desktop/University/Course_Work/2025-2026/Spring_2026/ECE_410/ECE410/project/post_m3_Minor_Redesign/tb/tb_top.sv Line:256
Error: AXI MONITOR: core_C changed while core is idle
Time: 4635 ns  Iteration: 0  Process: /tb_top/u_mon//tb_top/u_mon  Scope: tb_top.u_mon  File: /run/media/sackb/Windows-SSD/Users/sackb/OneDrive/Desktop/University/Course_Work/2025-2026/Spring_2026/ECE_410/ECE410/project/post_m3_Minor_Redesign/tb/tb_top.sv Line: 257

Time: 4645 ns Started: 4635 ns Scope: /tb_top/u_mon File: /run/media/sackb/Windows-SSD/Users/sackb/OneDrive/Desktop/University/Course_Work/2025-2026/Spring_2026/ECE_410/ECE410/project/post_m3_Minor_Redesign/tb/tb_top.sv Line:256
Error: AXI MONITOR: core_C changed while core is idle
Time: 4645 ns  Iteration: 0  Process: /tb_top/u_mon//tb_top/u_mon  Scope: tb_top.u_mon  File: /run/media/sackb/Windows-SSD/Users/sackb/OneDrive/Desktop/University/Course_Work/2025-2026/Spring_2026/ECE_410/ECE410/project/post_m3_Minor_Redesign/tb/tb_top.sv Line: 257

Time: 4655 ns Started: 4645 ns Scope: /tb_top/u_mon File: /run/media/sackb/Windows-SSD/Users/sackb/OneDrive/Desktop/University/Course_Work/2025-2026/Spring_2026/ECE_410/ECE410/project/post_m3_Minor_Redesign/tb/tb_top.sv Line:256
Error: AXI MONITOR: core_C changed while core is idle
Time: 4655 ns  Iteration: 0  Process: /tb_top/u_mon//tb_top/u_mon  Scope: tb_top.u_mon  File: /run/media/sackb/Windows-SSD/Users/sackb/OneDrive/Desktop/University/Course_Work/2025-2026/Spring_2026/ECE_410/ECE410/project/post_m3_Minor_Redesign/tb/tb_top.sv Line: 257

Time: 4665 ns Started: 4655 ns Scope: /tb_top/u_mon File: /run/media/sackb/Windows-SSD/Users/sackb/OneDrive/Desktop/University/Course_Work/2025-2026/Spring_2026/ECE_410/ECE410/project/post_m3_Minor_Redesign/tb/tb_top.sv Line:256
Error: AXI MONITOR: core_C changed while core is idle
Time: 4665 ns  Iteration: 0  Process: /tb_top/u_mon//tb_top/u_mon  Scope: tb_top.u_mon  File: /run/media/sackb/Windows-SSD/Users/sackb/OneDrive/Desktop/University/Course_Work/2025-2026/Spring_2026/ECE_410/ECE410/project/post_m3_Minor_Redesign/tb/tb_top.sv Line: 257

Time: 4675 ns Started: 4665 ns Scope: /tb_top/u_mon File: /run/media/sackb/Windows-SSD/Users/sackb/OneDrive/Desktop/University/Course_Work/2025-2026/Spring_2026/ECE_410/ECE410/project/post_m3_Minor_Redesign/tb/tb_top.sv Line:256
Error: AXI MONITOR: core_C changed while core is idle
Time: 4675 ns  Iteration: 0  Process: /tb_top/u_mon//tb_top/u_mon  Scope: tb_top.u_mon  File: /run/media/sackb/Windows-SSD/Users/sackb/OneDrive/Desktop/University/Course_Work/2025-2026/Spring_2026/ECE_410/ECE410/project/post_m3_Minor_Redesign/tb/tb_top.sv Line: 257

Time: 4685 ns Started: 4675 ns Scope: /tb_top/u_mon File: /run/media/sackb/Windows-SSD/Users/sackb/OneDrive/Desktop/University/Course_Work/2025-2026/Spring_2026/ECE_410/ECE410/project/post_m3_Minor_Redesign/tb/tb_top.sv Line:256
Error: AXI MONITOR: core_C changed while core is idle
Time: 4685 ns  Iteration: 0  Process: /tb_top/u_mon//tb_top/u_mon  Scope: tb_top.u_mon  File: /run/media/sackb/Windows-SSD/Users/sackb/OneDrive/Desktop/University/Course_Work/2025-2026/Spring_2026/ECE_410/ECE410/project/post_m3_Minor_Redesign/tb/tb_top.sv Line: 257

Time: 4695 ns Started: 4685 ns Scope: /tb_top/u_mon File: /run/media/sackb/Windows-SSD/Users/sackb/OneDrive/Desktop/University/Course_Work/2025-2026/Spring_2026/ECE_410/ECE410/project/post_m3_Minor_Redesign/tb/tb_top.sv Line:256
Error: AXI MONITOR: core_C changed while core is idle
Time: 4695 ns  Iteration: 0  Process: /tb_top/u_mon//tb_top/u_mon  Scope: tb_top.u_mon  File: /run/media/sackb/Windows-SSD/Users/sackb/OneDrive/Desktop/University/Course_Work/2025-2026/Spring_2026/ECE_410/ECE410/project/post_m3_Minor_Redesign/tb/tb_top.sv Line: 257

Time: 4705 ns Started: 4695 ns Scope: /tb_top/u_mon File: /run/media/sackb/Windows-SSD/Users/sackb/OneDrive/Desktop/University/Course_Work/2025-2026/Spring_2026/ECE_410/ECE410/project/post_m3_Minor_Redesign/tb/tb_top.sv Line:256
Error: AXI MONITOR: core_C changed while core is idle
Time: 4705 ns  Iteration: 0  Process: /tb_top/u_mon//tb_top/u_mon  Scope: tb_top.u_mon  File: /run/media/sackb/Windows-SSD/Users/sackb/OneDrive/Desktop/University/Course_Work/2025-2026/Spring_2026/ECE_410/ECE410/project/post_m3_Minor_Redesign/tb/tb_top.sv Line: 257

Time: 4715 ns Started: 4705 ns Scope: /tb_top/u_mon File: /run/media/sackb/Windows-SSD/Users/sackb/OneDrive/Desktop/University/Course_Work/2025-2026/Spring_2026/ECE_410/ECE410/project/post_m3_Minor_Redesign/tb/tb_top.sv Line:256
Error: AXI MONITOR: core_C changed while core is idle
Time: 4715 ns  Iteration: 0  Process: /tb_top/u_mon//tb_top/u_mon  Scope: tb_top.u_mon  File: /run/media/sackb/Windows-SSD/Users/sackb/OneDrive/Desktop/University/Course_Work/2025-2026/Spring_2026/ECE_410/ECE410/project/post_m3_Minor_Redesign/tb/tb_top.sv Line: 257

Time: 4725 ns Started: 4715 ns Scope: /tb_top/u_mon File: /run/media/sackb/Windows-SSD/Users/sackb/OneDrive/Desktop/University/Course_Work/2025-2026/Spring_2026/ECE_410/ECE410/project/post_m3_Minor_Redesign/tb/tb_top.sv Line:256
Error: AXI MONITOR: core_C changed while core is idle
Time: 4725 ns  Iteration: 0  Process: /tb_top/u_mon//tb_top/u_mon  Scope: tb_top.u_mon  File: /run/media/sackb/Windows-SSD/Users/sackb/OneDrive/Desktop/University/Course_Work/2025-2026/Spring_2026/ECE_410/ECE410/project/post_m3_Minor_Redesign/tb/tb_top.sv Line: 257

Time: 4735 ns Started: 4725 ns Scope: /tb_top/u_mon File: /run/media/sackb/Windows-SSD/Users/sackb/OneDrive/Desktop/University/Course_Work/2025-2026/Spring_2026/ECE_410/ECE410/project/post_m3_Minor_Redesign/tb/tb_top.sv Line:256
Error: AXI MONITOR: core_C changed while core is idle
Time: 4735 ns  Iteration: 0  Process: /tb_top/u_mon//tb_top/u_mon  Scope: tb_top.u_mon  File: /run/media/sackb/Windows-SSD/Users/sackb/OneDrive/Desktop/University/Course_Work/2025-2026/Spring_2026/ECE_410/ECE410/project/post_m3_Minor_Redesign/tb/tb_top.sv Line: 257

Time: 4745 ns Started: 4735 ns Scope: /tb_top/u_mon File: /run/media/sackb/Windows-SSD/Users/sackb/OneDrive/Desktop/University/Course_Work/2025-2026/Spring_2026/ECE_410/ECE410/project/post_m3_Minor_Redesign/tb/tb_top.sv Line:256
Error: AXI MONITOR: core_C changed while core is idle
Time: 4745 ns  Iteration: 0  Process: /tb_top/u_mon//tb_top/u_mon  Scope: tb_top.u_mon  File: /run/media/sackb/Windows-SSD/Users/sackb/OneDrive/Desktop/University/Course_Work/2025-2026/Spring_2026/ECE_410/ECE410/project/post_m3_Minor_Redesign/tb/tb_top.sv Line: 257

Time: 4755 ns Started: 4745 ns Scope: /tb_top/u_mon File: /run/media/sackb/Windows-SSD/Users/sackb/OneDrive/Desktop/University/Course_Work/2025-2026/Spring_2026/ECE_410/ECE410/project/post_m3_Minor_Redesign/tb/tb_top.sv Line:256
Error: AXI MONITOR: core_C changed while core is idle
Time: 4755 ns  Iteration: 0  Process: /tb_top/u_mon//tb_top/u_mon  Scope: tb_top.u_mon  File: /run/media/sackb/Windows-SSD/Users/sackb/OneDrive/Desktop/University/Course_Work/2025-2026/Spring_2026/ECE_410/ECE410/project/post_m3_Minor_Redesign/tb/tb_top.sv Line: 257

Time: 4765 ns Started: 4755 ns Scope: /tb_top/u_mon File: /run/media/sackb/Windows-SSD/Users/sackb/OneDrive/Desktop/University/Course_Work/2025-2026/Spring_2026/ECE_410/ECE410/project/post_m3_Minor_Redesign/tb/tb_top.sv Line:256
Error: AXI MONITOR: core_C changed while core is idle
Time: 4765 ns  Iteration: 0  Process: /tb_top/u_mon//tb_top/u_mon  Scope: tb_top.u_mon  File: /run/media/sackb/Windows-SSD/Users/sackb/OneDrive/Desktop/University/Course_Work/2025-2026/Spring_2026/ECE_410/ECE410/project/post_m3_Minor_Redesign/tb/tb_top.sv Line: 257

Time: 4775 ns Started: 4765 ns Scope: /tb_top/u_mon File: /run/media/sackb/Windows-SSD/Users/sackb/OneDrive/Desktop/University/Course_Work/2025-2026/Spring_2026/ECE_410/ECE410/project/post_m3_Minor_Redesign/tb/tb_top.sv Line:256
Error: AXI MONITOR: core_C changed while core is idle
Time: 4775 ns  Iteration: 0  Process: /tb_top/u_mon//tb_top/u_mon  Scope: tb_top.u_mon  File: /run/media/sackb/Windows-SSD/Users/sackb/OneDrive/Desktop/University/Course_Work/2025-2026/Spring_2026/ECE_410/ECE410/project/post_m3_Minor_Redesign/tb/tb_top.sv Line: 257

Time: 4785 ns Started: 4775 ns Scope: /tb_top/u_mon File: /run/media/sackb/Windows-SSD/Users/sackb/OneDrive/Desktop/University/Course_Work/2025-2026/Spring_2026/ECE_410/ECE410/project/post_m3_Minor_Redesign/tb/tb_top.sv Line:256
Error: AXI MONITOR: core_C changed while core is idle
Time: 4785 ns  Iteration: 0  Process: /tb_top/u_mon//tb_top/u_mon  Scope: tb_top.u_mon  File: /run/media/sackb/Windows-SSD/Users/sackb/OneDrive/Desktop/University/Course_Work/2025-2026/Spring_2026/ECE_410/ECE410/project/post_m3_Minor_Redesign/tb/tb_top.sv Line: 257

Time: 4795 ns Started: 4785 ns Scope: /tb_top/u_mon File: /run/media/sackb/Windows-SSD/Users/sackb/OneDrive/Desktop/University/Course_Work/2025-2026/Spring_2026/ECE_410/ECE410/project/post_m3_Minor_Redesign/tb/tb_top.sv Line:256
Error: AXI MONITOR: core_C changed while core is idle
Time: 4795 ns  Iteration: 0  Process: /tb_top/u_mon//tb_top/u_mon  Scope: tb_top.u_mon  File: /run/media/sackb/Windows-SSD/Users/sackb/OneDrive/Desktop/University/Course_Work/2025-2026/Spring_2026/ECE_410/ECE410/project/post_m3_Minor_Redesign/tb/tb_top.sv Line: 257

Time: 4805 ns Started: 4795 ns Scope: /tb_top/u_mon File: /run/media/sackb/Windows-SSD/Users/sackb/OneDrive/Desktop/University/Course_Work/2025-2026/Spring_2026/ECE_410/ECE410/project/post_m3_Minor_Redesign/tb/tb_top.sv Line:256
Error: AXI MONITOR: core_C changed while core is idle
Time: 4805 ns  Iteration: 0  Process: /tb_top/u_mon//tb_top/u_mon  Scope: tb_top.u_mon  File: /run/media/sackb/Windows-SSD/Users/sackb/OneDrive/Desktop/University/Course_Work/2025-2026/Spring_2026/ECE_410/ECE410/project/post_m3_Minor_Redesign/tb/tb_top.sv Line: 257

Time: 4815 ns Started: 4805 ns Scope: /tb_top/u_mon File: /run/media/sackb/Windows-SSD/Users/sackb/OneDrive/Desktop/University/Course_Work/2025-2026/Spring_2026/ECE_410/ECE410/project/post_m3_Minor_Redesign/tb/tb_top.sv Line:256
Error: AXI MONITOR: core_C changed while core is idle
Time: 4815 ns  Iteration: 0  Process: /tb_top/u_mon//tb_top/u_mon  Scope: tb_top.u_mon  File: /run/media/sackb/Windows-SSD/Users/sackb/OneDrive/Desktop/University/Course_Work/2025-2026/Spring_2026/ECE_410/ECE410/project/post_m3_Minor_Redesign/tb/tb_top.sv Line: 257

Time: 4825 ns Started: 4815 ns Scope: /tb_top/u_mon File: /run/media/sackb/Windows-SSD/Users/sackb/OneDrive/Desktop/University/Course_Work/2025-2026/Spring_2026/ECE_410/ECE410/project/post_m3_Minor_Redesign/tb/tb_top.sv Line:256
Error: AXI MONITOR: core_C changed while core is idle
Time: 4825 ns  Iteration: 0  Process: /tb_top/u_mon//tb_top/u_mon  Scope: tb_top.u_mon  File: /run/media/sackb/Windows-SSD/Users/sackb/OneDrive/Desktop/University/Course_Work/2025-2026/Spring_2026/ECE_410/ECE410/project/post_m3_Minor_Redesign/tb/tb_top.sv Line: 257

Time: 4835 ns Started: 4825 ns Scope: /tb_top/u_mon File: /run/media/sackb/Windows-SSD/Users/sackb/OneDrive/Desktop/University/Course_Work/2025-2026/Spring_2026/ECE_410/ECE410/project/post_m3_Minor_Redesign/tb/tb_top.sv Line:256
Error: AXI MONITOR: core_C changed while core is idle
Time: 4835 ns  Iteration: 0  Process: /tb_top/u_mon//tb_top/u_mon  Scope: tb_top.u_mon  File: /run/media/sackb/Windows-SSD/Users/sackb/OneDrive/Desktop/University/Course_Work/2025-2026/Spring_2026/ECE_410/ECE410/project/post_m3_Minor_Redesign/tb/tb_top.sv Line: 257

Time: 4845 ns Started: 4835 ns Scope: /tb_top/u_mon File: /run/media/sackb/Windows-SSD/Users/sackb/OneDrive/Desktop/University/Course_Work/2025-2026/Spring_2026/ECE_410/ECE410/project/post_m3_Minor_Redesign/tb/tb_top.sv Line:256
Error: AXI MONITOR: core_C changed while core is idle
Time: 4845 ns  Iteration: 0  Process: /tb_top/u_mon//tb_top/u_mon  Scope: tb_top.u_mon  File: /run/media/sackb/Windows-SSD/Users/sackb/OneDrive/Desktop/University/Course_Work/2025-2026/Spring_2026/ECE_410/ECE410/project/post_m3_Minor_Redesign/tb/tb_top.sv Line: 257

Time: 4855 ns Started: 4845 ns Scope: /tb_top/u_mon File: /run/media/sackb/Windows-SSD/Users/sackb/OneDrive/Desktop/University/Course_Work/2025-2026/Spring_2026/ECE_410/ECE410/project/post_m3_Minor_Redesign/tb/tb_top.sv Line:256
Error: AXI MONITOR: core_C changed while core is idle
Time: 4855 ns  Iteration: 0  Process: /tb_top/u_mon//tb_top/u_mon  Scope: tb_top.u_mon  File: /run/media/sackb/Windows-SSD/Users/sackb/OneDrive/Desktop/University/Course_Work/2025-2026/Spring_2026/ECE_410/ECE410/project/post_m3_Minor_Redesign/tb/tb_top.sv Line: 257

Time: 4865 ns Started: 4855 ns Scope: /tb_top/u_mon File: /run/media/sackb/Windows-SSD/Users/sackb/OneDrive/Desktop/University/Course_Work/2025-2026/Spring_2026/ECE_410/ECE410/project/post_m3_Minor_Redesign/tb/tb_top.sv Line:256
Error: AXI MONITOR: core_C changed while core is idle
Time: 4865 ns  Iteration: 0  Process: /tb_top/u_mon//tb_top/u_mon  Scope: tb_top.u_mon  File: /run/media/sackb/Windows-SSD/Users/sackb/OneDrive/Desktop/University/Course_Work/2025-2026/Spring_2026/ECE_410/ECE410/project/post_m3_Minor_Redesign/tb/tb_top.sv Line: 257

Time: 4875 ns Started: 4865 ns Scope: /tb_top/u_mon File: /run/media/sackb/Windows-SSD/Users/sackb/OneDrive/Desktop/University/Course_Work/2025-2026/Spring_2026/ECE_410/ECE410/project/post_m3_Minor_Redesign/tb/tb_top.sv Line:256
Error: AXI MONITOR: core_C changed while core is idle
Time: 4875 ns  Iteration: 0  Process: /tb_top/u_mon//tb_top/u_mon  Scope: tb_top.u_mon  File: /run/media/sackb/Windows-SSD/Users/sackb/OneDrive/Desktop/University/Course_Work/2025-2026/Spring_2026/ECE_410/ECE410/project/post_m3_Minor_Redesign/tb/tb_top.sv Line: 257
TB_TOP: Iteration 2 complete
TB_TOP: Starting iteration 3

Time: 4885 ns Started: 4875 ns Scope: /tb_top/u_mon File: /run/media/sackb/Windows-SSD/Users/sackb/OneDrive/Desktop/University/Course_Work/2025-2026/Spring_2026/ECE_410/ECE410/project/post_m3_Minor_Redesign/tb/tb_top.sv Line:256
Error: AXI MONITOR: core_C changed while core is idle
Time: 4885 ns  Iteration: 0  Process: /tb_top/u_mon//tb_top/u_mon  Scope: tb_top.u_mon  File: /run/media/sackb/Windows-SSD/Users/sackb/OneDrive/Desktop/University/Course_Work/2025-2026/Spring_2026/ECE_410/ECE410/project/post_m3_Minor_Redesign/tb/tb_top.sv Line: 257

Time: 4895 ns Started: 4885 ns Scope: /tb_top/u_mon File: /run/media/sackb/Windows-SSD/Users/sackb/OneDrive/Desktop/University/Course_Work/2025-2026/Spring_2026/ECE_410/ECE410/project/post_m3_Minor_Redesign/tb/tb_top.sv Line:256
Error: AXI MONITOR: core_C changed while core is idle
Time: 4895 ns  Iteration: 0  Process: /tb_top/u_mon//tb_top/u_mon  Scope: tb_top.u_mon  File: /run/media/sackb/Windows-SSD/Users/sackb/OneDrive/Desktop/University/Course_Work/2025-2026/Spring_2026/ECE_410/ECE410/project/post_m3_Minor_Redesign/tb/tb_top.sv Line: 257

Time: 4905 ns Started: 4895 ns Scope: /tb_top/u_mon File: /run/media/sackb/Windows-SSD/Users/sackb/OneDrive/Desktop/University/Course_Work/2025-2026/Spring_2026/ECE_410/ECE410/project/post_m3_Minor_Redesign/tb/tb_top.sv Line:256
Error: AXI MONITOR: core_C changed while core is idle
Time: 4905 ns  Iteration: 0  Process: /tb_top/u_mon//tb_top/u_mon  Scope: tb_top.u_mon  File: /run/media/sackb/Windows-SSD/Users/sackb/OneDrive/Desktop/University/Course_Work/2025-2026/Spring_2026/ECE_410/ECE410/project/post_m3_Minor_Redesign/tb/tb_top.sv Line: 257

Time: 4915 ns Started: 4905 ns Scope: /tb_top/u_mon File: /run/media/sackb/Windows-SSD/Users/sackb/OneDrive/Desktop/University/Course_Work/2025-2026/Spring_2026/ECE_410/ECE410/project/post_m3_Minor_Redesign/tb/tb_top.sv Line:256
Error: AXI MONITOR: core_C changed while core is idle
Time: 4915 ns  Iteration: 0  Process: /tb_top/u_mon//tb_top/u_mon  Scope: tb_top.u_mon  File: /run/media/sackb/Windows-SSD/Users/sackb/OneDrive/Desktop/University/Course_Work/2025-2026/Spring_2026/ECE_410/ECE410/project/post_m3_Minor_Redesign/tb/tb_top.sv Line: 257

Time: 4925 ns Started: 4915 ns Scope: /tb_top/u_mon File: /run/media/sackb/Windows-SSD/Users/sackb/OneDrive/Desktop/University/Course_Work/2025-2026/Spring_2026/ECE_410/ECE410/project/post_m3_Minor_Redesign/tb/tb_top.sv Line:256
Error: AXI MONITOR: core_C changed while core is idle
Time: 4925 ns  Iteration: 0  Process: /tb_top/u_mon//tb_top/u_mon  Scope: tb_top.u_mon  File: /run/media/sackb/Windows-SSD/Users/sackb/OneDrive/Desktop/University/Course_Work/2025-2026/Spring_2026/ECE_410/ECE410/project/post_m3_Minor_Redesign/tb/tb_top.sv Line: 257

Time: 4935 ns Started: 4925 ns Scope: /tb_top/u_mon File: /run/media/sackb/Windows-SSD/Users/sackb/OneDrive/Desktop/University/Course_Work/2025-2026/Spring_2026/ECE_410/ECE410/project/post_m3_Minor_Redesign/tb/tb_top.sv Line:256
Error: AXI MONITOR: core_C changed while core is idle
Time: 4935 ns  Iteration: 0  Process: /tb_top/u_mon//tb_top/u_mon  Scope: tb_top.u_mon  File: /run/media/sackb/Windows-SSD/Users/sackb/OneDrive/Desktop/University/Course_Work/2025-2026/Spring_2026/ECE_410/ECE410/project/post_m3_Minor_Redesign/tb/tb_top.sv Line: 257

Time: 4945 ns Started: 4935 ns Scope: /tb_top/u_mon File: /run/media/sackb/Windows-SSD/Users/sackb/OneDrive/Desktop/University/Course_Work/2025-2026/Spring_2026/ECE_410/ECE410/project/post_m3_Minor_Redesign/tb/tb_top.sv Line:256
Error: AXI MONITOR: core_C changed while core is idle
Time: 4945 ns  Iteration: 0  Process: /tb_top/u_mon//tb_top/u_mon  Scope: tb_top.u_mon  File: /run/media/sackb/Windows-SSD/Users/sackb/OneDrive/Desktop/University/Course_Work/2025-2026/Spring_2026/ECE_410/ECE410/project/post_m3_Minor_Redesign/tb/tb_top.sv Line: 257

Time: 4955 ns Started: 4945 ns Scope: /tb_top/u_mon File: /run/media/sackb/Windows-SSD/Users/sackb/OneDrive/Desktop/University/Course_Work/2025-2026/Spring_2026/ECE_410/ECE410/project/post_m3_Minor_Redesign/tb/tb_top.sv Line:256
Error: AXI MONITOR: core_C changed while core is idle
Time: 4955 ns  Iteration: 0  Process: /tb_top/u_mon//tb_top/u_mon  Scope: tb_top.u_mon  File: /run/media/sackb/Windows-SSD/Users/sackb/OneDrive/Desktop/University/Course_Work/2025-2026/Spring_2026/ECE_410/ECE410/project/post_m3_Minor_Redesign/tb/tb_top.sv Line: 257

Time: 4965 ns Started: 4955 ns Scope: /tb_top/u_mon File: /run/media/sackb/Windows-SSD/Users/sackb/OneDrive/Desktop/University/Course_Work/2025-2026/Spring_2026/ECE_410/ECE410/project/post_m3_Minor_Redesign/tb/tb_top.sv Line:256
Error: AXI MONITOR: core_C changed while core is idle
Time: 4965 ns  Iteration: 0  Process: /tb_top/u_mon//tb_top/u_mon  Scope: tb_top.u_mon  File: /run/media/sackb/Windows-SSD/Users/sackb/OneDrive/Desktop/University/Course_Work/2025-2026/Spring_2026/ECE_410/ECE410/project/post_m3_Minor_Redesign/tb/tb_top.sv Line: 257

Time: 4975 ns Started: 4965 ns Scope: /tb_top/u_mon File: /run/media/sackb/Windows-SSD/Users/sackb/OneDrive/Desktop/University/Course_Work/2025-2026/Spring_2026/ECE_410/ECE410/project/post_m3_Minor_Redesign/tb/tb_top.sv Line:256
Error: AXI MONITOR: core_C changed while core is idle
Time: 4975 ns  Iteration: 0  Process: /tb_top/u_mon//tb_top/u_mon  Scope: tb_top.u_mon  File: /run/media/sackb/Windows-SSD/Users/sackb/OneDrive/Desktop/University/Course_Work/2025-2026/Spring_2026/ECE_410/ECE410/project/post_m3_Minor_Redesign/tb/tb_top.sv Line: 257

Time: 4985 ns Started: 4975 ns Scope: /tb_top/u_mon File: /run/media/sackb/Windows-SSD/Users/sackb/OneDrive/Desktop/University/Course_Work/2025-2026/Spring_2026/ECE_410/ECE410/project/post_m3_Minor_Redesign/tb/tb_top.sv Line:256
Error: AXI MONITOR: core_C changed while core is idle
Time: 4985 ns  Iteration: 0  Process: /tb_top/u_mon//tb_top/u_mon  Scope: tb_top.u_mon  File: /run/media/sackb/Windows-SSD/Users/sackb/OneDrive/Desktop/University/Course_Work/2025-2026/Spring_2026/ECE_410/ECE410/project/post_m3_Minor_Redesign/tb/tb_top.sv Line: 257

Time: 4995 ns Started: 4985 ns Scope: /tb_top/u_mon File: /run/media/sackb/Windows-SSD/Users/sackb/OneDrive/Desktop/University/Course_Work/2025-2026/Spring_2026/ECE_410/ECE410/project/post_m3_Minor_Redesign/tb/tb_top.sv Line:256
Error: AXI MONITOR: core_C changed while core is idle
Time: 4995 ns  Iteration: 0  Process: /tb_top/u_mon//tb_top/u_mon  Scope: tb_top.u_mon  File: /run/media/sackb/Windows-SSD/Users/sackb/OneDrive/Desktop/University/Course_Work/2025-2026/Spring_2026/ECE_410/ECE410/project/post_m3_Minor_Redesign/tb/tb_top.sv Line: 257

Time: 5005 ns Started: 4995 ns Scope: /tb_top/u_mon File: /run/media/sackb/Windows-SSD/Users/sackb/OneDrive/Desktop/University/Course_Work/2025-2026/Spring_2026/ECE_410/ECE410/project/post_m3_Minor_Redesign/tb/tb_top.sv Line:256
Error: AXI MONITOR: core_C changed while core is idle
Time: 5005 ns  Iteration: 0  Process: /tb_top/u_mon//tb_top/u_mon  Scope: tb_top.u_mon  File: /run/media/sackb/Windows-SSD/Users/sackb/OneDrive/Desktop/University/Course_Work/2025-2026/Spring_2026/ECE_410/ECE410/project/post_m3_Minor_Redesign/tb/tb_top.sv Line: 257

Time: 5015 ns Started: 5005 ns Scope: /tb_top/u_mon File: /run/media/sackb/Windows-SSD/Users/sackb/OneDrive/Desktop/University/Course_Work/2025-2026/Spring_2026/ECE_410/ECE410/project/post_m3_Minor_Redesign/tb/tb_top.sv Line:256
Error: AXI MONITOR: core_C changed while core is idle
Time: 5015 ns  Iteration: 0  Process: /tb_top/u_mon//tb_top/u_mon  Scope: tb_top.u_mon  File: /run/media/sackb/Windows-SSD/Users/sackb/OneDrive/Desktop/University/Course_Work/2025-2026/Spring_2026/ECE_410/ECE410/project/post_m3_Minor_Redesign/tb/tb_top.sv Line: 257

Time: 5025 ns Started: 5015 ns Scope: /tb_top/u_mon File: /run/media/sackb/Windows-SSD/Users/sackb/OneDrive/Desktop/University/Course_Work/2025-2026/Spring_2026/ECE_410/ECE410/project/post_m3_Minor_Redesign/tb/tb_top.sv Line:256
Error: AXI MONITOR: core_C changed while core is idle
Time: 5025 ns  Iteration: 0  Process: /tb_top/u_mon//tb_top/u_mon  Scope: tb_top.u_mon  File: /run/media/sackb/Windows-SSD/Users/sackb/OneDrive/Desktop/University/Course_Work/2025-2026/Spring_2026/ECE_410/ECE410/project/post_m3_Minor_Redesign/tb/tb_top.sv Line: 257

Time: 5035 ns Started: 5025 ns Scope: /tb_top/u_mon File: /run/media/sackb/Windows-SSD/Users/sackb/OneDrive/Desktop/University/Course_Work/2025-2026/Spring_2026/ECE_410/ECE410/project/post_m3_Minor_Redesign/tb/tb_top.sv Line:256
Error: AXI MONITOR: core_C changed while core is idle
Time: 5035 ns  Iteration: 0  Process: /tb_top/u_mon//tb_top/u_mon  Scope: tb_top.u_mon  File: /run/media/sackb/Windows-SSD/Users/sackb/OneDrive/Desktop/University/Course_Work/2025-2026/Spring_2026/ECE_410/ECE410/project/post_m3_Minor_Redesign/tb/tb_top.sv Line: 257

Time: 5045 ns Started: 5035 ns Scope: /tb_top/u_mon File: /run/media/sackb/Windows-SSD/Users/sackb/OneDrive/Desktop/University/Course_Work/2025-2026/Spring_2026/ECE_410/ECE410/project/post_m3_Minor_Redesign/tb/tb_top.sv Line:256
Error: AXI MONITOR: core_C changed while core is idle
Time: 5045 ns  Iteration: 0  Process: /tb_top/u_mon//tb_top/u_mon  Scope: tb_top.u_mon  File: /run/media/sackb/Windows-SSD/Users/sackb/OneDrive/Desktop/University/Course_Work/2025-2026/Spring_2026/ECE_410/ECE410/project/post_m3_Minor_Redesign/tb/tb_top.sv Line: 257

Time: 5055 ns Started: 5045 ns Scope: /tb_top/u_mon File: /run/media/sackb/Windows-SSD/Users/sackb/OneDrive/Desktop/University/Course_Work/2025-2026/Spring_2026/ECE_410/ECE410/project/post_m3_Minor_Redesign/tb/tb_top.sv Line:256
Error: AXI MONITOR: core_C changed while core is idle
Time: 5055 ns  Iteration: 0  Process: /tb_top/u_mon//tb_top/u_mon  Scope: tb_top.u_mon  File: /run/media/sackb/Windows-SSD/Users/sackb/OneDrive/Desktop/University/Course_Work/2025-2026/Spring_2026/ECE_410/ECE410/project/post_m3_Minor_Redesign/tb/tb_top.sv Line: 257

Time: 5065 ns Started: 5055 ns Scope: /tb_top/u_mon File: /run/media/sackb/Windows-SSD/Users/sackb/OneDrive/Desktop/University/Course_Work/2025-2026/Spring_2026/ECE_410/ECE410/project/post_m3_Minor_Redesign/tb/tb_top.sv Line:256
Error: AXI MONITOR: core_C changed while core is idle
Time: 5065 ns  Iteration: 0  Process: /tb_top/u_mon//tb_top/u_mon  Scope: tb_top.u_mon  File: /run/media/sackb/Windows-SSD/Users/sackb/OneDrive/Desktop/University/Course_Work/2025-2026/Spring_2026/ECE_410/ECE410/project/post_m3_Minor_Redesign/tb/tb_top.sv Line: 257

Time: 5075 ns Started: 5065 ns Scope: /tb_top/u_mon File: /run/media/sackb/Windows-SSD/Users/sackb/OneDrive/Desktop/University/Course_Work/2025-2026/Spring_2026/ECE_410/ECE410/project/post_m3_Minor_Redesign/tb/tb_top.sv Line:256
Error: AXI MONITOR: core_C changed while core is idle
Time: 5075 ns  Iteration: 0  Process: /tb_top/u_mon//tb_top/u_mon  Scope: tb_top.u_mon  File: /run/media/sackb/Windows-SSD/Users/sackb/OneDrive/Desktop/University/Course_Work/2025-2026/Spring_2026/ECE_410/ECE410/project/post_m3_Minor_Redesign/tb/tb_top.sv Line: 257

Time: 5085 ns Started: 5075 ns Scope: /tb_top/u_mon File: /run/media/sackb/Windows-SSD/Users/sackb/OneDrive/Desktop/University/Course_Work/2025-2026/Spring_2026/ECE_410/ECE410/project/post_m3_Minor_Redesign/tb/tb_top.sv Line:256
Error: AXI MONITOR: core_C changed while core is idle
Time: 5085 ns  Iteration: 0  Process: /tb_top/u_mon//tb_top/u_mon  Scope: tb_top.u_mon  File: /run/media/sackb/Windows-SSD/Users/sackb/OneDrive/Desktop/University/Course_Work/2025-2026/Spring_2026/ECE_410/ECE410/project/post_m3_Minor_Redesign/tb/tb_top.sv Line: 257

Time: 5095 ns Started: 5085 ns Scope: /tb_top/u_mon File: /run/media/sackb/Windows-SSD/Users/sackb/OneDrive/Desktop/University/Course_Work/2025-2026/Spring_2026/ECE_410/ECE410/project/post_m3_Minor_Redesign/tb/tb_top.sv Line:256
Error: AXI MONITOR: core_C changed while core is idle
Time: 5095 ns  Iteration: 0  Process: /tb_top/u_mon//tb_top/u_mon  Scope: tb_top.u_mon  File: /run/media/sackb/Windows-SSD/Users/sackb/OneDrive/Desktop/University/Course_Work/2025-2026/Spring_2026/ECE_410/ECE410/project/post_m3_Minor_Redesign/tb/tb_top.sv Line: 257

Time: 5105 ns Started: 5095 ns Scope: /tb_top/u_mon File: /run/media/sackb/Windows-SSD/Users/sackb/OneDrive/Desktop/University/Course_Work/2025-2026/Spring_2026/ECE_410/ECE410/project/post_m3_Minor_Redesign/tb/tb_top.sv Line:256
Error: AXI MONITOR: core_C changed while core is idle
Time: 5105 ns  Iteration: 0  Process: /tb_top/u_mon//tb_top/u_mon  Scope: tb_top.u_mon  File: /run/media/sackb/Windows-SSD/Users/sackb/OneDrive/Desktop/University/Course_Work/2025-2026/Spring_2026/ECE_410/ECE410/project/post_m3_Minor_Redesign/tb/tb_top.sv Line: 257

Time: 5115 ns Started: 5105 ns Scope: /tb_top/u_mon File: /run/media/sackb/Windows-SSD/Users/sackb/OneDrive/Desktop/University/Course_Work/2025-2026/Spring_2026/ECE_410/ECE410/project/post_m3_Minor_Redesign/tb/tb_top.sv Line:256
Error: AXI MONITOR: core_C changed while core is idle
Time: 5115 ns  Iteration: 0  Process: /tb_top/u_mon//tb_top/u_mon  Scope: tb_top.u_mon  File: /run/media/sackb/Windows-SSD/Users/sackb/OneDrive/Desktop/University/Course_Work/2025-2026/Spring_2026/ECE_410/ECE410/project/post_m3_Minor_Redesign/tb/tb_top.sv Line: 257

Time: 5125 ns Started: 5115 ns Scope: /tb_top/u_mon File: /run/media/sackb/Windows-SSD/Users/sackb/OneDrive/Desktop/University/Course_Work/2025-2026/Spring_2026/ECE_410/ECE410/project/post_m3_Minor_Redesign/tb/tb_top.sv Line:256
Error: AXI MONITOR: core_C changed while core is idle
Time: 5125 ns  Iteration: 0  Process: /tb_top/u_mon//tb_top/u_mon  Scope: tb_top.u_mon  File: /run/media/sackb/Windows-SSD/Users/sackb/OneDrive/Desktop/University/Course_Work/2025-2026/Spring_2026/ECE_410/ECE410/project/post_m3_Minor_Redesign/tb/tb_top.sv Line: 257

Time: 5135 ns Started: 5125 ns Scope: /tb_top/u_mon File: /run/media/sackb/Windows-SSD/Users/sackb/OneDrive/Desktop/University/Course_Work/2025-2026/Spring_2026/ECE_410/ECE410/project/post_m3_Minor_Redesign/tb/tb_top.sv Line:256
Error: AXI MONITOR: core_C changed while core is idle
Time: 5135 ns  Iteration: 0  Process: /tb_top/u_mon//tb_top/u_mon  Scope: tb_top.u_mon  File: /run/media/sackb/Windows-SSD/Users/sackb/OneDrive/Desktop/University/Course_Work/2025-2026/Spring_2026/ECE_410/ECE410/project/post_m3_Minor_Redesign/tb/tb_top.sv Line: 257

Time: 5145 ns Started: 5135 ns Scope: /tb_top/u_mon File: /run/media/sackb/Windows-SSD/Users/sackb/OneDrive/Desktop/University/Course_Work/2025-2026/Spring_2026/ECE_410/ECE410/project/post_m3_Minor_Redesign/tb/tb_top.sv Line:256
Error: AXI MONITOR: core_C changed while core is idle
Time: 5145 ns  Iteration: 0  Process: /tb_top/u_mon//tb_top/u_mon  Scope: tb_top.u_mon  File: /run/media/sackb/Windows-SSD/Users/sackb/OneDrive/Desktop/University/Course_Work/2025-2026/Spring_2026/ECE_410/ECE410/project/post_m3_Minor_Redesign/tb/tb_top.sv Line: 257

Time: 5155 ns Started: 5145 ns Scope: /tb_top/u_mon File: /run/media/sackb/Windows-SSD/Users/sackb/OneDrive/Desktop/University/Course_Work/2025-2026/Spring_2026/ECE_410/ECE410/project/post_m3_Minor_Redesign/tb/tb_top.sv Line:256
Error: AXI MONITOR: core_C changed while core is idle
Time: 5155 ns  Iteration: 0  Process: /tb_top/u_mon//tb_top/u_mon  Scope: tb_top.u_mon  File: /run/media/sackb/Windows-SSD/Users/sackb/OneDrive/Desktop/University/Course_Work/2025-2026/Spring_2026/ECE_410/ECE410/project/post_m3_Minor_Redesign/tb/tb_top.sv Line: 257

Time: 5165 ns Started: 5155 ns Scope: /tb_top/u_mon File: /run/media/sackb/Windows-SSD/Users/sackb/OneDrive/Desktop/University/Course_Work/2025-2026/Spring_2026/ECE_410/ECE410/project/post_m3_Minor_Redesign/tb/tb_top.sv Line:256
Error: AXI MONITOR: core_C changed while core is idle
Time: 5165 ns  Iteration: 0  Process: /tb_top/u_mon//tb_top/u_mon  Scope: tb_top.u_mon  File: /run/media/sackb/Windows-SSD/Users/sackb/OneDrive/Desktop/University/Course_Work/2025-2026/Spring_2026/ECE_410/ECE410/project/post_m3_Minor_Redesign/tb/tb_top.sv Line: 257

Time: 5175 ns Started: 5165 ns Scope: /tb_top/u_mon File: /run/media/sackb/Windows-SSD/Users/sackb/OneDrive/Desktop/University/Course_Work/2025-2026/Spring_2026/ECE_410/ECE410/project/post_m3_Minor_Redesign/tb/tb_top.sv Line:256
Error: AXI MONITOR: core_C changed while core is idle
Time: 5175 ns  Iteration: 0  Process: /tb_top/u_mon//tb_top/u_mon  Scope: tb_top.u_mon  File: /run/media/sackb/Windows-SSD/Users/sackb/OneDrive/Desktop/University/Course_Work/2025-2026/Spring_2026/ECE_410/ECE410/project/post_m3_Minor_Redesign/tb/tb_top.sv Line: 257

Time: 5185 ns Started: 5175 ns Scope: /tb_top/u_mon File: /run/media/sackb/Windows-SSD/Users/sackb/OneDrive/Desktop/University/Course_Work/2025-2026/Spring_2026/ECE_410/ECE410/project/post_m3_Minor_Redesign/tb/tb_top.sv Line:256
Error: AXI MONITOR: core_C changed while core is idle
Time: 5185 ns  Iteration: 0  Process: /tb_top/u_mon//tb_top/u_mon  Scope: tb_top.u_mon  File: /run/media/sackb/Windows-SSD/Users/sackb/OneDrive/Desktop/University/Course_Work/2025-2026/Spring_2026/ECE_410/ECE410/project/post_m3_Minor_Redesign/tb/tb_top.sv Line: 257

Time: 5195 ns Started: 5185 ns Scope: /tb_top/u_mon File: /run/media/sackb/Windows-SSD/Users/sackb/OneDrive/Desktop/University/Course_Work/2025-2026/Spring_2026/ECE_410/ECE410/project/post_m3_Minor_Redesign/tb/tb_top.sv Line:256
Error: AXI MONITOR: core_C changed while core is idle
Time: 5195 ns  Iteration: 0  Process: /tb_top/u_mon//tb_top/u_mon  Scope: tb_top.u_mon  File: /run/media/sackb/Windows-SSD/Users/sackb/OneDrive/Desktop/University/Course_Work/2025-2026/Spring_2026/ECE_410/ECE410/project/post_m3_Minor_Redesign/tb/tb_top.sv Line: 257

Time: 5205 ns Started: 5195 ns Scope: /tb_top/u_mon File: /run/media/sackb/Windows-SSD/Users/sackb/OneDrive/Desktop/University/Course_Work/2025-2026/Spring_2026/ECE_410/ECE410/project/post_m3_Minor_Redesign/tb/tb_top.sv Line:256
Error: AXI MONITOR: core_C changed while core is idle
Time: 5205 ns  Iteration: 0  Process: /tb_top/u_mon//tb_top/u_mon  Scope: tb_top.u_mon  File: /run/media/sackb/Windows-SSD/Users/sackb/OneDrive/Desktop/University/Course_Work/2025-2026/Spring_2026/ECE_410/ECE410/project/post_m3_Minor_Redesign/tb/tb_top.sv Line: 257

Time: 5215 ns Started: 5205 ns Scope: /tb_top/u_mon File: /run/media/sackb/Windows-SSD/Users/sackb/OneDrive/Desktop/University/Course_Work/2025-2026/Spring_2026/ECE_410/ECE410/project/post_m3_Minor_Redesign/tb/tb_top.sv Line:256
Error: AXI MONITOR: core_C changed while core is idle
Time: 5215 ns  Iteration: 0  Process: /tb_top/u_mon//tb_top/u_mon  Scope: tb_top.u_mon  File: /run/media/sackb/Windows-SSD/Users/sackb/OneDrive/Desktop/University/Course_Work/2025-2026/Spring_2026/ECE_410/ECE410/project/post_m3_Minor_Redesign/tb/tb_top.sv Line: 257

Time: 5225 ns Started: 5215 ns Scope: /tb_top/u_mon File: /run/media/sackb/Windows-SSD/Users/sackb/OneDrive/Desktop/University/Course_Work/2025-2026/Spring_2026/ECE_410/ECE410/project/post_m3_Minor_Redesign/tb/tb_top.sv Line:256
Error: AXI MONITOR: core_C changed while core is idle
Time: 5225 ns  Iteration: 0  Process: /tb_top/u_mon//tb_top/u_mon  Scope: tb_top.u_mon  File: /run/media/sackb/Windows-SSD/Users/sackb/OneDrive/Desktop/University/Course_Work/2025-2026/Spring_2026/ECE_410/ECE410/project/post_m3_Minor_Redesign/tb/tb_top.sv Line: 257

Time: 5235 ns Started: 5225 ns Scope: /tb_top/u_mon File: /run/media/sackb/Windows-SSD/Users/sackb/OneDrive/Desktop/University/Course_Work/2025-2026/Spring_2026/ECE_410/ECE410/project/post_m3_Minor_Redesign/tb/tb_top.sv Line:256
Error: AXI MONITOR: core_C changed while core is idle
Time: 5235 ns  Iteration: 0  Process: /tb_top/u_mon//tb_top/u_mon  Scope: tb_top.u_mon  File: /run/media/sackb/Windows-SSD/Users/sackb/OneDrive/Desktop/University/Course_Work/2025-2026/Spring_2026/ECE_410/ECE410/project/post_m3_Minor_Redesign/tb/tb_top.sv Line: 257

Time: 5245 ns Started: 5235 ns Scope: /tb_top/u_mon File: /run/media/sackb/Windows-SSD/Users/sackb/OneDrive/Desktop/University/Course_Work/2025-2026/Spring_2026/ECE_410/ECE410/project/post_m3_Minor_Redesign/tb/tb_top.sv Line:256
Error: AXI MONITOR: core_C changed while core is idle
Time: 5245 ns  Iteration: 0  Process: /tb_top/u_mon//tb_top/u_mon  Scope: tb_top.u_mon  File: /run/media/sackb/Windows-SSD/Users/sackb/OneDrive/Desktop/University/Course_Work/2025-2026/Spring_2026/ECE_410/ECE410/project/post_m3_Minor_Redesign/tb/tb_top.sv Line: 257

Time: 5255 ns Started: 5245 ns Scope: /tb_top/u_mon File: /run/media/sackb/Windows-SSD/Users/sackb/OneDrive/Desktop/University/Course_Work/2025-2026/Spring_2026/ECE_410/ECE410/project/post_m3_Minor_Redesign/tb/tb_top.sv Line:256
Error: AXI MONITOR: core_C changed while core is idle
Time: 5255 ns  Iteration: 0  Process: /tb_top/u_mon//tb_top/u_mon  Scope: tb_top.u_mon  File: /run/media/sackb/Windows-SSD/Users/sackb/OneDrive/Desktop/University/Course_Work/2025-2026/Spring_2026/ECE_410/ECE410/project/post_m3_Minor_Redesign/tb/tb_top.sv Line: 257

Time: 5265 ns Started: 5255 ns Scope: /tb_top/u_mon File: /run/media/sackb/Windows-SSD/Users/sackb/OneDrive/Desktop/University/Course_Work/2025-2026/Spring_2026/ECE_410/ECE410/project/post_m3_Minor_Redesign/tb/tb_top.sv Line:256
Error: AXI MONITOR: core_C changed while core is idle
Time: 5265 ns  Iteration: 0  Process: /tb_top/u_mon//tb_top/u_mon  Scope: tb_top.u_mon  File: /run/media/sackb/Windows-SSD/Users/sackb/OneDrive/Desktop/University/Course_Work/2025-2026/Spring_2026/ECE_410/ECE410/project/post_m3_Minor_Redesign/tb/tb_top.sv Line: 257

Time: 5275 ns Started: 5265 ns Scope: /tb_top/u_mon File: /run/media/sackb/Windows-SSD/Users/sackb/OneDrive/Desktop/University/Course_Work/2025-2026/Spring_2026/ECE_410/ECE410/project/post_m3_Minor_Redesign/tb/tb_top.sv Line:256
Error: AXI MONITOR: core_C changed while core is idle
Time: 5275 ns  Iteration: 0  Process: /tb_top/u_mon//tb_top/u_mon  Scope: tb_top.u_mon  File: /run/media/sackb/Windows-SSD/Users/sackb/OneDrive/Desktop/University/Course_Work/2025-2026/Spring_2026/ECE_410/ECE410/project/post_m3_Minor_Redesign/tb/tb_top.sv Line: 257

Time: 5285 ns Started: 5275 ns Scope: /tb_top/u_mon File: /run/media/sackb/Windows-SSD/Users/sackb/OneDrive/Desktop/University/Course_Work/2025-2026/Spring_2026/ECE_410/ECE410/project/post_m3_Minor_Redesign/tb/tb_top.sv Line:256
Error: AXI MONITOR: core_C changed while core is idle
Time: 5285 ns  Iteration: 0  Process: /tb_top/u_mon//tb_top/u_mon  Scope: tb_top.u_mon  File: /run/media/sackb/Windows-SSD/Users/sackb/OneDrive/Desktop/University/Course_Work/2025-2026/Spring_2026/ECE_410/ECE410/project/post_m3_Minor_Redesign/tb/tb_top.sv Line: 257

Time: 5295 ns Started: 5285 ns Scope: /tb_top/u_mon File: /run/media/sackb/Windows-SSD/Users/sackb/OneDrive/Desktop/University/Course_Work/2025-2026/Spring_2026/ECE_410/ECE410/project/post_m3_Minor_Redesign/tb/tb_top.sv Line:256
Error: AXI MONITOR: core_C changed while core is idle
Time: 5295 ns  Iteration: 0  Process: /tb_top/u_mon//tb_top/u_mon  Scope: tb_top.u_mon  File: /run/media/sackb/Windows-SSD/Users/sackb/OneDrive/Desktop/University/Course_Work/2025-2026/Spring_2026/ECE_410/ECE410/project/post_m3_Minor_Redesign/tb/tb_top.sv Line: 257

Time: 5305 ns Started: 5295 ns Scope: /tb_top/u_mon File: /run/media/sackb/Windows-SSD/Users/sackb/OneDrive/Desktop/University/Course_Work/2025-2026/Spring_2026/ECE_410/ECE410/project/post_m3_Minor_Redesign/tb/tb_top.sv Line:256
Error: AXI MONITOR: core_C changed while core is idle
Time: 5305 ns  Iteration: 0  Process: /tb_top/u_mon//tb_top/u_mon  Scope: tb_top.u_mon  File: /run/media/sackb/Windows-SSD/Users/sackb/OneDrive/Desktop/University/Course_Work/2025-2026/Spring_2026/ECE_410/ECE410/project/post_m3_Minor_Redesign/tb/tb_top.sv Line: 257

Time: 5315 ns Started: 5305 ns Scope: /tb_top/u_mon File: /run/media/sackb/Windows-SSD/Users/sackb/OneDrive/Desktop/University/Course_Work/2025-2026/Spring_2026/ECE_410/ECE410/project/post_m3_Minor_Redesign/tb/tb_top.sv Line:256
Error: AXI MONITOR: core_C changed while core is idle
Time: 5315 ns  Iteration: 0  Process: /tb_top/u_mon//tb_top/u_mon  Scope: tb_top.u_mon  File: /run/media/sackb/Windows-SSD/Users/sackb/OneDrive/Desktop/University/Course_Work/2025-2026/Spring_2026/ECE_410/ECE410/project/post_m3_Minor_Redesign/tb/tb_top.sv Line: 257

Time: 5325 ns Started: 5315 ns Scope: /tb_top/u_mon File: /run/media/sackb/Windows-SSD/Users/sackb/OneDrive/Desktop/University/Course_Work/2025-2026/Spring_2026/ECE_410/ECE410/project/post_m3_Minor_Redesign/tb/tb_top.sv Line:256
Error: AXI MONITOR: core_C changed while core is idle
Time: 5325 ns  Iteration: 0  Process: /tb_top/u_mon//tb_top/u_mon  Scope: tb_top.u_mon  File: /run/media/sackb/Windows-SSD/Users/sackb/OneDrive/Desktop/University/Course_Work/2025-2026/Spring_2026/ECE_410/ECE410/project/post_m3_Minor_Redesign/tb/tb_top.sv Line: 257

Time: 5335 ns Started: 5325 ns Scope: /tb_top/u_mon File: /run/media/sackb/Windows-SSD/Users/sackb/OneDrive/Desktop/University/Course_Work/2025-2026/Spring_2026/ECE_410/ECE410/project/post_m3_Minor_Redesign/tb/tb_top.sv Line:256
Error: AXI MONITOR: core_C changed while core is idle
Time: 5335 ns  Iteration: 0  Process: /tb_top/u_mon//tb_top/u_mon  Scope: tb_top.u_mon  File: /run/media/sackb/Windows-SSD/Users/sackb/OneDrive/Desktop/University/Course_Work/2025-2026/Spring_2026/ECE_410/ECE410/project/post_m3_Minor_Redesign/tb/tb_top.sv Line: 257

Time: 5345 ns Started: 5335 ns Scope: /tb_top/u_mon File: /run/media/sackb/Windows-SSD/Users/sackb/OneDrive/Desktop/University/Course_Work/2025-2026/Spring_2026/ECE_410/ECE410/project/post_m3_Minor_Redesign/tb/tb_top.sv Line:256
Error: AXI MONITOR: core_C changed while core is idle
Time: 5345 ns  Iteration: 0  Process: /tb_top/u_mon//tb_top/u_mon  Scope: tb_top.u_mon  File: /run/media/sackb/Windows-SSD/Users/sackb/OneDrive/Desktop/University/Course_Work/2025-2026/Spring_2026/ECE_410/ECE410/project/post_m3_Minor_Redesign/tb/tb_top.sv Line: 257

Time: 5355 ns Started: 5345 ns Scope: /tb_top/u_mon File: /run/media/sackb/Windows-SSD/Users/sackb/OneDrive/Desktop/University/Course_Work/2025-2026/Spring_2026/ECE_410/ECE410/project/post_m3_Minor_Redesign/tb/tb_top.sv Line:256
Error: AXI MONITOR: core_C changed while core is idle
Time: 5355 ns  Iteration: 0  Process: /tb_top/u_mon//tb_top/u_mon  Scope: tb_top.u_mon  File: /run/media/sackb/Windows-SSD/Users/sackb/OneDrive/Desktop/University/Course_Work/2025-2026/Spring_2026/ECE_410/ECE410/project/post_m3_Minor_Redesign/tb/tb_top.sv Line: 257

Time: 5365 ns Started: 5355 ns Scope: /tb_top/u_mon File: /run/media/sackb/Windows-SSD/Users/sackb/OneDrive/Desktop/University/Course_Work/2025-2026/Spring_2026/ECE_410/ECE410/project/post_m3_Minor_Redesign/tb/tb_top.sv Line:256
Error: AXI MONITOR: core_C changed while core is idle
Time: 5365 ns  Iteration: 0  Process: /tb_top/u_mon//tb_top/u_mon  Scope: tb_top.u_mon  File: /run/media/sackb/Windows-SSD/Users/sackb/OneDrive/Desktop/University/Course_Work/2025-2026/Spring_2026/ECE_410/ECE410/project/post_m3_Minor_Redesign/tb/tb_top.sv Line: 257

Time: 5375 ns Started: 5365 ns Scope: /tb_top/u_mon File: /run/media/sackb/Windows-SSD/Users/sackb/OneDrive/Desktop/University/Course_Work/2025-2026/Spring_2026/ECE_410/ECE410/project/post_m3_Minor_Redesign/tb/tb_top.sv Line:256
Error: AXI MONITOR: core_C changed while core is idle
Time: 5375 ns  Iteration: 0  Process: /tb_top/u_mon//tb_top/u_mon  Scope: tb_top.u_mon  File: /run/media/sackb/Windows-SSD/Users/sackb/OneDrive/Desktop/University/Course_Work/2025-2026/Spring_2026/ECE_410/ECE410/project/post_m3_Minor_Redesign/tb/tb_top.sv Line: 257

Time: 5385 ns Started: 5375 ns Scope: /tb_top/u_mon File: /run/media/sackb/Windows-SSD/Users/sackb/OneDrive/Desktop/University/Course_Work/2025-2026/Spring_2026/ECE_410/ECE410/project/post_m3_Minor_Redesign/tb/tb_top.sv Line:256
Error: AXI MONITOR: core_C changed while core is idle
Time: 5385 ns  Iteration: 0  Process: /tb_top/u_mon//tb_top/u_mon  Scope: tb_top.u_mon  File: /run/media/sackb/Windows-SSD/Users/sackb/OneDrive/Desktop/University/Course_Work/2025-2026/Spring_2026/ECE_410/ECE410/project/post_m3_Minor_Redesign/tb/tb_top.sv Line: 257

Time: 5395 ns Started: 5385 ns Scope: /tb_top/u_mon File: /run/media/sackb/Windows-SSD/Users/sackb/OneDrive/Desktop/University/Course_Work/2025-2026/Spring_2026/ECE_410/ECE410/project/post_m3_Minor_Redesign/tb/tb_top.sv Line:256
Error: AXI MONITOR: core_C changed while core is idle
Time: 5395 ns  Iteration: 0  Process: /tb_top/u_mon//tb_top/u_mon  Scope: tb_top.u_mon  File: /run/media/sackb/Windows-SSD/Users/sackb/OneDrive/Desktop/University/Course_Work/2025-2026/Spring_2026/ECE_410/ECE410/project/post_m3_Minor_Redesign/tb/tb_top.sv Line: 257

Time: 5405 ns Started: 5395 ns Scope: /tb_top/u_mon File: /run/media/sackb/Windows-SSD/Users/sackb/OneDrive/Desktop/University/Course_Work/2025-2026/Spring_2026/ECE_410/ECE410/project/post_m3_Minor_Redesign/tb/tb_top.sv Line:256
Error: AXI MONITOR: core_C changed while core is idle
Time: 5405 ns  Iteration: 0  Process: /tb_top/u_mon//tb_top/u_mon  Scope: tb_top.u_mon  File: /run/media/sackb/Windows-SSD/Users/sackb/OneDrive/Desktop/University/Course_Work/2025-2026/Spring_2026/ECE_410/ECE410/project/post_m3_Minor_Redesign/tb/tb_top.sv Line: 257

Time: 5415 ns Started: 5405 ns Scope: /tb_top/u_mon File: /run/media/sackb/Windows-SSD/Users/sackb/OneDrive/Desktop/University/Course_Work/2025-2026/Spring_2026/ECE_410/ECE410/project/post_m3_Minor_Redesign/tb/tb_top.sv Line:256
Error: AXI MONITOR: core_C changed while core is idle
Time: 5415 ns  Iteration: 0  Process: /tb_top/u_mon//tb_top/u_mon  Scope: tb_top.u_mon  File: /run/media/sackb/Windows-SSD/Users/sackb/OneDrive/Desktop/University/Course_Work/2025-2026/Spring_2026/ECE_410/ECE410/project/post_m3_Minor_Redesign/tb/tb_top.sv Line: 257

Time: 5425 ns Started: 5415 ns Scope: /tb_top/u_mon File: /run/media/sackb/Windows-SSD/Users/sackb/OneDrive/Desktop/University/Course_Work/2025-2026/Spring_2026/ECE_410/ECE410/project/post_m3_Minor_Redesign/tb/tb_top.sv Line:256
Error: AXI MONITOR: core_C changed while core is idle
Time: 5425 ns  Iteration: 0  Process: /tb_top/u_mon//tb_top/u_mon  Scope: tb_top.u_mon  File: /run/media/sackb/Windows-SSD/Users/sackb/OneDrive/Desktop/University/Course_Work/2025-2026/Spring_2026/ECE_410/ECE410/project/post_m3_Minor_Redesign/tb/tb_top.sv Line: 257

Time: 5435 ns Started: 5425 ns Scope: /tb_top/u_mon File: /run/media/sackb/Windows-SSD/Users/sackb/OneDrive/Desktop/University/Course_Work/2025-2026/Spring_2026/ECE_410/ECE410/project/post_m3_Minor_Redesign/tb/tb_top.sv Line:256
Error: AXI MONITOR: core_C changed while core is idle
Time: 5435 ns  Iteration: 0  Process: /tb_top/u_mon//tb_top/u_mon  Scope: tb_top.u_mon  File: /run/media/sackb/Windows-SSD/Users/sackb/OneDrive/Desktop/University/Course_Work/2025-2026/Spring_2026/ECE_410/ECE410/project/post_m3_Minor_Redesign/tb/tb_top.sv Line: 257

Time: 5445 ns Started: 5435 ns Scope: /tb_top/u_mon File: /run/media/sackb/Windows-SSD/Users/sackb/OneDrive/Desktop/University/Course_Work/2025-2026/Spring_2026/ECE_410/ECE410/project/post_m3_Minor_Redesign/tb/tb_top.sv Line:256
Error: AXI MONITOR: core_C changed while core is idle
Time: 5445 ns  Iteration: 0  Process: /tb_top/u_mon//tb_top/u_mon  Scope: tb_top.u_mon  File: /run/media/sackb/Windows-SSD/Users/sackb/OneDrive/Desktop/University/Course_Work/2025-2026/Spring_2026/ECE_410/ECE410/project/post_m3_Minor_Redesign/tb/tb_top.sv Line: 257

Time: 5455 ns Started: 5445 ns Scope: /tb_top/u_mon File: /run/media/sackb/Windows-SSD/Users/sackb/OneDrive/Desktop/University/Course_Work/2025-2026/Spring_2026/ECE_410/ECE410/project/post_m3_Minor_Redesign/tb/tb_top.sv Line:256
Error: AXI MONITOR: core_C changed while core is idle
Time: 5455 ns  Iteration: 0  Process: /tb_top/u_mon//tb_top/u_mon  Scope: tb_top.u_mon  File: /run/media/sackb/Windows-SSD/Users/sackb/OneDrive/Desktop/University/Course_Work/2025-2026/Spring_2026/ECE_410/ECE410/project/post_m3_Minor_Redesign/tb/tb_top.sv Line: 257

Time: 5465 ns Started: 5455 ns Scope: /tb_top/u_mon File: /run/media/sackb/Windows-SSD/Users/sackb/OneDrive/Desktop/University/Course_Work/2025-2026/Spring_2026/ECE_410/ECE410/project/post_m3_Minor_Redesign/tb/tb_top.sv Line:256
Error: AXI MONITOR: core_C changed while core is idle
Time: 5465 ns  Iteration: 0  Process: /tb_top/u_mon//tb_top/u_mon  Scope: tb_top.u_mon  File: /run/media/sackb/Windows-SSD/Users/sackb/OneDrive/Desktop/University/Course_Work/2025-2026/Spring_2026/ECE_410/ECE410/project/post_m3_Minor_Redesign/tb/tb_top.sv Line: 257

Time: 5475 ns Started: 5465 ns Scope: /tb_top/u_mon File: /run/media/sackb/Windows-SSD/Users/sackb/OneDrive/Desktop/University/Course_Work/2025-2026/Spring_2026/ECE_410/ECE410/project/post_m3_Minor_Redesign/tb/tb_top.sv Line:256
Error: AXI MONITOR: core_C changed while core is idle
Time: 5475 ns  Iteration: 0  Process: /tb_top/u_mon//tb_top/u_mon  Scope: tb_top.u_mon  File: /run/media/sackb/Windows-SSD/Users/sackb/OneDrive/Desktop/University/Course_Work/2025-2026/Spring_2026/ECE_410/ECE410/project/post_m3_Minor_Redesign/tb/tb_top.sv Line: 257

Time: 5485 ns Started: 5475 ns Scope: /tb_top/u_mon File: /run/media/sackb/Windows-SSD/Users/sackb/OneDrive/Desktop/University/Course_Work/2025-2026/Spring_2026/ECE_410/ECE410/project/post_m3_Minor_Redesign/tb/tb_top.sv Line:256
Error: AXI MONITOR: core_C changed while core is idle
Time: 5485 ns  Iteration: 0  Process: /tb_top/u_mon//tb_top/u_mon  Scope: tb_top.u_mon  File: /run/media/sackb/Windows-SSD/Users/sackb/OneDrive/Desktop/University/Course_Work/2025-2026/Spring_2026/ECE_410/ECE410/project/post_m3_Minor_Redesign/tb/tb_top.sv Line: 257

Time: 5495 ns Started: 5485 ns Scope: /tb_top/u_mon File: /run/media/sackb/Windows-SSD/Users/sackb/OneDrive/Desktop/University/Course_Work/2025-2026/Spring_2026/ECE_410/ECE410/project/post_m3_Minor_Redesign/tb/tb_top.sv Line:256
Error: AXI MONITOR: core_C changed while core is idle
Time: 5495 ns  Iteration: 0  Process: /tb_top/u_mon//tb_top/u_mon  Scope: tb_top.u_mon  File: /run/media/sackb/Windows-SSD/Users/sackb/OneDrive/Desktop/University/Course_Work/2025-2026/Spring_2026/ECE_410/ECE410/project/post_m3_Minor_Redesign/tb/tb_top.sv Line: 257

Time: 5505 ns Started: 5495 ns Scope: /tb_top/u_mon File: /run/media/sackb/Windows-SSD/Users/sackb/OneDrive/Desktop/University/Course_Work/2025-2026/Spring_2026/ECE_410/ECE410/project/post_m3_Minor_Redesign/tb/tb_top.sv Line:256
Error: AXI MONITOR: core_C changed while core is idle
Time: 5505 ns  Iteration: 0  Process: /tb_top/u_mon//tb_top/u_mon  Scope: tb_top.u_mon  File: /run/media/sackb/Windows-SSD/Users/sackb/OneDrive/Desktop/University/Course_Work/2025-2026/Spring_2026/ECE_410/ECE410/project/post_m3_Minor_Redesign/tb/tb_top.sv Line: 257

Time: 5515 ns Started: 5505 ns Scope: /tb_top/u_mon File: /run/media/sackb/Windows-SSD/Users/sackb/OneDrive/Desktop/University/Course_Work/2025-2026/Spring_2026/ECE_410/ECE410/project/post_m3_Minor_Redesign/tb/tb_top.sv Line:256
Error: AXI MONITOR: core_C changed while core is idle
Time: 5515 ns  Iteration: 0  Process: /tb_top/u_mon//tb_top/u_mon  Scope: tb_top.u_mon  File: /run/media/sackb/Windows-SSD/Users/sackb/OneDrive/Desktop/University/Course_Work/2025-2026/Spring_2026/ECE_410/ECE410/project/post_m3_Minor_Redesign/tb/tb_top.sv Line: 257

Time: 5525 ns Started: 5515 ns Scope: /tb_top/u_mon File: /run/media/sackb/Windows-SSD/Users/sackb/OneDrive/Desktop/University/Course_Work/2025-2026/Spring_2026/ECE_410/ECE410/project/post_m3_Minor_Redesign/tb/tb_top.sv Line:256
Error: AXI MONITOR: core_C changed while core is idle
Time: 5525 ns  Iteration: 0  Process: /tb_top/u_mon//tb_top/u_mon  Scope: tb_top.u_mon  File: /run/media/sackb/Windows-SSD/Users/sackb/OneDrive/Desktop/University/Course_Work/2025-2026/Spring_2026/ECE_410/ECE410/project/post_m3_Minor_Redesign/tb/tb_top.sv Line: 257

Time: 5535 ns Started: 5525 ns Scope: /tb_top/u_mon File: /run/media/sackb/Windows-SSD/Users/sackb/OneDrive/Desktop/University/Course_Work/2025-2026/Spring_2026/ECE_410/ECE410/project/post_m3_Minor_Redesign/tb/tb_top.sv Line:256
Error: AXI MONITOR: core_C changed while core is idle
Time: 5535 ns  Iteration: 0  Process: /tb_top/u_mon//tb_top/u_mon  Scope: tb_top.u_mon  File: /run/media/sackb/Windows-SSD/Users/sackb/OneDrive/Desktop/University/Course_Work/2025-2026/Spring_2026/ECE_410/ECE410/project/post_m3_Minor_Redesign/tb/tb_top.sv Line: 257

Time: 5545 ns Started: 5535 ns Scope: /tb_top/u_mon File: /run/media/sackb/Windows-SSD/Users/sackb/OneDrive/Desktop/University/Course_Work/2025-2026/Spring_2026/ECE_410/ECE410/project/post_m3_Minor_Redesign/tb/tb_top.sv Line:256
Error: AXI MONITOR: core_C changed while core is idle
Time: 5545 ns  Iteration: 0  Process: /tb_top/u_mon//tb_top/u_mon  Scope: tb_top.u_mon  File: /run/media/sackb/Windows-SSD/Users/sackb/OneDrive/Desktop/University/Course_Work/2025-2026/Spring_2026/ECE_410/ECE410/project/post_m3_Minor_Redesign/tb/tb_top.sv Line: 257

Time: 5555 ns Started: 5545 ns Scope: /tb_top/u_mon File: /run/media/sackb/Windows-SSD/Users/sackb/OneDrive/Desktop/University/Course_Work/2025-2026/Spring_2026/ECE_410/ECE410/project/post_m3_Minor_Redesign/tb/tb_top.sv Line:256
Error: AXI MONITOR: core_C changed while core is idle
Time: 5555 ns  Iteration: 0  Process: /tb_top/u_mon//tb_top/u_mon  Scope: tb_top.u_mon  File: /run/media/sackb/Windows-SSD/Users/sackb/OneDrive/Desktop/University/Course_Work/2025-2026/Spring_2026/ECE_410/ECE410/project/post_m3_Minor_Redesign/tb/tb_top.sv Line: 257

Time: 5565 ns Started: 5555 ns Scope: /tb_top/u_mon File: /run/media/sackb/Windows-SSD/Users/sackb/OneDrive/Desktop/University/Course_Work/2025-2026/Spring_2026/ECE_410/ECE410/project/post_m3_Minor_Redesign/tb/tb_top.sv Line:256
Error: AXI MONITOR: core_C changed while core is idle
Time: 5565 ns  Iteration: 0  Process: /tb_top/u_mon//tb_top/u_mon  Scope: tb_top.u_mon  File: /run/media/sackb/Windows-SSD/Users/sackb/OneDrive/Desktop/University/Course_Work/2025-2026/Spring_2026/ECE_410/ECE410/project/post_m3_Minor_Redesign/tb/tb_top.sv Line: 257

Time: 5575 ns Started: 5565 ns Scope: /tb_top/u_mon File: /run/media/sackb/Windows-SSD/Users/sackb/OneDrive/Desktop/University/Course_Work/2025-2026/Spring_2026/ECE_410/ECE410/project/post_m3_Minor_Redesign/tb/tb_top.sv Line:256
Error: AXI MONITOR: core_C changed while core is idle
Time: 5575 ns  Iteration: 0  Process: /tb_top/u_mon//tb_top/u_mon  Scope: tb_top.u_mon  File: /run/media/sackb/Windows-SSD/Users/sackb/OneDrive/Desktop/University/Course_Work/2025-2026/Spring_2026/ECE_410/ECE410/project/post_m3_Minor_Redesign/tb/tb_top.sv Line: 257

Time: 5585 ns Started: 5575 ns Scope: /tb_top/u_mon File: /run/media/sackb/Windows-SSD/Users/sackb/OneDrive/Desktop/University/Course_Work/2025-2026/Spring_2026/ECE_410/ECE410/project/post_m3_Minor_Redesign/tb/tb_top.sv Line:256
Error: AXI MONITOR: core_C changed while core is idle
Time: 5585 ns  Iteration: 0  Process: /tb_top/u_mon//tb_top/u_mon  Scope: tb_top.u_mon  File: /run/media/sackb/Windows-SSD/Users/sackb/OneDrive/Desktop/University/Course_Work/2025-2026/Spring_2026/ECE_410/ECE410/project/post_m3_Minor_Redesign/tb/tb_top.sv Line: 257

Time: 5595 ns Started: 5585 ns Scope: /tb_top/u_mon File: /run/media/sackb/Windows-SSD/Users/sackb/OneDrive/Desktop/University/Course_Work/2025-2026/Spring_2026/ECE_410/ECE410/project/post_m3_Minor_Redesign/tb/tb_top.sv Line:256
Error: AXI MONITOR: core_C changed while core is idle
Time: 5595 ns  Iteration: 0  Process: /tb_top/u_mon//tb_top/u_mon  Scope: tb_top.u_mon  File: /run/media/sackb/Windows-SSD/Users/sackb/OneDrive/Desktop/University/Course_Work/2025-2026/Spring_2026/ECE_410/ECE410/project/post_m3_Minor_Redesign/tb/tb_top.sv Line: 257

Time: 5605 ns Started: 5595 ns Scope: /tb_top/u_mon File: /run/media/sackb/Windows-SSD/Users/sackb/OneDrive/Desktop/University/Course_Work/2025-2026/Spring_2026/ECE_410/ECE410/project/post_m3_Minor_Redesign/tb/tb_top.sv Line:256
Error: AXI MONITOR: core_C changed while core is idle
Time: 5605 ns  Iteration: 0  Process: /tb_top/u_mon//tb_top/u_mon  Scope: tb_top.u_mon  File: /run/media/sackb/Windows-SSD/Users/sackb/OneDrive/Desktop/University/Course_Work/2025-2026/Spring_2026/ECE_410/ECE410/project/post_m3_Minor_Redesign/tb/tb_top.sv Line: 257

Time: 5615 ns Started: 5605 ns Scope: /tb_top/u_mon File: /run/media/sackb/Windows-SSD/Users/sackb/OneDrive/Desktop/University/Course_Work/2025-2026/Spring_2026/ECE_410/ECE410/project/post_m3_Minor_Redesign/tb/tb_top.sv Line:256
Error: AXI MONITOR: core_C changed while core is idle
Time: 5615 ns  Iteration: 0  Process: /tb_top/u_mon//tb_top/u_mon  Scope: tb_top.u_mon  File: /run/media/sackb/Windows-SSD/Users/sackb/OneDrive/Desktop/University/Course_Work/2025-2026/Spring_2026/ECE_410/ECE410/project/post_m3_Minor_Redesign/tb/tb_top.sv Line: 257

Time: 5625 ns Started: 5615 ns Scope: /tb_top/u_mon File: /run/media/sackb/Windows-SSD/Users/sackb/OneDrive/Desktop/University/Course_Work/2025-2026/Spring_2026/ECE_410/ECE410/project/post_m3_Minor_Redesign/tb/tb_top.sv Line:256
Error: AXI MONITOR: core_C changed while core is idle
Time: 5625 ns  Iteration: 0  Process: /tb_top/u_mon//tb_top/u_mon  Scope: tb_top.u_mon  File: /run/media/sackb/Windows-SSD/Users/sackb/OneDrive/Desktop/University/Course_Work/2025-2026/Spring_2026/ECE_410/ECE410/project/post_m3_Minor_Redesign/tb/tb_top.sv Line: 257

Time: 5635 ns Started: 5625 ns Scope: /tb_top/u_mon File: /run/media/sackb/Windows-SSD/Users/sackb/OneDrive/Desktop/University/Course_Work/2025-2026/Spring_2026/ECE_410/ECE410/project/post_m3_Minor_Redesign/tb/tb_top.sv Line:256
Error: AXI MONITOR: core_C changed while core is idle
Time: 5635 ns  Iteration: 0  Process: /tb_top/u_mon//tb_top/u_mon  Scope: tb_top.u_mon  File: /run/media/sackb/Windows-SSD/Users/sackb/OneDrive/Desktop/University/Course_Work/2025-2026/Spring_2026/ECE_410/ECE410/project/post_m3_Minor_Redesign/tb/tb_top.sv Line: 257

Time: 5645 ns Started: 5635 ns Scope: /tb_top/u_mon File: /run/media/sackb/Windows-SSD/Users/sackb/OneDrive/Desktop/University/Course_Work/2025-2026/Spring_2026/ECE_410/ECE410/project/post_m3_Minor_Redesign/tb/tb_top.sv Line:256
Error: AXI MONITOR: core_C changed while core is idle
Time: 5645 ns  Iteration: 0  Process: /tb_top/u_mon//tb_top/u_mon  Scope: tb_top.u_mon  File: /run/media/sackb/Windows-SSD/Users/sackb/OneDrive/Desktop/University/Course_Work/2025-2026/Spring_2026/ECE_410/ECE410/project/post_m3_Minor_Redesign/tb/tb_top.sv Line: 257

Time: 5655 ns Started: 5645 ns Scope: /tb_top/u_mon File: /run/media/sackb/Windows-SSD/Users/sackb/OneDrive/Desktop/University/Course_Work/2025-2026/Spring_2026/ECE_410/ECE410/project/post_m3_Minor_Redesign/tb/tb_top.sv Line:256
Error: AXI MONITOR: core_C changed while core is idle
Time: 5655 ns  Iteration: 0  Process: /tb_top/u_mon//tb_top/u_mon  Scope: tb_top.u_mon  File: /run/media/sackb/Windows-SSD/Users/sackb/OneDrive/Desktop/University/Course_Work/2025-2026/Spring_2026/ECE_410/ECE410/project/post_m3_Minor_Redesign/tb/tb_top.sv Line: 257

Time: 6105 ns Started: 6095 ns Scope: /tb_top/u_mon File: /run/media/sackb/Windows-SSD/Users/sackb/OneDrive/Desktop/University/Course_Work/2025-2026/Spring_2026/ECE_410/ECE410/project/post_m3_Minor_Redesign/tb/tb_top.sv Line:256
Error: AXI MONITOR: core_C changed while core is idle
Time: 6105 ns  Iteration: 0  Process: /tb_top/u_mon//tb_top/u_mon  Scope: tb_top.u_mon  File: /run/media/sackb/Windows-SSD/Users/sackb/OneDrive/Desktop/University/Course_Work/2025-2026/Spring_2026/ECE_410/ECE410/project/post_m3_Minor_Redesign/tb/tb_top.sv Line: 257

Time: 6115 ns Started: 6105 ns Scope: /tb_top/u_mon File: /run/media/sackb/Windows-SSD/Users/sackb/OneDrive/Desktop/University/Course_Work/2025-2026/Spring_2026/ECE_410/ECE410/project/post_m3_Minor_Redesign/tb/tb_top.sv Line:256
Error: AXI MONITOR: core_C changed while core is idle
Time: 6115 ns  Iteration: 0  Process: /tb_top/u_mon//tb_top/u_mon  Scope: tb_top.u_mon  File: /run/media/sackb/Windows-SSD/Users/sackb/OneDrive/Desktop/University/Course_Work/2025-2026/Spring_2026/ECE_410/ECE410/project/post_m3_Minor_Redesign/tb/tb_top.sv Line: 257

Time: 6125 ns Started: 6115 ns Scope: /tb_top/u_mon File: /run/media/sackb/Windows-SSD/Users/sackb/OneDrive/Desktop/University/Course_Work/2025-2026/Spring_2026/ECE_410/ECE410/project/post_m3_Minor_Redesign/tb/tb_top.sv Line:256
Error: AXI MONITOR: core_C changed while core is idle
Time: 6125 ns  Iteration: 0  Process: /tb_top/u_mon//tb_top/u_mon  Scope: tb_top.u_mon  File: /run/media/sackb/Windows-SSD/Users/sackb/OneDrive/Desktop/University/Course_Work/2025-2026/Spring_2026/ECE_410/ECE410/project/post_m3_Minor_Redesign/tb/tb_top.sv Line: 257

Time: 6135 ns Started: 6125 ns Scope: /tb_top/u_mon File: /run/media/sackb/Windows-SSD/Users/sackb/OneDrive/Desktop/University/Course_Work/2025-2026/Spring_2026/ECE_410/ECE410/project/post_m3_Minor_Redesign/tb/tb_top.sv Line:256
Error: AXI MONITOR: core_C changed while core is idle
Time: 6135 ns  Iteration: 0  Process: /tb_top/u_mon//tb_top/u_mon  Scope: tb_top.u_mon  File: /run/media/sackb/Windows-SSD/Users/sackb/OneDrive/Desktop/University/Course_Work/2025-2026/Spring_2026/ECE_410/ECE410/project/post_m3_Minor_Redesign/tb/tb_top.sv Line: 257

Time: 6145 ns Started: 6135 ns Scope: /tb_top/u_mon File: /run/media/sackb/Windows-SSD/Users/sackb/OneDrive/Desktop/University/Course_Work/2025-2026/Spring_2026/ECE_410/ECE410/project/post_m3_Minor_Redesign/tb/tb_top.sv Line:256
Error: AXI MONITOR: core_C changed while core is idle
Time: 6145 ns  Iteration: 0  Process: /tb_top/u_mon//tb_top/u_mon  Scope: tb_top.u_mon  File: /run/media/sackb/Windows-SSD/Users/sackb/OneDrive/Desktop/University/Course_Work/2025-2026/Spring_2026/ECE_410/ECE410/project/post_m3_Minor_Redesign/tb/tb_top.sv Line: 257

Time: 6155 ns Started: 6145 ns Scope: /tb_top/u_mon File: /run/media/sackb/Windows-SSD/Users/sackb/OneDrive/Desktop/University/Course_Work/2025-2026/Spring_2026/ECE_410/ECE410/project/post_m3_Minor_Redesign/tb/tb_top.sv Line:256
Error: AXI MONITOR: core_C changed while core is idle
Time: 6155 ns  Iteration: 0  Process: /tb_top/u_mon//tb_top/u_mon  Scope: tb_top.u_mon  File: /run/media/sackb/Windows-SSD/Users/sackb/OneDrive/Desktop/University/Course_Work/2025-2026/Spring_2026/ECE_410/ECE410/project/post_m3_Minor_Redesign/tb/tb_top.sv Line: 257

Time: 6165 ns Started: 6155 ns Scope: /tb_top/u_mon File: /run/media/sackb/Windows-SSD/Users/sackb/OneDrive/Desktop/University/Course_Work/2025-2026/Spring_2026/ECE_410/ECE410/project/post_m3_Minor_Redesign/tb/tb_top.sv Line:256
Error: AXI MONITOR: core_C changed while core is idle
Time: 6165 ns  Iteration: 0  Process: /tb_top/u_mon//tb_top/u_mon  Scope: tb_top.u_mon  File: /run/media/sackb/Windows-SSD/Users/sackb/OneDrive/Desktop/University/Course_Work/2025-2026/Spring_2026/ECE_410/ECE410/project/post_m3_Minor_Redesign/tb/tb_top.sv Line: 257

Time: 6175 ns Started: 6165 ns Scope: /tb_top/u_mon File: /run/media/sackb/Windows-SSD/Users/sackb/OneDrive/Desktop/University/Course_Work/2025-2026/Spring_2026/ECE_410/ECE410/project/post_m3_Minor_Redesign/tb/tb_top.sv Line:256
Error: AXI MONITOR: core_C changed while core is idle
Time: 6175 ns  Iteration: 0  Process: /tb_top/u_mon//tb_top/u_mon  Scope: tb_top.u_mon  File: /run/media/sackb/Windows-SSD/Users/sackb/OneDrive/Desktop/University/Course_Work/2025-2026/Spring_2026/ECE_410/ECE410/project/post_m3_Minor_Redesign/tb/tb_top.sv Line: 257

Time: 6185 ns Started: 6175 ns Scope: /tb_top/u_mon File: /run/media/sackb/Windows-SSD/Users/sackb/OneDrive/Desktop/University/Course_Work/2025-2026/Spring_2026/ECE_410/ECE410/project/post_m3_Minor_Redesign/tb/tb_top.sv Line:256
Error: AXI MONITOR: core_C changed while core is idle
Time: 6185 ns  Iteration: 0  Process: /tb_top/u_mon//tb_top/u_mon  Scope: tb_top.u_mon  File: /run/media/sackb/Windows-SSD/Users/sackb/OneDrive/Desktop/University/Course_Work/2025-2026/Spring_2026/ECE_410/ECE410/project/post_m3_Minor_Redesign/tb/tb_top.sv Line: 257

Time: 6195 ns Started: 6185 ns Scope: /tb_top/u_mon File: /run/media/sackb/Windows-SSD/Users/sackb/OneDrive/Desktop/University/Course_Work/2025-2026/Spring_2026/ECE_410/ECE410/project/post_m3_Minor_Redesign/tb/tb_top.sv Line:256
Error: AXI MONITOR: core_C changed while core is idle
Time: 6195 ns  Iteration: 0  Process: /tb_top/u_mon//tb_top/u_mon  Scope: tb_top.u_mon  File: /run/media/sackb/Windows-SSD/Users/sackb/OneDrive/Desktop/University/Course_Work/2025-2026/Spring_2026/ECE_410/ECE410/project/post_m3_Minor_Redesign/tb/tb_top.sv Line: 257

Time: 6205 ns Started: 6195 ns Scope: /tb_top/u_mon File: /run/media/sackb/Windows-SSD/Users/sackb/OneDrive/Desktop/University/Course_Work/2025-2026/Spring_2026/ECE_410/ECE410/project/post_m3_Minor_Redesign/tb/tb_top.sv Line:256
Error: AXI MONITOR: core_C changed while core is idle
Time: 6205 ns  Iteration: 0  Process: /tb_top/u_mon//tb_top/u_mon  Scope: tb_top.u_mon  File: /run/media/sackb/Windows-SSD/Users/sackb/OneDrive/Desktop/University/Course_Work/2025-2026/Spring_2026/ECE_410/ECE410/project/post_m3_Minor_Redesign/tb/tb_top.sv Line: 257

Time: 6215 ns Started: 6205 ns Scope: /tb_top/u_mon File: /run/media/sackb/Windows-SSD/Users/sackb/OneDrive/Desktop/University/Course_Work/2025-2026/Spring_2026/ECE_410/ECE410/project/post_m3_Minor_Redesign/tb/tb_top.sv Line:256
Error: AXI MONITOR: core_C changed while core is idle
Time: 6215 ns  Iteration: 0  Process: /tb_top/u_mon//tb_top/u_mon  Scope: tb_top.u_mon  File: /run/media/sackb/Windows-SSD/Users/sackb/OneDrive/Desktop/University/Course_Work/2025-2026/Spring_2026/ECE_410/ECE410/project/post_m3_Minor_Redesign/tb/tb_top.sv Line: 257

Time: 6225 ns Started: 6215 ns Scope: /tb_top/u_mon File: /run/media/sackb/Windows-SSD/Users/sackb/OneDrive/Desktop/University/Course_Work/2025-2026/Spring_2026/ECE_410/ECE410/project/post_m3_Minor_Redesign/tb/tb_top.sv Line:256
Error: AXI MONITOR: core_C changed while core is idle
Time: 6225 ns  Iteration: 0  Process: /tb_top/u_mon//tb_top/u_mon  Scope: tb_top.u_mon  File: /run/media/sackb/Windows-SSD/Users/sackb/OneDrive/Desktop/University/Course_Work/2025-2026/Spring_2026/ECE_410/ECE410/project/post_m3_Minor_Redesign/tb/tb_top.sv Line: 257

Time: 6235 ns Started: 6225 ns Scope: /tb_top/u_mon File: /run/media/sackb/Windows-SSD/Users/sackb/OneDrive/Desktop/University/Course_Work/2025-2026/Spring_2026/ECE_410/ECE410/project/post_m3_Minor_Redesign/tb/tb_top.sv Line:256
Error: AXI MONITOR: core_C changed while core is idle
Time: 6235 ns  Iteration: 0  Process: /tb_top/u_mon//tb_top/u_mon  Scope: tb_top.u_mon  File: /run/media/sackb/Windows-SSD/Users/sackb/OneDrive/Desktop/University/Course_Work/2025-2026/Spring_2026/ECE_410/ECE410/project/post_m3_Minor_Redesign/tb/tb_top.sv Line: 257

Time: 6245 ns Started: 6235 ns Scope: /tb_top/u_mon File: /run/media/sackb/Windows-SSD/Users/sackb/OneDrive/Desktop/University/Course_Work/2025-2026/Spring_2026/ECE_410/ECE410/project/post_m3_Minor_Redesign/tb/tb_top.sv Line:256
Error: AXI MONITOR: core_C changed while core is idle
Time: 6245 ns  Iteration: 0  Process: /tb_top/u_mon//tb_top/u_mon  Scope: tb_top.u_mon  File: /run/media/sackb/Windows-SSD/Users/sackb/OneDrive/Desktop/University/Course_Work/2025-2026/Spring_2026/ECE_410/ECE410/project/post_m3_Minor_Redesign/tb/tb_top.sv Line: 257

Time: 6255 ns Started: 6245 ns Scope: /tb_top/u_mon File: /run/media/sackb/Windows-SSD/Users/sackb/OneDrive/Desktop/University/Course_Work/2025-2026/Spring_2026/ECE_410/ECE410/project/post_m3_Minor_Redesign/tb/tb_top.sv Line:256
Error: AXI MONITOR: core_C changed while core is idle
Time: 6255 ns  Iteration: 0  Process: /tb_top/u_mon//tb_top/u_mon  Scope: tb_top.u_mon  File: /run/media/sackb/Windows-SSD/Users/sackb/OneDrive/Desktop/University/Course_Work/2025-2026/Spring_2026/ECE_410/ECE410/project/post_m3_Minor_Redesign/tb/tb_top.sv Line: 257

Time: 6265 ns Started: 6255 ns Scope: /tb_top/u_mon File: /run/media/sackb/Windows-SSD/Users/sackb/OneDrive/Desktop/University/Course_Work/2025-2026/Spring_2026/ECE_410/ECE410/project/post_m3_Minor_Redesign/tb/tb_top.sv Line:256
Error: AXI MONITOR: core_C changed while core is idle
Time: 6265 ns  Iteration: 0  Process: /tb_top/u_mon//tb_top/u_mon  Scope: tb_top.u_mon  File: /run/media/sackb/Windows-SSD/Users/sackb/OneDrive/Desktop/University/Course_Work/2025-2026/Spring_2026/ECE_410/ECE410/project/post_m3_Minor_Redesign/tb/tb_top.sv Line: 257

Time: 6275 ns Started: 6265 ns Scope: /tb_top/u_mon File: /run/media/sackb/Windows-SSD/Users/sackb/OneDrive/Desktop/University/Course_Work/2025-2026/Spring_2026/ECE_410/ECE410/project/post_m3_Minor_Redesign/tb/tb_top.sv Line:256
Error: AXI MONITOR: core_C changed while core is idle
Time: 6275 ns  Iteration: 0  Process: /tb_top/u_mon//tb_top/u_mon  Scope: tb_top.u_mon  File: /run/media/sackb/Windows-SSD/Users/sackb/OneDrive/Desktop/University/Course_Work/2025-2026/Spring_2026/ECE_410/ECE410/project/post_m3_Minor_Redesign/tb/tb_top.sv Line: 257

Time: 6285 ns Started: 6275 ns Scope: /tb_top/u_mon File: /run/media/sackb/Windows-SSD/Users/sackb/OneDrive/Desktop/University/Course_Work/2025-2026/Spring_2026/ECE_410/ECE410/project/post_m3_Minor_Redesign/tb/tb_top.sv Line:256
Error: AXI MONITOR: core_C changed while core is idle
Time: 6285 ns  Iteration: 0  Process: /tb_top/u_mon//tb_top/u_mon  Scope: tb_top.u_mon  File: /run/media/sackb/Windows-SSD/Users/sackb/OneDrive/Desktop/University/Course_Work/2025-2026/Spring_2026/ECE_410/ECE410/project/post_m3_Minor_Redesign/tb/tb_top.sv Line: 257

Time: 6295 ns Started: 6285 ns Scope: /tb_top/u_mon File: /run/media/sackb/Windows-SSD/Users/sackb/OneDrive/Desktop/University/Course_Work/2025-2026/Spring_2026/ECE_410/ECE410/project/post_m3_Minor_Redesign/tb/tb_top.sv Line:256
Error: AXI MONITOR: core_C changed while core is idle
Time: 6295 ns  Iteration: 0  Process: /tb_top/u_mon//tb_top/u_mon  Scope: tb_top.u_mon  File: /run/media/sackb/Windows-SSD/Users/sackb/OneDrive/Desktop/University/Course_Work/2025-2026/Spring_2026/ECE_410/ECE410/project/post_m3_Minor_Redesign/tb/tb_top.sv Line: 257

Time: 6305 ns Started: 6295 ns Scope: /tb_top/u_mon File: /run/media/sackb/Windows-SSD/Users/sackb/OneDrive/Desktop/University/Course_Work/2025-2026/Spring_2026/ECE_410/ECE410/project/post_m3_Minor_Redesign/tb/tb_top.sv Line:256
Error: AXI MONITOR: core_C changed while core is idle
Time: 6305 ns  Iteration: 0  Process: /tb_top/u_mon//tb_top/u_mon  Scope: tb_top.u_mon  File: /run/media/sackb/Windows-SSD/Users/sackb/OneDrive/Desktop/University/Course_Work/2025-2026/Spring_2026/ECE_410/ECE410/project/post_m3_Minor_Redesign/tb/tb_top.sv Line: 257

Time: 6315 ns Started: 6305 ns Scope: /tb_top/u_mon File: /run/media/sackb/Windows-SSD/Users/sackb/OneDrive/Desktop/University/Course_Work/2025-2026/Spring_2026/ECE_410/ECE410/project/post_m3_Minor_Redesign/tb/tb_top.sv Line:256
Error: AXI MONITOR: core_C changed while core is idle
Time: 6315 ns  Iteration: 0  Process: /tb_top/u_mon//tb_top/u_mon  Scope: tb_top.u_mon  File: /run/media/sackb/Windows-SSD/Users/sackb/OneDrive/Desktop/University/Course_Work/2025-2026/Spring_2026/ECE_410/ECE410/project/post_m3_Minor_Redesign/tb/tb_top.sv Line: 257

Time: 6325 ns Started: 6315 ns Scope: /tb_top/u_mon File: /run/media/sackb/Windows-SSD/Users/sackb/OneDrive/Desktop/University/Course_Work/2025-2026/Spring_2026/ECE_410/ECE410/project/post_m3_Minor_Redesign/tb/tb_top.sv Line:256
Error: AXI MONITOR: core_C changed while core is idle
Time: 6325 ns  Iteration: 0  Process: /tb_top/u_mon//tb_top/u_mon  Scope: tb_top.u_mon  File: /run/media/sackb/Windows-SSD/Users/sackb/OneDrive/Desktop/University/Course_Work/2025-2026/Spring_2026/ECE_410/ECE410/project/post_m3_Minor_Redesign/tb/tb_top.sv Line: 257

Time: 6335 ns Started: 6325 ns Scope: /tb_top/u_mon File: /run/media/sackb/Windows-SSD/Users/sackb/OneDrive/Desktop/University/Course_Work/2025-2026/Spring_2026/ECE_410/ECE410/project/post_m3_Minor_Redesign/tb/tb_top.sv Line:256
Error: AXI MONITOR: core_C changed while core is idle
Time: 6335 ns  Iteration: 0  Process: /tb_top/u_mon//tb_top/u_mon  Scope: tb_top.u_mon  File: /run/media/sackb/Windows-SSD/Users/sackb/OneDrive/Desktop/University/Course_Work/2025-2026/Spring_2026/ECE_410/ECE410/project/post_m3_Minor_Redesign/tb/tb_top.sv Line: 257

Time: 6345 ns Started: 6335 ns Scope: /tb_top/u_mon File: /run/media/sackb/Windows-SSD/Users/sackb/OneDrive/Desktop/University/Course_Work/2025-2026/Spring_2026/ECE_410/ECE410/project/post_m3_Minor_Redesign/tb/tb_top.sv Line:256
Error: AXI MONITOR: core_C changed while core is idle
Time: 6345 ns  Iteration: 0  Process: /tb_top/u_mon//tb_top/u_mon  Scope: tb_top.u_mon  File: /run/media/sackb/Windows-SSD/Users/sackb/OneDrive/Desktop/University/Course_Work/2025-2026/Spring_2026/ECE_410/ECE410/project/post_m3_Minor_Redesign/tb/tb_top.sv Line: 257

Time: 6355 ns Started: 6345 ns Scope: /tb_top/u_mon File: /run/media/sackb/Windows-SSD/Users/sackb/OneDrive/Desktop/University/Course_Work/2025-2026/Spring_2026/ECE_410/ECE410/project/post_m3_Minor_Redesign/tb/tb_top.sv Line:256
Error: AXI MONITOR: core_C changed while core is idle
Time: 6355 ns  Iteration: 0  Process: /tb_top/u_mon//tb_top/u_mon  Scope: tb_top.u_mon  File: /run/media/sackb/Windows-SSD/Users/sackb/OneDrive/Desktop/University/Course_Work/2025-2026/Spring_2026/ECE_410/ECE410/project/post_m3_Minor_Redesign/tb/tb_top.sv Line: 257

Time: 6365 ns Started: 6355 ns Scope: /tb_top/u_mon File: /run/media/sackb/Windows-SSD/Users/sackb/OneDrive/Desktop/University/Course_Work/2025-2026/Spring_2026/ECE_410/ECE410/project/post_m3_Minor_Redesign/tb/tb_top.sv Line:256
Error: AXI MONITOR: core_C changed while core is idle
Time: 6365 ns  Iteration: 0  Process: /tb_top/u_mon//tb_top/u_mon  Scope: tb_top.u_mon  File: /run/media/sackb/Windows-SSD/Users/sackb/OneDrive/Desktop/University/Course_Work/2025-2026/Spring_2026/ECE_410/ECE410/project/post_m3_Minor_Redesign/tb/tb_top.sv Line: 257

Time: 6375 ns Started: 6365 ns Scope: /tb_top/u_mon File: /run/media/sackb/Windows-SSD/Users/sackb/OneDrive/Desktop/University/Course_Work/2025-2026/Spring_2026/ECE_410/ECE410/project/post_m3_Minor_Redesign/tb/tb_top.sv Line:256
Error: AXI MONITOR: core_C changed while core is idle
Time: 6375 ns  Iteration: 0  Process: /tb_top/u_mon//tb_top/u_mon  Scope: tb_top.u_mon  File: /run/media/sackb/Windows-SSD/Users/sackb/OneDrive/Desktop/University/Course_Work/2025-2026/Spring_2026/ECE_410/ECE410/project/post_m3_Minor_Redesign/tb/tb_top.sv Line: 257

Time: 6385 ns Started: 6375 ns Scope: /tb_top/u_mon File: /run/media/sackb/Windows-SSD/Users/sackb/OneDrive/Desktop/University/Course_Work/2025-2026/Spring_2026/ECE_410/ECE410/project/post_m3_Minor_Redesign/tb/tb_top.sv Line:256
Error: AXI MONITOR: core_C changed while core is idle
Time: 6385 ns  Iteration: 0  Process: /tb_top/u_mon//tb_top/u_mon  Scope: tb_top.u_mon  File: /run/media/sackb/Windows-SSD/Users/sackb/OneDrive/Desktop/University/Course_Work/2025-2026/Spring_2026/ECE_410/ECE410/project/post_m3_Minor_Redesign/tb/tb_top.sv Line: 257

Time: 6395 ns Started: 6385 ns Scope: /tb_top/u_mon File: /run/media/sackb/Windows-SSD/Users/sackb/OneDrive/Desktop/University/Course_Work/2025-2026/Spring_2026/ECE_410/ECE410/project/post_m3_Minor_Redesign/tb/tb_top.sv Line:256
Error: AXI MONITOR: core_C changed while core is idle
Time: 6395 ns  Iteration: 0  Process: /tb_top/u_mon//tb_top/u_mon  Scope: tb_top.u_mon  File: /run/media/sackb/Windows-SSD/Users/sackb/OneDrive/Desktop/University/Course_Work/2025-2026/Spring_2026/ECE_410/ECE410/project/post_m3_Minor_Redesign/tb/tb_top.sv Line: 257

Time: 6405 ns Started: 6395 ns Scope: /tb_top/u_mon File: /run/media/sackb/Windows-SSD/Users/sackb/OneDrive/Desktop/University/Course_Work/2025-2026/Spring_2026/ECE_410/ECE410/project/post_m3_Minor_Redesign/tb/tb_top.sv Line:256
Error: AXI MONITOR: core_C changed while core is idle
Time: 6405 ns  Iteration: 0  Process: /tb_top/u_mon//tb_top/u_mon  Scope: tb_top.u_mon  File: /run/media/sackb/Windows-SSD/Users/sackb/OneDrive/Desktop/University/Course_Work/2025-2026/Spring_2026/ECE_410/ECE410/project/post_m3_Minor_Redesign/tb/tb_top.sv Line: 257

Time: 6415 ns Started: 6405 ns Scope: /tb_top/u_mon File: /run/media/sackb/Windows-SSD/Users/sackb/OneDrive/Desktop/University/Course_Work/2025-2026/Spring_2026/ECE_410/ECE410/project/post_m3_Minor_Redesign/tb/tb_top.sv Line:256
Error: AXI MONITOR: core_C changed while core is idle
Time: 6415 ns  Iteration: 0  Process: /tb_top/u_mon//tb_top/u_mon  Scope: tb_top.u_mon  File: /run/media/sackb/Windows-SSD/Users/sackb/OneDrive/Desktop/University/Course_Work/2025-2026/Spring_2026/ECE_410/ECE410/project/post_m3_Minor_Redesign/tb/tb_top.sv Line: 257

Time: 6425 ns Started: 6415 ns Scope: /tb_top/u_mon File: /run/media/sackb/Windows-SSD/Users/sackb/OneDrive/Desktop/University/Course_Work/2025-2026/Spring_2026/ECE_410/ECE410/project/post_m3_Minor_Redesign/tb/tb_top.sv Line:256
Error: AXI MONITOR: core_C changed while core is idle
Time: 6425 ns  Iteration: 0  Process: /tb_top/u_mon//tb_top/u_mon  Scope: tb_top.u_mon  File: /run/media/sackb/Windows-SSD/Users/sackb/OneDrive/Desktop/University/Course_Work/2025-2026/Spring_2026/ECE_410/ECE410/project/post_m3_Minor_Redesign/tb/tb_top.sv Line: 257

Time: 6435 ns Started: 6425 ns Scope: /tb_top/u_mon File: /run/media/sackb/Windows-SSD/Users/sackb/OneDrive/Desktop/University/Course_Work/2025-2026/Spring_2026/ECE_410/ECE410/project/post_m3_Minor_Redesign/tb/tb_top.sv Line:256
Error: AXI MONITOR: core_C changed while core is idle
Time: 6435 ns  Iteration: 0  Process: /tb_top/u_mon//tb_top/u_mon  Scope: tb_top.u_mon  File: /run/media/sackb/Windows-SSD/Users/sackb/OneDrive/Desktop/University/Course_Work/2025-2026/Spring_2026/ECE_410/ECE410/project/post_m3_Minor_Redesign/tb/tb_top.sv Line: 257

Time: 6445 ns Started: 6435 ns Scope: /tb_top/u_mon File: /run/media/sackb/Windows-SSD/Users/sackb/OneDrive/Desktop/University/Course_Work/2025-2026/Spring_2026/ECE_410/ECE410/project/post_m3_Minor_Redesign/tb/tb_top.sv Line:256
Error: AXI MONITOR: core_C changed while core is idle
Time: 6445 ns  Iteration: 0  Process: /tb_top/u_mon//tb_top/u_mon  Scope: tb_top.u_mon  File: /run/media/sackb/Windows-SSD/Users/sackb/OneDrive/Desktop/University/Course_Work/2025-2026/Spring_2026/ECE_410/ECE410/project/post_m3_Minor_Redesign/tb/tb_top.sv Line: 257

Time: 6455 ns Started: 6445 ns Scope: /tb_top/u_mon File: /run/media/sackb/Windows-SSD/Users/sackb/OneDrive/Desktop/University/Course_Work/2025-2026/Spring_2026/ECE_410/ECE410/project/post_m3_Minor_Redesign/tb/tb_top.sv Line:256
Error: AXI MONITOR: core_C changed while core is idle
Time: 6455 ns  Iteration: 0  Process: /tb_top/u_mon//tb_top/u_mon  Scope: tb_top.u_mon  File: /run/media/sackb/Windows-SSD/Users/sackb/OneDrive/Desktop/University/Course_Work/2025-2026/Spring_2026/ECE_410/ECE410/project/post_m3_Minor_Redesign/tb/tb_top.sv Line: 257

Time: 6465 ns Started: 6455 ns Scope: /tb_top/u_mon File: /run/media/sackb/Windows-SSD/Users/sackb/OneDrive/Desktop/University/Course_Work/2025-2026/Spring_2026/ECE_410/ECE410/project/post_m3_Minor_Redesign/tb/tb_top.sv Line:256
Error: AXI MONITOR: core_C changed while core is idle
Time: 6465 ns  Iteration: 0  Process: /tb_top/u_mon//tb_top/u_mon  Scope: tb_top.u_mon  File: /run/media/sackb/Windows-SSD/Users/sackb/OneDrive/Desktop/University/Course_Work/2025-2026/Spring_2026/ECE_410/ECE410/project/post_m3_Minor_Redesign/tb/tb_top.sv Line: 257
TB_TOP: Iteration 3 complete
TB_TOP: Starting iteration 4

Time: 6475 ns Started: 6465 ns Scope: /tb_top/u_mon File: /run/media/sackb/Windows-SSD/Users/sackb/OneDrive/Desktop/University/Course_Work/2025-2026/Spring_2026/ECE_410/ECE410/project/post_m3_Minor_Redesign/tb/tb_top.sv Line:256
Error: AXI MONITOR: core_C changed while core is idle
Time: 6475 ns  Iteration: 0  Process: /tb_top/u_mon//tb_top/u_mon  Scope: tb_top.u_mon  File: /run/media/sackb/Windows-SSD/Users/sackb/OneDrive/Desktop/University/Course_Work/2025-2026/Spring_2026/ECE_410/ECE410/project/post_m3_Minor_Redesign/tb/tb_top.sv Line: 257

Time: 6485 ns Started: 6475 ns Scope: /tb_top/u_mon File: /run/media/sackb/Windows-SSD/Users/sackb/OneDrive/Desktop/University/Course_Work/2025-2026/Spring_2026/ECE_410/ECE410/project/post_m3_Minor_Redesign/tb/tb_top.sv Line:256
Error: AXI MONITOR: core_C changed while core is idle
Time: 6485 ns  Iteration: 0  Process: /tb_top/u_mon//tb_top/u_mon  Scope: tb_top.u_mon  File: /run/media/sackb/Windows-SSD/Users/sackb/OneDrive/Desktop/University/Course_Work/2025-2026/Spring_2026/ECE_410/ECE410/project/post_m3_Minor_Redesign/tb/tb_top.sv Line: 257

Time: 6495 ns Started: 6485 ns Scope: /tb_top/u_mon File: /run/media/sackb/Windows-SSD/Users/sackb/OneDrive/Desktop/University/Course_Work/2025-2026/Spring_2026/ECE_410/ECE410/project/post_m3_Minor_Redesign/tb/tb_top.sv Line:256
Error: AXI MONITOR: core_C changed while core is idle
Time: 6495 ns  Iteration: 0  Process: /tb_top/u_mon//tb_top/u_mon  Scope: tb_top.u_mon  File: /run/media/sackb/Windows-SSD/Users/sackb/OneDrive/Desktop/University/Course_Work/2025-2026/Spring_2026/ECE_410/ECE410/project/post_m3_Minor_Redesign/tb/tb_top.sv Line: 257

Time: 6505 ns Started: 6495 ns Scope: /tb_top/u_mon File: /run/media/sackb/Windows-SSD/Users/sackb/OneDrive/Desktop/University/Course_Work/2025-2026/Spring_2026/ECE_410/ECE410/project/post_m3_Minor_Redesign/tb/tb_top.sv Line:256
Error: AXI MONITOR: core_C changed while core is idle
Time: 6505 ns  Iteration: 0  Process: /tb_top/u_mon//tb_top/u_mon  Scope: tb_top.u_mon  File: /run/media/sackb/Windows-SSD/Users/sackb/OneDrive/Desktop/University/Course_Work/2025-2026/Spring_2026/ECE_410/ECE410/project/post_m3_Minor_Redesign/tb/tb_top.sv Line: 257

Time: 6515 ns Started: 6505 ns Scope: /tb_top/u_mon File: /run/media/sackb/Windows-SSD/Users/sackb/OneDrive/Desktop/University/Course_Work/2025-2026/Spring_2026/ECE_410/ECE410/project/post_m3_Minor_Redesign/tb/tb_top.sv Line:256
Error: AXI MONITOR: core_C changed while core is idle
Time: 6515 ns  Iteration: 0  Process: /tb_top/u_mon//tb_top/u_mon  Scope: tb_top.u_mon  File: /run/media/sackb/Windows-SSD/Users/sackb/OneDrive/Desktop/University/Course_Work/2025-2026/Spring_2026/ECE_410/ECE410/project/post_m3_Minor_Redesign/tb/tb_top.sv Line: 257

Time: 6525 ns Started: 6515 ns Scope: /tb_top/u_mon File: /run/media/sackb/Windows-SSD/Users/sackb/OneDrive/Desktop/University/Course_Work/2025-2026/Spring_2026/ECE_410/ECE410/project/post_m3_Minor_Redesign/tb/tb_top.sv Line:256
Error: AXI MONITOR: core_C changed while core is idle
Time: 6525 ns  Iteration: 0  Process: /tb_top/u_mon//tb_top/u_mon  Scope: tb_top.u_mon  File: /run/media/sackb/Windows-SSD/Users/sackb/OneDrive/Desktop/University/Course_Work/2025-2026/Spring_2026/ECE_410/ECE410/project/post_m3_Minor_Redesign/tb/tb_top.sv Line: 257

Time: 6535 ns Started: 6525 ns Scope: /tb_top/u_mon File: /run/media/sackb/Windows-SSD/Users/sackb/OneDrive/Desktop/University/Course_Work/2025-2026/Spring_2026/ECE_410/ECE410/project/post_m3_Minor_Redesign/tb/tb_top.sv Line:256
Error: AXI MONITOR: core_C changed while core is idle
Time: 6535 ns  Iteration: 0  Process: /tb_top/u_mon//tb_top/u_mon  Scope: tb_top.u_mon  File: /run/media/sackb/Windows-SSD/Users/sackb/OneDrive/Desktop/University/Course_Work/2025-2026/Spring_2026/ECE_410/ECE410/project/post_m3_Minor_Redesign/tb/tb_top.sv Line: 257

Time: 6545 ns Started: 6535 ns Scope: /tb_top/u_mon File: /run/media/sackb/Windows-SSD/Users/sackb/OneDrive/Desktop/University/Course_Work/2025-2026/Spring_2026/ECE_410/ECE410/project/post_m3_Minor_Redesign/tb/tb_top.sv Line:256
Error: AXI MONITOR: core_C changed while core is idle
Time: 6545 ns  Iteration: 0  Process: /tb_top/u_mon//tb_top/u_mon  Scope: tb_top.u_mon  File: /run/media/sackb/Windows-SSD/Users/sackb/OneDrive/Desktop/University/Course_Work/2025-2026/Spring_2026/ECE_410/ECE410/project/post_m3_Minor_Redesign/tb/tb_top.sv Line: 257

Time: 6555 ns Started: 6545 ns Scope: /tb_top/u_mon File: /run/media/sackb/Windows-SSD/Users/sackb/OneDrive/Desktop/University/Course_Work/2025-2026/Spring_2026/ECE_410/ECE410/project/post_m3_Minor_Redesign/tb/tb_top.sv Line:256
Error: AXI MONITOR: core_C changed while core is idle
Time: 6555 ns  Iteration: 0  Process: /tb_top/u_mon//tb_top/u_mon  Scope: tb_top.u_mon  File: /run/media/sackb/Windows-SSD/Users/sackb/OneDrive/Desktop/University/Course_Work/2025-2026/Spring_2026/ECE_410/ECE410/project/post_m3_Minor_Redesign/tb/tb_top.sv Line: 257

Time: 6565 ns Started: 6555 ns Scope: /tb_top/u_mon File: /run/media/sackb/Windows-SSD/Users/sackb/OneDrive/Desktop/University/Course_Work/2025-2026/Spring_2026/ECE_410/ECE410/project/post_m3_Minor_Redesign/tb/tb_top.sv Line:256
Error: AXI MONITOR: core_C changed while core is idle
Time: 6565 ns  Iteration: 0  Process: /tb_top/u_mon//tb_top/u_mon  Scope: tb_top.u_mon  File: /run/media/sackb/Windows-SSD/Users/sackb/OneDrive/Desktop/University/Course_Work/2025-2026/Spring_2026/ECE_410/ECE410/project/post_m3_Minor_Redesign/tb/tb_top.sv Line: 257

Time: 6575 ns Started: 6565 ns Scope: /tb_top/u_mon File: /run/media/sackb/Windows-SSD/Users/sackb/OneDrive/Desktop/University/Course_Work/2025-2026/Spring_2026/ECE_410/ECE410/project/post_m3_Minor_Redesign/tb/tb_top.sv Line:256
Error: AXI MONITOR: core_C changed while core is idle
Time: 6575 ns  Iteration: 0  Process: /tb_top/u_mon//tb_top/u_mon  Scope: tb_top.u_mon  File: /run/media/sackb/Windows-SSD/Users/sackb/OneDrive/Desktop/University/Course_Work/2025-2026/Spring_2026/ECE_410/ECE410/project/post_m3_Minor_Redesign/tb/tb_top.sv Line: 257

Time: 6585 ns Started: 6575 ns Scope: /tb_top/u_mon File: /run/media/sackb/Windows-SSD/Users/sackb/OneDrive/Desktop/University/Course_Work/2025-2026/Spring_2026/ECE_410/ECE410/project/post_m3_Minor_Redesign/tb/tb_top.sv Line:256
Error: AXI MONITOR: core_C changed while core is idle
Time: 6585 ns  Iteration: 0  Process: /tb_top/u_mon//tb_top/u_mon  Scope: tb_top.u_mon  File: /run/media/sackb/Windows-SSD/Users/sackb/OneDrive/Desktop/University/Course_Work/2025-2026/Spring_2026/ECE_410/ECE410/project/post_m3_Minor_Redesign/tb/tb_top.sv Line: 257

Time: 6595 ns Started: 6585 ns Scope: /tb_top/u_mon File: /run/media/sackb/Windows-SSD/Users/sackb/OneDrive/Desktop/University/Course_Work/2025-2026/Spring_2026/ECE_410/ECE410/project/post_m3_Minor_Redesign/tb/tb_top.sv Line:256
Error: AXI MONITOR: core_C changed while core is idle
Time: 6595 ns  Iteration: 0  Process: /tb_top/u_mon//tb_top/u_mon  Scope: tb_top.u_mon  File: /run/media/sackb/Windows-SSD/Users/sackb/OneDrive/Desktop/University/Course_Work/2025-2026/Spring_2026/ECE_410/ECE410/project/post_m3_Minor_Redesign/tb/tb_top.sv Line: 257

Time: 6605 ns Started: 6595 ns Scope: /tb_top/u_mon File: /run/media/sackb/Windows-SSD/Users/sackb/OneDrive/Desktop/University/Course_Work/2025-2026/Spring_2026/ECE_410/ECE410/project/post_m3_Minor_Redesign/tb/tb_top.sv Line:256
Error: AXI MONITOR: core_C changed while core is idle
Time: 6605 ns  Iteration: 0  Process: /tb_top/u_mon//tb_top/u_mon  Scope: tb_top.u_mon  File: /run/media/sackb/Windows-SSD/Users/sackb/OneDrive/Desktop/University/Course_Work/2025-2026/Spring_2026/ECE_410/ECE410/project/post_m3_Minor_Redesign/tb/tb_top.sv Line: 257

Time: 6615 ns Started: 6605 ns Scope: /tb_top/u_mon File: /run/media/sackb/Windows-SSD/Users/sackb/OneDrive/Desktop/University/Course_Work/2025-2026/Spring_2026/ECE_410/ECE410/project/post_m3_Minor_Redesign/tb/tb_top.sv Line:256
Error: AXI MONITOR: core_C changed while core is idle
Time: 6615 ns  Iteration: 0  Process: /tb_top/u_mon//tb_top/u_mon  Scope: tb_top.u_mon  File: /run/media/sackb/Windows-SSD/Users/sackb/OneDrive/Desktop/University/Course_Work/2025-2026/Spring_2026/ECE_410/ECE410/project/post_m3_Minor_Redesign/tb/tb_top.sv Line: 257

Time: 6625 ns Started: 6615 ns Scope: /tb_top/u_mon File: /run/media/sackb/Windows-SSD/Users/sackb/OneDrive/Desktop/University/Course_Work/2025-2026/Spring_2026/ECE_410/ECE410/project/post_m3_Minor_Redesign/tb/tb_top.sv Line:256
Error: AXI MONITOR: core_C changed while core is idle
Time: 6625 ns  Iteration: 0  Process: /tb_top/u_mon//tb_top/u_mon  Scope: tb_top.u_mon  File: /run/media/sackb/Windows-SSD/Users/sackb/OneDrive/Desktop/University/Course_Work/2025-2026/Spring_2026/ECE_410/ECE410/project/post_m3_Minor_Redesign/tb/tb_top.sv Line: 257

Time: 6635 ns Started: 6625 ns Scope: /tb_top/u_mon File: /run/media/sackb/Windows-SSD/Users/sackb/OneDrive/Desktop/University/Course_Work/2025-2026/Spring_2026/ECE_410/ECE410/project/post_m3_Minor_Redesign/tb/tb_top.sv Line:256
Error: AXI MONITOR: core_C changed while core is idle
Time: 6635 ns  Iteration: 0  Process: /tb_top/u_mon//tb_top/u_mon  Scope: tb_top.u_mon  File: /run/media/sackb/Windows-SSD/Users/sackb/OneDrive/Desktop/University/Course_Work/2025-2026/Spring_2026/ECE_410/ECE410/project/post_m3_Minor_Redesign/tb/tb_top.sv Line: 257

Time: 6645 ns Started: 6635 ns Scope: /tb_top/u_mon File: /run/media/sackb/Windows-SSD/Users/sackb/OneDrive/Desktop/University/Course_Work/2025-2026/Spring_2026/ECE_410/ECE410/project/post_m3_Minor_Redesign/tb/tb_top.sv Line:256
Error: AXI MONITOR: core_C changed while core is idle
Time: 6645 ns  Iteration: 0  Process: /tb_top/u_mon//tb_top/u_mon  Scope: tb_top.u_mon  File: /run/media/sackb/Windows-SSD/Users/sackb/OneDrive/Desktop/University/Course_Work/2025-2026/Spring_2026/ECE_410/ECE410/project/post_m3_Minor_Redesign/tb/tb_top.sv Line: 257

Time: 6655 ns Started: 6645 ns Scope: /tb_top/u_mon File: /run/media/sackb/Windows-SSD/Users/sackb/OneDrive/Desktop/University/Course_Work/2025-2026/Spring_2026/ECE_410/ECE410/project/post_m3_Minor_Redesign/tb/tb_top.sv Line:256
Error: AXI MONITOR: core_C changed while core is idle
Time: 6655 ns  Iteration: 0  Process: /tb_top/u_mon//tb_top/u_mon  Scope: tb_top.u_mon  File: /run/media/sackb/Windows-SSD/Users/sackb/OneDrive/Desktop/University/Course_Work/2025-2026/Spring_2026/ECE_410/ECE410/project/post_m3_Minor_Redesign/tb/tb_top.sv Line: 257

Time: 6665 ns Started: 6655 ns Scope: /tb_top/u_mon File: /run/media/sackb/Windows-SSD/Users/sackb/OneDrive/Desktop/University/Course_Work/2025-2026/Spring_2026/ECE_410/ECE410/project/post_m3_Minor_Redesign/tb/tb_top.sv Line:256
Error: AXI MONITOR: core_C changed while core is idle
Time: 6665 ns  Iteration: 0  Process: /tb_top/u_mon//tb_top/u_mon  Scope: tb_top.u_mon  File: /run/media/sackb/Windows-SSD/Users/sackb/OneDrive/Desktop/University/Course_Work/2025-2026/Spring_2026/ECE_410/ECE410/project/post_m3_Minor_Redesign/tb/tb_top.sv Line: 257

Time: 6675 ns Started: 6665 ns Scope: /tb_top/u_mon File: /run/media/sackb/Windows-SSD/Users/sackb/OneDrive/Desktop/University/Course_Work/2025-2026/Spring_2026/ECE_410/ECE410/project/post_m3_Minor_Redesign/tb/tb_top.sv Line:256
Error: AXI MONITOR: core_C changed while core is idle
Time: 6675 ns  Iteration: 0  Process: /tb_top/u_mon//tb_top/u_mon  Scope: tb_top.u_mon  File: /run/media/sackb/Windows-SSD/Users/sackb/OneDrive/Desktop/University/Course_Work/2025-2026/Spring_2026/ECE_410/ECE410/project/post_m3_Minor_Redesign/tb/tb_top.sv Line: 257

Time: 6685 ns Started: 6675 ns Scope: /tb_top/u_mon File: /run/media/sackb/Windows-SSD/Users/sackb/OneDrive/Desktop/University/Course_Work/2025-2026/Spring_2026/ECE_410/ECE410/project/post_m3_Minor_Redesign/tb/tb_top.sv Line:256
Error: AXI MONITOR: core_C changed while core is idle
Time: 6685 ns  Iteration: 0  Process: /tb_top/u_mon//tb_top/u_mon  Scope: tb_top.u_mon  File: /run/media/sackb/Windows-SSD/Users/sackb/OneDrive/Desktop/University/Course_Work/2025-2026/Spring_2026/ECE_410/ECE410/project/post_m3_Minor_Redesign/tb/tb_top.sv Line: 257

Time: 6695 ns Started: 6685 ns Scope: /tb_top/u_mon File: /run/media/sackb/Windows-SSD/Users/sackb/OneDrive/Desktop/University/Course_Work/2025-2026/Spring_2026/ECE_410/ECE410/project/post_m3_Minor_Redesign/tb/tb_top.sv Line:256
Error: AXI MONITOR: core_C changed while core is idle
Time: 6695 ns  Iteration: 0  Process: /tb_top/u_mon//tb_top/u_mon  Scope: tb_top.u_mon  File: /run/media/sackb/Windows-SSD/Users/sackb/OneDrive/Desktop/University/Course_Work/2025-2026/Spring_2026/ECE_410/ECE410/project/post_m3_Minor_Redesign/tb/tb_top.sv Line: 257

Time: 6705 ns Started: 6695 ns Scope: /tb_top/u_mon File: /run/media/sackb/Windows-SSD/Users/sackb/OneDrive/Desktop/University/Course_Work/2025-2026/Spring_2026/ECE_410/ECE410/project/post_m3_Minor_Redesign/tb/tb_top.sv Line:256
Error: AXI MONITOR: core_C changed while core is idle
Time: 6705 ns  Iteration: 0  Process: /tb_top/u_mon//tb_top/u_mon  Scope: tb_top.u_mon  File: /run/media/sackb/Windows-SSD/Users/sackb/OneDrive/Desktop/University/Course_Work/2025-2026/Spring_2026/ECE_410/ECE410/project/post_m3_Minor_Redesign/tb/tb_top.sv Line: 257

Time: 6715 ns Started: 6705 ns Scope: /tb_top/u_mon File: /run/media/sackb/Windows-SSD/Users/sackb/OneDrive/Desktop/University/Course_Work/2025-2026/Spring_2026/ECE_410/ECE410/project/post_m3_Minor_Redesign/tb/tb_top.sv Line:256
Error: AXI MONITOR: core_C changed while core is idle
Time: 6715 ns  Iteration: 0  Process: /tb_top/u_mon//tb_top/u_mon  Scope: tb_top.u_mon  File: /run/media/sackb/Windows-SSD/Users/sackb/OneDrive/Desktop/University/Course_Work/2025-2026/Spring_2026/ECE_410/ECE410/project/post_m3_Minor_Redesign/tb/tb_top.sv Line: 257

Time: 6725 ns Started: 6715 ns Scope: /tb_top/u_mon File: /run/media/sackb/Windows-SSD/Users/sackb/OneDrive/Desktop/University/Course_Work/2025-2026/Spring_2026/ECE_410/ECE410/project/post_m3_Minor_Redesign/tb/tb_top.sv Line:256
Error: AXI MONITOR: core_C changed while core is idle
Time: 6725 ns  Iteration: 0  Process: /tb_top/u_mon//tb_top/u_mon  Scope: tb_top.u_mon  File: /run/media/sackb/Windows-SSD/Users/sackb/OneDrive/Desktop/University/Course_Work/2025-2026/Spring_2026/ECE_410/ECE410/project/post_m3_Minor_Redesign/tb/tb_top.sv Line: 257

Time: 6735 ns Started: 6725 ns Scope: /tb_top/u_mon File: /run/media/sackb/Windows-SSD/Users/sackb/OneDrive/Desktop/University/Course_Work/2025-2026/Spring_2026/ECE_410/ECE410/project/post_m3_Minor_Redesign/tb/tb_top.sv Line:256
Error: AXI MONITOR: core_C changed while core is idle
Time: 6735 ns  Iteration: 0  Process: /tb_top/u_mon//tb_top/u_mon  Scope: tb_top.u_mon  File: /run/media/sackb/Windows-SSD/Users/sackb/OneDrive/Desktop/University/Course_Work/2025-2026/Spring_2026/ECE_410/ECE410/project/post_m3_Minor_Redesign/tb/tb_top.sv Line: 257

Time: 6745 ns Started: 6735 ns Scope: /tb_top/u_mon File: /run/media/sackb/Windows-SSD/Users/sackb/OneDrive/Desktop/University/Course_Work/2025-2026/Spring_2026/ECE_410/ECE410/project/post_m3_Minor_Redesign/tb/tb_top.sv Line:256
Error: AXI MONITOR: core_C changed while core is idle
Time: 6745 ns  Iteration: 0  Process: /tb_top/u_mon//tb_top/u_mon  Scope: tb_top.u_mon  File: /run/media/sackb/Windows-SSD/Users/sackb/OneDrive/Desktop/University/Course_Work/2025-2026/Spring_2026/ECE_410/ECE410/project/post_m3_Minor_Redesign/tb/tb_top.sv Line: 257

Time: 6755 ns Started: 6745 ns Scope: /tb_top/u_mon File: /run/media/sackb/Windows-SSD/Users/sackb/OneDrive/Desktop/University/Course_Work/2025-2026/Spring_2026/ECE_410/ECE410/project/post_m3_Minor_Redesign/tb/tb_top.sv Line:256
Error: AXI MONITOR: core_C changed while core is idle
Time: 6755 ns  Iteration: 0  Process: /tb_top/u_mon//tb_top/u_mon  Scope: tb_top.u_mon  File: /run/media/sackb/Windows-SSD/Users/sackb/OneDrive/Desktop/University/Course_Work/2025-2026/Spring_2026/ECE_410/ECE410/project/post_m3_Minor_Redesign/tb/tb_top.sv Line: 257

Time: 6765 ns Started: 6755 ns Scope: /tb_top/u_mon File: /run/media/sackb/Windows-SSD/Users/sackb/OneDrive/Desktop/University/Course_Work/2025-2026/Spring_2026/ECE_410/ECE410/project/post_m3_Minor_Redesign/tb/tb_top.sv Line:256
Error: AXI MONITOR: core_C changed while core is idle
Time: 6765 ns  Iteration: 0  Process: /tb_top/u_mon//tb_top/u_mon  Scope: tb_top.u_mon  File: /run/media/sackb/Windows-SSD/Users/sackb/OneDrive/Desktop/University/Course_Work/2025-2026/Spring_2026/ECE_410/ECE410/project/post_m3_Minor_Redesign/tb/tb_top.sv Line: 257

Time: 6775 ns Started: 6765 ns Scope: /tb_top/u_mon File: /run/media/sackb/Windows-SSD/Users/sackb/OneDrive/Desktop/University/Course_Work/2025-2026/Spring_2026/ECE_410/ECE410/project/post_m3_Minor_Redesign/tb/tb_top.sv Line:256
Error: AXI MONITOR: core_C changed while core is idle
Time: 6775 ns  Iteration: 0  Process: /tb_top/u_mon//tb_top/u_mon  Scope: tb_top.u_mon  File: /run/media/sackb/Windows-SSD/Users/sackb/OneDrive/Desktop/University/Course_Work/2025-2026/Spring_2026/ECE_410/ECE410/project/post_m3_Minor_Redesign/tb/tb_top.sv Line: 257

Time: 6785 ns Started: 6775 ns Scope: /tb_top/u_mon File: /run/media/sackb/Windows-SSD/Users/sackb/OneDrive/Desktop/University/Course_Work/2025-2026/Spring_2026/ECE_410/ECE410/project/post_m3_Minor_Redesign/tb/tb_top.sv Line:256
Error: AXI MONITOR: core_C changed while core is idle
Time: 6785 ns  Iteration: 0  Process: /tb_top/u_mon//tb_top/u_mon  Scope: tb_top.u_mon  File: /run/media/sackb/Windows-SSD/Users/sackb/OneDrive/Desktop/University/Course_Work/2025-2026/Spring_2026/ECE_410/ECE410/project/post_m3_Minor_Redesign/tb/tb_top.sv Line: 257

Time: 6795 ns Started: 6785 ns Scope: /tb_top/u_mon File: /run/media/sackb/Windows-SSD/Users/sackb/OneDrive/Desktop/University/Course_Work/2025-2026/Spring_2026/ECE_410/ECE410/project/post_m3_Minor_Redesign/tb/tb_top.sv Line:256
Error: AXI MONITOR: core_C changed while core is idle
Time: 6795 ns  Iteration: 0  Process: /tb_top/u_mon//tb_top/u_mon  Scope: tb_top.u_mon  File: /run/media/sackb/Windows-SSD/Users/sackb/OneDrive/Desktop/University/Course_Work/2025-2026/Spring_2026/ECE_410/ECE410/project/post_m3_Minor_Redesign/tb/tb_top.sv Line: 257

Time: 6805 ns Started: 6795 ns Scope: /tb_top/u_mon File: /run/media/sackb/Windows-SSD/Users/sackb/OneDrive/Desktop/University/Course_Work/2025-2026/Spring_2026/ECE_410/ECE410/project/post_m3_Minor_Redesign/tb/tb_top.sv Line:256
Error: AXI MONITOR: core_C changed while core is idle
Time: 6805 ns  Iteration: 0  Process: /tb_top/u_mon//tb_top/u_mon  Scope: tb_top.u_mon  File: /run/media/sackb/Windows-SSD/Users/sackb/OneDrive/Desktop/University/Course_Work/2025-2026/Spring_2026/ECE_410/ECE410/project/post_m3_Minor_Redesign/tb/tb_top.sv Line: 257

Time: 6815 ns Started: 6805 ns Scope: /tb_top/u_mon File: /run/media/sackb/Windows-SSD/Users/sackb/OneDrive/Desktop/University/Course_Work/2025-2026/Spring_2026/ECE_410/ECE410/project/post_m3_Minor_Redesign/tb/tb_top.sv Line:256
Error: AXI MONITOR: core_C changed while core is idle
Time: 6815 ns  Iteration: 0  Process: /tb_top/u_mon//tb_top/u_mon  Scope: tb_top.u_mon  File: /run/media/sackb/Windows-SSD/Users/sackb/OneDrive/Desktop/University/Course_Work/2025-2026/Spring_2026/ECE_410/ECE410/project/post_m3_Minor_Redesign/tb/tb_top.sv Line: 257

Time: 6825 ns Started: 6815 ns Scope: /tb_top/u_mon File: /run/media/sackb/Windows-SSD/Users/sackb/OneDrive/Desktop/University/Course_Work/2025-2026/Spring_2026/ECE_410/ECE410/project/post_m3_Minor_Redesign/tb/tb_top.sv Line:256
Error: AXI MONITOR: core_C changed while core is idle
Time: 6825 ns  Iteration: 0  Process: /tb_top/u_mon//tb_top/u_mon  Scope: tb_top.u_mon  File: /run/media/sackb/Windows-SSD/Users/sackb/OneDrive/Desktop/University/Course_Work/2025-2026/Spring_2026/ECE_410/ECE410/project/post_m3_Minor_Redesign/tb/tb_top.sv Line: 257

Time: 6835 ns Started: 6825 ns Scope: /tb_top/u_mon File: /run/media/sackb/Windows-SSD/Users/sackb/OneDrive/Desktop/University/Course_Work/2025-2026/Spring_2026/ECE_410/ECE410/project/post_m3_Minor_Redesign/tb/tb_top.sv Line:256
Error: AXI MONITOR: core_C changed while core is idle
Time: 6835 ns  Iteration: 0  Process: /tb_top/u_mon//tb_top/u_mon  Scope: tb_top.u_mon  File: /run/media/sackb/Windows-SSD/Users/sackb/OneDrive/Desktop/University/Course_Work/2025-2026/Spring_2026/ECE_410/ECE410/project/post_m3_Minor_Redesign/tb/tb_top.sv Line: 257

Time: 6845 ns Started: 6835 ns Scope: /tb_top/u_mon File: /run/media/sackb/Windows-SSD/Users/sackb/OneDrive/Desktop/University/Course_Work/2025-2026/Spring_2026/ECE_410/ECE410/project/post_m3_Minor_Redesign/tb/tb_top.sv Line:256
Error: AXI MONITOR: core_C changed while core is idle
Time: 6845 ns  Iteration: 0  Process: /tb_top/u_mon//tb_top/u_mon  Scope: tb_top.u_mon  File: /run/media/sackb/Windows-SSD/Users/sackb/OneDrive/Desktop/University/Course_Work/2025-2026/Spring_2026/ECE_410/ECE410/project/post_m3_Minor_Redesign/tb/tb_top.sv Line: 257

Time: 6855 ns Started: 6845 ns Scope: /tb_top/u_mon File: /run/media/sackb/Windows-SSD/Users/sackb/OneDrive/Desktop/University/Course_Work/2025-2026/Spring_2026/ECE_410/ECE410/project/post_m3_Minor_Redesign/tb/tb_top.sv Line:256
Error: AXI MONITOR: core_C changed while core is idle
Time: 6855 ns  Iteration: 0  Process: /tb_top/u_mon//tb_top/u_mon  Scope: tb_top.u_mon  File: /run/media/sackb/Windows-SSD/Users/sackb/OneDrive/Desktop/University/Course_Work/2025-2026/Spring_2026/ECE_410/ECE410/project/post_m3_Minor_Redesign/tb/tb_top.sv Line: 257

Time: 6865 ns Started: 6855 ns Scope: /tb_top/u_mon File: /run/media/sackb/Windows-SSD/Users/sackb/OneDrive/Desktop/University/Course_Work/2025-2026/Spring_2026/ECE_410/ECE410/project/post_m3_Minor_Redesign/tb/tb_top.sv Line:256
Error: AXI MONITOR: core_C changed while core is idle
Time: 6865 ns  Iteration: 0  Process: /tb_top/u_mon//tb_top/u_mon  Scope: tb_top.u_mon  File: /run/media/sackb/Windows-SSD/Users/sackb/OneDrive/Desktop/University/Course_Work/2025-2026/Spring_2026/ECE_410/ECE410/project/post_m3_Minor_Redesign/tb/tb_top.sv Line: 257

Time: 6875 ns Started: 6865 ns Scope: /tb_top/u_mon File: /run/media/sackb/Windows-SSD/Users/sackb/OneDrive/Desktop/University/Course_Work/2025-2026/Spring_2026/ECE_410/ECE410/project/post_m3_Minor_Redesign/tb/tb_top.sv Line:256
Error: AXI MONITOR: core_C changed while core is idle
Time: 6875 ns  Iteration: 0  Process: /tb_top/u_mon//tb_top/u_mon  Scope: tb_top.u_mon  File: /run/media/sackb/Windows-SSD/Users/sackb/OneDrive/Desktop/University/Course_Work/2025-2026/Spring_2026/ECE_410/ECE410/project/post_m3_Minor_Redesign/tb/tb_top.sv Line: 257

Time: 6885 ns Started: 6875 ns Scope: /tb_top/u_mon File: /run/media/sackb/Windows-SSD/Users/sackb/OneDrive/Desktop/University/Course_Work/2025-2026/Spring_2026/ECE_410/ECE410/project/post_m3_Minor_Redesign/tb/tb_top.sv Line:256
Error: AXI MONITOR: core_C changed while core is idle
Time: 6885 ns  Iteration: 0  Process: /tb_top/u_mon//tb_top/u_mon  Scope: tb_top.u_mon  File: /run/media/sackb/Windows-SSD/Users/sackb/OneDrive/Desktop/University/Course_Work/2025-2026/Spring_2026/ECE_410/ECE410/project/post_m3_Minor_Redesign/tb/tb_top.sv Line: 257

Time: 6895 ns Started: 6885 ns Scope: /tb_top/u_mon File: /run/media/sackb/Windows-SSD/Users/sackb/OneDrive/Desktop/University/Course_Work/2025-2026/Spring_2026/ECE_410/ECE410/project/post_m3_Minor_Redesign/tb/tb_top.sv Line:256
Error: AXI MONITOR: core_C changed while core is idle
Time: 6895 ns  Iteration: 0  Process: /tb_top/u_mon//tb_top/u_mon  Scope: tb_top.u_mon  File: /run/media/sackb/Windows-SSD/Users/sackb/OneDrive/Desktop/University/Course_Work/2025-2026/Spring_2026/ECE_410/ECE410/project/post_m3_Minor_Redesign/tb/tb_top.sv Line: 257

Time: 6905 ns Started: 6895 ns Scope: /tb_top/u_mon File: /run/media/sackb/Windows-SSD/Users/sackb/OneDrive/Desktop/University/Course_Work/2025-2026/Spring_2026/ECE_410/ECE410/project/post_m3_Minor_Redesign/tb/tb_top.sv Line:256
Error: AXI MONITOR: core_C changed while core is idle
Time: 6905 ns  Iteration: 0  Process: /tb_top/u_mon//tb_top/u_mon  Scope: tb_top.u_mon  File: /run/media/sackb/Windows-SSD/Users/sackb/OneDrive/Desktop/University/Course_Work/2025-2026/Spring_2026/ECE_410/ECE410/project/post_m3_Minor_Redesign/tb/tb_top.sv Line: 257

Time: 6915 ns Started: 6905 ns Scope: /tb_top/u_mon File: /run/media/sackb/Windows-SSD/Users/sackb/OneDrive/Desktop/University/Course_Work/2025-2026/Spring_2026/ECE_410/ECE410/project/post_m3_Minor_Redesign/tb/tb_top.sv Line:256
Error: AXI MONITOR: core_C changed while core is idle
Time: 6915 ns  Iteration: 0  Process: /tb_top/u_mon//tb_top/u_mon  Scope: tb_top.u_mon  File: /run/media/sackb/Windows-SSD/Users/sackb/OneDrive/Desktop/University/Course_Work/2025-2026/Spring_2026/ECE_410/ECE410/project/post_m3_Minor_Redesign/tb/tb_top.sv Line: 257

Time: 6925 ns Started: 6915 ns Scope: /tb_top/u_mon File: /run/media/sackb/Windows-SSD/Users/sackb/OneDrive/Desktop/University/Course_Work/2025-2026/Spring_2026/ECE_410/ECE410/project/post_m3_Minor_Redesign/tb/tb_top.sv Line:256
Error: AXI MONITOR: core_C changed while core is idle
Time: 6925 ns  Iteration: 0  Process: /tb_top/u_mon//tb_top/u_mon  Scope: tb_top.u_mon  File: /run/media/sackb/Windows-SSD/Users/sackb/OneDrive/Desktop/University/Course_Work/2025-2026/Spring_2026/ECE_410/ECE410/project/post_m3_Minor_Redesign/tb/tb_top.sv Line: 257

Time: 6935 ns Started: 6925 ns Scope: /tb_top/u_mon File: /run/media/sackb/Windows-SSD/Users/sackb/OneDrive/Desktop/University/Course_Work/2025-2026/Spring_2026/ECE_410/ECE410/project/post_m3_Minor_Redesign/tb/tb_top.sv Line:256
Error: AXI MONITOR: core_C changed while core is idle
Time: 6935 ns  Iteration: 0  Process: /tb_top/u_mon//tb_top/u_mon  Scope: tb_top.u_mon  File: /run/media/sackb/Windows-SSD/Users/sackb/OneDrive/Desktop/University/Course_Work/2025-2026/Spring_2026/ECE_410/ECE410/project/post_m3_Minor_Redesign/tb/tb_top.sv Line: 257

Time: 6945 ns Started: 6935 ns Scope: /tb_top/u_mon File: /run/media/sackb/Windows-SSD/Users/sackb/OneDrive/Desktop/University/Course_Work/2025-2026/Spring_2026/ECE_410/ECE410/project/post_m3_Minor_Redesign/tb/tb_top.sv Line:256
Error: AXI MONITOR: core_C changed while core is idle
Time: 6945 ns  Iteration: 0  Process: /tb_top/u_mon//tb_top/u_mon  Scope: tb_top.u_mon  File: /run/media/sackb/Windows-SSD/Users/sackb/OneDrive/Desktop/University/Course_Work/2025-2026/Spring_2026/ECE_410/ECE410/project/post_m3_Minor_Redesign/tb/tb_top.sv Line: 257

Time: 6955 ns Started: 6945 ns Scope: /tb_top/u_mon File: /run/media/sackb/Windows-SSD/Users/sackb/OneDrive/Desktop/University/Course_Work/2025-2026/Spring_2026/ECE_410/ECE410/project/post_m3_Minor_Redesign/tb/tb_top.sv Line:256
Error: AXI MONITOR: core_C changed while core is idle
Time: 6955 ns  Iteration: 0  Process: /tb_top/u_mon//tb_top/u_mon  Scope: tb_top.u_mon  File: /run/media/sackb/Windows-SSD/Users/sackb/OneDrive/Desktop/University/Course_Work/2025-2026/Spring_2026/ECE_410/ECE410/project/post_m3_Minor_Redesign/tb/tb_top.sv Line: 257

Time: 6965 ns Started: 6955 ns Scope: /tb_top/u_mon File: /run/media/sackb/Windows-SSD/Users/sackb/OneDrive/Desktop/University/Course_Work/2025-2026/Spring_2026/ECE_410/ECE410/project/post_m3_Minor_Redesign/tb/tb_top.sv Line:256
Error: AXI MONITOR: core_C changed while core is idle
Time: 6965 ns  Iteration: 0  Process: /tb_top/u_mon//tb_top/u_mon  Scope: tb_top.u_mon  File: /run/media/sackb/Windows-SSD/Users/sackb/OneDrive/Desktop/University/Course_Work/2025-2026/Spring_2026/ECE_410/ECE410/project/post_m3_Minor_Redesign/tb/tb_top.sv Line: 257

Time: 6975 ns Started: 6965 ns Scope: /tb_top/u_mon File: /run/media/sackb/Windows-SSD/Users/sackb/OneDrive/Desktop/University/Course_Work/2025-2026/Spring_2026/ECE_410/ECE410/project/post_m3_Minor_Redesign/tb/tb_top.sv Line:256
Error: AXI MONITOR: core_C changed while core is idle
Time: 6975 ns  Iteration: 0  Process: /tb_top/u_mon//tb_top/u_mon  Scope: tb_top.u_mon  File: /run/media/sackb/Windows-SSD/Users/sackb/OneDrive/Desktop/University/Course_Work/2025-2026/Spring_2026/ECE_410/ECE410/project/post_m3_Minor_Redesign/tb/tb_top.sv Line: 257

Time: 6985 ns Started: 6975 ns Scope: /tb_top/u_mon File: /run/media/sackb/Windows-SSD/Users/sackb/OneDrive/Desktop/University/Course_Work/2025-2026/Spring_2026/ECE_410/ECE410/project/post_m3_Minor_Redesign/tb/tb_top.sv Line:256
Error: AXI MONITOR: core_C changed while core is idle
Time: 6985 ns  Iteration: 0  Process: /tb_top/u_mon//tb_top/u_mon  Scope: tb_top.u_mon  File: /run/media/sackb/Windows-SSD/Users/sackb/OneDrive/Desktop/University/Course_Work/2025-2026/Spring_2026/ECE_410/ECE410/project/post_m3_Minor_Redesign/tb/tb_top.sv Line: 257

Time: 6995 ns Started: 6985 ns Scope: /tb_top/u_mon File: /run/media/sackb/Windows-SSD/Users/sackb/OneDrive/Desktop/University/Course_Work/2025-2026/Spring_2026/ECE_410/ECE410/project/post_m3_Minor_Redesign/tb/tb_top.sv Line:256
Error: AXI MONITOR: core_C changed while core is idle
Time: 6995 ns  Iteration: 0  Process: /tb_top/u_mon//tb_top/u_mon  Scope: tb_top.u_mon  File: /run/media/sackb/Windows-SSD/Users/sackb/OneDrive/Desktop/University/Course_Work/2025-2026/Spring_2026/ECE_410/ECE410/project/post_m3_Minor_Redesign/tb/tb_top.sv Line: 257

Time: 7005 ns Started: 6995 ns Scope: /tb_top/u_mon File: /run/media/sackb/Windows-SSD/Users/sackb/OneDrive/Desktop/University/Course_Work/2025-2026/Spring_2026/ECE_410/ECE410/project/post_m3_Minor_Redesign/tb/tb_top.sv Line:256
Error: AXI MONITOR: core_C changed while core is idle
Time: 7005 ns  Iteration: 0  Process: /tb_top/u_mon//tb_top/u_mon  Scope: tb_top.u_mon  File: /run/media/sackb/Windows-SSD/Users/sackb/OneDrive/Desktop/University/Course_Work/2025-2026/Spring_2026/ECE_410/ECE410/project/post_m3_Minor_Redesign/tb/tb_top.sv Line: 257

Time: 7015 ns Started: 7005 ns Scope: /tb_top/u_mon File: /run/media/sackb/Windows-SSD/Users/sackb/OneDrive/Desktop/University/Course_Work/2025-2026/Spring_2026/ECE_410/ECE410/project/post_m3_Minor_Redesign/tb/tb_top.sv Line:256
Error: AXI MONITOR: core_C changed while core is idle
Time: 7015 ns  Iteration: 0  Process: /tb_top/u_mon//tb_top/u_mon  Scope: tb_top.u_mon  File: /run/media/sackb/Windows-SSD/Users/sackb/OneDrive/Desktop/University/Course_Work/2025-2026/Spring_2026/ECE_410/ECE410/project/post_m3_Minor_Redesign/tb/tb_top.sv Line: 257

Time: 7025 ns Started: 7015 ns Scope: /tb_top/u_mon File: /run/media/sackb/Windows-SSD/Users/sackb/OneDrive/Desktop/University/Course_Work/2025-2026/Spring_2026/ECE_410/ECE410/project/post_m3_Minor_Redesign/tb/tb_top.sv Line:256
Error: AXI MONITOR: core_C changed while core is idle
Time: 7025 ns  Iteration: 0  Process: /tb_top/u_mon//tb_top/u_mon  Scope: tb_top.u_mon  File: /run/media/sackb/Windows-SSD/Users/sackb/OneDrive/Desktop/University/Course_Work/2025-2026/Spring_2026/ECE_410/ECE410/project/post_m3_Minor_Redesign/tb/tb_top.sv Line: 257

Time: 7035 ns Started: 7025 ns Scope: /tb_top/u_mon File: /run/media/sackb/Windows-SSD/Users/sackb/OneDrive/Desktop/University/Course_Work/2025-2026/Spring_2026/ECE_410/ECE410/project/post_m3_Minor_Redesign/tb/tb_top.sv Line:256
Error: AXI MONITOR: core_C changed while core is idle
Time: 7035 ns  Iteration: 0  Process: /tb_top/u_mon//tb_top/u_mon  Scope: tb_top.u_mon  File: /run/media/sackb/Windows-SSD/Users/sackb/OneDrive/Desktop/University/Course_Work/2025-2026/Spring_2026/ECE_410/ECE410/project/post_m3_Minor_Redesign/tb/tb_top.sv Line: 257

Time: 7045 ns Started: 7035 ns Scope: /tb_top/u_mon File: /run/media/sackb/Windows-SSD/Users/sackb/OneDrive/Desktop/University/Course_Work/2025-2026/Spring_2026/ECE_410/ECE410/project/post_m3_Minor_Redesign/tb/tb_top.sv Line:256
Error: AXI MONITOR: core_C changed while core is idle
Time: 7045 ns  Iteration: 0  Process: /tb_top/u_mon//tb_top/u_mon  Scope: tb_top.u_mon  File: /run/media/sackb/Windows-SSD/Users/sackb/OneDrive/Desktop/University/Course_Work/2025-2026/Spring_2026/ECE_410/ECE410/project/post_m3_Minor_Redesign/tb/tb_top.sv Line: 257

Time: 7055 ns Started: 7045 ns Scope: /tb_top/u_mon File: /run/media/sackb/Windows-SSD/Users/sackb/OneDrive/Desktop/University/Course_Work/2025-2026/Spring_2026/ECE_410/ECE410/project/post_m3_Minor_Redesign/tb/tb_top.sv Line:256
Error: AXI MONITOR: core_C changed while core is idle
Time: 7055 ns  Iteration: 0  Process: /tb_top/u_mon//tb_top/u_mon  Scope: tb_top.u_mon  File: /run/media/sackb/Windows-SSD/Users/sackb/OneDrive/Desktop/University/Course_Work/2025-2026/Spring_2026/ECE_410/ECE410/project/post_m3_Minor_Redesign/tb/tb_top.sv Line: 257

Time: 7065 ns Started: 7055 ns Scope: /tb_top/u_mon File: /run/media/sackb/Windows-SSD/Users/sackb/OneDrive/Desktop/University/Course_Work/2025-2026/Spring_2026/ECE_410/ECE410/project/post_m3_Minor_Redesign/tb/tb_top.sv Line:256
Error: AXI MONITOR: core_C changed while core is idle
Time: 7065 ns  Iteration: 0  Process: /tb_top/u_mon//tb_top/u_mon  Scope: tb_top.u_mon  File: /run/media/sackb/Windows-SSD/Users/sackb/OneDrive/Desktop/University/Course_Work/2025-2026/Spring_2026/ECE_410/ECE410/project/post_m3_Minor_Redesign/tb/tb_top.sv Line: 257

Time: 7075 ns Started: 7065 ns Scope: /tb_top/u_mon File: /run/media/sackb/Windows-SSD/Users/sackb/OneDrive/Desktop/University/Course_Work/2025-2026/Spring_2026/ECE_410/ECE410/project/post_m3_Minor_Redesign/tb/tb_top.sv Line:256
Error: AXI MONITOR: core_C changed while core is idle
Time: 7075 ns  Iteration: 0  Process: /tb_top/u_mon//tb_top/u_mon  Scope: tb_top.u_mon  File: /run/media/sackb/Windows-SSD/Users/sackb/OneDrive/Desktop/University/Course_Work/2025-2026/Spring_2026/ECE_410/ECE410/project/post_m3_Minor_Redesign/tb/tb_top.sv Line: 257

Time: 7085 ns Started: 7075 ns Scope: /tb_top/u_mon File: /run/media/sackb/Windows-SSD/Users/sackb/OneDrive/Desktop/University/Course_Work/2025-2026/Spring_2026/ECE_410/ECE410/project/post_m3_Minor_Redesign/tb/tb_top.sv Line:256
Error: AXI MONITOR: core_C changed while core is idle
Time: 7085 ns  Iteration: 0  Process: /tb_top/u_mon//tb_top/u_mon  Scope: tb_top.u_mon  File: /run/media/sackb/Windows-SSD/Users/sackb/OneDrive/Desktop/University/Course_Work/2025-2026/Spring_2026/ECE_410/ECE410/project/post_m3_Minor_Redesign/tb/tb_top.sv Line: 257

Time: 7095 ns Started: 7085 ns Scope: /tb_top/u_mon File: /run/media/sackb/Windows-SSD/Users/sackb/OneDrive/Desktop/University/Course_Work/2025-2026/Spring_2026/ECE_410/ECE410/project/post_m3_Minor_Redesign/tb/tb_top.sv Line:256
Error: AXI MONITOR: core_C changed while core is idle
Time: 7095 ns  Iteration: 0  Process: /tb_top/u_mon//tb_top/u_mon  Scope: tb_top.u_mon  File: /run/media/sackb/Windows-SSD/Users/sackb/OneDrive/Desktop/University/Course_Work/2025-2026/Spring_2026/ECE_410/ECE410/project/post_m3_Minor_Redesign/tb/tb_top.sv Line: 257

Time: 7105 ns Started: 7095 ns Scope: /tb_top/u_mon File: /run/media/sackb/Windows-SSD/Users/sackb/OneDrive/Desktop/University/Course_Work/2025-2026/Spring_2026/ECE_410/ECE410/project/post_m3_Minor_Redesign/tb/tb_top.sv Line:256
Error: AXI MONITOR: core_C changed while core is idle
Time: 7105 ns  Iteration: 0  Process: /tb_top/u_mon//tb_top/u_mon  Scope: tb_top.u_mon  File: /run/media/sackb/Windows-SSD/Users/sackb/OneDrive/Desktop/University/Course_Work/2025-2026/Spring_2026/ECE_410/ECE410/project/post_m3_Minor_Redesign/tb/tb_top.sv Line: 257

Time: 7115 ns Started: 7105 ns Scope: /tb_top/u_mon File: /run/media/sackb/Windows-SSD/Users/sackb/OneDrive/Desktop/University/Course_Work/2025-2026/Spring_2026/ECE_410/ECE410/project/post_m3_Minor_Redesign/tb/tb_top.sv Line:256
Error: AXI MONITOR: core_C changed while core is idle
Time: 7115 ns  Iteration: 0  Process: /tb_top/u_mon//tb_top/u_mon  Scope: tb_top.u_mon  File: /run/media/sackb/Windows-SSD/Users/sackb/OneDrive/Desktop/University/Course_Work/2025-2026/Spring_2026/ECE_410/ECE410/project/post_m3_Minor_Redesign/tb/tb_top.sv Line: 257

Time: 7125 ns Started: 7115 ns Scope: /tb_top/u_mon File: /run/media/sackb/Windows-SSD/Users/sackb/OneDrive/Desktop/University/Course_Work/2025-2026/Spring_2026/ECE_410/ECE410/project/post_m3_Minor_Redesign/tb/tb_top.sv Line:256
Error: AXI MONITOR: core_C changed while core is idle
Time: 7125 ns  Iteration: 0  Process: /tb_top/u_mon//tb_top/u_mon  Scope: tb_top.u_mon  File: /run/media/sackb/Windows-SSD/Users/sackb/OneDrive/Desktop/University/Course_Work/2025-2026/Spring_2026/ECE_410/ECE410/project/post_m3_Minor_Redesign/tb/tb_top.sv Line: 257

Time: 7135 ns Started: 7125 ns Scope: /tb_top/u_mon File: /run/media/sackb/Windows-SSD/Users/sackb/OneDrive/Desktop/University/Course_Work/2025-2026/Spring_2026/ECE_410/ECE410/project/post_m3_Minor_Redesign/tb/tb_top.sv Line:256
Error: AXI MONITOR: core_C changed while core is idle
Time: 7135 ns  Iteration: 0  Process: /tb_top/u_mon//tb_top/u_mon  Scope: tb_top.u_mon  File: /run/media/sackb/Windows-SSD/Users/sackb/OneDrive/Desktop/University/Course_Work/2025-2026/Spring_2026/ECE_410/ECE410/project/post_m3_Minor_Redesign/tb/tb_top.sv Line: 257

Time: 7145 ns Started: 7135 ns Scope: /tb_top/u_mon File: /run/media/sackb/Windows-SSD/Users/sackb/OneDrive/Desktop/University/Course_Work/2025-2026/Spring_2026/ECE_410/ECE410/project/post_m3_Minor_Redesign/tb/tb_top.sv Line:256
Error: AXI MONITOR: core_C changed while core is idle
Time: 7145 ns  Iteration: 0  Process: /tb_top/u_mon//tb_top/u_mon  Scope: tb_top.u_mon  File: /run/media/sackb/Windows-SSD/Users/sackb/OneDrive/Desktop/University/Course_Work/2025-2026/Spring_2026/ECE_410/ECE410/project/post_m3_Minor_Redesign/tb/tb_top.sv Line: 257

Time: 7155 ns Started: 7145 ns Scope: /tb_top/u_mon File: /run/media/sackb/Windows-SSD/Users/sackb/OneDrive/Desktop/University/Course_Work/2025-2026/Spring_2026/ECE_410/ECE410/project/post_m3_Minor_Redesign/tb/tb_top.sv Line:256
Error: AXI MONITOR: core_C changed while core is idle
Time: 7155 ns  Iteration: 0  Process: /tb_top/u_mon//tb_top/u_mon  Scope: tb_top.u_mon  File: /run/media/sackb/Windows-SSD/Users/sackb/OneDrive/Desktop/University/Course_Work/2025-2026/Spring_2026/ECE_410/ECE410/project/post_m3_Minor_Redesign/tb/tb_top.sv Line: 257

Time: 7165 ns Started: 7155 ns Scope: /tb_top/u_mon File: /run/media/sackb/Windows-SSD/Users/sackb/OneDrive/Desktop/University/Course_Work/2025-2026/Spring_2026/ECE_410/ECE410/project/post_m3_Minor_Redesign/tb/tb_top.sv Line:256
Error: AXI MONITOR: core_C changed while core is idle
Time: 7165 ns  Iteration: 0  Process: /tb_top/u_mon//tb_top/u_mon  Scope: tb_top.u_mon  File: /run/media/sackb/Windows-SSD/Users/sackb/OneDrive/Desktop/University/Course_Work/2025-2026/Spring_2026/ECE_410/ECE410/project/post_m3_Minor_Redesign/tb/tb_top.sv Line: 257

Time: 7175 ns Started: 7165 ns Scope: /tb_top/u_mon File: /run/media/sackb/Windows-SSD/Users/sackb/OneDrive/Desktop/University/Course_Work/2025-2026/Spring_2026/ECE_410/ECE410/project/post_m3_Minor_Redesign/tb/tb_top.sv Line:256
Error: AXI MONITOR: core_C changed while core is idle
Time: 7175 ns  Iteration: 0  Process: /tb_top/u_mon//tb_top/u_mon  Scope: tb_top.u_mon  File: /run/media/sackb/Windows-SSD/Users/sackb/OneDrive/Desktop/University/Course_Work/2025-2026/Spring_2026/ECE_410/ECE410/project/post_m3_Minor_Redesign/tb/tb_top.sv Line: 257

Time: 7185 ns Started: 7175 ns Scope: /tb_top/u_mon File: /run/media/sackb/Windows-SSD/Users/sackb/OneDrive/Desktop/University/Course_Work/2025-2026/Spring_2026/ECE_410/ECE410/project/post_m3_Minor_Redesign/tb/tb_top.sv Line:256
Error: AXI MONITOR: core_C changed while core is idle
Time: 7185 ns  Iteration: 0  Process: /tb_top/u_mon//tb_top/u_mon  Scope: tb_top.u_mon  File: /run/media/sackb/Windows-SSD/Users/sackb/OneDrive/Desktop/University/Course_Work/2025-2026/Spring_2026/ECE_410/ECE410/project/post_m3_Minor_Redesign/tb/tb_top.sv Line: 257

Time: 7195 ns Started: 7185 ns Scope: /tb_top/u_mon File: /run/media/sackb/Windows-SSD/Users/sackb/OneDrive/Desktop/University/Course_Work/2025-2026/Spring_2026/ECE_410/ECE410/project/post_m3_Minor_Redesign/tb/tb_top.sv Line:256
Error: AXI MONITOR: core_C changed while core is idle
Time: 7195 ns  Iteration: 0  Process: /tb_top/u_mon//tb_top/u_mon  Scope: tb_top.u_mon  File: /run/media/sackb/Windows-SSD/Users/sackb/OneDrive/Desktop/University/Course_Work/2025-2026/Spring_2026/ECE_410/ECE410/project/post_m3_Minor_Redesign/tb/tb_top.sv Line: 257

Time: 7205 ns Started: 7195 ns Scope: /tb_top/u_mon File: /run/media/sackb/Windows-SSD/Users/sackb/OneDrive/Desktop/University/Course_Work/2025-2026/Spring_2026/ECE_410/ECE410/project/post_m3_Minor_Redesign/tb/tb_top.sv Line:256
Error: AXI MONITOR: core_C changed while core is idle
Time: 7205 ns  Iteration: 0  Process: /tb_top/u_mon//tb_top/u_mon  Scope: tb_top.u_mon  File: /run/media/sackb/Windows-SSD/Users/sackb/OneDrive/Desktop/University/Course_Work/2025-2026/Spring_2026/ECE_410/ECE410/project/post_m3_Minor_Redesign/tb/tb_top.sv Line: 257

Time: 7215 ns Started: 7205 ns Scope: /tb_top/u_mon File: /run/media/sackb/Windows-SSD/Users/sackb/OneDrive/Desktop/University/Course_Work/2025-2026/Spring_2026/ECE_410/ECE410/project/post_m3_Minor_Redesign/tb/tb_top.sv Line:256
Error: AXI MONITOR: core_C changed while core is idle
Time: 7215 ns  Iteration: 0  Process: /tb_top/u_mon//tb_top/u_mon  Scope: tb_top.u_mon  File: /run/media/sackb/Windows-SSD/Users/sackb/OneDrive/Desktop/University/Course_Work/2025-2026/Spring_2026/ECE_410/ECE410/project/post_m3_Minor_Redesign/tb/tb_top.sv Line: 257

Time: 7225 ns Started: 7215 ns Scope: /tb_top/u_mon File: /run/media/sackb/Windows-SSD/Users/sackb/OneDrive/Desktop/University/Course_Work/2025-2026/Spring_2026/ECE_410/ECE410/project/post_m3_Minor_Redesign/tb/tb_top.sv Line:256
Error: AXI MONITOR: core_C changed while core is idle
Time: 7225 ns  Iteration: 0  Process: /tb_top/u_mon//tb_top/u_mon  Scope: tb_top.u_mon  File: /run/media/sackb/Windows-SSD/Users/sackb/OneDrive/Desktop/University/Course_Work/2025-2026/Spring_2026/ECE_410/ECE410/project/post_m3_Minor_Redesign/tb/tb_top.sv Line: 257

Time: 7235 ns Started: 7225 ns Scope: /tb_top/u_mon File: /run/media/sackb/Windows-SSD/Users/sackb/OneDrive/Desktop/University/Course_Work/2025-2026/Spring_2026/ECE_410/ECE410/project/post_m3_Minor_Redesign/tb/tb_top.sv Line:256
Error: AXI MONITOR: core_C changed while core is idle
Time: 7235 ns  Iteration: 0  Process: /tb_top/u_mon//tb_top/u_mon  Scope: tb_top.u_mon  File: /run/media/sackb/Windows-SSD/Users/sackb/OneDrive/Desktop/University/Course_Work/2025-2026/Spring_2026/ECE_410/ECE410/project/post_m3_Minor_Redesign/tb/tb_top.sv Line: 257

Time: 7245 ns Started: 7235 ns Scope: /tb_top/u_mon File: /run/media/sackb/Windows-SSD/Users/sackb/OneDrive/Desktop/University/Course_Work/2025-2026/Spring_2026/ECE_410/ECE410/project/post_m3_Minor_Redesign/tb/tb_top.sv Line:256
Error: AXI MONITOR: core_C changed while core is idle
Time: 7245 ns  Iteration: 0  Process: /tb_top/u_mon//tb_top/u_mon  Scope: tb_top.u_mon  File: /run/media/sackb/Windows-SSD/Users/sackb/OneDrive/Desktop/University/Course_Work/2025-2026/Spring_2026/ECE_410/ECE410/project/post_m3_Minor_Redesign/tb/tb_top.sv Line: 257

Time: 7695 ns Started: 7685 ns Scope: /tb_top/u_mon File: /run/media/sackb/Windows-SSD/Users/sackb/OneDrive/Desktop/University/Course_Work/2025-2026/Spring_2026/ECE_410/ECE410/project/post_m3_Minor_Redesign/tb/tb_top.sv Line:256
Error: AXI MONITOR: core_C changed while core is idle
Time: 7695 ns  Iteration: 0  Process: /tb_top/u_mon//tb_top/u_mon  Scope: tb_top.u_mon  File: /run/media/sackb/Windows-SSD/Users/sackb/OneDrive/Desktop/University/Course_Work/2025-2026/Spring_2026/ECE_410/ECE410/project/post_m3_Minor_Redesign/tb/tb_top.sv Line: 257

Time: 7705 ns Started: 7695 ns Scope: /tb_top/u_mon File: /run/media/sackb/Windows-SSD/Users/sackb/OneDrive/Desktop/University/Course_Work/2025-2026/Spring_2026/ECE_410/ECE410/project/post_m3_Minor_Redesign/tb/tb_top.sv Line:256
Error: AXI MONITOR: core_C changed while core is idle
Time: 7705 ns  Iteration: 0  Process: /tb_top/u_mon//tb_top/u_mon  Scope: tb_top.u_mon  File: /run/media/sackb/Windows-SSD/Users/sackb/OneDrive/Desktop/University/Course_Work/2025-2026/Spring_2026/ECE_410/ECE410/project/post_m3_Minor_Redesign/tb/tb_top.sv Line: 257

Time: 7715 ns Started: 7705 ns Scope: /tb_top/u_mon File: /run/media/sackb/Windows-SSD/Users/sackb/OneDrive/Desktop/University/Course_Work/2025-2026/Spring_2026/ECE_410/ECE410/project/post_m3_Minor_Redesign/tb/tb_top.sv Line:256
Error: AXI MONITOR: core_C changed while core is idle
Time: 7715 ns  Iteration: 0  Process: /tb_top/u_mon//tb_top/u_mon  Scope: tb_top.u_mon  File: /run/media/sackb/Windows-SSD/Users/sackb/OneDrive/Desktop/University/Course_Work/2025-2026/Spring_2026/ECE_410/ECE410/project/post_m3_Minor_Redesign/tb/tb_top.sv Line: 257

Time: 7725 ns Started: 7715 ns Scope: /tb_top/u_mon File: /run/media/sackb/Windows-SSD/Users/sackb/OneDrive/Desktop/University/Course_Work/2025-2026/Spring_2026/ECE_410/ECE410/project/post_m3_Minor_Redesign/tb/tb_top.sv Line:256
Error: AXI MONITOR: core_C changed while core is idle
Time: 7725 ns  Iteration: 0  Process: /tb_top/u_mon//tb_top/u_mon  Scope: tb_top.u_mon  File: /run/media/sackb/Windows-SSD/Users/sackb/OneDrive/Desktop/University/Course_Work/2025-2026/Spring_2026/ECE_410/ECE410/project/post_m3_Minor_Redesign/tb/tb_top.sv Line: 257

Time: 7735 ns Started: 7725 ns Scope: /tb_top/u_mon File: /run/media/sackb/Windows-SSD/Users/sackb/OneDrive/Desktop/University/Course_Work/2025-2026/Spring_2026/ECE_410/ECE410/project/post_m3_Minor_Redesign/tb/tb_top.sv Line:256
Error: AXI MONITOR: core_C changed while core is idle
Time: 7735 ns  Iteration: 0  Process: /tb_top/u_mon//tb_top/u_mon  Scope: tb_top.u_mon  File: /run/media/sackb/Windows-SSD/Users/sackb/OneDrive/Desktop/University/Course_Work/2025-2026/Spring_2026/ECE_410/ECE410/project/post_m3_Minor_Redesign/tb/tb_top.sv Line: 257

Time: 7745 ns Started: 7735 ns Scope: /tb_top/u_mon File: /run/media/sackb/Windows-SSD/Users/sackb/OneDrive/Desktop/University/Course_Work/2025-2026/Spring_2026/ECE_410/ECE410/project/post_m3_Minor_Redesign/tb/tb_top.sv Line:256
Error: AXI MONITOR: core_C changed while core is idle
Time: 7745 ns  Iteration: 0  Process: /tb_top/u_mon//tb_top/u_mon  Scope: tb_top.u_mon  File: /run/media/sackb/Windows-SSD/Users/sackb/OneDrive/Desktop/University/Course_Work/2025-2026/Spring_2026/ECE_410/ECE410/project/post_m3_Minor_Redesign/tb/tb_top.sv Line: 257

Time: 7755 ns Started: 7745 ns Scope: /tb_top/u_mon File: /run/media/sackb/Windows-SSD/Users/sackb/OneDrive/Desktop/University/Course_Work/2025-2026/Spring_2026/ECE_410/ECE410/project/post_m3_Minor_Redesign/tb/tb_top.sv Line:256
Error: AXI MONITOR: core_C changed while core is idle
Time: 7755 ns  Iteration: 0  Process: /tb_top/u_mon//tb_top/u_mon  Scope: tb_top.u_mon  File: /run/media/sackb/Windows-SSD/Users/sackb/OneDrive/Desktop/University/Course_Work/2025-2026/Spring_2026/ECE_410/ECE410/project/post_m3_Minor_Redesign/tb/tb_top.sv Line: 257

Time: 7765 ns Started: 7755 ns Scope: /tb_top/u_mon File: /run/media/sackb/Windows-SSD/Users/sackb/OneDrive/Desktop/University/Course_Work/2025-2026/Spring_2026/ECE_410/ECE410/project/post_m3_Minor_Redesign/tb/tb_top.sv Line:256
Error: AXI MONITOR: core_C changed while core is idle
Time: 7765 ns  Iteration: 0  Process: /tb_top/u_mon//tb_top/u_mon  Scope: tb_top.u_mon  File: /run/media/sackb/Windows-SSD/Users/sackb/OneDrive/Desktop/University/Course_Work/2025-2026/Spring_2026/ECE_410/ECE410/project/post_m3_Minor_Redesign/tb/tb_top.sv Line: 257

Time: 7775 ns Started: 7765 ns Scope: /tb_top/u_mon File: /run/media/sackb/Windows-SSD/Users/sackb/OneDrive/Desktop/University/Course_Work/2025-2026/Spring_2026/ECE_410/ECE410/project/post_m3_Minor_Redesign/tb/tb_top.sv Line:256
Error: AXI MONITOR: core_C changed while core is idle
Time: 7775 ns  Iteration: 0  Process: /tb_top/u_mon//tb_top/u_mon  Scope: tb_top.u_mon  File: /run/media/sackb/Windows-SSD/Users/sackb/OneDrive/Desktop/University/Course_Work/2025-2026/Spring_2026/ECE_410/ECE410/project/post_m3_Minor_Redesign/tb/tb_top.sv Line: 257

Time: 7785 ns Started: 7775 ns Scope: /tb_top/u_mon File: /run/media/sackb/Windows-SSD/Users/sackb/OneDrive/Desktop/University/Course_Work/2025-2026/Spring_2026/ECE_410/ECE410/project/post_m3_Minor_Redesign/tb/tb_top.sv Line:256
Error: AXI MONITOR: core_C changed while core is idle
Time: 7785 ns  Iteration: 0  Process: /tb_top/u_mon//tb_top/u_mon  Scope: tb_top.u_mon  File: /run/media/sackb/Windows-SSD/Users/sackb/OneDrive/Desktop/University/Course_Work/2025-2026/Spring_2026/ECE_410/ECE410/project/post_m3_Minor_Redesign/tb/tb_top.sv Line: 257

Time: 7795 ns Started: 7785 ns Scope: /tb_top/u_mon File: /run/media/sackb/Windows-SSD/Users/sackb/OneDrive/Desktop/University/Course_Work/2025-2026/Spring_2026/ECE_410/ECE410/project/post_m3_Minor_Redesign/tb/tb_top.sv Line:256
Error: AXI MONITOR: core_C changed while core is idle
Time: 7795 ns  Iteration: 0  Process: /tb_top/u_mon//tb_top/u_mon  Scope: tb_top.u_mon  File: /run/media/sackb/Windows-SSD/Users/sackb/OneDrive/Desktop/University/Course_Work/2025-2026/Spring_2026/ECE_410/ECE410/project/post_m3_Minor_Redesign/tb/tb_top.sv Line: 257

Time: 7805 ns Started: 7795 ns Scope: /tb_top/u_mon File: /run/media/sackb/Windows-SSD/Users/sackb/OneDrive/Desktop/University/Course_Work/2025-2026/Spring_2026/ECE_410/ECE410/project/post_m3_Minor_Redesign/tb/tb_top.sv Line:256
Error: AXI MONITOR: core_C changed while core is idle
Time: 7805 ns  Iteration: 0  Process: /tb_top/u_mon//tb_top/u_mon  Scope: tb_top.u_mon  File: /run/media/sackb/Windows-SSD/Users/sackb/OneDrive/Desktop/University/Course_Work/2025-2026/Spring_2026/ECE_410/ECE410/project/post_m3_Minor_Redesign/tb/tb_top.sv Line: 257

Time: 7815 ns Started: 7805 ns Scope: /tb_top/u_mon File: /run/media/sackb/Windows-SSD/Users/sackb/OneDrive/Desktop/University/Course_Work/2025-2026/Spring_2026/ECE_410/ECE410/project/post_m3_Minor_Redesign/tb/tb_top.sv Line:256
Error: AXI MONITOR: core_C changed while core is idle
Time: 7815 ns  Iteration: 0  Process: /tb_top/u_mon//tb_top/u_mon  Scope: tb_top.u_mon  File: /run/media/sackb/Windows-SSD/Users/sackb/OneDrive/Desktop/University/Course_Work/2025-2026/Spring_2026/ECE_410/ECE410/project/post_m3_Minor_Redesign/tb/tb_top.sv Line: 257

Time: 7825 ns Started: 7815 ns Scope: /tb_top/u_mon File: /run/media/sackb/Windows-SSD/Users/sackb/OneDrive/Desktop/University/Course_Work/2025-2026/Spring_2026/ECE_410/ECE410/project/post_m3_Minor_Redesign/tb/tb_top.sv Line:256
Error: AXI MONITOR: core_C changed while core is idle
Time: 7825 ns  Iteration: 0  Process: /tb_top/u_mon//tb_top/u_mon  Scope: tb_top.u_mon  File: /run/media/sackb/Windows-SSD/Users/sackb/OneDrive/Desktop/University/Course_Work/2025-2026/Spring_2026/ECE_410/ECE410/project/post_m3_Minor_Redesign/tb/tb_top.sv Line: 257

Time: 7835 ns Started: 7825 ns Scope: /tb_top/u_mon File: /run/media/sackb/Windows-SSD/Users/sackb/OneDrive/Desktop/University/Course_Work/2025-2026/Spring_2026/ECE_410/ECE410/project/post_m3_Minor_Redesign/tb/tb_top.sv Line:256
Error: AXI MONITOR: core_C changed while core is idle
Time: 7835 ns  Iteration: 0  Process: /tb_top/u_mon//tb_top/u_mon  Scope: tb_top.u_mon  File: /run/media/sackb/Windows-SSD/Users/sackb/OneDrive/Desktop/University/Course_Work/2025-2026/Spring_2026/ECE_410/ECE410/project/post_m3_Minor_Redesign/tb/tb_top.sv Line: 257

Time: 7845 ns Started: 7835 ns Scope: /tb_top/u_mon File: /run/media/sackb/Windows-SSD/Users/sackb/OneDrive/Desktop/University/Course_Work/2025-2026/Spring_2026/ECE_410/ECE410/project/post_m3_Minor_Redesign/tb/tb_top.sv Line:256
Error: AXI MONITOR: core_C changed while core is idle
Time: 7845 ns  Iteration: 0  Process: /tb_top/u_mon//tb_top/u_mon  Scope: tb_top.u_mon  File: /run/media/sackb/Windows-SSD/Users/sackb/OneDrive/Desktop/University/Course_Work/2025-2026/Spring_2026/ECE_410/ECE410/project/post_m3_Minor_Redesign/tb/tb_top.sv Line: 257

Time: 7855 ns Started: 7845 ns Scope: /tb_top/u_mon File: /run/media/sackb/Windows-SSD/Users/sackb/OneDrive/Desktop/University/Course_Work/2025-2026/Spring_2026/ECE_410/ECE410/project/post_m3_Minor_Redesign/tb/tb_top.sv Line:256
Error: AXI MONITOR: core_C changed while core is idle
Time: 7855 ns  Iteration: 0  Process: /tb_top/u_mon//tb_top/u_mon  Scope: tb_top.u_mon  File: /run/media/sackb/Windows-SSD/Users/sackb/OneDrive/Desktop/University/Course_Work/2025-2026/Spring_2026/ECE_410/ECE410/project/post_m3_Minor_Redesign/tb/tb_top.sv Line: 257

Time: 7865 ns Started: 7855 ns Scope: /tb_top/u_mon File: /run/media/sackb/Windows-SSD/Users/sackb/OneDrive/Desktop/University/Course_Work/2025-2026/Spring_2026/ECE_410/ECE410/project/post_m3_Minor_Redesign/tb/tb_top.sv Line:256
Error: AXI MONITOR: core_C changed while core is idle
Time: 7865 ns  Iteration: 0  Process: /tb_top/u_mon//tb_top/u_mon  Scope: tb_top.u_mon  File: /run/media/sackb/Windows-SSD/Users/sackb/OneDrive/Desktop/University/Course_Work/2025-2026/Spring_2026/ECE_410/ECE410/project/post_m3_Minor_Redesign/tb/tb_top.sv Line: 257

Time: 7875 ns Started: 7865 ns Scope: /tb_top/u_mon File: /run/media/sackb/Windows-SSD/Users/sackb/OneDrive/Desktop/University/Course_Work/2025-2026/Spring_2026/ECE_410/ECE410/project/post_m3_Minor_Redesign/tb/tb_top.sv Line:256
Error: AXI MONITOR: core_C changed while core is idle
Time: 7875 ns  Iteration: 0  Process: /tb_top/u_mon//tb_top/u_mon  Scope: tb_top.u_mon  File: /run/media/sackb/Windows-SSD/Users/sackb/OneDrive/Desktop/University/Course_Work/2025-2026/Spring_2026/ECE_410/ECE410/project/post_m3_Minor_Redesign/tb/tb_top.sv Line: 257

Time: 7885 ns Started: 7875 ns Scope: /tb_top/u_mon File: /run/media/sackb/Windows-SSD/Users/sackb/OneDrive/Desktop/University/Course_Work/2025-2026/Spring_2026/ECE_410/ECE410/project/post_m3_Minor_Redesign/tb/tb_top.sv Line:256
Error: AXI MONITOR: core_C changed while core is idle
Time: 7885 ns  Iteration: 0  Process: /tb_top/u_mon//tb_top/u_mon  Scope: tb_top.u_mon  File: /run/media/sackb/Windows-SSD/Users/sackb/OneDrive/Desktop/University/Course_Work/2025-2026/Spring_2026/ECE_410/ECE410/project/post_m3_Minor_Redesign/tb/tb_top.sv Line: 257

Time: 7895 ns Started: 7885 ns Scope: /tb_top/u_mon File: /run/media/sackb/Windows-SSD/Users/sackb/OneDrive/Desktop/University/Course_Work/2025-2026/Spring_2026/ECE_410/ECE410/project/post_m3_Minor_Redesign/tb/tb_top.sv Line:256
Error: AXI MONITOR: core_C changed while core is idle
Time: 7895 ns  Iteration: 0  Process: /tb_top/u_mon//tb_top/u_mon  Scope: tb_top.u_mon  File: /run/media/sackb/Windows-SSD/Users/sackb/OneDrive/Desktop/University/Course_Work/2025-2026/Spring_2026/ECE_410/ECE410/project/post_m3_Minor_Redesign/tb/tb_top.sv Line: 257

Time: 7905 ns Started: 7895 ns Scope: /tb_top/u_mon File: /run/media/sackb/Windows-SSD/Users/sackb/OneDrive/Desktop/University/Course_Work/2025-2026/Spring_2026/ECE_410/ECE410/project/post_m3_Minor_Redesign/tb/tb_top.sv Line:256
Error: AXI MONITOR: core_C changed while core is idle
Time: 7905 ns  Iteration: 0  Process: /tb_top/u_mon//tb_top/u_mon  Scope: tb_top.u_mon  File: /run/media/sackb/Windows-SSD/Users/sackb/OneDrive/Desktop/University/Course_Work/2025-2026/Spring_2026/ECE_410/ECE410/project/post_m3_Minor_Redesign/tb/tb_top.sv Line: 257

Time: 7915 ns Started: 7905 ns Scope: /tb_top/u_mon File: /run/media/sackb/Windows-SSD/Users/sackb/OneDrive/Desktop/University/Course_Work/2025-2026/Spring_2026/ECE_410/ECE410/project/post_m3_Minor_Redesign/tb/tb_top.sv Line:256
Error: AXI MONITOR: core_C changed while core is idle
Time: 7915 ns  Iteration: 0  Process: /tb_top/u_mon//tb_top/u_mon  Scope: tb_top.u_mon  File: /run/media/sackb/Windows-SSD/Users/sackb/OneDrive/Desktop/University/Course_Work/2025-2026/Spring_2026/ECE_410/ECE410/project/post_m3_Minor_Redesign/tb/tb_top.sv Line: 257

Time: 7925 ns Started: 7915 ns Scope: /tb_top/u_mon File: /run/media/sackb/Windows-SSD/Users/sackb/OneDrive/Desktop/University/Course_Work/2025-2026/Spring_2026/ECE_410/ECE410/project/post_m3_Minor_Redesign/tb/tb_top.sv Line:256
Error: AXI MONITOR: core_C changed while core is idle
Time: 7925 ns  Iteration: 0  Process: /tb_top/u_mon//tb_top/u_mon  Scope: tb_top.u_mon  File: /run/media/sackb/Windows-SSD/Users/sackb/OneDrive/Desktop/University/Course_Work/2025-2026/Spring_2026/ECE_410/ECE410/project/post_m3_Minor_Redesign/tb/tb_top.sv Line: 257

Time: 7935 ns Started: 7925 ns Scope: /tb_top/u_mon File: /run/media/sackb/Windows-SSD/Users/sackb/OneDrive/Desktop/University/Course_Work/2025-2026/Spring_2026/ECE_410/ECE410/project/post_m3_Minor_Redesign/tb/tb_top.sv Line:256
Error: AXI MONITOR: core_C changed while core is idle
Time: 7935 ns  Iteration: 0  Process: /tb_top/u_mon//tb_top/u_mon  Scope: tb_top.u_mon  File: /run/media/sackb/Windows-SSD/Users/sackb/OneDrive/Desktop/University/Course_Work/2025-2026/Spring_2026/ECE_410/ECE410/project/post_m3_Minor_Redesign/tb/tb_top.sv Line: 257

Time: 7945 ns Started: 7935 ns Scope: /tb_top/u_mon File: /run/media/sackb/Windows-SSD/Users/sackb/OneDrive/Desktop/University/Course_Work/2025-2026/Spring_2026/ECE_410/ECE410/project/post_m3_Minor_Redesign/tb/tb_top.sv Line:256
Error: AXI MONITOR: core_C changed while core is idle
Time: 7945 ns  Iteration: 0  Process: /tb_top/u_mon//tb_top/u_mon  Scope: tb_top.u_mon  File: /run/media/sackb/Windows-SSD/Users/sackb/OneDrive/Desktop/University/Course_Work/2025-2026/Spring_2026/ECE_410/ECE410/project/post_m3_Minor_Redesign/tb/tb_top.sv Line: 257

Time: 7955 ns Started: 7945 ns Scope: /tb_top/u_mon File: /run/media/sackb/Windows-SSD/Users/sackb/OneDrive/Desktop/University/Course_Work/2025-2026/Spring_2026/ECE_410/ECE410/project/post_m3_Minor_Redesign/tb/tb_top.sv Line:256
Error: AXI MONITOR: core_C changed while core is idle
Time: 7955 ns  Iteration: 0  Process: /tb_top/u_mon//tb_top/u_mon  Scope: tb_top.u_mon  File: /run/media/sackb/Windows-SSD/Users/sackb/OneDrive/Desktop/University/Course_Work/2025-2026/Spring_2026/ECE_410/ECE410/project/post_m3_Minor_Redesign/tb/tb_top.sv Line: 257

Time: 7965 ns Started: 7955 ns Scope: /tb_top/u_mon File: /run/media/sackb/Windows-SSD/Users/sackb/OneDrive/Desktop/University/Course_Work/2025-2026/Spring_2026/ECE_410/ECE410/project/post_m3_Minor_Redesign/tb/tb_top.sv Line:256
Error: AXI MONITOR: core_C changed while core is idle
Time: 7965 ns  Iteration: 0  Process: /tb_top/u_mon//tb_top/u_mon  Scope: tb_top.u_mon  File: /run/media/sackb/Windows-SSD/Users/sackb/OneDrive/Desktop/University/Course_Work/2025-2026/Spring_2026/ECE_410/ECE410/project/post_m3_Minor_Redesign/tb/tb_top.sv Line: 257

Time: 7975 ns Started: 7965 ns Scope: /tb_top/u_mon File: /run/media/sackb/Windows-SSD/Users/sackb/OneDrive/Desktop/University/Course_Work/2025-2026/Spring_2026/ECE_410/ECE410/project/post_m3_Minor_Redesign/tb/tb_top.sv Line:256
Error: AXI MONITOR: core_C changed while core is idle
Time: 7975 ns  Iteration: 0  Process: /tb_top/u_mon//tb_top/u_mon  Scope: tb_top.u_mon  File: /run/media/sackb/Windows-SSD/Users/sackb/OneDrive/Desktop/University/Course_Work/2025-2026/Spring_2026/ECE_410/ECE410/project/post_m3_Minor_Redesign/tb/tb_top.sv Line: 257

Time: 7985 ns Started: 7975 ns Scope: /tb_top/u_mon File: /run/media/sackb/Windows-SSD/Users/sackb/OneDrive/Desktop/University/Course_Work/2025-2026/Spring_2026/ECE_410/ECE410/project/post_m3_Minor_Redesign/tb/tb_top.sv Line:256
Error: AXI MONITOR: core_C changed while core is idle
Time: 7985 ns  Iteration: 0  Process: /tb_top/u_mon//tb_top/u_mon  Scope: tb_top.u_mon  File: /run/media/sackb/Windows-SSD/Users/sackb/OneDrive/Desktop/University/Course_Work/2025-2026/Spring_2026/ECE_410/ECE410/project/post_m3_Minor_Redesign/tb/tb_top.sv Line: 257

Time: 7995 ns Started: 7985 ns Scope: /tb_top/u_mon File: /run/media/sackb/Windows-SSD/Users/sackb/OneDrive/Desktop/University/Course_Work/2025-2026/Spring_2026/ECE_410/ECE410/project/post_m3_Minor_Redesign/tb/tb_top.sv Line:256
Error: AXI MONITOR: core_C changed while core is idle
Time: 7995 ns  Iteration: 0  Process: /tb_top/u_mon//tb_top/u_mon  Scope: tb_top.u_mon  File: /run/media/sackb/Windows-SSD/Users/sackb/OneDrive/Desktop/University/Course_Work/2025-2026/Spring_2026/ECE_410/ECE410/project/post_m3_Minor_Redesign/tb/tb_top.sv Line: 257

Time: 8005 ns Started: 7995 ns Scope: /tb_top/u_mon File: /run/media/sackb/Windows-SSD/Users/sackb/OneDrive/Desktop/University/Course_Work/2025-2026/Spring_2026/ECE_410/ECE410/project/post_m3_Minor_Redesign/tb/tb_top.sv Line:256
Error: AXI MONITOR: core_C changed while core is idle
Time: 8005 ns  Iteration: 0  Process: /tb_top/u_mon//tb_top/u_mon  Scope: tb_top.u_mon  File: /run/media/sackb/Windows-SSD/Users/sackb/OneDrive/Desktop/University/Course_Work/2025-2026/Spring_2026/ECE_410/ECE410/project/post_m3_Minor_Redesign/tb/tb_top.sv Line: 257

Time: 8015 ns Started: 8005 ns Scope: /tb_top/u_mon File: /run/media/sackb/Windows-SSD/Users/sackb/OneDrive/Desktop/University/Course_Work/2025-2026/Spring_2026/ECE_410/ECE410/project/post_m3_Minor_Redesign/tb/tb_top.sv Line:256
Error: AXI MONITOR: core_C changed while core is idle
Time: 8015 ns  Iteration: 0  Process: /tb_top/u_mon//tb_top/u_mon  Scope: tb_top.u_mon  File: /run/media/sackb/Windows-SSD/Users/sackb/OneDrive/Desktop/University/Course_Work/2025-2026/Spring_2026/ECE_410/ECE410/project/post_m3_Minor_Redesign/tb/tb_top.sv Line: 257

Time: 8025 ns Started: 8015 ns Scope: /tb_top/u_mon File: /run/media/sackb/Windows-SSD/Users/sackb/OneDrive/Desktop/University/Course_Work/2025-2026/Spring_2026/ECE_410/ECE410/project/post_m3_Minor_Redesign/tb/tb_top.sv Line:256
Error: AXI MONITOR: core_C changed while core is idle
Time: 8025 ns  Iteration: 0  Process: /tb_top/u_mon//tb_top/u_mon  Scope: tb_top.u_mon  File: /run/media/sackb/Windows-SSD/Users/sackb/OneDrive/Desktop/University/Course_Work/2025-2026/Spring_2026/ECE_410/ECE410/project/post_m3_Minor_Redesign/tb/tb_top.sv Line: 257

Time: 8035 ns Started: 8025 ns Scope: /tb_top/u_mon File: /run/media/sackb/Windows-SSD/Users/sackb/OneDrive/Desktop/University/Course_Work/2025-2026/Spring_2026/ECE_410/ECE410/project/post_m3_Minor_Redesign/tb/tb_top.sv Line:256
Error: AXI MONITOR: core_C changed while core is idle
Time: 8035 ns  Iteration: 0  Process: /tb_top/u_mon//tb_top/u_mon  Scope: tb_top.u_mon  File: /run/media/sackb/Windows-SSD/Users/sackb/OneDrive/Desktop/University/Course_Work/2025-2026/Spring_2026/ECE_410/ECE410/project/post_m3_Minor_Redesign/tb/tb_top.sv Line: 257

Time: 8045 ns Started: 8035 ns Scope: /tb_top/u_mon File: /run/media/sackb/Windows-SSD/Users/sackb/OneDrive/Desktop/University/Course_Work/2025-2026/Spring_2026/ECE_410/ECE410/project/post_m3_Minor_Redesign/tb/tb_top.sv Line:256
Error: AXI MONITOR: core_C changed while core is idle
Time: 8045 ns  Iteration: 0  Process: /tb_top/u_mon//tb_top/u_mon  Scope: tb_top.u_mon  File: /run/media/sackb/Windows-SSD/Users/sackb/OneDrive/Desktop/University/Course_Work/2025-2026/Spring_2026/ECE_410/ECE410/project/post_m3_Minor_Redesign/tb/tb_top.sv Line: 257

Time: 8055 ns Started: 8045 ns Scope: /tb_top/u_mon File: /run/media/sackb/Windows-SSD/Users/sackb/OneDrive/Desktop/University/Course_Work/2025-2026/Spring_2026/ECE_410/ECE410/project/post_m3_Minor_Redesign/tb/tb_top.sv Line:256
Error: AXI MONITOR: core_C changed while core is idle
Time: 8055 ns  Iteration: 0  Process: /tb_top/u_mon//tb_top/u_mon  Scope: tb_top.u_mon  File: /run/media/sackb/Windows-SSD/Users/sackb/OneDrive/Desktop/University/Course_Work/2025-2026/Spring_2026/ECE_410/ECE410/project/post_m3_Minor_Redesign/tb/tb_top.sv Line: 257
TB_TOP: Iteration 4 complete
TB_TOP: Starting iteration 5

Time: 8065 ns Started: 8055 ns Scope: /tb_top/u_mon File: /run/media/sackb/Windows-SSD/Users/sackb/OneDrive/Desktop/University/Course_Work/2025-2026/Spring_2026/ECE_410/ECE410/project/post_m3_Minor_Redesign/tb/tb_top.sv Line:256
Error: AXI MONITOR: core_C changed while core is idle
Time: 8065 ns  Iteration: 0  Process: /tb_top/u_mon//tb_top/u_mon  Scope: tb_top.u_mon  File: /run/media/sackb/Windows-SSD/Users/sackb/OneDrive/Desktop/University/Course_Work/2025-2026/Spring_2026/ECE_410/ECE410/project/post_m3_Minor_Redesign/tb/tb_top.sv Line: 257

Time: 8075 ns Started: 8065 ns Scope: /tb_top/u_mon File: /run/media/sackb/Windows-SSD/Users/sackb/OneDrive/Desktop/University/Course_Work/2025-2026/Spring_2026/ECE_410/ECE410/project/post_m3_Minor_Redesign/tb/tb_top.sv Line:256
Error: AXI MONITOR: core_C changed while core is idle
Time: 8075 ns  Iteration: 0  Process: /tb_top/u_mon//tb_top/u_mon  Scope: tb_top.u_mon  File: /run/media/sackb/Windows-SSD/Users/sackb/OneDrive/Desktop/University/Course_Work/2025-2026/Spring_2026/ECE_410/ECE410/project/post_m3_Minor_Redesign/tb/tb_top.sv Line: 257

Time: 8085 ns Started: 8075 ns Scope: /tb_top/u_mon File: /run/media/sackb/Windows-SSD/Users/sackb/OneDrive/Desktop/University/Course_Work/2025-2026/Spring_2026/ECE_410/ECE410/project/post_m3_Minor_Redesign/tb/tb_top.sv Line:256
Error: AXI MONITOR: core_C changed while core is idle
Time: 8085 ns  Iteration: 0  Process: /tb_top/u_mon//tb_top/u_mon  Scope: tb_top.u_mon  File: /run/media/sackb/Windows-SSD/Users/sackb/OneDrive/Desktop/University/Course_Work/2025-2026/Spring_2026/ECE_410/ECE410/project/post_m3_Minor_Redesign/tb/tb_top.sv Line: 257

Time: 8095 ns Started: 8085 ns Scope: /tb_top/u_mon File: /run/media/sackb/Windows-SSD/Users/sackb/OneDrive/Desktop/University/Course_Work/2025-2026/Spring_2026/ECE_410/ECE410/project/post_m3_Minor_Redesign/tb/tb_top.sv Line:256
Error: AXI MONITOR: core_C changed while core is idle
Time: 8095 ns  Iteration: 0  Process: /tb_top/u_mon//tb_top/u_mon  Scope: tb_top.u_mon  File: /run/media/sackb/Windows-SSD/Users/sackb/OneDrive/Desktop/University/Course_Work/2025-2026/Spring_2026/ECE_410/ECE410/project/post_m3_Minor_Redesign/tb/tb_top.sv Line: 257

Time: 8105 ns Started: 8095 ns Scope: /tb_top/u_mon File: /run/media/sackb/Windows-SSD/Users/sackb/OneDrive/Desktop/University/Course_Work/2025-2026/Spring_2026/ECE_410/ECE410/project/post_m3_Minor_Redesign/tb/tb_top.sv Line:256
Error: AXI MONITOR: core_C changed while core is idle
Time: 8105 ns  Iteration: 0  Process: /tb_top/u_mon//tb_top/u_mon  Scope: tb_top.u_mon  File: /run/media/sackb/Windows-SSD/Users/sackb/OneDrive/Desktop/University/Course_Work/2025-2026/Spring_2026/ECE_410/ECE410/project/post_m3_Minor_Redesign/tb/tb_top.sv Line: 257

Time: 8115 ns Started: 8105 ns Scope: /tb_top/u_mon File: /run/media/sackb/Windows-SSD/Users/sackb/OneDrive/Desktop/University/Course_Work/2025-2026/Spring_2026/ECE_410/ECE410/project/post_m3_Minor_Redesign/tb/tb_top.sv Line:256
Error: AXI MONITOR: core_C changed while core is idle
Time: 8115 ns  Iteration: 0  Process: /tb_top/u_mon//tb_top/u_mon  Scope: tb_top.u_mon  File: /run/media/sackb/Windows-SSD/Users/sackb/OneDrive/Desktop/University/Course_Work/2025-2026/Spring_2026/ECE_410/ECE410/project/post_m3_Minor_Redesign/tb/tb_top.sv Line: 257

Time: 8125 ns Started: 8115 ns Scope: /tb_top/u_mon File: /run/media/sackb/Windows-SSD/Users/sackb/OneDrive/Desktop/University/Course_Work/2025-2026/Spring_2026/ECE_410/ECE410/project/post_m3_Minor_Redesign/tb/tb_top.sv Line:256
Error: AXI MONITOR: core_C changed while core is idle
Time: 8125 ns  Iteration: 0  Process: /tb_top/u_mon//tb_top/u_mon  Scope: tb_top.u_mon  File: /run/media/sackb/Windows-SSD/Users/sackb/OneDrive/Desktop/University/Course_Work/2025-2026/Spring_2026/ECE_410/ECE410/project/post_m3_Minor_Redesign/tb/tb_top.sv Line: 257

Time: 8135 ns Started: 8125 ns Scope: /tb_top/u_mon File: /run/media/sackb/Windows-SSD/Users/sackb/OneDrive/Desktop/University/Course_Work/2025-2026/Spring_2026/ECE_410/ECE410/project/post_m3_Minor_Redesign/tb/tb_top.sv Line:256
Error: AXI MONITOR: core_C changed while core is idle
Time: 8135 ns  Iteration: 0  Process: /tb_top/u_mon//tb_top/u_mon  Scope: tb_top.u_mon  File: /run/media/sackb/Windows-SSD/Users/sackb/OneDrive/Desktop/University/Course_Work/2025-2026/Spring_2026/ECE_410/ECE410/project/post_m3_Minor_Redesign/tb/tb_top.sv Line: 257

Time: 8145 ns Started: 8135 ns Scope: /tb_top/u_mon File: /run/media/sackb/Windows-SSD/Users/sackb/OneDrive/Desktop/University/Course_Work/2025-2026/Spring_2026/ECE_410/ECE410/project/post_m3_Minor_Redesign/tb/tb_top.sv Line:256
Error: AXI MONITOR: core_C changed while core is idle
Time: 8145 ns  Iteration: 0  Process: /tb_top/u_mon//tb_top/u_mon  Scope: tb_top.u_mon  File: /run/media/sackb/Windows-SSD/Users/sackb/OneDrive/Desktop/University/Course_Work/2025-2026/Spring_2026/ECE_410/ECE410/project/post_m3_Minor_Redesign/tb/tb_top.sv Line: 257

Time: 8155 ns Started: 8145 ns Scope: /tb_top/u_mon File: /run/media/sackb/Windows-SSD/Users/sackb/OneDrive/Desktop/University/Course_Work/2025-2026/Spring_2026/ECE_410/ECE410/project/post_m3_Minor_Redesign/tb/tb_top.sv Line:256
Error: AXI MONITOR: core_C changed while core is idle
Time: 8155 ns  Iteration: 0  Process: /tb_top/u_mon//tb_top/u_mon  Scope: tb_top.u_mon  File: /run/media/sackb/Windows-SSD/Users/sackb/OneDrive/Desktop/University/Course_Work/2025-2026/Spring_2026/ECE_410/ECE410/project/post_m3_Minor_Redesign/tb/tb_top.sv Line: 257

Time: 8165 ns Started: 8155 ns Scope: /tb_top/u_mon File: /run/media/sackb/Windows-SSD/Users/sackb/OneDrive/Desktop/University/Course_Work/2025-2026/Spring_2026/ECE_410/ECE410/project/post_m3_Minor_Redesign/tb/tb_top.sv Line:256
Error: AXI MONITOR: core_C changed while core is idle
Time: 8165 ns  Iteration: 0  Process: /tb_top/u_mon//tb_top/u_mon  Scope: tb_top.u_mon  File: /run/media/sackb/Windows-SSD/Users/sackb/OneDrive/Desktop/University/Course_Work/2025-2026/Spring_2026/ECE_410/ECE410/project/post_m3_Minor_Redesign/tb/tb_top.sv Line: 257

Time: 8175 ns Started: 8165 ns Scope: /tb_top/u_mon File: /run/media/sackb/Windows-SSD/Users/sackb/OneDrive/Desktop/University/Course_Work/2025-2026/Spring_2026/ECE_410/ECE410/project/post_m3_Minor_Redesign/tb/tb_top.sv Line:256
Error: AXI MONITOR: core_C changed while core is idle
Time: 8175 ns  Iteration: 0  Process: /tb_top/u_mon//tb_top/u_mon  Scope: tb_top.u_mon  File: /run/media/sackb/Windows-SSD/Users/sackb/OneDrive/Desktop/University/Course_Work/2025-2026/Spring_2026/ECE_410/ECE410/project/post_m3_Minor_Redesign/tb/tb_top.sv Line: 257

Time: 8185 ns Started: 8175 ns Scope: /tb_top/u_mon File: /run/media/sackb/Windows-SSD/Users/sackb/OneDrive/Desktop/University/Course_Work/2025-2026/Spring_2026/ECE_410/ECE410/project/post_m3_Minor_Redesign/tb/tb_top.sv Line:256
Error: AXI MONITOR: core_C changed while core is idle
Time: 8185 ns  Iteration: 0  Process: /tb_top/u_mon//tb_top/u_mon  Scope: tb_top.u_mon  File: /run/media/sackb/Windows-SSD/Users/sackb/OneDrive/Desktop/University/Course_Work/2025-2026/Spring_2026/ECE_410/ECE410/project/post_m3_Minor_Redesign/tb/tb_top.sv Line: 257

Time: 8195 ns Started: 8185 ns Scope: /tb_top/u_mon File: /run/media/sackb/Windows-SSD/Users/sackb/OneDrive/Desktop/University/Course_Work/2025-2026/Spring_2026/ECE_410/ECE410/project/post_m3_Minor_Redesign/tb/tb_top.sv Line:256
Error: AXI MONITOR: core_C changed while core is idle
Time: 8195 ns  Iteration: 0  Process: /tb_top/u_mon//tb_top/u_mon  Scope: tb_top.u_mon  File: /run/media/sackb/Windows-SSD/Users/sackb/OneDrive/Desktop/University/Course_Work/2025-2026/Spring_2026/ECE_410/ECE410/project/post_m3_Minor_Redesign/tb/tb_top.sv Line: 257

Time: 8205 ns Started: 8195 ns Scope: /tb_top/u_mon File: /run/media/sackb/Windows-SSD/Users/sackb/OneDrive/Desktop/University/Course_Work/2025-2026/Spring_2026/ECE_410/ECE410/project/post_m3_Minor_Redesign/tb/tb_top.sv Line:256
Error: AXI MONITOR: core_C changed while core is idle
Time: 8205 ns  Iteration: 0  Process: /tb_top/u_mon//tb_top/u_mon  Scope: tb_top.u_mon  File: /run/media/sackb/Windows-SSD/Users/sackb/OneDrive/Desktop/University/Course_Work/2025-2026/Spring_2026/ECE_410/ECE410/project/post_m3_Minor_Redesign/tb/tb_top.sv Line: 257

Time: 8215 ns Started: 8205 ns Scope: /tb_top/u_mon File: /run/media/sackb/Windows-SSD/Users/sackb/OneDrive/Desktop/University/Course_Work/2025-2026/Spring_2026/ECE_410/ECE410/project/post_m3_Minor_Redesign/tb/tb_top.sv Line:256
Error: AXI MONITOR: core_C changed while core is idle
Time: 8215 ns  Iteration: 0  Process: /tb_top/u_mon//tb_top/u_mon  Scope: tb_top.u_mon  File: /run/media/sackb/Windows-SSD/Users/sackb/OneDrive/Desktop/University/Course_Work/2025-2026/Spring_2026/ECE_410/ECE410/project/post_m3_Minor_Redesign/tb/tb_top.sv Line: 257

Time: 8225 ns Started: 8215 ns Scope: /tb_top/u_mon File: /run/media/sackb/Windows-SSD/Users/sackb/OneDrive/Desktop/University/Course_Work/2025-2026/Spring_2026/ECE_410/ECE410/project/post_m3_Minor_Redesign/tb/tb_top.sv Line:256
Error: AXI MONITOR: core_C changed while core is idle
Time: 8225 ns  Iteration: 0  Process: /tb_top/u_mon//tb_top/u_mon  Scope: tb_top.u_mon  File: /run/media/sackb/Windows-SSD/Users/sackb/OneDrive/Desktop/University/Course_Work/2025-2026/Spring_2026/ECE_410/ECE410/project/post_m3_Minor_Redesign/tb/tb_top.sv Line: 257

Time: 8235 ns Started: 8225 ns Scope: /tb_top/u_mon File: /run/media/sackb/Windows-SSD/Users/sackb/OneDrive/Desktop/University/Course_Work/2025-2026/Spring_2026/ECE_410/ECE410/project/post_m3_Minor_Redesign/tb/tb_top.sv Line:256
Error: AXI MONITOR: core_C changed while core is idle
Time: 8235 ns  Iteration: 0  Process: /tb_top/u_mon//tb_top/u_mon  Scope: tb_top.u_mon  File: /run/media/sackb/Windows-SSD/Users/sackb/OneDrive/Desktop/University/Course_Work/2025-2026/Spring_2026/ECE_410/ECE410/project/post_m3_Minor_Redesign/tb/tb_top.sv Line: 257

Time: 8245 ns Started: 8235 ns Scope: /tb_top/u_mon File: /run/media/sackb/Windows-SSD/Users/sackb/OneDrive/Desktop/University/Course_Work/2025-2026/Spring_2026/ECE_410/ECE410/project/post_m3_Minor_Redesign/tb/tb_top.sv Line:256
Error: AXI MONITOR: core_C changed while core is idle
Time: 8245 ns  Iteration: 0  Process: /tb_top/u_mon//tb_top/u_mon  Scope: tb_top.u_mon  File: /run/media/sackb/Windows-SSD/Users/sackb/OneDrive/Desktop/University/Course_Work/2025-2026/Spring_2026/ECE_410/ECE410/project/post_m3_Minor_Redesign/tb/tb_top.sv Line: 257

Time: 8255 ns Started: 8245 ns Scope: /tb_top/u_mon File: /run/media/sackb/Windows-SSD/Users/sackb/OneDrive/Desktop/University/Course_Work/2025-2026/Spring_2026/ECE_410/ECE410/project/post_m3_Minor_Redesign/tb/tb_top.sv Line:256
Error: AXI MONITOR: core_C changed while core is idle
Time: 8255 ns  Iteration: 0  Process: /tb_top/u_mon//tb_top/u_mon  Scope: tb_top.u_mon  File: /run/media/sackb/Windows-SSD/Users/sackb/OneDrive/Desktop/University/Course_Work/2025-2026/Spring_2026/ECE_410/ECE410/project/post_m3_Minor_Redesign/tb/tb_top.sv Line: 257

Time: 8265 ns Started: 8255 ns Scope: /tb_top/u_mon File: /run/media/sackb/Windows-SSD/Users/sackb/OneDrive/Desktop/University/Course_Work/2025-2026/Spring_2026/ECE_410/ECE410/project/post_m3_Minor_Redesign/tb/tb_top.sv Line:256
Error: AXI MONITOR: core_C changed while core is idle
Time: 8265 ns  Iteration: 0  Process: /tb_top/u_mon//tb_top/u_mon  Scope: tb_top.u_mon  File: /run/media/sackb/Windows-SSD/Users/sackb/OneDrive/Desktop/University/Course_Work/2025-2026/Spring_2026/ECE_410/ECE410/project/post_m3_Minor_Redesign/tb/tb_top.sv Line: 257

Time: 8275 ns Started: 8265 ns Scope: /tb_top/u_mon File: /run/media/sackb/Windows-SSD/Users/sackb/OneDrive/Desktop/University/Course_Work/2025-2026/Spring_2026/ECE_410/ECE410/project/post_m3_Minor_Redesign/tb/tb_top.sv Line:256
Error: AXI MONITOR: core_C changed while core is idle
Time: 8275 ns  Iteration: 0  Process: /tb_top/u_mon//tb_top/u_mon  Scope: tb_top.u_mon  File: /run/media/sackb/Windows-SSD/Users/sackb/OneDrive/Desktop/University/Course_Work/2025-2026/Spring_2026/ECE_410/ECE410/project/post_m3_Minor_Redesign/tb/tb_top.sv Line: 257

Time: 8285 ns Started: 8275 ns Scope: /tb_top/u_mon File: /run/media/sackb/Windows-SSD/Users/sackb/OneDrive/Desktop/University/Course_Work/2025-2026/Spring_2026/ECE_410/ECE410/project/post_m3_Minor_Redesign/tb/tb_top.sv Line:256
Error: AXI MONITOR: core_C changed while core is idle
Time: 8285 ns  Iteration: 0  Process: /tb_top/u_mon//tb_top/u_mon  Scope: tb_top.u_mon  File: /run/media/sackb/Windows-SSD/Users/sackb/OneDrive/Desktop/University/Course_Work/2025-2026/Spring_2026/ECE_410/ECE410/project/post_m3_Minor_Redesign/tb/tb_top.sv Line: 257

Time: 8295 ns Started: 8285 ns Scope: /tb_top/u_mon File: /run/media/sackb/Windows-SSD/Users/sackb/OneDrive/Desktop/University/Course_Work/2025-2026/Spring_2026/ECE_410/ECE410/project/post_m3_Minor_Redesign/tb/tb_top.sv Line:256
Error: AXI MONITOR: core_C changed while core is idle
Time: 8295 ns  Iteration: 0  Process: /tb_top/u_mon//tb_top/u_mon  Scope: tb_top.u_mon  File: /run/media/sackb/Windows-SSD/Users/sackb/OneDrive/Desktop/University/Course_Work/2025-2026/Spring_2026/ECE_410/ECE410/project/post_m3_Minor_Redesign/tb/tb_top.sv Line: 257

Time: 8305 ns Started: 8295 ns Scope: /tb_top/u_mon File: /run/media/sackb/Windows-SSD/Users/sackb/OneDrive/Desktop/University/Course_Work/2025-2026/Spring_2026/ECE_410/ECE410/project/post_m3_Minor_Redesign/tb/tb_top.sv Line:256
Error: AXI MONITOR: core_C changed while core is idle
Time: 8305 ns  Iteration: 0  Process: /tb_top/u_mon//tb_top/u_mon  Scope: tb_top.u_mon  File: /run/media/sackb/Windows-SSD/Users/sackb/OneDrive/Desktop/University/Course_Work/2025-2026/Spring_2026/ECE_410/ECE410/project/post_m3_Minor_Redesign/tb/tb_top.sv Line: 257

Time: 8315 ns Started: 8305 ns Scope: /tb_top/u_mon File: /run/media/sackb/Windows-SSD/Users/sackb/OneDrive/Desktop/University/Course_Work/2025-2026/Spring_2026/ECE_410/ECE410/project/post_m3_Minor_Redesign/tb/tb_top.sv Line:256
Error: AXI MONITOR: core_C changed while core is idle
Time: 8315 ns  Iteration: 0  Process: /tb_top/u_mon//tb_top/u_mon  Scope: tb_top.u_mon  File: /run/media/sackb/Windows-SSD/Users/sackb/OneDrive/Desktop/University/Course_Work/2025-2026/Spring_2026/ECE_410/ECE410/project/post_m3_Minor_Redesign/tb/tb_top.sv Line: 257

Time: 8325 ns Started: 8315 ns Scope: /tb_top/u_mon File: /run/media/sackb/Windows-SSD/Users/sackb/OneDrive/Desktop/University/Course_Work/2025-2026/Spring_2026/ECE_410/ECE410/project/post_m3_Minor_Redesign/tb/tb_top.sv Line:256
Error: AXI MONITOR: core_C changed while core is idle
Time: 8325 ns  Iteration: 0  Process: /tb_top/u_mon//tb_top/u_mon  Scope: tb_top.u_mon  File: /run/media/sackb/Windows-SSD/Users/sackb/OneDrive/Desktop/University/Course_Work/2025-2026/Spring_2026/ECE_410/ECE410/project/post_m3_Minor_Redesign/tb/tb_top.sv Line: 257

Time: 8335 ns Started: 8325 ns Scope: /tb_top/u_mon File: /run/media/sackb/Windows-SSD/Users/sackb/OneDrive/Desktop/University/Course_Work/2025-2026/Spring_2026/ECE_410/ECE410/project/post_m3_Minor_Redesign/tb/tb_top.sv Line:256
Error: AXI MONITOR: core_C changed while core is idle
Time: 8335 ns  Iteration: 0  Process: /tb_top/u_mon//tb_top/u_mon  Scope: tb_top.u_mon  File: /run/media/sackb/Windows-SSD/Users/sackb/OneDrive/Desktop/University/Course_Work/2025-2026/Spring_2026/ECE_410/ECE410/project/post_m3_Minor_Redesign/tb/tb_top.sv Line: 257

Time: 8345 ns Started: 8335 ns Scope: /tb_top/u_mon File: /run/media/sackb/Windows-SSD/Users/sackb/OneDrive/Desktop/University/Course_Work/2025-2026/Spring_2026/ECE_410/ECE410/project/post_m3_Minor_Redesign/tb/tb_top.sv Line:256
Error: AXI MONITOR: core_C changed while core is idle
Time: 8345 ns  Iteration: 0  Process: /tb_top/u_mon//tb_top/u_mon  Scope: tb_top.u_mon  File: /run/media/sackb/Windows-SSD/Users/sackb/OneDrive/Desktop/University/Course_Work/2025-2026/Spring_2026/ECE_410/ECE410/project/post_m3_Minor_Redesign/tb/tb_top.sv Line: 257

Time: 8355 ns Started: 8345 ns Scope: /tb_top/u_mon File: /run/media/sackb/Windows-SSD/Users/sackb/OneDrive/Desktop/University/Course_Work/2025-2026/Spring_2026/ECE_410/ECE410/project/post_m3_Minor_Redesign/tb/tb_top.sv Line:256
Error: AXI MONITOR: core_C changed while core is idle
Time: 8355 ns  Iteration: 0  Process: /tb_top/u_mon//tb_top/u_mon  Scope: tb_top.u_mon  File: /run/media/sackb/Windows-SSD/Users/sackb/OneDrive/Desktop/University/Course_Work/2025-2026/Spring_2026/ECE_410/ECE410/project/post_m3_Minor_Redesign/tb/tb_top.sv Line: 257

Time: 8365 ns Started: 8355 ns Scope: /tb_top/u_mon File: /run/media/sackb/Windows-SSD/Users/sackb/OneDrive/Desktop/University/Course_Work/2025-2026/Spring_2026/ECE_410/ECE410/project/post_m3_Minor_Redesign/tb/tb_top.sv Line:256
Error: AXI MONITOR: core_C changed while core is idle
Time: 8365 ns  Iteration: 0  Process: /tb_top/u_mon//tb_top/u_mon  Scope: tb_top.u_mon  File: /run/media/sackb/Windows-SSD/Users/sackb/OneDrive/Desktop/University/Course_Work/2025-2026/Spring_2026/ECE_410/ECE410/project/post_m3_Minor_Redesign/tb/tb_top.sv Line: 257

Time: 8375 ns Started: 8365 ns Scope: /tb_top/u_mon File: /run/media/sackb/Windows-SSD/Users/sackb/OneDrive/Desktop/University/Course_Work/2025-2026/Spring_2026/ECE_410/ECE410/project/post_m3_Minor_Redesign/tb/tb_top.sv Line:256
Error: AXI MONITOR: core_C changed while core is idle
Time: 8375 ns  Iteration: 0  Process: /tb_top/u_mon//tb_top/u_mon  Scope: tb_top.u_mon  File: /run/media/sackb/Windows-SSD/Users/sackb/OneDrive/Desktop/University/Course_Work/2025-2026/Spring_2026/ECE_410/ECE410/project/post_m3_Minor_Redesign/tb/tb_top.sv Line: 257

Time: 8385 ns Started: 8375 ns Scope: /tb_top/u_mon File: /run/media/sackb/Windows-SSD/Users/sackb/OneDrive/Desktop/University/Course_Work/2025-2026/Spring_2026/ECE_410/ECE410/project/post_m3_Minor_Redesign/tb/tb_top.sv Line:256
Error: AXI MONITOR: core_C changed while core is idle
Time: 8385 ns  Iteration: 0  Process: /tb_top/u_mon//tb_top/u_mon  Scope: tb_top.u_mon  File: /run/media/sackb/Windows-SSD/Users/sackb/OneDrive/Desktop/University/Course_Work/2025-2026/Spring_2026/ECE_410/ECE410/project/post_m3_Minor_Redesign/tb/tb_top.sv Line: 257

Time: 8395 ns Started: 8385 ns Scope: /tb_top/u_mon File: /run/media/sackb/Windows-SSD/Users/sackb/OneDrive/Desktop/University/Course_Work/2025-2026/Spring_2026/ECE_410/ECE410/project/post_m3_Minor_Redesign/tb/tb_top.sv Line:256
Error: AXI MONITOR: core_C changed while core is idle
Time: 8395 ns  Iteration: 0  Process: /tb_top/u_mon//tb_top/u_mon  Scope: tb_top.u_mon  File: /run/media/sackb/Windows-SSD/Users/sackb/OneDrive/Desktop/University/Course_Work/2025-2026/Spring_2026/ECE_410/ECE410/project/post_m3_Minor_Redesign/tb/tb_top.sv Line: 257

Time: 8405 ns Started: 8395 ns Scope: /tb_top/u_mon File: /run/media/sackb/Windows-SSD/Users/sackb/OneDrive/Desktop/University/Course_Work/2025-2026/Spring_2026/ECE_410/ECE410/project/post_m3_Minor_Redesign/tb/tb_top.sv Line:256
Error: AXI MONITOR: core_C changed while core is idle
Time: 8405 ns  Iteration: 0  Process: /tb_top/u_mon//tb_top/u_mon  Scope: tb_top.u_mon  File: /run/media/sackb/Windows-SSD/Users/sackb/OneDrive/Desktop/University/Course_Work/2025-2026/Spring_2026/ECE_410/ECE410/project/post_m3_Minor_Redesign/tb/tb_top.sv Line: 257

Time: 8415 ns Started: 8405 ns Scope: /tb_top/u_mon File: /run/media/sackb/Windows-SSD/Users/sackb/OneDrive/Desktop/University/Course_Work/2025-2026/Spring_2026/ECE_410/ECE410/project/post_m3_Minor_Redesign/tb/tb_top.sv Line:256
Error: AXI MONITOR: core_C changed while core is idle
Time: 8415 ns  Iteration: 0  Process: /tb_top/u_mon//tb_top/u_mon  Scope: tb_top.u_mon  File: /run/media/sackb/Windows-SSD/Users/sackb/OneDrive/Desktop/University/Course_Work/2025-2026/Spring_2026/ECE_410/ECE410/project/post_m3_Minor_Redesign/tb/tb_top.sv Line: 257

Time: 8425 ns Started: 8415 ns Scope: /tb_top/u_mon File: /run/media/sackb/Windows-SSD/Users/sackb/OneDrive/Desktop/University/Course_Work/2025-2026/Spring_2026/ECE_410/ECE410/project/post_m3_Minor_Redesign/tb/tb_top.sv Line:256
Error: AXI MONITOR: core_C changed while core is idle
Time: 8425 ns  Iteration: 0  Process: /tb_top/u_mon//tb_top/u_mon  Scope: tb_top.u_mon  File: /run/media/sackb/Windows-SSD/Users/sackb/OneDrive/Desktop/University/Course_Work/2025-2026/Spring_2026/ECE_410/ECE410/project/post_m3_Minor_Redesign/tb/tb_top.sv Line: 257

Time: 8435 ns Started: 8425 ns Scope: /tb_top/u_mon File: /run/media/sackb/Windows-SSD/Users/sackb/OneDrive/Desktop/University/Course_Work/2025-2026/Spring_2026/ECE_410/ECE410/project/post_m3_Minor_Redesign/tb/tb_top.sv Line:256
Error: AXI MONITOR: core_C changed while core is idle
Time: 8435 ns  Iteration: 0  Process: /tb_top/u_mon//tb_top/u_mon  Scope: tb_top.u_mon  File: /run/media/sackb/Windows-SSD/Users/sackb/OneDrive/Desktop/University/Course_Work/2025-2026/Spring_2026/ECE_410/ECE410/project/post_m3_Minor_Redesign/tb/tb_top.sv Line: 257

Time: 8445 ns Started: 8435 ns Scope: /tb_top/u_mon File: /run/media/sackb/Windows-SSD/Users/sackb/OneDrive/Desktop/University/Course_Work/2025-2026/Spring_2026/ECE_410/ECE410/project/post_m3_Minor_Redesign/tb/tb_top.sv Line:256
Error: AXI MONITOR: core_C changed while core is idle
Time: 8445 ns  Iteration: 0  Process: /tb_top/u_mon//tb_top/u_mon  Scope: tb_top.u_mon  File: /run/media/sackb/Windows-SSD/Users/sackb/OneDrive/Desktop/University/Course_Work/2025-2026/Spring_2026/ECE_410/ECE410/project/post_m3_Minor_Redesign/tb/tb_top.sv Line: 257

Time: 8455 ns Started: 8445 ns Scope: /tb_top/u_mon File: /run/media/sackb/Windows-SSD/Users/sackb/OneDrive/Desktop/University/Course_Work/2025-2026/Spring_2026/ECE_410/ECE410/project/post_m3_Minor_Redesign/tb/tb_top.sv Line:256
Error: AXI MONITOR: core_C changed while core is idle
Time: 8455 ns  Iteration: 0  Process: /tb_top/u_mon//tb_top/u_mon  Scope: tb_top.u_mon  File: /run/media/sackb/Windows-SSD/Users/sackb/OneDrive/Desktop/University/Course_Work/2025-2026/Spring_2026/ECE_410/ECE410/project/post_m3_Minor_Redesign/tb/tb_top.sv Line: 257

Time: 8465 ns Started: 8455 ns Scope: /tb_top/u_mon File: /run/media/sackb/Windows-SSD/Users/sackb/OneDrive/Desktop/University/Course_Work/2025-2026/Spring_2026/ECE_410/ECE410/project/post_m3_Minor_Redesign/tb/tb_top.sv Line:256
Error: AXI MONITOR: core_C changed while core is idle
Time: 8465 ns  Iteration: 0  Process: /tb_top/u_mon//tb_top/u_mon  Scope: tb_top.u_mon  File: /run/media/sackb/Windows-SSD/Users/sackb/OneDrive/Desktop/University/Course_Work/2025-2026/Spring_2026/ECE_410/ECE410/project/post_m3_Minor_Redesign/tb/tb_top.sv Line: 257

Time: 8475 ns Started: 8465 ns Scope: /tb_top/u_mon File: /run/media/sackb/Windows-SSD/Users/sackb/OneDrive/Desktop/University/Course_Work/2025-2026/Spring_2026/ECE_410/ECE410/project/post_m3_Minor_Redesign/tb/tb_top.sv Line:256
Error: AXI MONITOR: core_C changed while core is idle
Time: 8475 ns  Iteration: 0  Process: /tb_top/u_mon//tb_top/u_mon  Scope: tb_top.u_mon  File: /run/media/sackb/Windows-SSD/Users/sackb/OneDrive/Desktop/University/Course_Work/2025-2026/Spring_2026/ECE_410/ECE410/project/post_m3_Minor_Redesign/tb/tb_top.sv Line: 257

Time: 8485 ns Started: 8475 ns Scope: /tb_top/u_mon File: /run/media/sackb/Windows-SSD/Users/sackb/OneDrive/Desktop/University/Course_Work/2025-2026/Spring_2026/ECE_410/ECE410/project/post_m3_Minor_Redesign/tb/tb_top.sv Line:256
Error: AXI MONITOR: core_C changed while core is idle
Time: 8485 ns  Iteration: 0  Process: /tb_top/u_mon//tb_top/u_mon  Scope: tb_top.u_mon  File: /run/media/sackb/Windows-SSD/Users/sackb/OneDrive/Desktop/University/Course_Work/2025-2026/Spring_2026/ECE_410/ECE410/project/post_m3_Minor_Redesign/tb/tb_top.sv Line: 257

Time: 8495 ns Started: 8485 ns Scope: /tb_top/u_mon File: /run/media/sackb/Windows-SSD/Users/sackb/OneDrive/Desktop/University/Course_Work/2025-2026/Spring_2026/ECE_410/ECE410/project/post_m3_Minor_Redesign/tb/tb_top.sv Line:256
Error: AXI MONITOR: core_C changed while core is idle
Time: 8495 ns  Iteration: 0  Process: /tb_top/u_mon//tb_top/u_mon  Scope: tb_top.u_mon  File: /run/media/sackb/Windows-SSD/Users/sackb/OneDrive/Desktop/University/Course_Work/2025-2026/Spring_2026/ECE_410/ECE410/project/post_m3_Minor_Redesign/tb/tb_top.sv Line: 257

Time: 8505 ns Started: 8495 ns Scope: /tb_top/u_mon File: /run/media/sackb/Windows-SSD/Users/sackb/OneDrive/Desktop/University/Course_Work/2025-2026/Spring_2026/ECE_410/ECE410/project/post_m3_Minor_Redesign/tb/tb_top.sv Line:256
Error: AXI MONITOR: core_C changed while core is idle
Time: 8505 ns  Iteration: 0  Process: /tb_top/u_mon//tb_top/u_mon  Scope: tb_top.u_mon  File: /run/media/sackb/Windows-SSD/Users/sackb/OneDrive/Desktop/University/Course_Work/2025-2026/Spring_2026/ECE_410/ECE410/project/post_m3_Minor_Redesign/tb/tb_top.sv Line: 257

Time: 8515 ns Started: 8505 ns Scope: /tb_top/u_mon File: /run/media/sackb/Windows-SSD/Users/sackb/OneDrive/Desktop/University/Course_Work/2025-2026/Spring_2026/ECE_410/ECE410/project/post_m3_Minor_Redesign/tb/tb_top.sv Line:256
Error: AXI MONITOR: core_C changed while core is idle
Time: 8515 ns  Iteration: 0  Process: /tb_top/u_mon//tb_top/u_mon  Scope: tb_top.u_mon  File: /run/media/sackb/Windows-SSD/Users/sackb/OneDrive/Desktop/University/Course_Work/2025-2026/Spring_2026/ECE_410/ECE410/project/post_m3_Minor_Redesign/tb/tb_top.sv Line: 257

Time: 8525 ns Started: 8515 ns Scope: /tb_top/u_mon File: /run/media/sackb/Windows-SSD/Users/sackb/OneDrive/Desktop/University/Course_Work/2025-2026/Spring_2026/ECE_410/ECE410/project/post_m3_Minor_Redesign/tb/tb_top.sv Line:256
Error: AXI MONITOR: core_C changed while core is idle
Time: 8525 ns  Iteration: 0  Process: /tb_top/u_mon//tb_top/u_mon  Scope: tb_top.u_mon  File: /run/media/sackb/Windows-SSD/Users/sackb/OneDrive/Desktop/University/Course_Work/2025-2026/Spring_2026/ECE_410/ECE410/project/post_m3_Minor_Redesign/tb/tb_top.sv Line: 257

Time: 8535 ns Started: 8525 ns Scope: /tb_top/u_mon File: /run/media/sackb/Windows-SSD/Users/sackb/OneDrive/Desktop/University/Course_Work/2025-2026/Spring_2026/ECE_410/ECE410/project/post_m3_Minor_Redesign/tb/tb_top.sv Line:256
Error: AXI MONITOR: core_C changed while core is idle
Time: 8535 ns  Iteration: 0  Process: /tb_top/u_mon//tb_top/u_mon  Scope: tb_top.u_mon  File: /run/media/sackb/Windows-SSD/Users/sackb/OneDrive/Desktop/University/Course_Work/2025-2026/Spring_2026/ECE_410/ECE410/project/post_m3_Minor_Redesign/tb/tb_top.sv Line: 257

Time: 8545 ns Started: 8535 ns Scope: /tb_top/u_mon File: /run/media/sackb/Windows-SSD/Users/sackb/OneDrive/Desktop/University/Course_Work/2025-2026/Spring_2026/ECE_410/ECE410/project/post_m3_Minor_Redesign/tb/tb_top.sv Line:256
Error: AXI MONITOR: core_C changed while core is idle
Time: 8545 ns  Iteration: 0  Process: /tb_top/u_mon//tb_top/u_mon  Scope: tb_top.u_mon  File: /run/media/sackb/Windows-SSD/Users/sackb/OneDrive/Desktop/University/Course_Work/2025-2026/Spring_2026/ECE_410/ECE410/project/post_m3_Minor_Redesign/tb/tb_top.sv Line: 257

Time: 8555 ns Started: 8545 ns Scope: /tb_top/u_mon File: /run/media/sackb/Windows-SSD/Users/sackb/OneDrive/Desktop/University/Course_Work/2025-2026/Spring_2026/ECE_410/ECE410/project/post_m3_Minor_Redesign/tb/tb_top.sv Line:256
Error: AXI MONITOR: core_C changed while core is idle
Time: 8555 ns  Iteration: 0  Process: /tb_top/u_mon//tb_top/u_mon  Scope: tb_top.u_mon  File: /run/media/sackb/Windows-SSD/Users/sackb/OneDrive/Desktop/University/Course_Work/2025-2026/Spring_2026/ECE_410/ECE410/project/post_m3_Minor_Redesign/tb/tb_top.sv Line: 257

Time: 8565 ns Started: 8555 ns Scope: /tb_top/u_mon File: /run/media/sackb/Windows-SSD/Users/sackb/OneDrive/Desktop/University/Course_Work/2025-2026/Spring_2026/ECE_410/ECE410/project/post_m3_Minor_Redesign/tb/tb_top.sv Line:256
Error: AXI MONITOR: core_C changed while core is idle
Time: 8565 ns  Iteration: 0  Process: /tb_top/u_mon//tb_top/u_mon  Scope: tb_top.u_mon  File: /run/media/sackb/Windows-SSD/Users/sackb/OneDrive/Desktop/University/Course_Work/2025-2026/Spring_2026/ECE_410/ECE410/project/post_m3_Minor_Redesign/tb/tb_top.sv Line: 257

Time: 8575 ns Started: 8565 ns Scope: /tb_top/u_mon File: /run/media/sackb/Windows-SSD/Users/sackb/OneDrive/Desktop/University/Course_Work/2025-2026/Spring_2026/ECE_410/ECE410/project/post_m3_Minor_Redesign/tb/tb_top.sv Line:256
Error: AXI MONITOR: core_C changed while core is idle
Time: 8575 ns  Iteration: 0  Process: /tb_top/u_mon//tb_top/u_mon  Scope: tb_top.u_mon  File: /run/media/sackb/Windows-SSD/Users/sackb/OneDrive/Desktop/University/Course_Work/2025-2026/Spring_2026/ECE_410/ECE410/project/post_m3_Minor_Redesign/tb/tb_top.sv Line: 257

Time: 8585 ns Started: 8575 ns Scope: /tb_top/u_mon File: /run/media/sackb/Windows-SSD/Users/sackb/OneDrive/Desktop/University/Course_Work/2025-2026/Spring_2026/ECE_410/ECE410/project/post_m3_Minor_Redesign/tb/tb_top.sv Line:256
Error: AXI MONITOR: core_C changed while core is idle
Time: 8585 ns  Iteration: 0  Process: /tb_top/u_mon//tb_top/u_mon  Scope: tb_top.u_mon  File: /run/media/sackb/Windows-SSD/Users/sackb/OneDrive/Desktop/University/Course_Work/2025-2026/Spring_2026/ECE_410/ECE410/project/post_m3_Minor_Redesign/tb/tb_top.sv Line: 257

Time: 8595 ns Started: 8585 ns Scope: /tb_top/u_mon File: /run/media/sackb/Windows-SSD/Users/sackb/OneDrive/Desktop/University/Course_Work/2025-2026/Spring_2026/ECE_410/ECE410/project/post_m3_Minor_Redesign/tb/tb_top.sv Line:256
Error: AXI MONITOR: core_C changed while core is idle
Time: 8595 ns  Iteration: 0  Process: /tb_top/u_mon//tb_top/u_mon  Scope: tb_top.u_mon  File: /run/media/sackb/Windows-SSD/Users/sackb/OneDrive/Desktop/University/Course_Work/2025-2026/Spring_2026/ECE_410/ECE410/project/post_m3_Minor_Redesign/tb/tb_top.sv Line: 257

Time: 8605 ns Started: 8595 ns Scope: /tb_top/u_mon File: /run/media/sackb/Windows-SSD/Users/sackb/OneDrive/Desktop/University/Course_Work/2025-2026/Spring_2026/ECE_410/ECE410/project/post_m3_Minor_Redesign/tb/tb_top.sv Line:256
Error: AXI MONITOR: core_C changed while core is idle
Time: 8605 ns  Iteration: 0  Process: /tb_top/u_mon//tb_top/u_mon  Scope: tb_top.u_mon  File: /run/media/sackb/Windows-SSD/Users/sackb/OneDrive/Desktop/University/Course_Work/2025-2026/Spring_2026/ECE_410/ECE410/project/post_m3_Minor_Redesign/tb/tb_top.sv Line: 257

Time: 8615 ns Started: 8605 ns Scope: /tb_top/u_mon File: /run/media/sackb/Windows-SSD/Users/sackb/OneDrive/Desktop/University/Course_Work/2025-2026/Spring_2026/ECE_410/ECE410/project/post_m3_Minor_Redesign/tb/tb_top.sv Line:256
Error: AXI MONITOR: core_C changed while core is idle
Time: 8615 ns  Iteration: 0  Process: /tb_top/u_mon//tb_top/u_mon  Scope: tb_top.u_mon  File: /run/media/sackb/Windows-SSD/Users/sackb/OneDrive/Desktop/University/Course_Work/2025-2026/Spring_2026/ECE_410/ECE410/project/post_m3_Minor_Redesign/tb/tb_top.sv Line: 257

Time: 8625 ns Started: 8615 ns Scope: /tb_top/u_mon File: /run/media/sackb/Windows-SSD/Users/sackb/OneDrive/Desktop/University/Course_Work/2025-2026/Spring_2026/ECE_410/ECE410/project/post_m3_Minor_Redesign/tb/tb_top.sv Line:256
Error: AXI MONITOR: core_C changed while core is idle
Time: 8625 ns  Iteration: 0  Process: /tb_top/u_mon//tb_top/u_mon  Scope: tb_top.u_mon  File: /run/media/sackb/Windows-SSD/Users/sackb/OneDrive/Desktop/University/Course_Work/2025-2026/Spring_2026/ECE_410/ECE410/project/post_m3_Minor_Redesign/tb/tb_top.sv Line: 257

Time: 8635 ns Started: 8625 ns Scope: /tb_top/u_mon File: /run/media/sackb/Windows-SSD/Users/sackb/OneDrive/Desktop/University/Course_Work/2025-2026/Spring_2026/ECE_410/ECE410/project/post_m3_Minor_Redesign/tb/tb_top.sv Line:256
Error: AXI MONITOR: core_C changed while core is idle
Time: 8635 ns  Iteration: 0  Process: /tb_top/u_mon//tb_top/u_mon  Scope: tb_top.u_mon  File: /run/media/sackb/Windows-SSD/Users/sackb/OneDrive/Desktop/University/Course_Work/2025-2026/Spring_2026/ECE_410/ECE410/project/post_m3_Minor_Redesign/tb/tb_top.sv Line: 257

Time: 8645 ns Started: 8635 ns Scope: /tb_top/u_mon File: /run/media/sackb/Windows-SSD/Users/sackb/OneDrive/Desktop/University/Course_Work/2025-2026/Spring_2026/ECE_410/ECE410/project/post_m3_Minor_Redesign/tb/tb_top.sv Line:256
Error: AXI MONITOR: core_C changed while core is idle
Time: 8645 ns  Iteration: 0  Process: /tb_top/u_mon//tb_top/u_mon  Scope: tb_top.u_mon  File: /run/media/sackb/Windows-SSD/Users/sackb/OneDrive/Desktop/University/Course_Work/2025-2026/Spring_2026/ECE_410/ECE410/project/post_m3_Minor_Redesign/tb/tb_top.sv Line: 257

Time: 8655 ns Started: 8645 ns Scope: /tb_top/u_mon File: /run/media/sackb/Windows-SSD/Users/sackb/OneDrive/Desktop/University/Course_Work/2025-2026/Spring_2026/ECE_410/ECE410/project/post_m3_Minor_Redesign/tb/tb_top.sv Line:256
Error: AXI MONITOR: core_C changed while core is idle
Time: 8655 ns  Iteration: 0  Process: /tb_top/u_mon//tb_top/u_mon  Scope: tb_top.u_mon  File: /run/media/sackb/Windows-SSD/Users/sackb/OneDrive/Desktop/University/Course_Work/2025-2026/Spring_2026/ECE_410/ECE410/project/post_m3_Minor_Redesign/tb/tb_top.sv Line: 257

Time: 8665 ns Started: 8655 ns Scope: /tb_top/u_mon File: /run/media/sackb/Windows-SSD/Users/sackb/OneDrive/Desktop/University/Course_Work/2025-2026/Spring_2026/ECE_410/ECE410/project/post_m3_Minor_Redesign/tb/tb_top.sv Line:256
Error: AXI MONITOR: core_C changed while core is idle
Time: 8665 ns  Iteration: 0  Process: /tb_top/u_mon//tb_top/u_mon  Scope: tb_top.u_mon  File: /run/media/sackb/Windows-SSD/Users/sackb/OneDrive/Desktop/University/Course_Work/2025-2026/Spring_2026/ECE_410/ECE410/project/post_m3_Minor_Redesign/tb/tb_top.sv Line: 257

Time: 8675 ns Started: 8665 ns Scope: /tb_top/u_mon File: /run/media/sackb/Windows-SSD/Users/sackb/OneDrive/Desktop/University/Course_Work/2025-2026/Spring_2026/ECE_410/ECE410/project/post_m3_Minor_Redesign/tb/tb_top.sv Line:256
Error: AXI MONITOR: core_C changed while core is idle
Time: 8675 ns  Iteration: 0  Process: /tb_top/u_mon//tb_top/u_mon  Scope: tb_top.u_mon  File: /run/media/sackb/Windows-SSD/Users/sackb/OneDrive/Desktop/University/Course_Work/2025-2026/Spring_2026/ECE_410/ECE410/project/post_m3_Minor_Redesign/tb/tb_top.sv Line: 257

Time: 8685 ns Started: 8675 ns Scope: /tb_top/u_mon File: /run/media/sackb/Windows-SSD/Users/sackb/OneDrive/Desktop/University/Course_Work/2025-2026/Spring_2026/ECE_410/ECE410/project/post_m3_Minor_Redesign/tb/tb_top.sv Line:256
Error: AXI MONITOR: core_C changed while core is idle
Time: 8685 ns  Iteration: 0  Process: /tb_top/u_mon//tb_top/u_mon  Scope: tb_top.u_mon  File: /run/media/sackb/Windows-SSD/Users/sackb/OneDrive/Desktop/University/Course_Work/2025-2026/Spring_2026/ECE_410/ECE410/project/post_m3_Minor_Redesign/tb/tb_top.sv Line: 257

Time: 8695 ns Started: 8685 ns Scope: /tb_top/u_mon File: /run/media/sackb/Windows-SSD/Users/sackb/OneDrive/Desktop/University/Course_Work/2025-2026/Spring_2026/ECE_410/ECE410/project/post_m3_Minor_Redesign/tb/tb_top.sv Line:256
Error: AXI MONITOR: core_C changed while core is idle
Time: 8695 ns  Iteration: 0  Process: /tb_top/u_mon//tb_top/u_mon  Scope: tb_top.u_mon  File: /run/media/sackb/Windows-SSD/Users/sackb/OneDrive/Desktop/University/Course_Work/2025-2026/Spring_2026/ECE_410/ECE410/project/post_m3_Minor_Redesign/tb/tb_top.sv Line: 257

Time: 8705 ns Started: 8695 ns Scope: /tb_top/u_mon File: /run/media/sackb/Windows-SSD/Users/sackb/OneDrive/Desktop/University/Course_Work/2025-2026/Spring_2026/ECE_410/ECE410/project/post_m3_Minor_Redesign/tb/tb_top.sv Line:256
Error: AXI MONITOR: core_C changed while core is idle
Time: 8705 ns  Iteration: 0  Process: /tb_top/u_mon//tb_top/u_mon  Scope: tb_top.u_mon  File: /run/media/sackb/Windows-SSD/Users/sackb/OneDrive/Desktop/University/Course_Work/2025-2026/Spring_2026/ECE_410/ECE410/project/post_m3_Minor_Redesign/tb/tb_top.sv Line: 257

Time: 8715 ns Started: 8705 ns Scope: /tb_top/u_mon File: /run/media/sackb/Windows-SSD/Users/sackb/OneDrive/Desktop/University/Course_Work/2025-2026/Spring_2026/ECE_410/ECE410/project/post_m3_Minor_Redesign/tb/tb_top.sv Line:256
Error: AXI MONITOR: core_C changed while core is idle
Time: 8715 ns  Iteration: 0  Process: /tb_top/u_mon//tb_top/u_mon  Scope: tb_top.u_mon  File: /run/media/sackb/Windows-SSD/Users/sackb/OneDrive/Desktop/University/Course_Work/2025-2026/Spring_2026/ECE_410/ECE410/project/post_m3_Minor_Redesign/tb/tb_top.sv Line: 257

Time: 8725 ns Started: 8715 ns Scope: /tb_top/u_mon File: /run/media/sackb/Windows-SSD/Users/sackb/OneDrive/Desktop/University/Course_Work/2025-2026/Spring_2026/ECE_410/ECE410/project/post_m3_Minor_Redesign/tb/tb_top.sv Line:256
Error: AXI MONITOR: core_C changed while core is idle
Time: 8725 ns  Iteration: 0  Process: /tb_top/u_mon//tb_top/u_mon  Scope: tb_top.u_mon  File: /run/media/sackb/Windows-SSD/Users/sackb/OneDrive/Desktop/University/Course_Work/2025-2026/Spring_2026/ECE_410/ECE410/project/post_m3_Minor_Redesign/tb/tb_top.sv Line: 257

Time: 8735 ns Started: 8725 ns Scope: /tb_top/u_mon File: /run/media/sackb/Windows-SSD/Users/sackb/OneDrive/Desktop/University/Course_Work/2025-2026/Spring_2026/ECE_410/ECE410/project/post_m3_Minor_Redesign/tb/tb_top.sv Line:256
Error: AXI MONITOR: core_C changed while core is idle
Time: 8735 ns  Iteration: 0  Process: /tb_top/u_mon//tb_top/u_mon  Scope: tb_top.u_mon  File: /run/media/sackb/Windows-SSD/Users/sackb/OneDrive/Desktop/University/Course_Work/2025-2026/Spring_2026/ECE_410/ECE410/project/post_m3_Minor_Redesign/tb/tb_top.sv Line: 257

Time: 8745 ns Started: 8735 ns Scope: /tb_top/u_mon File: /run/media/sackb/Windows-SSD/Users/sackb/OneDrive/Desktop/University/Course_Work/2025-2026/Spring_2026/ECE_410/ECE410/project/post_m3_Minor_Redesign/tb/tb_top.sv Line:256
Error: AXI MONITOR: core_C changed while core is idle
Time: 8745 ns  Iteration: 0  Process: /tb_top/u_mon//tb_top/u_mon  Scope: tb_top.u_mon  File: /run/media/sackb/Windows-SSD/Users/sackb/OneDrive/Desktop/University/Course_Work/2025-2026/Spring_2026/ECE_410/ECE410/project/post_m3_Minor_Redesign/tb/tb_top.sv Line: 257

Time: 8755 ns Started: 8745 ns Scope: /tb_top/u_mon File: /run/media/sackb/Windows-SSD/Users/sackb/OneDrive/Desktop/University/Course_Work/2025-2026/Spring_2026/ECE_410/ECE410/project/post_m3_Minor_Redesign/tb/tb_top.sv Line:256
Error: AXI MONITOR: core_C changed while core is idle
Time: 8755 ns  Iteration: 0  Process: /tb_top/u_mon//tb_top/u_mon  Scope: tb_top.u_mon  File: /run/media/sackb/Windows-SSD/Users/sackb/OneDrive/Desktop/University/Course_Work/2025-2026/Spring_2026/ECE_410/ECE410/project/post_m3_Minor_Redesign/tb/tb_top.sv Line: 257

Time: 8765 ns Started: 8755 ns Scope: /tb_top/u_mon File: /run/media/sackb/Windows-SSD/Users/sackb/OneDrive/Desktop/University/Course_Work/2025-2026/Spring_2026/ECE_410/ECE410/project/post_m3_Minor_Redesign/tb/tb_top.sv Line:256
Error: AXI MONITOR: core_C changed while core is idle
Time: 8765 ns  Iteration: 0  Process: /tb_top/u_mon//tb_top/u_mon  Scope: tb_top.u_mon  File: /run/media/sackb/Windows-SSD/Users/sackb/OneDrive/Desktop/University/Course_Work/2025-2026/Spring_2026/ECE_410/ECE410/project/post_m3_Minor_Redesign/tb/tb_top.sv Line: 257

Time: 8775 ns Started: 8765 ns Scope: /tb_top/u_mon File: /run/media/sackb/Windows-SSD/Users/sackb/OneDrive/Desktop/University/Course_Work/2025-2026/Spring_2026/ECE_410/ECE410/project/post_m3_Minor_Redesign/tb/tb_top.sv Line:256
Error: AXI MONITOR: core_C changed while core is idle
Time: 8775 ns  Iteration: 0  Process: /tb_top/u_mon//tb_top/u_mon  Scope: tb_top.u_mon  File: /run/media/sackb/Windows-SSD/Users/sackb/OneDrive/Desktop/University/Course_Work/2025-2026/Spring_2026/ECE_410/ECE410/project/post_m3_Minor_Redesign/tb/tb_top.sv Line: 257

Time: 8785 ns Started: 8775 ns Scope: /tb_top/u_mon File: /run/media/sackb/Windows-SSD/Users/sackb/OneDrive/Desktop/University/Course_Work/2025-2026/Spring_2026/ECE_410/ECE410/project/post_m3_Minor_Redesign/tb/tb_top.sv Line:256
Error: AXI MONITOR: core_C changed while core is idle
Time: 8785 ns  Iteration: 0  Process: /tb_top/u_mon//tb_top/u_mon  Scope: tb_top.u_mon  File: /run/media/sackb/Windows-SSD/Users/sackb/OneDrive/Desktop/University/Course_Work/2025-2026/Spring_2026/ECE_410/ECE410/project/post_m3_Minor_Redesign/tb/tb_top.sv Line: 257

Time: 8795 ns Started: 8785 ns Scope: /tb_top/u_mon File: /run/media/sackb/Windows-SSD/Users/sackb/OneDrive/Desktop/University/Course_Work/2025-2026/Spring_2026/ECE_410/ECE410/project/post_m3_Minor_Redesign/tb/tb_top.sv Line:256
Error: AXI MONITOR: core_C changed while core is idle
Time: 8795 ns  Iteration: 0  Process: /tb_top/u_mon//tb_top/u_mon  Scope: tb_top.u_mon  File: /run/media/sackb/Windows-SSD/Users/sackb/OneDrive/Desktop/University/Course_Work/2025-2026/Spring_2026/ECE_410/ECE410/project/post_m3_Minor_Redesign/tb/tb_top.sv Line: 257

Time: 8805 ns Started: 8795 ns Scope: /tb_top/u_mon File: /run/media/sackb/Windows-SSD/Users/sackb/OneDrive/Desktop/University/Course_Work/2025-2026/Spring_2026/ECE_410/ECE410/project/post_m3_Minor_Redesign/tb/tb_top.sv Line:256
Error: AXI MONITOR: core_C changed while core is idle
Time: 8805 ns  Iteration: 0  Process: /tb_top/u_mon//tb_top/u_mon  Scope: tb_top.u_mon  File: /run/media/sackb/Windows-SSD/Users/sackb/OneDrive/Desktop/University/Course_Work/2025-2026/Spring_2026/ECE_410/ECE410/project/post_m3_Minor_Redesign/tb/tb_top.sv Line: 257

Time: 8815 ns Started: 8805 ns Scope: /tb_top/u_mon File: /run/media/sackb/Windows-SSD/Users/sackb/OneDrive/Desktop/University/Course_Work/2025-2026/Spring_2026/ECE_410/ECE410/project/post_m3_Minor_Redesign/tb/tb_top.sv Line:256
Error: AXI MONITOR: core_C changed while core is idle
Time: 8815 ns  Iteration: 0  Process: /tb_top/u_mon//tb_top/u_mon  Scope: tb_top.u_mon  File: /run/media/sackb/Windows-SSD/Users/sackb/OneDrive/Desktop/University/Course_Work/2025-2026/Spring_2026/ECE_410/ECE410/project/post_m3_Minor_Redesign/tb/tb_top.sv Line: 257

Time: 8825 ns Started: 8815 ns Scope: /tb_top/u_mon File: /run/media/sackb/Windows-SSD/Users/sackb/OneDrive/Desktop/University/Course_Work/2025-2026/Spring_2026/ECE_410/ECE410/project/post_m3_Minor_Redesign/tb/tb_top.sv Line:256
Error: AXI MONITOR: core_C changed while core is idle
Time: 8825 ns  Iteration: 0  Process: /tb_top/u_mon//tb_top/u_mon  Scope: tb_top.u_mon  File: /run/media/sackb/Windows-SSD/Users/sackb/OneDrive/Desktop/University/Course_Work/2025-2026/Spring_2026/ECE_410/ECE410/project/post_m3_Minor_Redesign/tb/tb_top.sv Line: 257

Time: 8835 ns Started: 8825 ns Scope: /tb_top/u_mon File: /run/media/sackb/Windows-SSD/Users/sackb/OneDrive/Desktop/University/Course_Work/2025-2026/Spring_2026/ECE_410/ECE410/project/post_m3_Minor_Redesign/tb/tb_top.sv Line:256
Error: AXI MONITOR: core_C changed while core is idle
Time: 8835 ns  Iteration: 0  Process: /tb_top/u_mon//tb_top/u_mon  Scope: tb_top.u_mon  File: /run/media/sackb/Windows-SSD/Users/sackb/OneDrive/Desktop/University/Course_Work/2025-2026/Spring_2026/ECE_410/ECE410/project/post_m3_Minor_Redesign/tb/tb_top.sv Line: 257

Time: 9285 ns Started: 9275 ns Scope: /tb_top/u_mon File: /run/media/sackb/Windows-SSD/Users/sackb/OneDrive/Desktop/University/Course_Work/2025-2026/Spring_2026/ECE_410/ECE410/project/post_m3_Minor_Redesign/tb/tb_top.sv Line:256
Error: AXI MONITOR: core_C changed while core is idle
Time: 9285 ns  Iteration: 0  Process: /tb_top/u_mon//tb_top/u_mon  Scope: tb_top.u_mon  File: /run/media/sackb/Windows-SSD/Users/sackb/OneDrive/Desktop/University/Course_Work/2025-2026/Spring_2026/ECE_410/ECE410/project/post_m3_Minor_Redesign/tb/tb_top.sv Line: 257

Time: 9295 ns Started: 9285 ns Scope: /tb_top/u_mon File: /run/media/sackb/Windows-SSD/Users/sackb/OneDrive/Desktop/University/Course_Work/2025-2026/Spring_2026/ECE_410/ECE410/project/post_m3_Minor_Redesign/tb/tb_top.sv Line:256
Error: AXI MONITOR: core_C changed while core is idle
Time: 9295 ns  Iteration: 0  Process: /tb_top/u_mon//tb_top/u_mon  Scope: tb_top.u_mon  File: /run/media/sackb/Windows-SSD/Users/sackb/OneDrive/Desktop/University/Course_Work/2025-2026/Spring_2026/ECE_410/ECE410/project/post_m3_Minor_Redesign/tb/tb_top.sv Line: 257

Time: 9305 ns Started: 9295 ns Scope: /tb_top/u_mon File: /run/media/sackb/Windows-SSD/Users/sackb/OneDrive/Desktop/University/Course_Work/2025-2026/Spring_2026/ECE_410/ECE410/project/post_m3_Minor_Redesign/tb/tb_top.sv Line:256
Error: AXI MONITOR: core_C changed while core is idle
Time: 9305 ns  Iteration: 0  Process: /tb_top/u_mon//tb_top/u_mon  Scope: tb_top.u_mon  File: /run/media/sackb/Windows-SSD/Users/sackb/OneDrive/Desktop/University/Course_Work/2025-2026/Spring_2026/ECE_410/ECE410/project/post_m3_Minor_Redesign/tb/tb_top.sv Line: 257

Time: 9315 ns Started: 9305 ns Scope: /tb_top/u_mon File: /run/media/sackb/Windows-SSD/Users/sackb/OneDrive/Desktop/University/Course_Work/2025-2026/Spring_2026/ECE_410/ECE410/project/post_m3_Minor_Redesign/tb/tb_top.sv Line:256
Error: AXI MONITOR: core_C changed while core is idle
Time: 9315 ns  Iteration: 0  Process: /tb_top/u_mon//tb_top/u_mon  Scope: tb_top.u_mon  File: /run/media/sackb/Windows-SSD/Users/sackb/OneDrive/Desktop/University/Course_Work/2025-2026/Spring_2026/ECE_410/ECE410/project/post_m3_Minor_Redesign/tb/tb_top.sv Line: 257

Time: 9325 ns Started: 9315 ns Scope: /tb_top/u_mon File: /run/media/sackb/Windows-SSD/Users/sackb/OneDrive/Desktop/University/Course_Work/2025-2026/Spring_2026/ECE_410/ECE410/project/post_m3_Minor_Redesign/tb/tb_top.sv Line:256
Error: AXI MONITOR: core_C changed while core is idle
Time: 9325 ns  Iteration: 0  Process: /tb_top/u_mon//tb_top/u_mon  Scope: tb_top.u_mon  File: /run/media/sackb/Windows-SSD/Users/sackb/OneDrive/Desktop/University/Course_Work/2025-2026/Spring_2026/ECE_410/ECE410/project/post_m3_Minor_Redesign/tb/tb_top.sv Line: 257

Time: 9335 ns Started: 9325 ns Scope: /tb_top/u_mon File: /run/media/sackb/Windows-SSD/Users/sackb/OneDrive/Desktop/University/Course_Work/2025-2026/Spring_2026/ECE_410/ECE410/project/post_m3_Minor_Redesign/tb/tb_top.sv Line:256
Error: AXI MONITOR: core_C changed while core is idle
Time: 9335 ns  Iteration: 0  Process: /tb_top/u_mon//tb_top/u_mon  Scope: tb_top.u_mon  File: /run/media/sackb/Windows-SSD/Users/sackb/OneDrive/Desktop/University/Course_Work/2025-2026/Spring_2026/ECE_410/ECE410/project/post_m3_Minor_Redesign/tb/tb_top.sv Line: 257

Time: 9345 ns Started: 9335 ns Scope: /tb_top/u_mon File: /run/media/sackb/Windows-SSD/Users/sackb/OneDrive/Desktop/University/Course_Work/2025-2026/Spring_2026/ECE_410/ECE410/project/post_m3_Minor_Redesign/tb/tb_top.sv Line:256
Error: AXI MONITOR: core_C changed while core is idle
Time: 9345 ns  Iteration: 0  Process: /tb_top/u_mon//tb_top/u_mon  Scope: tb_top.u_mon  File: /run/media/sackb/Windows-SSD/Users/sackb/OneDrive/Desktop/University/Course_Work/2025-2026/Spring_2026/ECE_410/ECE410/project/post_m3_Minor_Redesign/tb/tb_top.sv Line: 257

Time: 9355 ns Started: 9345 ns Scope: /tb_top/u_mon File: /run/media/sackb/Windows-SSD/Users/sackb/OneDrive/Desktop/University/Course_Work/2025-2026/Spring_2026/ECE_410/ECE410/project/post_m3_Minor_Redesign/tb/tb_top.sv Line:256
Error: AXI MONITOR: core_C changed while core is idle
Time: 9355 ns  Iteration: 0  Process: /tb_top/u_mon//tb_top/u_mon  Scope: tb_top.u_mon  File: /run/media/sackb/Windows-SSD/Users/sackb/OneDrive/Desktop/University/Course_Work/2025-2026/Spring_2026/ECE_410/ECE410/project/post_m3_Minor_Redesign/tb/tb_top.sv Line: 257

Time: 9365 ns Started: 9355 ns Scope: /tb_top/u_mon File: /run/media/sackb/Windows-SSD/Users/sackb/OneDrive/Desktop/University/Course_Work/2025-2026/Spring_2026/ECE_410/ECE410/project/post_m3_Minor_Redesign/tb/tb_top.sv Line:256
Error: AXI MONITOR: core_C changed while core is idle
Time: 9365 ns  Iteration: 0  Process: /tb_top/u_mon//tb_top/u_mon  Scope: tb_top.u_mon  File: /run/media/sackb/Windows-SSD/Users/sackb/OneDrive/Desktop/University/Course_Work/2025-2026/Spring_2026/ECE_410/ECE410/project/post_m3_Minor_Redesign/tb/tb_top.sv Line: 257

Time: 9375 ns Started: 9365 ns Scope: /tb_top/u_mon File: /run/media/sackb/Windows-SSD/Users/sackb/OneDrive/Desktop/University/Course_Work/2025-2026/Spring_2026/ECE_410/ECE410/project/post_m3_Minor_Redesign/tb/tb_top.sv Line:256
Error: AXI MONITOR: core_C changed while core is idle
Time: 9375 ns  Iteration: 0  Process: /tb_top/u_mon//tb_top/u_mon  Scope: tb_top.u_mon  File: /run/media/sackb/Windows-SSD/Users/sackb/OneDrive/Desktop/University/Course_Work/2025-2026/Spring_2026/ECE_410/ECE410/project/post_m3_Minor_Redesign/tb/tb_top.sv Line: 257

Time: 9385 ns Started: 9375 ns Scope: /tb_top/u_mon File: /run/media/sackb/Windows-SSD/Users/sackb/OneDrive/Desktop/University/Course_Work/2025-2026/Spring_2026/ECE_410/ECE410/project/post_m3_Minor_Redesign/tb/tb_top.sv Line:256
Error: AXI MONITOR: core_C changed while core is idle
Time: 9385 ns  Iteration: 0  Process: /tb_top/u_mon//tb_top/u_mon  Scope: tb_top.u_mon  File: /run/media/sackb/Windows-SSD/Users/sackb/OneDrive/Desktop/University/Course_Work/2025-2026/Spring_2026/ECE_410/ECE410/project/post_m3_Minor_Redesign/tb/tb_top.sv Line: 257

Time: 9395 ns Started: 9385 ns Scope: /tb_top/u_mon File: /run/media/sackb/Windows-SSD/Users/sackb/OneDrive/Desktop/University/Course_Work/2025-2026/Spring_2026/ECE_410/ECE410/project/post_m3_Minor_Redesign/tb/tb_top.sv Line:256
Error: AXI MONITOR: core_C changed while core is idle
Time: 9395 ns  Iteration: 0  Process: /tb_top/u_mon//tb_top/u_mon  Scope: tb_top.u_mon  File: /run/media/sackb/Windows-SSD/Users/sackb/OneDrive/Desktop/University/Course_Work/2025-2026/Spring_2026/ECE_410/ECE410/project/post_m3_Minor_Redesign/tb/tb_top.sv Line: 257

Time: 9405 ns Started: 9395 ns Scope: /tb_top/u_mon File: /run/media/sackb/Windows-SSD/Users/sackb/OneDrive/Desktop/University/Course_Work/2025-2026/Spring_2026/ECE_410/ECE410/project/post_m3_Minor_Redesign/tb/tb_top.sv Line:256
Error: AXI MONITOR: core_C changed while core is idle
Time: 9405 ns  Iteration: 0  Process: /tb_top/u_mon//tb_top/u_mon  Scope: tb_top.u_mon  File: /run/media/sackb/Windows-SSD/Users/sackb/OneDrive/Desktop/University/Course_Work/2025-2026/Spring_2026/ECE_410/ECE410/project/post_m3_Minor_Redesign/tb/tb_top.sv Line: 257

Time: 9415 ns Started: 9405 ns Scope: /tb_top/u_mon File: /run/media/sackb/Windows-SSD/Users/sackb/OneDrive/Desktop/University/Course_Work/2025-2026/Spring_2026/ECE_410/ECE410/project/post_m3_Minor_Redesign/tb/tb_top.sv Line:256
Error: AXI MONITOR: core_C changed while core is idle
Time: 9415 ns  Iteration: 0  Process: /tb_top/u_mon//tb_top/u_mon  Scope: tb_top.u_mon  File: /run/media/sackb/Windows-SSD/Users/sackb/OneDrive/Desktop/University/Course_Work/2025-2026/Spring_2026/ECE_410/ECE410/project/post_m3_Minor_Redesign/tb/tb_top.sv Line: 257

Time: 9425 ns Started: 9415 ns Scope: /tb_top/u_mon File: /run/media/sackb/Windows-SSD/Users/sackb/OneDrive/Desktop/University/Course_Work/2025-2026/Spring_2026/ECE_410/ECE410/project/post_m3_Minor_Redesign/tb/tb_top.sv Line:256
Error: AXI MONITOR: core_C changed while core is idle
Time: 9425 ns  Iteration: 0  Process: /tb_top/u_mon//tb_top/u_mon  Scope: tb_top.u_mon  File: /run/media/sackb/Windows-SSD/Users/sackb/OneDrive/Desktop/University/Course_Work/2025-2026/Spring_2026/ECE_410/ECE410/project/post_m3_Minor_Redesign/tb/tb_top.sv Line: 257

Time: 9435 ns Started: 9425 ns Scope: /tb_top/u_mon File: /run/media/sackb/Windows-SSD/Users/sackb/OneDrive/Desktop/University/Course_Work/2025-2026/Spring_2026/ECE_410/ECE410/project/post_m3_Minor_Redesign/tb/tb_top.sv Line:256
Error: AXI MONITOR: core_C changed while core is idle
Time: 9435 ns  Iteration: 0  Process: /tb_top/u_mon//tb_top/u_mon  Scope: tb_top.u_mon  File: /run/media/sackb/Windows-SSD/Users/sackb/OneDrive/Desktop/University/Course_Work/2025-2026/Spring_2026/ECE_410/ECE410/project/post_m3_Minor_Redesign/tb/tb_top.sv Line: 257

Time: 9445 ns Started: 9435 ns Scope: /tb_top/u_mon File: /run/media/sackb/Windows-SSD/Users/sackb/OneDrive/Desktop/University/Course_Work/2025-2026/Spring_2026/ECE_410/ECE410/project/post_m3_Minor_Redesign/tb/tb_top.sv Line:256
Error: AXI MONITOR: core_C changed while core is idle
Time: 9445 ns  Iteration: 0  Process: /tb_top/u_mon//tb_top/u_mon  Scope: tb_top.u_mon  File: /run/media/sackb/Windows-SSD/Users/sackb/OneDrive/Desktop/University/Course_Work/2025-2026/Spring_2026/ECE_410/ECE410/project/post_m3_Minor_Redesign/tb/tb_top.sv Line: 257

Time: 9455 ns Started: 9445 ns Scope: /tb_top/u_mon File: /run/media/sackb/Windows-SSD/Users/sackb/OneDrive/Desktop/University/Course_Work/2025-2026/Spring_2026/ECE_410/ECE410/project/post_m3_Minor_Redesign/tb/tb_top.sv Line:256
Error: AXI MONITOR: core_C changed while core is idle
Time: 9455 ns  Iteration: 0  Process: /tb_top/u_mon//tb_top/u_mon  Scope: tb_top.u_mon  File: /run/media/sackb/Windows-SSD/Users/sackb/OneDrive/Desktop/University/Course_Work/2025-2026/Spring_2026/ECE_410/ECE410/project/post_m3_Minor_Redesign/tb/tb_top.sv Line: 257

Time: 9465 ns Started: 9455 ns Scope: /tb_top/u_mon File: /run/media/sackb/Windows-SSD/Users/sackb/OneDrive/Desktop/University/Course_Work/2025-2026/Spring_2026/ECE_410/ECE410/project/post_m3_Minor_Redesign/tb/tb_top.sv Line:256
Error: AXI MONITOR: core_C changed while core is idle
Time: 9465 ns  Iteration: 0  Process: /tb_top/u_mon//tb_top/u_mon  Scope: tb_top.u_mon  File: /run/media/sackb/Windows-SSD/Users/sackb/OneDrive/Desktop/University/Course_Work/2025-2026/Spring_2026/ECE_410/ECE410/project/post_m3_Minor_Redesign/tb/tb_top.sv Line: 257

Time: 9475 ns Started: 9465 ns Scope: /tb_top/u_mon File: /run/media/sackb/Windows-SSD/Users/sackb/OneDrive/Desktop/University/Course_Work/2025-2026/Spring_2026/ECE_410/ECE410/project/post_m3_Minor_Redesign/tb/tb_top.sv Line:256
Error: AXI MONITOR: core_C changed while core is idle
Time: 9475 ns  Iteration: 0  Process: /tb_top/u_mon//tb_top/u_mon  Scope: tb_top.u_mon  File: /run/media/sackb/Windows-SSD/Users/sackb/OneDrive/Desktop/University/Course_Work/2025-2026/Spring_2026/ECE_410/ECE410/project/post_m3_Minor_Redesign/tb/tb_top.sv Line: 257

Time: 9485 ns Started: 9475 ns Scope: /tb_top/u_mon File: /run/media/sackb/Windows-SSD/Users/sackb/OneDrive/Desktop/University/Course_Work/2025-2026/Spring_2026/ECE_410/ECE410/project/post_m3_Minor_Redesign/tb/tb_top.sv Line:256
Error: AXI MONITOR: core_C changed while core is idle
Time: 9485 ns  Iteration: 0  Process: /tb_top/u_mon//tb_top/u_mon  Scope: tb_top.u_mon  File: /run/media/sackb/Windows-SSD/Users/sackb/OneDrive/Desktop/University/Course_Work/2025-2026/Spring_2026/ECE_410/ECE410/project/post_m3_Minor_Redesign/tb/tb_top.sv Line: 257

Time: 9495 ns Started: 9485 ns Scope: /tb_top/u_mon File: /run/media/sackb/Windows-SSD/Users/sackb/OneDrive/Desktop/University/Course_Work/2025-2026/Spring_2026/ECE_410/ECE410/project/post_m3_Minor_Redesign/tb/tb_top.sv Line:256
Error: AXI MONITOR: core_C changed while core is idle
Time: 9495 ns  Iteration: 0  Process: /tb_top/u_mon//tb_top/u_mon  Scope: tb_top.u_mon  File: /run/media/sackb/Windows-SSD/Users/sackb/OneDrive/Desktop/University/Course_Work/2025-2026/Spring_2026/ECE_410/ECE410/project/post_m3_Minor_Redesign/tb/tb_top.sv Line: 257

Time: 9505 ns Started: 9495 ns Scope: /tb_top/u_mon File: /run/media/sackb/Windows-SSD/Users/sackb/OneDrive/Desktop/University/Course_Work/2025-2026/Spring_2026/ECE_410/ECE410/project/post_m3_Minor_Redesign/tb/tb_top.sv Line:256
Error: AXI MONITOR: core_C changed while core is idle
Time: 9505 ns  Iteration: 0  Process: /tb_top/u_mon//tb_top/u_mon  Scope: tb_top.u_mon  File: /run/media/sackb/Windows-SSD/Users/sackb/OneDrive/Desktop/University/Course_Work/2025-2026/Spring_2026/ECE_410/ECE410/project/post_m3_Minor_Redesign/tb/tb_top.sv Line: 257

Time: 9515 ns Started: 9505 ns Scope: /tb_top/u_mon File: /run/media/sackb/Windows-SSD/Users/sackb/OneDrive/Desktop/University/Course_Work/2025-2026/Spring_2026/ECE_410/ECE410/project/post_m3_Minor_Redesign/tb/tb_top.sv Line:256
Error: AXI MONITOR: core_C changed while core is idle
Time: 9515 ns  Iteration: 0  Process: /tb_top/u_mon//tb_top/u_mon  Scope: tb_top.u_mon  File: /run/media/sackb/Windows-SSD/Users/sackb/OneDrive/Desktop/University/Course_Work/2025-2026/Spring_2026/ECE_410/ECE410/project/post_m3_Minor_Redesign/tb/tb_top.sv Line: 257

Time: 9525 ns Started: 9515 ns Scope: /tb_top/u_mon File: /run/media/sackb/Windows-SSD/Users/sackb/OneDrive/Desktop/University/Course_Work/2025-2026/Spring_2026/ECE_410/ECE410/project/post_m3_Minor_Redesign/tb/tb_top.sv Line:256
Error: AXI MONITOR: core_C changed while core is idle
Time: 9525 ns  Iteration: 0  Process: /tb_top/u_mon//tb_top/u_mon  Scope: tb_top.u_mon  File: /run/media/sackb/Windows-SSD/Users/sackb/OneDrive/Desktop/University/Course_Work/2025-2026/Spring_2026/ECE_410/ECE410/project/post_m3_Minor_Redesign/tb/tb_top.sv Line: 257

Time: 9535 ns Started: 9525 ns Scope: /tb_top/u_mon File: /run/media/sackb/Windows-SSD/Users/sackb/OneDrive/Desktop/University/Course_Work/2025-2026/Spring_2026/ECE_410/ECE410/project/post_m3_Minor_Redesign/tb/tb_top.sv Line:256
Error: AXI MONITOR: core_C changed while core is idle
Time: 9535 ns  Iteration: 0  Process: /tb_top/u_mon//tb_top/u_mon  Scope: tb_top.u_mon  File: /run/media/sackb/Windows-SSD/Users/sackb/OneDrive/Desktop/University/Course_Work/2025-2026/Spring_2026/ECE_410/ECE410/project/post_m3_Minor_Redesign/tb/tb_top.sv Line: 257

Time: 9545 ns Started: 9535 ns Scope: /tb_top/u_mon File: /run/media/sackb/Windows-SSD/Users/sackb/OneDrive/Desktop/University/Course_Work/2025-2026/Spring_2026/ECE_410/ECE410/project/post_m3_Minor_Redesign/tb/tb_top.sv Line:256
Error: AXI MONITOR: core_C changed while core is idle
Time: 9545 ns  Iteration: 0  Process: /tb_top/u_mon//tb_top/u_mon  Scope: tb_top.u_mon  File: /run/media/sackb/Windows-SSD/Users/sackb/OneDrive/Desktop/University/Course_Work/2025-2026/Spring_2026/ECE_410/ECE410/project/post_m3_Minor_Redesign/tb/tb_top.sv Line: 257

Time: 9555 ns Started: 9545 ns Scope: /tb_top/u_mon File: /run/media/sackb/Windows-SSD/Users/sackb/OneDrive/Desktop/University/Course_Work/2025-2026/Spring_2026/ECE_410/ECE410/project/post_m3_Minor_Redesign/tb/tb_top.sv Line:256
Error: AXI MONITOR: core_C changed while core is idle
Time: 9555 ns  Iteration: 0  Process: /tb_top/u_mon//tb_top/u_mon  Scope: tb_top.u_mon  File: /run/media/sackb/Windows-SSD/Users/sackb/OneDrive/Desktop/University/Course_Work/2025-2026/Spring_2026/ECE_410/ECE410/project/post_m3_Minor_Redesign/tb/tb_top.sv Line: 257

Time: 9565 ns Started: 9555 ns Scope: /tb_top/u_mon File: /run/media/sackb/Windows-SSD/Users/sackb/OneDrive/Desktop/University/Course_Work/2025-2026/Spring_2026/ECE_410/ECE410/project/post_m3_Minor_Redesign/tb/tb_top.sv Line:256
Error: AXI MONITOR: core_C changed while core is idle
Time: 9565 ns  Iteration: 0  Process: /tb_top/u_mon//tb_top/u_mon  Scope: tb_top.u_mon  File: /run/media/sackb/Windows-SSD/Users/sackb/OneDrive/Desktop/University/Course_Work/2025-2026/Spring_2026/ECE_410/ECE410/project/post_m3_Minor_Redesign/tb/tb_top.sv Line: 257

Time: 9575 ns Started: 9565 ns Scope: /tb_top/u_mon File: /run/media/sackb/Windows-SSD/Users/sackb/OneDrive/Desktop/University/Course_Work/2025-2026/Spring_2026/ECE_410/ECE410/project/post_m3_Minor_Redesign/tb/tb_top.sv Line:256
Error: AXI MONITOR: core_C changed while core is idle
Time: 9575 ns  Iteration: 0  Process: /tb_top/u_mon//tb_top/u_mon  Scope: tb_top.u_mon  File: /run/media/sackb/Windows-SSD/Users/sackb/OneDrive/Desktop/University/Course_Work/2025-2026/Spring_2026/ECE_410/ECE410/project/post_m3_Minor_Redesign/tb/tb_top.sv Line: 257

Time: 9585 ns Started: 9575 ns Scope: /tb_top/u_mon File: /run/media/sackb/Windows-SSD/Users/sackb/OneDrive/Desktop/University/Course_Work/2025-2026/Spring_2026/ECE_410/ECE410/project/post_m3_Minor_Redesign/tb/tb_top.sv Line:256
Error: AXI MONITOR: core_C changed while core is idle
Time: 9585 ns  Iteration: 0  Process: /tb_top/u_mon//tb_top/u_mon  Scope: tb_top.u_mon  File: /run/media/sackb/Windows-SSD/Users/sackb/OneDrive/Desktop/University/Course_Work/2025-2026/Spring_2026/ECE_410/ECE410/project/post_m3_Minor_Redesign/tb/tb_top.sv Line: 257

Time: 9595 ns Started: 9585 ns Scope: /tb_top/u_mon File: /run/media/sackb/Windows-SSD/Users/sackb/OneDrive/Desktop/University/Course_Work/2025-2026/Spring_2026/ECE_410/ECE410/project/post_m3_Minor_Redesign/tb/tb_top.sv Line:256
Error: AXI MONITOR: core_C changed while core is idle
Time: 9595 ns  Iteration: 0  Process: /tb_top/u_mon//tb_top/u_mon  Scope: tb_top.u_mon  File: /run/media/sackb/Windows-SSD/Users/sackb/OneDrive/Desktop/University/Course_Work/2025-2026/Spring_2026/ECE_410/ECE410/project/post_m3_Minor_Redesign/tb/tb_top.sv Line: 257

Time: 9605 ns Started: 9595 ns Scope: /tb_top/u_mon File: /run/media/sackb/Windows-SSD/Users/sackb/OneDrive/Desktop/University/Course_Work/2025-2026/Spring_2026/ECE_410/ECE410/project/post_m3_Minor_Redesign/tb/tb_top.sv Line:256
Error: AXI MONITOR: core_C changed while core is idle
Time: 9605 ns  Iteration: 0  Process: /tb_top/u_mon//tb_top/u_mon  Scope: tb_top.u_mon  File: /run/media/sackb/Windows-SSD/Users/sackb/OneDrive/Desktop/University/Course_Work/2025-2026/Spring_2026/ECE_410/ECE410/project/post_m3_Minor_Redesign/tb/tb_top.sv Line: 257

Time: 9615 ns Started: 9605 ns Scope: /tb_top/u_mon File: /run/media/sackb/Windows-SSD/Users/sackb/OneDrive/Desktop/University/Course_Work/2025-2026/Spring_2026/ECE_410/ECE410/project/post_m3_Minor_Redesign/tb/tb_top.sv Line:256
Error: AXI MONITOR: core_C changed while core is idle
Time: 9615 ns  Iteration: 0  Process: /tb_top/u_mon//tb_top/u_mon  Scope: tb_top.u_mon  File: /run/media/sackb/Windows-SSD/Users/sackb/OneDrive/Desktop/University/Course_Work/2025-2026/Spring_2026/ECE_410/ECE410/project/post_m3_Minor_Redesign/tb/tb_top.sv Line: 257

Time: 9625 ns Started: 9615 ns Scope: /tb_top/u_mon File: /run/media/sackb/Windows-SSD/Users/sackb/OneDrive/Desktop/University/Course_Work/2025-2026/Spring_2026/ECE_410/ECE410/project/post_m3_Minor_Redesign/tb/tb_top.sv Line:256
Error: AXI MONITOR: core_C changed while core is idle
Time: 9625 ns  Iteration: 0  Process: /tb_top/u_mon//tb_top/u_mon  Scope: tb_top.u_mon  File: /run/media/sackb/Windows-SSD/Users/sackb/OneDrive/Desktop/University/Course_Work/2025-2026/Spring_2026/ECE_410/ECE410/project/post_m3_Minor_Redesign/tb/tb_top.sv Line: 257

Time: 9635 ns Started: 9625 ns Scope: /tb_top/u_mon File: /run/media/sackb/Windows-SSD/Users/sackb/OneDrive/Desktop/University/Course_Work/2025-2026/Spring_2026/ECE_410/ECE410/project/post_m3_Minor_Redesign/tb/tb_top.sv Line:256
Error: AXI MONITOR: core_C changed while core is idle
Time: 9635 ns  Iteration: 0  Process: /tb_top/u_mon//tb_top/u_mon  Scope: tb_top.u_mon  File: /run/media/sackb/Windows-SSD/Users/sackb/OneDrive/Desktop/University/Course_Work/2025-2026/Spring_2026/ECE_410/ECE410/project/post_m3_Minor_Redesign/tb/tb_top.sv Line: 257

Time: 9645 ns Started: 9635 ns Scope: /tb_top/u_mon File: /run/media/sackb/Windows-SSD/Users/sackb/OneDrive/Desktop/University/Course_Work/2025-2026/Spring_2026/ECE_410/ECE410/project/post_m3_Minor_Redesign/tb/tb_top.sv Line:256
Error: AXI MONITOR: core_C changed while core is idle
Time: 9645 ns  Iteration: 0  Process: /tb_top/u_mon//tb_top/u_mon  Scope: tb_top.u_mon  File: /run/media/sackb/Windows-SSD/Users/sackb/OneDrive/Desktop/University/Course_Work/2025-2026/Spring_2026/ECE_410/ECE410/project/post_m3_Minor_Redesign/tb/tb_top.sv Line: 257
TB_TOP: Iteration 5 complete
TB_TOP: Starting iteration 6

Time: 9655 ns Started: 9645 ns Scope: /tb_top/u_mon File: /run/media/sackb/Windows-SSD/Users/sackb/OneDrive/Desktop/University/Course_Work/2025-2026/Spring_2026/ECE_410/ECE410/project/post_m3_Minor_Redesign/tb/tb_top.sv Line:256
Error: AXI MONITOR: core_C changed while core is idle
Time: 9655 ns  Iteration: 0  Process: /tb_top/u_mon//tb_top/u_mon  Scope: tb_top.u_mon  File: /run/media/sackb/Windows-SSD/Users/sackb/OneDrive/Desktop/University/Course_Work/2025-2026/Spring_2026/ECE_410/ECE410/project/post_m3_Minor_Redesign/tb/tb_top.sv Line: 257

Time: 9665 ns Started: 9655 ns Scope: /tb_top/u_mon File: /run/media/sackb/Windows-SSD/Users/sackb/OneDrive/Desktop/University/Course_Work/2025-2026/Spring_2026/ECE_410/ECE410/project/post_m3_Minor_Redesign/tb/tb_top.sv Line:256
Error: AXI MONITOR: core_C changed while core is idle
Time: 9665 ns  Iteration: 0  Process: /tb_top/u_mon//tb_top/u_mon  Scope: tb_top.u_mon  File: /run/media/sackb/Windows-SSD/Users/sackb/OneDrive/Desktop/University/Course_Work/2025-2026/Spring_2026/ECE_410/ECE410/project/post_m3_Minor_Redesign/tb/tb_top.sv Line: 257

Time: 9675 ns Started: 9665 ns Scope: /tb_top/u_mon File: /run/media/sackb/Windows-SSD/Users/sackb/OneDrive/Desktop/University/Course_Work/2025-2026/Spring_2026/ECE_410/ECE410/project/post_m3_Minor_Redesign/tb/tb_top.sv Line:256
Error: AXI MONITOR: core_C changed while core is idle
Time: 9675 ns  Iteration: 0  Process: /tb_top/u_mon//tb_top/u_mon  Scope: tb_top.u_mon  File: /run/media/sackb/Windows-SSD/Users/sackb/OneDrive/Desktop/University/Course_Work/2025-2026/Spring_2026/ECE_410/ECE410/project/post_m3_Minor_Redesign/tb/tb_top.sv Line: 257

Time: 9685 ns Started: 9675 ns Scope: /tb_top/u_mon File: /run/media/sackb/Windows-SSD/Users/sackb/OneDrive/Desktop/University/Course_Work/2025-2026/Spring_2026/ECE_410/ECE410/project/post_m3_Minor_Redesign/tb/tb_top.sv Line:256
Error: AXI MONITOR: core_C changed while core is idle
Time: 9685 ns  Iteration: 0  Process: /tb_top/u_mon//tb_top/u_mon  Scope: tb_top.u_mon  File: /run/media/sackb/Windows-SSD/Users/sackb/OneDrive/Desktop/University/Course_Work/2025-2026/Spring_2026/ECE_410/ECE410/project/post_m3_Minor_Redesign/tb/tb_top.sv Line: 257

Time: 9695 ns Started: 9685 ns Scope: /tb_top/u_mon File: /run/media/sackb/Windows-SSD/Users/sackb/OneDrive/Desktop/University/Course_Work/2025-2026/Spring_2026/ECE_410/ECE410/project/post_m3_Minor_Redesign/tb/tb_top.sv Line:256
Error: AXI MONITOR: core_C changed while core is idle
Time: 9695 ns  Iteration: 0  Process: /tb_top/u_mon//tb_top/u_mon  Scope: tb_top.u_mon  File: /run/media/sackb/Windows-SSD/Users/sackb/OneDrive/Desktop/University/Course_Work/2025-2026/Spring_2026/ECE_410/ECE410/project/post_m3_Minor_Redesign/tb/tb_top.sv Line: 257

Time: 9705 ns Started: 9695 ns Scope: /tb_top/u_mon File: /run/media/sackb/Windows-SSD/Users/sackb/OneDrive/Desktop/University/Course_Work/2025-2026/Spring_2026/ECE_410/ECE410/project/post_m3_Minor_Redesign/tb/tb_top.sv Line:256
Error: AXI MONITOR: core_C changed while core is idle
Time: 9705 ns  Iteration: 0  Process: /tb_top/u_mon//tb_top/u_mon  Scope: tb_top.u_mon  File: /run/media/sackb/Windows-SSD/Users/sackb/OneDrive/Desktop/University/Course_Work/2025-2026/Spring_2026/ECE_410/ECE410/project/post_m3_Minor_Redesign/tb/tb_top.sv Line: 257

Time: 9715 ns Started: 9705 ns Scope: /tb_top/u_mon File: /run/media/sackb/Windows-SSD/Users/sackb/OneDrive/Desktop/University/Course_Work/2025-2026/Spring_2026/ECE_410/ECE410/project/post_m3_Minor_Redesign/tb/tb_top.sv Line:256
Error: AXI MONITOR: core_C changed while core is idle
Time: 9715 ns  Iteration: 0  Process: /tb_top/u_mon//tb_top/u_mon  Scope: tb_top.u_mon  File: /run/media/sackb/Windows-SSD/Users/sackb/OneDrive/Desktop/University/Course_Work/2025-2026/Spring_2026/ECE_410/ECE410/project/post_m3_Minor_Redesign/tb/tb_top.sv Line: 257

Time: 9725 ns Started: 9715 ns Scope: /tb_top/u_mon File: /run/media/sackb/Windows-SSD/Users/sackb/OneDrive/Desktop/University/Course_Work/2025-2026/Spring_2026/ECE_410/ECE410/project/post_m3_Minor_Redesign/tb/tb_top.sv Line:256
Error: AXI MONITOR: core_C changed while core is idle
Time: 9725 ns  Iteration: 0  Process: /tb_top/u_mon//tb_top/u_mon  Scope: tb_top.u_mon  File: /run/media/sackb/Windows-SSD/Users/sackb/OneDrive/Desktop/University/Course_Work/2025-2026/Spring_2026/ECE_410/ECE410/project/post_m3_Minor_Redesign/tb/tb_top.sv Line: 257

Time: 9735 ns Started: 9725 ns Scope: /tb_top/u_mon File: /run/media/sackb/Windows-SSD/Users/sackb/OneDrive/Desktop/University/Course_Work/2025-2026/Spring_2026/ECE_410/ECE410/project/post_m3_Minor_Redesign/tb/tb_top.sv Line:256
Error: AXI MONITOR: core_C changed while core is idle
Time: 9735 ns  Iteration: 0  Process: /tb_top/u_mon//tb_top/u_mon  Scope: tb_top.u_mon  File: /run/media/sackb/Windows-SSD/Users/sackb/OneDrive/Desktop/University/Course_Work/2025-2026/Spring_2026/ECE_410/ECE410/project/post_m3_Minor_Redesign/tb/tb_top.sv Line: 257

Time: 9745 ns Started: 9735 ns Scope: /tb_top/u_mon File: /run/media/sackb/Windows-SSD/Users/sackb/OneDrive/Desktop/University/Course_Work/2025-2026/Spring_2026/ECE_410/ECE410/project/post_m3_Minor_Redesign/tb/tb_top.sv Line:256
Error: AXI MONITOR: core_C changed while core is idle
Time: 9745 ns  Iteration: 0  Process: /tb_top/u_mon//tb_top/u_mon  Scope: tb_top.u_mon  File: /run/media/sackb/Windows-SSD/Users/sackb/OneDrive/Desktop/University/Course_Work/2025-2026/Spring_2026/ECE_410/ECE410/project/post_m3_Minor_Redesign/tb/tb_top.sv Line: 257

Time: 9755 ns Started: 9745 ns Scope: /tb_top/u_mon File: /run/media/sackb/Windows-SSD/Users/sackb/OneDrive/Desktop/University/Course_Work/2025-2026/Spring_2026/ECE_410/ECE410/project/post_m3_Minor_Redesign/tb/tb_top.sv Line:256
Error: AXI MONITOR: core_C changed while core is idle
Time: 9755 ns  Iteration: 0  Process: /tb_top/u_mon//tb_top/u_mon  Scope: tb_top.u_mon  File: /run/media/sackb/Windows-SSD/Users/sackb/OneDrive/Desktop/University/Course_Work/2025-2026/Spring_2026/ECE_410/ECE410/project/post_m3_Minor_Redesign/tb/tb_top.sv Line: 257

Time: 9765 ns Started: 9755 ns Scope: /tb_top/u_mon File: /run/media/sackb/Windows-SSD/Users/sackb/OneDrive/Desktop/University/Course_Work/2025-2026/Spring_2026/ECE_410/ECE410/project/post_m3_Minor_Redesign/tb/tb_top.sv Line:256
Error: AXI MONITOR: core_C changed while core is idle
Time: 9765 ns  Iteration: 0  Process: /tb_top/u_mon//tb_top/u_mon  Scope: tb_top.u_mon  File: /run/media/sackb/Windows-SSD/Users/sackb/OneDrive/Desktop/University/Course_Work/2025-2026/Spring_2026/ECE_410/ECE410/project/post_m3_Minor_Redesign/tb/tb_top.sv Line: 257

Time: 9775 ns Started: 9765 ns Scope: /tb_top/u_mon File: /run/media/sackb/Windows-SSD/Users/sackb/OneDrive/Desktop/University/Course_Work/2025-2026/Spring_2026/ECE_410/ECE410/project/post_m3_Minor_Redesign/tb/tb_top.sv Line:256
Error: AXI MONITOR: core_C changed while core is idle
Time: 9775 ns  Iteration: 0  Process: /tb_top/u_mon//tb_top/u_mon  Scope: tb_top.u_mon  File: /run/media/sackb/Windows-SSD/Users/sackb/OneDrive/Desktop/University/Course_Work/2025-2026/Spring_2026/ECE_410/ECE410/project/post_m3_Minor_Redesign/tb/tb_top.sv Line: 257

Time: 9785 ns Started: 9775 ns Scope: /tb_top/u_mon File: /run/media/sackb/Windows-SSD/Users/sackb/OneDrive/Desktop/University/Course_Work/2025-2026/Spring_2026/ECE_410/ECE410/project/post_m3_Minor_Redesign/tb/tb_top.sv Line:256
Error: AXI MONITOR: core_C changed while core is idle
Time: 9785 ns  Iteration: 0  Process: /tb_top/u_mon//tb_top/u_mon  Scope: tb_top.u_mon  File: /run/media/sackb/Windows-SSD/Users/sackb/OneDrive/Desktop/University/Course_Work/2025-2026/Spring_2026/ECE_410/ECE410/project/post_m3_Minor_Redesign/tb/tb_top.sv Line: 257

Time: 9795 ns Started: 9785 ns Scope: /tb_top/u_mon File: /run/media/sackb/Windows-SSD/Users/sackb/OneDrive/Desktop/University/Course_Work/2025-2026/Spring_2026/ECE_410/ECE410/project/post_m3_Minor_Redesign/tb/tb_top.sv Line:256
Error: AXI MONITOR: core_C changed while core is idle
Time: 9795 ns  Iteration: 0  Process: /tb_top/u_mon//tb_top/u_mon  Scope: tb_top.u_mon  File: /run/media/sackb/Windows-SSD/Users/sackb/OneDrive/Desktop/University/Course_Work/2025-2026/Spring_2026/ECE_410/ECE410/project/post_m3_Minor_Redesign/tb/tb_top.sv Line: 257

Time: 9805 ns Started: 9795 ns Scope: /tb_top/u_mon File: /run/media/sackb/Windows-SSD/Users/sackb/OneDrive/Desktop/University/Course_Work/2025-2026/Spring_2026/ECE_410/ECE410/project/post_m3_Minor_Redesign/tb/tb_top.sv Line:256
Error: AXI MONITOR: core_C changed while core is idle
Time: 9805 ns  Iteration: 0  Process: /tb_top/u_mon//tb_top/u_mon  Scope: tb_top.u_mon  File: /run/media/sackb/Windows-SSD/Users/sackb/OneDrive/Desktop/University/Course_Work/2025-2026/Spring_2026/ECE_410/ECE410/project/post_m3_Minor_Redesign/tb/tb_top.sv Line: 257

Time: 9815 ns Started: 9805 ns Scope: /tb_top/u_mon File: /run/media/sackb/Windows-SSD/Users/sackb/OneDrive/Desktop/University/Course_Work/2025-2026/Spring_2026/ECE_410/ECE410/project/post_m3_Minor_Redesign/tb/tb_top.sv Line:256
Error: AXI MONITOR: core_C changed while core is idle
Time: 9815 ns  Iteration: 0  Process: /tb_top/u_mon//tb_top/u_mon  Scope: tb_top.u_mon  File: /run/media/sackb/Windows-SSD/Users/sackb/OneDrive/Desktop/University/Course_Work/2025-2026/Spring_2026/ECE_410/ECE410/project/post_m3_Minor_Redesign/tb/tb_top.sv Line: 257

Time: 9825 ns Started: 9815 ns Scope: /tb_top/u_mon File: /run/media/sackb/Windows-SSD/Users/sackb/OneDrive/Desktop/University/Course_Work/2025-2026/Spring_2026/ECE_410/ECE410/project/post_m3_Minor_Redesign/tb/tb_top.sv Line:256
Error: AXI MONITOR: core_C changed while core is idle
Time: 9825 ns  Iteration: 0  Process: /tb_top/u_mon//tb_top/u_mon  Scope: tb_top.u_mon  File: /run/media/sackb/Windows-SSD/Users/sackb/OneDrive/Desktop/University/Course_Work/2025-2026/Spring_2026/ECE_410/ECE410/project/post_m3_Minor_Redesign/tb/tb_top.sv Line: 257

Time: 9835 ns Started: 9825 ns Scope: /tb_top/u_mon File: /run/media/sackb/Windows-SSD/Users/sackb/OneDrive/Desktop/University/Course_Work/2025-2026/Spring_2026/ECE_410/ECE410/project/post_m3_Minor_Redesign/tb/tb_top.sv Line:256
Error: AXI MONITOR: core_C changed while core is idle
Time: 9835 ns  Iteration: 0  Process: /tb_top/u_mon//tb_top/u_mon  Scope: tb_top.u_mon  File: /run/media/sackb/Windows-SSD/Users/sackb/OneDrive/Desktop/University/Course_Work/2025-2026/Spring_2026/ECE_410/ECE410/project/post_m3_Minor_Redesign/tb/tb_top.sv Line: 257

Time: 9845 ns Started: 9835 ns Scope: /tb_top/u_mon File: /run/media/sackb/Windows-SSD/Users/sackb/OneDrive/Desktop/University/Course_Work/2025-2026/Spring_2026/ECE_410/ECE410/project/post_m3_Minor_Redesign/tb/tb_top.sv Line:256
Error: AXI MONITOR: core_C changed while core is idle
Time: 9845 ns  Iteration: 0  Process: /tb_top/u_mon//tb_top/u_mon  Scope: tb_top.u_mon  File: /run/media/sackb/Windows-SSD/Users/sackb/OneDrive/Desktop/University/Course_Work/2025-2026/Spring_2026/ECE_410/ECE410/project/post_m3_Minor_Redesign/tb/tb_top.sv Line: 257

Time: 9855 ns Started: 9845 ns Scope: /tb_top/u_mon File: /run/media/sackb/Windows-SSD/Users/sackb/OneDrive/Desktop/University/Course_Work/2025-2026/Spring_2026/ECE_410/ECE410/project/post_m3_Minor_Redesign/tb/tb_top.sv Line:256
Error: AXI MONITOR: core_C changed while core is idle
Time: 9855 ns  Iteration: 0  Process: /tb_top/u_mon//tb_top/u_mon  Scope: tb_top.u_mon  File: /run/media/sackb/Windows-SSD/Users/sackb/OneDrive/Desktop/University/Course_Work/2025-2026/Spring_2026/ECE_410/ECE410/project/post_m3_Minor_Redesign/tb/tb_top.sv Line: 257

Time: 9865 ns Started: 9855 ns Scope: /tb_top/u_mon File: /run/media/sackb/Windows-SSD/Users/sackb/OneDrive/Desktop/University/Course_Work/2025-2026/Spring_2026/ECE_410/ECE410/project/post_m3_Minor_Redesign/tb/tb_top.sv Line:256
Error: AXI MONITOR: core_C changed while core is idle
Time: 9865 ns  Iteration: 0  Process: /tb_top/u_mon//tb_top/u_mon  Scope: tb_top.u_mon  File: /run/media/sackb/Windows-SSD/Users/sackb/OneDrive/Desktop/University/Course_Work/2025-2026/Spring_2026/ECE_410/ECE410/project/post_m3_Minor_Redesign/tb/tb_top.sv Line: 257

Time: 9875 ns Started: 9865 ns Scope: /tb_top/u_mon File: /run/media/sackb/Windows-SSD/Users/sackb/OneDrive/Desktop/University/Course_Work/2025-2026/Spring_2026/ECE_410/ECE410/project/post_m3_Minor_Redesign/tb/tb_top.sv Line:256
Error: AXI MONITOR: core_C changed while core is idle
Time: 9875 ns  Iteration: 0  Process: /tb_top/u_mon//tb_top/u_mon  Scope: tb_top.u_mon  File: /run/media/sackb/Windows-SSD/Users/sackb/OneDrive/Desktop/University/Course_Work/2025-2026/Spring_2026/ECE_410/ECE410/project/post_m3_Minor_Redesign/tb/tb_top.sv Line: 257

Time: 9885 ns Started: 9875 ns Scope: /tb_top/u_mon File: /run/media/sackb/Windows-SSD/Users/sackb/OneDrive/Desktop/University/Course_Work/2025-2026/Spring_2026/ECE_410/ECE410/project/post_m3_Minor_Redesign/tb/tb_top.sv Line:256
Error: AXI MONITOR: core_C changed while core is idle
Time: 9885 ns  Iteration: 0  Process: /tb_top/u_mon//tb_top/u_mon  Scope: tb_top.u_mon  File: /run/media/sackb/Windows-SSD/Users/sackb/OneDrive/Desktop/University/Course_Work/2025-2026/Spring_2026/ECE_410/ECE410/project/post_m3_Minor_Redesign/tb/tb_top.sv Line: 257

Time: 9895 ns Started: 9885 ns Scope: /tb_top/u_mon File: /run/media/sackb/Windows-SSD/Users/sackb/OneDrive/Desktop/University/Course_Work/2025-2026/Spring_2026/ECE_410/ECE410/project/post_m3_Minor_Redesign/tb/tb_top.sv Line:256
Error: AXI MONITOR: core_C changed while core is idle
Time: 9895 ns  Iteration: 0  Process: /tb_top/u_mon//tb_top/u_mon  Scope: tb_top.u_mon  File: /run/media/sackb/Windows-SSD/Users/sackb/OneDrive/Desktop/University/Course_Work/2025-2026/Spring_2026/ECE_410/ECE410/project/post_m3_Minor_Redesign/tb/tb_top.sv Line: 257

Time: 9905 ns Started: 9895 ns Scope: /tb_top/u_mon File: /run/media/sackb/Windows-SSD/Users/sackb/OneDrive/Desktop/University/Course_Work/2025-2026/Spring_2026/ECE_410/ECE410/project/post_m3_Minor_Redesign/tb/tb_top.sv Line:256
Error: AXI MONITOR: core_C changed while core is idle
Time: 9905 ns  Iteration: 0  Process: /tb_top/u_mon//tb_top/u_mon  Scope: tb_top.u_mon  File: /run/media/sackb/Windows-SSD/Users/sackb/OneDrive/Desktop/University/Course_Work/2025-2026/Spring_2026/ECE_410/ECE410/project/post_m3_Minor_Redesign/tb/tb_top.sv Line: 257

Time: 9915 ns Started: 9905 ns Scope: /tb_top/u_mon File: /run/media/sackb/Windows-SSD/Users/sackb/OneDrive/Desktop/University/Course_Work/2025-2026/Spring_2026/ECE_410/ECE410/project/post_m3_Minor_Redesign/tb/tb_top.sv Line:256
Error: AXI MONITOR: core_C changed while core is idle
Time: 9915 ns  Iteration: 0  Process: /tb_top/u_mon//tb_top/u_mon  Scope: tb_top.u_mon  File: /run/media/sackb/Windows-SSD/Users/sackb/OneDrive/Desktop/University/Course_Work/2025-2026/Spring_2026/ECE_410/ECE410/project/post_m3_Minor_Redesign/tb/tb_top.sv Line: 257

Time: 9925 ns Started: 9915 ns Scope: /tb_top/u_mon File: /run/media/sackb/Windows-SSD/Users/sackb/OneDrive/Desktop/University/Course_Work/2025-2026/Spring_2026/ECE_410/ECE410/project/post_m3_Minor_Redesign/tb/tb_top.sv Line:256
Error: AXI MONITOR: core_C changed while core is idle
Time: 9925 ns  Iteration: 0  Process: /tb_top/u_mon//tb_top/u_mon  Scope: tb_top.u_mon  File: /run/media/sackb/Windows-SSD/Users/sackb/OneDrive/Desktop/University/Course_Work/2025-2026/Spring_2026/ECE_410/ECE410/project/post_m3_Minor_Redesign/tb/tb_top.sv Line: 257

Time: 9935 ns Started: 9925 ns Scope: /tb_top/u_mon File: /run/media/sackb/Windows-SSD/Users/sackb/OneDrive/Desktop/University/Course_Work/2025-2026/Spring_2026/ECE_410/ECE410/project/post_m3_Minor_Redesign/tb/tb_top.sv Line:256
Error: AXI MONITOR: core_C changed while core is idle
Time: 9935 ns  Iteration: 0  Process: /tb_top/u_mon//tb_top/u_mon  Scope: tb_top.u_mon  File: /run/media/sackb/Windows-SSD/Users/sackb/OneDrive/Desktop/University/Course_Work/2025-2026/Spring_2026/ECE_410/ECE410/project/post_m3_Minor_Redesign/tb/tb_top.sv Line: 257

Time: 9945 ns Started: 9935 ns Scope: /tb_top/u_mon File: /run/media/sackb/Windows-SSD/Users/sackb/OneDrive/Desktop/University/Course_Work/2025-2026/Spring_2026/ECE_410/ECE410/project/post_m3_Minor_Redesign/tb/tb_top.sv Line:256
Error: AXI MONITOR: core_C changed while core is idle
Time: 9945 ns  Iteration: 0  Process: /tb_top/u_mon//tb_top/u_mon  Scope: tb_top.u_mon  File: /run/media/sackb/Windows-SSD/Users/sackb/OneDrive/Desktop/University/Course_Work/2025-2026/Spring_2026/ECE_410/ECE410/project/post_m3_Minor_Redesign/tb/tb_top.sv Line: 257

Time: 9955 ns Started: 9945 ns Scope: /tb_top/u_mon File: /run/media/sackb/Windows-SSD/Users/sackb/OneDrive/Desktop/University/Course_Work/2025-2026/Spring_2026/ECE_410/ECE410/project/post_m3_Minor_Redesign/tb/tb_top.sv Line:256
Error: AXI MONITOR: core_C changed while core is idle
Time: 9955 ns  Iteration: 0  Process: /tb_top/u_mon//tb_top/u_mon  Scope: tb_top.u_mon  File: /run/media/sackb/Windows-SSD/Users/sackb/OneDrive/Desktop/University/Course_Work/2025-2026/Spring_2026/ECE_410/ECE410/project/post_m3_Minor_Redesign/tb/tb_top.sv Line: 257

Time: 9965 ns Started: 9955 ns Scope: /tb_top/u_mon File: /run/media/sackb/Windows-SSD/Users/sackb/OneDrive/Desktop/University/Course_Work/2025-2026/Spring_2026/ECE_410/ECE410/project/post_m3_Minor_Redesign/tb/tb_top.sv Line:256
Error: AXI MONITOR: core_C changed while core is idle
Time: 9965 ns  Iteration: 0  Process: /tb_top/u_mon//tb_top/u_mon  Scope: tb_top.u_mon  File: /run/media/sackb/Windows-SSD/Users/sackb/OneDrive/Desktop/University/Course_Work/2025-2026/Spring_2026/ECE_410/ECE410/project/post_m3_Minor_Redesign/tb/tb_top.sv Line: 257

Time: 9975 ns Started: 9965 ns Scope: /tb_top/u_mon File: /run/media/sackb/Windows-SSD/Users/sackb/OneDrive/Desktop/University/Course_Work/2025-2026/Spring_2026/ECE_410/ECE410/project/post_m3_Minor_Redesign/tb/tb_top.sv Line:256
Error: AXI MONITOR: core_C changed while core is idle
Time: 9975 ns  Iteration: 0  Process: /tb_top/u_mon//tb_top/u_mon  Scope: tb_top.u_mon  File: /run/media/sackb/Windows-SSD/Users/sackb/OneDrive/Desktop/University/Course_Work/2025-2026/Spring_2026/ECE_410/ECE410/project/post_m3_Minor_Redesign/tb/tb_top.sv Line: 257

Time: 9985 ns Started: 9975 ns Scope: /tb_top/u_mon File: /run/media/sackb/Windows-SSD/Users/sackb/OneDrive/Desktop/University/Course_Work/2025-2026/Spring_2026/ECE_410/ECE410/project/post_m3_Minor_Redesign/tb/tb_top.sv Line:256
Error: AXI MONITOR: core_C changed while core is idle
Time: 9985 ns  Iteration: 0  Process: /tb_top/u_mon//tb_top/u_mon  Scope: tb_top.u_mon  File: /run/media/sackb/Windows-SSD/Users/sackb/OneDrive/Desktop/University/Course_Work/2025-2026/Spring_2026/ECE_410/ECE410/project/post_m3_Minor_Redesign/tb/tb_top.sv Line: 257

Time: 9995 ns Started: 9985 ns Scope: /tb_top/u_mon File: /run/media/sackb/Windows-SSD/Users/sackb/OneDrive/Desktop/University/Course_Work/2025-2026/Spring_2026/ECE_410/ECE410/project/post_m3_Minor_Redesign/tb/tb_top.sv Line:256
Error: AXI MONITOR: core_C changed while core is idle
Time: 9995 ns  Iteration: 0  Process: /tb_top/u_mon//tb_top/u_mon  Scope: tb_top.u_mon  File: /run/media/sackb/Windows-SSD/Users/sackb/OneDrive/Desktop/University/Course_Work/2025-2026/Spring_2026/ECE_410/ECE410/project/post_m3_Minor_Redesign/tb/tb_top.sv Line: 257

Time: 10005 ns Started: 9995 ns Scope: /tb_top/u_mon File: /run/media/sackb/Windows-SSD/Users/sackb/OneDrive/Desktop/University/Course_Work/2025-2026/Spring_2026/ECE_410/ECE410/project/post_m3_Minor_Redesign/tb/tb_top.sv Line:256
Error: AXI MONITOR: core_C changed while core is idle
Time: 10005 ns  Iteration: 0  Process: /tb_top/u_mon//tb_top/u_mon  Scope: tb_top.u_mon  File: /run/media/sackb/Windows-SSD/Users/sackb/OneDrive/Desktop/University/Course_Work/2025-2026/Spring_2026/ECE_410/ECE410/project/post_m3_Minor_Redesign/tb/tb_top.sv Line: 257

Time: 10015 ns Started: 10005 ns Scope: /tb_top/u_mon File: /run/media/sackb/Windows-SSD/Users/sackb/OneDrive/Desktop/University/Course_Work/2025-2026/Spring_2026/ECE_410/ECE410/project/post_m3_Minor_Redesign/tb/tb_top.sv Line:256
Error: AXI MONITOR: core_C changed while core is idle
Time: 10015 ns  Iteration: 0  Process: /tb_top/u_mon//tb_top/u_mon  Scope: tb_top.u_mon  File: /run/media/sackb/Windows-SSD/Users/sackb/OneDrive/Desktop/University/Course_Work/2025-2026/Spring_2026/ECE_410/ECE410/project/post_m3_Minor_Redesign/tb/tb_top.sv Line: 257

Time: 10025 ns Started: 10015 ns Scope: /tb_top/u_mon File: /run/media/sackb/Windows-SSD/Users/sackb/OneDrive/Desktop/University/Course_Work/2025-2026/Spring_2026/ECE_410/ECE410/project/post_m3_Minor_Redesign/tb/tb_top.sv Line:256
Error: AXI MONITOR: core_C changed while core is idle
Time: 10025 ns  Iteration: 0  Process: /tb_top/u_mon//tb_top/u_mon  Scope: tb_top.u_mon  File: /run/media/sackb/Windows-SSD/Users/sackb/OneDrive/Desktop/University/Course_Work/2025-2026/Spring_2026/ECE_410/ECE410/project/post_m3_Minor_Redesign/tb/tb_top.sv Line: 257

Time: 10035 ns Started: 10025 ns Scope: /tb_top/u_mon File: /run/media/sackb/Windows-SSD/Users/sackb/OneDrive/Desktop/University/Course_Work/2025-2026/Spring_2026/ECE_410/ECE410/project/post_m3_Minor_Redesign/tb/tb_top.sv Line:256
Error: AXI MONITOR: core_C changed while core is idle
Time: 10035 ns  Iteration: 0  Process: /tb_top/u_mon//tb_top/u_mon  Scope: tb_top.u_mon  File: /run/media/sackb/Windows-SSD/Users/sackb/OneDrive/Desktop/University/Course_Work/2025-2026/Spring_2026/ECE_410/ECE410/project/post_m3_Minor_Redesign/tb/tb_top.sv Line: 257

Time: 10045 ns Started: 10035 ns Scope: /tb_top/u_mon File: /run/media/sackb/Windows-SSD/Users/sackb/OneDrive/Desktop/University/Course_Work/2025-2026/Spring_2026/ECE_410/ECE410/project/post_m3_Minor_Redesign/tb/tb_top.sv Line:256
Error: AXI MONITOR: core_C changed while core is idle
Time: 10045 ns  Iteration: 0  Process: /tb_top/u_mon//tb_top/u_mon  Scope: tb_top.u_mon  File: /run/media/sackb/Windows-SSD/Users/sackb/OneDrive/Desktop/University/Course_Work/2025-2026/Spring_2026/ECE_410/ECE410/project/post_m3_Minor_Redesign/tb/tb_top.sv Line: 257

Time: 10055 ns Started: 10045 ns Scope: /tb_top/u_mon File: /run/media/sackb/Windows-SSD/Users/sackb/OneDrive/Desktop/University/Course_Work/2025-2026/Spring_2026/ECE_410/ECE410/project/post_m3_Minor_Redesign/tb/tb_top.sv Line:256
Error: AXI MONITOR: core_C changed while core is idle
Time: 10055 ns  Iteration: 0  Process: /tb_top/u_mon//tb_top/u_mon  Scope: tb_top.u_mon  File: /run/media/sackb/Windows-SSD/Users/sackb/OneDrive/Desktop/University/Course_Work/2025-2026/Spring_2026/ECE_410/ECE410/project/post_m3_Minor_Redesign/tb/tb_top.sv Line: 257

Time: 10065 ns Started: 10055 ns Scope: /tb_top/u_mon File: /run/media/sackb/Windows-SSD/Users/sackb/OneDrive/Desktop/University/Course_Work/2025-2026/Spring_2026/ECE_410/ECE410/project/post_m3_Minor_Redesign/tb/tb_top.sv Line:256
Error: AXI MONITOR: core_C changed while core is idle
Time: 10065 ns  Iteration: 0  Process: /tb_top/u_mon//tb_top/u_mon  Scope: tb_top.u_mon  File: /run/media/sackb/Windows-SSD/Users/sackb/OneDrive/Desktop/University/Course_Work/2025-2026/Spring_2026/ECE_410/ECE410/project/post_m3_Minor_Redesign/tb/tb_top.sv Line: 257

Time: 10075 ns Started: 10065 ns Scope: /tb_top/u_mon File: /run/media/sackb/Windows-SSD/Users/sackb/OneDrive/Desktop/University/Course_Work/2025-2026/Spring_2026/ECE_410/ECE410/project/post_m3_Minor_Redesign/tb/tb_top.sv Line:256
Error: AXI MONITOR: core_C changed while core is idle
Time: 10075 ns  Iteration: 0  Process: /tb_top/u_mon//tb_top/u_mon  Scope: tb_top.u_mon  File: /run/media/sackb/Windows-SSD/Users/sackb/OneDrive/Desktop/University/Course_Work/2025-2026/Spring_2026/ECE_410/ECE410/project/post_m3_Minor_Redesign/tb/tb_top.sv Line: 257

Time: 10085 ns Started: 10075 ns Scope: /tb_top/u_mon File: /run/media/sackb/Windows-SSD/Users/sackb/OneDrive/Desktop/University/Course_Work/2025-2026/Spring_2026/ECE_410/ECE410/project/post_m3_Minor_Redesign/tb/tb_top.sv Line:256
Error: AXI MONITOR: core_C changed while core is idle
Time: 10085 ns  Iteration: 0  Process: /tb_top/u_mon//tb_top/u_mon  Scope: tb_top.u_mon  File: /run/media/sackb/Windows-SSD/Users/sackb/OneDrive/Desktop/University/Course_Work/2025-2026/Spring_2026/ECE_410/ECE410/project/post_m3_Minor_Redesign/tb/tb_top.sv Line: 257

Time: 10095 ns Started: 10085 ns Scope: /tb_top/u_mon File: /run/media/sackb/Windows-SSD/Users/sackb/OneDrive/Desktop/University/Course_Work/2025-2026/Spring_2026/ECE_410/ECE410/project/post_m3_Minor_Redesign/tb/tb_top.sv Line:256
Error: AXI MONITOR: core_C changed while core is idle
Time: 10095 ns  Iteration: 0  Process: /tb_top/u_mon//tb_top/u_mon  Scope: tb_top.u_mon  File: /run/media/sackb/Windows-SSD/Users/sackb/OneDrive/Desktop/University/Course_Work/2025-2026/Spring_2026/ECE_410/ECE410/project/post_m3_Minor_Redesign/tb/tb_top.sv Line: 257

Time: 10105 ns Started: 10095 ns Scope: /tb_top/u_mon File: /run/media/sackb/Windows-SSD/Users/sackb/OneDrive/Desktop/University/Course_Work/2025-2026/Spring_2026/ECE_410/ECE410/project/post_m3_Minor_Redesign/tb/tb_top.sv Line:256
Error: AXI MONITOR: core_C changed while core is idle
Time: 10105 ns  Iteration: 0  Process: /tb_top/u_mon//tb_top/u_mon  Scope: tb_top.u_mon  File: /run/media/sackb/Windows-SSD/Users/sackb/OneDrive/Desktop/University/Course_Work/2025-2026/Spring_2026/ECE_410/ECE410/project/post_m3_Minor_Redesign/tb/tb_top.sv Line: 257

Time: 10115 ns Started: 10105 ns Scope: /tb_top/u_mon File: /run/media/sackb/Windows-SSD/Users/sackb/OneDrive/Desktop/University/Course_Work/2025-2026/Spring_2026/ECE_410/ECE410/project/post_m3_Minor_Redesign/tb/tb_top.sv Line:256
Error: AXI MONITOR: core_C changed while core is idle
Time: 10115 ns  Iteration: 0  Process: /tb_top/u_mon//tb_top/u_mon  Scope: tb_top.u_mon  File: /run/media/sackb/Windows-SSD/Users/sackb/OneDrive/Desktop/University/Course_Work/2025-2026/Spring_2026/ECE_410/ECE410/project/post_m3_Minor_Redesign/tb/tb_top.sv Line: 257

Time: 10125 ns Started: 10115 ns Scope: /tb_top/u_mon File: /run/media/sackb/Windows-SSD/Users/sackb/OneDrive/Desktop/University/Course_Work/2025-2026/Spring_2026/ECE_410/ECE410/project/post_m3_Minor_Redesign/tb/tb_top.sv Line:256
Error: AXI MONITOR: core_C changed while core is idle
Time: 10125 ns  Iteration: 0  Process: /tb_top/u_mon//tb_top/u_mon  Scope: tb_top.u_mon  File: /run/media/sackb/Windows-SSD/Users/sackb/OneDrive/Desktop/University/Course_Work/2025-2026/Spring_2026/ECE_410/ECE410/project/post_m3_Minor_Redesign/tb/tb_top.sv Line: 257

Time: 10135 ns Started: 10125 ns Scope: /tb_top/u_mon File: /run/media/sackb/Windows-SSD/Users/sackb/OneDrive/Desktop/University/Course_Work/2025-2026/Spring_2026/ECE_410/ECE410/project/post_m3_Minor_Redesign/tb/tb_top.sv Line:256
Error: AXI MONITOR: core_C changed while core is idle
Time: 10135 ns  Iteration: 0  Process: /tb_top/u_mon//tb_top/u_mon  Scope: tb_top.u_mon  File: /run/media/sackb/Windows-SSD/Users/sackb/OneDrive/Desktop/University/Course_Work/2025-2026/Spring_2026/ECE_410/ECE410/project/post_m3_Minor_Redesign/tb/tb_top.sv Line: 257

Time: 10145 ns Started: 10135 ns Scope: /tb_top/u_mon File: /run/media/sackb/Windows-SSD/Users/sackb/OneDrive/Desktop/University/Course_Work/2025-2026/Spring_2026/ECE_410/ECE410/project/post_m3_Minor_Redesign/tb/tb_top.sv Line:256
Error: AXI MONITOR: core_C changed while core is idle
Time: 10145 ns  Iteration: 0  Process: /tb_top/u_mon//tb_top/u_mon  Scope: tb_top.u_mon  File: /run/media/sackb/Windows-SSD/Users/sackb/OneDrive/Desktop/University/Course_Work/2025-2026/Spring_2026/ECE_410/ECE410/project/post_m3_Minor_Redesign/tb/tb_top.sv Line: 257

Time: 10155 ns Started: 10145 ns Scope: /tb_top/u_mon File: /run/media/sackb/Windows-SSD/Users/sackb/OneDrive/Desktop/University/Course_Work/2025-2026/Spring_2026/ECE_410/ECE410/project/post_m3_Minor_Redesign/tb/tb_top.sv Line:256
Error: AXI MONITOR: core_C changed while core is idle
Time: 10155 ns  Iteration: 0  Process: /tb_top/u_mon//tb_top/u_mon  Scope: tb_top.u_mon  File: /run/media/sackb/Windows-SSD/Users/sackb/OneDrive/Desktop/University/Course_Work/2025-2026/Spring_2026/ECE_410/ECE410/project/post_m3_Minor_Redesign/tb/tb_top.sv Line: 257

Time: 10165 ns Started: 10155 ns Scope: /tb_top/u_mon File: /run/media/sackb/Windows-SSD/Users/sackb/OneDrive/Desktop/University/Course_Work/2025-2026/Spring_2026/ECE_410/ECE410/project/post_m3_Minor_Redesign/tb/tb_top.sv Line:256
Error: AXI MONITOR: core_C changed while core is idle
Time: 10165 ns  Iteration: 0  Process: /tb_top/u_mon//tb_top/u_mon  Scope: tb_top.u_mon  File: /run/media/sackb/Windows-SSD/Users/sackb/OneDrive/Desktop/University/Course_Work/2025-2026/Spring_2026/ECE_410/ECE410/project/post_m3_Minor_Redesign/tb/tb_top.sv Line: 257

Time: 10175 ns Started: 10165 ns Scope: /tb_top/u_mon File: /run/media/sackb/Windows-SSD/Users/sackb/OneDrive/Desktop/University/Course_Work/2025-2026/Spring_2026/ECE_410/ECE410/project/post_m3_Minor_Redesign/tb/tb_top.sv Line:256
Error: AXI MONITOR: core_C changed while core is idle
Time: 10175 ns  Iteration: 0  Process: /tb_top/u_mon//tb_top/u_mon  Scope: tb_top.u_mon  File: /run/media/sackb/Windows-SSD/Users/sackb/OneDrive/Desktop/University/Course_Work/2025-2026/Spring_2026/ECE_410/ECE410/project/post_m3_Minor_Redesign/tb/tb_top.sv Line: 257

Time: 10185 ns Started: 10175 ns Scope: /tb_top/u_mon File: /run/media/sackb/Windows-SSD/Users/sackb/OneDrive/Desktop/University/Course_Work/2025-2026/Spring_2026/ECE_410/ECE410/project/post_m3_Minor_Redesign/tb/tb_top.sv Line:256
Error: AXI MONITOR: core_C changed while core is idle
Time: 10185 ns  Iteration: 0  Process: /tb_top/u_mon//tb_top/u_mon  Scope: tb_top.u_mon  File: /run/media/sackb/Windows-SSD/Users/sackb/OneDrive/Desktop/University/Course_Work/2025-2026/Spring_2026/ECE_410/ECE410/project/post_m3_Minor_Redesign/tb/tb_top.sv Line: 257

Time: 10195 ns Started: 10185 ns Scope: /tb_top/u_mon File: /run/media/sackb/Windows-SSD/Users/sackb/OneDrive/Desktop/University/Course_Work/2025-2026/Spring_2026/ECE_410/ECE410/project/post_m3_Minor_Redesign/tb/tb_top.sv Line:256
Error: AXI MONITOR: core_C changed while core is idle
Time: 10195 ns  Iteration: 0  Process: /tb_top/u_mon//tb_top/u_mon  Scope: tb_top.u_mon  File: /run/media/sackb/Windows-SSD/Users/sackb/OneDrive/Desktop/University/Course_Work/2025-2026/Spring_2026/ECE_410/ECE410/project/post_m3_Minor_Redesign/tb/tb_top.sv Line: 257

Time: 10205 ns Started: 10195 ns Scope: /tb_top/u_mon File: /run/media/sackb/Windows-SSD/Users/sackb/OneDrive/Desktop/University/Course_Work/2025-2026/Spring_2026/ECE_410/ECE410/project/post_m3_Minor_Redesign/tb/tb_top.sv Line:256
Error: AXI MONITOR: core_C changed while core is idle
Time: 10205 ns  Iteration: 0  Process: /tb_top/u_mon//tb_top/u_mon  Scope: tb_top.u_mon  File: /run/media/sackb/Windows-SSD/Users/sackb/OneDrive/Desktop/University/Course_Work/2025-2026/Spring_2026/ECE_410/ECE410/project/post_m3_Minor_Redesign/tb/tb_top.sv Line: 257

Time: 10215 ns Started: 10205 ns Scope: /tb_top/u_mon File: /run/media/sackb/Windows-SSD/Users/sackb/OneDrive/Desktop/University/Course_Work/2025-2026/Spring_2026/ECE_410/ECE410/project/post_m3_Minor_Redesign/tb/tb_top.sv Line:256
Error: AXI MONITOR: core_C changed while core is idle
Time: 10215 ns  Iteration: 0  Process: /tb_top/u_mon//tb_top/u_mon  Scope: tb_top.u_mon  File: /run/media/sackb/Windows-SSD/Users/sackb/OneDrive/Desktop/University/Course_Work/2025-2026/Spring_2026/ECE_410/ECE410/project/post_m3_Minor_Redesign/tb/tb_top.sv Line: 257

Time: 10225 ns Started: 10215 ns Scope: /tb_top/u_mon File: /run/media/sackb/Windows-SSD/Users/sackb/OneDrive/Desktop/University/Course_Work/2025-2026/Spring_2026/ECE_410/ECE410/project/post_m3_Minor_Redesign/tb/tb_top.sv Line:256
Error: AXI MONITOR: core_C changed while core is idle
Time: 10225 ns  Iteration: 0  Process: /tb_top/u_mon//tb_top/u_mon  Scope: tb_top.u_mon  File: /run/media/sackb/Windows-SSD/Users/sackb/OneDrive/Desktop/University/Course_Work/2025-2026/Spring_2026/ECE_410/ECE410/project/post_m3_Minor_Redesign/tb/tb_top.sv Line: 257

Time: 10235 ns Started: 10225 ns Scope: /tb_top/u_mon File: /run/media/sackb/Windows-SSD/Users/sackb/OneDrive/Desktop/University/Course_Work/2025-2026/Spring_2026/ECE_410/ECE410/project/post_m3_Minor_Redesign/tb/tb_top.sv Line:256
Error: AXI MONITOR: core_C changed while core is idle
Time: 10235 ns  Iteration: 0  Process: /tb_top/u_mon//tb_top/u_mon  Scope: tb_top.u_mon  File: /run/media/sackb/Windows-SSD/Users/sackb/OneDrive/Desktop/University/Course_Work/2025-2026/Spring_2026/ECE_410/ECE410/project/post_m3_Minor_Redesign/tb/tb_top.sv Line: 257

Time: 10245 ns Started: 10235 ns Scope: /tb_top/u_mon File: /run/media/sackb/Windows-SSD/Users/sackb/OneDrive/Desktop/University/Course_Work/2025-2026/Spring_2026/ECE_410/ECE410/project/post_m3_Minor_Redesign/tb/tb_top.sv Line:256
Error: AXI MONITOR: core_C changed while core is idle
Time: 10245 ns  Iteration: 0  Process: /tb_top/u_mon//tb_top/u_mon  Scope: tb_top.u_mon  File: /run/media/sackb/Windows-SSD/Users/sackb/OneDrive/Desktop/University/Course_Work/2025-2026/Spring_2026/ECE_410/ECE410/project/post_m3_Minor_Redesign/tb/tb_top.sv Line: 257

Time: 10255 ns Started: 10245 ns Scope: /tb_top/u_mon File: /run/media/sackb/Windows-SSD/Users/sackb/OneDrive/Desktop/University/Course_Work/2025-2026/Spring_2026/ECE_410/ECE410/project/post_m3_Minor_Redesign/tb/tb_top.sv Line:256
Error: AXI MONITOR: core_C changed while core is idle
Time: 10255 ns  Iteration: 0  Process: /tb_top/u_mon//tb_top/u_mon  Scope: tb_top.u_mon  File: /run/media/sackb/Windows-SSD/Users/sackb/OneDrive/Desktop/University/Course_Work/2025-2026/Spring_2026/ECE_410/ECE410/project/post_m3_Minor_Redesign/tb/tb_top.sv Line: 257

Time: 10265 ns Started: 10255 ns Scope: /tb_top/u_mon File: /run/media/sackb/Windows-SSD/Users/sackb/OneDrive/Desktop/University/Course_Work/2025-2026/Spring_2026/ECE_410/ECE410/project/post_m3_Minor_Redesign/tb/tb_top.sv Line:256
Error: AXI MONITOR: core_C changed while core is idle
Time: 10265 ns  Iteration: 0  Process: /tb_top/u_mon//tb_top/u_mon  Scope: tb_top.u_mon  File: /run/media/sackb/Windows-SSD/Users/sackb/OneDrive/Desktop/University/Course_Work/2025-2026/Spring_2026/ECE_410/ECE410/project/post_m3_Minor_Redesign/tb/tb_top.sv Line: 257

Time: 10275 ns Started: 10265 ns Scope: /tb_top/u_mon File: /run/media/sackb/Windows-SSD/Users/sackb/OneDrive/Desktop/University/Course_Work/2025-2026/Spring_2026/ECE_410/ECE410/project/post_m3_Minor_Redesign/tb/tb_top.sv Line:256
Error: AXI MONITOR: core_C changed while core is idle
Time: 10275 ns  Iteration: 0  Process: /tb_top/u_mon//tb_top/u_mon  Scope: tb_top.u_mon  File: /run/media/sackb/Windows-SSD/Users/sackb/OneDrive/Desktop/University/Course_Work/2025-2026/Spring_2026/ECE_410/ECE410/project/post_m3_Minor_Redesign/tb/tb_top.sv Line: 257

Time: 10285 ns Started: 10275 ns Scope: /tb_top/u_mon File: /run/media/sackb/Windows-SSD/Users/sackb/OneDrive/Desktop/University/Course_Work/2025-2026/Spring_2026/ECE_410/ECE410/project/post_m3_Minor_Redesign/tb/tb_top.sv Line:256
Error: AXI MONITOR: core_C changed while core is idle
Time: 10285 ns  Iteration: 0  Process: /tb_top/u_mon//tb_top/u_mon  Scope: tb_top.u_mon  File: /run/media/sackb/Windows-SSD/Users/sackb/OneDrive/Desktop/University/Course_Work/2025-2026/Spring_2026/ECE_410/ECE410/project/post_m3_Minor_Redesign/tb/tb_top.sv Line: 257

Time: 10295 ns Started: 10285 ns Scope: /tb_top/u_mon File: /run/media/sackb/Windows-SSD/Users/sackb/OneDrive/Desktop/University/Course_Work/2025-2026/Spring_2026/ECE_410/ECE410/project/post_m3_Minor_Redesign/tb/tb_top.sv Line:256
Error: AXI MONITOR: core_C changed while core is idle
Time: 10295 ns  Iteration: 0  Process: /tb_top/u_mon//tb_top/u_mon  Scope: tb_top.u_mon  File: /run/media/sackb/Windows-SSD/Users/sackb/OneDrive/Desktop/University/Course_Work/2025-2026/Spring_2026/ECE_410/ECE410/project/post_m3_Minor_Redesign/tb/tb_top.sv Line: 257

Time: 10305 ns Started: 10295 ns Scope: /tb_top/u_mon File: /run/media/sackb/Windows-SSD/Users/sackb/OneDrive/Desktop/University/Course_Work/2025-2026/Spring_2026/ECE_410/ECE410/project/post_m3_Minor_Redesign/tb/tb_top.sv Line:256
Error: AXI MONITOR: core_C changed while core is idle
Time: 10305 ns  Iteration: 0  Process: /tb_top/u_mon//tb_top/u_mon  Scope: tb_top.u_mon  File: /run/media/sackb/Windows-SSD/Users/sackb/OneDrive/Desktop/University/Course_Work/2025-2026/Spring_2026/ECE_410/ECE410/project/post_m3_Minor_Redesign/tb/tb_top.sv Line: 257

Time: 10315 ns Started: 10305 ns Scope: /tb_top/u_mon File: /run/media/sackb/Windows-SSD/Users/sackb/OneDrive/Desktop/University/Course_Work/2025-2026/Spring_2026/ECE_410/ECE410/project/post_m3_Minor_Redesign/tb/tb_top.sv Line:256
Error: AXI MONITOR: core_C changed while core is idle
Time: 10315 ns  Iteration: 0  Process: /tb_top/u_mon//tb_top/u_mon  Scope: tb_top.u_mon  File: /run/media/sackb/Windows-SSD/Users/sackb/OneDrive/Desktop/University/Course_Work/2025-2026/Spring_2026/ECE_410/ECE410/project/post_m3_Minor_Redesign/tb/tb_top.sv Line: 257

Time: 10325 ns Started: 10315 ns Scope: /tb_top/u_mon File: /run/media/sackb/Windows-SSD/Users/sackb/OneDrive/Desktop/University/Course_Work/2025-2026/Spring_2026/ECE_410/ECE410/project/post_m3_Minor_Redesign/tb/tb_top.sv Line:256
Error: AXI MONITOR: core_C changed while core is idle
Time: 10325 ns  Iteration: 0  Process: /tb_top/u_mon//tb_top/u_mon  Scope: tb_top.u_mon  File: /run/media/sackb/Windows-SSD/Users/sackb/OneDrive/Desktop/University/Course_Work/2025-2026/Spring_2026/ECE_410/ECE410/project/post_m3_Minor_Redesign/tb/tb_top.sv Line: 257

Time: 10335 ns Started: 10325 ns Scope: /tb_top/u_mon File: /run/media/sackb/Windows-SSD/Users/sackb/OneDrive/Desktop/University/Course_Work/2025-2026/Spring_2026/ECE_410/ECE410/project/post_m3_Minor_Redesign/tb/tb_top.sv Line:256
Error: AXI MONITOR: core_C changed while core is idle
Time: 10335 ns  Iteration: 0  Process: /tb_top/u_mon//tb_top/u_mon  Scope: tb_top.u_mon  File: /run/media/sackb/Windows-SSD/Users/sackb/OneDrive/Desktop/University/Course_Work/2025-2026/Spring_2026/ECE_410/ECE410/project/post_m3_Minor_Redesign/tb/tb_top.sv Line: 257

Time: 10345 ns Started: 10335 ns Scope: /tb_top/u_mon File: /run/media/sackb/Windows-SSD/Users/sackb/OneDrive/Desktop/University/Course_Work/2025-2026/Spring_2026/ECE_410/ECE410/project/post_m3_Minor_Redesign/tb/tb_top.sv Line:256
Error: AXI MONITOR: core_C changed while core is idle
Time: 10345 ns  Iteration: 0  Process: /tb_top/u_mon//tb_top/u_mon  Scope: tb_top.u_mon  File: /run/media/sackb/Windows-SSD/Users/sackb/OneDrive/Desktop/University/Course_Work/2025-2026/Spring_2026/ECE_410/ECE410/project/post_m3_Minor_Redesign/tb/tb_top.sv Line: 257

Time: 10355 ns Started: 10345 ns Scope: /tb_top/u_mon File: /run/media/sackb/Windows-SSD/Users/sackb/OneDrive/Desktop/University/Course_Work/2025-2026/Spring_2026/ECE_410/ECE410/project/post_m3_Minor_Redesign/tb/tb_top.sv Line:256
Error: AXI MONITOR: core_C changed while core is idle
Time: 10355 ns  Iteration: 0  Process: /tb_top/u_mon//tb_top/u_mon  Scope: tb_top.u_mon  File: /run/media/sackb/Windows-SSD/Users/sackb/OneDrive/Desktop/University/Course_Work/2025-2026/Spring_2026/ECE_410/ECE410/project/post_m3_Minor_Redesign/tb/tb_top.sv Line: 257

Time: 10365 ns Started: 10355 ns Scope: /tb_top/u_mon File: /run/media/sackb/Windows-SSD/Users/sackb/OneDrive/Desktop/University/Course_Work/2025-2026/Spring_2026/ECE_410/ECE410/project/post_m3_Minor_Redesign/tb/tb_top.sv Line:256
Error: AXI MONITOR: core_C changed while core is idle
Time: 10365 ns  Iteration: 0  Process: /tb_top/u_mon//tb_top/u_mon  Scope: tb_top.u_mon  File: /run/media/sackb/Windows-SSD/Users/sackb/OneDrive/Desktop/University/Course_Work/2025-2026/Spring_2026/ECE_410/ECE410/project/post_m3_Minor_Redesign/tb/tb_top.sv Line: 257

Time: 10375 ns Started: 10365 ns Scope: /tb_top/u_mon File: /run/media/sackb/Windows-SSD/Users/sackb/OneDrive/Desktop/University/Course_Work/2025-2026/Spring_2026/ECE_410/ECE410/project/post_m3_Minor_Redesign/tb/tb_top.sv Line:256
Error: AXI MONITOR: core_C changed while core is idle
Time: 10375 ns  Iteration: 0  Process: /tb_top/u_mon//tb_top/u_mon  Scope: tb_top.u_mon  File: /run/media/sackb/Windows-SSD/Users/sackb/OneDrive/Desktop/University/Course_Work/2025-2026/Spring_2026/ECE_410/ECE410/project/post_m3_Minor_Redesign/tb/tb_top.sv Line: 257

Time: 10385 ns Started: 10375 ns Scope: /tb_top/u_mon File: /run/media/sackb/Windows-SSD/Users/sackb/OneDrive/Desktop/University/Course_Work/2025-2026/Spring_2026/ECE_410/ECE410/project/post_m3_Minor_Redesign/tb/tb_top.sv Line:256
Error: AXI MONITOR: core_C changed while core is idle
Time: 10385 ns  Iteration: 0  Process: /tb_top/u_mon//tb_top/u_mon  Scope: tb_top.u_mon  File: /run/media/sackb/Windows-SSD/Users/sackb/OneDrive/Desktop/University/Course_Work/2025-2026/Spring_2026/ECE_410/ECE410/project/post_m3_Minor_Redesign/tb/tb_top.sv Line: 257

Time: 10395 ns Started: 10385 ns Scope: /tb_top/u_mon File: /run/media/sackb/Windows-SSD/Users/sackb/OneDrive/Desktop/University/Course_Work/2025-2026/Spring_2026/ECE_410/ECE410/project/post_m3_Minor_Redesign/tb/tb_top.sv Line:256
Error: AXI MONITOR: core_C changed while core is idle
Time: 10395 ns  Iteration: 0  Process: /tb_top/u_mon//tb_top/u_mon  Scope: tb_top.u_mon  File: /run/media/sackb/Windows-SSD/Users/sackb/OneDrive/Desktop/University/Course_Work/2025-2026/Spring_2026/ECE_410/ECE410/project/post_m3_Minor_Redesign/tb/tb_top.sv Line: 257

Time: 10405 ns Started: 10395 ns Scope: /tb_top/u_mon File: /run/media/sackb/Windows-SSD/Users/sackb/OneDrive/Desktop/University/Course_Work/2025-2026/Spring_2026/ECE_410/ECE410/project/post_m3_Minor_Redesign/tb/tb_top.sv Line:256
Error: AXI MONITOR: core_C changed while core is idle
Time: 10405 ns  Iteration: 0  Process: /tb_top/u_mon//tb_top/u_mon  Scope: tb_top.u_mon  File: /run/media/sackb/Windows-SSD/Users/sackb/OneDrive/Desktop/University/Course_Work/2025-2026/Spring_2026/ECE_410/ECE410/project/post_m3_Minor_Redesign/tb/tb_top.sv Line: 257

Time: 10415 ns Started: 10405 ns Scope: /tb_top/u_mon File: /run/media/sackb/Windows-SSD/Users/sackb/OneDrive/Desktop/University/Course_Work/2025-2026/Spring_2026/ECE_410/ECE410/project/post_m3_Minor_Redesign/tb/tb_top.sv Line:256
Error: AXI MONITOR: core_C changed while core is idle
Time: 10415 ns  Iteration: 0  Process: /tb_top/u_mon//tb_top/u_mon  Scope: tb_top.u_mon  File: /run/media/sackb/Windows-SSD/Users/sackb/OneDrive/Desktop/University/Course_Work/2025-2026/Spring_2026/ECE_410/ECE410/project/post_m3_Minor_Redesign/tb/tb_top.sv Line: 257

Time: 10425 ns Started: 10415 ns Scope: /tb_top/u_mon File: /run/media/sackb/Windows-SSD/Users/sackb/OneDrive/Desktop/University/Course_Work/2025-2026/Spring_2026/ECE_410/ECE410/project/post_m3_Minor_Redesign/tb/tb_top.sv Line:256
Error: AXI MONITOR: core_C changed while core is idle
Time: 10425 ns  Iteration: 0  Process: /tb_top/u_mon//tb_top/u_mon  Scope: tb_top.u_mon  File: /run/media/sackb/Windows-SSD/Users/sackb/OneDrive/Desktop/University/Course_Work/2025-2026/Spring_2026/ECE_410/ECE410/project/post_m3_Minor_Redesign/tb/tb_top.sv Line: 257

Time: 10875 ns Started: 10865 ns Scope: /tb_top/u_mon File: /run/media/sackb/Windows-SSD/Users/sackb/OneDrive/Desktop/University/Course_Work/2025-2026/Spring_2026/ECE_410/ECE410/project/post_m3_Minor_Redesign/tb/tb_top.sv Line:256
Error: AXI MONITOR: core_C changed while core is idle
Time: 10875 ns  Iteration: 0  Process: /tb_top/u_mon//tb_top/u_mon  Scope: tb_top.u_mon  File: /run/media/sackb/Windows-SSD/Users/sackb/OneDrive/Desktop/University/Course_Work/2025-2026/Spring_2026/ECE_410/ECE410/project/post_m3_Minor_Redesign/tb/tb_top.sv Line: 257

Time: 10885 ns Started: 10875 ns Scope: /tb_top/u_mon File: /run/media/sackb/Windows-SSD/Users/sackb/OneDrive/Desktop/University/Course_Work/2025-2026/Spring_2026/ECE_410/ECE410/project/post_m3_Minor_Redesign/tb/tb_top.sv Line:256
Error: AXI MONITOR: core_C changed while core is idle
Time: 10885 ns  Iteration: 0  Process: /tb_top/u_mon//tb_top/u_mon  Scope: tb_top.u_mon  File: /run/media/sackb/Windows-SSD/Users/sackb/OneDrive/Desktop/University/Course_Work/2025-2026/Spring_2026/ECE_410/ECE410/project/post_m3_Minor_Redesign/tb/tb_top.sv Line: 257

Time: 10895 ns Started: 10885 ns Scope: /tb_top/u_mon File: /run/media/sackb/Windows-SSD/Users/sackb/OneDrive/Desktop/University/Course_Work/2025-2026/Spring_2026/ECE_410/ECE410/project/post_m3_Minor_Redesign/tb/tb_top.sv Line:256
Error: AXI MONITOR: core_C changed while core is idle
Time: 10895 ns  Iteration: 0  Process: /tb_top/u_mon//tb_top/u_mon  Scope: tb_top.u_mon  File: /run/media/sackb/Windows-SSD/Users/sackb/OneDrive/Desktop/University/Course_Work/2025-2026/Spring_2026/ECE_410/ECE410/project/post_m3_Minor_Redesign/tb/tb_top.sv Line: 257

Time: 10905 ns Started: 10895 ns Scope: /tb_top/u_mon File: /run/media/sackb/Windows-SSD/Users/sackb/OneDrive/Desktop/University/Course_Work/2025-2026/Spring_2026/ECE_410/ECE410/project/post_m3_Minor_Redesign/tb/tb_top.sv Line:256
Error: AXI MONITOR: core_C changed while core is idle
Time: 10905 ns  Iteration: 0  Process: /tb_top/u_mon//tb_top/u_mon  Scope: tb_top.u_mon  File: /run/media/sackb/Windows-SSD/Users/sackb/OneDrive/Desktop/University/Course_Work/2025-2026/Spring_2026/ECE_410/ECE410/project/post_m3_Minor_Redesign/tb/tb_top.sv Line: 257

Time: 10915 ns Started: 10905 ns Scope: /tb_top/u_mon File: /run/media/sackb/Windows-SSD/Users/sackb/OneDrive/Desktop/University/Course_Work/2025-2026/Spring_2026/ECE_410/ECE410/project/post_m3_Minor_Redesign/tb/tb_top.sv Line:256
Error: AXI MONITOR: core_C changed while core is idle
Time: 10915 ns  Iteration: 0  Process: /tb_top/u_mon//tb_top/u_mon  Scope: tb_top.u_mon  File: /run/media/sackb/Windows-SSD/Users/sackb/OneDrive/Desktop/University/Course_Work/2025-2026/Spring_2026/ECE_410/ECE410/project/post_m3_Minor_Redesign/tb/tb_top.sv Line: 257

Time: 10925 ns Started: 10915 ns Scope: /tb_top/u_mon File: /run/media/sackb/Windows-SSD/Users/sackb/OneDrive/Desktop/University/Course_Work/2025-2026/Spring_2026/ECE_410/ECE410/project/post_m3_Minor_Redesign/tb/tb_top.sv Line:256
Error: AXI MONITOR: core_C changed while core is idle
Time: 10925 ns  Iteration: 0  Process: /tb_top/u_mon//tb_top/u_mon  Scope: tb_top.u_mon  File: /run/media/sackb/Windows-SSD/Users/sackb/OneDrive/Desktop/University/Course_Work/2025-2026/Spring_2026/ECE_410/ECE410/project/post_m3_Minor_Redesign/tb/tb_top.sv Line: 257

Time: 10935 ns Started: 10925 ns Scope: /tb_top/u_mon File: /run/media/sackb/Windows-SSD/Users/sackb/OneDrive/Desktop/University/Course_Work/2025-2026/Spring_2026/ECE_410/ECE410/project/post_m3_Minor_Redesign/tb/tb_top.sv Line:256
Error: AXI MONITOR: core_C changed while core is idle
Time: 10935 ns  Iteration: 0  Process: /tb_top/u_mon//tb_top/u_mon  Scope: tb_top.u_mon  File: /run/media/sackb/Windows-SSD/Users/sackb/OneDrive/Desktop/University/Course_Work/2025-2026/Spring_2026/ECE_410/ECE410/project/post_m3_Minor_Redesign/tb/tb_top.sv Line: 257

Time: 10945 ns Started: 10935 ns Scope: /tb_top/u_mon File: /run/media/sackb/Windows-SSD/Users/sackb/OneDrive/Desktop/University/Course_Work/2025-2026/Spring_2026/ECE_410/ECE410/project/post_m3_Minor_Redesign/tb/tb_top.sv Line:256
Error: AXI MONITOR: core_C changed while core is idle
Time: 10945 ns  Iteration: 0  Process: /tb_top/u_mon//tb_top/u_mon  Scope: tb_top.u_mon  File: /run/media/sackb/Windows-SSD/Users/sackb/OneDrive/Desktop/University/Course_Work/2025-2026/Spring_2026/ECE_410/ECE410/project/post_m3_Minor_Redesign/tb/tb_top.sv Line: 257

Time: 10955 ns Started: 10945 ns Scope: /tb_top/u_mon File: /run/media/sackb/Windows-SSD/Users/sackb/OneDrive/Desktop/University/Course_Work/2025-2026/Spring_2026/ECE_410/ECE410/project/post_m3_Minor_Redesign/tb/tb_top.sv Line:256
Error: AXI MONITOR: core_C changed while core is idle
Time: 10955 ns  Iteration: 0  Process: /tb_top/u_mon//tb_top/u_mon  Scope: tb_top.u_mon  File: /run/media/sackb/Windows-SSD/Users/sackb/OneDrive/Desktop/University/Course_Work/2025-2026/Spring_2026/ECE_410/ECE410/project/post_m3_Minor_Redesign/tb/tb_top.sv Line: 257

Time: 10965 ns Started: 10955 ns Scope: /tb_top/u_mon File: /run/media/sackb/Windows-SSD/Users/sackb/OneDrive/Desktop/University/Course_Work/2025-2026/Spring_2026/ECE_410/ECE410/project/post_m3_Minor_Redesign/tb/tb_top.sv Line:256
Error: AXI MONITOR: core_C changed while core is idle
Time: 10965 ns  Iteration: 0  Process: /tb_top/u_mon//tb_top/u_mon  Scope: tb_top.u_mon  File: /run/media/sackb/Windows-SSD/Users/sackb/OneDrive/Desktop/University/Course_Work/2025-2026/Spring_2026/ECE_410/ECE410/project/post_m3_Minor_Redesign/tb/tb_top.sv Line: 257

Time: 10975 ns Started: 10965 ns Scope: /tb_top/u_mon File: /run/media/sackb/Windows-SSD/Users/sackb/OneDrive/Desktop/University/Course_Work/2025-2026/Spring_2026/ECE_410/ECE410/project/post_m3_Minor_Redesign/tb/tb_top.sv Line:256
Error: AXI MONITOR: core_C changed while core is idle
Time: 10975 ns  Iteration: 0  Process: /tb_top/u_mon//tb_top/u_mon  Scope: tb_top.u_mon  File: /run/media/sackb/Windows-SSD/Users/sackb/OneDrive/Desktop/University/Course_Work/2025-2026/Spring_2026/ECE_410/ECE410/project/post_m3_Minor_Redesign/tb/tb_top.sv Line: 257

Time: 10985 ns Started: 10975 ns Scope: /tb_top/u_mon File: /run/media/sackb/Windows-SSD/Users/sackb/OneDrive/Desktop/University/Course_Work/2025-2026/Spring_2026/ECE_410/ECE410/project/post_m3_Minor_Redesign/tb/tb_top.sv Line:256
Error: AXI MONITOR: core_C changed while core is idle
Time: 10985 ns  Iteration: 0  Process: /tb_top/u_mon//tb_top/u_mon  Scope: tb_top.u_mon  File: /run/media/sackb/Windows-SSD/Users/sackb/OneDrive/Desktop/University/Course_Work/2025-2026/Spring_2026/ECE_410/ECE410/project/post_m3_Minor_Redesign/tb/tb_top.sv Line: 257

Time: 10995 ns Started: 10985 ns Scope: /tb_top/u_mon File: /run/media/sackb/Windows-SSD/Users/sackb/OneDrive/Desktop/University/Course_Work/2025-2026/Spring_2026/ECE_410/ECE410/project/post_m3_Minor_Redesign/tb/tb_top.sv Line:256
Error: AXI MONITOR: core_C changed while core is idle
Time: 10995 ns  Iteration: 0  Process: /tb_top/u_mon//tb_top/u_mon  Scope: tb_top.u_mon  File: /run/media/sackb/Windows-SSD/Users/sackb/OneDrive/Desktop/University/Course_Work/2025-2026/Spring_2026/ECE_410/ECE410/project/post_m3_Minor_Redesign/tb/tb_top.sv Line: 257

Time: 11005 ns Started: 10995 ns Scope: /tb_top/u_mon File: /run/media/sackb/Windows-SSD/Users/sackb/OneDrive/Desktop/University/Course_Work/2025-2026/Spring_2026/ECE_410/ECE410/project/post_m3_Minor_Redesign/tb/tb_top.sv Line:256
Error: AXI MONITOR: core_C changed while core is idle
Time: 11005 ns  Iteration: 0  Process: /tb_top/u_mon//tb_top/u_mon  Scope: tb_top.u_mon  File: /run/media/sackb/Windows-SSD/Users/sackb/OneDrive/Desktop/University/Course_Work/2025-2026/Spring_2026/ECE_410/ECE410/project/post_m3_Minor_Redesign/tb/tb_top.sv Line: 257

Time: 11015 ns Started: 11005 ns Scope: /tb_top/u_mon File: /run/media/sackb/Windows-SSD/Users/sackb/OneDrive/Desktop/University/Course_Work/2025-2026/Spring_2026/ECE_410/ECE410/project/post_m3_Minor_Redesign/tb/tb_top.sv Line:256
Error: AXI MONITOR: core_C changed while core is idle
Time: 11015 ns  Iteration: 0  Process: /tb_top/u_mon//tb_top/u_mon  Scope: tb_top.u_mon  File: /run/media/sackb/Windows-SSD/Users/sackb/OneDrive/Desktop/University/Course_Work/2025-2026/Spring_2026/ECE_410/ECE410/project/post_m3_Minor_Redesign/tb/tb_top.sv Line: 257

Time: 11025 ns Started: 11015 ns Scope: /tb_top/u_mon File: /run/media/sackb/Windows-SSD/Users/sackb/OneDrive/Desktop/University/Course_Work/2025-2026/Spring_2026/ECE_410/ECE410/project/post_m3_Minor_Redesign/tb/tb_top.sv Line:256
Error: AXI MONITOR: core_C changed while core is idle
Time: 11025 ns  Iteration: 0  Process: /tb_top/u_mon//tb_top/u_mon  Scope: tb_top.u_mon  File: /run/media/sackb/Windows-SSD/Users/sackb/OneDrive/Desktop/University/Course_Work/2025-2026/Spring_2026/ECE_410/ECE410/project/post_m3_Minor_Redesign/tb/tb_top.sv Line: 257

Time: 11035 ns Started: 11025 ns Scope: /tb_top/u_mon File: /run/media/sackb/Windows-SSD/Users/sackb/OneDrive/Desktop/University/Course_Work/2025-2026/Spring_2026/ECE_410/ECE410/project/post_m3_Minor_Redesign/tb/tb_top.sv Line:256
Error: AXI MONITOR: core_C changed while core is idle
Time: 11035 ns  Iteration: 0  Process: /tb_top/u_mon//tb_top/u_mon  Scope: tb_top.u_mon  File: /run/media/sackb/Windows-SSD/Users/sackb/OneDrive/Desktop/University/Course_Work/2025-2026/Spring_2026/ECE_410/ECE410/project/post_m3_Minor_Redesign/tb/tb_top.sv Line: 257

Time: 11045 ns Started: 11035 ns Scope: /tb_top/u_mon File: /run/media/sackb/Windows-SSD/Users/sackb/OneDrive/Desktop/University/Course_Work/2025-2026/Spring_2026/ECE_410/ECE410/project/post_m3_Minor_Redesign/tb/tb_top.sv Line:256
Error: AXI MONITOR: core_C changed while core is idle
Time: 11045 ns  Iteration: 0  Process: /tb_top/u_mon//tb_top/u_mon  Scope: tb_top.u_mon  File: /run/media/sackb/Windows-SSD/Users/sackb/OneDrive/Desktop/University/Course_Work/2025-2026/Spring_2026/ECE_410/ECE410/project/post_m3_Minor_Redesign/tb/tb_top.sv Line: 257

Time: 11055 ns Started: 11045 ns Scope: /tb_top/u_mon File: /run/media/sackb/Windows-SSD/Users/sackb/OneDrive/Desktop/University/Course_Work/2025-2026/Spring_2026/ECE_410/ECE410/project/post_m3_Minor_Redesign/tb/tb_top.sv Line:256
Error: AXI MONITOR: core_C changed while core is idle
Time: 11055 ns  Iteration: 0  Process: /tb_top/u_mon//tb_top/u_mon  Scope: tb_top.u_mon  File: /run/media/sackb/Windows-SSD/Users/sackb/OneDrive/Desktop/University/Course_Work/2025-2026/Spring_2026/ECE_410/ECE410/project/post_m3_Minor_Redesign/tb/tb_top.sv Line: 257

Time: 11065 ns Started: 11055 ns Scope: /tb_top/u_mon File: /run/media/sackb/Windows-SSD/Users/sackb/OneDrive/Desktop/University/Course_Work/2025-2026/Spring_2026/ECE_410/ECE410/project/post_m3_Minor_Redesign/tb/tb_top.sv Line:256
Error: AXI MONITOR: core_C changed while core is idle
Time: 11065 ns  Iteration: 0  Process: /tb_top/u_mon//tb_top/u_mon  Scope: tb_top.u_mon  File: /run/media/sackb/Windows-SSD/Users/sackb/OneDrive/Desktop/University/Course_Work/2025-2026/Spring_2026/ECE_410/ECE410/project/post_m3_Minor_Redesign/tb/tb_top.sv Line: 257

Time: 11075 ns Started: 11065 ns Scope: /tb_top/u_mon File: /run/media/sackb/Windows-SSD/Users/sackb/OneDrive/Desktop/University/Course_Work/2025-2026/Spring_2026/ECE_410/ECE410/project/post_m3_Minor_Redesign/tb/tb_top.sv Line:256
Error: AXI MONITOR: core_C changed while core is idle
Time: 11075 ns  Iteration: 0  Process: /tb_top/u_mon//tb_top/u_mon  Scope: tb_top.u_mon  File: /run/media/sackb/Windows-SSD/Users/sackb/OneDrive/Desktop/University/Course_Work/2025-2026/Spring_2026/ECE_410/ECE410/project/post_m3_Minor_Redesign/tb/tb_top.sv Line: 257

Time: 11085 ns Started: 11075 ns Scope: /tb_top/u_mon File: /run/media/sackb/Windows-SSD/Users/sackb/OneDrive/Desktop/University/Course_Work/2025-2026/Spring_2026/ECE_410/ECE410/project/post_m3_Minor_Redesign/tb/tb_top.sv Line:256
Error: AXI MONITOR: core_C changed while core is idle
Time: 11085 ns  Iteration: 0  Process: /tb_top/u_mon//tb_top/u_mon  Scope: tb_top.u_mon  File: /run/media/sackb/Windows-SSD/Users/sackb/OneDrive/Desktop/University/Course_Work/2025-2026/Spring_2026/ECE_410/ECE410/project/post_m3_Minor_Redesign/tb/tb_top.sv Line: 257

Time: 11095 ns Started: 11085 ns Scope: /tb_top/u_mon File: /run/media/sackb/Windows-SSD/Users/sackb/OneDrive/Desktop/University/Course_Work/2025-2026/Spring_2026/ECE_410/ECE410/project/post_m3_Minor_Redesign/tb/tb_top.sv Line:256
Error: AXI MONITOR: core_C changed while core is idle
Time: 11095 ns  Iteration: 0  Process: /tb_top/u_mon//tb_top/u_mon  Scope: tb_top.u_mon  File: /run/media/sackb/Windows-SSD/Users/sackb/OneDrive/Desktop/University/Course_Work/2025-2026/Spring_2026/ECE_410/ECE410/project/post_m3_Minor_Redesign/tb/tb_top.sv Line: 257

Time: 11105 ns Started: 11095 ns Scope: /tb_top/u_mon File: /run/media/sackb/Windows-SSD/Users/sackb/OneDrive/Desktop/University/Course_Work/2025-2026/Spring_2026/ECE_410/ECE410/project/post_m3_Minor_Redesign/tb/tb_top.sv Line:256
Error: AXI MONITOR: core_C changed while core is idle
Time: 11105 ns  Iteration: 0  Process: /tb_top/u_mon//tb_top/u_mon  Scope: tb_top.u_mon  File: /run/media/sackb/Windows-SSD/Users/sackb/OneDrive/Desktop/University/Course_Work/2025-2026/Spring_2026/ECE_410/ECE410/project/post_m3_Minor_Redesign/tb/tb_top.sv Line: 257

Time: 11115 ns Started: 11105 ns Scope: /tb_top/u_mon File: /run/media/sackb/Windows-SSD/Users/sackb/OneDrive/Desktop/University/Course_Work/2025-2026/Spring_2026/ECE_410/ECE410/project/post_m3_Minor_Redesign/tb/tb_top.sv Line:256
Error: AXI MONITOR: core_C changed while core is idle
Time: 11115 ns  Iteration: 0  Process: /tb_top/u_mon//tb_top/u_mon  Scope: tb_top.u_mon  File: /run/media/sackb/Windows-SSD/Users/sackb/OneDrive/Desktop/University/Course_Work/2025-2026/Spring_2026/ECE_410/ECE410/project/post_m3_Minor_Redesign/tb/tb_top.sv Line: 257

Time: 11125 ns Started: 11115 ns Scope: /tb_top/u_mon File: /run/media/sackb/Windows-SSD/Users/sackb/OneDrive/Desktop/University/Course_Work/2025-2026/Spring_2026/ECE_410/ECE410/project/post_m3_Minor_Redesign/tb/tb_top.sv Line:256
Error: AXI MONITOR: core_C changed while core is idle
Time: 11125 ns  Iteration: 0  Process: /tb_top/u_mon//tb_top/u_mon  Scope: tb_top.u_mon  File: /run/media/sackb/Windows-SSD/Users/sackb/OneDrive/Desktop/University/Course_Work/2025-2026/Spring_2026/ECE_410/ECE410/project/post_m3_Minor_Redesign/tb/tb_top.sv Line: 257

Time: 11135 ns Started: 11125 ns Scope: /tb_top/u_mon File: /run/media/sackb/Windows-SSD/Users/sackb/OneDrive/Desktop/University/Course_Work/2025-2026/Spring_2026/ECE_410/ECE410/project/post_m3_Minor_Redesign/tb/tb_top.sv Line:256
Error: AXI MONITOR: core_C changed while core is idle
Time: 11135 ns  Iteration: 0  Process: /tb_top/u_mon//tb_top/u_mon  Scope: tb_top.u_mon  File: /run/media/sackb/Windows-SSD/Users/sackb/OneDrive/Desktop/University/Course_Work/2025-2026/Spring_2026/ECE_410/ECE410/project/post_m3_Minor_Redesign/tb/tb_top.sv Line: 257

Time: 11145 ns Started: 11135 ns Scope: /tb_top/u_mon File: /run/media/sackb/Windows-SSD/Users/sackb/OneDrive/Desktop/University/Course_Work/2025-2026/Spring_2026/ECE_410/ECE410/project/post_m3_Minor_Redesign/tb/tb_top.sv Line:256
Error: AXI MONITOR: core_C changed while core is idle
Time: 11145 ns  Iteration: 0  Process: /tb_top/u_mon//tb_top/u_mon  Scope: tb_top.u_mon  File: /run/media/sackb/Windows-SSD/Users/sackb/OneDrive/Desktop/University/Course_Work/2025-2026/Spring_2026/ECE_410/ECE410/project/post_m3_Minor_Redesign/tb/tb_top.sv Line: 257

Time: 11155 ns Started: 11145 ns Scope: /tb_top/u_mon File: /run/media/sackb/Windows-SSD/Users/sackb/OneDrive/Desktop/University/Course_Work/2025-2026/Spring_2026/ECE_410/ECE410/project/post_m3_Minor_Redesign/tb/tb_top.sv Line:256
Error: AXI MONITOR: core_C changed while core is idle
Time: 11155 ns  Iteration: 0  Process: /tb_top/u_mon//tb_top/u_mon  Scope: tb_top.u_mon  File: /run/media/sackb/Windows-SSD/Users/sackb/OneDrive/Desktop/University/Course_Work/2025-2026/Spring_2026/ECE_410/ECE410/project/post_m3_Minor_Redesign/tb/tb_top.sv Line: 257

Time: 11165 ns Started: 11155 ns Scope: /tb_top/u_mon File: /run/media/sackb/Windows-SSD/Users/sackb/OneDrive/Desktop/University/Course_Work/2025-2026/Spring_2026/ECE_410/ECE410/project/post_m3_Minor_Redesign/tb/tb_top.sv Line:256
Error: AXI MONITOR: core_C changed while core is idle
Time: 11165 ns  Iteration: 0  Process: /tb_top/u_mon//tb_top/u_mon  Scope: tb_top.u_mon  File: /run/media/sackb/Windows-SSD/Users/sackb/OneDrive/Desktop/University/Course_Work/2025-2026/Spring_2026/ECE_410/ECE410/project/post_m3_Minor_Redesign/tb/tb_top.sv Line: 257

Time: 11175 ns Started: 11165 ns Scope: /tb_top/u_mon File: /run/media/sackb/Windows-SSD/Users/sackb/OneDrive/Desktop/University/Course_Work/2025-2026/Spring_2026/ECE_410/ECE410/project/post_m3_Minor_Redesign/tb/tb_top.sv Line:256
Error: AXI MONITOR: core_C changed while core is idle
Time: 11175 ns  Iteration: 0  Process: /tb_top/u_mon//tb_top/u_mon  Scope: tb_top.u_mon  File: /run/media/sackb/Windows-SSD/Users/sackb/OneDrive/Desktop/University/Course_Work/2025-2026/Spring_2026/ECE_410/ECE410/project/post_m3_Minor_Redesign/tb/tb_top.sv Line: 257

Time: 11185 ns Started: 11175 ns Scope: /tb_top/u_mon File: /run/media/sackb/Windows-SSD/Users/sackb/OneDrive/Desktop/University/Course_Work/2025-2026/Spring_2026/ECE_410/ECE410/project/post_m3_Minor_Redesign/tb/tb_top.sv Line:256
Error: AXI MONITOR: core_C changed while core is idle
Time: 11185 ns  Iteration: 0  Process: /tb_top/u_mon//tb_top/u_mon  Scope: tb_top.u_mon  File: /run/media/sackb/Windows-SSD/Users/sackb/OneDrive/Desktop/University/Course_Work/2025-2026/Spring_2026/ECE_410/ECE410/project/post_m3_Minor_Redesign/tb/tb_top.sv Line: 257

Time: 11195 ns Started: 11185 ns Scope: /tb_top/u_mon File: /run/media/sackb/Windows-SSD/Users/sackb/OneDrive/Desktop/University/Course_Work/2025-2026/Spring_2026/ECE_410/ECE410/project/post_m3_Minor_Redesign/tb/tb_top.sv Line:256
Error: AXI MONITOR: core_C changed while core is idle
Time: 11195 ns  Iteration: 0  Process: /tb_top/u_mon//tb_top/u_mon  Scope: tb_top.u_mon  File: /run/media/sackb/Windows-SSD/Users/sackb/OneDrive/Desktop/University/Course_Work/2025-2026/Spring_2026/ECE_410/ECE410/project/post_m3_Minor_Redesign/tb/tb_top.sv Line: 257

Time: 11205 ns Started: 11195 ns Scope: /tb_top/u_mon File: /run/media/sackb/Windows-SSD/Users/sackb/OneDrive/Desktop/University/Course_Work/2025-2026/Spring_2026/ECE_410/ECE410/project/post_m3_Minor_Redesign/tb/tb_top.sv Line:256
Error: AXI MONITOR: core_C changed while core is idle
Time: 11205 ns  Iteration: 0  Process: /tb_top/u_mon//tb_top/u_mon  Scope: tb_top.u_mon  File: /run/media/sackb/Windows-SSD/Users/sackb/OneDrive/Desktop/University/Course_Work/2025-2026/Spring_2026/ECE_410/ECE410/project/post_m3_Minor_Redesign/tb/tb_top.sv Line: 257

Time: 11215 ns Started: 11205 ns Scope: /tb_top/u_mon File: /run/media/sackb/Windows-SSD/Users/sackb/OneDrive/Desktop/University/Course_Work/2025-2026/Spring_2026/ECE_410/ECE410/project/post_m3_Minor_Redesign/tb/tb_top.sv Line:256
Error: AXI MONITOR: core_C changed while core is idle
Time: 11215 ns  Iteration: 0  Process: /tb_top/u_mon//tb_top/u_mon  Scope: tb_top.u_mon  File: /run/media/sackb/Windows-SSD/Users/sackb/OneDrive/Desktop/University/Course_Work/2025-2026/Spring_2026/ECE_410/ECE410/project/post_m3_Minor_Redesign/tb/tb_top.sv Line: 257

Time: 11225 ns Started: 11215 ns Scope: /tb_top/u_mon File: /run/media/sackb/Windows-SSD/Users/sackb/OneDrive/Desktop/University/Course_Work/2025-2026/Spring_2026/ECE_410/ECE410/project/post_m3_Minor_Redesign/tb/tb_top.sv Line:256
Error: AXI MONITOR: core_C changed while core is idle
Time: 11225 ns  Iteration: 0  Process: /tb_top/u_mon//tb_top/u_mon  Scope: tb_top.u_mon  File: /run/media/sackb/Windows-SSD/Users/sackb/OneDrive/Desktop/University/Course_Work/2025-2026/Spring_2026/ECE_410/ECE410/project/post_m3_Minor_Redesign/tb/tb_top.sv Line: 257

Time: 11235 ns Started: 11225 ns Scope: /tb_top/u_mon File: /run/media/sackb/Windows-SSD/Users/sackb/OneDrive/Desktop/University/Course_Work/2025-2026/Spring_2026/ECE_410/ECE410/project/post_m3_Minor_Redesign/tb/tb_top.sv Line:256
Error: AXI MONITOR: core_C changed while core is idle
Time: 11235 ns  Iteration: 0  Process: /tb_top/u_mon//tb_top/u_mon  Scope: tb_top.u_mon  File: /run/media/sackb/Windows-SSD/Users/sackb/OneDrive/Desktop/University/Course_Work/2025-2026/Spring_2026/ECE_410/ECE410/project/post_m3_Minor_Redesign/tb/tb_top.sv Line: 257
TB_TOP: Iteration 6 complete
TB_TOP: Starting iteration 7

Time: 11245 ns Started: 11235 ns Scope: /tb_top/u_mon File: /run/media/sackb/Windows-SSD/Users/sackb/OneDrive/Desktop/University/Course_Work/2025-2026/Spring_2026/ECE_410/ECE410/project/post_m3_Minor_Redesign/tb/tb_top.sv Line:256
Error: AXI MONITOR: core_C changed while core is idle
Time: 11245 ns  Iteration: 0  Process: /tb_top/u_mon//tb_top/u_mon  Scope: tb_top.u_mon  File: /run/media/sackb/Windows-SSD/Users/sackb/OneDrive/Desktop/University/Course_Work/2025-2026/Spring_2026/ECE_410/ECE410/project/post_m3_Minor_Redesign/tb/tb_top.sv Line: 257

Time: 11255 ns Started: 11245 ns Scope: /tb_top/u_mon File: /run/media/sackb/Windows-SSD/Users/sackb/OneDrive/Desktop/University/Course_Work/2025-2026/Spring_2026/ECE_410/ECE410/project/post_m3_Minor_Redesign/tb/tb_top.sv Line:256
Error: AXI MONITOR: core_C changed while core is idle
Time: 11255 ns  Iteration: 0  Process: /tb_top/u_mon//tb_top/u_mon  Scope: tb_top.u_mon  File: /run/media/sackb/Windows-SSD/Users/sackb/OneDrive/Desktop/University/Course_Work/2025-2026/Spring_2026/ECE_410/ECE410/project/post_m3_Minor_Redesign/tb/tb_top.sv Line: 257

Time: 11265 ns Started: 11255 ns Scope: /tb_top/u_mon File: /run/media/sackb/Windows-SSD/Users/sackb/OneDrive/Desktop/University/Course_Work/2025-2026/Spring_2026/ECE_410/ECE410/project/post_m3_Minor_Redesign/tb/tb_top.sv Line:256
Error: AXI MONITOR: core_C changed while core is idle
Time: 11265 ns  Iteration: 0  Process: /tb_top/u_mon//tb_top/u_mon  Scope: tb_top.u_mon  File: /run/media/sackb/Windows-SSD/Users/sackb/OneDrive/Desktop/University/Course_Work/2025-2026/Spring_2026/ECE_410/ECE410/project/post_m3_Minor_Redesign/tb/tb_top.sv Line: 257

Time: 11275 ns Started: 11265 ns Scope: /tb_top/u_mon File: /run/media/sackb/Windows-SSD/Users/sackb/OneDrive/Desktop/University/Course_Work/2025-2026/Spring_2026/ECE_410/ECE410/project/post_m3_Minor_Redesign/tb/tb_top.sv Line:256
Error: AXI MONITOR: core_C changed while core is idle
Time: 11275 ns  Iteration: 0  Process: /tb_top/u_mon//tb_top/u_mon  Scope: tb_top.u_mon  File: /run/media/sackb/Windows-SSD/Users/sackb/OneDrive/Desktop/University/Course_Work/2025-2026/Spring_2026/ECE_410/ECE410/project/post_m3_Minor_Redesign/tb/tb_top.sv Line: 257

Time: 11285 ns Started: 11275 ns Scope: /tb_top/u_mon File: /run/media/sackb/Windows-SSD/Users/sackb/OneDrive/Desktop/University/Course_Work/2025-2026/Spring_2026/ECE_410/ECE410/project/post_m3_Minor_Redesign/tb/tb_top.sv Line:256
Error: AXI MONITOR: core_C changed while core is idle
Time: 11285 ns  Iteration: 0  Process: /tb_top/u_mon//tb_top/u_mon  Scope: tb_top.u_mon  File: /run/media/sackb/Windows-SSD/Users/sackb/OneDrive/Desktop/University/Course_Work/2025-2026/Spring_2026/ECE_410/ECE410/project/post_m3_Minor_Redesign/tb/tb_top.sv Line: 257

Time: 11295 ns Started: 11285 ns Scope: /tb_top/u_mon File: /run/media/sackb/Windows-SSD/Users/sackb/OneDrive/Desktop/University/Course_Work/2025-2026/Spring_2026/ECE_410/ECE410/project/post_m3_Minor_Redesign/tb/tb_top.sv Line:256
Error: AXI MONITOR: core_C changed while core is idle
Time: 11295 ns  Iteration: 0  Process: /tb_top/u_mon//tb_top/u_mon  Scope: tb_top.u_mon  File: /run/media/sackb/Windows-SSD/Users/sackb/OneDrive/Desktop/University/Course_Work/2025-2026/Spring_2026/ECE_410/ECE410/project/post_m3_Minor_Redesign/tb/tb_top.sv Line: 257

Time: 11305 ns Started: 11295 ns Scope: /tb_top/u_mon File: /run/media/sackb/Windows-SSD/Users/sackb/OneDrive/Desktop/University/Course_Work/2025-2026/Spring_2026/ECE_410/ECE410/project/post_m3_Minor_Redesign/tb/tb_top.sv Line:256
Error: AXI MONITOR: core_C changed while core is idle
Time: 11305 ns  Iteration: 0  Process: /tb_top/u_mon//tb_top/u_mon  Scope: tb_top.u_mon  File: /run/media/sackb/Windows-SSD/Users/sackb/OneDrive/Desktop/University/Course_Work/2025-2026/Spring_2026/ECE_410/ECE410/project/post_m3_Minor_Redesign/tb/tb_top.sv Line: 257

Time: 11315 ns Started: 11305 ns Scope: /tb_top/u_mon File: /run/media/sackb/Windows-SSD/Users/sackb/OneDrive/Desktop/University/Course_Work/2025-2026/Spring_2026/ECE_410/ECE410/project/post_m3_Minor_Redesign/tb/tb_top.sv Line:256
Error: AXI MONITOR: core_C changed while core is idle
Time: 11315 ns  Iteration: 0  Process: /tb_top/u_mon//tb_top/u_mon  Scope: tb_top.u_mon  File: /run/media/sackb/Windows-SSD/Users/sackb/OneDrive/Desktop/University/Course_Work/2025-2026/Spring_2026/ECE_410/ECE410/project/post_m3_Minor_Redesign/tb/tb_top.sv Line: 257

Time: 11325 ns Started: 11315 ns Scope: /tb_top/u_mon File: /run/media/sackb/Windows-SSD/Users/sackb/OneDrive/Desktop/University/Course_Work/2025-2026/Spring_2026/ECE_410/ECE410/project/post_m3_Minor_Redesign/tb/tb_top.sv Line:256
Error: AXI MONITOR: core_C changed while core is idle
Time: 11325 ns  Iteration: 0  Process: /tb_top/u_mon//tb_top/u_mon  Scope: tb_top.u_mon  File: /run/media/sackb/Windows-SSD/Users/sackb/OneDrive/Desktop/University/Course_Work/2025-2026/Spring_2026/ECE_410/ECE410/project/post_m3_Minor_Redesign/tb/tb_top.sv Line: 257

Time: 11335 ns Started: 11325 ns Scope: /tb_top/u_mon File: /run/media/sackb/Windows-SSD/Users/sackb/OneDrive/Desktop/University/Course_Work/2025-2026/Spring_2026/ECE_410/ECE410/project/post_m3_Minor_Redesign/tb/tb_top.sv Line:256
Error: AXI MONITOR: core_C changed while core is idle
Time: 11335 ns  Iteration: 0  Process: /tb_top/u_mon//tb_top/u_mon  Scope: tb_top.u_mon  File: /run/media/sackb/Windows-SSD/Users/sackb/OneDrive/Desktop/University/Course_Work/2025-2026/Spring_2026/ECE_410/ECE410/project/post_m3_Minor_Redesign/tb/tb_top.sv Line: 257

Time: 11345 ns Started: 11335 ns Scope: /tb_top/u_mon File: /run/media/sackb/Windows-SSD/Users/sackb/OneDrive/Desktop/University/Course_Work/2025-2026/Spring_2026/ECE_410/ECE410/project/post_m3_Minor_Redesign/tb/tb_top.sv Line:256
Error: AXI MONITOR: core_C changed while core is idle
Time: 11345 ns  Iteration: 0  Process: /tb_top/u_mon//tb_top/u_mon  Scope: tb_top.u_mon  File: /run/media/sackb/Windows-SSD/Users/sackb/OneDrive/Desktop/University/Course_Work/2025-2026/Spring_2026/ECE_410/ECE410/project/post_m3_Minor_Redesign/tb/tb_top.sv Line: 257

Time: 11355 ns Started: 11345 ns Scope: /tb_top/u_mon File: /run/media/sackb/Windows-SSD/Users/sackb/OneDrive/Desktop/University/Course_Work/2025-2026/Spring_2026/ECE_410/ECE410/project/post_m3_Minor_Redesign/tb/tb_top.sv Line:256
Error: AXI MONITOR: core_C changed while core is idle
Time: 11355 ns  Iteration: 0  Process: /tb_top/u_mon//tb_top/u_mon  Scope: tb_top.u_mon  File: /run/media/sackb/Windows-SSD/Users/sackb/OneDrive/Desktop/University/Course_Work/2025-2026/Spring_2026/ECE_410/ECE410/project/post_m3_Minor_Redesign/tb/tb_top.sv Line: 257

Time: 11365 ns Started: 11355 ns Scope: /tb_top/u_mon File: /run/media/sackb/Windows-SSD/Users/sackb/OneDrive/Desktop/University/Course_Work/2025-2026/Spring_2026/ECE_410/ECE410/project/post_m3_Minor_Redesign/tb/tb_top.sv Line:256
Error: AXI MONITOR: core_C changed while core is idle
Time: 11365 ns  Iteration: 0  Process: /tb_top/u_mon//tb_top/u_mon  Scope: tb_top.u_mon  File: /run/media/sackb/Windows-SSD/Users/sackb/OneDrive/Desktop/University/Course_Work/2025-2026/Spring_2026/ECE_410/ECE410/project/post_m3_Minor_Redesign/tb/tb_top.sv Line: 257

Time: 11375 ns Started: 11365 ns Scope: /tb_top/u_mon File: /run/media/sackb/Windows-SSD/Users/sackb/OneDrive/Desktop/University/Course_Work/2025-2026/Spring_2026/ECE_410/ECE410/project/post_m3_Minor_Redesign/tb/tb_top.sv Line:256
Error: AXI MONITOR: core_C changed while core is idle
Time: 11375 ns  Iteration: 0  Process: /tb_top/u_mon//tb_top/u_mon  Scope: tb_top.u_mon  File: /run/media/sackb/Windows-SSD/Users/sackb/OneDrive/Desktop/University/Course_Work/2025-2026/Spring_2026/ECE_410/ECE410/project/post_m3_Minor_Redesign/tb/tb_top.sv Line: 257

Time: 11385 ns Started: 11375 ns Scope: /tb_top/u_mon File: /run/media/sackb/Windows-SSD/Users/sackb/OneDrive/Desktop/University/Course_Work/2025-2026/Spring_2026/ECE_410/ECE410/project/post_m3_Minor_Redesign/tb/tb_top.sv Line:256
Error: AXI MONITOR: core_C changed while core is idle
Time: 11385 ns  Iteration: 0  Process: /tb_top/u_mon//tb_top/u_mon  Scope: tb_top.u_mon  File: /run/media/sackb/Windows-SSD/Users/sackb/OneDrive/Desktop/University/Course_Work/2025-2026/Spring_2026/ECE_410/ECE410/project/post_m3_Minor_Redesign/tb/tb_top.sv Line: 257

Time: 11395 ns Started: 11385 ns Scope: /tb_top/u_mon File: /run/media/sackb/Windows-SSD/Users/sackb/OneDrive/Desktop/University/Course_Work/2025-2026/Spring_2026/ECE_410/ECE410/project/post_m3_Minor_Redesign/tb/tb_top.sv Line:256
Error: AXI MONITOR: core_C changed while core is idle
Time: 11395 ns  Iteration: 0  Process: /tb_top/u_mon//tb_top/u_mon  Scope: tb_top.u_mon  File: /run/media/sackb/Windows-SSD/Users/sackb/OneDrive/Desktop/University/Course_Work/2025-2026/Spring_2026/ECE_410/ECE410/project/post_m3_Minor_Redesign/tb/tb_top.sv Line: 257

Time: 11405 ns Started: 11395 ns Scope: /tb_top/u_mon File: /run/media/sackb/Windows-SSD/Users/sackb/OneDrive/Desktop/University/Course_Work/2025-2026/Spring_2026/ECE_410/ECE410/project/post_m3_Minor_Redesign/tb/tb_top.sv Line:256
Error: AXI MONITOR: core_C changed while core is idle
Time: 11405 ns  Iteration: 0  Process: /tb_top/u_mon//tb_top/u_mon  Scope: tb_top.u_mon  File: /run/media/sackb/Windows-SSD/Users/sackb/OneDrive/Desktop/University/Course_Work/2025-2026/Spring_2026/ECE_410/ECE410/project/post_m3_Minor_Redesign/tb/tb_top.sv Line: 257

Time: 11415 ns Started: 11405 ns Scope: /tb_top/u_mon File: /run/media/sackb/Windows-SSD/Users/sackb/OneDrive/Desktop/University/Course_Work/2025-2026/Spring_2026/ECE_410/ECE410/project/post_m3_Minor_Redesign/tb/tb_top.sv Line:256
Error: AXI MONITOR: core_C changed while core is idle
Time: 11415 ns  Iteration: 0  Process: /tb_top/u_mon//tb_top/u_mon  Scope: tb_top.u_mon  File: /run/media/sackb/Windows-SSD/Users/sackb/OneDrive/Desktop/University/Course_Work/2025-2026/Spring_2026/ECE_410/ECE410/project/post_m3_Minor_Redesign/tb/tb_top.sv Line: 257

Time: 11425 ns Started: 11415 ns Scope: /tb_top/u_mon File: /run/media/sackb/Windows-SSD/Users/sackb/OneDrive/Desktop/University/Course_Work/2025-2026/Spring_2026/ECE_410/ECE410/project/post_m3_Minor_Redesign/tb/tb_top.sv Line:256
Error: AXI MONITOR: core_C changed while core is idle
Time: 11425 ns  Iteration: 0  Process: /tb_top/u_mon//tb_top/u_mon  Scope: tb_top.u_mon  File: /run/media/sackb/Windows-SSD/Users/sackb/OneDrive/Desktop/University/Course_Work/2025-2026/Spring_2026/ECE_410/ECE410/project/post_m3_Minor_Redesign/tb/tb_top.sv Line: 257

Time: 11435 ns Started: 11425 ns Scope: /tb_top/u_mon File: /run/media/sackb/Windows-SSD/Users/sackb/OneDrive/Desktop/University/Course_Work/2025-2026/Spring_2026/ECE_410/ECE410/project/post_m3_Minor_Redesign/tb/tb_top.sv Line:256
Error: AXI MONITOR: core_C changed while core is idle
Time: 11435 ns  Iteration: 0  Process: /tb_top/u_mon//tb_top/u_mon  Scope: tb_top.u_mon  File: /run/media/sackb/Windows-SSD/Users/sackb/OneDrive/Desktop/University/Course_Work/2025-2026/Spring_2026/ECE_410/ECE410/project/post_m3_Minor_Redesign/tb/tb_top.sv Line: 257

Time: 11445 ns Started: 11435 ns Scope: /tb_top/u_mon File: /run/media/sackb/Windows-SSD/Users/sackb/OneDrive/Desktop/University/Course_Work/2025-2026/Spring_2026/ECE_410/ECE410/project/post_m3_Minor_Redesign/tb/tb_top.sv Line:256
Error: AXI MONITOR: core_C changed while core is idle
Time: 11445 ns  Iteration: 0  Process: /tb_top/u_mon//tb_top/u_mon  Scope: tb_top.u_mon  File: /run/media/sackb/Windows-SSD/Users/sackb/OneDrive/Desktop/University/Course_Work/2025-2026/Spring_2026/ECE_410/ECE410/project/post_m3_Minor_Redesign/tb/tb_top.sv Line: 257

Time: 11455 ns Started: 11445 ns Scope: /tb_top/u_mon File: /run/media/sackb/Windows-SSD/Users/sackb/OneDrive/Desktop/University/Course_Work/2025-2026/Spring_2026/ECE_410/ECE410/project/post_m3_Minor_Redesign/tb/tb_top.sv Line:256
Error: AXI MONITOR: core_C changed while core is idle
Time: 11455 ns  Iteration: 0  Process: /tb_top/u_mon//tb_top/u_mon  Scope: tb_top.u_mon  File: /run/media/sackb/Windows-SSD/Users/sackb/OneDrive/Desktop/University/Course_Work/2025-2026/Spring_2026/ECE_410/ECE410/project/post_m3_Minor_Redesign/tb/tb_top.sv Line: 257

Time: 11465 ns Started: 11455 ns Scope: /tb_top/u_mon File: /run/media/sackb/Windows-SSD/Users/sackb/OneDrive/Desktop/University/Course_Work/2025-2026/Spring_2026/ECE_410/ECE410/project/post_m3_Minor_Redesign/tb/tb_top.sv Line:256
Error: AXI MONITOR: core_C changed while core is idle
Time: 11465 ns  Iteration: 0  Process: /tb_top/u_mon//tb_top/u_mon  Scope: tb_top.u_mon  File: /run/media/sackb/Windows-SSD/Users/sackb/OneDrive/Desktop/University/Course_Work/2025-2026/Spring_2026/ECE_410/ECE410/project/post_m3_Minor_Redesign/tb/tb_top.sv Line: 257

Time: 11475 ns Started: 11465 ns Scope: /tb_top/u_mon File: /run/media/sackb/Windows-SSD/Users/sackb/OneDrive/Desktop/University/Course_Work/2025-2026/Spring_2026/ECE_410/ECE410/project/post_m3_Minor_Redesign/tb/tb_top.sv Line:256
Error: AXI MONITOR: core_C changed while core is idle
Time: 11475 ns  Iteration: 0  Process: /tb_top/u_mon//tb_top/u_mon  Scope: tb_top.u_mon  File: /run/media/sackb/Windows-SSD/Users/sackb/OneDrive/Desktop/University/Course_Work/2025-2026/Spring_2026/ECE_410/ECE410/project/post_m3_Minor_Redesign/tb/tb_top.sv Line: 257

Time: 11485 ns Started: 11475 ns Scope: /tb_top/u_mon File: /run/media/sackb/Windows-SSD/Users/sackb/OneDrive/Desktop/University/Course_Work/2025-2026/Spring_2026/ECE_410/ECE410/project/post_m3_Minor_Redesign/tb/tb_top.sv Line:256
Error: AXI MONITOR: core_C changed while core is idle
Time: 11485 ns  Iteration: 0  Process: /tb_top/u_mon//tb_top/u_mon  Scope: tb_top.u_mon  File: /run/media/sackb/Windows-SSD/Users/sackb/OneDrive/Desktop/University/Course_Work/2025-2026/Spring_2026/ECE_410/ECE410/project/post_m3_Minor_Redesign/tb/tb_top.sv Line: 257

Time: 11495 ns Started: 11485 ns Scope: /tb_top/u_mon File: /run/media/sackb/Windows-SSD/Users/sackb/OneDrive/Desktop/University/Course_Work/2025-2026/Spring_2026/ECE_410/ECE410/project/post_m3_Minor_Redesign/tb/tb_top.sv Line:256
Error: AXI MONITOR: core_C changed while core is idle
Time: 11495 ns  Iteration: 0  Process: /tb_top/u_mon//tb_top/u_mon  Scope: tb_top.u_mon  File: /run/media/sackb/Windows-SSD/Users/sackb/OneDrive/Desktop/University/Course_Work/2025-2026/Spring_2026/ECE_410/ECE410/project/post_m3_Minor_Redesign/tb/tb_top.sv Line: 257

Time: 11505 ns Started: 11495 ns Scope: /tb_top/u_mon File: /run/media/sackb/Windows-SSD/Users/sackb/OneDrive/Desktop/University/Course_Work/2025-2026/Spring_2026/ECE_410/ECE410/project/post_m3_Minor_Redesign/tb/tb_top.sv Line:256
Error: AXI MONITOR: core_C changed while core is idle
Time: 11505 ns  Iteration: 0  Process: /tb_top/u_mon//tb_top/u_mon  Scope: tb_top.u_mon  File: /run/media/sackb/Windows-SSD/Users/sackb/OneDrive/Desktop/University/Course_Work/2025-2026/Spring_2026/ECE_410/ECE410/project/post_m3_Minor_Redesign/tb/tb_top.sv Line: 257

Time: 11515 ns Started: 11505 ns Scope: /tb_top/u_mon File: /run/media/sackb/Windows-SSD/Users/sackb/OneDrive/Desktop/University/Course_Work/2025-2026/Spring_2026/ECE_410/ECE410/project/post_m3_Minor_Redesign/tb/tb_top.sv Line:256
Error: AXI MONITOR: core_C changed while core is idle
Time: 11515 ns  Iteration: 0  Process: /tb_top/u_mon//tb_top/u_mon  Scope: tb_top.u_mon  File: /run/media/sackb/Windows-SSD/Users/sackb/OneDrive/Desktop/University/Course_Work/2025-2026/Spring_2026/ECE_410/ECE410/project/post_m3_Minor_Redesign/tb/tb_top.sv Line: 257

Time: 11525 ns Started: 11515 ns Scope: /tb_top/u_mon File: /run/media/sackb/Windows-SSD/Users/sackb/OneDrive/Desktop/University/Course_Work/2025-2026/Spring_2026/ECE_410/ECE410/project/post_m3_Minor_Redesign/tb/tb_top.sv Line:256
Error: AXI MONITOR: core_C changed while core is idle
Time: 11525 ns  Iteration: 0  Process: /tb_top/u_mon//tb_top/u_mon  Scope: tb_top.u_mon  File: /run/media/sackb/Windows-SSD/Users/sackb/OneDrive/Desktop/University/Course_Work/2025-2026/Spring_2026/ECE_410/ECE410/project/post_m3_Minor_Redesign/tb/tb_top.sv Line: 257

Time: 11535 ns Started: 11525 ns Scope: /tb_top/u_mon File: /run/media/sackb/Windows-SSD/Users/sackb/OneDrive/Desktop/University/Course_Work/2025-2026/Spring_2026/ECE_410/ECE410/project/post_m3_Minor_Redesign/tb/tb_top.sv Line:256
Error: AXI MONITOR: core_C changed while core is idle
Time: 11535 ns  Iteration: 0  Process: /tb_top/u_mon//tb_top/u_mon  Scope: tb_top.u_mon  File: /run/media/sackb/Windows-SSD/Users/sackb/OneDrive/Desktop/University/Course_Work/2025-2026/Spring_2026/ECE_410/ECE410/project/post_m3_Minor_Redesign/tb/tb_top.sv Line: 257

Time: 11545 ns Started: 11535 ns Scope: /tb_top/u_mon File: /run/media/sackb/Windows-SSD/Users/sackb/OneDrive/Desktop/University/Course_Work/2025-2026/Spring_2026/ECE_410/ECE410/project/post_m3_Minor_Redesign/tb/tb_top.sv Line:256
Error: AXI MONITOR: core_C changed while core is idle
Time: 11545 ns  Iteration: 0  Process: /tb_top/u_mon//tb_top/u_mon  Scope: tb_top.u_mon  File: /run/media/sackb/Windows-SSD/Users/sackb/OneDrive/Desktop/University/Course_Work/2025-2026/Spring_2026/ECE_410/ECE410/project/post_m3_Minor_Redesign/tb/tb_top.sv Line: 257

Time: 11555 ns Started: 11545 ns Scope: /tb_top/u_mon File: /run/media/sackb/Windows-SSD/Users/sackb/OneDrive/Desktop/University/Course_Work/2025-2026/Spring_2026/ECE_410/ECE410/project/post_m3_Minor_Redesign/tb/tb_top.sv Line:256
Error: AXI MONITOR: core_C changed while core is idle
Time: 11555 ns  Iteration: 0  Process: /tb_top/u_mon//tb_top/u_mon  Scope: tb_top.u_mon  File: /run/media/sackb/Windows-SSD/Users/sackb/OneDrive/Desktop/University/Course_Work/2025-2026/Spring_2026/ECE_410/ECE410/project/post_m3_Minor_Redesign/tb/tb_top.sv Line: 257

Time: 11565 ns Started: 11555 ns Scope: /tb_top/u_mon File: /run/media/sackb/Windows-SSD/Users/sackb/OneDrive/Desktop/University/Course_Work/2025-2026/Spring_2026/ECE_410/ECE410/project/post_m3_Minor_Redesign/tb/tb_top.sv Line:256
Error: AXI MONITOR: core_C changed while core is idle
Time: 11565 ns  Iteration: 0  Process: /tb_top/u_mon//tb_top/u_mon  Scope: tb_top.u_mon  File: /run/media/sackb/Windows-SSD/Users/sackb/OneDrive/Desktop/University/Course_Work/2025-2026/Spring_2026/ECE_410/ECE410/project/post_m3_Minor_Redesign/tb/tb_top.sv Line: 257

Time: 11575 ns Started: 11565 ns Scope: /tb_top/u_mon File: /run/media/sackb/Windows-SSD/Users/sackb/OneDrive/Desktop/University/Course_Work/2025-2026/Spring_2026/ECE_410/ECE410/project/post_m3_Minor_Redesign/tb/tb_top.sv Line:256
Error: AXI MONITOR: core_C changed while core is idle
Time: 11575 ns  Iteration: 0  Process: /tb_top/u_mon//tb_top/u_mon  Scope: tb_top.u_mon  File: /run/media/sackb/Windows-SSD/Users/sackb/OneDrive/Desktop/University/Course_Work/2025-2026/Spring_2026/ECE_410/ECE410/project/post_m3_Minor_Redesign/tb/tb_top.sv Line: 257

Time: 11585 ns Started: 11575 ns Scope: /tb_top/u_mon File: /run/media/sackb/Windows-SSD/Users/sackb/OneDrive/Desktop/University/Course_Work/2025-2026/Spring_2026/ECE_410/ECE410/project/post_m3_Minor_Redesign/tb/tb_top.sv Line:256
Error: AXI MONITOR: core_C changed while core is idle
Time: 11585 ns  Iteration: 0  Process: /tb_top/u_mon//tb_top/u_mon  Scope: tb_top.u_mon  File: /run/media/sackb/Windows-SSD/Users/sackb/OneDrive/Desktop/University/Course_Work/2025-2026/Spring_2026/ECE_410/ECE410/project/post_m3_Minor_Redesign/tb/tb_top.sv Line: 257

Time: 11595 ns Started: 11585 ns Scope: /tb_top/u_mon File: /run/media/sackb/Windows-SSD/Users/sackb/OneDrive/Desktop/University/Course_Work/2025-2026/Spring_2026/ECE_410/ECE410/project/post_m3_Minor_Redesign/tb/tb_top.sv Line:256
Error: AXI MONITOR: core_C changed while core is idle
Time: 11595 ns  Iteration: 0  Process: /tb_top/u_mon//tb_top/u_mon  Scope: tb_top.u_mon  File: /run/media/sackb/Windows-SSD/Users/sackb/OneDrive/Desktop/University/Course_Work/2025-2026/Spring_2026/ECE_410/ECE410/project/post_m3_Minor_Redesign/tb/tb_top.sv Line: 257

Time: 11605 ns Started: 11595 ns Scope: /tb_top/u_mon File: /run/media/sackb/Windows-SSD/Users/sackb/OneDrive/Desktop/University/Course_Work/2025-2026/Spring_2026/ECE_410/ECE410/project/post_m3_Minor_Redesign/tb/tb_top.sv Line:256
Error: AXI MONITOR: core_C changed while core is idle
Time: 11605 ns  Iteration: 0  Process: /tb_top/u_mon//tb_top/u_mon  Scope: tb_top.u_mon  File: /run/media/sackb/Windows-SSD/Users/sackb/OneDrive/Desktop/University/Course_Work/2025-2026/Spring_2026/ECE_410/ECE410/project/post_m3_Minor_Redesign/tb/tb_top.sv Line: 257

Time: 11615 ns Started: 11605 ns Scope: /tb_top/u_mon File: /run/media/sackb/Windows-SSD/Users/sackb/OneDrive/Desktop/University/Course_Work/2025-2026/Spring_2026/ECE_410/ECE410/project/post_m3_Minor_Redesign/tb/tb_top.sv Line:256
Error: AXI MONITOR: core_C changed while core is idle
Time: 11615 ns  Iteration: 0  Process: /tb_top/u_mon//tb_top/u_mon  Scope: tb_top.u_mon  File: /run/media/sackb/Windows-SSD/Users/sackb/OneDrive/Desktop/University/Course_Work/2025-2026/Spring_2026/ECE_410/ECE410/project/post_m3_Minor_Redesign/tb/tb_top.sv Line: 257

Time: 11625 ns Started: 11615 ns Scope: /tb_top/u_mon File: /run/media/sackb/Windows-SSD/Users/sackb/OneDrive/Desktop/University/Course_Work/2025-2026/Spring_2026/ECE_410/ECE410/project/post_m3_Minor_Redesign/tb/tb_top.sv Line:256
Error: AXI MONITOR: core_C changed while core is idle
Time: 11625 ns  Iteration: 0  Process: /tb_top/u_mon//tb_top/u_mon  Scope: tb_top.u_mon  File: /run/media/sackb/Windows-SSD/Users/sackb/OneDrive/Desktop/University/Course_Work/2025-2026/Spring_2026/ECE_410/ECE410/project/post_m3_Minor_Redesign/tb/tb_top.sv Line: 257

Time: 11635 ns Started: 11625 ns Scope: /tb_top/u_mon File: /run/media/sackb/Windows-SSD/Users/sackb/OneDrive/Desktop/University/Course_Work/2025-2026/Spring_2026/ECE_410/ECE410/project/post_m3_Minor_Redesign/tb/tb_top.sv Line:256
Error: AXI MONITOR: core_C changed while core is idle
Time: 11635 ns  Iteration: 0  Process: /tb_top/u_mon//tb_top/u_mon  Scope: tb_top.u_mon  File: /run/media/sackb/Windows-SSD/Users/sackb/OneDrive/Desktop/University/Course_Work/2025-2026/Spring_2026/ECE_410/ECE410/project/post_m3_Minor_Redesign/tb/tb_top.sv Line: 257

Time: 11645 ns Started: 11635 ns Scope: /tb_top/u_mon File: /run/media/sackb/Windows-SSD/Users/sackb/OneDrive/Desktop/University/Course_Work/2025-2026/Spring_2026/ECE_410/ECE410/project/post_m3_Minor_Redesign/tb/tb_top.sv Line:256
Error: AXI MONITOR: core_C changed while core is idle
Time: 11645 ns  Iteration: 0  Process: /tb_top/u_mon//tb_top/u_mon  Scope: tb_top.u_mon  File: /run/media/sackb/Windows-SSD/Users/sackb/OneDrive/Desktop/University/Course_Work/2025-2026/Spring_2026/ECE_410/ECE410/project/post_m3_Minor_Redesign/tb/tb_top.sv Line: 257

Time: 11655 ns Started: 11645 ns Scope: /tb_top/u_mon File: /run/media/sackb/Windows-SSD/Users/sackb/OneDrive/Desktop/University/Course_Work/2025-2026/Spring_2026/ECE_410/ECE410/project/post_m3_Minor_Redesign/tb/tb_top.sv Line:256
Error: AXI MONITOR: core_C changed while core is idle
Time: 11655 ns  Iteration: 0  Process: /tb_top/u_mon//tb_top/u_mon  Scope: tb_top.u_mon  File: /run/media/sackb/Windows-SSD/Users/sackb/OneDrive/Desktop/University/Course_Work/2025-2026/Spring_2026/ECE_410/ECE410/project/post_m3_Minor_Redesign/tb/tb_top.sv Line: 257

Time: 11665 ns Started: 11655 ns Scope: /tb_top/u_mon File: /run/media/sackb/Windows-SSD/Users/sackb/OneDrive/Desktop/University/Course_Work/2025-2026/Spring_2026/ECE_410/ECE410/project/post_m3_Minor_Redesign/tb/tb_top.sv Line:256
Error: AXI MONITOR: core_C changed while core is idle
Time: 11665 ns  Iteration: 0  Process: /tb_top/u_mon//tb_top/u_mon  Scope: tb_top.u_mon  File: /run/media/sackb/Windows-SSD/Users/sackb/OneDrive/Desktop/University/Course_Work/2025-2026/Spring_2026/ECE_410/ECE410/project/post_m3_Minor_Redesign/tb/tb_top.sv Line: 257

Time: 11675 ns Started: 11665 ns Scope: /tb_top/u_mon File: /run/media/sackb/Windows-SSD/Users/sackb/OneDrive/Desktop/University/Course_Work/2025-2026/Spring_2026/ECE_410/ECE410/project/post_m3_Minor_Redesign/tb/tb_top.sv Line:256
Error: AXI MONITOR: core_C changed while core is idle
Time: 11675 ns  Iteration: 0  Process: /tb_top/u_mon//tb_top/u_mon  Scope: tb_top.u_mon  File: /run/media/sackb/Windows-SSD/Users/sackb/OneDrive/Desktop/University/Course_Work/2025-2026/Spring_2026/ECE_410/ECE410/project/post_m3_Minor_Redesign/tb/tb_top.sv Line: 257

Time: 11685 ns Started: 11675 ns Scope: /tb_top/u_mon File: /run/media/sackb/Windows-SSD/Users/sackb/OneDrive/Desktop/University/Course_Work/2025-2026/Spring_2026/ECE_410/ECE410/project/post_m3_Minor_Redesign/tb/tb_top.sv Line:256
Error: AXI MONITOR: core_C changed while core is idle
Time: 11685 ns  Iteration: 0  Process: /tb_top/u_mon//tb_top/u_mon  Scope: tb_top.u_mon  File: /run/media/sackb/Windows-SSD/Users/sackb/OneDrive/Desktop/University/Course_Work/2025-2026/Spring_2026/ECE_410/ECE410/project/post_m3_Minor_Redesign/tb/tb_top.sv Line: 257

Time: 11695 ns Started: 11685 ns Scope: /tb_top/u_mon File: /run/media/sackb/Windows-SSD/Users/sackb/OneDrive/Desktop/University/Course_Work/2025-2026/Spring_2026/ECE_410/ECE410/project/post_m3_Minor_Redesign/tb/tb_top.sv Line:256
Error: AXI MONITOR: core_C changed while core is idle
Time: 11695 ns  Iteration: 0  Process: /tb_top/u_mon//tb_top/u_mon  Scope: tb_top.u_mon  File: /run/media/sackb/Windows-SSD/Users/sackb/OneDrive/Desktop/University/Course_Work/2025-2026/Spring_2026/ECE_410/ECE410/project/post_m3_Minor_Redesign/tb/tb_top.sv Line: 257

Time: 11705 ns Started: 11695 ns Scope: /tb_top/u_mon File: /run/media/sackb/Windows-SSD/Users/sackb/OneDrive/Desktop/University/Course_Work/2025-2026/Spring_2026/ECE_410/ECE410/project/post_m3_Minor_Redesign/tb/tb_top.sv Line:256
Error: AXI MONITOR: core_C changed while core is idle
Time: 11705 ns  Iteration: 0  Process: /tb_top/u_mon//tb_top/u_mon  Scope: tb_top.u_mon  File: /run/media/sackb/Windows-SSD/Users/sackb/OneDrive/Desktop/University/Course_Work/2025-2026/Spring_2026/ECE_410/ECE410/project/post_m3_Minor_Redesign/tb/tb_top.sv Line: 257

Time: 11715 ns Started: 11705 ns Scope: /tb_top/u_mon File: /run/media/sackb/Windows-SSD/Users/sackb/OneDrive/Desktop/University/Course_Work/2025-2026/Spring_2026/ECE_410/ECE410/project/post_m3_Minor_Redesign/tb/tb_top.sv Line:256
Error: AXI MONITOR: core_C changed while core is idle
Time: 11715 ns  Iteration: 0  Process: /tb_top/u_mon//tb_top/u_mon  Scope: tb_top.u_mon  File: /run/media/sackb/Windows-SSD/Users/sackb/OneDrive/Desktop/University/Course_Work/2025-2026/Spring_2026/ECE_410/ECE410/project/post_m3_Minor_Redesign/tb/tb_top.sv Line: 257

Time: 11725 ns Started: 11715 ns Scope: /tb_top/u_mon File: /run/media/sackb/Windows-SSD/Users/sackb/OneDrive/Desktop/University/Course_Work/2025-2026/Spring_2026/ECE_410/ECE410/project/post_m3_Minor_Redesign/tb/tb_top.sv Line:256
Error: AXI MONITOR: core_C changed while core is idle
Time: 11725 ns  Iteration: 0  Process: /tb_top/u_mon//tb_top/u_mon  Scope: tb_top.u_mon  File: /run/media/sackb/Windows-SSD/Users/sackb/OneDrive/Desktop/University/Course_Work/2025-2026/Spring_2026/ECE_410/ECE410/project/post_m3_Minor_Redesign/tb/tb_top.sv Line: 257

Time: 11735 ns Started: 11725 ns Scope: /tb_top/u_mon File: /run/media/sackb/Windows-SSD/Users/sackb/OneDrive/Desktop/University/Course_Work/2025-2026/Spring_2026/ECE_410/ECE410/project/post_m3_Minor_Redesign/tb/tb_top.sv Line:256
Error: AXI MONITOR: core_C changed while core is idle
Time: 11735 ns  Iteration: 0  Process: /tb_top/u_mon//tb_top/u_mon  Scope: tb_top.u_mon  File: /run/media/sackb/Windows-SSD/Users/sackb/OneDrive/Desktop/University/Course_Work/2025-2026/Spring_2026/ECE_410/ECE410/project/post_m3_Minor_Redesign/tb/tb_top.sv Line: 257

Time: 11745 ns Started: 11735 ns Scope: /tb_top/u_mon File: /run/media/sackb/Windows-SSD/Users/sackb/OneDrive/Desktop/University/Course_Work/2025-2026/Spring_2026/ECE_410/ECE410/project/post_m3_Minor_Redesign/tb/tb_top.sv Line:256
Error: AXI MONITOR: core_C changed while core is idle
Time: 11745 ns  Iteration: 0  Process: /tb_top/u_mon//tb_top/u_mon  Scope: tb_top.u_mon  File: /run/media/sackb/Windows-SSD/Users/sackb/OneDrive/Desktop/University/Course_Work/2025-2026/Spring_2026/ECE_410/ECE410/project/post_m3_Minor_Redesign/tb/tb_top.sv Line: 257

Time: 11755 ns Started: 11745 ns Scope: /tb_top/u_mon File: /run/media/sackb/Windows-SSD/Users/sackb/OneDrive/Desktop/University/Course_Work/2025-2026/Spring_2026/ECE_410/ECE410/project/post_m3_Minor_Redesign/tb/tb_top.sv Line:256
Error: AXI MONITOR: core_C changed while core is idle
Time: 11755 ns  Iteration: 0  Process: /tb_top/u_mon//tb_top/u_mon  Scope: tb_top.u_mon  File: /run/media/sackb/Windows-SSD/Users/sackb/OneDrive/Desktop/University/Course_Work/2025-2026/Spring_2026/ECE_410/ECE410/project/post_m3_Minor_Redesign/tb/tb_top.sv Line: 257

Time: 11765 ns Started: 11755 ns Scope: /tb_top/u_mon File: /run/media/sackb/Windows-SSD/Users/sackb/OneDrive/Desktop/University/Course_Work/2025-2026/Spring_2026/ECE_410/ECE410/project/post_m3_Minor_Redesign/tb/tb_top.sv Line:256
Error: AXI MONITOR: core_C changed while core is idle
Time: 11765 ns  Iteration: 0  Process: /tb_top/u_mon//tb_top/u_mon  Scope: tb_top.u_mon  File: /run/media/sackb/Windows-SSD/Users/sackb/OneDrive/Desktop/University/Course_Work/2025-2026/Spring_2026/ECE_410/ECE410/project/post_m3_Minor_Redesign/tb/tb_top.sv Line: 257

Time: 11775 ns Started: 11765 ns Scope: /tb_top/u_mon File: /run/media/sackb/Windows-SSD/Users/sackb/OneDrive/Desktop/University/Course_Work/2025-2026/Spring_2026/ECE_410/ECE410/project/post_m3_Minor_Redesign/tb/tb_top.sv Line:256
Error: AXI MONITOR: core_C changed while core is idle
Time: 11775 ns  Iteration: 0  Process: /tb_top/u_mon//tb_top/u_mon  Scope: tb_top.u_mon  File: /run/media/sackb/Windows-SSD/Users/sackb/OneDrive/Desktop/University/Course_Work/2025-2026/Spring_2026/ECE_410/ECE410/project/post_m3_Minor_Redesign/tb/tb_top.sv Line: 257

Time: 11785 ns Started: 11775 ns Scope: /tb_top/u_mon File: /run/media/sackb/Windows-SSD/Users/sackb/OneDrive/Desktop/University/Course_Work/2025-2026/Spring_2026/ECE_410/ECE410/project/post_m3_Minor_Redesign/tb/tb_top.sv Line:256
Error: AXI MONITOR: core_C changed while core is idle
Time: 11785 ns  Iteration: 0  Process: /tb_top/u_mon//tb_top/u_mon  Scope: tb_top.u_mon  File: /run/media/sackb/Windows-SSD/Users/sackb/OneDrive/Desktop/University/Course_Work/2025-2026/Spring_2026/ECE_410/ECE410/project/post_m3_Minor_Redesign/tb/tb_top.sv Line: 257

Time: 11795 ns Started: 11785 ns Scope: /tb_top/u_mon File: /run/media/sackb/Windows-SSD/Users/sackb/OneDrive/Desktop/University/Course_Work/2025-2026/Spring_2026/ECE_410/ECE410/project/post_m3_Minor_Redesign/tb/tb_top.sv Line:256
Error: AXI MONITOR: core_C changed while core is idle
Time: 11795 ns  Iteration: 0  Process: /tb_top/u_mon//tb_top/u_mon  Scope: tb_top.u_mon  File: /run/media/sackb/Windows-SSD/Users/sackb/OneDrive/Desktop/University/Course_Work/2025-2026/Spring_2026/ECE_410/ECE410/project/post_m3_Minor_Redesign/tb/tb_top.sv Line: 257

Time: 11805 ns Started: 11795 ns Scope: /tb_top/u_mon File: /run/media/sackb/Windows-SSD/Users/sackb/OneDrive/Desktop/University/Course_Work/2025-2026/Spring_2026/ECE_410/ECE410/project/post_m3_Minor_Redesign/tb/tb_top.sv Line:256
Error: AXI MONITOR: core_C changed while core is idle
Time: 11805 ns  Iteration: 0  Process: /tb_top/u_mon//tb_top/u_mon  Scope: tb_top.u_mon  File: /run/media/sackb/Windows-SSD/Users/sackb/OneDrive/Desktop/University/Course_Work/2025-2026/Spring_2026/ECE_410/ECE410/project/post_m3_Minor_Redesign/tb/tb_top.sv Line: 257

Time: 11815 ns Started: 11805 ns Scope: /tb_top/u_mon File: /run/media/sackb/Windows-SSD/Users/sackb/OneDrive/Desktop/University/Course_Work/2025-2026/Spring_2026/ECE_410/ECE410/project/post_m3_Minor_Redesign/tb/tb_top.sv Line:256
Error: AXI MONITOR: core_C changed while core is idle
Time: 11815 ns  Iteration: 0  Process: /tb_top/u_mon//tb_top/u_mon  Scope: tb_top.u_mon  File: /run/media/sackb/Windows-SSD/Users/sackb/OneDrive/Desktop/University/Course_Work/2025-2026/Spring_2026/ECE_410/ECE410/project/post_m3_Minor_Redesign/tb/tb_top.sv Line: 257

Time: 11825 ns Started: 11815 ns Scope: /tb_top/u_mon File: /run/media/sackb/Windows-SSD/Users/sackb/OneDrive/Desktop/University/Course_Work/2025-2026/Spring_2026/ECE_410/ECE410/project/post_m3_Minor_Redesign/tb/tb_top.sv Line:256
Error: AXI MONITOR: core_C changed while core is idle
Time: 11825 ns  Iteration: 0  Process: /tb_top/u_mon//tb_top/u_mon  Scope: tb_top.u_mon  File: /run/media/sackb/Windows-SSD/Users/sackb/OneDrive/Desktop/University/Course_Work/2025-2026/Spring_2026/ECE_410/ECE410/project/post_m3_Minor_Redesign/tb/tb_top.sv Line: 257

Time: 11835 ns Started: 11825 ns Scope: /tb_top/u_mon File: /run/media/sackb/Windows-SSD/Users/sackb/OneDrive/Desktop/University/Course_Work/2025-2026/Spring_2026/ECE_410/ECE410/project/post_m3_Minor_Redesign/tb/tb_top.sv Line:256
Error: AXI MONITOR: core_C changed while core is idle
Time: 11835 ns  Iteration: 0  Process: /tb_top/u_mon//tb_top/u_mon  Scope: tb_top.u_mon  File: /run/media/sackb/Windows-SSD/Users/sackb/OneDrive/Desktop/University/Course_Work/2025-2026/Spring_2026/ECE_410/ECE410/project/post_m3_Minor_Redesign/tb/tb_top.sv Line: 257

Time: 11845 ns Started: 11835 ns Scope: /tb_top/u_mon File: /run/media/sackb/Windows-SSD/Users/sackb/OneDrive/Desktop/University/Course_Work/2025-2026/Spring_2026/ECE_410/ECE410/project/post_m3_Minor_Redesign/tb/tb_top.sv Line:256
Error: AXI MONITOR: core_C changed while core is idle
Time: 11845 ns  Iteration: 0  Process: /tb_top/u_mon//tb_top/u_mon  Scope: tb_top.u_mon  File: /run/media/sackb/Windows-SSD/Users/sackb/OneDrive/Desktop/University/Course_Work/2025-2026/Spring_2026/ECE_410/ECE410/project/post_m3_Minor_Redesign/tb/tb_top.sv Line: 257

Time: 11855 ns Started: 11845 ns Scope: /tb_top/u_mon File: /run/media/sackb/Windows-SSD/Users/sackb/OneDrive/Desktop/University/Course_Work/2025-2026/Spring_2026/ECE_410/ECE410/project/post_m3_Minor_Redesign/tb/tb_top.sv Line:256
Error: AXI MONITOR: core_C changed while core is idle
Time: 11855 ns  Iteration: 0  Process: /tb_top/u_mon//tb_top/u_mon  Scope: tb_top.u_mon  File: /run/media/sackb/Windows-SSD/Users/sackb/OneDrive/Desktop/University/Course_Work/2025-2026/Spring_2026/ECE_410/ECE410/project/post_m3_Minor_Redesign/tb/tb_top.sv Line: 257

Time: 11865 ns Started: 11855 ns Scope: /tb_top/u_mon File: /run/media/sackb/Windows-SSD/Users/sackb/OneDrive/Desktop/University/Course_Work/2025-2026/Spring_2026/ECE_410/ECE410/project/post_m3_Minor_Redesign/tb/tb_top.sv Line:256
Error: AXI MONITOR: core_C changed while core is idle
Time: 11865 ns  Iteration: 0  Process: /tb_top/u_mon//tb_top/u_mon  Scope: tb_top.u_mon  File: /run/media/sackb/Windows-SSD/Users/sackb/OneDrive/Desktop/University/Course_Work/2025-2026/Spring_2026/ECE_410/ECE410/project/post_m3_Minor_Redesign/tb/tb_top.sv Line: 257

Time: 11875 ns Started: 11865 ns Scope: /tb_top/u_mon File: /run/media/sackb/Windows-SSD/Users/sackb/OneDrive/Desktop/University/Course_Work/2025-2026/Spring_2026/ECE_410/ECE410/project/post_m3_Minor_Redesign/tb/tb_top.sv Line:256
Error: AXI MONITOR: core_C changed while core is idle
Time: 11875 ns  Iteration: 0  Process: /tb_top/u_mon//tb_top/u_mon  Scope: tb_top.u_mon  File: /run/media/sackb/Windows-SSD/Users/sackb/OneDrive/Desktop/University/Course_Work/2025-2026/Spring_2026/ECE_410/ECE410/project/post_m3_Minor_Redesign/tb/tb_top.sv Line: 257

Time: 11885 ns Started: 11875 ns Scope: /tb_top/u_mon File: /run/media/sackb/Windows-SSD/Users/sackb/OneDrive/Desktop/University/Course_Work/2025-2026/Spring_2026/ECE_410/ECE410/project/post_m3_Minor_Redesign/tb/tb_top.sv Line:256
Error: AXI MONITOR: core_C changed while core is idle
Time: 11885 ns  Iteration: 0  Process: /tb_top/u_mon//tb_top/u_mon  Scope: tb_top.u_mon  File: /run/media/sackb/Windows-SSD/Users/sackb/OneDrive/Desktop/University/Course_Work/2025-2026/Spring_2026/ECE_410/ECE410/project/post_m3_Minor_Redesign/tb/tb_top.sv Line: 257

Time: 11895 ns Started: 11885 ns Scope: /tb_top/u_mon File: /run/media/sackb/Windows-SSD/Users/sackb/OneDrive/Desktop/University/Course_Work/2025-2026/Spring_2026/ECE_410/ECE410/project/post_m3_Minor_Redesign/tb/tb_top.sv Line:256
Error: AXI MONITOR: core_C changed while core is idle
Time: 11895 ns  Iteration: 0  Process: /tb_top/u_mon//tb_top/u_mon  Scope: tb_top.u_mon  File: /run/media/sackb/Windows-SSD/Users/sackb/OneDrive/Desktop/University/Course_Work/2025-2026/Spring_2026/ECE_410/ECE410/project/post_m3_Minor_Redesign/tb/tb_top.sv Line: 257

Time: 11905 ns Started: 11895 ns Scope: /tb_top/u_mon File: /run/media/sackb/Windows-SSD/Users/sackb/OneDrive/Desktop/University/Course_Work/2025-2026/Spring_2026/ECE_410/ECE410/project/post_m3_Minor_Redesign/tb/tb_top.sv Line:256
Error: AXI MONITOR: core_C changed while core is idle
Time: 11905 ns  Iteration: 0  Process: /tb_top/u_mon//tb_top/u_mon  Scope: tb_top.u_mon  File: /run/media/sackb/Windows-SSD/Users/sackb/OneDrive/Desktop/University/Course_Work/2025-2026/Spring_2026/ECE_410/ECE410/project/post_m3_Minor_Redesign/tb/tb_top.sv Line: 257

Time: 11915 ns Started: 11905 ns Scope: /tb_top/u_mon File: /run/media/sackb/Windows-SSD/Users/sackb/OneDrive/Desktop/University/Course_Work/2025-2026/Spring_2026/ECE_410/ECE410/project/post_m3_Minor_Redesign/tb/tb_top.sv Line:256
Error: AXI MONITOR: core_C changed while core is idle
Time: 11915 ns  Iteration: 0  Process: /tb_top/u_mon//tb_top/u_mon  Scope: tb_top.u_mon  File: /run/media/sackb/Windows-SSD/Users/sackb/OneDrive/Desktop/University/Course_Work/2025-2026/Spring_2026/ECE_410/ECE410/project/post_m3_Minor_Redesign/tb/tb_top.sv Line: 257

Time: 11925 ns Started: 11915 ns Scope: /tb_top/u_mon File: /run/media/sackb/Windows-SSD/Users/sackb/OneDrive/Desktop/University/Course_Work/2025-2026/Spring_2026/ECE_410/ECE410/project/post_m3_Minor_Redesign/tb/tb_top.sv Line:256
Error: AXI MONITOR: core_C changed while core is idle
Time: 11925 ns  Iteration: 0  Process: /tb_top/u_mon//tb_top/u_mon  Scope: tb_top.u_mon  File: /run/media/sackb/Windows-SSD/Users/sackb/OneDrive/Desktop/University/Course_Work/2025-2026/Spring_2026/ECE_410/ECE410/project/post_m3_Minor_Redesign/tb/tb_top.sv Line: 257

Time: 11935 ns Started: 11925 ns Scope: /tb_top/u_mon File: /run/media/sackb/Windows-SSD/Users/sackb/OneDrive/Desktop/University/Course_Work/2025-2026/Spring_2026/ECE_410/ECE410/project/post_m3_Minor_Redesign/tb/tb_top.sv Line:256
Error: AXI MONITOR: core_C changed while core is idle
Time: 11935 ns  Iteration: 0  Process: /tb_top/u_mon//tb_top/u_mon  Scope: tb_top.u_mon  File: /run/media/sackb/Windows-SSD/Users/sackb/OneDrive/Desktop/University/Course_Work/2025-2026/Spring_2026/ECE_410/ECE410/project/post_m3_Minor_Redesign/tb/tb_top.sv Line: 257

Time: 11945 ns Started: 11935 ns Scope: /tb_top/u_mon File: /run/media/sackb/Windows-SSD/Users/sackb/OneDrive/Desktop/University/Course_Work/2025-2026/Spring_2026/ECE_410/ECE410/project/post_m3_Minor_Redesign/tb/tb_top.sv Line:256
Error: AXI MONITOR: core_C changed while core is idle
Time: 11945 ns  Iteration: 0  Process: /tb_top/u_mon//tb_top/u_mon  Scope: tb_top.u_mon  File: /run/media/sackb/Windows-SSD/Users/sackb/OneDrive/Desktop/University/Course_Work/2025-2026/Spring_2026/ECE_410/ECE410/project/post_m3_Minor_Redesign/tb/tb_top.sv Line: 257

Time: 11955 ns Started: 11945 ns Scope: /tb_top/u_mon File: /run/media/sackb/Windows-SSD/Users/sackb/OneDrive/Desktop/University/Course_Work/2025-2026/Spring_2026/ECE_410/ECE410/project/post_m3_Minor_Redesign/tb/tb_top.sv Line:256
Error: AXI MONITOR: core_C changed while core is idle
Time: 11955 ns  Iteration: 0  Process: /tb_top/u_mon//tb_top/u_mon  Scope: tb_top.u_mon  File: /run/media/sackb/Windows-SSD/Users/sackb/OneDrive/Desktop/University/Course_Work/2025-2026/Spring_2026/ECE_410/ECE410/project/post_m3_Minor_Redesign/tb/tb_top.sv Line: 257

Time: 11965 ns Started: 11955 ns Scope: /tb_top/u_mon File: /run/media/sackb/Windows-SSD/Users/sackb/OneDrive/Desktop/University/Course_Work/2025-2026/Spring_2026/ECE_410/ECE410/project/post_m3_Minor_Redesign/tb/tb_top.sv Line:256
Error: AXI MONITOR: core_C changed while core is idle
Time: 11965 ns  Iteration: 0  Process: /tb_top/u_mon//tb_top/u_mon  Scope: tb_top.u_mon  File: /run/media/sackb/Windows-SSD/Users/sackb/OneDrive/Desktop/University/Course_Work/2025-2026/Spring_2026/ECE_410/ECE410/project/post_m3_Minor_Redesign/tb/tb_top.sv Line: 257

Time: 11975 ns Started: 11965 ns Scope: /tb_top/u_mon File: /run/media/sackb/Windows-SSD/Users/sackb/OneDrive/Desktop/University/Course_Work/2025-2026/Spring_2026/ECE_410/ECE410/project/post_m3_Minor_Redesign/tb/tb_top.sv Line:256
Error: AXI MONITOR: core_C changed while core is idle
Time: 11975 ns  Iteration: 0  Process: /tb_top/u_mon//tb_top/u_mon  Scope: tb_top.u_mon  File: /run/media/sackb/Windows-SSD/Users/sackb/OneDrive/Desktop/University/Course_Work/2025-2026/Spring_2026/ECE_410/ECE410/project/post_m3_Minor_Redesign/tb/tb_top.sv Line: 257

Time: 11985 ns Started: 11975 ns Scope: /tb_top/u_mon File: /run/media/sackb/Windows-SSD/Users/sackb/OneDrive/Desktop/University/Course_Work/2025-2026/Spring_2026/ECE_410/ECE410/project/post_m3_Minor_Redesign/tb/tb_top.sv Line:256
Error: AXI MONITOR: core_C changed while core is idle
Time: 11985 ns  Iteration: 0  Process: /tb_top/u_mon//tb_top/u_mon  Scope: tb_top.u_mon  File: /run/media/sackb/Windows-SSD/Users/sackb/OneDrive/Desktop/University/Course_Work/2025-2026/Spring_2026/ECE_410/ECE410/project/post_m3_Minor_Redesign/tb/tb_top.sv Line: 257

Time: 11995 ns Started: 11985 ns Scope: /tb_top/u_mon File: /run/media/sackb/Windows-SSD/Users/sackb/OneDrive/Desktop/University/Course_Work/2025-2026/Spring_2026/ECE_410/ECE410/project/post_m3_Minor_Redesign/tb/tb_top.sv Line:256
Error: AXI MONITOR: core_C changed while core is idle
Time: 11995 ns  Iteration: 0  Process: /tb_top/u_mon//tb_top/u_mon  Scope: tb_top.u_mon  File: /run/media/sackb/Windows-SSD/Users/sackb/OneDrive/Desktop/University/Course_Work/2025-2026/Spring_2026/ECE_410/ECE410/project/post_m3_Minor_Redesign/tb/tb_top.sv Line: 257

Time: 12005 ns Started: 11995 ns Scope: /tb_top/u_mon File: /run/media/sackb/Windows-SSD/Users/sackb/OneDrive/Desktop/University/Course_Work/2025-2026/Spring_2026/ECE_410/ECE410/project/post_m3_Minor_Redesign/tb/tb_top.sv Line:256
Error: AXI MONITOR: core_C changed while core is idle
Time: 12005 ns  Iteration: 0  Process: /tb_top/u_mon//tb_top/u_mon  Scope: tb_top.u_mon  File: /run/media/sackb/Windows-SSD/Users/sackb/OneDrive/Desktop/University/Course_Work/2025-2026/Spring_2026/ECE_410/ECE410/project/post_m3_Minor_Redesign/tb/tb_top.sv Line: 257

Time: 12015 ns Started: 12005 ns Scope: /tb_top/u_mon File: /run/media/sackb/Windows-SSD/Users/sackb/OneDrive/Desktop/University/Course_Work/2025-2026/Spring_2026/ECE_410/ECE410/project/post_m3_Minor_Redesign/tb/tb_top.sv Line:256
Error: AXI MONITOR: core_C changed while core is idle
Time: 12015 ns  Iteration: 0  Process: /tb_top/u_mon//tb_top/u_mon  Scope: tb_top.u_mon  File: /run/media/sackb/Windows-SSD/Users/sackb/OneDrive/Desktop/University/Course_Work/2025-2026/Spring_2026/ECE_410/ECE410/project/post_m3_Minor_Redesign/tb/tb_top.sv Line: 257

Time: 12465 ns Started: 12455 ns Scope: /tb_top/u_mon File: /run/media/sackb/Windows-SSD/Users/sackb/OneDrive/Desktop/University/Course_Work/2025-2026/Spring_2026/ECE_410/ECE410/project/post_m3_Minor_Redesign/tb/tb_top.sv Line:256
Error: AXI MONITOR: core_C changed while core is idle
Time: 12465 ns  Iteration: 0  Process: /tb_top/u_mon//tb_top/u_mon  Scope: tb_top.u_mon  File: /run/media/sackb/Windows-SSD/Users/sackb/OneDrive/Desktop/University/Course_Work/2025-2026/Spring_2026/ECE_410/ECE410/project/post_m3_Minor_Redesign/tb/tb_top.sv Line: 257

Time: 12475 ns Started: 12465 ns Scope: /tb_top/u_mon File: /run/media/sackb/Windows-SSD/Users/sackb/OneDrive/Desktop/University/Course_Work/2025-2026/Spring_2026/ECE_410/ECE410/project/post_m3_Minor_Redesign/tb/tb_top.sv Line:256
Error: AXI MONITOR: core_C changed while core is idle
Time: 12475 ns  Iteration: 0  Process: /tb_top/u_mon//tb_top/u_mon  Scope: tb_top.u_mon  File: /run/media/sackb/Windows-SSD/Users/sackb/OneDrive/Desktop/University/Course_Work/2025-2026/Spring_2026/ECE_410/ECE410/project/post_m3_Minor_Redesign/tb/tb_top.sv Line: 257

Time: 12485 ns Started: 12475 ns Scope: /tb_top/u_mon File: /run/media/sackb/Windows-SSD/Users/sackb/OneDrive/Desktop/University/Course_Work/2025-2026/Spring_2026/ECE_410/ECE410/project/post_m3_Minor_Redesign/tb/tb_top.sv Line:256
Error: AXI MONITOR: core_C changed while core is idle
Time: 12485 ns  Iteration: 0  Process: /tb_top/u_mon//tb_top/u_mon  Scope: tb_top.u_mon  File: /run/media/sackb/Windows-SSD/Users/sackb/OneDrive/Desktop/University/Course_Work/2025-2026/Spring_2026/ECE_410/ECE410/project/post_m3_Minor_Redesign/tb/tb_top.sv Line: 257

Time: 12495 ns Started: 12485 ns Scope: /tb_top/u_mon File: /run/media/sackb/Windows-SSD/Users/sackb/OneDrive/Desktop/University/Course_Work/2025-2026/Spring_2026/ECE_410/ECE410/project/post_m3_Minor_Redesign/tb/tb_top.sv Line:256
Error: AXI MONITOR: core_C changed while core is idle
Time: 12495 ns  Iteration: 0  Process: /tb_top/u_mon//tb_top/u_mon  Scope: tb_top.u_mon  File: /run/media/sackb/Windows-SSD/Users/sackb/OneDrive/Desktop/University/Course_Work/2025-2026/Spring_2026/ECE_410/ECE410/project/post_m3_Minor_Redesign/tb/tb_top.sv Line: 257

Time: 12505 ns Started: 12495 ns Scope: /tb_top/u_mon File: /run/media/sackb/Windows-SSD/Users/sackb/OneDrive/Desktop/University/Course_Work/2025-2026/Spring_2026/ECE_410/ECE410/project/post_m3_Minor_Redesign/tb/tb_top.sv Line:256
Error: AXI MONITOR: core_C changed while core is idle
Time: 12505 ns  Iteration: 0  Process: /tb_top/u_mon//tb_top/u_mon  Scope: tb_top.u_mon  File: /run/media/sackb/Windows-SSD/Users/sackb/OneDrive/Desktop/University/Course_Work/2025-2026/Spring_2026/ECE_410/ECE410/project/post_m3_Minor_Redesign/tb/tb_top.sv Line: 257

Time: 12515 ns Started: 12505 ns Scope: /tb_top/u_mon File: /run/media/sackb/Windows-SSD/Users/sackb/OneDrive/Desktop/University/Course_Work/2025-2026/Spring_2026/ECE_410/ECE410/project/post_m3_Minor_Redesign/tb/tb_top.sv Line:256
Error: AXI MONITOR: core_C changed while core is idle
Time: 12515 ns  Iteration: 0  Process: /tb_top/u_mon//tb_top/u_mon  Scope: tb_top.u_mon  File: /run/media/sackb/Windows-SSD/Users/sackb/OneDrive/Desktop/University/Course_Work/2025-2026/Spring_2026/ECE_410/ECE410/project/post_m3_Minor_Redesign/tb/tb_top.sv Line: 257

Time: 12525 ns Started: 12515 ns Scope: /tb_top/u_mon File: /run/media/sackb/Windows-SSD/Users/sackb/OneDrive/Desktop/University/Course_Work/2025-2026/Spring_2026/ECE_410/ECE410/project/post_m3_Minor_Redesign/tb/tb_top.sv Line:256
Error: AXI MONITOR: core_C changed while core is idle
Time: 12525 ns  Iteration: 0  Process: /tb_top/u_mon//tb_top/u_mon  Scope: tb_top.u_mon  File: /run/media/sackb/Windows-SSD/Users/sackb/OneDrive/Desktop/University/Course_Work/2025-2026/Spring_2026/ECE_410/ECE410/project/post_m3_Minor_Redesign/tb/tb_top.sv Line: 257

Time: 12535 ns Started: 12525 ns Scope: /tb_top/u_mon File: /run/media/sackb/Windows-SSD/Users/sackb/OneDrive/Desktop/University/Course_Work/2025-2026/Spring_2026/ECE_410/ECE410/project/post_m3_Minor_Redesign/tb/tb_top.sv Line:256
Error: AXI MONITOR: core_C changed while core is idle
Time: 12535 ns  Iteration: 0  Process: /tb_top/u_mon//tb_top/u_mon  Scope: tb_top.u_mon  File: /run/media/sackb/Windows-SSD/Users/sackb/OneDrive/Desktop/University/Course_Work/2025-2026/Spring_2026/ECE_410/ECE410/project/post_m3_Minor_Redesign/tb/tb_top.sv Line: 257

Time: 12545 ns Started: 12535 ns Scope: /tb_top/u_mon File: /run/media/sackb/Windows-SSD/Users/sackb/OneDrive/Desktop/University/Course_Work/2025-2026/Spring_2026/ECE_410/ECE410/project/post_m3_Minor_Redesign/tb/tb_top.sv Line:256
Error: AXI MONITOR: core_C changed while core is idle
Time: 12545 ns  Iteration: 0  Process: /tb_top/u_mon//tb_top/u_mon  Scope: tb_top.u_mon  File: /run/media/sackb/Windows-SSD/Users/sackb/OneDrive/Desktop/University/Course_Work/2025-2026/Spring_2026/ECE_410/ECE410/project/post_m3_Minor_Redesign/tb/tb_top.sv Line: 257

Time: 12555 ns Started: 12545 ns Scope: /tb_top/u_mon File: /run/media/sackb/Windows-SSD/Users/sackb/OneDrive/Desktop/University/Course_Work/2025-2026/Spring_2026/ECE_410/ECE410/project/post_m3_Minor_Redesign/tb/tb_top.sv Line:256
Error: AXI MONITOR: core_C changed while core is idle
Time: 12555 ns  Iteration: 0  Process: /tb_top/u_mon//tb_top/u_mon  Scope: tb_top.u_mon  File: /run/media/sackb/Windows-SSD/Users/sackb/OneDrive/Desktop/University/Course_Work/2025-2026/Spring_2026/ECE_410/ECE410/project/post_m3_Minor_Redesign/tb/tb_top.sv Line: 257

Time: 12565 ns Started: 12555 ns Scope: /tb_top/u_mon File: /run/media/sackb/Windows-SSD/Users/sackb/OneDrive/Desktop/University/Course_Work/2025-2026/Spring_2026/ECE_410/ECE410/project/post_m3_Minor_Redesign/tb/tb_top.sv Line:256
Error: AXI MONITOR: core_C changed while core is idle
Time: 12565 ns  Iteration: 0  Process: /tb_top/u_mon//tb_top/u_mon  Scope: tb_top.u_mon  File: /run/media/sackb/Windows-SSD/Users/sackb/OneDrive/Desktop/University/Course_Work/2025-2026/Spring_2026/ECE_410/ECE410/project/post_m3_Minor_Redesign/tb/tb_top.sv Line: 257

Time: 12575 ns Started: 12565 ns Scope: /tb_top/u_mon File: /run/media/sackb/Windows-SSD/Users/sackb/OneDrive/Desktop/University/Course_Work/2025-2026/Spring_2026/ECE_410/ECE410/project/post_m3_Minor_Redesign/tb/tb_top.sv Line:256
Error: AXI MONITOR: core_C changed while core is idle
Time: 12575 ns  Iteration: 0  Process: /tb_top/u_mon//tb_top/u_mon  Scope: tb_top.u_mon  File: /run/media/sackb/Windows-SSD/Users/sackb/OneDrive/Desktop/University/Course_Work/2025-2026/Spring_2026/ECE_410/ECE410/project/post_m3_Minor_Redesign/tb/tb_top.sv Line: 257

Time: 12585 ns Started: 12575 ns Scope: /tb_top/u_mon File: /run/media/sackb/Windows-SSD/Users/sackb/OneDrive/Desktop/University/Course_Work/2025-2026/Spring_2026/ECE_410/ECE410/project/post_m3_Minor_Redesign/tb/tb_top.sv Line:256
Error: AXI MONITOR: core_C changed while core is idle
Time: 12585 ns  Iteration: 0  Process: /tb_top/u_mon//tb_top/u_mon  Scope: tb_top.u_mon  File: /run/media/sackb/Windows-SSD/Users/sackb/OneDrive/Desktop/University/Course_Work/2025-2026/Spring_2026/ECE_410/ECE410/project/post_m3_Minor_Redesign/tb/tb_top.sv Line: 257

Time: 12595 ns Started: 12585 ns Scope: /tb_top/u_mon File: /run/media/sackb/Windows-SSD/Users/sackb/OneDrive/Desktop/University/Course_Work/2025-2026/Spring_2026/ECE_410/ECE410/project/post_m3_Minor_Redesign/tb/tb_top.sv Line:256
Error: AXI MONITOR: core_C changed while core is idle
Time: 12595 ns  Iteration: 0  Process: /tb_top/u_mon//tb_top/u_mon  Scope: tb_top.u_mon  File: /run/media/sackb/Windows-SSD/Users/sackb/OneDrive/Desktop/University/Course_Work/2025-2026/Spring_2026/ECE_410/ECE410/project/post_m3_Minor_Redesign/tb/tb_top.sv Line: 257

Time: 12605 ns Started: 12595 ns Scope: /tb_top/u_mon File: /run/media/sackb/Windows-SSD/Users/sackb/OneDrive/Desktop/University/Course_Work/2025-2026/Spring_2026/ECE_410/ECE410/project/post_m3_Minor_Redesign/tb/tb_top.sv Line:256
Error: AXI MONITOR: core_C changed while core is idle
Time: 12605 ns  Iteration: 0  Process: /tb_top/u_mon//tb_top/u_mon  Scope: tb_top.u_mon  File: /run/media/sackb/Windows-SSD/Users/sackb/OneDrive/Desktop/University/Course_Work/2025-2026/Spring_2026/ECE_410/ECE410/project/post_m3_Minor_Redesign/tb/tb_top.sv Line: 257

Time: 12615 ns Started: 12605 ns Scope: /tb_top/u_mon File: /run/media/sackb/Windows-SSD/Users/sackb/OneDrive/Desktop/University/Course_Work/2025-2026/Spring_2026/ECE_410/ECE410/project/post_m3_Minor_Redesign/tb/tb_top.sv Line:256
Error: AXI MONITOR: core_C changed while core is idle
Time: 12615 ns  Iteration: 0  Process: /tb_top/u_mon//tb_top/u_mon  Scope: tb_top.u_mon  File: /run/media/sackb/Windows-SSD/Users/sackb/OneDrive/Desktop/University/Course_Work/2025-2026/Spring_2026/ECE_410/ECE410/project/post_m3_Minor_Redesign/tb/tb_top.sv Line: 257

Time: 12625 ns Started: 12615 ns Scope: /tb_top/u_mon File: /run/media/sackb/Windows-SSD/Users/sackb/OneDrive/Desktop/University/Course_Work/2025-2026/Spring_2026/ECE_410/ECE410/project/post_m3_Minor_Redesign/tb/tb_top.sv Line:256
Error: AXI MONITOR: core_C changed while core is idle
Time: 12625 ns  Iteration: 0  Process: /tb_top/u_mon//tb_top/u_mon  Scope: tb_top.u_mon  File: /run/media/sackb/Windows-SSD/Users/sackb/OneDrive/Desktop/University/Course_Work/2025-2026/Spring_2026/ECE_410/ECE410/project/post_m3_Minor_Redesign/tb/tb_top.sv Line: 257

Time: 12635 ns Started: 12625 ns Scope: /tb_top/u_mon File: /run/media/sackb/Windows-SSD/Users/sackb/OneDrive/Desktop/University/Course_Work/2025-2026/Spring_2026/ECE_410/ECE410/project/post_m3_Minor_Redesign/tb/tb_top.sv Line:256
Error: AXI MONITOR: core_C changed while core is idle
Time: 12635 ns  Iteration: 0  Process: /tb_top/u_mon//tb_top/u_mon  Scope: tb_top.u_mon  File: /run/media/sackb/Windows-SSD/Users/sackb/OneDrive/Desktop/University/Course_Work/2025-2026/Spring_2026/ECE_410/ECE410/project/post_m3_Minor_Redesign/tb/tb_top.sv Line: 257

Time: 12645 ns Started: 12635 ns Scope: /tb_top/u_mon File: /run/media/sackb/Windows-SSD/Users/sackb/OneDrive/Desktop/University/Course_Work/2025-2026/Spring_2026/ECE_410/ECE410/project/post_m3_Minor_Redesign/tb/tb_top.sv Line:256
Error: AXI MONITOR: core_C changed while core is idle
Time: 12645 ns  Iteration: 0  Process: /tb_top/u_mon//tb_top/u_mon  Scope: tb_top.u_mon  File: /run/media/sackb/Windows-SSD/Users/sackb/OneDrive/Desktop/University/Course_Work/2025-2026/Spring_2026/ECE_410/ECE410/project/post_m3_Minor_Redesign/tb/tb_top.sv Line: 257

Time: 12655 ns Started: 12645 ns Scope: /tb_top/u_mon File: /run/media/sackb/Windows-SSD/Users/sackb/OneDrive/Desktop/University/Course_Work/2025-2026/Spring_2026/ECE_410/ECE410/project/post_m3_Minor_Redesign/tb/tb_top.sv Line:256
Error: AXI MONITOR: core_C changed while core is idle
Time: 12655 ns  Iteration: 0  Process: /tb_top/u_mon//tb_top/u_mon  Scope: tb_top.u_mon  File: /run/media/sackb/Windows-SSD/Users/sackb/OneDrive/Desktop/University/Course_Work/2025-2026/Spring_2026/ECE_410/ECE410/project/post_m3_Minor_Redesign/tb/tb_top.sv Line: 257

Time: 12665 ns Started: 12655 ns Scope: /tb_top/u_mon File: /run/media/sackb/Windows-SSD/Users/sackb/OneDrive/Desktop/University/Course_Work/2025-2026/Spring_2026/ECE_410/ECE410/project/post_m3_Minor_Redesign/tb/tb_top.sv Line:256
Error: AXI MONITOR: core_C changed while core is idle
Time: 12665 ns  Iteration: 0  Process: /tb_top/u_mon//tb_top/u_mon  Scope: tb_top.u_mon  File: /run/media/sackb/Windows-SSD/Users/sackb/OneDrive/Desktop/University/Course_Work/2025-2026/Spring_2026/ECE_410/ECE410/project/post_m3_Minor_Redesign/tb/tb_top.sv Line: 257

Time: 12675 ns Started: 12665 ns Scope: /tb_top/u_mon File: /run/media/sackb/Windows-SSD/Users/sackb/OneDrive/Desktop/University/Course_Work/2025-2026/Spring_2026/ECE_410/ECE410/project/post_m3_Minor_Redesign/tb/tb_top.sv Line:256
Error: AXI MONITOR: core_C changed while core is idle
Time: 12675 ns  Iteration: 0  Process: /tb_top/u_mon//tb_top/u_mon  Scope: tb_top.u_mon  File: /run/media/sackb/Windows-SSD/Users/sackb/OneDrive/Desktop/University/Course_Work/2025-2026/Spring_2026/ECE_410/ECE410/project/post_m3_Minor_Redesign/tb/tb_top.sv Line: 257

Time: 12685 ns Started: 12675 ns Scope: /tb_top/u_mon File: /run/media/sackb/Windows-SSD/Users/sackb/OneDrive/Desktop/University/Course_Work/2025-2026/Spring_2026/ECE_410/ECE410/project/post_m3_Minor_Redesign/tb/tb_top.sv Line:256
Error: AXI MONITOR: core_C changed while core is idle
Time: 12685 ns  Iteration: 0  Process: /tb_top/u_mon//tb_top/u_mon  Scope: tb_top.u_mon  File: /run/media/sackb/Windows-SSD/Users/sackb/OneDrive/Desktop/University/Course_Work/2025-2026/Spring_2026/ECE_410/ECE410/project/post_m3_Minor_Redesign/tb/tb_top.sv Line: 257

Time: 12695 ns Started: 12685 ns Scope: /tb_top/u_mon File: /run/media/sackb/Windows-SSD/Users/sackb/OneDrive/Desktop/University/Course_Work/2025-2026/Spring_2026/ECE_410/ECE410/project/post_m3_Minor_Redesign/tb/tb_top.sv Line:256
Error: AXI MONITOR: core_C changed while core is idle
Time: 12695 ns  Iteration: 0  Process: /tb_top/u_mon//tb_top/u_mon  Scope: tb_top.u_mon  File: /run/media/sackb/Windows-SSD/Users/sackb/OneDrive/Desktop/University/Course_Work/2025-2026/Spring_2026/ECE_410/ECE410/project/post_m3_Minor_Redesign/tb/tb_top.sv Line: 257

Time: 12705 ns Started: 12695 ns Scope: /tb_top/u_mon File: /run/media/sackb/Windows-SSD/Users/sackb/OneDrive/Desktop/University/Course_Work/2025-2026/Spring_2026/ECE_410/ECE410/project/post_m3_Minor_Redesign/tb/tb_top.sv Line:256
Error: AXI MONITOR: core_C changed while core is idle
Time: 12705 ns  Iteration: 0  Process: /tb_top/u_mon//tb_top/u_mon  Scope: tb_top.u_mon  File: /run/media/sackb/Windows-SSD/Users/sackb/OneDrive/Desktop/University/Course_Work/2025-2026/Spring_2026/ECE_410/ECE410/project/post_m3_Minor_Redesign/tb/tb_top.sv Line: 257

Time: 12715 ns Started: 12705 ns Scope: /tb_top/u_mon File: /run/media/sackb/Windows-SSD/Users/sackb/OneDrive/Desktop/University/Course_Work/2025-2026/Spring_2026/ECE_410/ECE410/project/post_m3_Minor_Redesign/tb/tb_top.sv Line:256
Error: AXI MONITOR: core_C changed while core is idle
Time: 12715 ns  Iteration: 0  Process: /tb_top/u_mon//tb_top/u_mon  Scope: tb_top.u_mon  File: /run/media/sackb/Windows-SSD/Users/sackb/OneDrive/Desktop/University/Course_Work/2025-2026/Spring_2026/ECE_410/ECE410/project/post_m3_Minor_Redesign/tb/tb_top.sv Line: 257

Time: 12725 ns Started: 12715 ns Scope: /tb_top/u_mon File: /run/media/sackb/Windows-SSD/Users/sackb/OneDrive/Desktop/University/Course_Work/2025-2026/Spring_2026/ECE_410/ECE410/project/post_m3_Minor_Redesign/tb/tb_top.sv Line:256
Error: AXI MONITOR: core_C changed while core is idle
Time: 12725 ns  Iteration: 0  Process: /tb_top/u_mon//tb_top/u_mon  Scope: tb_top.u_mon  File: /run/media/sackb/Windows-SSD/Users/sackb/OneDrive/Desktop/University/Course_Work/2025-2026/Spring_2026/ECE_410/ECE410/project/post_m3_Minor_Redesign/tb/tb_top.sv Line: 257

Time: 12735 ns Started: 12725 ns Scope: /tb_top/u_mon File: /run/media/sackb/Windows-SSD/Users/sackb/OneDrive/Desktop/University/Course_Work/2025-2026/Spring_2026/ECE_410/ECE410/project/post_m3_Minor_Redesign/tb/tb_top.sv Line:256
Error: AXI MONITOR: core_C changed while core is idle
Time: 12735 ns  Iteration: 0  Process: /tb_top/u_mon//tb_top/u_mon  Scope: tb_top.u_mon  File: /run/media/sackb/Windows-SSD/Users/sackb/OneDrive/Desktop/University/Course_Work/2025-2026/Spring_2026/ECE_410/ECE410/project/post_m3_Minor_Redesign/tb/tb_top.sv Line: 257

Time: 12745 ns Started: 12735 ns Scope: /tb_top/u_mon File: /run/media/sackb/Windows-SSD/Users/sackb/OneDrive/Desktop/University/Course_Work/2025-2026/Spring_2026/ECE_410/ECE410/project/post_m3_Minor_Redesign/tb/tb_top.sv Line:256
Error: AXI MONITOR: core_C changed while core is idle
Time: 12745 ns  Iteration: 0  Process: /tb_top/u_mon//tb_top/u_mon  Scope: tb_top.u_mon  File: /run/media/sackb/Windows-SSD/Users/sackb/OneDrive/Desktop/University/Course_Work/2025-2026/Spring_2026/ECE_410/ECE410/project/post_m3_Minor_Redesign/tb/tb_top.sv Line: 257

Time: 12755 ns Started: 12745 ns Scope: /tb_top/u_mon File: /run/media/sackb/Windows-SSD/Users/sackb/OneDrive/Desktop/University/Course_Work/2025-2026/Spring_2026/ECE_410/ECE410/project/post_m3_Minor_Redesign/tb/tb_top.sv Line:256
Error: AXI MONITOR: core_C changed while core is idle
Time: 12755 ns  Iteration: 0  Process: /tb_top/u_mon//tb_top/u_mon  Scope: tb_top.u_mon  File: /run/media/sackb/Windows-SSD/Users/sackb/OneDrive/Desktop/University/Course_Work/2025-2026/Spring_2026/ECE_410/ECE410/project/post_m3_Minor_Redesign/tb/tb_top.sv Line: 257

Time: 12765 ns Started: 12755 ns Scope: /tb_top/u_mon File: /run/media/sackb/Windows-SSD/Users/sackb/OneDrive/Desktop/University/Course_Work/2025-2026/Spring_2026/ECE_410/ECE410/project/post_m3_Minor_Redesign/tb/tb_top.sv Line:256
Error: AXI MONITOR: core_C changed while core is idle
Time: 12765 ns  Iteration: 0  Process: /tb_top/u_mon//tb_top/u_mon  Scope: tb_top.u_mon  File: /run/media/sackb/Windows-SSD/Users/sackb/OneDrive/Desktop/University/Course_Work/2025-2026/Spring_2026/ECE_410/ECE410/project/post_m3_Minor_Redesign/tb/tb_top.sv Line: 257

Time: 12775 ns Started: 12765 ns Scope: /tb_top/u_mon File: /run/media/sackb/Windows-SSD/Users/sackb/OneDrive/Desktop/University/Course_Work/2025-2026/Spring_2026/ECE_410/ECE410/project/post_m3_Minor_Redesign/tb/tb_top.sv Line:256
Error: AXI MONITOR: core_C changed while core is idle
Time: 12775 ns  Iteration: 0  Process: /tb_top/u_mon//tb_top/u_mon  Scope: tb_top.u_mon  File: /run/media/sackb/Windows-SSD/Users/sackb/OneDrive/Desktop/University/Course_Work/2025-2026/Spring_2026/ECE_410/ECE410/project/post_m3_Minor_Redesign/tb/tb_top.sv Line: 257

Time: 12785 ns Started: 12775 ns Scope: /tb_top/u_mon File: /run/media/sackb/Windows-SSD/Users/sackb/OneDrive/Desktop/University/Course_Work/2025-2026/Spring_2026/ECE_410/ECE410/project/post_m3_Minor_Redesign/tb/tb_top.sv Line:256
Error: AXI MONITOR: core_C changed while core is idle
Time: 12785 ns  Iteration: 0  Process: /tb_top/u_mon//tb_top/u_mon  Scope: tb_top.u_mon  File: /run/media/sackb/Windows-SSD/Users/sackb/OneDrive/Desktop/University/Course_Work/2025-2026/Spring_2026/ECE_410/ECE410/project/post_m3_Minor_Redesign/tb/tb_top.sv Line: 257

Time: 12795 ns Started: 12785 ns Scope: /tb_top/u_mon File: /run/media/sackb/Windows-SSD/Users/sackb/OneDrive/Desktop/University/Course_Work/2025-2026/Spring_2026/ECE_410/ECE410/project/post_m3_Minor_Redesign/tb/tb_top.sv Line:256
Error: AXI MONITOR: core_C changed while core is idle
Time: 12795 ns  Iteration: 0  Process: /tb_top/u_mon//tb_top/u_mon  Scope: tb_top.u_mon  File: /run/media/sackb/Windows-SSD/Users/sackb/OneDrive/Desktop/University/Course_Work/2025-2026/Spring_2026/ECE_410/ECE410/project/post_m3_Minor_Redesign/tb/tb_top.sv Line: 257

Time: 12805 ns Started: 12795 ns Scope: /tb_top/u_mon File: /run/media/sackb/Windows-SSD/Users/sackb/OneDrive/Desktop/University/Course_Work/2025-2026/Spring_2026/ECE_410/ECE410/project/post_m3_Minor_Redesign/tb/tb_top.sv Line:256
Error: AXI MONITOR: core_C changed while core is idle
Time: 12805 ns  Iteration: 0  Process: /tb_top/u_mon//tb_top/u_mon  Scope: tb_top.u_mon  File: /run/media/sackb/Windows-SSD/Users/sackb/OneDrive/Desktop/University/Course_Work/2025-2026/Spring_2026/ECE_410/ECE410/project/post_m3_Minor_Redesign/tb/tb_top.sv Line: 257

Time: 12815 ns Started: 12805 ns Scope: /tb_top/u_mon File: /run/media/sackb/Windows-SSD/Users/sackb/OneDrive/Desktop/University/Course_Work/2025-2026/Spring_2026/ECE_410/ECE410/project/post_m3_Minor_Redesign/tb/tb_top.sv Line:256
Error: AXI MONITOR: core_C changed while core is idle
Time: 12815 ns  Iteration: 0  Process: /tb_top/u_mon//tb_top/u_mon  Scope: tb_top.u_mon  File: /run/media/sackb/Windows-SSD/Users/sackb/OneDrive/Desktop/University/Course_Work/2025-2026/Spring_2026/ECE_410/ECE410/project/post_m3_Minor_Redesign/tb/tb_top.sv Line: 257

Time: 12825 ns Started: 12815 ns Scope: /tb_top/u_mon File: /run/media/sackb/Windows-SSD/Users/sackb/OneDrive/Desktop/University/Course_Work/2025-2026/Spring_2026/ECE_410/ECE410/project/post_m3_Minor_Redesign/tb/tb_top.sv Line:256
Error: AXI MONITOR: core_C changed while core is idle
Time: 12825 ns  Iteration: 0  Process: /tb_top/u_mon//tb_top/u_mon  Scope: tb_top.u_mon  File: /run/media/sackb/Windows-SSD/Users/sackb/OneDrive/Desktop/University/Course_Work/2025-2026/Spring_2026/ECE_410/ECE410/project/post_m3_Minor_Redesign/tb/tb_top.sv Line: 257
TB_TOP: Iteration 7 complete
TB_TOP: Starting iteration 8

Time: 12835 ns Started: 12825 ns Scope: /tb_top/u_mon File: /run/media/sackb/Windows-SSD/Users/sackb/OneDrive/Desktop/University/Course_Work/2025-2026/Spring_2026/ECE_410/ECE410/project/post_m3_Minor_Redesign/tb/tb_top.sv Line:256
Error: AXI MONITOR: core_C changed while core is idle
Time: 12835 ns  Iteration: 0  Process: /tb_top/u_mon//tb_top/u_mon  Scope: tb_top.u_mon  File: /run/media/sackb/Windows-SSD/Users/sackb/OneDrive/Desktop/University/Course_Work/2025-2026/Spring_2026/ECE_410/ECE410/project/post_m3_Minor_Redesign/tb/tb_top.sv Line: 257

Time: 12845 ns Started: 12835 ns Scope: /tb_top/u_mon File: /run/media/sackb/Windows-SSD/Users/sackb/OneDrive/Desktop/University/Course_Work/2025-2026/Spring_2026/ECE_410/ECE410/project/post_m3_Minor_Redesign/tb/tb_top.sv Line:256
Error: AXI MONITOR: core_C changed while core is idle
Time: 12845 ns  Iteration: 0  Process: /tb_top/u_mon//tb_top/u_mon  Scope: tb_top.u_mon  File: /run/media/sackb/Windows-SSD/Users/sackb/OneDrive/Desktop/University/Course_Work/2025-2026/Spring_2026/ECE_410/ECE410/project/post_m3_Minor_Redesign/tb/tb_top.sv Line: 257

Time: 12855 ns Started: 12845 ns Scope: /tb_top/u_mon File: /run/media/sackb/Windows-SSD/Users/sackb/OneDrive/Desktop/University/Course_Work/2025-2026/Spring_2026/ECE_410/ECE410/project/post_m3_Minor_Redesign/tb/tb_top.sv Line:256
Error: AXI MONITOR: core_C changed while core is idle
Time: 12855 ns  Iteration: 0  Process: /tb_top/u_mon//tb_top/u_mon  Scope: tb_top.u_mon  File: /run/media/sackb/Windows-SSD/Users/sackb/OneDrive/Desktop/University/Course_Work/2025-2026/Spring_2026/ECE_410/ECE410/project/post_m3_Minor_Redesign/tb/tb_top.sv Line: 257

Time: 12865 ns Started: 12855 ns Scope: /tb_top/u_mon File: /run/media/sackb/Windows-SSD/Users/sackb/OneDrive/Desktop/University/Course_Work/2025-2026/Spring_2026/ECE_410/ECE410/project/post_m3_Minor_Redesign/tb/tb_top.sv Line:256
Error: AXI MONITOR: core_C changed while core is idle
Time: 12865 ns  Iteration: 0  Process: /tb_top/u_mon//tb_top/u_mon  Scope: tb_top.u_mon  File: /run/media/sackb/Windows-SSD/Users/sackb/OneDrive/Desktop/University/Course_Work/2025-2026/Spring_2026/ECE_410/ECE410/project/post_m3_Minor_Redesign/tb/tb_top.sv Line: 257

Time: 12875 ns Started: 12865 ns Scope: /tb_top/u_mon File: /run/media/sackb/Windows-SSD/Users/sackb/OneDrive/Desktop/University/Course_Work/2025-2026/Spring_2026/ECE_410/ECE410/project/post_m3_Minor_Redesign/tb/tb_top.sv Line:256
Error: AXI MONITOR: core_C changed while core is idle
Time: 12875 ns  Iteration: 0  Process: /tb_top/u_mon//tb_top/u_mon  Scope: tb_top.u_mon  File: /run/media/sackb/Windows-SSD/Users/sackb/OneDrive/Desktop/University/Course_Work/2025-2026/Spring_2026/ECE_410/ECE410/project/post_m3_Minor_Redesign/tb/tb_top.sv Line: 257

Time: 12885 ns Started: 12875 ns Scope: /tb_top/u_mon File: /run/media/sackb/Windows-SSD/Users/sackb/OneDrive/Desktop/University/Course_Work/2025-2026/Spring_2026/ECE_410/ECE410/project/post_m3_Minor_Redesign/tb/tb_top.sv Line:256
Error: AXI MONITOR: core_C changed while core is idle
Time: 12885 ns  Iteration: 0  Process: /tb_top/u_mon//tb_top/u_mon  Scope: tb_top.u_mon  File: /run/media/sackb/Windows-SSD/Users/sackb/OneDrive/Desktop/University/Course_Work/2025-2026/Spring_2026/ECE_410/ECE410/project/post_m3_Minor_Redesign/tb/tb_top.sv Line: 257

Time: 12895 ns Started: 12885 ns Scope: /tb_top/u_mon File: /run/media/sackb/Windows-SSD/Users/sackb/OneDrive/Desktop/University/Course_Work/2025-2026/Spring_2026/ECE_410/ECE410/project/post_m3_Minor_Redesign/tb/tb_top.sv Line:256
Error: AXI MONITOR: core_C changed while core is idle
Time: 12895 ns  Iteration: 0  Process: /tb_top/u_mon//tb_top/u_mon  Scope: tb_top.u_mon  File: /run/media/sackb/Windows-SSD/Users/sackb/OneDrive/Desktop/University/Course_Work/2025-2026/Spring_2026/ECE_410/ECE410/project/post_m3_Minor_Redesign/tb/tb_top.sv Line: 257

Time: 12905 ns Started: 12895 ns Scope: /tb_top/u_mon File: /run/media/sackb/Windows-SSD/Users/sackb/OneDrive/Desktop/University/Course_Work/2025-2026/Spring_2026/ECE_410/ECE410/project/post_m3_Minor_Redesign/tb/tb_top.sv Line:256
Error: AXI MONITOR: core_C changed while core is idle
Time: 12905 ns  Iteration: 0  Process: /tb_top/u_mon//tb_top/u_mon  Scope: tb_top.u_mon  File: /run/media/sackb/Windows-SSD/Users/sackb/OneDrive/Desktop/University/Course_Work/2025-2026/Spring_2026/ECE_410/ECE410/project/post_m3_Minor_Redesign/tb/tb_top.sv Line: 257

Time: 12915 ns Started: 12905 ns Scope: /tb_top/u_mon File: /run/media/sackb/Windows-SSD/Users/sackb/OneDrive/Desktop/University/Course_Work/2025-2026/Spring_2026/ECE_410/ECE410/project/post_m3_Minor_Redesign/tb/tb_top.sv Line:256
Error: AXI MONITOR: core_C changed while core is idle
Time: 12915 ns  Iteration: 0  Process: /tb_top/u_mon//tb_top/u_mon  Scope: tb_top.u_mon  File: /run/media/sackb/Windows-SSD/Users/sackb/OneDrive/Desktop/University/Course_Work/2025-2026/Spring_2026/ECE_410/ECE410/project/post_m3_Minor_Redesign/tb/tb_top.sv Line: 257

Time: 12925 ns Started: 12915 ns Scope: /tb_top/u_mon File: /run/media/sackb/Windows-SSD/Users/sackb/OneDrive/Desktop/University/Course_Work/2025-2026/Spring_2026/ECE_410/ECE410/project/post_m3_Minor_Redesign/tb/tb_top.sv Line:256
Error: AXI MONITOR: core_C changed while core is idle
Time: 12925 ns  Iteration: 0  Process: /tb_top/u_mon//tb_top/u_mon  Scope: tb_top.u_mon  File: /run/media/sackb/Windows-SSD/Users/sackb/OneDrive/Desktop/University/Course_Work/2025-2026/Spring_2026/ECE_410/ECE410/project/post_m3_Minor_Redesign/tb/tb_top.sv Line: 257

Time: 12935 ns Started: 12925 ns Scope: /tb_top/u_mon File: /run/media/sackb/Windows-SSD/Users/sackb/OneDrive/Desktop/University/Course_Work/2025-2026/Spring_2026/ECE_410/ECE410/project/post_m3_Minor_Redesign/tb/tb_top.sv Line:256
Error: AXI MONITOR: core_C changed while core is idle
Time: 12935 ns  Iteration: 0  Process: /tb_top/u_mon//tb_top/u_mon  Scope: tb_top.u_mon  File: /run/media/sackb/Windows-SSD/Users/sackb/OneDrive/Desktop/University/Course_Work/2025-2026/Spring_2026/ECE_410/ECE410/project/post_m3_Minor_Redesign/tb/tb_top.sv Line: 257

Time: 12945 ns Started: 12935 ns Scope: /tb_top/u_mon File: /run/media/sackb/Windows-SSD/Users/sackb/OneDrive/Desktop/University/Course_Work/2025-2026/Spring_2026/ECE_410/ECE410/project/post_m3_Minor_Redesign/tb/tb_top.sv Line:256
Error: AXI MONITOR: core_C changed while core is idle
Time: 12945 ns  Iteration: 0  Process: /tb_top/u_mon//tb_top/u_mon  Scope: tb_top.u_mon  File: /run/media/sackb/Windows-SSD/Users/sackb/OneDrive/Desktop/University/Course_Work/2025-2026/Spring_2026/ECE_410/ECE410/project/post_m3_Minor_Redesign/tb/tb_top.sv Line: 257

Time: 12955 ns Started: 12945 ns Scope: /tb_top/u_mon File: /run/media/sackb/Windows-SSD/Users/sackb/OneDrive/Desktop/University/Course_Work/2025-2026/Spring_2026/ECE_410/ECE410/project/post_m3_Minor_Redesign/tb/tb_top.sv Line:256
Error: AXI MONITOR: core_C changed while core is idle
Time: 12955 ns  Iteration: 0  Process: /tb_top/u_mon//tb_top/u_mon  Scope: tb_top.u_mon  File: /run/media/sackb/Windows-SSD/Users/sackb/OneDrive/Desktop/University/Course_Work/2025-2026/Spring_2026/ECE_410/ECE410/project/post_m3_Minor_Redesign/tb/tb_top.sv Line: 257

Time: 12965 ns Started: 12955 ns Scope: /tb_top/u_mon File: /run/media/sackb/Windows-SSD/Users/sackb/OneDrive/Desktop/University/Course_Work/2025-2026/Spring_2026/ECE_410/ECE410/project/post_m3_Minor_Redesign/tb/tb_top.sv Line:256
Error: AXI MONITOR: core_C changed while core is idle
Time: 12965 ns  Iteration: 0  Process: /tb_top/u_mon//tb_top/u_mon  Scope: tb_top.u_mon  File: /run/media/sackb/Windows-SSD/Users/sackb/OneDrive/Desktop/University/Course_Work/2025-2026/Spring_2026/ECE_410/ECE410/project/post_m3_Minor_Redesign/tb/tb_top.sv Line: 257

Time: 12975 ns Started: 12965 ns Scope: /tb_top/u_mon File: /run/media/sackb/Windows-SSD/Users/sackb/OneDrive/Desktop/University/Course_Work/2025-2026/Spring_2026/ECE_410/ECE410/project/post_m3_Minor_Redesign/tb/tb_top.sv Line:256
Error: AXI MONITOR: core_C changed while core is idle
Time: 12975 ns  Iteration: 0  Process: /tb_top/u_mon//tb_top/u_mon  Scope: tb_top.u_mon  File: /run/media/sackb/Windows-SSD/Users/sackb/OneDrive/Desktop/University/Course_Work/2025-2026/Spring_2026/ECE_410/ECE410/project/post_m3_Minor_Redesign/tb/tb_top.sv Line: 257

Time: 12985 ns Started: 12975 ns Scope: /tb_top/u_mon File: /run/media/sackb/Windows-SSD/Users/sackb/OneDrive/Desktop/University/Course_Work/2025-2026/Spring_2026/ECE_410/ECE410/project/post_m3_Minor_Redesign/tb/tb_top.sv Line:256
Error: AXI MONITOR: core_C changed while core is idle
Time: 12985 ns  Iteration: 0  Process: /tb_top/u_mon//tb_top/u_mon  Scope: tb_top.u_mon  File: /run/media/sackb/Windows-SSD/Users/sackb/OneDrive/Desktop/University/Course_Work/2025-2026/Spring_2026/ECE_410/ECE410/project/post_m3_Minor_Redesign/tb/tb_top.sv Line: 257

Time: 12995 ns Started: 12985 ns Scope: /tb_top/u_mon File: /run/media/sackb/Windows-SSD/Users/sackb/OneDrive/Desktop/University/Course_Work/2025-2026/Spring_2026/ECE_410/ECE410/project/post_m3_Minor_Redesign/tb/tb_top.sv Line:256
Error: AXI MONITOR: core_C changed while core is idle
Time: 12995 ns  Iteration: 0  Process: /tb_top/u_mon//tb_top/u_mon  Scope: tb_top.u_mon  File: /run/media/sackb/Windows-SSD/Users/sackb/OneDrive/Desktop/University/Course_Work/2025-2026/Spring_2026/ECE_410/ECE410/project/post_m3_Minor_Redesign/tb/tb_top.sv Line: 257

Time: 13005 ns Started: 12995 ns Scope: /tb_top/u_mon File: /run/media/sackb/Windows-SSD/Users/sackb/OneDrive/Desktop/University/Course_Work/2025-2026/Spring_2026/ECE_410/ECE410/project/post_m3_Minor_Redesign/tb/tb_top.sv Line:256
Error: AXI MONITOR: core_C changed while core is idle
Time: 13005 ns  Iteration: 0  Process: /tb_top/u_mon//tb_top/u_mon  Scope: tb_top.u_mon  File: /run/media/sackb/Windows-SSD/Users/sackb/OneDrive/Desktop/University/Course_Work/2025-2026/Spring_2026/ECE_410/ECE410/project/post_m3_Minor_Redesign/tb/tb_top.sv Line: 257

Time: 13015 ns Started: 13005 ns Scope: /tb_top/u_mon File: /run/media/sackb/Windows-SSD/Users/sackb/OneDrive/Desktop/University/Course_Work/2025-2026/Spring_2026/ECE_410/ECE410/project/post_m3_Minor_Redesign/tb/tb_top.sv Line:256
Error: AXI MONITOR: core_C changed while core is idle
Time: 13015 ns  Iteration: 0  Process: /tb_top/u_mon//tb_top/u_mon  Scope: tb_top.u_mon  File: /run/media/sackb/Windows-SSD/Users/sackb/OneDrive/Desktop/University/Course_Work/2025-2026/Spring_2026/ECE_410/ECE410/project/post_m3_Minor_Redesign/tb/tb_top.sv Line: 257

Time: 13025 ns Started: 13015 ns Scope: /tb_top/u_mon File: /run/media/sackb/Windows-SSD/Users/sackb/OneDrive/Desktop/University/Course_Work/2025-2026/Spring_2026/ECE_410/ECE410/project/post_m3_Minor_Redesign/tb/tb_top.sv Line:256
Error: AXI MONITOR: core_C changed while core is idle
Time: 13025 ns  Iteration: 0  Process: /tb_top/u_mon//tb_top/u_mon  Scope: tb_top.u_mon  File: /run/media/sackb/Windows-SSD/Users/sackb/OneDrive/Desktop/University/Course_Work/2025-2026/Spring_2026/ECE_410/ECE410/project/post_m3_Minor_Redesign/tb/tb_top.sv Line: 257

Time: 13035 ns Started: 13025 ns Scope: /tb_top/u_mon File: /run/media/sackb/Windows-SSD/Users/sackb/OneDrive/Desktop/University/Course_Work/2025-2026/Spring_2026/ECE_410/ECE410/project/post_m3_Minor_Redesign/tb/tb_top.sv Line:256
Error: AXI MONITOR: core_C changed while core is idle
Time: 13035 ns  Iteration: 0  Process: /tb_top/u_mon//tb_top/u_mon  Scope: tb_top.u_mon  File: /run/media/sackb/Windows-SSD/Users/sackb/OneDrive/Desktop/University/Course_Work/2025-2026/Spring_2026/ECE_410/ECE410/project/post_m3_Minor_Redesign/tb/tb_top.sv Line: 257

Time: 13045 ns Started: 13035 ns Scope: /tb_top/u_mon File: /run/media/sackb/Windows-SSD/Users/sackb/OneDrive/Desktop/University/Course_Work/2025-2026/Spring_2026/ECE_410/ECE410/project/post_m3_Minor_Redesign/tb/tb_top.sv Line:256
Error: AXI MONITOR: core_C changed while core is idle
Time: 13045 ns  Iteration: 0  Process: /tb_top/u_mon//tb_top/u_mon  Scope: tb_top.u_mon  File: /run/media/sackb/Windows-SSD/Users/sackb/OneDrive/Desktop/University/Course_Work/2025-2026/Spring_2026/ECE_410/ECE410/project/post_m3_Minor_Redesign/tb/tb_top.sv Line: 257

Time: 13055 ns Started: 13045 ns Scope: /tb_top/u_mon File: /run/media/sackb/Windows-SSD/Users/sackb/OneDrive/Desktop/University/Course_Work/2025-2026/Spring_2026/ECE_410/ECE410/project/post_m3_Minor_Redesign/tb/tb_top.sv Line:256
Error: AXI MONITOR: core_C changed while core is idle
Time: 13055 ns  Iteration: 0  Process: /tb_top/u_mon//tb_top/u_mon  Scope: tb_top.u_mon  File: /run/media/sackb/Windows-SSD/Users/sackb/OneDrive/Desktop/University/Course_Work/2025-2026/Spring_2026/ECE_410/ECE410/project/post_m3_Minor_Redesign/tb/tb_top.sv Line: 257

Time: 13065 ns Started: 13055 ns Scope: /tb_top/u_mon File: /run/media/sackb/Windows-SSD/Users/sackb/OneDrive/Desktop/University/Course_Work/2025-2026/Spring_2026/ECE_410/ECE410/project/post_m3_Minor_Redesign/tb/tb_top.sv Line:256
Error: AXI MONITOR: core_C changed while core is idle
Time: 13065 ns  Iteration: 0  Process: /tb_top/u_mon//tb_top/u_mon  Scope: tb_top.u_mon  File: /run/media/sackb/Windows-SSD/Users/sackb/OneDrive/Desktop/University/Course_Work/2025-2026/Spring_2026/ECE_410/ECE410/project/post_m3_Minor_Redesign/tb/tb_top.sv Line: 257

Time: 13075 ns Started: 13065 ns Scope: /tb_top/u_mon File: /run/media/sackb/Windows-SSD/Users/sackb/OneDrive/Desktop/University/Course_Work/2025-2026/Spring_2026/ECE_410/ECE410/project/post_m3_Minor_Redesign/tb/tb_top.sv Line:256
Error: AXI MONITOR: core_C changed while core is idle
Time: 13075 ns  Iteration: 0  Process: /tb_top/u_mon//tb_top/u_mon  Scope: tb_top.u_mon  File: /run/media/sackb/Windows-SSD/Users/sackb/OneDrive/Desktop/University/Course_Work/2025-2026/Spring_2026/ECE_410/ECE410/project/post_m3_Minor_Redesign/tb/tb_top.sv Line: 257

Time: 13085 ns Started: 13075 ns Scope: /tb_top/u_mon File: /run/media/sackb/Windows-SSD/Users/sackb/OneDrive/Desktop/University/Course_Work/2025-2026/Spring_2026/ECE_410/ECE410/project/post_m3_Minor_Redesign/tb/tb_top.sv Line:256
Error: AXI MONITOR: core_C changed while core is idle
Time: 13085 ns  Iteration: 0  Process: /tb_top/u_mon//tb_top/u_mon  Scope: tb_top.u_mon  File: /run/media/sackb/Windows-SSD/Users/sackb/OneDrive/Desktop/University/Course_Work/2025-2026/Spring_2026/ECE_410/ECE410/project/post_m3_Minor_Redesign/tb/tb_top.sv Line: 257

Time: 13095 ns Started: 13085 ns Scope: /tb_top/u_mon File: /run/media/sackb/Windows-SSD/Users/sackb/OneDrive/Desktop/University/Course_Work/2025-2026/Spring_2026/ECE_410/ECE410/project/post_m3_Minor_Redesign/tb/tb_top.sv Line:256
Error: AXI MONITOR: core_C changed while core is idle
Time: 13095 ns  Iteration: 0  Process: /tb_top/u_mon//tb_top/u_mon  Scope: tb_top.u_mon  File: /run/media/sackb/Windows-SSD/Users/sackb/OneDrive/Desktop/University/Course_Work/2025-2026/Spring_2026/ECE_410/ECE410/project/post_m3_Minor_Redesign/tb/tb_top.sv Line: 257

Time: 13105 ns Started: 13095 ns Scope: /tb_top/u_mon File: /run/media/sackb/Windows-SSD/Users/sackb/OneDrive/Desktop/University/Course_Work/2025-2026/Spring_2026/ECE_410/ECE410/project/post_m3_Minor_Redesign/tb/tb_top.sv Line:256
Error: AXI MONITOR: core_C changed while core is idle
Time: 13105 ns  Iteration: 0  Process: /tb_top/u_mon//tb_top/u_mon  Scope: tb_top.u_mon  File: /run/media/sackb/Windows-SSD/Users/sackb/OneDrive/Desktop/University/Course_Work/2025-2026/Spring_2026/ECE_410/ECE410/project/post_m3_Minor_Redesign/tb/tb_top.sv Line: 257

Time: 13115 ns Started: 13105 ns Scope: /tb_top/u_mon File: /run/media/sackb/Windows-SSD/Users/sackb/OneDrive/Desktop/University/Course_Work/2025-2026/Spring_2026/ECE_410/ECE410/project/post_m3_Minor_Redesign/tb/tb_top.sv Line:256
Error: AXI MONITOR: core_C changed while core is idle
Time: 13115 ns  Iteration: 0  Process: /tb_top/u_mon//tb_top/u_mon  Scope: tb_top.u_mon  File: /run/media/sackb/Windows-SSD/Users/sackb/OneDrive/Desktop/University/Course_Work/2025-2026/Spring_2026/ECE_410/ECE410/project/post_m3_Minor_Redesign/tb/tb_top.sv Line: 257

Time: 13125 ns Started: 13115 ns Scope: /tb_top/u_mon File: /run/media/sackb/Windows-SSD/Users/sackb/OneDrive/Desktop/University/Course_Work/2025-2026/Spring_2026/ECE_410/ECE410/project/post_m3_Minor_Redesign/tb/tb_top.sv Line:256
Error: AXI MONITOR: core_C changed while core is idle
Time: 13125 ns  Iteration: 0  Process: /tb_top/u_mon//tb_top/u_mon  Scope: tb_top.u_mon  File: /run/media/sackb/Windows-SSD/Users/sackb/OneDrive/Desktop/University/Course_Work/2025-2026/Spring_2026/ECE_410/ECE410/project/post_m3_Minor_Redesign/tb/tb_top.sv Line: 257

Time: 13135 ns Started: 13125 ns Scope: /tb_top/u_mon File: /run/media/sackb/Windows-SSD/Users/sackb/OneDrive/Desktop/University/Course_Work/2025-2026/Spring_2026/ECE_410/ECE410/project/post_m3_Minor_Redesign/tb/tb_top.sv Line:256
Error: AXI MONITOR: core_C changed while core is idle
Time: 13135 ns  Iteration: 0  Process: /tb_top/u_mon//tb_top/u_mon  Scope: tb_top.u_mon  File: /run/media/sackb/Windows-SSD/Users/sackb/OneDrive/Desktop/University/Course_Work/2025-2026/Spring_2026/ECE_410/ECE410/project/post_m3_Minor_Redesign/tb/tb_top.sv Line: 257

Time: 13145 ns Started: 13135 ns Scope: /tb_top/u_mon File: /run/media/sackb/Windows-SSD/Users/sackb/OneDrive/Desktop/University/Course_Work/2025-2026/Spring_2026/ECE_410/ECE410/project/post_m3_Minor_Redesign/tb/tb_top.sv Line:256
Error: AXI MONITOR: core_C changed while core is idle
Time: 13145 ns  Iteration: 0  Process: /tb_top/u_mon//tb_top/u_mon  Scope: tb_top.u_mon  File: /run/media/sackb/Windows-SSD/Users/sackb/OneDrive/Desktop/University/Course_Work/2025-2026/Spring_2026/ECE_410/ECE410/project/post_m3_Minor_Redesign/tb/tb_top.sv Line: 257

Time: 13155 ns Started: 13145 ns Scope: /tb_top/u_mon File: /run/media/sackb/Windows-SSD/Users/sackb/OneDrive/Desktop/University/Course_Work/2025-2026/Spring_2026/ECE_410/ECE410/project/post_m3_Minor_Redesign/tb/tb_top.sv Line:256
Error: AXI MONITOR: core_C changed while core is idle
Time: 13155 ns  Iteration: 0  Process: /tb_top/u_mon//tb_top/u_mon  Scope: tb_top.u_mon  File: /run/media/sackb/Windows-SSD/Users/sackb/OneDrive/Desktop/University/Course_Work/2025-2026/Spring_2026/ECE_410/ECE410/project/post_m3_Minor_Redesign/tb/tb_top.sv Line: 257

Time: 13165 ns Started: 13155 ns Scope: /tb_top/u_mon File: /run/media/sackb/Windows-SSD/Users/sackb/OneDrive/Desktop/University/Course_Work/2025-2026/Spring_2026/ECE_410/ECE410/project/post_m3_Minor_Redesign/tb/tb_top.sv Line:256
Error: AXI MONITOR: core_C changed while core is idle
Time: 13165 ns  Iteration: 0  Process: /tb_top/u_mon//tb_top/u_mon  Scope: tb_top.u_mon  File: /run/media/sackb/Windows-SSD/Users/sackb/OneDrive/Desktop/University/Course_Work/2025-2026/Spring_2026/ECE_410/ECE410/project/post_m3_Minor_Redesign/tb/tb_top.sv Line: 257

Time: 13175 ns Started: 13165 ns Scope: /tb_top/u_mon File: /run/media/sackb/Windows-SSD/Users/sackb/OneDrive/Desktop/University/Course_Work/2025-2026/Spring_2026/ECE_410/ECE410/project/post_m3_Minor_Redesign/tb/tb_top.sv Line:256
Error: AXI MONITOR: core_C changed while core is idle
Time: 13175 ns  Iteration: 0  Process: /tb_top/u_mon//tb_top/u_mon  Scope: tb_top.u_mon  File: /run/media/sackb/Windows-SSD/Users/sackb/OneDrive/Desktop/University/Course_Work/2025-2026/Spring_2026/ECE_410/ECE410/project/post_m3_Minor_Redesign/tb/tb_top.sv Line: 257

Time: 13185 ns Started: 13175 ns Scope: /tb_top/u_mon File: /run/media/sackb/Windows-SSD/Users/sackb/OneDrive/Desktop/University/Course_Work/2025-2026/Spring_2026/ECE_410/ECE410/project/post_m3_Minor_Redesign/tb/tb_top.sv Line:256
Error: AXI MONITOR: core_C changed while core is idle
Time: 13185 ns  Iteration: 0  Process: /tb_top/u_mon//tb_top/u_mon  Scope: tb_top.u_mon  File: /run/media/sackb/Windows-SSD/Users/sackb/OneDrive/Desktop/University/Course_Work/2025-2026/Spring_2026/ECE_410/ECE410/project/post_m3_Minor_Redesign/tb/tb_top.sv Line: 257

Time: 13195 ns Started: 13185 ns Scope: /tb_top/u_mon File: /run/media/sackb/Windows-SSD/Users/sackb/OneDrive/Desktop/University/Course_Work/2025-2026/Spring_2026/ECE_410/ECE410/project/post_m3_Minor_Redesign/tb/tb_top.sv Line:256
Error: AXI MONITOR: core_C changed while core is idle
Time: 13195 ns  Iteration: 0  Process: /tb_top/u_mon//tb_top/u_mon  Scope: tb_top.u_mon  File: /run/media/sackb/Windows-SSD/Users/sackb/OneDrive/Desktop/University/Course_Work/2025-2026/Spring_2026/ECE_410/ECE410/project/post_m3_Minor_Redesign/tb/tb_top.sv Line: 257

Time: 13205 ns Started: 13195 ns Scope: /tb_top/u_mon File: /run/media/sackb/Windows-SSD/Users/sackb/OneDrive/Desktop/University/Course_Work/2025-2026/Spring_2026/ECE_410/ECE410/project/post_m3_Minor_Redesign/tb/tb_top.sv Line:256
Error: AXI MONITOR: core_C changed while core is idle
Time: 13205 ns  Iteration: 0  Process: /tb_top/u_mon//tb_top/u_mon  Scope: tb_top.u_mon  File: /run/media/sackb/Windows-SSD/Users/sackb/OneDrive/Desktop/University/Course_Work/2025-2026/Spring_2026/ECE_410/ECE410/project/post_m3_Minor_Redesign/tb/tb_top.sv Line: 257

Time: 13215 ns Started: 13205 ns Scope: /tb_top/u_mon File: /run/media/sackb/Windows-SSD/Users/sackb/OneDrive/Desktop/University/Course_Work/2025-2026/Spring_2026/ECE_410/ECE410/project/post_m3_Minor_Redesign/tb/tb_top.sv Line:256
Error: AXI MONITOR: core_C changed while core is idle
Time: 13215 ns  Iteration: 0  Process: /tb_top/u_mon//tb_top/u_mon  Scope: tb_top.u_mon  File: /run/media/sackb/Windows-SSD/Users/sackb/OneDrive/Desktop/University/Course_Work/2025-2026/Spring_2026/ECE_410/ECE410/project/post_m3_Minor_Redesign/tb/tb_top.sv Line: 257

Time: 13225 ns Started: 13215 ns Scope: /tb_top/u_mon File: /run/media/sackb/Windows-SSD/Users/sackb/OneDrive/Desktop/University/Course_Work/2025-2026/Spring_2026/ECE_410/ECE410/project/post_m3_Minor_Redesign/tb/tb_top.sv Line:256
Error: AXI MONITOR: core_C changed while core is idle
Time: 13225 ns  Iteration: 0  Process: /tb_top/u_mon//tb_top/u_mon  Scope: tb_top.u_mon  File: /run/media/sackb/Windows-SSD/Users/sackb/OneDrive/Desktop/University/Course_Work/2025-2026/Spring_2026/ECE_410/ECE410/project/post_m3_Minor_Redesign/tb/tb_top.sv Line: 257

Time: 13235 ns Started: 13225 ns Scope: /tb_top/u_mon File: /run/media/sackb/Windows-SSD/Users/sackb/OneDrive/Desktop/University/Course_Work/2025-2026/Spring_2026/ECE_410/ECE410/project/post_m3_Minor_Redesign/tb/tb_top.sv Line:256
Error: AXI MONITOR: core_C changed while core is idle
Time: 13235 ns  Iteration: 0  Process: /tb_top/u_mon//tb_top/u_mon  Scope: tb_top.u_mon  File: /run/media/sackb/Windows-SSD/Users/sackb/OneDrive/Desktop/University/Course_Work/2025-2026/Spring_2026/ECE_410/ECE410/project/post_m3_Minor_Redesign/tb/tb_top.sv Line: 257

Time: 13245 ns Started: 13235 ns Scope: /tb_top/u_mon File: /run/media/sackb/Windows-SSD/Users/sackb/OneDrive/Desktop/University/Course_Work/2025-2026/Spring_2026/ECE_410/ECE410/project/post_m3_Minor_Redesign/tb/tb_top.sv Line:256
Error: AXI MONITOR: core_C changed while core is idle
Time: 13245 ns  Iteration: 0  Process: /tb_top/u_mon//tb_top/u_mon  Scope: tb_top.u_mon  File: /run/media/sackb/Windows-SSD/Users/sackb/OneDrive/Desktop/University/Course_Work/2025-2026/Spring_2026/ECE_410/ECE410/project/post_m3_Minor_Redesign/tb/tb_top.sv Line: 257

Time: 13255 ns Started: 13245 ns Scope: /tb_top/u_mon File: /run/media/sackb/Windows-SSD/Users/sackb/OneDrive/Desktop/University/Course_Work/2025-2026/Spring_2026/ECE_410/ECE410/project/post_m3_Minor_Redesign/tb/tb_top.sv Line:256
Error: AXI MONITOR: core_C changed while core is idle
Time: 13255 ns  Iteration: 0  Process: /tb_top/u_mon//tb_top/u_mon  Scope: tb_top.u_mon  File: /run/media/sackb/Windows-SSD/Users/sackb/OneDrive/Desktop/University/Course_Work/2025-2026/Spring_2026/ECE_410/ECE410/project/post_m3_Minor_Redesign/tb/tb_top.sv Line: 257

Time: 13265 ns Started: 13255 ns Scope: /tb_top/u_mon File: /run/media/sackb/Windows-SSD/Users/sackb/OneDrive/Desktop/University/Course_Work/2025-2026/Spring_2026/ECE_410/ECE410/project/post_m3_Minor_Redesign/tb/tb_top.sv Line:256
Error: AXI MONITOR: core_C changed while core is idle
Time: 13265 ns  Iteration: 0  Process: /tb_top/u_mon//tb_top/u_mon  Scope: tb_top.u_mon  File: /run/media/sackb/Windows-SSD/Users/sackb/OneDrive/Desktop/University/Course_Work/2025-2026/Spring_2026/ECE_410/ECE410/project/post_m3_Minor_Redesign/tb/tb_top.sv Line: 257

Time: 13275 ns Started: 13265 ns Scope: /tb_top/u_mon File: /run/media/sackb/Windows-SSD/Users/sackb/OneDrive/Desktop/University/Course_Work/2025-2026/Spring_2026/ECE_410/ECE410/project/post_m3_Minor_Redesign/tb/tb_top.sv Line:256
Error: AXI MONITOR: core_C changed while core is idle
Time: 13275 ns  Iteration: 0  Process: /tb_top/u_mon//tb_top/u_mon  Scope: tb_top.u_mon  File: /run/media/sackb/Windows-SSD/Users/sackb/OneDrive/Desktop/University/Course_Work/2025-2026/Spring_2026/ECE_410/ECE410/project/post_m3_Minor_Redesign/tb/tb_top.sv Line: 257

Time: 13285 ns Started: 13275 ns Scope: /tb_top/u_mon File: /run/media/sackb/Windows-SSD/Users/sackb/OneDrive/Desktop/University/Course_Work/2025-2026/Spring_2026/ECE_410/ECE410/project/post_m3_Minor_Redesign/tb/tb_top.sv Line:256
Error: AXI MONITOR: core_C changed while core is idle
Time: 13285 ns  Iteration: 0  Process: /tb_top/u_mon//tb_top/u_mon  Scope: tb_top.u_mon  File: /run/media/sackb/Windows-SSD/Users/sackb/OneDrive/Desktop/University/Course_Work/2025-2026/Spring_2026/ECE_410/ECE410/project/post_m3_Minor_Redesign/tb/tb_top.sv Line: 257

Time: 13295 ns Started: 13285 ns Scope: /tb_top/u_mon File: /run/media/sackb/Windows-SSD/Users/sackb/OneDrive/Desktop/University/Course_Work/2025-2026/Spring_2026/ECE_410/ECE410/project/post_m3_Minor_Redesign/tb/tb_top.sv Line:256
Error: AXI MONITOR: core_C changed while core is idle
Time: 13295 ns  Iteration: 0  Process: /tb_top/u_mon//tb_top/u_mon  Scope: tb_top.u_mon  File: /run/media/sackb/Windows-SSD/Users/sackb/OneDrive/Desktop/University/Course_Work/2025-2026/Spring_2026/ECE_410/ECE410/project/post_m3_Minor_Redesign/tb/tb_top.sv Line: 257

Time: 13305 ns Started: 13295 ns Scope: /tb_top/u_mon File: /run/media/sackb/Windows-SSD/Users/sackb/OneDrive/Desktop/University/Course_Work/2025-2026/Spring_2026/ECE_410/ECE410/project/post_m3_Minor_Redesign/tb/tb_top.sv Line:256
Error: AXI MONITOR: core_C changed while core is idle
Time: 13305 ns  Iteration: 0  Process: /tb_top/u_mon//tb_top/u_mon  Scope: tb_top.u_mon  File: /run/media/sackb/Windows-SSD/Users/sackb/OneDrive/Desktop/University/Course_Work/2025-2026/Spring_2026/ECE_410/ECE410/project/post_m3_Minor_Redesign/tb/tb_top.sv Line: 257

Time: 13315 ns Started: 13305 ns Scope: /tb_top/u_mon File: /run/media/sackb/Windows-SSD/Users/sackb/OneDrive/Desktop/University/Course_Work/2025-2026/Spring_2026/ECE_410/ECE410/project/post_m3_Minor_Redesign/tb/tb_top.sv Line:256
Error: AXI MONITOR: core_C changed while core is idle
Time: 13315 ns  Iteration: 0  Process: /tb_top/u_mon//tb_top/u_mon  Scope: tb_top.u_mon  File: /run/media/sackb/Windows-SSD/Users/sackb/OneDrive/Desktop/University/Course_Work/2025-2026/Spring_2026/ECE_410/ECE410/project/post_m3_Minor_Redesign/tb/tb_top.sv Line: 257

Time: 13325 ns Started: 13315 ns Scope: /tb_top/u_mon File: /run/media/sackb/Windows-SSD/Users/sackb/OneDrive/Desktop/University/Course_Work/2025-2026/Spring_2026/ECE_410/ECE410/project/post_m3_Minor_Redesign/tb/tb_top.sv Line:256
Error: AXI MONITOR: core_C changed while core is idle
Time: 13325 ns  Iteration: 0  Process: /tb_top/u_mon//tb_top/u_mon  Scope: tb_top.u_mon  File: /run/media/sackb/Windows-SSD/Users/sackb/OneDrive/Desktop/University/Course_Work/2025-2026/Spring_2026/ECE_410/ECE410/project/post_m3_Minor_Redesign/tb/tb_top.sv Line: 257

Time: 13335 ns Started: 13325 ns Scope: /tb_top/u_mon File: /run/media/sackb/Windows-SSD/Users/sackb/OneDrive/Desktop/University/Course_Work/2025-2026/Spring_2026/ECE_410/ECE410/project/post_m3_Minor_Redesign/tb/tb_top.sv Line:256
Error: AXI MONITOR: core_C changed while core is idle
Time: 13335 ns  Iteration: 0  Process: /tb_top/u_mon//tb_top/u_mon  Scope: tb_top.u_mon  File: /run/media/sackb/Windows-SSD/Users/sackb/OneDrive/Desktop/University/Course_Work/2025-2026/Spring_2026/ECE_410/ECE410/project/post_m3_Minor_Redesign/tb/tb_top.sv Line: 257

Time: 13345 ns Started: 13335 ns Scope: /tb_top/u_mon File: /run/media/sackb/Windows-SSD/Users/sackb/OneDrive/Desktop/University/Course_Work/2025-2026/Spring_2026/ECE_410/ECE410/project/post_m3_Minor_Redesign/tb/tb_top.sv Line:256
Error: AXI MONITOR: core_C changed while core is idle
Time: 13345 ns  Iteration: 0  Process: /tb_top/u_mon//tb_top/u_mon  Scope: tb_top.u_mon  File: /run/media/sackb/Windows-SSD/Users/sackb/OneDrive/Desktop/University/Course_Work/2025-2026/Spring_2026/ECE_410/ECE410/project/post_m3_Minor_Redesign/tb/tb_top.sv Line: 257

Time: 13355 ns Started: 13345 ns Scope: /tb_top/u_mon File: /run/media/sackb/Windows-SSD/Users/sackb/OneDrive/Desktop/University/Course_Work/2025-2026/Spring_2026/ECE_410/ECE410/project/post_m3_Minor_Redesign/tb/tb_top.sv Line:256
Error: AXI MONITOR: core_C changed while core is idle
Time: 13355 ns  Iteration: 0  Process: /tb_top/u_mon//tb_top/u_mon  Scope: tb_top.u_mon  File: /run/media/sackb/Windows-SSD/Users/sackb/OneDrive/Desktop/University/Course_Work/2025-2026/Spring_2026/ECE_410/ECE410/project/post_m3_Minor_Redesign/tb/tb_top.sv Line: 257

Time: 13365 ns Started: 13355 ns Scope: /tb_top/u_mon File: /run/media/sackb/Windows-SSD/Users/sackb/OneDrive/Desktop/University/Course_Work/2025-2026/Spring_2026/ECE_410/ECE410/project/post_m3_Minor_Redesign/tb/tb_top.sv Line:256
Error: AXI MONITOR: core_C changed while core is idle
Time: 13365 ns  Iteration: 0  Process: /tb_top/u_mon//tb_top/u_mon  Scope: tb_top.u_mon  File: /run/media/sackb/Windows-SSD/Users/sackb/OneDrive/Desktop/University/Course_Work/2025-2026/Spring_2026/ECE_410/ECE410/project/post_m3_Minor_Redesign/tb/tb_top.sv Line: 257

Time: 13375 ns Started: 13365 ns Scope: /tb_top/u_mon File: /run/media/sackb/Windows-SSD/Users/sackb/OneDrive/Desktop/University/Course_Work/2025-2026/Spring_2026/ECE_410/ECE410/project/post_m3_Minor_Redesign/tb/tb_top.sv Line:256
Error: AXI MONITOR: core_C changed while core is idle
Time: 13375 ns  Iteration: 0  Process: /tb_top/u_mon//tb_top/u_mon  Scope: tb_top.u_mon  File: /run/media/sackb/Windows-SSD/Users/sackb/OneDrive/Desktop/University/Course_Work/2025-2026/Spring_2026/ECE_410/ECE410/project/post_m3_Minor_Redesign/tb/tb_top.sv Line: 257

Time: 13385 ns Started: 13375 ns Scope: /tb_top/u_mon File: /run/media/sackb/Windows-SSD/Users/sackb/OneDrive/Desktop/University/Course_Work/2025-2026/Spring_2026/ECE_410/ECE410/project/post_m3_Minor_Redesign/tb/tb_top.sv Line:256
Error: AXI MONITOR: core_C changed while core is idle
Time: 13385 ns  Iteration: 0  Process: /tb_top/u_mon//tb_top/u_mon  Scope: tb_top.u_mon  File: /run/media/sackb/Windows-SSD/Users/sackb/OneDrive/Desktop/University/Course_Work/2025-2026/Spring_2026/ECE_410/ECE410/project/post_m3_Minor_Redesign/tb/tb_top.sv Line: 257

Time: 13395 ns Started: 13385 ns Scope: /tb_top/u_mon File: /run/media/sackb/Windows-SSD/Users/sackb/OneDrive/Desktop/University/Course_Work/2025-2026/Spring_2026/ECE_410/ECE410/project/post_m3_Minor_Redesign/tb/tb_top.sv Line:256
Error: AXI MONITOR: core_C changed while core is idle
Time: 13395 ns  Iteration: 0  Process: /tb_top/u_mon//tb_top/u_mon  Scope: tb_top.u_mon  File: /run/media/sackb/Windows-SSD/Users/sackb/OneDrive/Desktop/University/Course_Work/2025-2026/Spring_2026/ECE_410/ECE410/project/post_m3_Minor_Redesign/tb/tb_top.sv Line: 257

Time: 13405 ns Started: 13395 ns Scope: /tb_top/u_mon File: /run/media/sackb/Windows-SSD/Users/sackb/OneDrive/Desktop/University/Course_Work/2025-2026/Spring_2026/ECE_410/ECE410/project/post_m3_Minor_Redesign/tb/tb_top.sv Line:256
Error: AXI MONITOR: core_C changed while core is idle
Time: 13405 ns  Iteration: 0  Process: /tb_top/u_mon//tb_top/u_mon  Scope: tb_top.u_mon  File: /run/media/sackb/Windows-SSD/Users/sackb/OneDrive/Desktop/University/Course_Work/2025-2026/Spring_2026/ECE_410/ECE410/project/post_m3_Minor_Redesign/tb/tb_top.sv Line: 257

Time: 13415 ns Started: 13405 ns Scope: /tb_top/u_mon File: /run/media/sackb/Windows-SSD/Users/sackb/OneDrive/Desktop/University/Course_Work/2025-2026/Spring_2026/ECE_410/ECE410/project/post_m3_Minor_Redesign/tb/tb_top.sv Line:256
Error: AXI MONITOR: core_C changed while core is idle
Time: 13415 ns  Iteration: 0  Process: /tb_top/u_mon//tb_top/u_mon  Scope: tb_top.u_mon  File: /run/media/sackb/Windows-SSD/Users/sackb/OneDrive/Desktop/University/Course_Work/2025-2026/Spring_2026/ECE_410/ECE410/project/post_m3_Minor_Redesign/tb/tb_top.sv Line: 257

Time: 13425 ns Started: 13415 ns Scope: /tb_top/u_mon File: /run/media/sackb/Windows-SSD/Users/sackb/OneDrive/Desktop/University/Course_Work/2025-2026/Spring_2026/ECE_410/ECE410/project/post_m3_Minor_Redesign/tb/tb_top.sv Line:256
Error: AXI MONITOR: core_C changed while core is idle
Time: 13425 ns  Iteration: 0  Process: /tb_top/u_mon//tb_top/u_mon  Scope: tb_top.u_mon  File: /run/media/sackb/Windows-SSD/Users/sackb/OneDrive/Desktop/University/Course_Work/2025-2026/Spring_2026/ECE_410/ECE410/project/post_m3_Minor_Redesign/tb/tb_top.sv Line: 257

Time: 13435 ns Started: 13425 ns Scope: /tb_top/u_mon File: /run/media/sackb/Windows-SSD/Users/sackb/OneDrive/Desktop/University/Course_Work/2025-2026/Spring_2026/ECE_410/ECE410/project/post_m3_Minor_Redesign/tb/tb_top.sv Line:256
Error: AXI MONITOR: core_C changed while core is idle
Time: 13435 ns  Iteration: 0  Process: /tb_top/u_mon//tb_top/u_mon  Scope: tb_top.u_mon  File: /run/media/sackb/Windows-SSD/Users/sackb/OneDrive/Desktop/University/Course_Work/2025-2026/Spring_2026/ECE_410/ECE410/project/post_m3_Minor_Redesign/tb/tb_top.sv Line: 257

Time: 13445 ns Started: 13435 ns Scope: /tb_top/u_mon File: /run/media/sackb/Windows-SSD/Users/sackb/OneDrive/Desktop/University/Course_Work/2025-2026/Spring_2026/ECE_410/ECE410/project/post_m3_Minor_Redesign/tb/tb_top.sv Line:256
Error: AXI MONITOR: core_C changed while core is idle
Time: 13445 ns  Iteration: 0  Process: /tb_top/u_mon//tb_top/u_mon  Scope: tb_top.u_mon  File: /run/media/sackb/Windows-SSD/Users/sackb/OneDrive/Desktop/University/Course_Work/2025-2026/Spring_2026/ECE_410/ECE410/project/post_m3_Minor_Redesign/tb/tb_top.sv Line: 257

Time: 13455 ns Started: 13445 ns Scope: /tb_top/u_mon File: /run/media/sackb/Windows-SSD/Users/sackb/OneDrive/Desktop/University/Course_Work/2025-2026/Spring_2026/ECE_410/ECE410/project/post_m3_Minor_Redesign/tb/tb_top.sv Line:256
Error: AXI MONITOR: core_C changed while core is idle
Time: 13455 ns  Iteration: 0  Process: /tb_top/u_mon//tb_top/u_mon  Scope: tb_top.u_mon  File: /run/media/sackb/Windows-SSD/Users/sackb/OneDrive/Desktop/University/Course_Work/2025-2026/Spring_2026/ECE_410/ECE410/project/post_m3_Minor_Redesign/tb/tb_top.sv Line: 257

Time: 13465 ns Started: 13455 ns Scope: /tb_top/u_mon File: /run/media/sackb/Windows-SSD/Users/sackb/OneDrive/Desktop/University/Course_Work/2025-2026/Spring_2026/ECE_410/ECE410/project/post_m3_Minor_Redesign/tb/tb_top.sv Line:256
Error: AXI MONITOR: core_C changed while core is idle
Time: 13465 ns  Iteration: 0  Process: /tb_top/u_mon//tb_top/u_mon  Scope: tb_top.u_mon  File: /run/media/sackb/Windows-SSD/Users/sackb/OneDrive/Desktop/University/Course_Work/2025-2026/Spring_2026/ECE_410/ECE410/project/post_m3_Minor_Redesign/tb/tb_top.sv Line: 257

Time: 13475 ns Started: 13465 ns Scope: /tb_top/u_mon File: /run/media/sackb/Windows-SSD/Users/sackb/OneDrive/Desktop/University/Course_Work/2025-2026/Spring_2026/ECE_410/ECE410/project/post_m3_Minor_Redesign/tb/tb_top.sv Line:256
Error: AXI MONITOR: core_C changed while core is idle
Time: 13475 ns  Iteration: 0  Process: /tb_top/u_mon//tb_top/u_mon  Scope: tb_top.u_mon  File: /run/media/sackb/Windows-SSD/Users/sackb/OneDrive/Desktop/University/Course_Work/2025-2026/Spring_2026/ECE_410/ECE410/project/post_m3_Minor_Redesign/tb/tb_top.sv Line: 257

Time: 13485 ns Started: 13475 ns Scope: /tb_top/u_mon File: /run/media/sackb/Windows-SSD/Users/sackb/OneDrive/Desktop/University/Course_Work/2025-2026/Spring_2026/ECE_410/ECE410/project/post_m3_Minor_Redesign/tb/tb_top.sv Line:256
Error: AXI MONITOR: core_C changed while core is idle
Time: 13485 ns  Iteration: 0  Process: /tb_top/u_mon//tb_top/u_mon  Scope: tb_top.u_mon  File: /run/media/sackb/Windows-SSD/Users/sackb/OneDrive/Desktop/University/Course_Work/2025-2026/Spring_2026/ECE_410/ECE410/project/post_m3_Minor_Redesign/tb/tb_top.sv Line: 257

Time: 13495 ns Started: 13485 ns Scope: /tb_top/u_mon File: /run/media/sackb/Windows-SSD/Users/sackb/OneDrive/Desktop/University/Course_Work/2025-2026/Spring_2026/ECE_410/ECE410/project/post_m3_Minor_Redesign/tb/tb_top.sv Line:256
Error: AXI MONITOR: core_C changed while core is idle
Time: 13495 ns  Iteration: 0  Process: /tb_top/u_mon//tb_top/u_mon  Scope: tb_top.u_mon  File: /run/media/sackb/Windows-SSD/Users/sackb/OneDrive/Desktop/University/Course_Work/2025-2026/Spring_2026/ECE_410/ECE410/project/post_m3_Minor_Redesign/tb/tb_top.sv Line: 257

Time: 13505 ns Started: 13495 ns Scope: /tb_top/u_mon File: /run/media/sackb/Windows-SSD/Users/sackb/OneDrive/Desktop/University/Course_Work/2025-2026/Spring_2026/ECE_410/ECE410/project/post_m3_Minor_Redesign/tb/tb_top.sv Line:256
Error: AXI MONITOR: core_C changed while core is idle
Time: 13505 ns  Iteration: 0  Process: /tb_top/u_mon//tb_top/u_mon  Scope: tb_top.u_mon  File: /run/media/sackb/Windows-SSD/Users/sackb/OneDrive/Desktop/University/Course_Work/2025-2026/Spring_2026/ECE_410/ECE410/project/post_m3_Minor_Redesign/tb/tb_top.sv Line: 257

Time: 13515 ns Started: 13505 ns Scope: /tb_top/u_mon File: /run/media/sackb/Windows-SSD/Users/sackb/OneDrive/Desktop/University/Course_Work/2025-2026/Spring_2026/ECE_410/ECE410/project/post_m3_Minor_Redesign/tb/tb_top.sv Line:256
Error: AXI MONITOR: core_C changed while core is idle
Time: 13515 ns  Iteration: 0  Process: /tb_top/u_mon//tb_top/u_mon  Scope: tb_top.u_mon  File: /run/media/sackb/Windows-SSD/Users/sackb/OneDrive/Desktop/University/Course_Work/2025-2026/Spring_2026/ECE_410/ECE410/project/post_m3_Minor_Redesign/tb/tb_top.sv Line: 257

Time: 13525 ns Started: 13515 ns Scope: /tb_top/u_mon File: /run/media/sackb/Windows-SSD/Users/sackb/OneDrive/Desktop/University/Course_Work/2025-2026/Spring_2026/ECE_410/ECE410/project/post_m3_Minor_Redesign/tb/tb_top.sv Line:256
Error: AXI MONITOR: core_C changed while core is idle
Time: 13525 ns  Iteration: 0  Process: /tb_top/u_mon//tb_top/u_mon  Scope: tb_top.u_mon  File: /run/media/sackb/Windows-SSD/Users/sackb/OneDrive/Desktop/University/Course_Work/2025-2026/Spring_2026/ECE_410/ECE410/project/post_m3_Minor_Redesign/tb/tb_top.sv Line: 257

Time: 13535 ns Started: 13525 ns Scope: /tb_top/u_mon File: /run/media/sackb/Windows-SSD/Users/sackb/OneDrive/Desktop/University/Course_Work/2025-2026/Spring_2026/ECE_410/ECE410/project/post_m3_Minor_Redesign/tb/tb_top.sv Line:256
Error: AXI MONITOR: core_C changed while core is idle
Time: 13535 ns  Iteration: 0  Process: /tb_top/u_mon//tb_top/u_mon  Scope: tb_top.u_mon  File: /run/media/sackb/Windows-SSD/Users/sackb/OneDrive/Desktop/University/Course_Work/2025-2026/Spring_2026/ECE_410/ECE410/project/post_m3_Minor_Redesign/tb/tb_top.sv Line: 257

Time: 13545 ns Started: 13535 ns Scope: /tb_top/u_mon File: /run/media/sackb/Windows-SSD/Users/sackb/OneDrive/Desktop/University/Course_Work/2025-2026/Spring_2026/ECE_410/ECE410/project/post_m3_Minor_Redesign/tb/tb_top.sv Line:256
Error: AXI MONITOR: core_C changed while core is idle
Time: 13545 ns  Iteration: 0  Process: /tb_top/u_mon//tb_top/u_mon  Scope: tb_top.u_mon  File: /run/media/sackb/Windows-SSD/Users/sackb/OneDrive/Desktop/University/Course_Work/2025-2026/Spring_2026/ECE_410/ECE410/project/post_m3_Minor_Redesign/tb/tb_top.sv Line: 257

Time: 13555 ns Started: 13545 ns Scope: /tb_top/u_mon File: /run/media/sackb/Windows-SSD/Users/sackb/OneDrive/Desktop/University/Course_Work/2025-2026/Spring_2026/ECE_410/ECE410/project/post_m3_Minor_Redesign/tb/tb_top.sv Line:256
Error: AXI MONITOR: core_C changed while core is idle
Time: 13555 ns  Iteration: 0  Process: /tb_top/u_mon//tb_top/u_mon  Scope: tb_top.u_mon  File: /run/media/sackb/Windows-SSD/Users/sackb/OneDrive/Desktop/University/Course_Work/2025-2026/Spring_2026/ECE_410/ECE410/project/post_m3_Minor_Redesign/tb/tb_top.sv Line: 257

Time: 13565 ns Started: 13555 ns Scope: /tb_top/u_mon File: /run/media/sackb/Windows-SSD/Users/sackb/OneDrive/Desktop/University/Course_Work/2025-2026/Spring_2026/ECE_410/ECE410/project/post_m3_Minor_Redesign/tb/tb_top.sv Line:256
Error: AXI MONITOR: core_C changed while core is idle
Time: 13565 ns  Iteration: 0  Process: /tb_top/u_mon//tb_top/u_mon  Scope: tb_top.u_mon  File: /run/media/sackb/Windows-SSD/Users/sackb/OneDrive/Desktop/University/Course_Work/2025-2026/Spring_2026/ECE_410/ECE410/project/post_m3_Minor_Redesign/tb/tb_top.sv Line: 257

Time: 13575 ns Started: 13565 ns Scope: /tb_top/u_mon File: /run/media/sackb/Windows-SSD/Users/sackb/OneDrive/Desktop/University/Course_Work/2025-2026/Spring_2026/ECE_410/ECE410/project/post_m3_Minor_Redesign/tb/tb_top.sv Line:256
Error: AXI MONITOR: core_C changed while core is idle
Time: 13575 ns  Iteration: 0  Process: /tb_top/u_mon//tb_top/u_mon  Scope: tb_top.u_mon  File: /run/media/sackb/Windows-SSD/Users/sackb/OneDrive/Desktop/University/Course_Work/2025-2026/Spring_2026/ECE_410/ECE410/project/post_m3_Minor_Redesign/tb/tb_top.sv Line: 257

Time: 13585 ns Started: 13575 ns Scope: /tb_top/u_mon File: /run/media/sackb/Windows-SSD/Users/sackb/OneDrive/Desktop/University/Course_Work/2025-2026/Spring_2026/ECE_410/ECE410/project/post_m3_Minor_Redesign/tb/tb_top.sv Line:256
Error: AXI MONITOR: core_C changed while core is idle
Time: 13585 ns  Iteration: 0  Process: /tb_top/u_mon//tb_top/u_mon  Scope: tb_top.u_mon  File: /run/media/sackb/Windows-SSD/Users/sackb/OneDrive/Desktop/University/Course_Work/2025-2026/Spring_2026/ECE_410/ECE410/project/post_m3_Minor_Redesign/tb/tb_top.sv Line: 257

Time: 13595 ns Started: 13585 ns Scope: /tb_top/u_mon File: /run/media/sackb/Windows-SSD/Users/sackb/OneDrive/Desktop/University/Course_Work/2025-2026/Spring_2026/ECE_410/ECE410/project/post_m3_Minor_Redesign/tb/tb_top.sv Line:256
Error: AXI MONITOR: core_C changed while core is idle
Time: 13595 ns  Iteration: 0  Process: /tb_top/u_mon//tb_top/u_mon  Scope: tb_top.u_mon  File: /run/media/sackb/Windows-SSD/Users/sackb/OneDrive/Desktop/University/Course_Work/2025-2026/Spring_2026/ECE_410/ECE410/project/post_m3_Minor_Redesign/tb/tb_top.sv Line: 257

Time: 13605 ns Started: 13595 ns Scope: /tb_top/u_mon File: /run/media/sackb/Windows-SSD/Users/sackb/OneDrive/Desktop/University/Course_Work/2025-2026/Spring_2026/ECE_410/ECE410/project/post_m3_Minor_Redesign/tb/tb_top.sv Line:256
Error: AXI MONITOR: core_C changed while core is idle
Time: 13605 ns  Iteration: 0  Process: /tb_top/u_mon//tb_top/u_mon  Scope: tb_top.u_mon  File: /run/media/sackb/Windows-SSD/Users/sackb/OneDrive/Desktop/University/Course_Work/2025-2026/Spring_2026/ECE_410/ECE410/project/post_m3_Minor_Redesign/tb/tb_top.sv Line: 257

Time: 14055 ns Started: 14045 ns Scope: /tb_top/u_mon File: /run/media/sackb/Windows-SSD/Users/sackb/OneDrive/Desktop/University/Course_Work/2025-2026/Spring_2026/ECE_410/ECE410/project/post_m3_Minor_Redesign/tb/tb_top.sv Line:256
Error: AXI MONITOR: core_C changed while core is idle
Time: 14055 ns  Iteration: 0  Process: /tb_top/u_mon//tb_top/u_mon  Scope: tb_top.u_mon  File: /run/media/sackb/Windows-SSD/Users/sackb/OneDrive/Desktop/University/Course_Work/2025-2026/Spring_2026/ECE_410/ECE410/project/post_m3_Minor_Redesign/tb/tb_top.sv Line: 257

Time: 14065 ns Started: 14055 ns Scope: /tb_top/u_mon File: /run/media/sackb/Windows-SSD/Users/sackb/OneDrive/Desktop/University/Course_Work/2025-2026/Spring_2026/ECE_410/ECE410/project/post_m3_Minor_Redesign/tb/tb_top.sv Line:256
Error: AXI MONITOR: core_C changed while core is idle
Time: 14065 ns  Iteration: 0  Process: /tb_top/u_mon//tb_top/u_mon  Scope: tb_top.u_mon  File: /run/media/sackb/Windows-SSD/Users/sackb/OneDrive/Desktop/University/Course_Work/2025-2026/Spring_2026/ECE_410/ECE410/project/post_m3_Minor_Redesign/tb/tb_top.sv Line: 257

Time: 14075 ns Started: 14065 ns Scope: /tb_top/u_mon File: /run/media/sackb/Windows-SSD/Users/sackb/OneDrive/Desktop/University/Course_Work/2025-2026/Spring_2026/ECE_410/ECE410/project/post_m3_Minor_Redesign/tb/tb_top.sv Line:256
Error: AXI MONITOR: core_C changed while core is idle
Time: 14075 ns  Iteration: 0  Process: /tb_top/u_mon//tb_top/u_mon  Scope: tb_top.u_mon  File: /run/media/sackb/Windows-SSD/Users/sackb/OneDrive/Desktop/University/Course_Work/2025-2026/Spring_2026/ECE_410/ECE410/project/post_m3_Minor_Redesign/tb/tb_top.sv Line: 257

Time: 14085 ns Started: 14075 ns Scope: /tb_top/u_mon File: /run/media/sackb/Windows-SSD/Users/sackb/OneDrive/Desktop/University/Course_Work/2025-2026/Spring_2026/ECE_410/ECE410/project/post_m3_Minor_Redesign/tb/tb_top.sv Line:256
Error: AXI MONITOR: core_C changed while core is idle
Time: 14085 ns  Iteration: 0  Process: /tb_top/u_mon//tb_top/u_mon  Scope: tb_top.u_mon  File: /run/media/sackb/Windows-SSD/Users/sackb/OneDrive/Desktop/University/Course_Work/2025-2026/Spring_2026/ECE_410/ECE410/project/post_m3_Minor_Redesign/tb/tb_top.sv Line: 257

Time: 14095 ns Started: 14085 ns Scope: /tb_top/u_mon File: /run/media/sackb/Windows-SSD/Users/sackb/OneDrive/Desktop/University/Course_Work/2025-2026/Spring_2026/ECE_410/ECE410/project/post_m3_Minor_Redesign/tb/tb_top.sv Line:256
Error: AXI MONITOR: core_C changed while core is idle
Time: 14095 ns  Iteration: 0  Process: /tb_top/u_mon//tb_top/u_mon  Scope: tb_top.u_mon  File: /run/media/sackb/Windows-SSD/Users/sackb/OneDrive/Desktop/University/Course_Work/2025-2026/Spring_2026/ECE_410/ECE410/project/post_m3_Minor_Redesign/tb/tb_top.sv Line: 257

Time: 14105 ns Started: 14095 ns Scope: /tb_top/u_mon File: /run/media/sackb/Windows-SSD/Users/sackb/OneDrive/Desktop/University/Course_Work/2025-2026/Spring_2026/ECE_410/ECE410/project/post_m3_Minor_Redesign/tb/tb_top.sv Line:256
Error: AXI MONITOR: core_C changed while core is idle
Time: 14105 ns  Iteration: 0  Process: /tb_top/u_mon//tb_top/u_mon  Scope: tb_top.u_mon  File: /run/media/sackb/Windows-SSD/Users/sackb/OneDrive/Desktop/University/Course_Work/2025-2026/Spring_2026/ECE_410/ECE410/project/post_m3_Minor_Redesign/tb/tb_top.sv Line: 257

Time: 14115 ns Started: 14105 ns Scope: /tb_top/u_mon File: /run/media/sackb/Windows-SSD/Users/sackb/OneDrive/Desktop/University/Course_Work/2025-2026/Spring_2026/ECE_410/ECE410/project/post_m3_Minor_Redesign/tb/tb_top.sv Line:256
Error: AXI MONITOR: core_C changed while core is idle
Time: 14115 ns  Iteration: 0  Process: /tb_top/u_mon//tb_top/u_mon  Scope: tb_top.u_mon  File: /run/media/sackb/Windows-SSD/Users/sackb/OneDrive/Desktop/University/Course_Work/2025-2026/Spring_2026/ECE_410/ECE410/project/post_m3_Minor_Redesign/tb/tb_top.sv Line: 257

Time: 14125 ns Started: 14115 ns Scope: /tb_top/u_mon File: /run/media/sackb/Windows-SSD/Users/sackb/OneDrive/Desktop/University/Course_Work/2025-2026/Spring_2026/ECE_410/ECE410/project/post_m3_Minor_Redesign/tb/tb_top.sv Line:256
Error: AXI MONITOR: core_C changed while core is idle
Time: 14125 ns  Iteration: 0  Process: /tb_top/u_mon//tb_top/u_mon  Scope: tb_top.u_mon  File: /run/media/sackb/Windows-SSD/Users/sackb/OneDrive/Desktop/University/Course_Work/2025-2026/Spring_2026/ECE_410/ECE410/project/post_m3_Minor_Redesign/tb/tb_top.sv Line: 257

Time: 14135 ns Started: 14125 ns Scope: /tb_top/u_mon File: /run/media/sackb/Windows-SSD/Users/sackb/OneDrive/Desktop/University/Course_Work/2025-2026/Spring_2026/ECE_410/ECE410/project/post_m3_Minor_Redesign/tb/tb_top.sv Line:256
Error: AXI MONITOR: core_C changed while core is idle
Time: 14135 ns  Iteration: 0  Process: /tb_top/u_mon//tb_top/u_mon  Scope: tb_top.u_mon  File: /run/media/sackb/Windows-SSD/Users/sackb/OneDrive/Desktop/University/Course_Work/2025-2026/Spring_2026/ECE_410/ECE410/project/post_m3_Minor_Redesign/tb/tb_top.sv Line: 257

Time: 14145 ns Started: 14135 ns Scope: /tb_top/u_mon File: /run/media/sackb/Windows-SSD/Users/sackb/OneDrive/Desktop/University/Course_Work/2025-2026/Spring_2026/ECE_410/ECE410/project/post_m3_Minor_Redesign/tb/tb_top.sv Line:256
Error: AXI MONITOR: core_C changed while core is idle
Time: 14145 ns  Iteration: 0  Process: /tb_top/u_mon//tb_top/u_mon  Scope: tb_top.u_mon  File: /run/media/sackb/Windows-SSD/Users/sackb/OneDrive/Desktop/University/Course_Work/2025-2026/Spring_2026/ECE_410/ECE410/project/post_m3_Minor_Redesign/tb/tb_top.sv Line: 257

Time: 14155 ns Started: 14145 ns Scope: /tb_top/u_mon File: /run/media/sackb/Windows-SSD/Users/sackb/OneDrive/Desktop/University/Course_Work/2025-2026/Spring_2026/ECE_410/ECE410/project/post_m3_Minor_Redesign/tb/tb_top.sv Line:256
Error: AXI MONITOR: core_C changed while core is idle
Time: 14155 ns  Iteration: 0  Process: /tb_top/u_mon//tb_top/u_mon  Scope: tb_top.u_mon  File: /run/media/sackb/Windows-SSD/Users/sackb/OneDrive/Desktop/University/Course_Work/2025-2026/Spring_2026/ECE_410/ECE410/project/post_m3_Minor_Redesign/tb/tb_top.sv Line: 257

Time: 14165 ns Started: 14155 ns Scope: /tb_top/u_mon File: /run/media/sackb/Windows-SSD/Users/sackb/OneDrive/Desktop/University/Course_Work/2025-2026/Spring_2026/ECE_410/ECE410/project/post_m3_Minor_Redesign/tb/tb_top.sv Line:256
Error: AXI MONITOR: core_C changed while core is idle
Time: 14165 ns  Iteration: 0  Process: /tb_top/u_mon//tb_top/u_mon  Scope: tb_top.u_mon  File: /run/media/sackb/Windows-SSD/Users/sackb/OneDrive/Desktop/University/Course_Work/2025-2026/Spring_2026/ECE_410/ECE410/project/post_m3_Minor_Redesign/tb/tb_top.sv Line: 257

Time: 14175 ns Started: 14165 ns Scope: /tb_top/u_mon File: /run/media/sackb/Windows-SSD/Users/sackb/OneDrive/Desktop/University/Course_Work/2025-2026/Spring_2026/ECE_410/ECE410/project/post_m3_Minor_Redesign/tb/tb_top.sv Line:256
Error: AXI MONITOR: core_C changed while core is idle
Time: 14175 ns  Iteration: 0  Process: /tb_top/u_mon//tb_top/u_mon  Scope: tb_top.u_mon  File: /run/media/sackb/Windows-SSD/Users/sackb/OneDrive/Desktop/University/Course_Work/2025-2026/Spring_2026/ECE_410/ECE410/project/post_m3_Minor_Redesign/tb/tb_top.sv Line: 257

Time: 14185 ns Started: 14175 ns Scope: /tb_top/u_mon File: /run/media/sackb/Windows-SSD/Users/sackb/OneDrive/Desktop/University/Course_Work/2025-2026/Spring_2026/ECE_410/ECE410/project/post_m3_Minor_Redesign/tb/tb_top.sv Line:256
Error: AXI MONITOR: core_C changed while core is idle
Time: 14185 ns  Iteration: 0  Process: /tb_top/u_mon//tb_top/u_mon  Scope: tb_top.u_mon  File: /run/media/sackb/Windows-SSD/Users/sackb/OneDrive/Desktop/University/Course_Work/2025-2026/Spring_2026/ECE_410/ECE410/project/post_m3_Minor_Redesign/tb/tb_top.sv Line: 257

Time: 14195 ns Started: 14185 ns Scope: /tb_top/u_mon File: /run/media/sackb/Windows-SSD/Users/sackb/OneDrive/Desktop/University/Course_Work/2025-2026/Spring_2026/ECE_410/ECE410/project/post_m3_Minor_Redesign/tb/tb_top.sv Line:256
Error: AXI MONITOR: core_C changed while core is idle
Time: 14195 ns  Iteration: 0  Process: /tb_top/u_mon//tb_top/u_mon  Scope: tb_top.u_mon  File: /run/media/sackb/Windows-SSD/Users/sackb/OneDrive/Desktop/University/Course_Work/2025-2026/Spring_2026/ECE_410/ECE410/project/post_m3_Minor_Redesign/tb/tb_top.sv Line: 257

Time: 14205 ns Started: 14195 ns Scope: /tb_top/u_mon File: /run/media/sackb/Windows-SSD/Users/sackb/OneDrive/Desktop/University/Course_Work/2025-2026/Spring_2026/ECE_410/ECE410/project/post_m3_Minor_Redesign/tb/tb_top.sv Line:256
Error: AXI MONITOR: core_C changed while core is idle
Time: 14205 ns  Iteration: 0  Process: /tb_top/u_mon//tb_top/u_mon  Scope: tb_top.u_mon  File: /run/media/sackb/Windows-SSD/Users/sackb/OneDrive/Desktop/University/Course_Work/2025-2026/Spring_2026/ECE_410/ECE410/project/post_m3_Minor_Redesign/tb/tb_top.sv Line: 257

Time: 14215 ns Started: 14205 ns Scope: /tb_top/u_mon File: /run/media/sackb/Windows-SSD/Users/sackb/OneDrive/Desktop/University/Course_Work/2025-2026/Spring_2026/ECE_410/ECE410/project/post_m3_Minor_Redesign/tb/tb_top.sv Line:256
Error: AXI MONITOR: core_C changed while core is idle
Time: 14215 ns  Iteration: 0  Process: /tb_top/u_mon//tb_top/u_mon  Scope: tb_top.u_mon  File: /run/media/sackb/Windows-SSD/Users/sackb/OneDrive/Desktop/University/Course_Work/2025-2026/Spring_2026/ECE_410/ECE410/project/post_m3_Minor_Redesign/tb/tb_top.sv Line: 257

Time: 14225 ns Started: 14215 ns Scope: /tb_top/u_mon File: /run/media/sackb/Windows-SSD/Users/sackb/OneDrive/Desktop/University/Course_Work/2025-2026/Spring_2026/ECE_410/ECE410/project/post_m3_Minor_Redesign/tb/tb_top.sv Line:256
Error: AXI MONITOR: core_C changed while core is idle
Time: 14225 ns  Iteration: 0  Process: /tb_top/u_mon//tb_top/u_mon  Scope: tb_top.u_mon  File: /run/media/sackb/Windows-SSD/Users/sackb/OneDrive/Desktop/University/Course_Work/2025-2026/Spring_2026/ECE_410/ECE410/project/post_m3_Minor_Redesign/tb/tb_top.sv Line: 257

Time: 14235 ns Started: 14225 ns Scope: /tb_top/u_mon File: /run/media/sackb/Windows-SSD/Users/sackb/OneDrive/Desktop/University/Course_Work/2025-2026/Spring_2026/ECE_410/ECE410/project/post_m3_Minor_Redesign/tb/tb_top.sv Line:256
Error: AXI MONITOR: core_C changed while core is idle
Time: 14235 ns  Iteration: 0  Process: /tb_top/u_mon//tb_top/u_mon  Scope: tb_top.u_mon  File: /run/media/sackb/Windows-SSD/Users/sackb/OneDrive/Desktop/University/Course_Work/2025-2026/Spring_2026/ECE_410/ECE410/project/post_m3_Minor_Redesign/tb/tb_top.sv Line: 257

Time: 14245 ns Started: 14235 ns Scope: /tb_top/u_mon File: /run/media/sackb/Windows-SSD/Users/sackb/OneDrive/Desktop/University/Course_Work/2025-2026/Spring_2026/ECE_410/ECE410/project/post_m3_Minor_Redesign/tb/tb_top.sv Line:256
Error: AXI MONITOR: core_C changed while core is idle
Time: 14245 ns  Iteration: 0  Process: /tb_top/u_mon//tb_top/u_mon  Scope: tb_top.u_mon  File: /run/media/sackb/Windows-SSD/Users/sackb/OneDrive/Desktop/University/Course_Work/2025-2026/Spring_2026/ECE_410/ECE410/project/post_m3_Minor_Redesign/tb/tb_top.sv Line: 257

Time: 14255 ns Started: 14245 ns Scope: /tb_top/u_mon File: /run/media/sackb/Windows-SSD/Users/sackb/OneDrive/Desktop/University/Course_Work/2025-2026/Spring_2026/ECE_410/ECE410/project/post_m3_Minor_Redesign/tb/tb_top.sv Line:256
Error: AXI MONITOR: core_C changed while core is idle
Time: 14255 ns  Iteration: 0  Process: /tb_top/u_mon//tb_top/u_mon  Scope: tb_top.u_mon  File: /run/media/sackb/Windows-SSD/Users/sackb/OneDrive/Desktop/University/Course_Work/2025-2026/Spring_2026/ECE_410/ECE410/project/post_m3_Minor_Redesign/tb/tb_top.sv Line: 257

Time: 14265 ns Started: 14255 ns Scope: /tb_top/u_mon File: /run/media/sackb/Windows-SSD/Users/sackb/OneDrive/Desktop/University/Course_Work/2025-2026/Spring_2026/ECE_410/ECE410/project/post_m3_Minor_Redesign/tb/tb_top.sv Line:256
Error: AXI MONITOR: core_C changed while core is idle
Time: 14265 ns  Iteration: 0  Process: /tb_top/u_mon//tb_top/u_mon  Scope: tb_top.u_mon  File: /run/media/sackb/Windows-SSD/Users/sackb/OneDrive/Desktop/University/Course_Work/2025-2026/Spring_2026/ECE_410/ECE410/project/post_m3_Minor_Redesign/tb/tb_top.sv Line: 257

Time: 14275 ns Started: 14265 ns Scope: /tb_top/u_mon File: /run/media/sackb/Windows-SSD/Users/sackb/OneDrive/Desktop/University/Course_Work/2025-2026/Spring_2026/ECE_410/ECE410/project/post_m3_Minor_Redesign/tb/tb_top.sv Line:256
Error: AXI MONITOR: core_C changed while core is idle
Time: 14275 ns  Iteration: 0  Process: /tb_top/u_mon//tb_top/u_mon  Scope: tb_top.u_mon  File: /run/media/sackb/Windows-SSD/Users/sackb/OneDrive/Desktop/University/Course_Work/2025-2026/Spring_2026/ECE_410/ECE410/project/post_m3_Minor_Redesign/tb/tb_top.sv Line: 257

Time: 14285 ns Started: 14275 ns Scope: /tb_top/u_mon File: /run/media/sackb/Windows-SSD/Users/sackb/OneDrive/Desktop/University/Course_Work/2025-2026/Spring_2026/ECE_410/ECE410/project/post_m3_Minor_Redesign/tb/tb_top.sv Line:256
Error: AXI MONITOR: core_C changed while core is idle
Time: 14285 ns  Iteration: 0  Process: /tb_top/u_mon//tb_top/u_mon  Scope: tb_top.u_mon  File: /run/media/sackb/Windows-SSD/Users/sackb/OneDrive/Desktop/University/Course_Work/2025-2026/Spring_2026/ECE_410/ECE410/project/post_m3_Minor_Redesign/tb/tb_top.sv Line: 257

Time: 14295 ns Started: 14285 ns Scope: /tb_top/u_mon File: /run/media/sackb/Windows-SSD/Users/sackb/OneDrive/Desktop/University/Course_Work/2025-2026/Spring_2026/ECE_410/ECE410/project/post_m3_Minor_Redesign/tb/tb_top.sv Line:256
Error: AXI MONITOR: core_C changed while core is idle
Time: 14295 ns  Iteration: 0  Process: /tb_top/u_mon//tb_top/u_mon  Scope: tb_top.u_mon  File: /run/media/sackb/Windows-SSD/Users/sackb/OneDrive/Desktop/University/Course_Work/2025-2026/Spring_2026/ECE_410/ECE410/project/post_m3_Minor_Redesign/tb/tb_top.sv Line: 257

Time: 14305 ns Started: 14295 ns Scope: /tb_top/u_mon File: /run/media/sackb/Windows-SSD/Users/sackb/OneDrive/Desktop/University/Course_Work/2025-2026/Spring_2026/ECE_410/ECE410/project/post_m3_Minor_Redesign/tb/tb_top.sv Line:256
Error: AXI MONITOR: core_C changed while core is idle
Time: 14305 ns  Iteration: 0  Process: /tb_top/u_mon//tb_top/u_mon  Scope: tb_top.u_mon  File: /run/media/sackb/Windows-SSD/Users/sackb/OneDrive/Desktop/University/Course_Work/2025-2026/Spring_2026/ECE_410/ECE410/project/post_m3_Minor_Redesign/tb/tb_top.sv Line: 257

Time: 14315 ns Started: 14305 ns Scope: /tb_top/u_mon File: /run/media/sackb/Windows-SSD/Users/sackb/OneDrive/Desktop/University/Course_Work/2025-2026/Spring_2026/ECE_410/ECE410/project/post_m3_Minor_Redesign/tb/tb_top.sv Line:256
Error: AXI MONITOR: core_C changed while core is idle
Time: 14315 ns  Iteration: 0  Process: /tb_top/u_mon//tb_top/u_mon  Scope: tb_top.u_mon  File: /run/media/sackb/Windows-SSD/Users/sackb/OneDrive/Desktop/University/Course_Work/2025-2026/Spring_2026/ECE_410/ECE410/project/post_m3_Minor_Redesign/tb/tb_top.sv Line: 257

Time: 14325 ns Started: 14315 ns Scope: /tb_top/u_mon File: /run/media/sackb/Windows-SSD/Users/sackb/OneDrive/Desktop/University/Course_Work/2025-2026/Spring_2026/ECE_410/ECE410/project/post_m3_Minor_Redesign/tb/tb_top.sv Line:256
Error: AXI MONITOR: core_C changed while core is idle
Time: 14325 ns  Iteration: 0  Process: /tb_top/u_mon//tb_top/u_mon  Scope: tb_top.u_mon  File: /run/media/sackb/Windows-SSD/Users/sackb/OneDrive/Desktop/University/Course_Work/2025-2026/Spring_2026/ECE_410/ECE410/project/post_m3_Minor_Redesign/tb/tb_top.sv Line: 257

Time: 14335 ns Started: 14325 ns Scope: /tb_top/u_mon File: /run/media/sackb/Windows-SSD/Users/sackb/OneDrive/Desktop/University/Course_Work/2025-2026/Spring_2026/ECE_410/ECE410/project/post_m3_Minor_Redesign/tb/tb_top.sv Line:256
Error: AXI MONITOR: core_C changed while core is idle
Time: 14335 ns  Iteration: 0  Process: /tb_top/u_mon//tb_top/u_mon  Scope: tb_top.u_mon  File: /run/media/sackb/Windows-SSD/Users/sackb/OneDrive/Desktop/University/Course_Work/2025-2026/Spring_2026/ECE_410/ECE410/project/post_m3_Minor_Redesign/tb/tb_top.sv Line: 257

Time: 14345 ns Started: 14335 ns Scope: /tb_top/u_mon File: /run/media/sackb/Windows-SSD/Users/sackb/OneDrive/Desktop/University/Course_Work/2025-2026/Spring_2026/ECE_410/ECE410/project/post_m3_Minor_Redesign/tb/tb_top.sv Line:256
Error: AXI MONITOR: core_C changed while core is idle
Time: 14345 ns  Iteration: 0  Process: /tb_top/u_mon//tb_top/u_mon  Scope: tb_top.u_mon  File: /run/media/sackb/Windows-SSD/Users/sackb/OneDrive/Desktop/University/Course_Work/2025-2026/Spring_2026/ECE_410/ECE410/project/post_m3_Minor_Redesign/tb/tb_top.sv Line: 257

Time: 14355 ns Started: 14345 ns Scope: /tb_top/u_mon File: /run/media/sackb/Windows-SSD/Users/sackb/OneDrive/Desktop/University/Course_Work/2025-2026/Spring_2026/ECE_410/ECE410/project/post_m3_Minor_Redesign/tb/tb_top.sv Line:256
Error: AXI MONITOR: core_C changed while core is idle
Time: 14355 ns  Iteration: 0  Process: /tb_top/u_mon//tb_top/u_mon  Scope: tb_top.u_mon  File: /run/media/sackb/Windows-SSD/Users/sackb/OneDrive/Desktop/University/Course_Work/2025-2026/Spring_2026/ECE_410/ECE410/project/post_m3_Minor_Redesign/tb/tb_top.sv Line: 257

Time: 14365 ns Started: 14355 ns Scope: /tb_top/u_mon File: /run/media/sackb/Windows-SSD/Users/sackb/OneDrive/Desktop/University/Course_Work/2025-2026/Spring_2026/ECE_410/ECE410/project/post_m3_Minor_Redesign/tb/tb_top.sv Line:256
Error: AXI MONITOR: core_C changed while core is idle
Time: 14365 ns  Iteration: 0  Process: /tb_top/u_mon//tb_top/u_mon  Scope: tb_top.u_mon  File: /run/media/sackb/Windows-SSD/Users/sackb/OneDrive/Desktop/University/Course_Work/2025-2026/Spring_2026/ECE_410/ECE410/project/post_m3_Minor_Redesign/tb/tb_top.sv Line: 257

Time: 14375 ns Started: 14365 ns Scope: /tb_top/u_mon File: /run/media/sackb/Windows-SSD/Users/sackb/OneDrive/Desktop/University/Course_Work/2025-2026/Spring_2026/ECE_410/ECE410/project/post_m3_Minor_Redesign/tb/tb_top.sv Line:256
Error: AXI MONITOR: core_C changed while core is idle
Time: 14375 ns  Iteration: 0  Process: /tb_top/u_mon//tb_top/u_mon  Scope: tb_top.u_mon  File: /run/media/sackb/Windows-SSD/Users/sackb/OneDrive/Desktop/University/Course_Work/2025-2026/Spring_2026/ECE_410/ECE410/project/post_m3_Minor_Redesign/tb/tb_top.sv Line: 257

Time: 14385 ns Started: 14375 ns Scope: /tb_top/u_mon File: /run/media/sackb/Windows-SSD/Users/sackb/OneDrive/Desktop/University/Course_Work/2025-2026/Spring_2026/ECE_410/ECE410/project/post_m3_Minor_Redesign/tb/tb_top.sv Line:256
Error: AXI MONITOR: core_C changed while core is idle
Time: 14385 ns  Iteration: 0  Process: /tb_top/u_mon//tb_top/u_mon  Scope: tb_top.u_mon  File: /run/media/sackb/Windows-SSD/Users/sackb/OneDrive/Desktop/University/Course_Work/2025-2026/Spring_2026/ECE_410/ECE410/project/post_m3_Minor_Redesign/tb/tb_top.sv Line: 257

Time: 14395 ns Started: 14385 ns Scope: /tb_top/u_mon File: /run/media/sackb/Windows-SSD/Users/sackb/OneDrive/Desktop/University/Course_Work/2025-2026/Spring_2026/ECE_410/ECE410/project/post_m3_Minor_Redesign/tb/tb_top.sv Line:256
Error: AXI MONITOR: core_C changed while core is idle
Time: 14395 ns  Iteration: 0  Process: /tb_top/u_mon//tb_top/u_mon  Scope: tb_top.u_mon  File: /run/media/sackb/Windows-SSD/Users/sackb/OneDrive/Desktop/University/Course_Work/2025-2026/Spring_2026/ECE_410/ECE410/project/post_m3_Minor_Redesign/tb/tb_top.sv Line: 257

Time: 14405 ns Started: 14395 ns Scope: /tb_top/u_mon File: /run/media/sackb/Windows-SSD/Users/sackb/OneDrive/Desktop/University/Course_Work/2025-2026/Spring_2026/ECE_410/ECE410/project/post_m3_Minor_Redesign/tb/tb_top.sv Line:256
Error: AXI MONITOR: core_C changed while core is idle
Time: 14405 ns  Iteration: 0  Process: /tb_top/u_mon//tb_top/u_mon  Scope: tb_top.u_mon  File: /run/media/sackb/Windows-SSD/Users/sackb/OneDrive/Desktop/University/Course_Work/2025-2026/Spring_2026/ECE_410/ECE410/project/post_m3_Minor_Redesign/tb/tb_top.sv Line: 257

Time: 14415 ns Started: 14405 ns Scope: /tb_top/u_mon File: /run/media/sackb/Windows-SSD/Users/sackb/OneDrive/Desktop/University/Course_Work/2025-2026/Spring_2026/ECE_410/ECE410/project/post_m3_Minor_Redesign/tb/tb_top.sv Line:256
Error: AXI MONITOR: core_C changed while core is idle
Time: 14415 ns  Iteration: 0  Process: /tb_top/u_mon//tb_top/u_mon  Scope: tb_top.u_mon  File: /run/media/sackb/Windows-SSD/Users/sackb/OneDrive/Desktop/University/Course_Work/2025-2026/Spring_2026/ECE_410/ECE410/project/post_m3_Minor_Redesign/tb/tb_top.sv Line: 257
TB_TOP: Iteration 8 complete
TB_TOP: Starting iteration 9

Time: 14425 ns Started: 14415 ns Scope: /tb_top/u_mon File: /run/media/sackb/Windows-SSD/Users/sackb/OneDrive/Desktop/University/Course_Work/2025-2026/Spring_2026/ECE_410/ECE410/project/post_m3_Minor_Redesign/tb/tb_top.sv Line:256
Error: AXI MONITOR: core_C changed while core is idle
Time: 14425 ns  Iteration: 0  Process: /tb_top/u_mon//tb_top/u_mon  Scope: tb_top.u_mon  File: /run/media/sackb/Windows-SSD/Users/sackb/OneDrive/Desktop/University/Course_Work/2025-2026/Spring_2026/ECE_410/ECE410/project/post_m3_Minor_Redesign/tb/tb_top.sv Line: 257

Time: 14435 ns Started: 14425 ns Scope: /tb_top/u_mon File: /run/media/sackb/Windows-SSD/Users/sackb/OneDrive/Desktop/University/Course_Work/2025-2026/Spring_2026/ECE_410/ECE410/project/post_m3_Minor_Redesign/tb/tb_top.sv Line:256
Error: AXI MONITOR: core_C changed while core is idle
Time: 14435 ns  Iteration: 0  Process: /tb_top/u_mon//tb_top/u_mon  Scope: tb_top.u_mon  File: /run/media/sackb/Windows-SSD/Users/sackb/OneDrive/Desktop/University/Course_Work/2025-2026/Spring_2026/ECE_410/ECE410/project/post_m3_Minor_Redesign/tb/tb_top.sv Line: 257

Time: 14445 ns Started: 14435 ns Scope: /tb_top/u_mon File: /run/media/sackb/Windows-SSD/Users/sackb/OneDrive/Desktop/University/Course_Work/2025-2026/Spring_2026/ECE_410/ECE410/project/post_m3_Minor_Redesign/tb/tb_top.sv Line:256
Error: AXI MONITOR: core_C changed while core is idle
Time: 14445 ns  Iteration: 0  Process: /tb_top/u_mon//tb_top/u_mon  Scope: tb_top.u_mon  File: /run/media/sackb/Windows-SSD/Users/sackb/OneDrive/Desktop/University/Course_Work/2025-2026/Spring_2026/ECE_410/ECE410/project/post_m3_Minor_Redesign/tb/tb_top.sv Line: 257

Time: 14455 ns Started: 14445 ns Scope: /tb_top/u_mon File: /run/media/sackb/Windows-SSD/Users/sackb/OneDrive/Desktop/University/Course_Work/2025-2026/Spring_2026/ECE_410/ECE410/project/post_m3_Minor_Redesign/tb/tb_top.sv Line:256
Error: AXI MONITOR: core_C changed while core is idle
Time: 14455 ns  Iteration: 0  Process: /tb_top/u_mon//tb_top/u_mon  Scope: tb_top.u_mon  File: /run/media/sackb/Windows-SSD/Users/sackb/OneDrive/Desktop/University/Course_Work/2025-2026/Spring_2026/ECE_410/ECE410/project/post_m3_Minor_Redesign/tb/tb_top.sv Line: 257

Time: 14465 ns Started: 14455 ns Scope: /tb_top/u_mon File: /run/media/sackb/Windows-SSD/Users/sackb/OneDrive/Desktop/University/Course_Work/2025-2026/Spring_2026/ECE_410/ECE410/project/post_m3_Minor_Redesign/tb/tb_top.sv Line:256
Error: AXI MONITOR: core_C changed while core is idle
Time: 14465 ns  Iteration: 0  Process: /tb_top/u_mon//tb_top/u_mon  Scope: tb_top.u_mon  File: /run/media/sackb/Windows-SSD/Users/sackb/OneDrive/Desktop/University/Course_Work/2025-2026/Spring_2026/ECE_410/ECE410/project/post_m3_Minor_Redesign/tb/tb_top.sv Line: 257

Time: 14475 ns Started: 14465 ns Scope: /tb_top/u_mon File: /run/media/sackb/Windows-SSD/Users/sackb/OneDrive/Desktop/University/Course_Work/2025-2026/Spring_2026/ECE_410/ECE410/project/post_m3_Minor_Redesign/tb/tb_top.sv Line:256
Error: AXI MONITOR: core_C changed while core is idle
Time: 14475 ns  Iteration: 0  Process: /tb_top/u_mon//tb_top/u_mon  Scope: tb_top.u_mon  File: /run/media/sackb/Windows-SSD/Users/sackb/OneDrive/Desktop/University/Course_Work/2025-2026/Spring_2026/ECE_410/ECE410/project/post_m3_Minor_Redesign/tb/tb_top.sv Line: 257

Time: 14485 ns Started: 14475 ns Scope: /tb_top/u_mon File: /run/media/sackb/Windows-SSD/Users/sackb/OneDrive/Desktop/University/Course_Work/2025-2026/Spring_2026/ECE_410/ECE410/project/post_m3_Minor_Redesign/tb/tb_top.sv Line:256
Error: AXI MONITOR: core_C changed while core is idle
Time: 14485 ns  Iteration: 0  Process: /tb_top/u_mon//tb_top/u_mon  Scope: tb_top.u_mon  File: /run/media/sackb/Windows-SSD/Users/sackb/OneDrive/Desktop/University/Course_Work/2025-2026/Spring_2026/ECE_410/ECE410/project/post_m3_Minor_Redesign/tb/tb_top.sv Line: 257

Time: 14495 ns Started: 14485 ns Scope: /tb_top/u_mon File: /run/media/sackb/Windows-SSD/Users/sackb/OneDrive/Desktop/University/Course_Work/2025-2026/Spring_2026/ECE_410/ECE410/project/post_m3_Minor_Redesign/tb/tb_top.sv Line:256
Error: AXI MONITOR: core_C changed while core is idle
Time: 14495 ns  Iteration: 0  Process: /tb_top/u_mon//tb_top/u_mon  Scope: tb_top.u_mon  File: /run/media/sackb/Windows-SSD/Users/sackb/OneDrive/Desktop/University/Course_Work/2025-2026/Spring_2026/ECE_410/ECE410/project/post_m3_Minor_Redesign/tb/tb_top.sv Line: 257

Time: 14505 ns Started: 14495 ns Scope: /tb_top/u_mon File: /run/media/sackb/Windows-SSD/Users/sackb/OneDrive/Desktop/University/Course_Work/2025-2026/Spring_2026/ECE_410/ECE410/project/post_m3_Minor_Redesign/tb/tb_top.sv Line:256
Error: AXI MONITOR: core_C changed while core is idle
Time: 14505 ns  Iteration: 0  Process: /tb_top/u_mon//tb_top/u_mon  Scope: tb_top.u_mon  File: /run/media/sackb/Windows-SSD/Users/sackb/OneDrive/Desktop/University/Course_Work/2025-2026/Spring_2026/ECE_410/ECE410/project/post_m3_Minor_Redesign/tb/tb_top.sv Line: 257

Time: 14515 ns Started: 14505 ns Scope: /tb_top/u_mon File: /run/media/sackb/Windows-SSD/Users/sackb/OneDrive/Desktop/University/Course_Work/2025-2026/Spring_2026/ECE_410/ECE410/project/post_m3_Minor_Redesign/tb/tb_top.sv Line:256
Error: AXI MONITOR: core_C changed while core is idle
Time: 14515 ns  Iteration: 0  Process: /tb_top/u_mon//tb_top/u_mon  Scope: tb_top.u_mon  File: /run/media/sackb/Windows-SSD/Users/sackb/OneDrive/Desktop/University/Course_Work/2025-2026/Spring_2026/ECE_410/ECE410/project/post_m3_Minor_Redesign/tb/tb_top.sv Line: 257

Time: 14525 ns Started: 14515 ns Scope: /tb_top/u_mon File: /run/media/sackb/Windows-SSD/Users/sackb/OneDrive/Desktop/University/Course_Work/2025-2026/Spring_2026/ECE_410/ECE410/project/post_m3_Minor_Redesign/tb/tb_top.sv Line:256
Error: AXI MONITOR: core_C changed while core is idle
Time: 14525 ns  Iteration: 0  Process: /tb_top/u_mon//tb_top/u_mon  Scope: tb_top.u_mon  File: /run/media/sackb/Windows-SSD/Users/sackb/OneDrive/Desktop/University/Course_Work/2025-2026/Spring_2026/ECE_410/ECE410/project/post_m3_Minor_Redesign/tb/tb_top.sv Line: 257

Time: 14535 ns Started: 14525 ns Scope: /tb_top/u_mon File: /run/media/sackb/Windows-SSD/Users/sackb/OneDrive/Desktop/University/Course_Work/2025-2026/Spring_2026/ECE_410/ECE410/project/post_m3_Minor_Redesign/tb/tb_top.sv Line:256
Error: AXI MONITOR: core_C changed while core is idle
Time: 14535 ns  Iteration: 0  Process: /tb_top/u_mon//tb_top/u_mon  Scope: tb_top.u_mon  File: /run/media/sackb/Windows-SSD/Users/sackb/OneDrive/Desktop/University/Course_Work/2025-2026/Spring_2026/ECE_410/ECE410/project/post_m3_Minor_Redesign/tb/tb_top.sv Line: 257

Time: 14545 ns Started: 14535 ns Scope: /tb_top/u_mon File: /run/media/sackb/Windows-SSD/Users/sackb/OneDrive/Desktop/University/Course_Work/2025-2026/Spring_2026/ECE_410/ECE410/project/post_m3_Minor_Redesign/tb/tb_top.sv Line:256
Error: AXI MONITOR: core_C changed while core is idle
Time: 14545 ns  Iteration: 0  Process: /tb_top/u_mon//tb_top/u_mon  Scope: tb_top.u_mon  File: /run/media/sackb/Windows-SSD/Users/sackb/OneDrive/Desktop/University/Course_Work/2025-2026/Spring_2026/ECE_410/ECE410/project/post_m3_Minor_Redesign/tb/tb_top.sv Line: 257

Time: 14555 ns Started: 14545 ns Scope: /tb_top/u_mon File: /run/media/sackb/Windows-SSD/Users/sackb/OneDrive/Desktop/University/Course_Work/2025-2026/Spring_2026/ECE_410/ECE410/project/post_m3_Minor_Redesign/tb/tb_top.sv Line:256
Error: AXI MONITOR: core_C changed while core is idle
Time: 14555 ns  Iteration: 0  Process: /tb_top/u_mon//tb_top/u_mon  Scope: tb_top.u_mon  File: /run/media/sackb/Windows-SSD/Users/sackb/OneDrive/Desktop/University/Course_Work/2025-2026/Spring_2026/ECE_410/ECE410/project/post_m3_Minor_Redesign/tb/tb_top.sv Line: 257

Time: 14565 ns Started: 14555 ns Scope: /tb_top/u_mon File: /run/media/sackb/Windows-SSD/Users/sackb/OneDrive/Desktop/University/Course_Work/2025-2026/Spring_2026/ECE_410/ECE410/project/post_m3_Minor_Redesign/tb/tb_top.sv Line:256
Error: AXI MONITOR: core_C changed while core is idle
Time: 14565 ns  Iteration: 0  Process: /tb_top/u_mon//tb_top/u_mon  Scope: tb_top.u_mon  File: /run/media/sackb/Windows-SSD/Users/sackb/OneDrive/Desktop/University/Course_Work/2025-2026/Spring_2026/ECE_410/ECE410/project/post_m3_Minor_Redesign/tb/tb_top.sv Line: 257

Time: 14575 ns Started: 14565 ns Scope: /tb_top/u_mon File: /run/media/sackb/Windows-SSD/Users/sackb/OneDrive/Desktop/University/Course_Work/2025-2026/Spring_2026/ECE_410/ECE410/project/post_m3_Minor_Redesign/tb/tb_top.sv Line:256
Error: AXI MONITOR: core_C changed while core is idle
Time: 14575 ns  Iteration: 0  Process: /tb_top/u_mon//tb_top/u_mon  Scope: tb_top.u_mon  File: /run/media/sackb/Windows-SSD/Users/sackb/OneDrive/Desktop/University/Course_Work/2025-2026/Spring_2026/ECE_410/ECE410/project/post_m3_Minor_Redesign/tb/tb_top.sv Line: 257

Time: 14585 ns Started: 14575 ns Scope: /tb_top/u_mon File: /run/media/sackb/Windows-SSD/Users/sackb/OneDrive/Desktop/University/Course_Work/2025-2026/Spring_2026/ECE_410/ECE410/project/post_m3_Minor_Redesign/tb/tb_top.sv Line:256
Error: AXI MONITOR: core_C changed while core is idle
Time: 14585 ns  Iteration: 0  Process: /tb_top/u_mon//tb_top/u_mon  Scope: tb_top.u_mon  File: /run/media/sackb/Windows-SSD/Users/sackb/OneDrive/Desktop/University/Course_Work/2025-2026/Spring_2026/ECE_410/ECE410/project/post_m3_Minor_Redesign/tb/tb_top.sv Line: 257

Time: 14595 ns Started: 14585 ns Scope: /tb_top/u_mon File: /run/media/sackb/Windows-SSD/Users/sackb/OneDrive/Desktop/University/Course_Work/2025-2026/Spring_2026/ECE_410/ECE410/project/post_m3_Minor_Redesign/tb/tb_top.sv Line:256
Error: AXI MONITOR: core_C changed while core is idle
Time: 14595 ns  Iteration: 0  Process: /tb_top/u_mon//tb_top/u_mon  Scope: tb_top.u_mon  File: /run/media/sackb/Windows-SSD/Users/sackb/OneDrive/Desktop/University/Course_Work/2025-2026/Spring_2026/ECE_410/ECE410/project/post_m3_Minor_Redesign/tb/tb_top.sv Line: 257

Time: 14605 ns Started: 14595 ns Scope: /tb_top/u_mon File: /run/media/sackb/Windows-SSD/Users/sackb/OneDrive/Desktop/University/Course_Work/2025-2026/Spring_2026/ECE_410/ECE410/project/post_m3_Minor_Redesign/tb/tb_top.sv Line:256
Error: AXI MONITOR: core_C changed while core is idle
Time: 14605 ns  Iteration: 0  Process: /tb_top/u_mon//tb_top/u_mon  Scope: tb_top.u_mon  File: /run/media/sackb/Windows-SSD/Users/sackb/OneDrive/Desktop/University/Course_Work/2025-2026/Spring_2026/ECE_410/ECE410/project/post_m3_Minor_Redesign/tb/tb_top.sv Line: 257

Time: 14615 ns Started: 14605 ns Scope: /tb_top/u_mon File: /run/media/sackb/Windows-SSD/Users/sackb/OneDrive/Desktop/University/Course_Work/2025-2026/Spring_2026/ECE_410/ECE410/project/post_m3_Minor_Redesign/tb/tb_top.sv Line:256
Error: AXI MONITOR: core_C changed while core is idle
Time: 14615 ns  Iteration: 0  Process: /tb_top/u_mon//tb_top/u_mon  Scope: tb_top.u_mon  File: /run/media/sackb/Windows-SSD/Users/sackb/OneDrive/Desktop/University/Course_Work/2025-2026/Spring_2026/ECE_410/ECE410/project/post_m3_Minor_Redesign/tb/tb_top.sv Line: 257

Time: 14625 ns Started: 14615 ns Scope: /tb_top/u_mon File: /run/media/sackb/Windows-SSD/Users/sackb/OneDrive/Desktop/University/Course_Work/2025-2026/Spring_2026/ECE_410/ECE410/project/post_m3_Minor_Redesign/tb/tb_top.sv Line:256
Error: AXI MONITOR: core_C changed while core is idle
Time: 14625 ns  Iteration: 0  Process: /tb_top/u_mon//tb_top/u_mon  Scope: tb_top.u_mon  File: /run/media/sackb/Windows-SSD/Users/sackb/OneDrive/Desktop/University/Course_Work/2025-2026/Spring_2026/ECE_410/ECE410/project/post_m3_Minor_Redesign/tb/tb_top.sv Line: 257

Time: 14635 ns Started: 14625 ns Scope: /tb_top/u_mon File: /run/media/sackb/Windows-SSD/Users/sackb/OneDrive/Desktop/University/Course_Work/2025-2026/Spring_2026/ECE_410/ECE410/project/post_m3_Minor_Redesign/tb/tb_top.sv Line:256
Error: AXI MONITOR: core_C changed while core is idle
Time: 14635 ns  Iteration: 0  Process: /tb_top/u_mon//tb_top/u_mon  Scope: tb_top.u_mon  File: /run/media/sackb/Windows-SSD/Users/sackb/OneDrive/Desktop/University/Course_Work/2025-2026/Spring_2026/ECE_410/ECE410/project/post_m3_Minor_Redesign/tb/tb_top.sv Line: 257

Time: 14645 ns Started: 14635 ns Scope: /tb_top/u_mon File: /run/media/sackb/Windows-SSD/Users/sackb/OneDrive/Desktop/University/Course_Work/2025-2026/Spring_2026/ECE_410/ECE410/project/post_m3_Minor_Redesign/tb/tb_top.sv Line:256
Error: AXI MONITOR: core_C changed while core is idle
Time: 14645 ns  Iteration: 0  Process: /tb_top/u_mon//tb_top/u_mon  Scope: tb_top.u_mon  File: /run/media/sackb/Windows-SSD/Users/sackb/OneDrive/Desktop/University/Course_Work/2025-2026/Spring_2026/ECE_410/ECE410/project/post_m3_Minor_Redesign/tb/tb_top.sv Line: 257

Time: 14655 ns Started: 14645 ns Scope: /tb_top/u_mon File: /run/media/sackb/Windows-SSD/Users/sackb/OneDrive/Desktop/University/Course_Work/2025-2026/Spring_2026/ECE_410/ECE410/project/post_m3_Minor_Redesign/tb/tb_top.sv Line:256
Error: AXI MONITOR: core_C changed while core is idle
Time: 14655 ns  Iteration: 0  Process: /tb_top/u_mon//tb_top/u_mon  Scope: tb_top.u_mon  File: /run/media/sackb/Windows-SSD/Users/sackb/OneDrive/Desktop/University/Course_Work/2025-2026/Spring_2026/ECE_410/ECE410/project/post_m3_Minor_Redesign/tb/tb_top.sv Line: 257

Time: 14665 ns Started: 14655 ns Scope: /tb_top/u_mon File: /run/media/sackb/Windows-SSD/Users/sackb/OneDrive/Desktop/University/Course_Work/2025-2026/Spring_2026/ECE_410/ECE410/project/post_m3_Minor_Redesign/tb/tb_top.sv Line:256
Error: AXI MONITOR: core_C changed while core is idle
Time: 14665 ns  Iteration: 0  Process: /tb_top/u_mon//tb_top/u_mon  Scope: tb_top.u_mon  File: /run/media/sackb/Windows-SSD/Users/sackb/OneDrive/Desktop/University/Course_Work/2025-2026/Spring_2026/ECE_410/ECE410/project/post_m3_Minor_Redesign/tb/tb_top.sv Line: 257

Time: 14675 ns Started: 14665 ns Scope: /tb_top/u_mon File: /run/media/sackb/Windows-SSD/Users/sackb/OneDrive/Desktop/University/Course_Work/2025-2026/Spring_2026/ECE_410/ECE410/project/post_m3_Minor_Redesign/tb/tb_top.sv Line:256
Error: AXI MONITOR: core_C changed while core is idle
Time: 14675 ns  Iteration: 0  Process: /tb_top/u_mon//tb_top/u_mon  Scope: tb_top.u_mon  File: /run/media/sackb/Windows-SSD/Users/sackb/OneDrive/Desktop/University/Course_Work/2025-2026/Spring_2026/ECE_410/ECE410/project/post_m3_Minor_Redesign/tb/tb_top.sv Line: 257

Time: 14685 ns Started: 14675 ns Scope: /tb_top/u_mon File: /run/media/sackb/Windows-SSD/Users/sackb/OneDrive/Desktop/University/Course_Work/2025-2026/Spring_2026/ECE_410/ECE410/project/post_m3_Minor_Redesign/tb/tb_top.sv Line:256
Error: AXI MONITOR: core_C changed while core is idle
Time: 14685 ns  Iteration: 0  Process: /tb_top/u_mon//tb_top/u_mon  Scope: tb_top.u_mon  File: /run/media/sackb/Windows-SSD/Users/sackb/OneDrive/Desktop/University/Course_Work/2025-2026/Spring_2026/ECE_410/ECE410/project/post_m3_Minor_Redesign/tb/tb_top.sv Line: 257

Time: 14695 ns Started: 14685 ns Scope: /tb_top/u_mon File: /run/media/sackb/Windows-SSD/Users/sackb/OneDrive/Desktop/University/Course_Work/2025-2026/Spring_2026/ECE_410/ECE410/project/post_m3_Minor_Redesign/tb/tb_top.sv Line:256
Error: AXI MONITOR: core_C changed while core is idle
Time: 14695 ns  Iteration: 0  Process: /tb_top/u_mon//tb_top/u_mon  Scope: tb_top.u_mon  File: /run/media/sackb/Windows-SSD/Users/sackb/OneDrive/Desktop/University/Course_Work/2025-2026/Spring_2026/ECE_410/ECE410/project/post_m3_Minor_Redesign/tb/tb_top.sv Line: 257

Time: 14705 ns Started: 14695 ns Scope: /tb_top/u_mon File: /run/media/sackb/Windows-SSD/Users/sackb/OneDrive/Desktop/University/Course_Work/2025-2026/Spring_2026/ECE_410/ECE410/project/post_m3_Minor_Redesign/tb/tb_top.sv Line:256
Error: AXI MONITOR: core_C changed while core is idle
Time: 14705 ns  Iteration: 0  Process: /tb_top/u_mon//tb_top/u_mon  Scope: tb_top.u_mon  File: /run/media/sackb/Windows-SSD/Users/sackb/OneDrive/Desktop/University/Course_Work/2025-2026/Spring_2026/ECE_410/ECE410/project/post_m3_Minor_Redesign/tb/tb_top.sv Line: 257

Time: 14715 ns Started: 14705 ns Scope: /tb_top/u_mon File: /run/media/sackb/Windows-SSD/Users/sackb/OneDrive/Desktop/University/Course_Work/2025-2026/Spring_2026/ECE_410/ECE410/project/post_m3_Minor_Redesign/tb/tb_top.sv Line:256
Error: AXI MONITOR: core_C changed while core is idle
Time: 14715 ns  Iteration: 0  Process: /tb_top/u_mon//tb_top/u_mon  Scope: tb_top.u_mon  File: /run/media/sackb/Windows-SSD/Users/sackb/OneDrive/Desktop/University/Course_Work/2025-2026/Spring_2026/ECE_410/ECE410/project/post_m3_Minor_Redesign/tb/tb_top.sv Line: 257

Time: 14725 ns Started: 14715 ns Scope: /tb_top/u_mon File: /run/media/sackb/Windows-SSD/Users/sackb/OneDrive/Desktop/University/Course_Work/2025-2026/Spring_2026/ECE_410/ECE410/project/post_m3_Minor_Redesign/tb/tb_top.sv Line:256
Error: AXI MONITOR: core_C changed while core is idle
Time: 14725 ns  Iteration: 0  Process: /tb_top/u_mon//tb_top/u_mon  Scope: tb_top.u_mon  File: /run/media/sackb/Windows-SSD/Users/sackb/OneDrive/Desktop/University/Course_Work/2025-2026/Spring_2026/ECE_410/ECE410/project/post_m3_Minor_Redesign/tb/tb_top.sv Line: 257

Time: 14735 ns Started: 14725 ns Scope: /tb_top/u_mon File: /run/media/sackb/Windows-SSD/Users/sackb/OneDrive/Desktop/University/Course_Work/2025-2026/Spring_2026/ECE_410/ECE410/project/post_m3_Minor_Redesign/tb/tb_top.sv Line:256
Error: AXI MONITOR: core_C changed while core is idle
Time: 14735 ns  Iteration: 0  Process: /tb_top/u_mon//tb_top/u_mon  Scope: tb_top.u_mon  File: /run/media/sackb/Windows-SSD/Users/sackb/OneDrive/Desktop/University/Course_Work/2025-2026/Spring_2026/ECE_410/ECE410/project/post_m3_Minor_Redesign/tb/tb_top.sv Line: 257

Time: 14745 ns Started: 14735 ns Scope: /tb_top/u_mon File: /run/media/sackb/Windows-SSD/Users/sackb/OneDrive/Desktop/University/Course_Work/2025-2026/Spring_2026/ECE_410/ECE410/project/post_m3_Minor_Redesign/tb/tb_top.sv Line:256
Error: AXI MONITOR: core_C changed while core is idle
Time: 14745 ns  Iteration: 0  Process: /tb_top/u_mon//tb_top/u_mon  Scope: tb_top.u_mon  File: /run/media/sackb/Windows-SSD/Users/sackb/OneDrive/Desktop/University/Course_Work/2025-2026/Spring_2026/ECE_410/ECE410/project/post_m3_Minor_Redesign/tb/tb_top.sv Line: 257

Time: 14755 ns Started: 14745 ns Scope: /tb_top/u_mon File: /run/media/sackb/Windows-SSD/Users/sackb/OneDrive/Desktop/University/Course_Work/2025-2026/Spring_2026/ECE_410/ECE410/project/post_m3_Minor_Redesign/tb/tb_top.sv Line:256
Error: AXI MONITOR: core_C changed while core is idle
Time: 14755 ns  Iteration: 0  Process: /tb_top/u_mon//tb_top/u_mon  Scope: tb_top.u_mon  File: /run/media/sackb/Windows-SSD/Users/sackb/OneDrive/Desktop/University/Course_Work/2025-2026/Spring_2026/ECE_410/ECE410/project/post_m3_Minor_Redesign/tb/tb_top.sv Line: 257

Time: 14765 ns Started: 14755 ns Scope: /tb_top/u_mon File: /run/media/sackb/Windows-SSD/Users/sackb/OneDrive/Desktop/University/Course_Work/2025-2026/Spring_2026/ECE_410/ECE410/project/post_m3_Minor_Redesign/tb/tb_top.sv Line:256
Error: AXI MONITOR: core_C changed while core is idle
Time: 14765 ns  Iteration: 0  Process: /tb_top/u_mon//tb_top/u_mon  Scope: tb_top.u_mon  File: /run/media/sackb/Windows-SSD/Users/sackb/OneDrive/Desktop/University/Course_Work/2025-2026/Spring_2026/ECE_410/ECE410/project/post_m3_Minor_Redesign/tb/tb_top.sv Line: 257

Time: 14775 ns Started: 14765 ns Scope: /tb_top/u_mon File: /run/media/sackb/Windows-SSD/Users/sackb/OneDrive/Desktop/University/Course_Work/2025-2026/Spring_2026/ECE_410/ECE410/project/post_m3_Minor_Redesign/tb/tb_top.sv Line:256
Error: AXI MONITOR: core_C changed while core is idle
Time: 14775 ns  Iteration: 0  Process: /tb_top/u_mon//tb_top/u_mon  Scope: tb_top.u_mon  File: /run/media/sackb/Windows-SSD/Users/sackb/OneDrive/Desktop/University/Course_Work/2025-2026/Spring_2026/ECE_410/ECE410/project/post_m3_Minor_Redesign/tb/tb_top.sv Line: 257

Time: 14785 ns Started: 14775 ns Scope: /tb_top/u_mon File: /run/media/sackb/Windows-SSD/Users/sackb/OneDrive/Desktop/University/Course_Work/2025-2026/Spring_2026/ECE_410/ECE410/project/post_m3_Minor_Redesign/tb/tb_top.sv Line:256
Error: AXI MONITOR: core_C changed while core is idle
Time: 14785 ns  Iteration: 0  Process: /tb_top/u_mon//tb_top/u_mon  Scope: tb_top.u_mon  File: /run/media/sackb/Windows-SSD/Users/sackb/OneDrive/Desktop/University/Course_Work/2025-2026/Spring_2026/ECE_410/ECE410/project/post_m3_Minor_Redesign/tb/tb_top.sv Line: 257

Time: 14795 ns Started: 14785 ns Scope: /tb_top/u_mon File: /run/media/sackb/Windows-SSD/Users/sackb/OneDrive/Desktop/University/Course_Work/2025-2026/Spring_2026/ECE_410/ECE410/project/post_m3_Minor_Redesign/tb/tb_top.sv Line:256
Error: AXI MONITOR: core_C changed while core is idle
Time: 14795 ns  Iteration: 0  Process: /tb_top/u_mon//tb_top/u_mon  Scope: tb_top.u_mon  File: /run/media/sackb/Windows-SSD/Users/sackb/OneDrive/Desktop/University/Course_Work/2025-2026/Spring_2026/ECE_410/ECE410/project/post_m3_Minor_Redesign/tb/tb_top.sv Line: 257

Time: 14805 ns Started: 14795 ns Scope: /tb_top/u_mon File: /run/media/sackb/Windows-SSD/Users/sackb/OneDrive/Desktop/University/Course_Work/2025-2026/Spring_2026/ECE_410/ECE410/project/post_m3_Minor_Redesign/tb/tb_top.sv Line:256
Error: AXI MONITOR: core_C changed while core is idle
Time: 14805 ns  Iteration: 0  Process: /tb_top/u_mon//tb_top/u_mon  Scope: tb_top.u_mon  File: /run/media/sackb/Windows-SSD/Users/sackb/OneDrive/Desktop/University/Course_Work/2025-2026/Spring_2026/ECE_410/ECE410/project/post_m3_Minor_Redesign/tb/tb_top.sv Line: 257

Time: 14815 ns Started: 14805 ns Scope: /tb_top/u_mon File: /run/media/sackb/Windows-SSD/Users/sackb/OneDrive/Desktop/University/Course_Work/2025-2026/Spring_2026/ECE_410/ECE410/project/post_m3_Minor_Redesign/tb/tb_top.sv Line:256
Error: AXI MONITOR: core_C changed while core is idle
Time: 14815 ns  Iteration: 0  Process: /tb_top/u_mon//tb_top/u_mon  Scope: tb_top.u_mon  File: /run/media/sackb/Windows-SSD/Users/sackb/OneDrive/Desktop/University/Course_Work/2025-2026/Spring_2026/ECE_410/ECE410/project/post_m3_Minor_Redesign/tb/tb_top.sv Line: 257

Time: 14825 ns Started: 14815 ns Scope: /tb_top/u_mon File: /run/media/sackb/Windows-SSD/Users/sackb/OneDrive/Desktop/University/Course_Work/2025-2026/Spring_2026/ECE_410/ECE410/project/post_m3_Minor_Redesign/tb/tb_top.sv Line:256
Error: AXI MONITOR: core_C changed while core is idle
Time: 14825 ns  Iteration: 0  Process: /tb_top/u_mon//tb_top/u_mon  Scope: tb_top.u_mon  File: /run/media/sackb/Windows-SSD/Users/sackb/OneDrive/Desktop/University/Course_Work/2025-2026/Spring_2026/ECE_410/ECE410/project/post_m3_Minor_Redesign/tb/tb_top.sv Line: 257

Time: 14835 ns Started: 14825 ns Scope: /tb_top/u_mon File: /run/media/sackb/Windows-SSD/Users/sackb/OneDrive/Desktop/University/Course_Work/2025-2026/Spring_2026/ECE_410/ECE410/project/post_m3_Minor_Redesign/tb/tb_top.sv Line:256
Error: AXI MONITOR: core_C changed while core is idle
Time: 14835 ns  Iteration: 0  Process: /tb_top/u_mon//tb_top/u_mon  Scope: tb_top.u_mon  File: /run/media/sackb/Windows-SSD/Users/sackb/OneDrive/Desktop/University/Course_Work/2025-2026/Spring_2026/ECE_410/ECE410/project/post_m3_Minor_Redesign/tb/tb_top.sv Line: 257

Time: 14845 ns Started: 14835 ns Scope: /tb_top/u_mon File: /run/media/sackb/Windows-SSD/Users/sackb/OneDrive/Desktop/University/Course_Work/2025-2026/Spring_2026/ECE_410/ECE410/project/post_m3_Minor_Redesign/tb/tb_top.sv Line:256
Error: AXI MONITOR: core_C changed while core is idle
Time: 14845 ns  Iteration: 0  Process: /tb_top/u_mon//tb_top/u_mon  Scope: tb_top.u_mon  File: /run/media/sackb/Windows-SSD/Users/sackb/OneDrive/Desktop/University/Course_Work/2025-2026/Spring_2026/ECE_410/ECE410/project/post_m3_Minor_Redesign/tb/tb_top.sv Line: 257

Time: 14855 ns Started: 14845 ns Scope: /tb_top/u_mon File: /run/media/sackb/Windows-SSD/Users/sackb/OneDrive/Desktop/University/Course_Work/2025-2026/Spring_2026/ECE_410/ECE410/project/post_m3_Minor_Redesign/tb/tb_top.sv Line:256
Error: AXI MONITOR: core_C changed while core is idle
Time: 14855 ns  Iteration: 0  Process: /tb_top/u_mon//tb_top/u_mon  Scope: tb_top.u_mon  File: /run/media/sackb/Windows-SSD/Users/sackb/OneDrive/Desktop/University/Course_Work/2025-2026/Spring_2026/ECE_410/ECE410/project/post_m3_Minor_Redesign/tb/tb_top.sv Line: 257

Time: 14865 ns Started: 14855 ns Scope: /tb_top/u_mon File: /run/media/sackb/Windows-SSD/Users/sackb/OneDrive/Desktop/University/Course_Work/2025-2026/Spring_2026/ECE_410/ECE410/project/post_m3_Minor_Redesign/tb/tb_top.sv Line:256
Error: AXI MONITOR: core_C changed while core is idle
Time: 14865 ns  Iteration: 0  Process: /tb_top/u_mon//tb_top/u_mon  Scope: tb_top.u_mon  File: /run/media/sackb/Windows-SSD/Users/sackb/OneDrive/Desktop/University/Course_Work/2025-2026/Spring_2026/ECE_410/ECE410/project/post_m3_Minor_Redesign/tb/tb_top.sv Line: 257

Time: 14875 ns Started: 14865 ns Scope: /tb_top/u_mon File: /run/media/sackb/Windows-SSD/Users/sackb/OneDrive/Desktop/University/Course_Work/2025-2026/Spring_2026/ECE_410/ECE410/project/post_m3_Minor_Redesign/tb/tb_top.sv Line:256
Error: AXI MONITOR: core_C changed while core is idle
Time: 14875 ns  Iteration: 0  Process: /tb_top/u_mon//tb_top/u_mon  Scope: tb_top.u_mon  File: /run/media/sackb/Windows-SSD/Users/sackb/OneDrive/Desktop/University/Course_Work/2025-2026/Spring_2026/ECE_410/ECE410/project/post_m3_Minor_Redesign/tb/tb_top.sv Line: 257

Time: 14885 ns Started: 14875 ns Scope: /tb_top/u_mon File: /run/media/sackb/Windows-SSD/Users/sackb/OneDrive/Desktop/University/Course_Work/2025-2026/Spring_2026/ECE_410/ECE410/project/post_m3_Minor_Redesign/tb/tb_top.sv Line:256
Error: AXI MONITOR: core_C changed while core is idle
Time: 14885 ns  Iteration: 0  Process: /tb_top/u_mon//tb_top/u_mon  Scope: tb_top.u_mon  File: /run/media/sackb/Windows-SSD/Users/sackb/OneDrive/Desktop/University/Course_Work/2025-2026/Spring_2026/ECE_410/ECE410/project/post_m3_Minor_Redesign/tb/tb_top.sv Line: 257

Time: 14895 ns Started: 14885 ns Scope: /tb_top/u_mon File: /run/media/sackb/Windows-SSD/Users/sackb/OneDrive/Desktop/University/Course_Work/2025-2026/Spring_2026/ECE_410/ECE410/project/post_m3_Minor_Redesign/tb/tb_top.sv Line:256
Error: AXI MONITOR: core_C changed while core is idle
Time: 14895 ns  Iteration: 0  Process: /tb_top/u_mon//tb_top/u_mon  Scope: tb_top.u_mon  File: /run/media/sackb/Windows-SSD/Users/sackb/OneDrive/Desktop/University/Course_Work/2025-2026/Spring_2026/ECE_410/ECE410/project/post_m3_Minor_Redesign/tb/tb_top.sv Line: 257

Time: 14905 ns Started: 14895 ns Scope: /tb_top/u_mon File: /run/media/sackb/Windows-SSD/Users/sackb/OneDrive/Desktop/University/Course_Work/2025-2026/Spring_2026/ECE_410/ECE410/project/post_m3_Minor_Redesign/tb/tb_top.sv Line:256
Error: AXI MONITOR: core_C changed while core is idle
Time: 14905 ns  Iteration: 0  Process: /tb_top/u_mon//tb_top/u_mon  Scope: tb_top.u_mon  File: /run/media/sackb/Windows-SSD/Users/sackb/OneDrive/Desktop/University/Course_Work/2025-2026/Spring_2026/ECE_410/ECE410/project/post_m3_Minor_Redesign/tb/tb_top.sv Line: 257

Time: 14915 ns Started: 14905 ns Scope: /tb_top/u_mon File: /run/media/sackb/Windows-SSD/Users/sackb/OneDrive/Desktop/University/Course_Work/2025-2026/Spring_2026/ECE_410/ECE410/project/post_m3_Minor_Redesign/tb/tb_top.sv Line:256
Error: AXI MONITOR: core_C changed while core is idle
Time: 14915 ns  Iteration: 0  Process: /tb_top/u_mon//tb_top/u_mon  Scope: tb_top.u_mon  File: /run/media/sackb/Windows-SSD/Users/sackb/OneDrive/Desktop/University/Course_Work/2025-2026/Spring_2026/ECE_410/ECE410/project/post_m3_Minor_Redesign/tb/tb_top.sv Line: 257

Time: 14925 ns Started: 14915 ns Scope: /tb_top/u_mon File: /run/media/sackb/Windows-SSD/Users/sackb/OneDrive/Desktop/University/Course_Work/2025-2026/Spring_2026/ECE_410/ECE410/project/post_m3_Minor_Redesign/tb/tb_top.sv Line:256
Error: AXI MONITOR: core_C changed while core is idle
Time: 14925 ns  Iteration: 0  Process: /tb_top/u_mon//tb_top/u_mon  Scope: tb_top.u_mon  File: /run/media/sackb/Windows-SSD/Users/sackb/OneDrive/Desktop/University/Course_Work/2025-2026/Spring_2026/ECE_410/ECE410/project/post_m3_Minor_Redesign/tb/tb_top.sv Line: 257

Time: 14935 ns Started: 14925 ns Scope: /tb_top/u_mon File: /run/media/sackb/Windows-SSD/Users/sackb/OneDrive/Desktop/University/Course_Work/2025-2026/Spring_2026/ECE_410/ECE410/project/post_m3_Minor_Redesign/tb/tb_top.sv Line:256
Error: AXI MONITOR: core_C changed while core is idle
Time: 14935 ns  Iteration: 0  Process: /tb_top/u_mon//tb_top/u_mon  Scope: tb_top.u_mon  File: /run/media/sackb/Windows-SSD/Users/sackb/OneDrive/Desktop/University/Course_Work/2025-2026/Spring_2026/ECE_410/ECE410/project/post_m3_Minor_Redesign/tb/tb_top.sv Line: 257

Time: 14945 ns Started: 14935 ns Scope: /tb_top/u_mon File: /run/media/sackb/Windows-SSD/Users/sackb/OneDrive/Desktop/University/Course_Work/2025-2026/Spring_2026/ECE_410/ECE410/project/post_m3_Minor_Redesign/tb/tb_top.sv Line:256
Error: AXI MONITOR: core_C changed while core is idle
Time: 14945 ns  Iteration: 0  Process: /tb_top/u_mon//tb_top/u_mon  Scope: tb_top.u_mon  File: /run/media/sackb/Windows-SSD/Users/sackb/OneDrive/Desktop/University/Course_Work/2025-2026/Spring_2026/ECE_410/ECE410/project/post_m3_Minor_Redesign/tb/tb_top.sv Line: 257

Time: 14955 ns Started: 14945 ns Scope: /tb_top/u_mon File: /run/media/sackb/Windows-SSD/Users/sackb/OneDrive/Desktop/University/Course_Work/2025-2026/Spring_2026/ECE_410/ECE410/project/post_m3_Minor_Redesign/tb/tb_top.sv Line:256
Error: AXI MONITOR: core_C changed while core is idle
Time: 14955 ns  Iteration: 0  Process: /tb_top/u_mon//tb_top/u_mon  Scope: tb_top.u_mon  File: /run/media/sackb/Windows-SSD/Users/sackb/OneDrive/Desktop/University/Course_Work/2025-2026/Spring_2026/ECE_410/ECE410/project/post_m3_Minor_Redesign/tb/tb_top.sv Line: 257

Time: 14965 ns Started: 14955 ns Scope: /tb_top/u_mon File: /run/media/sackb/Windows-SSD/Users/sackb/OneDrive/Desktop/University/Course_Work/2025-2026/Spring_2026/ECE_410/ECE410/project/post_m3_Minor_Redesign/tb/tb_top.sv Line:256
Error: AXI MONITOR: core_C changed while core is idle
Time: 14965 ns  Iteration: 0  Process: /tb_top/u_mon//tb_top/u_mon  Scope: tb_top.u_mon  File: /run/media/sackb/Windows-SSD/Users/sackb/OneDrive/Desktop/University/Course_Work/2025-2026/Spring_2026/ECE_410/ECE410/project/post_m3_Minor_Redesign/tb/tb_top.sv Line: 257

Time: 14975 ns Started: 14965 ns Scope: /tb_top/u_mon File: /run/media/sackb/Windows-SSD/Users/sackb/OneDrive/Desktop/University/Course_Work/2025-2026/Spring_2026/ECE_410/ECE410/project/post_m3_Minor_Redesign/tb/tb_top.sv Line:256
Error: AXI MONITOR: core_C changed while core is idle
Time: 14975 ns  Iteration: 0  Process: /tb_top/u_mon//tb_top/u_mon  Scope: tb_top.u_mon  File: /run/media/sackb/Windows-SSD/Users/sackb/OneDrive/Desktop/University/Course_Work/2025-2026/Spring_2026/ECE_410/ECE410/project/post_m3_Minor_Redesign/tb/tb_top.sv Line: 257

Time: 14985 ns Started: 14975 ns Scope: /tb_top/u_mon File: /run/media/sackb/Windows-SSD/Users/sackb/OneDrive/Desktop/University/Course_Work/2025-2026/Spring_2026/ECE_410/ECE410/project/post_m3_Minor_Redesign/tb/tb_top.sv Line:256
Error: AXI MONITOR: core_C changed while core is idle
Time: 14985 ns  Iteration: 0  Process: /tb_top/u_mon//tb_top/u_mon  Scope: tb_top.u_mon  File: /run/media/sackb/Windows-SSD/Users/sackb/OneDrive/Desktop/University/Course_Work/2025-2026/Spring_2026/ECE_410/ECE410/project/post_m3_Minor_Redesign/tb/tb_top.sv Line: 257

Time: 14995 ns Started: 14985 ns Scope: /tb_top/u_mon File: /run/media/sackb/Windows-SSD/Users/sackb/OneDrive/Desktop/University/Course_Work/2025-2026/Spring_2026/ECE_410/ECE410/project/post_m3_Minor_Redesign/tb/tb_top.sv Line:256
Error: AXI MONITOR: core_C changed while core is idle
Time: 14995 ns  Iteration: 0  Process: /tb_top/u_mon//tb_top/u_mon  Scope: tb_top.u_mon  File: /run/media/sackb/Windows-SSD/Users/sackb/OneDrive/Desktop/University/Course_Work/2025-2026/Spring_2026/ECE_410/ECE410/project/post_m3_Minor_Redesign/tb/tb_top.sv Line: 257

Time: 15005 ns Started: 14995 ns Scope: /tb_top/u_mon File: /run/media/sackb/Windows-SSD/Users/sackb/OneDrive/Desktop/University/Course_Work/2025-2026/Spring_2026/ECE_410/ECE410/project/post_m3_Minor_Redesign/tb/tb_top.sv Line:256
Error: AXI MONITOR: core_C changed while core is idle
Time: 15005 ns  Iteration: 0  Process: /tb_top/u_mon//tb_top/u_mon  Scope: tb_top.u_mon  File: /run/media/sackb/Windows-SSD/Users/sackb/OneDrive/Desktop/University/Course_Work/2025-2026/Spring_2026/ECE_410/ECE410/project/post_m3_Minor_Redesign/tb/tb_top.sv Line: 257

Time: 15015 ns Started: 15005 ns Scope: /tb_top/u_mon File: /run/media/sackb/Windows-SSD/Users/sackb/OneDrive/Desktop/University/Course_Work/2025-2026/Spring_2026/ECE_410/ECE410/project/post_m3_Minor_Redesign/tb/tb_top.sv Line:256
Error: AXI MONITOR: core_C changed while core is idle
Time: 15015 ns  Iteration: 0  Process: /tb_top/u_mon//tb_top/u_mon  Scope: tb_top.u_mon  File: /run/media/sackb/Windows-SSD/Users/sackb/OneDrive/Desktop/University/Course_Work/2025-2026/Spring_2026/ECE_410/ECE410/project/post_m3_Minor_Redesign/tb/tb_top.sv Line: 257

Time: 15025 ns Started: 15015 ns Scope: /tb_top/u_mon File: /run/media/sackb/Windows-SSD/Users/sackb/OneDrive/Desktop/University/Course_Work/2025-2026/Spring_2026/ECE_410/ECE410/project/post_m3_Minor_Redesign/tb/tb_top.sv Line:256
Error: AXI MONITOR: core_C changed while core is idle
Time: 15025 ns  Iteration: 0  Process: /tb_top/u_mon//tb_top/u_mon  Scope: tb_top.u_mon  File: /run/media/sackb/Windows-SSD/Users/sackb/OneDrive/Desktop/University/Course_Work/2025-2026/Spring_2026/ECE_410/ECE410/project/post_m3_Minor_Redesign/tb/tb_top.sv Line: 257

Time: 15035 ns Started: 15025 ns Scope: /tb_top/u_mon File: /run/media/sackb/Windows-SSD/Users/sackb/OneDrive/Desktop/University/Course_Work/2025-2026/Spring_2026/ECE_410/ECE410/project/post_m3_Minor_Redesign/tb/tb_top.sv Line:256
Error: AXI MONITOR: core_C changed while core is idle
Time: 15035 ns  Iteration: 0  Process: /tb_top/u_mon//tb_top/u_mon  Scope: tb_top.u_mon  File: /run/media/sackb/Windows-SSD/Users/sackb/OneDrive/Desktop/University/Course_Work/2025-2026/Spring_2026/ECE_410/ECE410/project/post_m3_Minor_Redesign/tb/tb_top.sv Line: 257

Time: 15045 ns Started: 15035 ns Scope: /tb_top/u_mon File: /run/media/sackb/Windows-SSD/Users/sackb/OneDrive/Desktop/University/Course_Work/2025-2026/Spring_2026/ECE_410/ECE410/project/post_m3_Minor_Redesign/tb/tb_top.sv Line:256
Error: AXI MONITOR: core_C changed while core is idle
Time: 15045 ns  Iteration: 0  Process: /tb_top/u_mon//tb_top/u_mon  Scope: tb_top.u_mon  File: /run/media/sackb/Windows-SSD/Users/sackb/OneDrive/Desktop/University/Course_Work/2025-2026/Spring_2026/ECE_410/ECE410/project/post_m3_Minor_Redesign/tb/tb_top.sv Line: 257

Time: 15055 ns Started: 15045 ns Scope: /tb_top/u_mon File: /run/media/sackb/Windows-SSD/Users/sackb/OneDrive/Desktop/University/Course_Work/2025-2026/Spring_2026/ECE_410/ECE410/project/post_m3_Minor_Redesign/tb/tb_top.sv Line:256
Error: AXI MONITOR: core_C changed while core is idle
Time: 15055 ns  Iteration: 0  Process: /tb_top/u_mon//tb_top/u_mon  Scope: tb_top.u_mon  File: /run/media/sackb/Windows-SSD/Users/sackb/OneDrive/Desktop/University/Course_Work/2025-2026/Spring_2026/ECE_410/ECE410/project/post_m3_Minor_Redesign/tb/tb_top.sv Line: 257

Time: 15065 ns Started: 15055 ns Scope: /tb_top/u_mon File: /run/media/sackb/Windows-SSD/Users/sackb/OneDrive/Desktop/University/Course_Work/2025-2026/Spring_2026/ECE_410/ECE410/project/post_m3_Minor_Redesign/tb/tb_top.sv Line:256
Error: AXI MONITOR: core_C changed while core is idle
Time: 15065 ns  Iteration: 0  Process: /tb_top/u_mon//tb_top/u_mon  Scope: tb_top.u_mon  File: /run/media/sackb/Windows-SSD/Users/sackb/OneDrive/Desktop/University/Course_Work/2025-2026/Spring_2026/ECE_410/ECE410/project/post_m3_Minor_Redesign/tb/tb_top.sv Line: 257

Time: 15075 ns Started: 15065 ns Scope: /tb_top/u_mon File: /run/media/sackb/Windows-SSD/Users/sackb/OneDrive/Desktop/University/Course_Work/2025-2026/Spring_2026/ECE_410/ECE410/project/post_m3_Minor_Redesign/tb/tb_top.sv Line:256
Error: AXI MONITOR: core_C changed while core is idle
Time: 15075 ns  Iteration: 0  Process: /tb_top/u_mon//tb_top/u_mon  Scope: tb_top.u_mon  File: /run/media/sackb/Windows-SSD/Users/sackb/OneDrive/Desktop/University/Course_Work/2025-2026/Spring_2026/ECE_410/ECE410/project/post_m3_Minor_Redesign/tb/tb_top.sv Line: 257

Time: 15085 ns Started: 15075 ns Scope: /tb_top/u_mon File: /run/media/sackb/Windows-SSD/Users/sackb/OneDrive/Desktop/University/Course_Work/2025-2026/Spring_2026/ECE_410/ECE410/project/post_m3_Minor_Redesign/tb/tb_top.sv Line:256
Error: AXI MONITOR: core_C changed while core is idle
Time: 15085 ns  Iteration: 0  Process: /tb_top/u_mon//tb_top/u_mon  Scope: tb_top.u_mon  File: /run/media/sackb/Windows-SSD/Users/sackb/OneDrive/Desktop/University/Course_Work/2025-2026/Spring_2026/ECE_410/ECE410/project/post_m3_Minor_Redesign/tb/tb_top.sv Line: 257

Time: 15095 ns Started: 15085 ns Scope: /tb_top/u_mon File: /run/media/sackb/Windows-SSD/Users/sackb/OneDrive/Desktop/University/Course_Work/2025-2026/Spring_2026/ECE_410/ECE410/project/post_m3_Minor_Redesign/tb/tb_top.sv Line:256
Error: AXI MONITOR: core_C changed while core is idle
Time: 15095 ns  Iteration: 0  Process: /tb_top/u_mon//tb_top/u_mon  Scope: tb_top.u_mon  File: /run/media/sackb/Windows-SSD/Users/sackb/OneDrive/Desktop/University/Course_Work/2025-2026/Spring_2026/ECE_410/ECE410/project/post_m3_Minor_Redesign/tb/tb_top.sv Line: 257

Time: 15105 ns Started: 15095 ns Scope: /tb_top/u_mon File: /run/media/sackb/Windows-SSD/Users/sackb/OneDrive/Desktop/University/Course_Work/2025-2026/Spring_2026/ECE_410/ECE410/project/post_m3_Minor_Redesign/tb/tb_top.sv Line:256
Error: AXI MONITOR: core_C changed while core is idle
Time: 15105 ns  Iteration: 0  Process: /tb_top/u_mon//tb_top/u_mon  Scope: tb_top.u_mon  File: /run/media/sackb/Windows-SSD/Users/sackb/OneDrive/Desktop/University/Course_Work/2025-2026/Spring_2026/ECE_410/ECE410/project/post_m3_Minor_Redesign/tb/tb_top.sv Line: 257

Time: 15115 ns Started: 15105 ns Scope: /tb_top/u_mon File: /run/media/sackb/Windows-SSD/Users/sackb/OneDrive/Desktop/University/Course_Work/2025-2026/Spring_2026/ECE_410/ECE410/project/post_m3_Minor_Redesign/tb/tb_top.sv Line:256
Error: AXI MONITOR: core_C changed while core is idle
Time: 15115 ns  Iteration: 0  Process: /tb_top/u_mon//tb_top/u_mon  Scope: tb_top.u_mon  File: /run/media/sackb/Windows-SSD/Users/sackb/OneDrive/Desktop/University/Course_Work/2025-2026/Spring_2026/ECE_410/ECE410/project/post_m3_Minor_Redesign/tb/tb_top.sv Line: 257

Time: 15125 ns Started: 15115 ns Scope: /tb_top/u_mon File: /run/media/sackb/Windows-SSD/Users/sackb/OneDrive/Desktop/University/Course_Work/2025-2026/Spring_2026/ECE_410/ECE410/project/post_m3_Minor_Redesign/tb/tb_top.sv Line:256
Error: AXI MONITOR: core_C changed while core is idle
Time: 15125 ns  Iteration: 0  Process: /tb_top/u_mon//tb_top/u_mon  Scope: tb_top.u_mon  File: /run/media/sackb/Windows-SSD/Users/sackb/OneDrive/Desktop/University/Course_Work/2025-2026/Spring_2026/ECE_410/ECE410/project/post_m3_Minor_Redesign/tb/tb_top.sv Line: 257

Time: 15135 ns Started: 15125 ns Scope: /tb_top/u_mon File: /run/media/sackb/Windows-SSD/Users/sackb/OneDrive/Desktop/University/Course_Work/2025-2026/Spring_2026/ECE_410/ECE410/project/post_m3_Minor_Redesign/tb/tb_top.sv Line:256
Error: AXI MONITOR: core_C changed while core is idle
Time: 15135 ns  Iteration: 0  Process: /tb_top/u_mon//tb_top/u_mon  Scope: tb_top.u_mon  File: /run/media/sackb/Windows-SSD/Users/sackb/OneDrive/Desktop/University/Course_Work/2025-2026/Spring_2026/ECE_410/ECE410/project/post_m3_Minor_Redesign/tb/tb_top.sv Line: 257

Time: 15145 ns Started: 15135 ns Scope: /tb_top/u_mon File: /run/media/sackb/Windows-SSD/Users/sackb/OneDrive/Desktop/University/Course_Work/2025-2026/Spring_2026/ECE_410/ECE410/project/post_m3_Minor_Redesign/tb/tb_top.sv Line:256
Error: AXI MONITOR: core_C changed while core is idle
Time: 15145 ns  Iteration: 0  Process: /tb_top/u_mon//tb_top/u_mon  Scope: tb_top.u_mon  File: /run/media/sackb/Windows-SSD/Users/sackb/OneDrive/Desktop/University/Course_Work/2025-2026/Spring_2026/ECE_410/ECE410/project/post_m3_Minor_Redesign/tb/tb_top.sv Line: 257

Time: 15155 ns Started: 15145 ns Scope: /tb_top/u_mon File: /run/media/sackb/Windows-SSD/Users/sackb/OneDrive/Desktop/University/Course_Work/2025-2026/Spring_2026/ECE_410/ECE410/project/post_m3_Minor_Redesign/tb/tb_top.sv Line:256
Error: AXI MONITOR: core_C changed while core is idle
Time: 15155 ns  Iteration: 0  Process: /tb_top/u_mon//tb_top/u_mon  Scope: tb_top.u_mon  File: /run/media/sackb/Windows-SSD/Users/sackb/OneDrive/Desktop/University/Course_Work/2025-2026/Spring_2026/ECE_410/ECE410/project/post_m3_Minor_Redesign/tb/tb_top.sv Line: 257

Time: 15165 ns Started: 15155 ns Scope: /tb_top/u_mon File: /run/media/sackb/Windows-SSD/Users/sackb/OneDrive/Desktop/University/Course_Work/2025-2026/Spring_2026/ECE_410/ECE410/project/post_m3_Minor_Redesign/tb/tb_top.sv Line:256
Error: AXI MONITOR: core_C changed while core is idle
Time: 15165 ns  Iteration: 0  Process: /tb_top/u_mon//tb_top/u_mon  Scope: tb_top.u_mon  File: /run/media/sackb/Windows-SSD/Users/sackb/OneDrive/Desktop/University/Course_Work/2025-2026/Spring_2026/ECE_410/ECE410/project/post_m3_Minor_Redesign/tb/tb_top.sv Line: 257

Time: 15175 ns Started: 15165 ns Scope: /tb_top/u_mon File: /run/media/sackb/Windows-SSD/Users/sackb/OneDrive/Desktop/University/Course_Work/2025-2026/Spring_2026/ECE_410/ECE410/project/post_m3_Minor_Redesign/tb/tb_top.sv Line:256
Error: AXI MONITOR: core_C changed while core is idle
Time: 15175 ns  Iteration: 0  Process: /tb_top/u_mon//tb_top/u_mon  Scope: tb_top.u_mon  File: /run/media/sackb/Windows-SSD/Users/sackb/OneDrive/Desktop/University/Course_Work/2025-2026/Spring_2026/ECE_410/ECE410/project/post_m3_Minor_Redesign/tb/tb_top.sv Line: 257

Time: 15185 ns Started: 15175 ns Scope: /tb_top/u_mon File: /run/media/sackb/Windows-SSD/Users/sackb/OneDrive/Desktop/University/Course_Work/2025-2026/Spring_2026/ECE_410/ECE410/project/post_m3_Minor_Redesign/tb/tb_top.sv Line:256
Error: AXI MONITOR: core_C changed while core is idle
Time: 15185 ns  Iteration: 0  Process: /tb_top/u_mon//tb_top/u_mon  Scope: tb_top.u_mon  File: /run/media/sackb/Windows-SSD/Users/sackb/OneDrive/Desktop/University/Course_Work/2025-2026/Spring_2026/ECE_410/ECE410/project/post_m3_Minor_Redesign/tb/tb_top.sv Line: 257

Time: 15195 ns Started: 15185 ns Scope: /tb_top/u_mon File: /run/media/sackb/Windows-SSD/Users/sackb/OneDrive/Desktop/University/Course_Work/2025-2026/Spring_2026/ECE_410/ECE410/project/post_m3_Minor_Redesign/tb/tb_top.sv Line:256
Error: AXI MONITOR: core_C changed while core is idle
Time: 15195 ns  Iteration: 0  Process: /tb_top/u_mon//tb_top/u_mon  Scope: tb_top.u_mon  File: /run/media/sackb/Windows-SSD/Users/sackb/OneDrive/Desktop/University/Course_Work/2025-2026/Spring_2026/ECE_410/ECE410/project/post_m3_Minor_Redesign/tb/tb_top.sv Line: 257

Time: 15645 ns Started: 15635 ns Scope: /tb_top/u_mon File: /run/media/sackb/Windows-SSD/Users/sackb/OneDrive/Desktop/University/Course_Work/2025-2026/Spring_2026/ECE_410/ECE410/project/post_m3_Minor_Redesign/tb/tb_top.sv Line:256
Error: AXI MONITOR: core_C changed while core is idle
Time: 15645 ns  Iteration: 0  Process: /tb_top/u_mon//tb_top/u_mon  Scope: tb_top.u_mon  File: /run/media/sackb/Windows-SSD/Users/sackb/OneDrive/Desktop/University/Course_Work/2025-2026/Spring_2026/ECE_410/ECE410/project/post_m3_Minor_Redesign/tb/tb_top.sv Line: 257

Time: 15655 ns Started: 15645 ns Scope: /tb_top/u_mon File: /run/media/sackb/Windows-SSD/Users/sackb/OneDrive/Desktop/University/Course_Work/2025-2026/Spring_2026/ECE_410/ECE410/project/post_m3_Minor_Redesign/tb/tb_top.sv Line:256
Error: AXI MONITOR: core_C changed while core is idle
Time: 15655 ns  Iteration: 0  Process: /tb_top/u_mon//tb_top/u_mon  Scope: tb_top.u_mon  File: /run/media/sackb/Windows-SSD/Users/sackb/OneDrive/Desktop/University/Course_Work/2025-2026/Spring_2026/ECE_410/ECE410/project/post_m3_Minor_Redesign/tb/tb_top.sv Line: 257

Time: 15665 ns Started: 15655 ns Scope: /tb_top/u_mon File: /run/media/sackb/Windows-SSD/Users/sackb/OneDrive/Desktop/University/Course_Work/2025-2026/Spring_2026/ECE_410/ECE410/project/post_m3_Minor_Redesign/tb/tb_top.sv Line:256
Error: AXI MONITOR: core_C changed while core is idle
Time: 15665 ns  Iteration: 0  Process: /tb_top/u_mon//tb_top/u_mon  Scope: tb_top.u_mon  File: /run/media/sackb/Windows-SSD/Users/sackb/OneDrive/Desktop/University/Course_Work/2025-2026/Spring_2026/ECE_410/ECE410/project/post_m3_Minor_Redesign/tb/tb_top.sv Line: 257

Time: 15675 ns Started: 15665 ns Scope: /tb_top/u_mon File: /run/media/sackb/Windows-SSD/Users/sackb/OneDrive/Desktop/University/Course_Work/2025-2026/Spring_2026/ECE_410/ECE410/project/post_m3_Minor_Redesign/tb/tb_top.sv Line:256
Error: AXI MONITOR: core_C changed while core is idle
Time: 15675 ns  Iteration: 0  Process: /tb_top/u_mon//tb_top/u_mon  Scope: tb_top.u_mon  File: /run/media/sackb/Windows-SSD/Users/sackb/OneDrive/Desktop/University/Course_Work/2025-2026/Spring_2026/ECE_410/ECE410/project/post_m3_Minor_Redesign/tb/tb_top.sv Line: 257

Time: 15685 ns Started: 15675 ns Scope: /tb_top/u_mon File: /run/media/sackb/Windows-SSD/Users/sackb/OneDrive/Desktop/University/Course_Work/2025-2026/Spring_2026/ECE_410/ECE410/project/post_m3_Minor_Redesign/tb/tb_top.sv Line:256
Error: AXI MONITOR: core_C changed while core is idle
Time: 15685 ns  Iteration: 0  Process: /tb_top/u_mon//tb_top/u_mon  Scope: tb_top.u_mon  File: /run/media/sackb/Windows-SSD/Users/sackb/OneDrive/Desktop/University/Course_Work/2025-2026/Spring_2026/ECE_410/ECE410/project/post_m3_Minor_Redesign/tb/tb_top.sv Line: 257

Time: 15695 ns Started: 15685 ns Scope: /tb_top/u_mon File: /run/media/sackb/Windows-SSD/Users/sackb/OneDrive/Desktop/University/Course_Work/2025-2026/Spring_2026/ECE_410/ECE410/project/post_m3_Minor_Redesign/tb/tb_top.sv Line:256
Error: AXI MONITOR: core_C changed while core is idle
Time: 15695 ns  Iteration: 0  Process: /tb_top/u_mon//tb_top/u_mon  Scope: tb_top.u_mon  File: /run/media/sackb/Windows-SSD/Users/sackb/OneDrive/Desktop/University/Course_Work/2025-2026/Spring_2026/ECE_410/ECE410/project/post_m3_Minor_Redesign/tb/tb_top.sv Line: 257

Time: 15705 ns Started: 15695 ns Scope: /tb_top/u_mon File: /run/media/sackb/Windows-SSD/Users/sackb/OneDrive/Desktop/University/Course_Work/2025-2026/Spring_2026/ECE_410/ECE410/project/post_m3_Minor_Redesign/tb/tb_top.sv Line:256
Error: AXI MONITOR: core_C changed while core is idle
Time: 15705 ns  Iteration: 0  Process: /tb_top/u_mon//tb_top/u_mon  Scope: tb_top.u_mon  File: /run/media/sackb/Windows-SSD/Users/sackb/OneDrive/Desktop/University/Course_Work/2025-2026/Spring_2026/ECE_410/ECE410/project/post_m3_Minor_Redesign/tb/tb_top.sv Line: 257

Time: 15715 ns Started: 15705 ns Scope: /tb_top/u_mon File: /run/media/sackb/Windows-SSD/Users/sackb/OneDrive/Desktop/University/Course_Work/2025-2026/Spring_2026/ECE_410/ECE410/project/post_m3_Minor_Redesign/tb/tb_top.sv Line:256
Error: AXI MONITOR: core_C changed while core is idle
Time: 15715 ns  Iteration: 0  Process: /tb_top/u_mon//tb_top/u_mon  Scope: tb_top.u_mon  File: /run/media/sackb/Windows-SSD/Users/sackb/OneDrive/Desktop/University/Course_Work/2025-2026/Spring_2026/ECE_410/ECE410/project/post_m3_Minor_Redesign/tb/tb_top.sv Line: 257

Time: 15725 ns Started: 15715 ns Scope: /tb_top/u_mon File: /run/media/sackb/Windows-SSD/Users/sackb/OneDrive/Desktop/University/Course_Work/2025-2026/Spring_2026/ECE_410/ECE410/project/post_m3_Minor_Redesign/tb/tb_top.sv Line:256
Error: AXI MONITOR: core_C changed while core is idle
Time: 15725 ns  Iteration: 0  Process: /tb_top/u_mon//tb_top/u_mon  Scope: tb_top.u_mon  File: /run/media/sackb/Windows-SSD/Users/sackb/OneDrive/Desktop/University/Course_Work/2025-2026/Spring_2026/ECE_410/ECE410/project/post_m3_Minor_Redesign/tb/tb_top.sv Line: 257

Time: 15735 ns Started: 15725 ns Scope: /tb_top/u_mon File: /run/media/sackb/Windows-SSD/Users/sackb/OneDrive/Desktop/University/Course_Work/2025-2026/Spring_2026/ECE_410/ECE410/project/post_m3_Minor_Redesign/tb/tb_top.sv Line:256
Error: AXI MONITOR: core_C changed while core is idle
Time: 15735 ns  Iteration: 0  Process: /tb_top/u_mon//tb_top/u_mon  Scope: tb_top.u_mon  File: /run/media/sackb/Windows-SSD/Users/sackb/OneDrive/Desktop/University/Course_Work/2025-2026/Spring_2026/ECE_410/ECE410/project/post_m3_Minor_Redesign/tb/tb_top.sv Line: 257

Time: 15745 ns Started: 15735 ns Scope: /tb_top/u_mon File: /run/media/sackb/Windows-SSD/Users/sackb/OneDrive/Desktop/University/Course_Work/2025-2026/Spring_2026/ECE_410/ECE410/project/post_m3_Minor_Redesign/tb/tb_top.sv Line:256
Error: AXI MONITOR: core_C changed while core is idle
Time: 15745 ns  Iteration: 0  Process: /tb_top/u_mon//tb_top/u_mon  Scope: tb_top.u_mon  File: /run/media/sackb/Windows-SSD/Users/sackb/OneDrive/Desktop/University/Course_Work/2025-2026/Spring_2026/ECE_410/ECE410/project/post_m3_Minor_Redesign/tb/tb_top.sv Line: 257

Time: 15755 ns Started: 15745 ns Scope: /tb_top/u_mon File: /run/media/sackb/Windows-SSD/Users/sackb/OneDrive/Desktop/University/Course_Work/2025-2026/Spring_2026/ECE_410/ECE410/project/post_m3_Minor_Redesign/tb/tb_top.sv Line:256
Error: AXI MONITOR: core_C changed while core is idle
Time: 15755 ns  Iteration: 0  Process: /tb_top/u_mon//tb_top/u_mon  Scope: tb_top.u_mon  File: /run/media/sackb/Windows-SSD/Users/sackb/OneDrive/Desktop/University/Course_Work/2025-2026/Spring_2026/ECE_410/ECE410/project/post_m3_Minor_Redesign/tb/tb_top.sv Line: 257

Time: 15765 ns Started: 15755 ns Scope: /tb_top/u_mon File: /run/media/sackb/Windows-SSD/Users/sackb/OneDrive/Desktop/University/Course_Work/2025-2026/Spring_2026/ECE_410/ECE410/project/post_m3_Minor_Redesign/tb/tb_top.sv Line:256
Error: AXI MONITOR: core_C changed while core is idle
Time: 15765 ns  Iteration: 0  Process: /tb_top/u_mon//tb_top/u_mon  Scope: tb_top.u_mon  File: /run/media/sackb/Windows-SSD/Users/sackb/OneDrive/Desktop/University/Course_Work/2025-2026/Spring_2026/ECE_410/ECE410/project/post_m3_Minor_Redesign/tb/tb_top.sv Line: 257

Time: 15775 ns Started: 15765 ns Scope: /tb_top/u_mon File: /run/media/sackb/Windows-SSD/Users/sackb/OneDrive/Desktop/University/Course_Work/2025-2026/Spring_2026/ECE_410/ECE410/project/post_m3_Minor_Redesign/tb/tb_top.sv Line:256
Error: AXI MONITOR: core_C changed while core is idle
Time: 15775 ns  Iteration: 0  Process: /tb_top/u_mon//tb_top/u_mon  Scope: tb_top.u_mon  File: /run/media/sackb/Windows-SSD/Users/sackb/OneDrive/Desktop/University/Course_Work/2025-2026/Spring_2026/ECE_410/ECE410/project/post_m3_Minor_Redesign/tb/tb_top.sv Line: 257

Time: 15785 ns Started: 15775 ns Scope: /tb_top/u_mon File: /run/media/sackb/Windows-SSD/Users/sackb/OneDrive/Desktop/University/Course_Work/2025-2026/Spring_2026/ECE_410/ECE410/project/post_m3_Minor_Redesign/tb/tb_top.sv Line:256
Error: AXI MONITOR: core_C changed while core is idle
Time: 15785 ns  Iteration: 0  Process: /tb_top/u_mon//tb_top/u_mon  Scope: tb_top.u_mon  File: /run/media/sackb/Windows-SSD/Users/sackb/OneDrive/Desktop/University/Course_Work/2025-2026/Spring_2026/ECE_410/ECE410/project/post_m3_Minor_Redesign/tb/tb_top.sv Line: 257

Time: 15795 ns Started: 15785 ns Scope: /tb_top/u_mon File: /run/media/sackb/Windows-SSD/Users/sackb/OneDrive/Desktop/University/Course_Work/2025-2026/Spring_2026/ECE_410/ECE410/project/post_m3_Minor_Redesign/tb/tb_top.sv Line:256
Error: AXI MONITOR: core_C changed while core is idle
Time: 15795 ns  Iteration: 0  Process: /tb_top/u_mon//tb_top/u_mon  Scope: tb_top.u_mon  File: /run/media/sackb/Windows-SSD/Users/sackb/OneDrive/Desktop/University/Course_Work/2025-2026/Spring_2026/ECE_410/ECE410/project/post_m3_Minor_Redesign/tb/tb_top.sv Line: 257

Time: 15805 ns Started: 15795 ns Scope: /tb_top/u_mon File: /run/media/sackb/Windows-SSD/Users/sackb/OneDrive/Desktop/University/Course_Work/2025-2026/Spring_2026/ECE_410/ECE410/project/post_m3_Minor_Redesign/tb/tb_top.sv Line:256
Error: AXI MONITOR: core_C changed while core is idle
Time: 15805 ns  Iteration: 0  Process: /tb_top/u_mon//tb_top/u_mon  Scope: tb_top.u_mon  File: /run/media/sackb/Windows-SSD/Users/sackb/OneDrive/Desktop/University/Course_Work/2025-2026/Spring_2026/ECE_410/ECE410/project/post_m3_Minor_Redesign/tb/tb_top.sv Line: 257

Time: 15815 ns Started: 15805 ns Scope: /tb_top/u_mon File: /run/media/sackb/Windows-SSD/Users/sackb/OneDrive/Desktop/University/Course_Work/2025-2026/Spring_2026/ECE_410/ECE410/project/post_m3_Minor_Redesign/tb/tb_top.sv Line:256
Error: AXI MONITOR: core_C changed while core is idle
Time: 15815 ns  Iteration: 0  Process: /tb_top/u_mon//tb_top/u_mon  Scope: tb_top.u_mon  File: /run/media/sackb/Windows-SSD/Users/sackb/OneDrive/Desktop/University/Course_Work/2025-2026/Spring_2026/ECE_410/ECE410/project/post_m3_Minor_Redesign/tb/tb_top.sv Line: 257

Time: 15825 ns Started: 15815 ns Scope: /tb_top/u_mon File: /run/media/sackb/Windows-SSD/Users/sackb/OneDrive/Desktop/University/Course_Work/2025-2026/Spring_2026/ECE_410/ECE410/project/post_m3_Minor_Redesign/tb/tb_top.sv Line:256
Error: AXI MONITOR: core_C changed while core is idle
Time: 15825 ns  Iteration: 0  Process: /tb_top/u_mon//tb_top/u_mon  Scope: tb_top.u_mon  File: /run/media/sackb/Windows-SSD/Users/sackb/OneDrive/Desktop/University/Course_Work/2025-2026/Spring_2026/ECE_410/ECE410/project/post_m3_Minor_Redesign/tb/tb_top.sv Line: 257

Time: 15835 ns Started: 15825 ns Scope: /tb_top/u_mon File: /run/media/sackb/Windows-SSD/Users/sackb/OneDrive/Desktop/University/Course_Work/2025-2026/Spring_2026/ECE_410/ECE410/project/post_m3_Minor_Redesign/tb/tb_top.sv Line:256
Error: AXI MONITOR: core_C changed while core is idle
Time: 15835 ns  Iteration: 0  Process: /tb_top/u_mon//tb_top/u_mon  Scope: tb_top.u_mon  File: /run/media/sackb/Windows-SSD/Users/sackb/OneDrive/Desktop/University/Course_Work/2025-2026/Spring_2026/ECE_410/ECE410/project/post_m3_Minor_Redesign/tb/tb_top.sv Line: 257

Time: 15845 ns Started: 15835 ns Scope: /tb_top/u_mon File: /run/media/sackb/Windows-SSD/Users/sackb/OneDrive/Desktop/University/Course_Work/2025-2026/Spring_2026/ECE_410/ECE410/project/post_m3_Minor_Redesign/tb/tb_top.sv Line:256
Error: AXI MONITOR: core_C changed while core is idle
Time: 15845 ns  Iteration: 0  Process: /tb_top/u_mon//tb_top/u_mon  Scope: tb_top.u_mon  File: /run/media/sackb/Windows-SSD/Users/sackb/OneDrive/Desktop/University/Course_Work/2025-2026/Spring_2026/ECE_410/ECE410/project/post_m3_Minor_Redesign/tb/tb_top.sv Line: 257

Time: 15855 ns Started: 15845 ns Scope: /tb_top/u_mon File: /run/media/sackb/Windows-SSD/Users/sackb/OneDrive/Desktop/University/Course_Work/2025-2026/Spring_2026/ECE_410/ECE410/project/post_m3_Minor_Redesign/tb/tb_top.sv Line:256
Error: AXI MONITOR: core_C changed while core is idle
Time: 15855 ns  Iteration: 0  Process: /tb_top/u_mon//tb_top/u_mon  Scope: tb_top.u_mon  File: /run/media/sackb/Windows-SSD/Users/sackb/OneDrive/Desktop/University/Course_Work/2025-2026/Spring_2026/ECE_410/ECE410/project/post_m3_Minor_Redesign/tb/tb_top.sv Line: 257

Time: 15865 ns Started: 15855 ns Scope: /tb_top/u_mon File: /run/media/sackb/Windows-SSD/Users/sackb/OneDrive/Desktop/University/Course_Work/2025-2026/Spring_2026/ECE_410/ECE410/project/post_m3_Minor_Redesign/tb/tb_top.sv Line:256
Error: AXI MONITOR: core_C changed while core is idle
Time: 15865 ns  Iteration: 0  Process: /tb_top/u_mon//tb_top/u_mon  Scope: tb_top.u_mon  File: /run/media/sackb/Windows-SSD/Users/sackb/OneDrive/Desktop/University/Course_Work/2025-2026/Spring_2026/ECE_410/ECE410/project/post_m3_Minor_Redesign/tb/tb_top.sv Line: 257

Time: 15875 ns Started: 15865 ns Scope: /tb_top/u_mon File: /run/media/sackb/Windows-SSD/Users/sackb/OneDrive/Desktop/University/Course_Work/2025-2026/Spring_2026/ECE_410/ECE410/project/post_m3_Minor_Redesign/tb/tb_top.sv Line:256
Error: AXI MONITOR: core_C changed while core is idle
Time: 15875 ns  Iteration: 0  Process: /tb_top/u_mon//tb_top/u_mon  Scope: tb_top.u_mon  File: /run/media/sackb/Windows-SSD/Users/sackb/OneDrive/Desktop/University/Course_Work/2025-2026/Spring_2026/ECE_410/ECE410/project/post_m3_Minor_Redesign/tb/tb_top.sv Line: 257

Time: 15885 ns Started: 15875 ns Scope: /tb_top/u_mon File: /run/media/sackb/Windows-SSD/Users/sackb/OneDrive/Desktop/University/Course_Work/2025-2026/Spring_2026/ECE_410/ECE410/project/post_m3_Minor_Redesign/tb/tb_top.sv Line:256
Error: AXI MONITOR: core_C changed while core is idle
Time: 15885 ns  Iteration: 0  Process: /tb_top/u_mon//tb_top/u_mon  Scope: tb_top.u_mon  File: /run/media/sackb/Windows-SSD/Users/sackb/OneDrive/Desktop/University/Course_Work/2025-2026/Spring_2026/ECE_410/ECE410/project/post_m3_Minor_Redesign/tb/tb_top.sv Line: 257

Time: 15895 ns Started: 15885 ns Scope: /tb_top/u_mon File: /run/media/sackb/Windows-SSD/Users/sackb/OneDrive/Desktop/University/Course_Work/2025-2026/Spring_2026/ECE_410/ECE410/project/post_m3_Minor_Redesign/tb/tb_top.sv Line:256
Error: AXI MONITOR: core_C changed while core is idle
Time: 15895 ns  Iteration: 0  Process: /tb_top/u_mon//tb_top/u_mon  Scope: tb_top.u_mon  File: /run/media/sackb/Windows-SSD/Users/sackb/OneDrive/Desktop/University/Course_Work/2025-2026/Spring_2026/ECE_410/ECE410/project/post_m3_Minor_Redesign/tb/tb_top.sv Line: 257

Time: 15905 ns Started: 15895 ns Scope: /tb_top/u_mon File: /run/media/sackb/Windows-SSD/Users/sackb/OneDrive/Desktop/University/Course_Work/2025-2026/Spring_2026/ECE_410/ECE410/project/post_m3_Minor_Redesign/tb/tb_top.sv Line:256
Error: AXI MONITOR: core_C changed while core is idle
Time: 15905 ns  Iteration: 0  Process: /tb_top/u_mon//tb_top/u_mon  Scope: tb_top.u_mon  File: /run/media/sackb/Windows-SSD/Users/sackb/OneDrive/Desktop/University/Course_Work/2025-2026/Spring_2026/ECE_410/ECE410/project/post_m3_Minor_Redesign/tb/tb_top.sv Line: 257

Time: 15915 ns Started: 15905 ns Scope: /tb_top/u_mon File: /run/media/sackb/Windows-SSD/Users/sackb/OneDrive/Desktop/University/Course_Work/2025-2026/Spring_2026/ECE_410/ECE410/project/post_m3_Minor_Redesign/tb/tb_top.sv Line:256
Error: AXI MONITOR: core_C changed while core is idle
Time: 15915 ns  Iteration: 0  Process: /tb_top/u_mon//tb_top/u_mon  Scope: tb_top.u_mon  File: /run/media/sackb/Windows-SSD/Users/sackb/OneDrive/Desktop/University/Course_Work/2025-2026/Spring_2026/ECE_410/ECE410/project/post_m3_Minor_Redesign/tb/tb_top.sv Line: 257

Time: 15925 ns Started: 15915 ns Scope: /tb_top/u_mon File: /run/media/sackb/Windows-SSD/Users/sackb/OneDrive/Desktop/University/Course_Work/2025-2026/Spring_2026/ECE_410/ECE410/project/post_m3_Minor_Redesign/tb/tb_top.sv Line:256
Error: AXI MONITOR: core_C changed while core is idle
Time: 15925 ns  Iteration: 0  Process: /tb_top/u_mon//tb_top/u_mon  Scope: tb_top.u_mon  File: /run/media/sackb/Windows-SSD/Users/sackb/OneDrive/Desktop/University/Course_Work/2025-2026/Spring_2026/ECE_410/ECE410/project/post_m3_Minor_Redesign/tb/tb_top.sv Line: 257

Time: 15935 ns Started: 15925 ns Scope: /tb_top/u_mon File: /run/media/sackb/Windows-SSD/Users/sackb/OneDrive/Desktop/University/Course_Work/2025-2026/Spring_2026/ECE_410/ECE410/project/post_m3_Minor_Redesign/tb/tb_top.sv Line:256
Error: AXI MONITOR: core_C changed while core is idle
Time: 15935 ns  Iteration: 0  Process: /tb_top/u_mon//tb_top/u_mon  Scope: tb_top.u_mon  File: /run/media/sackb/Windows-SSD/Users/sackb/OneDrive/Desktop/University/Course_Work/2025-2026/Spring_2026/ECE_410/ECE410/project/post_m3_Minor_Redesign/tb/tb_top.sv Line: 257

Time: 15945 ns Started: 15935 ns Scope: /tb_top/u_mon File: /run/media/sackb/Windows-SSD/Users/sackb/OneDrive/Desktop/University/Course_Work/2025-2026/Spring_2026/ECE_410/ECE410/project/post_m3_Minor_Redesign/tb/tb_top.sv Line:256
Error: AXI MONITOR: core_C changed while core is idle
Time: 15945 ns  Iteration: 0  Process: /tb_top/u_mon//tb_top/u_mon  Scope: tb_top.u_mon  File: /run/media/sackb/Windows-SSD/Users/sackb/OneDrive/Desktop/University/Course_Work/2025-2026/Spring_2026/ECE_410/ECE410/project/post_m3_Minor_Redesign/tb/tb_top.sv Line: 257

Time: 15955 ns Started: 15945 ns Scope: /tb_top/u_mon File: /run/media/sackb/Windows-SSD/Users/sackb/OneDrive/Desktop/University/Course_Work/2025-2026/Spring_2026/ECE_410/ECE410/project/post_m3_Minor_Redesign/tb/tb_top.sv Line:256
Error: AXI MONITOR: core_C changed while core is idle
Time: 15955 ns  Iteration: 0  Process: /tb_top/u_mon//tb_top/u_mon  Scope: tb_top.u_mon  File: /run/media/sackb/Windows-SSD/Users/sackb/OneDrive/Desktop/University/Course_Work/2025-2026/Spring_2026/ECE_410/ECE410/project/post_m3_Minor_Redesign/tb/tb_top.sv Line: 257

Time: 15965 ns Started: 15955 ns Scope: /tb_top/u_mon File: /run/media/sackb/Windows-SSD/Users/sackb/OneDrive/Desktop/University/Course_Work/2025-2026/Spring_2026/ECE_410/ECE410/project/post_m3_Minor_Redesign/tb/tb_top.sv Line:256
Error: AXI MONITOR: core_C changed while core is idle
Time: 15965 ns  Iteration: 0  Process: /tb_top/u_mon//tb_top/u_mon  Scope: tb_top.u_mon  File: /run/media/sackb/Windows-SSD/Users/sackb/OneDrive/Desktop/University/Course_Work/2025-2026/Spring_2026/ECE_410/ECE410/project/post_m3_Minor_Redesign/tb/tb_top.sv Line: 257

Time: 15975 ns Started: 15965 ns Scope: /tb_top/u_mon File: /run/media/sackb/Windows-SSD/Users/sackb/OneDrive/Desktop/University/Course_Work/2025-2026/Spring_2026/ECE_410/ECE410/project/post_m3_Minor_Redesign/tb/tb_top.sv Line:256
Error: AXI MONITOR: core_C changed while core is idle
Time: 15975 ns  Iteration: 0  Process: /tb_top/u_mon//tb_top/u_mon  Scope: tb_top.u_mon  File: /run/media/sackb/Windows-SSD/Users/sackb/OneDrive/Desktop/University/Course_Work/2025-2026/Spring_2026/ECE_410/ECE410/project/post_m3_Minor_Redesign/tb/tb_top.sv Line: 257

Time: 15985 ns Started: 15975 ns Scope: /tb_top/u_mon File: /run/media/sackb/Windows-SSD/Users/sackb/OneDrive/Desktop/University/Course_Work/2025-2026/Spring_2026/ECE_410/ECE410/project/post_m3_Minor_Redesign/tb/tb_top.sv Line:256
Error: AXI MONITOR: core_C changed while core is idle
Time: 15985 ns  Iteration: 0  Process: /tb_top/u_mon//tb_top/u_mon  Scope: tb_top.u_mon  File: /run/media/sackb/Windows-SSD/Users/sackb/OneDrive/Desktop/University/Course_Work/2025-2026/Spring_2026/ECE_410/ECE410/project/post_m3_Minor_Redesign/tb/tb_top.sv Line: 257

Time: 15995 ns Started: 15985 ns Scope: /tb_top/u_mon File: /run/media/sackb/Windows-SSD/Users/sackb/OneDrive/Desktop/University/Course_Work/2025-2026/Spring_2026/ECE_410/ECE410/project/post_m3_Minor_Redesign/tb/tb_top.sv Line:256
Error: AXI MONITOR: core_C changed while core is idle
Time: 15995 ns  Iteration: 0  Process: /tb_top/u_mon//tb_top/u_mon  Scope: tb_top.u_mon  File: /run/media/sackb/Windows-SSD/Users/sackb/OneDrive/Desktop/University/Course_Work/2025-2026/Spring_2026/ECE_410/ECE410/project/post_m3_Minor_Redesign/tb/tb_top.sv Line: 257

Time: 16005 ns Started: 15995 ns Scope: /tb_top/u_mon File: /run/media/sackb/Windows-SSD/Users/sackb/OneDrive/Desktop/University/Course_Work/2025-2026/Spring_2026/ECE_410/ECE410/project/post_m3_Minor_Redesign/tb/tb_top.sv Line:256
Error: AXI MONITOR: core_C changed while core is idle
Time: 16005 ns  Iteration: 0  Process: /tb_top/u_mon//tb_top/u_mon  Scope: tb_top.u_mon  File: /run/media/sackb/Windows-SSD/Users/sackb/OneDrive/Desktop/University/Course_Work/2025-2026/Spring_2026/ECE_410/ECE410/project/post_m3_Minor_Redesign/tb/tb_top.sv Line: 257
TB_TOP: Iteration 9 complete
TB_TOP: Starting iteration 10

Time: 16015 ns Started: 16005 ns Scope: /tb_top/u_mon File: /run/media/sackb/Windows-SSD/Users/sackb/OneDrive/Desktop/University/Course_Work/2025-2026/Spring_2026/ECE_410/ECE410/project/post_m3_Minor_Redesign/tb/tb_top.sv Line:256
Error: AXI MONITOR: core_C changed while core is idle
Time: 16015 ns  Iteration: 0  Process: /tb_top/u_mon//tb_top/u_mon  Scope: tb_top.u_mon  File: /run/media/sackb/Windows-SSD/Users/sackb/OneDrive/Desktop/University/Course_Work/2025-2026/Spring_2026/ECE_410/ECE410/project/post_m3_Minor_Redesign/tb/tb_top.sv Line: 257

Time: 16025 ns Started: 16015 ns Scope: /tb_top/u_mon File: /run/media/sackb/Windows-SSD/Users/sackb/OneDrive/Desktop/University/Course_Work/2025-2026/Spring_2026/ECE_410/ECE410/project/post_m3_Minor_Redesign/tb/tb_top.sv Line:256
Error: AXI MONITOR: core_C changed while core is idle
Time: 16025 ns  Iteration: 0  Process: /tb_top/u_mon//tb_top/u_mon  Scope: tb_top.u_mon  File: /run/media/sackb/Windows-SSD/Users/sackb/OneDrive/Desktop/University/Course_Work/2025-2026/Spring_2026/ECE_410/ECE410/project/post_m3_Minor_Redesign/tb/tb_top.sv Line: 257

Time: 16035 ns Started: 16025 ns Scope: /tb_top/u_mon File: /run/media/sackb/Windows-SSD/Users/sackb/OneDrive/Desktop/University/Course_Work/2025-2026/Spring_2026/ECE_410/ECE410/project/post_m3_Minor_Redesign/tb/tb_top.sv Line:256
Error: AXI MONITOR: core_C changed while core is idle
Time: 16035 ns  Iteration: 0  Process: /tb_top/u_mon//tb_top/u_mon  Scope: tb_top.u_mon  File: /run/media/sackb/Windows-SSD/Users/sackb/OneDrive/Desktop/University/Course_Work/2025-2026/Spring_2026/ECE_410/ECE410/project/post_m3_Minor_Redesign/tb/tb_top.sv Line: 257

Time: 16045 ns Started: 16035 ns Scope: /tb_top/u_mon File: /run/media/sackb/Windows-SSD/Users/sackb/OneDrive/Desktop/University/Course_Work/2025-2026/Spring_2026/ECE_410/ECE410/project/post_m3_Minor_Redesign/tb/tb_top.sv Line:256
Error: AXI MONITOR: core_C changed while core is idle
Time: 16045 ns  Iteration: 0  Process: /tb_top/u_mon//tb_top/u_mon  Scope: tb_top.u_mon  File: /run/media/sackb/Windows-SSD/Users/sackb/OneDrive/Desktop/University/Course_Work/2025-2026/Spring_2026/ECE_410/ECE410/project/post_m3_Minor_Redesign/tb/tb_top.sv Line: 257

Time: 16055 ns Started: 16045 ns Scope: /tb_top/u_mon File: /run/media/sackb/Windows-SSD/Users/sackb/OneDrive/Desktop/University/Course_Work/2025-2026/Spring_2026/ECE_410/ECE410/project/post_m3_Minor_Redesign/tb/tb_top.sv Line:256
Error: AXI MONITOR: core_C changed while core is idle
Time: 16055 ns  Iteration: 0  Process: /tb_top/u_mon//tb_top/u_mon  Scope: tb_top.u_mon  File: /run/media/sackb/Windows-SSD/Users/sackb/OneDrive/Desktop/University/Course_Work/2025-2026/Spring_2026/ECE_410/ECE410/project/post_m3_Minor_Redesign/tb/tb_top.sv Line: 257

Time: 16065 ns Started: 16055 ns Scope: /tb_top/u_mon File: /run/media/sackb/Windows-SSD/Users/sackb/OneDrive/Desktop/University/Course_Work/2025-2026/Spring_2026/ECE_410/ECE410/project/post_m3_Minor_Redesign/tb/tb_top.sv Line:256
Error: AXI MONITOR: core_C changed while core is idle
Time: 16065 ns  Iteration: 0  Process: /tb_top/u_mon//tb_top/u_mon  Scope: tb_top.u_mon  File: /run/media/sackb/Windows-SSD/Users/sackb/OneDrive/Desktop/University/Course_Work/2025-2026/Spring_2026/ECE_410/ECE410/project/post_m3_Minor_Redesign/tb/tb_top.sv Line: 257

Time: 16075 ns Started: 16065 ns Scope: /tb_top/u_mon File: /run/media/sackb/Windows-SSD/Users/sackb/OneDrive/Desktop/University/Course_Work/2025-2026/Spring_2026/ECE_410/ECE410/project/post_m3_Minor_Redesign/tb/tb_top.sv Line:256
Error: AXI MONITOR: core_C changed while core is idle
Time: 16075 ns  Iteration: 0  Process: /tb_top/u_mon//tb_top/u_mon  Scope: tb_top.u_mon  File: /run/media/sackb/Windows-SSD/Users/sackb/OneDrive/Desktop/University/Course_Work/2025-2026/Spring_2026/ECE_410/ECE410/project/post_m3_Minor_Redesign/tb/tb_top.sv Line: 257

Time: 16085 ns Started: 16075 ns Scope: /tb_top/u_mon File: /run/media/sackb/Windows-SSD/Users/sackb/OneDrive/Desktop/University/Course_Work/2025-2026/Spring_2026/ECE_410/ECE410/project/post_m3_Minor_Redesign/tb/tb_top.sv Line:256
Error: AXI MONITOR: core_C changed while core is idle
Time: 16085 ns  Iteration: 0  Process: /tb_top/u_mon//tb_top/u_mon  Scope: tb_top.u_mon  File: /run/media/sackb/Windows-SSD/Users/sackb/OneDrive/Desktop/University/Course_Work/2025-2026/Spring_2026/ECE_410/ECE410/project/post_m3_Minor_Redesign/tb/tb_top.sv Line: 257

Time: 16095 ns Started: 16085 ns Scope: /tb_top/u_mon File: /run/media/sackb/Windows-SSD/Users/sackb/OneDrive/Desktop/University/Course_Work/2025-2026/Spring_2026/ECE_410/ECE410/project/post_m3_Minor_Redesign/tb/tb_top.sv Line:256
Error: AXI MONITOR: core_C changed while core is idle
Time: 16095 ns  Iteration: 0  Process: /tb_top/u_mon//tb_top/u_mon  Scope: tb_top.u_mon  File: /run/media/sackb/Windows-SSD/Users/sackb/OneDrive/Desktop/University/Course_Work/2025-2026/Spring_2026/ECE_410/ECE410/project/post_m3_Minor_Redesign/tb/tb_top.sv Line: 257

Time: 16105 ns Started: 16095 ns Scope: /tb_top/u_mon File: /run/media/sackb/Windows-SSD/Users/sackb/OneDrive/Desktop/University/Course_Work/2025-2026/Spring_2026/ECE_410/ECE410/project/post_m3_Minor_Redesign/tb/tb_top.sv Line:256
Error: AXI MONITOR: core_C changed while core is idle
Time: 16105 ns  Iteration: 0  Process: /tb_top/u_mon//tb_top/u_mon  Scope: tb_top.u_mon  File: /run/media/sackb/Windows-SSD/Users/sackb/OneDrive/Desktop/University/Course_Work/2025-2026/Spring_2026/ECE_410/ECE410/project/post_m3_Minor_Redesign/tb/tb_top.sv Line: 257

Time: 16115 ns Started: 16105 ns Scope: /tb_top/u_mon File: /run/media/sackb/Windows-SSD/Users/sackb/OneDrive/Desktop/University/Course_Work/2025-2026/Spring_2026/ECE_410/ECE410/project/post_m3_Minor_Redesign/tb/tb_top.sv Line:256
Error: AXI MONITOR: core_C changed while core is idle
Time: 16115 ns  Iteration: 0  Process: /tb_top/u_mon//tb_top/u_mon  Scope: tb_top.u_mon  File: /run/media/sackb/Windows-SSD/Users/sackb/OneDrive/Desktop/University/Course_Work/2025-2026/Spring_2026/ECE_410/ECE410/project/post_m3_Minor_Redesign/tb/tb_top.sv Line: 257

Time: 16125 ns Started: 16115 ns Scope: /tb_top/u_mon File: /run/media/sackb/Windows-SSD/Users/sackb/OneDrive/Desktop/University/Course_Work/2025-2026/Spring_2026/ECE_410/ECE410/project/post_m3_Minor_Redesign/tb/tb_top.sv Line:256
Error: AXI MONITOR: core_C changed while core is idle
Time: 16125 ns  Iteration: 0  Process: /tb_top/u_mon//tb_top/u_mon  Scope: tb_top.u_mon  File: /run/media/sackb/Windows-SSD/Users/sackb/OneDrive/Desktop/University/Course_Work/2025-2026/Spring_2026/ECE_410/ECE410/project/post_m3_Minor_Redesign/tb/tb_top.sv Line: 257

Time: 16135 ns Started: 16125 ns Scope: /tb_top/u_mon File: /run/media/sackb/Windows-SSD/Users/sackb/OneDrive/Desktop/University/Course_Work/2025-2026/Spring_2026/ECE_410/ECE410/project/post_m3_Minor_Redesign/tb/tb_top.sv Line:256
Error: AXI MONITOR: core_C changed while core is idle
Time: 16135 ns  Iteration: 0  Process: /tb_top/u_mon//tb_top/u_mon  Scope: tb_top.u_mon  File: /run/media/sackb/Windows-SSD/Users/sackb/OneDrive/Desktop/University/Course_Work/2025-2026/Spring_2026/ECE_410/ECE410/project/post_m3_Minor_Redesign/tb/tb_top.sv Line: 257

Time: 16145 ns Started: 16135 ns Scope: /tb_top/u_mon File: /run/media/sackb/Windows-SSD/Users/sackb/OneDrive/Desktop/University/Course_Work/2025-2026/Spring_2026/ECE_410/ECE410/project/post_m3_Minor_Redesign/tb/tb_top.sv Line:256
Error: AXI MONITOR: core_C changed while core is idle
Time: 16145 ns  Iteration: 0  Process: /tb_top/u_mon//tb_top/u_mon  Scope: tb_top.u_mon  File: /run/media/sackb/Windows-SSD/Users/sackb/OneDrive/Desktop/University/Course_Work/2025-2026/Spring_2026/ECE_410/ECE410/project/post_m3_Minor_Redesign/tb/tb_top.sv Line: 257

Time: 16155 ns Started: 16145 ns Scope: /tb_top/u_mon File: /run/media/sackb/Windows-SSD/Users/sackb/OneDrive/Desktop/University/Course_Work/2025-2026/Spring_2026/ECE_410/ECE410/project/post_m3_Minor_Redesign/tb/tb_top.sv Line:256
Error: AXI MONITOR: core_C changed while core is idle
Time: 16155 ns  Iteration: 0  Process: /tb_top/u_mon//tb_top/u_mon  Scope: tb_top.u_mon  File: /run/media/sackb/Windows-SSD/Users/sackb/OneDrive/Desktop/University/Course_Work/2025-2026/Spring_2026/ECE_410/ECE410/project/post_m3_Minor_Redesign/tb/tb_top.sv Line: 257

Time: 16165 ns Started: 16155 ns Scope: /tb_top/u_mon File: /run/media/sackb/Windows-SSD/Users/sackb/OneDrive/Desktop/University/Course_Work/2025-2026/Spring_2026/ECE_410/ECE410/project/post_m3_Minor_Redesign/tb/tb_top.sv Line:256
Error: AXI MONITOR: core_C changed while core is idle
Time: 16165 ns  Iteration: 0  Process: /tb_top/u_mon//tb_top/u_mon  Scope: tb_top.u_mon  File: /run/media/sackb/Windows-SSD/Users/sackb/OneDrive/Desktop/University/Course_Work/2025-2026/Spring_2026/ECE_410/ECE410/project/post_m3_Minor_Redesign/tb/tb_top.sv Line: 257

Time: 16175 ns Started: 16165 ns Scope: /tb_top/u_mon File: /run/media/sackb/Windows-SSD/Users/sackb/OneDrive/Desktop/University/Course_Work/2025-2026/Spring_2026/ECE_410/ECE410/project/post_m3_Minor_Redesign/tb/tb_top.sv Line:256
Error: AXI MONITOR: core_C changed while core is idle
Time: 16175 ns  Iteration: 0  Process: /tb_top/u_mon//tb_top/u_mon  Scope: tb_top.u_mon  File: /run/media/sackb/Windows-SSD/Users/sackb/OneDrive/Desktop/University/Course_Work/2025-2026/Spring_2026/ECE_410/ECE410/project/post_m3_Minor_Redesign/tb/tb_top.sv Line: 257

Time: 16185 ns Started: 16175 ns Scope: /tb_top/u_mon File: /run/media/sackb/Windows-SSD/Users/sackb/OneDrive/Desktop/University/Course_Work/2025-2026/Spring_2026/ECE_410/ECE410/project/post_m3_Minor_Redesign/tb/tb_top.sv Line:256
Error: AXI MONITOR: core_C changed while core is idle
Time: 16185 ns  Iteration: 0  Process: /tb_top/u_mon//tb_top/u_mon  Scope: tb_top.u_mon  File: /run/media/sackb/Windows-SSD/Users/sackb/OneDrive/Desktop/University/Course_Work/2025-2026/Spring_2026/ECE_410/ECE410/project/post_m3_Minor_Redesign/tb/tb_top.sv Line: 257

Time: 16195 ns Started: 16185 ns Scope: /tb_top/u_mon File: /run/media/sackb/Windows-SSD/Users/sackb/OneDrive/Desktop/University/Course_Work/2025-2026/Spring_2026/ECE_410/ECE410/project/post_m3_Minor_Redesign/tb/tb_top.sv Line:256
Error: AXI MONITOR: core_C changed while core is idle
Time: 16195 ns  Iteration: 0  Process: /tb_top/u_mon//tb_top/u_mon  Scope: tb_top.u_mon  File: /run/media/sackb/Windows-SSD/Users/sackb/OneDrive/Desktop/University/Course_Work/2025-2026/Spring_2026/ECE_410/ECE410/project/post_m3_Minor_Redesign/tb/tb_top.sv Line: 257

Time: 16205 ns Started: 16195 ns Scope: /tb_top/u_mon File: /run/media/sackb/Windows-SSD/Users/sackb/OneDrive/Desktop/University/Course_Work/2025-2026/Spring_2026/ECE_410/ECE410/project/post_m3_Minor_Redesign/tb/tb_top.sv Line:256
Error: AXI MONITOR: core_C changed while core is idle
Time: 16205 ns  Iteration: 0  Process: /tb_top/u_mon//tb_top/u_mon  Scope: tb_top.u_mon  File: /run/media/sackb/Windows-SSD/Users/sackb/OneDrive/Desktop/University/Course_Work/2025-2026/Spring_2026/ECE_410/ECE410/project/post_m3_Minor_Redesign/tb/tb_top.sv Line: 257

Time: 16215 ns Started: 16205 ns Scope: /tb_top/u_mon File: /run/media/sackb/Windows-SSD/Users/sackb/OneDrive/Desktop/University/Course_Work/2025-2026/Spring_2026/ECE_410/ECE410/project/post_m3_Minor_Redesign/tb/tb_top.sv Line:256
Error: AXI MONITOR: core_C changed while core is idle
Time: 16215 ns  Iteration: 0  Process: /tb_top/u_mon//tb_top/u_mon  Scope: tb_top.u_mon  File: /run/media/sackb/Windows-SSD/Users/sackb/OneDrive/Desktop/University/Course_Work/2025-2026/Spring_2026/ECE_410/ECE410/project/post_m3_Minor_Redesign/tb/tb_top.sv Line: 257

Time: 16225 ns Started: 16215 ns Scope: /tb_top/u_mon File: /run/media/sackb/Windows-SSD/Users/sackb/OneDrive/Desktop/University/Course_Work/2025-2026/Spring_2026/ECE_410/ECE410/project/post_m3_Minor_Redesign/tb/tb_top.sv Line:256
Error: AXI MONITOR: core_C changed while core is idle
Time: 16225 ns  Iteration: 0  Process: /tb_top/u_mon//tb_top/u_mon  Scope: tb_top.u_mon  File: /run/media/sackb/Windows-SSD/Users/sackb/OneDrive/Desktop/University/Course_Work/2025-2026/Spring_2026/ECE_410/ECE410/project/post_m3_Minor_Redesign/tb/tb_top.sv Line: 257

Time: 16235 ns Started: 16225 ns Scope: /tb_top/u_mon File: /run/media/sackb/Windows-SSD/Users/sackb/OneDrive/Desktop/University/Course_Work/2025-2026/Spring_2026/ECE_410/ECE410/project/post_m3_Minor_Redesign/tb/tb_top.sv Line:256
Error: AXI MONITOR: core_C changed while core is idle
Time: 16235 ns  Iteration: 0  Process: /tb_top/u_mon//tb_top/u_mon  Scope: tb_top.u_mon  File: /run/media/sackb/Windows-SSD/Users/sackb/OneDrive/Desktop/University/Course_Work/2025-2026/Spring_2026/ECE_410/ECE410/project/post_m3_Minor_Redesign/tb/tb_top.sv Line: 257

Time: 16245 ns Started: 16235 ns Scope: /tb_top/u_mon File: /run/media/sackb/Windows-SSD/Users/sackb/OneDrive/Desktop/University/Course_Work/2025-2026/Spring_2026/ECE_410/ECE410/project/post_m3_Minor_Redesign/tb/tb_top.sv Line:256
Error: AXI MONITOR: core_C changed while core is idle
Time: 16245 ns  Iteration: 0  Process: /tb_top/u_mon//tb_top/u_mon  Scope: tb_top.u_mon  File: /run/media/sackb/Windows-SSD/Users/sackb/OneDrive/Desktop/University/Course_Work/2025-2026/Spring_2026/ECE_410/ECE410/project/post_m3_Minor_Redesign/tb/tb_top.sv Line: 257

Time: 16255 ns Started: 16245 ns Scope: /tb_top/u_mon File: /run/media/sackb/Windows-SSD/Users/sackb/OneDrive/Desktop/University/Course_Work/2025-2026/Spring_2026/ECE_410/ECE410/project/post_m3_Minor_Redesign/tb/tb_top.sv Line:256
Error: AXI MONITOR: core_C changed while core is idle
Time: 16255 ns  Iteration: 0  Process: /tb_top/u_mon//tb_top/u_mon  Scope: tb_top.u_mon  File: /run/media/sackb/Windows-SSD/Users/sackb/OneDrive/Desktop/University/Course_Work/2025-2026/Spring_2026/ECE_410/ECE410/project/post_m3_Minor_Redesign/tb/tb_top.sv Line: 257

Time: 16265 ns Started: 16255 ns Scope: /tb_top/u_mon File: /run/media/sackb/Windows-SSD/Users/sackb/OneDrive/Desktop/University/Course_Work/2025-2026/Spring_2026/ECE_410/ECE410/project/post_m3_Minor_Redesign/tb/tb_top.sv Line:256
Error: AXI MONITOR: core_C changed while core is idle
Time: 16265 ns  Iteration: 0  Process: /tb_top/u_mon//tb_top/u_mon  Scope: tb_top.u_mon  File: /run/media/sackb/Windows-SSD/Users/sackb/OneDrive/Desktop/University/Course_Work/2025-2026/Spring_2026/ECE_410/ECE410/project/post_m3_Minor_Redesign/tb/tb_top.sv Line: 257

Time: 16275 ns Started: 16265 ns Scope: /tb_top/u_mon File: /run/media/sackb/Windows-SSD/Users/sackb/OneDrive/Desktop/University/Course_Work/2025-2026/Spring_2026/ECE_410/ECE410/project/post_m3_Minor_Redesign/tb/tb_top.sv Line:256
Error: AXI MONITOR: core_C changed while core is idle
Time: 16275 ns  Iteration: 0  Process: /tb_top/u_mon//tb_top/u_mon  Scope: tb_top.u_mon  File: /run/media/sackb/Windows-SSD/Users/sackb/OneDrive/Desktop/University/Course_Work/2025-2026/Spring_2026/ECE_410/ECE410/project/post_m3_Minor_Redesign/tb/tb_top.sv Line: 257

Time: 16285 ns Started: 16275 ns Scope: /tb_top/u_mon File: /run/media/sackb/Windows-SSD/Users/sackb/OneDrive/Desktop/University/Course_Work/2025-2026/Spring_2026/ECE_410/ECE410/project/post_m3_Minor_Redesign/tb/tb_top.sv Line:256
Error: AXI MONITOR: core_C changed while core is idle
Time: 16285 ns  Iteration: 0  Process: /tb_top/u_mon//tb_top/u_mon  Scope: tb_top.u_mon  File: /run/media/sackb/Windows-SSD/Users/sackb/OneDrive/Desktop/University/Course_Work/2025-2026/Spring_2026/ECE_410/ECE410/project/post_m3_Minor_Redesign/tb/tb_top.sv Line: 257

Time: 16295 ns Started: 16285 ns Scope: /tb_top/u_mon File: /run/media/sackb/Windows-SSD/Users/sackb/OneDrive/Desktop/University/Course_Work/2025-2026/Spring_2026/ECE_410/ECE410/project/post_m3_Minor_Redesign/tb/tb_top.sv Line:256
Error: AXI MONITOR: core_C changed while core is idle
Time: 16295 ns  Iteration: 0  Process: /tb_top/u_mon//tb_top/u_mon  Scope: tb_top.u_mon  File: /run/media/sackb/Windows-SSD/Users/sackb/OneDrive/Desktop/University/Course_Work/2025-2026/Spring_2026/ECE_410/ECE410/project/post_m3_Minor_Redesign/tb/tb_top.sv Line: 257

Time: 16305 ns Started: 16295 ns Scope: /tb_top/u_mon File: /run/media/sackb/Windows-SSD/Users/sackb/OneDrive/Desktop/University/Course_Work/2025-2026/Spring_2026/ECE_410/ECE410/project/post_m3_Minor_Redesign/tb/tb_top.sv Line:256
Error: AXI MONITOR: core_C changed while core is idle
Time: 16305 ns  Iteration: 0  Process: /tb_top/u_mon//tb_top/u_mon  Scope: tb_top.u_mon  File: /run/media/sackb/Windows-SSD/Users/sackb/OneDrive/Desktop/University/Course_Work/2025-2026/Spring_2026/ECE_410/ECE410/project/post_m3_Minor_Redesign/tb/tb_top.sv Line: 257

Time: 16315 ns Started: 16305 ns Scope: /tb_top/u_mon File: /run/media/sackb/Windows-SSD/Users/sackb/OneDrive/Desktop/University/Course_Work/2025-2026/Spring_2026/ECE_410/ECE410/project/post_m3_Minor_Redesign/tb/tb_top.sv Line:256
Error: AXI MONITOR: core_C changed while core is idle
Time: 16315 ns  Iteration: 0  Process: /tb_top/u_mon//tb_top/u_mon  Scope: tb_top.u_mon  File: /run/media/sackb/Windows-SSD/Users/sackb/OneDrive/Desktop/University/Course_Work/2025-2026/Spring_2026/ECE_410/ECE410/project/post_m3_Minor_Redesign/tb/tb_top.sv Line: 257

Time: 16325 ns Started: 16315 ns Scope: /tb_top/u_mon File: /run/media/sackb/Windows-SSD/Users/sackb/OneDrive/Desktop/University/Course_Work/2025-2026/Spring_2026/ECE_410/ECE410/project/post_m3_Minor_Redesign/tb/tb_top.sv Line:256
Error: AXI MONITOR: core_C changed while core is idle
Time: 16325 ns  Iteration: 0  Process: /tb_top/u_mon//tb_top/u_mon  Scope: tb_top.u_mon  File: /run/media/sackb/Windows-SSD/Users/sackb/OneDrive/Desktop/University/Course_Work/2025-2026/Spring_2026/ECE_410/ECE410/project/post_m3_Minor_Redesign/tb/tb_top.sv Line: 257

Time: 16335 ns Started: 16325 ns Scope: /tb_top/u_mon File: /run/media/sackb/Windows-SSD/Users/sackb/OneDrive/Desktop/University/Course_Work/2025-2026/Spring_2026/ECE_410/ECE410/project/post_m3_Minor_Redesign/tb/tb_top.sv Line:256
Error: AXI MONITOR: core_C changed while core is idle
Time: 16335 ns  Iteration: 0  Process: /tb_top/u_mon//tb_top/u_mon  Scope: tb_top.u_mon  File: /run/media/sackb/Windows-SSD/Users/sackb/OneDrive/Desktop/University/Course_Work/2025-2026/Spring_2026/ECE_410/ECE410/project/post_m3_Minor_Redesign/tb/tb_top.sv Line: 257

Time: 16345 ns Started: 16335 ns Scope: /tb_top/u_mon File: /run/media/sackb/Windows-SSD/Users/sackb/OneDrive/Desktop/University/Course_Work/2025-2026/Spring_2026/ECE_410/ECE410/project/post_m3_Minor_Redesign/tb/tb_top.sv Line:256
Error: AXI MONITOR: core_C changed while core is idle
Time: 16345 ns  Iteration: 0  Process: /tb_top/u_mon//tb_top/u_mon  Scope: tb_top.u_mon  File: /run/media/sackb/Windows-SSD/Users/sackb/OneDrive/Desktop/University/Course_Work/2025-2026/Spring_2026/ECE_410/ECE410/project/post_m3_Minor_Redesign/tb/tb_top.sv Line: 257

Time: 16355 ns Started: 16345 ns Scope: /tb_top/u_mon File: /run/media/sackb/Windows-SSD/Users/sackb/OneDrive/Desktop/University/Course_Work/2025-2026/Spring_2026/ECE_410/ECE410/project/post_m3_Minor_Redesign/tb/tb_top.sv Line:256
Error: AXI MONITOR: core_C changed while core is idle
Time: 16355 ns  Iteration: 0  Process: /tb_top/u_mon//tb_top/u_mon  Scope: tb_top.u_mon  File: /run/media/sackb/Windows-SSD/Users/sackb/OneDrive/Desktop/University/Course_Work/2025-2026/Spring_2026/ECE_410/ECE410/project/post_m3_Minor_Redesign/tb/tb_top.sv Line: 257

Time: 16365 ns Started: 16355 ns Scope: /tb_top/u_mon File: /run/media/sackb/Windows-SSD/Users/sackb/OneDrive/Desktop/University/Course_Work/2025-2026/Spring_2026/ECE_410/ECE410/project/post_m3_Minor_Redesign/tb/tb_top.sv Line:256
Error: AXI MONITOR: core_C changed while core is idle
Time: 16365 ns  Iteration: 0  Process: /tb_top/u_mon//tb_top/u_mon  Scope: tb_top.u_mon  File: /run/media/sackb/Windows-SSD/Users/sackb/OneDrive/Desktop/University/Course_Work/2025-2026/Spring_2026/ECE_410/ECE410/project/post_m3_Minor_Redesign/tb/tb_top.sv Line: 257

Time: 16375 ns Started: 16365 ns Scope: /tb_top/u_mon File: /run/media/sackb/Windows-SSD/Users/sackb/OneDrive/Desktop/University/Course_Work/2025-2026/Spring_2026/ECE_410/ECE410/project/post_m3_Minor_Redesign/tb/tb_top.sv Line:256
Error: AXI MONITOR: core_C changed while core is idle
Time: 16375 ns  Iteration: 0  Process: /tb_top/u_mon//tb_top/u_mon  Scope: tb_top.u_mon  File: /run/media/sackb/Windows-SSD/Users/sackb/OneDrive/Desktop/University/Course_Work/2025-2026/Spring_2026/ECE_410/ECE410/project/post_m3_Minor_Redesign/tb/tb_top.sv Line: 257

Time: 16385 ns Started: 16375 ns Scope: /tb_top/u_mon File: /run/media/sackb/Windows-SSD/Users/sackb/OneDrive/Desktop/University/Course_Work/2025-2026/Spring_2026/ECE_410/ECE410/project/post_m3_Minor_Redesign/tb/tb_top.sv Line:256
Error: AXI MONITOR: core_C changed while core is idle
Time: 16385 ns  Iteration: 0  Process: /tb_top/u_mon//tb_top/u_mon  Scope: tb_top.u_mon  File: /run/media/sackb/Windows-SSD/Users/sackb/OneDrive/Desktop/University/Course_Work/2025-2026/Spring_2026/ECE_410/ECE410/project/post_m3_Minor_Redesign/tb/tb_top.sv Line: 257

Time: 16395 ns Started: 16385 ns Scope: /tb_top/u_mon File: /run/media/sackb/Windows-SSD/Users/sackb/OneDrive/Desktop/University/Course_Work/2025-2026/Spring_2026/ECE_410/ECE410/project/post_m3_Minor_Redesign/tb/tb_top.sv Line:256
Error: AXI MONITOR: core_C changed while core is idle
Time: 16395 ns  Iteration: 0  Process: /tb_top/u_mon//tb_top/u_mon  Scope: tb_top.u_mon  File: /run/media/sackb/Windows-SSD/Users/sackb/OneDrive/Desktop/University/Course_Work/2025-2026/Spring_2026/ECE_410/ECE410/project/post_m3_Minor_Redesign/tb/tb_top.sv Line: 257

Time: 16405 ns Started: 16395 ns Scope: /tb_top/u_mon File: /run/media/sackb/Windows-SSD/Users/sackb/OneDrive/Desktop/University/Course_Work/2025-2026/Spring_2026/ECE_410/ECE410/project/post_m3_Minor_Redesign/tb/tb_top.sv Line:256
Error: AXI MONITOR: core_C changed while core is idle
Time: 16405 ns  Iteration: 0  Process: /tb_top/u_mon//tb_top/u_mon  Scope: tb_top.u_mon  File: /run/media/sackb/Windows-SSD/Users/sackb/OneDrive/Desktop/University/Course_Work/2025-2026/Spring_2026/ECE_410/ECE410/project/post_m3_Minor_Redesign/tb/tb_top.sv Line: 257

Time: 16415 ns Started: 16405 ns Scope: /tb_top/u_mon File: /run/media/sackb/Windows-SSD/Users/sackb/OneDrive/Desktop/University/Course_Work/2025-2026/Spring_2026/ECE_410/ECE410/project/post_m3_Minor_Redesign/tb/tb_top.sv Line:256
Error: AXI MONITOR: core_C changed while core is idle
Time: 16415 ns  Iteration: 0  Process: /tb_top/u_mon//tb_top/u_mon  Scope: tb_top.u_mon  File: /run/media/sackb/Windows-SSD/Users/sackb/OneDrive/Desktop/University/Course_Work/2025-2026/Spring_2026/ECE_410/ECE410/project/post_m3_Minor_Redesign/tb/tb_top.sv Line: 257

Time: 16425 ns Started: 16415 ns Scope: /tb_top/u_mon File: /run/media/sackb/Windows-SSD/Users/sackb/OneDrive/Desktop/University/Course_Work/2025-2026/Spring_2026/ECE_410/ECE410/project/post_m3_Minor_Redesign/tb/tb_top.sv Line:256
Error: AXI MONITOR: core_C changed while core is idle
Time: 16425 ns  Iteration: 0  Process: /tb_top/u_mon//tb_top/u_mon  Scope: tb_top.u_mon  File: /run/media/sackb/Windows-SSD/Users/sackb/OneDrive/Desktop/University/Course_Work/2025-2026/Spring_2026/ECE_410/ECE410/project/post_m3_Minor_Redesign/tb/tb_top.sv Line: 257

Time: 16435 ns Started: 16425 ns Scope: /tb_top/u_mon File: /run/media/sackb/Windows-SSD/Users/sackb/OneDrive/Desktop/University/Course_Work/2025-2026/Spring_2026/ECE_410/ECE410/project/post_m3_Minor_Redesign/tb/tb_top.sv Line:256
Error: AXI MONITOR: core_C changed while core is idle
Time: 16435 ns  Iteration: 0  Process: /tb_top/u_mon//tb_top/u_mon  Scope: tb_top.u_mon  File: /run/media/sackb/Windows-SSD/Users/sackb/OneDrive/Desktop/University/Course_Work/2025-2026/Spring_2026/ECE_410/ECE410/project/post_m3_Minor_Redesign/tb/tb_top.sv Line: 257

Time: 16445 ns Started: 16435 ns Scope: /tb_top/u_mon File: /run/media/sackb/Windows-SSD/Users/sackb/OneDrive/Desktop/University/Course_Work/2025-2026/Spring_2026/ECE_410/ECE410/project/post_m3_Minor_Redesign/tb/tb_top.sv Line:256
Error: AXI MONITOR: core_C changed while core is idle
Time: 16445 ns  Iteration: 0  Process: /tb_top/u_mon//tb_top/u_mon  Scope: tb_top.u_mon  File: /run/media/sackb/Windows-SSD/Users/sackb/OneDrive/Desktop/University/Course_Work/2025-2026/Spring_2026/ECE_410/ECE410/project/post_m3_Minor_Redesign/tb/tb_top.sv Line: 257

Time: 16455 ns Started: 16445 ns Scope: /tb_top/u_mon File: /run/media/sackb/Windows-SSD/Users/sackb/OneDrive/Desktop/University/Course_Work/2025-2026/Spring_2026/ECE_410/ECE410/project/post_m3_Minor_Redesign/tb/tb_top.sv Line:256
Error: AXI MONITOR: core_C changed while core is idle
Time: 16455 ns  Iteration: 0  Process: /tb_top/u_mon//tb_top/u_mon  Scope: tb_top.u_mon  File: /run/media/sackb/Windows-SSD/Users/sackb/OneDrive/Desktop/University/Course_Work/2025-2026/Spring_2026/ECE_410/ECE410/project/post_m3_Minor_Redesign/tb/tb_top.sv Line: 257

Time: 16465 ns Started: 16455 ns Scope: /tb_top/u_mon File: /run/media/sackb/Windows-SSD/Users/sackb/OneDrive/Desktop/University/Course_Work/2025-2026/Spring_2026/ECE_410/ECE410/project/post_m3_Minor_Redesign/tb/tb_top.sv Line:256
Error: AXI MONITOR: core_C changed while core is idle
Time: 16465 ns  Iteration: 0  Process: /tb_top/u_mon//tb_top/u_mon  Scope: tb_top.u_mon  File: /run/media/sackb/Windows-SSD/Users/sackb/OneDrive/Desktop/University/Course_Work/2025-2026/Spring_2026/ECE_410/ECE410/project/post_m3_Minor_Redesign/tb/tb_top.sv Line: 257

Time: 16475 ns Started: 16465 ns Scope: /tb_top/u_mon File: /run/media/sackb/Windows-SSD/Users/sackb/OneDrive/Desktop/University/Course_Work/2025-2026/Spring_2026/ECE_410/ECE410/project/post_m3_Minor_Redesign/tb/tb_top.sv Line:256
Error: AXI MONITOR: core_C changed while core is idle
Time: 16475 ns  Iteration: 0  Process: /tb_top/u_mon//tb_top/u_mon  Scope: tb_top.u_mon  File: /run/media/sackb/Windows-SSD/Users/sackb/OneDrive/Desktop/University/Course_Work/2025-2026/Spring_2026/ECE_410/ECE410/project/post_m3_Minor_Redesign/tb/tb_top.sv Line: 257

Time: 16485 ns Started: 16475 ns Scope: /tb_top/u_mon File: /run/media/sackb/Windows-SSD/Users/sackb/OneDrive/Desktop/University/Course_Work/2025-2026/Spring_2026/ECE_410/ECE410/project/post_m3_Minor_Redesign/tb/tb_top.sv Line:256
Error: AXI MONITOR: core_C changed while core is idle
Time: 16485 ns  Iteration: 0  Process: /tb_top/u_mon//tb_top/u_mon  Scope: tb_top.u_mon  File: /run/media/sackb/Windows-SSD/Users/sackb/OneDrive/Desktop/University/Course_Work/2025-2026/Spring_2026/ECE_410/ECE410/project/post_m3_Minor_Redesign/tb/tb_top.sv Line: 257

Time: 16495 ns Started: 16485 ns Scope: /tb_top/u_mon File: /run/media/sackb/Windows-SSD/Users/sackb/OneDrive/Desktop/University/Course_Work/2025-2026/Spring_2026/ECE_410/ECE410/project/post_m3_Minor_Redesign/tb/tb_top.sv Line:256
Error: AXI MONITOR: core_C changed while core is idle
Time: 16495 ns  Iteration: 0  Process: /tb_top/u_mon//tb_top/u_mon  Scope: tb_top.u_mon  File: /run/media/sackb/Windows-SSD/Users/sackb/OneDrive/Desktop/University/Course_Work/2025-2026/Spring_2026/ECE_410/ECE410/project/post_m3_Minor_Redesign/tb/tb_top.sv Line: 257

Time: 16505 ns Started: 16495 ns Scope: /tb_top/u_mon File: /run/media/sackb/Windows-SSD/Users/sackb/OneDrive/Desktop/University/Course_Work/2025-2026/Spring_2026/ECE_410/ECE410/project/post_m3_Minor_Redesign/tb/tb_top.sv Line:256
Error: AXI MONITOR: core_C changed while core is idle
Time: 16505 ns  Iteration: 0  Process: /tb_top/u_mon//tb_top/u_mon  Scope: tb_top.u_mon  File: /run/media/sackb/Windows-SSD/Users/sackb/OneDrive/Desktop/University/Course_Work/2025-2026/Spring_2026/ECE_410/ECE410/project/post_m3_Minor_Redesign/tb/tb_top.sv Line: 257

Time: 16515 ns Started: 16505 ns Scope: /tb_top/u_mon File: /run/media/sackb/Windows-SSD/Users/sackb/OneDrive/Desktop/University/Course_Work/2025-2026/Spring_2026/ECE_410/ECE410/project/post_m3_Minor_Redesign/tb/tb_top.sv Line:256
Error: AXI MONITOR: core_C changed while core is idle
Time: 16515 ns  Iteration: 0  Process: /tb_top/u_mon//tb_top/u_mon  Scope: tb_top.u_mon  File: /run/media/sackb/Windows-SSD/Users/sackb/OneDrive/Desktop/University/Course_Work/2025-2026/Spring_2026/ECE_410/ECE410/project/post_m3_Minor_Redesign/tb/tb_top.sv Line: 257

Time: 16525 ns Started: 16515 ns Scope: /tb_top/u_mon File: /run/media/sackb/Windows-SSD/Users/sackb/OneDrive/Desktop/University/Course_Work/2025-2026/Spring_2026/ECE_410/ECE410/project/post_m3_Minor_Redesign/tb/tb_top.sv Line:256
Error: AXI MONITOR: core_C changed while core is idle
Time: 16525 ns  Iteration: 0  Process: /tb_top/u_mon//tb_top/u_mon  Scope: tb_top.u_mon  File: /run/media/sackb/Windows-SSD/Users/sackb/OneDrive/Desktop/University/Course_Work/2025-2026/Spring_2026/ECE_410/ECE410/project/post_m3_Minor_Redesign/tb/tb_top.sv Line: 257

Time: 16535 ns Started: 16525 ns Scope: /tb_top/u_mon File: /run/media/sackb/Windows-SSD/Users/sackb/OneDrive/Desktop/University/Course_Work/2025-2026/Spring_2026/ECE_410/ECE410/project/post_m3_Minor_Redesign/tb/tb_top.sv Line:256
Error: AXI MONITOR: core_C changed while core is idle
Time: 16535 ns  Iteration: 0  Process: /tb_top/u_mon//tb_top/u_mon  Scope: tb_top.u_mon  File: /run/media/sackb/Windows-SSD/Users/sackb/OneDrive/Desktop/University/Course_Work/2025-2026/Spring_2026/ECE_410/ECE410/project/post_m3_Minor_Redesign/tb/tb_top.sv Line: 257

Time: 16545 ns Started: 16535 ns Scope: /tb_top/u_mon File: /run/media/sackb/Windows-SSD/Users/sackb/OneDrive/Desktop/University/Course_Work/2025-2026/Spring_2026/ECE_410/ECE410/project/post_m3_Minor_Redesign/tb/tb_top.sv Line:256
Error: AXI MONITOR: core_C changed while core is idle
Time: 16545 ns  Iteration: 0  Process: /tb_top/u_mon//tb_top/u_mon  Scope: tb_top.u_mon  File: /run/media/sackb/Windows-SSD/Users/sackb/OneDrive/Desktop/University/Course_Work/2025-2026/Spring_2026/ECE_410/ECE410/project/post_m3_Minor_Redesign/tb/tb_top.sv Line: 257

Time: 16555 ns Started: 16545 ns Scope: /tb_top/u_mon File: /run/media/sackb/Windows-SSD/Users/sackb/OneDrive/Desktop/University/Course_Work/2025-2026/Spring_2026/ECE_410/ECE410/project/post_m3_Minor_Redesign/tb/tb_top.sv Line:256
Error: AXI MONITOR: core_C changed while core is idle
Time: 16555 ns  Iteration: 0  Process: /tb_top/u_mon//tb_top/u_mon  Scope: tb_top.u_mon  File: /run/media/sackb/Windows-SSD/Users/sackb/OneDrive/Desktop/University/Course_Work/2025-2026/Spring_2026/ECE_410/ECE410/project/post_m3_Minor_Redesign/tb/tb_top.sv Line: 257

Time: 16565 ns Started: 16555 ns Scope: /tb_top/u_mon File: /run/media/sackb/Windows-SSD/Users/sackb/OneDrive/Desktop/University/Course_Work/2025-2026/Spring_2026/ECE_410/ECE410/project/post_m3_Minor_Redesign/tb/tb_top.sv Line:256
Error: AXI MONITOR: core_C changed while core is idle
Time: 16565 ns  Iteration: 0  Process: /tb_top/u_mon//tb_top/u_mon  Scope: tb_top.u_mon  File: /run/media/sackb/Windows-SSD/Users/sackb/OneDrive/Desktop/University/Course_Work/2025-2026/Spring_2026/ECE_410/ECE410/project/post_m3_Minor_Redesign/tb/tb_top.sv Line: 257

Time: 16575 ns Started: 16565 ns Scope: /tb_top/u_mon File: /run/media/sackb/Windows-SSD/Users/sackb/OneDrive/Desktop/University/Course_Work/2025-2026/Spring_2026/ECE_410/ECE410/project/post_m3_Minor_Redesign/tb/tb_top.sv Line:256
Error: AXI MONITOR: core_C changed while core is idle
Time: 16575 ns  Iteration: 0  Process: /tb_top/u_mon//tb_top/u_mon  Scope: tb_top.u_mon  File: /run/media/sackb/Windows-SSD/Users/sackb/OneDrive/Desktop/University/Course_Work/2025-2026/Spring_2026/ECE_410/ECE410/project/post_m3_Minor_Redesign/tb/tb_top.sv Line: 257

Time: 16585 ns Started: 16575 ns Scope: /tb_top/u_mon File: /run/media/sackb/Windows-SSD/Users/sackb/OneDrive/Desktop/University/Course_Work/2025-2026/Spring_2026/ECE_410/ECE410/project/post_m3_Minor_Redesign/tb/tb_top.sv Line:256
Error: AXI MONITOR: core_C changed while core is idle
Time: 16585 ns  Iteration: 0  Process: /tb_top/u_mon//tb_top/u_mon  Scope: tb_top.u_mon  File: /run/media/sackb/Windows-SSD/Users/sackb/OneDrive/Desktop/University/Course_Work/2025-2026/Spring_2026/ECE_410/ECE410/project/post_m3_Minor_Redesign/tb/tb_top.sv Line: 257

Time: 16595 ns Started: 16585 ns Scope: /tb_top/u_mon File: /run/media/sackb/Windows-SSD/Users/sackb/OneDrive/Desktop/University/Course_Work/2025-2026/Spring_2026/ECE_410/ECE410/project/post_m3_Minor_Redesign/tb/tb_top.sv Line:256
Error: AXI MONITOR: core_C changed while core is idle
Time: 16595 ns  Iteration: 0  Process: /tb_top/u_mon//tb_top/u_mon  Scope: tb_top.u_mon  File: /run/media/sackb/Windows-SSD/Users/sackb/OneDrive/Desktop/University/Course_Work/2025-2026/Spring_2026/ECE_410/ECE410/project/post_m3_Minor_Redesign/tb/tb_top.sv Line: 257

Time: 16605 ns Started: 16595 ns Scope: /tb_top/u_mon File: /run/media/sackb/Windows-SSD/Users/sackb/OneDrive/Desktop/University/Course_Work/2025-2026/Spring_2026/ECE_410/ECE410/project/post_m3_Minor_Redesign/tb/tb_top.sv Line:256
Error: AXI MONITOR: core_C changed while core is idle
Time: 16605 ns  Iteration: 0  Process: /tb_top/u_mon//tb_top/u_mon  Scope: tb_top.u_mon  File: /run/media/sackb/Windows-SSD/Users/sackb/OneDrive/Desktop/University/Course_Work/2025-2026/Spring_2026/ECE_410/ECE410/project/post_m3_Minor_Redesign/tb/tb_top.sv Line: 257

Time: 16615 ns Started: 16605 ns Scope: /tb_top/u_mon File: /run/media/sackb/Windows-SSD/Users/sackb/OneDrive/Desktop/University/Course_Work/2025-2026/Spring_2026/ECE_410/ECE410/project/post_m3_Minor_Redesign/tb/tb_top.sv Line:256
Error: AXI MONITOR: core_C changed while core is idle
Time: 16615 ns  Iteration: 0  Process: /tb_top/u_mon//tb_top/u_mon  Scope: tb_top.u_mon  File: /run/media/sackb/Windows-SSD/Users/sackb/OneDrive/Desktop/University/Course_Work/2025-2026/Spring_2026/ECE_410/ECE410/project/post_m3_Minor_Redesign/tb/tb_top.sv Line: 257

Time: 16625 ns Started: 16615 ns Scope: /tb_top/u_mon File: /run/media/sackb/Windows-SSD/Users/sackb/OneDrive/Desktop/University/Course_Work/2025-2026/Spring_2026/ECE_410/ECE410/project/post_m3_Minor_Redesign/tb/tb_top.sv Line:256
Error: AXI MONITOR: core_C changed while core is idle
Time: 16625 ns  Iteration: 0  Process: /tb_top/u_mon//tb_top/u_mon  Scope: tb_top.u_mon  File: /run/media/sackb/Windows-SSD/Users/sackb/OneDrive/Desktop/University/Course_Work/2025-2026/Spring_2026/ECE_410/ECE410/project/post_m3_Minor_Redesign/tb/tb_top.sv Line: 257

Time: 16635 ns Started: 16625 ns Scope: /tb_top/u_mon File: /run/media/sackb/Windows-SSD/Users/sackb/OneDrive/Desktop/University/Course_Work/2025-2026/Spring_2026/ECE_410/ECE410/project/post_m3_Minor_Redesign/tb/tb_top.sv Line:256
Error: AXI MONITOR: core_C changed while core is idle
Time: 16635 ns  Iteration: 0  Process: /tb_top/u_mon//tb_top/u_mon  Scope: tb_top.u_mon  File: /run/media/sackb/Windows-SSD/Users/sackb/OneDrive/Desktop/University/Course_Work/2025-2026/Spring_2026/ECE_410/ECE410/project/post_m3_Minor_Redesign/tb/tb_top.sv Line: 257

Time: 16645 ns Started: 16635 ns Scope: /tb_top/u_mon File: /run/media/sackb/Windows-SSD/Users/sackb/OneDrive/Desktop/University/Course_Work/2025-2026/Spring_2026/ECE_410/ECE410/project/post_m3_Minor_Redesign/tb/tb_top.sv Line:256
Error: AXI MONITOR: core_C changed while core is idle
Time: 16645 ns  Iteration: 0  Process: /tb_top/u_mon//tb_top/u_mon  Scope: tb_top.u_mon  File: /run/media/sackb/Windows-SSD/Users/sackb/OneDrive/Desktop/University/Course_Work/2025-2026/Spring_2026/ECE_410/ECE410/project/post_m3_Minor_Redesign/tb/tb_top.sv Line: 257

Time: 16655 ns Started: 16645 ns Scope: /tb_top/u_mon File: /run/media/sackb/Windows-SSD/Users/sackb/OneDrive/Desktop/University/Course_Work/2025-2026/Spring_2026/ECE_410/ECE410/project/post_m3_Minor_Redesign/tb/tb_top.sv Line:256
Error: AXI MONITOR: core_C changed while core is idle
Time: 16655 ns  Iteration: 0  Process: /tb_top/u_mon//tb_top/u_mon  Scope: tb_top.u_mon  File: /run/media/sackb/Windows-SSD/Users/sackb/OneDrive/Desktop/University/Course_Work/2025-2026/Spring_2026/ECE_410/ECE410/project/post_m3_Minor_Redesign/tb/tb_top.sv Line: 257

Time: 16665 ns Started: 16655 ns Scope: /tb_top/u_mon File: /run/media/sackb/Windows-SSD/Users/sackb/OneDrive/Desktop/University/Course_Work/2025-2026/Spring_2026/ECE_410/ECE410/project/post_m3_Minor_Redesign/tb/tb_top.sv Line:256
Error: AXI MONITOR: core_C changed while core is idle
Time: 16665 ns  Iteration: 0  Process: /tb_top/u_mon//tb_top/u_mon  Scope: tb_top.u_mon  File: /run/media/sackb/Windows-SSD/Users/sackb/OneDrive/Desktop/University/Course_Work/2025-2026/Spring_2026/ECE_410/ECE410/project/post_m3_Minor_Redesign/tb/tb_top.sv Line: 257

Time: 16675 ns Started: 16665 ns Scope: /tb_top/u_mon File: /run/media/sackb/Windows-SSD/Users/sackb/OneDrive/Desktop/University/Course_Work/2025-2026/Spring_2026/ECE_410/ECE410/project/post_m3_Minor_Redesign/tb/tb_top.sv Line:256
Error: AXI MONITOR: core_C changed while core is idle
Time: 16675 ns  Iteration: 0  Process: /tb_top/u_mon//tb_top/u_mon  Scope: tb_top.u_mon  File: /run/media/sackb/Windows-SSD/Users/sackb/OneDrive/Desktop/University/Course_Work/2025-2026/Spring_2026/ECE_410/ECE410/project/post_m3_Minor_Redesign/tb/tb_top.sv Line: 257

Time: 16685 ns Started: 16675 ns Scope: /tb_top/u_mon File: /run/media/sackb/Windows-SSD/Users/sackb/OneDrive/Desktop/University/Course_Work/2025-2026/Spring_2026/ECE_410/ECE410/project/post_m3_Minor_Redesign/tb/tb_top.sv Line:256
Error: AXI MONITOR: core_C changed while core is idle
Time: 16685 ns  Iteration: 0  Process: /tb_top/u_mon//tb_top/u_mon  Scope: tb_top.u_mon  File: /run/media/sackb/Windows-SSD/Users/sackb/OneDrive/Desktop/University/Course_Work/2025-2026/Spring_2026/ECE_410/ECE410/project/post_m3_Minor_Redesign/tb/tb_top.sv Line: 257

Time: 16695 ns Started: 16685 ns Scope: /tb_top/u_mon File: /run/media/sackb/Windows-SSD/Users/sackb/OneDrive/Desktop/University/Course_Work/2025-2026/Spring_2026/ECE_410/ECE410/project/post_m3_Minor_Redesign/tb/tb_top.sv Line:256
Error: AXI MONITOR: core_C changed while core is idle
Time: 16695 ns  Iteration: 0  Process: /tb_top/u_mon//tb_top/u_mon  Scope: tb_top.u_mon  File: /run/media/sackb/Windows-SSD/Users/sackb/OneDrive/Desktop/University/Course_Work/2025-2026/Spring_2026/ECE_410/ECE410/project/post_m3_Minor_Redesign/tb/tb_top.sv Line: 257

Time: 16705 ns Started: 16695 ns Scope: /tb_top/u_mon File: /run/media/sackb/Windows-SSD/Users/sackb/OneDrive/Desktop/University/Course_Work/2025-2026/Spring_2026/ECE_410/ECE410/project/post_m3_Minor_Redesign/tb/tb_top.sv Line:256
Error: AXI MONITOR: core_C changed while core is idle
Time: 16705 ns  Iteration: 0  Process: /tb_top/u_mon//tb_top/u_mon  Scope: tb_top.u_mon  File: /run/media/sackb/Windows-SSD/Users/sackb/OneDrive/Desktop/University/Course_Work/2025-2026/Spring_2026/ECE_410/ECE410/project/post_m3_Minor_Redesign/tb/tb_top.sv Line: 257

Time: 16715 ns Started: 16705 ns Scope: /tb_top/u_mon File: /run/media/sackb/Windows-SSD/Users/sackb/OneDrive/Desktop/University/Course_Work/2025-2026/Spring_2026/ECE_410/ECE410/project/post_m3_Minor_Redesign/tb/tb_top.sv Line:256
Error: AXI MONITOR: core_C changed while core is idle
Time: 16715 ns  Iteration: 0  Process: /tb_top/u_mon//tb_top/u_mon  Scope: tb_top.u_mon  File: /run/media/sackb/Windows-SSD/Users/sackb/OneDrive/Desktop/University/Course_Work/2025-2026/Spring_2026/ECE_410/ECE410/project/post_m3_Minor_Redesign/tb/tb_top.sv Line: 257

Time: 16725 ns Started: 16715 ns Scope: /tb_top/u_mon File: /run/media/sackb/Windows-SSD/Users/sackb/OneDrive/Desktop/University/Course_Work/2025-2026/Spring_2026/ECE_410/ECE410/project/post_m3_Minor_Redesign/tb/tb_top.sv Line:256
Error: AXI MONITOR: core_C changed while core is idle
Time: 16725 ns  Iteration: 0  Process: /tb_top/u_mon//tb_top/u_mon  Scope: tb_top.u_mon  File: /run/media/sackb/Windows-SSD/Users/sackb/OneDrive/Desktop/University/Course_Work/2025-2026/Spring_2026/ECE_410/ECE410/project/post_m3_Minor_Redesign/tb/tb_top.sv Line: 257

Time: 16735 ns Started: 16725 ns Scope: /tb_top/u_mon File: /run/media/sackb/Windows-SSD/Users/sackb/OneDrive/Desktop/University/Course_Work/2025-2026/Spring_2026/ECE_410/ECE410/project/post_m3_Minor_Redesign/tb/tb_top.sv Line:256
Error: AXI MONITOR: core_C changed while core is idle
Time: 16735 ns  Iteration: 0  Process: /tb_top/u_mon//tb_top/u_mon  Scope: tb_top.u_mon  File: /run/media/sackb/Windows-SSD/Users/sackb/OneDrive/Desktop/University/Course_Work/2025-2026/Spring_2026/ECE_410/ECE410/project/post_m3_Minor_Redesign/tb/tb_top.sv Line: 257

Time: 16745 ns Started: 16735 ns Scope: /tb_top/u_mon File: /run/media/sackb/Windows-SSD/Users/sackb/OneDrive/Desktop/University/Course_Work/2025-2026/Spring_2026/ECE_410/ECE410/project/post_m3_Minor_Redesign/tb/tb_top.sv Line:256
Error: AXI MONITOR: core_C changed while core is idle
Time: 16745 ns  Iteration: 0  Process: /tb_top/u_mon//tb_top/u_mon  Scope: tb_top.u_mon  File: /run/media/sackb/Windows-SSD/Users/sackb/OneDrive/Desktop/University/Course_Work/2025-2026/Spring_2026/ECE_410/ECE410/project/post_m3_Minor_Redesign/tb/tb_top.sv Line: 257

Time: 16755 ns Started: 16745 ns Scope: /tb_top/u_mon File: /run/media/sackb/Windows-SSD/Users/sackb/OneDrive/Desktop/University/Course_Work/2025-2026/Spring_2026/ECE_410/ECE410/project/post_m3_Minor_Redesign/tb/tb_top.sv Line:256
Error: AXI MONITOR: core_C changed while core is idle
Time: 16755 ns  Iteration: 0  Process: /tb_top/u_mon//tb_top/u_mon  Scope: tb_top.u_mon  File: /run/media/sackb/Windows-SSD/Users/sackb/OneDrive/Desktop/University/Course_Work/2025-2026/Spring_2026/ECE_410/ECE410/project/post_m3_Minor_Redesign/tb/tb_top.sv Line: 257

Time: 16765 ns Started: 16755 ns Scope: /tb_top/u_mon File: /run/media/sackb/Windows-SSD/Users/sackb/OneDrive/Desktop/University/Course_Work/2025-2026/Spring_2026/ECE_410/ECE410/project/post_m3_Minor_Redesign/tb/tb_top.sv Line:256
Error: AXI MONITOR: core_C changed while core is idle
Time: 16765 ns  Iteration: 0  Process: /tb_top/u_mon//tb_top/u_mon  Scope: tb_top.u_mon  File: /run/media/sackb/Windows-SSD/Users/sackb/OneDrive/Desktop/University/Course_Work/2025-2026/Spring_2026/ECE_410/ECE410/project/post_m3_Minor_Redesign/tb/tb_top.sv Line: 257

Time: 16775 ns Started: 16765 ns Scope: /tb_top/u_mon File: /run/media/sackb/Windows-SSD/Users/sackb/OneDrive/Desktop/University/Course_Work/2025-2026/Spring_2026/ECE_410/ECE410/project/post_m3_Minor_Redesign/tb/tb_top.sv Line:256
Error: AXI MONITOR: core_C changed while core is idle
Time: 16775 ns  Iteration: 0  Process: /tb_top/u_mon//tb_top/u_mon  Scope: tb_top.u_mon  File: /run/media/sackb/Windows-SSD/Users/sackb/OneDrive/Desktop/University/Course_Work/2025-2026/Spring_2026/ECE_410/ECE410/project/post_m3_Minor_Redesign/tb/tb_top.sv Line: 257

Time: 16785 ns Started: 16775 ns Scope: /tb_top/u_mon File: /run/media/sackb/Windows-SSD/Users/sackb/OneDrive/Desktop/University/Course_Work/2025-2026/Spring_2026/ECE_410/ECE410/project/post_m3_Minor_Redesign/tb/tb_top.sv Line:256
Error: AXI MONITOR: core_C changed while core is idle
Time: 16785 ns  Iteration: 0  Process: /tb_top/u_mon//tb_top/u_mon  Scope: tb_top.u_mon  File: /run/media/sackb/Windows-SSD/Users/sackb/OneDrive/Desktop/University/Course_Work/2025-2026/Spring_2026/ECE_410/ECE410/project/post_m3_Minor_Redesign/tb/tb_top.sv Line: 257

Time: 17235 ns Started: 17225 ns Scope: /tb_top/u_mon File: /run/media/sackb/Windows-SSD/Users/sackb/OneDrive/Desktop/University/Course_Work/2025-2026/Spring_2026/ECE_410/ECE410/project/post_m3_Minor_Redesign/tb/tb_top.sv Line:256
Error: AXI MONITOR: core_C changed while core is idle
Time: 17235 ns  Iteration: 0  Process: /tb_top/u_mon//tb_top/u_mon  Scope: tb_top.u_mon  File: /run/media/sackb/Windows-SSD/Users/sackb/OneDrive/Desktop/University/Course_Work/2025-2026/Spring_2026/ECE_410/ECE410/project/post_m3_Minor_Redesign/tb/tb_top.sv Line: 257

Time: 17245 ns Started: 17235 ns Scope: /tb_top/u_mon File: /run/media/sackb/Windows-SSD/Users/sackb/OneDrive/Desktop/University/Course_Work/2025-2026/Spring_2026/ECE_410/ECE410/project/post_m3_Minor_Redesign/tb/tb_top.sv Line:256
Error: AXI MONITOR: core_C changed while core is idle
Time: 17245 ns  Iteration: 0  Process: /tb_top/u_mon//tb_top/u_mon  Scope: tb_top.u_mon  File: /run/media/sackb/Windows-SSD/Users/sackb/OneDrive/Desktop/University/Course_Work/2025-2026/Spring_2026/ECE_410/ECE410/project/post_m3_Minor_Redesign/tb/tb_top.sv Line: 257

Time: 17255 ns Started: 17245 ns Scope: /tb_top/u_mon File: /run/media/sackb/Windows-SSD/Users/sackb/OneDrive/Desktop/University/Course_Work/2025-2026/Spring_2026/ECE_410/ECE410/project/post_m3_Minor_Redesign/tb/tb_top.sv Line:256
Error: AXI MONITOR: core_C changed while core is idle
Time: 17255 ns  Iteration: 0  Process: /tb_top/u_mon//tb_top/u_mon  Scope: tb_top.u_mon  File: /run/media/sackb/Windows-SSD/Users/sackb/OneDrive/Desktop/University/Course_Work/2025-2026/Spring_2026/ECE_410/ECE410/project/post_m3_Minor_Redesign/tb/tb_top.sv Line: 257

Time: 17265 ns Started: 17255 ns Scope: /tb_top/u_mon File: /run/media/sackb/Windows-SSD/Users/sackb/OneDrive/Desktop/University/Course_Work/2025-2026/Spring_2026/ECE_410/ECE410/project/post_m3_Minor_Redesign/tb/tb_top.sv Line:256
Error: AXI MONITOR: core_C changed while core is idle
Time: 17265 ns  Iteration: 0  Process: /tb_top/u_mon//tb_top/u_mon  Scope: tb_top.u_mon  File: /run/media/sackb/Windows-SSD/Users/sackb/OneDrive/Desktop/University/Course_Work/2025-2026/Spring_2026/ECE_410/ECE410/project/post_m3_Minor_Redesign/tb/tb_top.sv Line: 257

Time: 17275 ns Started: 17265 ns Scope: /tb_top/u_mon File: /run/media/sackb/Windows-SSD/Users/sackb/OneDrive/Desktop/University/Course_Work/2025-2026/Spring_2026/ECE_410/ECE410/project/post_m3_Minor_Redesign/tb/tb_top.sv Line:256
Error: AXI MONITOR: core_C changed while core is idle
Time: 17275 ns  Iteration: 0  Process: /tb_top/u_mon//tb_top/u_mon  Scope: tb_top.u_mon  File: /run/media/sackb/Windows-SSD/Users/sackb/OneDrive/Desktop/University/Course_Work/2025-2026/Spring_2026/ECE_410/ECE410/project/post_m3_Minor_Redesign/tb/tb_top.sv Line: 257

Time: 17285 ns Started: 17275 ns Scope: /tb_top/u_mon File: /run/media/sackb/Windows-SSD/Users/sackb/OneDrive/Desktop/University/Course_Work/2025-2026/Spring_2026/ECE_410/ECE410/project/post_m3_Minor_Redesign/tb/tb_top.sv Line:256
Error: AXI MONITOR: core_C changed while core is idle
Time: 17285 ns  Iteration: 0  Process: /tb_top/u_mon//tb_top/u_mon  Scope: tb_top.u_mon  File: /run/media/sackb/Windows-SSD/Users/sackb/OneDrive/Desktop/University/Course_Work/2025-2026/Spring_2026/ECE_410/ECE410/project/post_m3_Minor_Redesign/tb/tb_top.sv Line: 257

Time: 17295 ns Started: 17285 ns Scope: /tb_top/u_mon File: /run/media/sackb/Windows-SSD/Users/sackb/OneDrive/Desktop/University/Course_Work/2025-2026/Spring_2026/ECE_410/ECE410/project/post_m3_Minor_Redesign/tb/tb_top.sv Line:256
Error: AXI MONITOR: core_C changed while core is idle
Time: 17295 ns  Iteration: 0  Process: /tb_top/u_mon//tb_top/u_mon  Scope: tb_top.u_mon  File: /run/media/sackb/Windows-SSD/Users/sackb/OneDrive/Desktop/University/Course_Work/2025-2026/Spring_2026/ECE_410/ECE410/project/post_m3_Minor_Redesign/tb/tb_top.sv Line: 257

Time: 17305 ns Started: 17295 ns Scope: /tb_top/u_mon File: /run/media/sackb/Windows-SSD/Users/sackb/OneDrive/Desktop/University/Course_Work/2025-2026/Spring_2026/ECE_410/ECE410/project/post_m3_Minor_Redesign/tb/tb_top.sv Line:256
Error: AXI MONITOR: core_C changed while core is idle
Time: 17305 ns  Iteration: 0  Process: /tb_top/u_mon//tb_top/u_mon  Scope: tb_top.u_mon  File: /run/media/sackb/Windows-SSD/Users/sackb/OneDrive/Desktop/University/Course_Work/2025-2026/Spring_2026/ECE_410/ECE410/project/post_m3_Minor_Redesign/tb/tb_top.sv Line: 257

Time: 17315 ns Started: 17305 ns Scope: /tb_top/u_mon File: /run/media/sackb/Windows-SSD/Users/sackb/OneDrive/Desktop/University/Course_Work/2025-2026/Spring_2026/ECE_410/ECE410/project/post_m3_Minor_Redesign/tb/tb_top.sv Line:256
Error: AXI MONITOR: core_C changed while core is idle
Time: 17315 ns  Iteration: 0  Process: /tb_top/u_mon//tb_top/u_mon  Scope: tb_top.u_mon  File: /run/media/sackb/Windows-SSD/Users/sackb/OneDrive/Desktop/University/Course_Work/2025-2026/Spring_2026/ECE_410/ECE410/project/post_m3_Minor_Redesign/tb/tb_top.sv Line: 257

Time: 17325 ns Started: 17315 ns Scope: /tb_top/u_mon File: /run/media/sackb/Windows-SSD/Users/sackb/OneDrive/Desktop/University/Course_Work/2025-2026/Spring_2026/ECE_410/ECE410/project/post_m3_Minor_Redesign/tb/tb_top.sv Line:256
Error: AXI MONITOR: core_C changed while core is idle
Time: 17325 ns  Iteration: 0  Process: /tb_top/u_mon//tb_top/u_mon  Scope: tb_top.u_mon  File: /run/media/sackb/Windows-SSD/Users/sackb/OneDrive/Desktop/University/Course_Work/2025-2026/Spring_2026/ECE_410/ECE410/project/post_m3_Minor_Redesign/tb/tb_top.sv Line: 257

Time: 17335 ns Started: 17325 ns Scope: /tb_top/u_mon File: /run/media/sackb/Windows-SSD/Users/sackb/OneDrive/Desktop/University/Course_Work/2025-2026/Spring_2026/ECE_410/ECE410/project/post_m3_Minor_Redesign/tb/tb_top.sv Line:256
Error: AXI MONITOR: core_C changed while core is idle
Time: 17335 ns  Iteration: 0  Process: /tb_top/u_mon//tb_top/u_mon  Scope: tb_top.u_mon  File: /run/media/sackb/Windows-SSD/Users/sackb/OneDrive/Desktop/University/Course_Work/2025-2026/Spring_2026/ECE_410/ECE410/project/post_m3_Minor_Redesign/tb/tb_top.sv Line: 257

Time: 17345 ns Started: 17335 ns Scope: /tb_top/u_mon File: /run/media/sackb/Windows-SSD/Users/sackb/OneDrive/Desktop/University/Course_Work/2025-2026/Spring_2026/ECE_410/ECE410/project/post_m3_Minor_Redesign/tb/tb_top.sv Line:256
Error: AXI MONITOR: core_C changed while core is idle
Time: 17345 ns  Iteration: 0  Process: /tb_top/u_mon//tb_top/u_mon  Scope: tb_top.u_mon  File: /run/media/sackb/Windows-SSD/Users/sackb/OneDrive/Desktop/University/Course_Work/2025-2026/Spring_2026/ECE_410/ECE410/project/post_m3_Minor_Redesign/tb/tb_top.sv Line: 257

Time: 17355 ns Started: 17345 ns Scope: /tb_top/u_mon File: /run/media/sackb/Windows-SSD/Users/sackb/OneDrive/Desktop/University/Course_Work/2025-2026/Spring_2026/ECE_410/ECE410/project/post_m3_Minor_Redesign/tb/tb_top.sv Line:256
Error: AXI MONITOR: core_C changed while core is idle
Time: 17355 ns  Iteration: 0  Process: /tb_top/u_mon//tb_top/u_mon  Scope: tb_top.u_mon  File: /run/media/sackb/Windows-SSD/Users/sackb/OneDrive/Desktop/University/Course_Work/2025-2026/Spring_2026/ECE_410/ECE410/project/post_m3_Minor_Redesign/tb/tb_top.sv Line: 257

Time: 17365 ns Started: 17355 ns Scope: /tb_top/u_mon File: /run/media/sackb/Windows-SSD/Users/sackb/OneDrive/Desktop/University/Course_Work/2025-2026/Spring_2026/ECE_410/ECE410/project/post_m3_Minor_Redesign/tb/tb_top.sv Line:256
Error: AXI MONITOR: core_C changed while core is idle
Time: 17365 ns  Iteration: 0  Process: /tb_top/u_mon//tb_top/u_mon  Scope: tb_top.u_mon  File: /run/media/sackb/Windows-SSD/Users/sackb/OneDrive/Desktop/University/Course_Work/2025-2026/Spring_2026/ECE_410/ECE410/project/post_m3_Minor_Redesign/tb/tb_top.sv Line: 257

Time: 17375 ns Started: 17365 ns Scope: /tb_top/u_mon File: /run/media/sackb/Windows-SSD/Users/sackb/OneDrive/Desktop/University/Course_Work/2025-2026/Spring_2026/ECE_410/ECE410/project/post_m3_Minor_Redesign/tb/tb_top.sv Line:256
Error: AXI MONITOR: core_C changed while core is idle
Time: 17375 ns  Iteration: 0  Process: /tb_top/u_mon//tb_top/u_mon  Scope: tb_top.u_mon  File: /run/media/sackb/Windows-SSD/Users/sackb/OneDrive/Desktop/University/Course_Work/2025-2026/Spring_2026/ECE_410/ECE410/project/post_m3_Minor_Redesign/tb/tb_top.sv Line: 257

Time: 17385 ns Started: 17375 ns Scope: /tb_top/u_mon File: /run/media/sackb/Windows-SSD/Users/sackb/OneDrive/Desktop/University/Course_Work/2025-2026/Spring_2026/ECE_410/ECE410/project/post_m3_Minor_Redesign/tb/tb_top.sv Line:256
Error: AXI MONITOR: core_C changed while core is idle
Time: 17385 ns  Iteration: 0  Process: /tb_top/u_mon//tb_top/u_mon  Scope: tb_top.u_mon  File: /run/media/sackb/Windows-SSD/Users/sackb/OneDrive/Desktop/University/Course_Work/2025-2026/Spring_2026/ECE_410/ECE410/project/post_m3_Minor_Redesign/tb/tb_top.sv Line: 257

Time: 17395 ns Started: 17385 ns Scope: /tb_top/u_mon File: /run/media/sackb/Windows-SSD/Users/sackb/OneDrive/Desktop/University/Course_Work/2025-2026/Spring_2026/ECE_410/ECE410/project/post_m3_Minor_Redesign/tb/tb_top.sv Line:256
Error: AXI MONITOR: core_C changed while core is idle
Time: 17395 ns  Iteration: 0  Process: /tb_top/u_mon//tb_top/u_mon  Scope: tb_top.u_mon  File: /run/media/sackb/Windows-SSD/Users/sackb/OneDrive/Desktop/University/Course_Work/2025-2026/Spring_2026/ECE_410/ECE410/project/post_m3_Minor_Redesign/tb/tb_top.sv Line: 257

Time: 17405 ns Started: 17395 ns Scope: /tb_top/u_mon File: /run/media/sackb/Windows-SSD/Users/sackb/OneDrive/Desktop/University/Course_Work/2025-2026/Spring_2026/ECE_410/ECE410/project/post_m3_Minor_Redesign/tb/tb_top.sv Line:256
Error: AXI MONITOR: core_C changed while core is idle
Time: 17405 ns  Iteration: 0  Process: /tb_top/u_mon//tb_top/u_mon  Scope: tb_top.u_mon  File: /run/media/sackb/Windows-SSD/Users/sackb/OneDrive/Desktop/University/Course_Work/2025-2026/Spring_2026/ECE_410/ECE410/project/post_m3_Minor_Redesign/tb/tb_top.sv Line: 257

Time: 17415 ns Started: 17405 ns Scope: /tb_top/u_mon File: /run/media/sackb/Windows-SSD/Users/sackb/OneDrive/Desktop/University/Course_Work/2025-2026/Spring_2026/ECE_410/ECE410/project/post_m3_Minor_Redesign/tb/tb_top.sv Line:256
Error: AXI MONITOR: core_C changed while core is idle
Time: 17415 ns  Iteration: 0  Process: /tb_top/u_mon//tb_top/u_mon  Scope: tb_top.u_mon  File: /run/media/sackb/Windows-SSD/Users/sackb/OneDrive/Desktop/University/Course_Work/2025-2026/Spring_2026/ECE_410/ECE410/project/post_m3_Minor_Redesign/tb/tb_top.sv Line: 257

Time: 17425 ns Started: 17415 ns Scope: /tb_top/u_mon File: /run/media/sackb/Windows-SSD/Users/sackb/OneDrive/Desktop/University/Course_Work/2025-2026/Spring_2026/ECE_410/ECE410/project/post_m3_Minor_Redesign/tb/tb_top.sv Line:256
Error: AXI MONITOR: core_C changed while core is idle
Time: 17425 ns  Iteration: 0  Process: /tb_top/u_mon//tb_top/u_mon  Scope: tb_top.u_mon  File: /run/media/sackb/Windows-SSD/Users/sackb/OneDrive/Desktop/University/Course_Work/2025-2026/Spring_2026/ECE_410/ECE410/project/post_m3_Minor_Redesign/tb/tb_top.sv Line: 257

Time: 17435 ns Started: 17425 ns Scope: /tb_top/u_mon File: /run/media/sackb/Windows-SSD/Users/sackb/OneDrive/Desktop/University/Course_Work/2025-2026/Spring_2026/ECE_410/ECE410/project/post_m3_Minor_Redesign/tb/tb_top.sv Line:256
Error: AXI MONITOR: core_C changed while core is idle
Time: 17435 ns  Iteration: 0  Process: /tb_top/u_mon//tb_top/u_mon  Scope: tb_top.u_mon  File: /run/media/sackb/Windows-SSD/Users/sackb/OneDrive/Desktop/University/Course_Work/2025-2026/Spring_2026/ECE_410/ECE410/project/post_m3_Minor_Redesign/tb/tb_top.sv Line: 257

Time: 17445 ns Started: 17435 ns Scope: /tb_top/u_mon File: /run/media/sackb/Windows-SSD/Users/sackb/OneDrive/Desktop/University/Course_Work/2025-2026/Spring_2026/ECE_410/ECE410/project/post_m3_Minor_Redesign/tb/tb_top.sv Line:256
Error: AXI MONITOR: core_C changed while core is idle
Time: 17445 ns  Iteration: 0  Process: /tb_top/u_mon//tb_top/u_mon  Scope: tb_top.u_mon  File: /run/media/sackb/Windows-SSD/Users/sackb/OneDrive/Desktop/University/Course_Work/2025-2026/Spring_2026/ECE_410/ECE410/project/post_m3_Minor_Redesign/tb/tb_top.sv Line: 257

Time: 17455 ns Started: 17445 ns Scope: /tb_top/u_mon File: /run/media/sackb/Windows-SSD/Users/sackb/OneDrive/Desktop/University/Course_Work/2025-2026/Spring_2026/ECE_410/ECE410/project/post_m3_Minor_Redesign/tb/tb_top.sv Line:256
Error: AXI MONITOR: core_C changed while core is idle
Time: 17455 ns  Iteration: 0  Process: /tb_top/u_mon//tb_top/u_mon  Scope: tb_top.u_mon  File: /run/media/sackb/Windows-SSD/Users/sackb/OneDrive/Desktop/University/Course_Work/2025-2026/Spring_2026/ECE_410/ECE410/project/post_m3_Minor_Redesign/tb/tb_top.sv Line: 257

Time: 17465 ns Started: 17455 ns Scope: /tb_top/u_mon File: /run/media/sackb/Windows-SSD/Users/sackb/OneDrive/Desktop/University/Course_Work/2025-2026/Spring_2026/ECE_410/ECE410/project/post_m3_Minor_Redesign/tb/tb_top.sv Line:256
Error: AXI MONITOR: core_C changed while core is idle
Time: 17465 ns  Iteration: 0  Process: /tb_top/u_mon//tb_top/u_mon  Scope: tb_top.u_mon  File: /run/media/sackb/Windows-SSD/Users/sackb/OneDrive/Desktop/University/Course_Work/2025-2026/Spring_2026/ECE_410/ECE410/project/post_m3_Minor_Redesign/tb/tb_top.sv Line: 257

Time: 17475 ns Started: 17465 ns Scope: /tb_top/u_mon File: /run/media/sackb/Windows-SSD/Users/sackb/OneDrive/Desktop/University/Course_Work/2025-2026/Spring_2026/ECE_410/ECE410/project/post_m3_Minor_Redesign/tb/tb_top.sv Line:256
Error: AXI MONITOR: core_C changed while core is idle
Time: 17475 ns  Iteration: 0  Process: /tb_top/u_mon//tb_top/u_mon  Scope: tb_top.u_mon  File: /run/media/sackb/Windows-SSD/Users/sackb/OneDrive/Desktop/University/Course_Work/2025-2026/Spring_2026/ECE_410/ECE410/project/post_m3_Minor_Redesign/tb/tb_top.sv Line: 257

Time: 17485 ns Started: 17475 ns Scope: /tb_top/u_mon File: /run/media/sackb/Windows-SSD/Users/sackb/OneDrive/Desktop/University/Course_Work/2025-2026/Spring_2026/ECE_410/ECE410/project/post_m3_Minor_Redesign/tb/tb_top.sv Line:256
Error: AXI MONITOR: core_C changed while core is idle
Time: 17485 ns  Iteration: 0  Process: /tb_top/u_mon//tb_top/u_mon  Scope: tb_top.u_mon  File: /run/media/sackb/Windows-SSD/Users/sackb/OneDrive/Desktop/University/Course_Work/2025-2026/Spring_2026/ECE_410/ECE410/project/post_m3_Minor_Redesign/tb/tb_top.sv Line: 257

Time: 17495 ns Started: 17485 ns Scope: /tb_top/u_mon File: /run/media/sackb/Windows-SSD/Users/sackb/OneDrive/Desktop/University/Course_Work/2025-2026/Spring_2026/ECE_410/ECE410/project/post_m3_Minor_Redesign/tb/tb_top.sv Line:256
Error: AXI MONITOR: core_C changed while core is idle
Time: 17495 ns  Iteration: 0  Process: /tb_top/u_mon//tb_top/u_mon  Scope: tb_top.u_mon  File: /run/media/sackb/Windows-SSD/Users/sackb/OneDrive/Desktop/University/Course_Work/2025-2026/Spring_2026/ECE_410/ECE410/project/post_m3_Minor_Redesign/tb/tb_top.sv Line: 257

Time: 17505 ns Started: 17495 ns Scope: /tb_top/u_mon File: /run/media/sackb/Windows-SSD/Users/sackb/OneDrive/Desktop/University/Course_Work/2025-2026/Spring_2026/ECE_410/ECE410/project/post_m3_Minor_Redesign/tb/tb_top.sv Line:256
Error: AXI MONITOR: core_C changed while core is idle
Time: 17505 ns  Iteration: 0  Process: /tb_top/u_mon//tb_top/u_mon  Scope: tb_top.u_mon  File: /run/media/sackb/Windows-SSD/Users/sackb/OneDrive/Desktop/University/Course_Work/2025-2026/Spring_2026/ECE_410/ECE410/project/post_m3_Minor_Redesign/tb/tb_top.sv Line: 257

Time: 17515 ns Started: 17505 ns Scope: /tb_top/u_mon File: /run/media/sackb/Windows-SSD/Users/sackb/OneDrive/Desktop/University/Course_Work/2025-2026/Spring_2026/ECE_410/ECE410/project/post_m3_Minor_Redesign/tb/tb_top.sv Line:256
Error: AXI MONITOR: core_C changed while core is idle
Time: 17515 ns  Iteration: 0  Process: /tb_top/u_mon//tb_top/u_mon  Scope: tb_top.u_mon  File: /run/media/sackb/Windows-SSD/Users/sackb/OneDrive/Desktop/University/Course_Work/2025-2026/Spring_2026/ECE_410/ECE410/project/post_m3_Minor_Redesign/tb/tb_top.sv Line: 257

Time: 17525 ns Started: 17515 ns Scope: /tb_top/u_mon File: /run/media/sackb/Windows-SSD/Users/sackb/OneDrive/Desktop/University/Course_Work/2025-2026/Spring_2026/ECE_410/ECE410/project/post_m3_Minor_Redesign/tb/tb_top.sv Line:256
Error: AXI MONITOR: core_C changed while core is idle
Time: 17525 ns  Iteration: 0  Process: /tb_top/u_mon//tb_top/u_mon  Scope: tb_top.u_mon  File: /run/media/sackb/Windows-SSD/Users/sackb/OneDrive/Desktop/University/Course_Work/2025-2026/Spring_2026/ECE_410/ECE410/project/post_m3_Minor_Redesign/tb/tb_top.sv Line: 257

Time: 17535 ns Started: 17525 ns Scope: /tb_top/u_mon File: /run/media/sackb/Windows-SSD/Users/sackb/OneDrive/Desktop/University/Course_Work/2025-2026/Spring_2026/ECE_410/ECE410/project/post_m3_Minor_Redesign/tb/tb_top.sv Line:256
Error: AXI MONITOR: core_C changed while core is idle
Time: 17535 ns  Iteration: 0  Process: /tb_top/u_mon//tb_top/u_mon  Scope: tb_top.u_mon  File: /run/media/sackb/Windows-SSD/Users/sackb/OneDrive/Desktop/University/Course_Work/2025-2026/Spring_2026/ECE_410/ECE410/project/post_m3_Minor_Redesign/tb/tb_top.sv Line: 257

Time: 17545 ns Started: 17535 ns Scope: /tb_top/u_mon File: /run/media/sackb/Windows-SSD/Users/sackb/OneDrive/Desktop/University/Course_Work/2025-2026/Spring_2026/ECE_410/ECE410/project/post_m3_Minor_Redesign/tb/tb_top.sv Line:256
Error: AXI MONITOR: core_C changed while core is idle
Time: 17545 ns  Iteration: 0  Process: /tb_top/u_mon//tb_top/u_mon  Scope: tb_top.u_mon  File: /run/media/sackb/Windows-SSD/Users/sackb/OneDrive/Desktop/University/Course_Work/2025-2026/Spring_2026/ECE_410/ECE410/project/post_m3_Minor_Redesign/tb/tb_top.sv Line: 257

Time: 17555 ns Started: 17545 ns Scope: /tb_top/u_mon File: /run/media/sackb/Windows-SSD/Users/sackb/OneDrive/Desktop/University/Course_Work/2025-2026/Spring_2026/ECE_410/ECE410/project/post_m3_Minor_Redesign/tb/tb_top.sv Line:256
Error: AXI MONITOR: core_C changed while core is idle
Time: 17555 ns  Iteration: 0  Process: /tb_top/u_mon//tb_top/u_mon  Scope: tb_top.u_mon  File: /run/media/sackb/Windows-SSD/Users/sackb/OneDrive/Desktop/University/Course_Work/2025-2026/Spring_2026/ECE_410/ECE410/project/post_m3_Minor_Redesign/tb/tb_top.sv Line: 257

Time: 17565 ns Started: 17555 ns Scope: /tb_top/u_mon File: /run/media/sackb/Windows-SSD/Users/sackb/OneDrive/Desktop/University/Course_Work/2025-2026/Spring_2026/ECE_410/ECE410/project/post_m3_Minor_Redesign/tb/tb_top.sv Line:256
Error: AXI MONITOR: core_C changed while core is idle
Time: 17565 ns  Iteration: 0  Process: /tb_top/u_mon//tb_top/u_mon  Scope: tb_top.u_mon  File: /run/media/sackb/Windows-SSD/Users/sackb/OneDrive/Desktop/University/Course_Work/2025-2026/Spring_2026/ECE_410/ECE410/project/post_m3_Minor_Redesign/tb/tb_top.sv Line: 257

Time: 17575 ns Started: 17565 ns Scope: /tb_top/u_mon File: /run/media/sackb/Windows-SSD/Users/sackb/OneDrive/Desktop/University/Course_Work/2025-2026/Spring_2026/ECE_410/ECE410/project/post_m3_Minor_Redesign/tb/tb_top.sv Line:256
Error: AXI MONITOR: core_C changed while core is idle
Time: 17575 ns  Iteration: 0  Process: /tb_top/u_mon//tb_top/u_mon  Scope: tb_top.u_mon  File: /run/media/sackb/Windows-SSD/Users/sackb/OneDrive/Desktop/University/Course_Work/2025-2026/Spring_2026/ECE_410/ECE410/project/post_m3_Minor_Redesign/tb/tb_top.sv Line: 257

Time: 17585 ns Started: 17575 ns Scope: /tb_top/u_mon File: /run/media/sackb/Windows-SSD/Users/sackb/OneDrive/Desktop/University/Course_Work/2025-2026/Spring_2026/ECE_410/ECE410/project/post_m3_Minor_Redesign/tb/tb_top.sv Line:256
Error: AXI MONITOR: core_C changed while core is idle
Time: 17585 ns  Iteration: 0  Process: /tb_top/u_mon//tb_top/u_mon  Scope: tb_top.u_mon  File: /run/media/sackb/Windows-SSD/Users/sackb/OneDrive/Desktop/University/Course_Work/2025-2026/Spring_2026/ECE_410/ECE410/project/post_m3_Minor_Redesign/tb/tb_top.sv Line: 257

Time: 17595 ns Started: 17585 ns Scope: /tb_top/u_mon File: /run/media/sackb/Windows-SSD/Users/sackb/OneDrive/Desktop/University/Course_Work/2025-2026/Spring_2026/ECE_410/ECE410/project/post_m3_Minor_Redesign/tb/tb_top.sv Line:256
Error: AXI MONITOR: core_C changed while core is idle
Time: 17595 ns  Iteration: 0  Process: /tb_top/u_mon//tb_top/u_mon  Scope: tb_top.u_mon  File: /run/media/sackb/Windows-SSD/Users/sackb/OneDrive/Desktop/University/Course_Work/2025-2026/Spring_2026/ECE_410/ECE410/project/post_m3_Minor_Redesign/tb/tb_top.sv Line: 257
TB_TOP: Iteration 10 complete
TB_TOP: Starting iteration 11

Time: 17605 ns Started: 17595 ns Scope: /tb_top/u_mon File: /run/media/sackb/Windows-SSD/Users/sackb/OneDrive/Desktop/University/Course_Work/2025-2026/Spring_2026/ECE_410/ECE410/project/post_m3_Minor_Redesign/tb/tb_top.sv Line:256
Error: AXI MONITOR: core_C changed while core is idle
Time: 17605 ns  Iteration: 0  Process: /tb_top/u_mon//tb_top/u_mon  Scope: tb_top.u_mon  File: /run/media/sackb/Windows-SSD/Users/sackb/OneDrive/Desktop/University/Course_Work/2025-2026/Spring_2026/ECE_410/ECE410/project/post_m3_Minor_Redesign/tb/tb_top.sv Line: 257

Time: 17615 ns Started: 17605 ns Scope: /tb_top/u_mon File: /run/media/sackb/Windows-SSD/Users/sackb/OneDrive/Desktop/University/Course_Work/2025-2026/Spring_2026/ECE_410/ECE410/project/post_m3_Minor_Redesign/tb/tb_top.sv Line:256
Error: AXI MONITOR: core_C changed while core is idle
Time: 17615 ns  Iteration: 0  Process: /tb_top/u_mon//tb_top/u_mon  Scope: tb_top.u_mon  File: /run/media/sackb/Windows-SSD/Users/sackb/OneDrive/Desktop/University/Course_Work/2025-2026/Spring_2026/ECE_410/ECE410/project/post_m3_Minor_Redesign/tb/tb_top.sv Line: 257

Time: 17625 ns Started: 17615 ns Scope: /tb_top/u_mon File: /run/media/sackb/Windows-SSD/Users/sackb/OneDrive/Desktop/University/Course_Work/2025-2026/Spring_2026/ECE_410/ECE410/project/post_m3_Minor_Redesign/tb/tb_top.sv Line:256
Error: AXI MONITOR: core_C changed while core is idle
Time: 17625 ns  Iteration: 0  Process: /tb_top/u_mon//tb_top/u_mon  Scope: tb_top.u_mon  File: /run/media/sackb/Windows-SSD/Users/sackb/OneDrive/Desktop/University/Course_Work/2025-2026/Spring_2026/ECE_410/ECE410/project/post_m3_Minor_Redesign/tb/tb_top.sv Line: 257

Time: 17635 ns Started: 17625 ns Scope: /tb_top/u_mon File: /run/media/sackb/Windows-SSD/Users/sackb/OneDrive/Desktop/University/Course_Work/2025-2026/Spring_2026/ECE_410/ECE410/project/post_m3_Minor_Redesign/tb/tb_top.sv Line:256
Error: AXI MONITOR: core_C changed while core is idle
Time: 17635 ns  Iteration: 0  Process: /tb_top/u_mon//tb_top/u_mon  Scope: tb_top.u_mon  File: /run/media/sackb/Windows-SSD/Users/sackb/OneDrive/Desktop/University/Course_Work/2025-2026/Spring_2026/ECE_410/ECE410/project/post_m3_Minor_Redesign/tb/tb_top.sv Line: 257

Time: 17645 ns Started: 17635 ns Scope: /tb_top/u_mon File: /run/media/sackb/Windows-SSD/Users/sackb/OneDrive/Desktop/University/Course_Work/2025-2026/Spring_2026/ECE_410/ECE410/project/post_m3_Minor_Redesign/tb/tb_top.sv Line:256
Error: AXI MONITOR: core_C changed while core is idle
Time: 17645 ns  Iteration: 0  Process: /tb_top/u_mon//tb_top/u_mon  Scope: tb_top.u_mon  File: /run/media/sackb/Windows-SSD/Users/sackb/OneDrive/Desktop/University/Course_Work/2025-2026/Spring_2026/ECE_410/ECE410/project/post_m3_Minor_Redesign/tb/tb_top.sv Line: 257

Time: 17655 ns Started: 17645 ns Scope: /tb_top/u_mon File: /run/media/sackb/Windows-SSD/Users/sackb/OneDrive/Desktop/University/Course_Work/2025-2026/Spring_2026/ECE_410/ECE410/project/post_m3_Minor_Redesign/tb/tb_top.sv Line:256
Error: AXI MONITOR: core_C changed while core is idle
Time: 17655 ns  Iteration: 0  Process: /tb_top/u_mon//tb_top/u_mon  Scope: tb_top.u_mon  File: /run/media/sackb/Windows-SSD/Users/sackb/OneDrive/Desktop/University/Course_Work/2025-2026/Spring_2026/ECE_410/ECE410/project/post_m3_Minor_Redesign/tb/tb_top.sv Line: 257

Time: 17665 ns Started: 17655 ns Scope: /tb_top/u_mon File: /run/media/sackb/Windows-SSD/Users/sackb/OneDrive/Desktop/University/Course_Work/2025-2026/Spring_2026/ECE_410/ECE410/project/post_m3_Minor_Redesign/tb/tb_top.sv Line:256
Error: AXI MONITOR: core_C changed while core is idle
Time: 17665 ns  Iteration: 0  Process: /tb_top/u_mon//tb_top/u_mon  Scope: tb_top.u_mon  File: /run/media/sackb/Windows-SSD/Users/sackb/OneDrive/Desktop/University/Course_Work/2025-2026/Spring_2026/ECE_410/ECE410/project/post_m3_Minor_Redesign/tb/tb_top.sv Line: 257

Time: 17675 ns Started: 17665 ns Scope: /tb_top/u_mon File: /run/media/sackb/Windows-SSD/Users/sackb/OneDrive/Desktop/University/Course_Work/2025-2026/Spring_2026/ECE_410/ECE410/project/post_m3_Minor_Redesign/tb/tb_top.sv Line:256
Error: AXI MONITOR: core_C changed while core is idle
Time: 17675 ns  Iteration: 0  Process: /tb_top/u_mon//tb_top/u_mon  Scope: tb_top.u_mon  File: /run/media/sackb/Windows-SSD/Users/sackb/OneDrive/Desktop/University/Course_Work/2025-2026/Spring_2026/ECE_410/ECE410/project/post_m3_Minor_Redesign/tb/tb_top.sv Line: 257

Time: 17685 ns Started: 17675 ns Scope: /tb_top/u_mon File: /run/media/sackb/Windows-SSD/Users/sackb/OneDrive/Desktop/University/Course_Work/2025-2026/Spring_2026/ECE_410/ECE410/project/post_m3_Minor_Redesign/tb/tb_top.sv Line:256
Error: AXI MONITOR: core_C changed while core is idle
Time: 17685 ns  Iteration: 0  Process: /tb_top/u_mon//tb_top/u_mon  Scope: tb_top.u_mon  File: /run/media/sackb/Windows-SSD/Users/sackb/OneDrive/Desktop/University/Course_Work/2025-2026/Spring_2026/ECE_410/ECE410/project/post_m3_Minor_Redesign/tb/tb_top.sv Line: 257

Time: 17695 ns Started: 17685 ns Scope: /tb_top/u_mon File: /run/media/sackb/Windows-SSD/Users/sackb/OneDrive/Desktop/University/Course_Work/2025-2026/Spring_2026/ECE_410/ECE410/project/post_m3_Minor_Redesign/tb/tb_top.sv Line:256
Error: AXI MONITOR: core_C changed while core is idle
Time: 17695 ns  Iteration: 0  Process: /tb_top/u_mon//tb_top/u_mon  Scope: tb_top.u_mon  File: /run/media/sackb/Windows-SSD/Users/sackb/OneDrive/Desktop/University/Course_Work/2025-2026/Spring_2026/ECE_410/ECE410/project/post_m3_Minor_Redesign/tb/tb_top.sv Line: 257

Time: 17705 ns Started: 17695 ns Scope: /tb_top/u_mon File: /run/media/sackb/Windows-SSD/Users/sackb/OneDrive/Desktop/University/Course_Work/2025-2026/Spring_2026/ECE_410/ECE410/project/post_m3_Minor_Redesign/tb/tb_top.sv Line:256
Error: AXI MONITOR: core_C changed while core is idle
Time: 17705 ns  Iteration: 0  Process: /tb_top/u_mon//tb_top/u_mon  Scope: tb_top.u_mon  File: /run/media/sackb/Windows-SSD/Users/sackb/OneDrive/Desktop/University/Course_Work/2025-2026/Spring_2026/ECE_410/ECE410/project/post_m3_Minor_Redesign/tb/tb_top.sv Line: 257

Time: 17715 ns Started: 17705 ns Scope: /tb_top/u_mon File: /run/media/sackb/Windows-SSD/Users/sackb/OneDrive/Desktop/University/Course_Work/2025-2026/Spring_2026/ECE_410/ECE410/project/post_m3_Minor_Redesign/tb/tb_top.sv Line:256
Error: AXI MONITOR: core_C changed while core is idle
Time: 17715 ns  Iteration: 0  Process: /tb_top/u_mon//tb_top/u_mon  Scope: tb_top.u_mon  File: /run/media/sackb/Windows-SSD/Users/sackb/OneDrive/Desktop/University/Course_Work/2025-2026/Spring_2026/ECE_410/ECE410/project/post_m3_Minor_Redesign/tb/tb_top.sv Line: 257

Time: 17725 ns Started: 17715 ns Scope: /tb_top/u_mon File: /run/media/sackb/Windows-SSD/Users/sackb/OneDrive/Desktop/University/Course_Work/2025-2026/Spring_2026/ECE_410/ECE410/project/post_m3_Minor_Redesign/tb/tb_top.sv Line:256
Error: AXI MONITOR: core_C changed while core is idle
Time: 17725 ns  Iteration: 0  Process: /tb_top/u_mon//tb_top/u_mon  Scope: tb_top.u_mon  File: /run/media/sackb/Windows-SSD/Users/sackb/OneDrive/Desktop/University/Course_Work/2025-2026/Spring_2026/ECE_410/ECE410/project/post_m3_Minor_Redesign/tb/tb_top.sv Line: 257

Time: 17735 ns Started: 17725 ns Scope: /tb_top/u_mon File: /run/media/sackb/Windows-SSD/Users/sackb/OneDrive/Desktop/University/Course_Work/2025-2026/Spring_2026/ECE_410/ECE410/project/post_m3_Minor_Redesign/tb/tb_top.sv Line:256
Error: AXI MONITOR: core_C changed while core is idle
Time: 17735 ns  Iteration: 0  Process: /tb_top/u_mon//tb_top/u_mon  Scope: tb_top.u_mon  File: /run/media/sackb/Windows-SSD/Users/sackb/OneDrive/Desktop/University/Course_Work/2025-2026/Spring_2026/ECE_410/ECE410/project/post_m3_Minor_Redesign/tb/tb_top.sv Line: 257

Time: 17745 ns Started: 17735 ns Scope: /tb_top/u_mon File: /run/media/sackb/Windows-SSD/Users/sackb/OneDrive/Desktop/University/Course_Work/2025-2026/Spring_2026/ECE_410/ECE410/project/post_m3_Minor_Redesign/tb/tb_top.sv Line:256
Error: AXI MONITOR: core_C changed while core is idle
Time: 17745 ns  Iteration: 0  Process: /tb_top/u_mon//tb_top/u_mon  Scope: tb_top.u_mon  File: /run/media/sackb/Windows-SSD/Users/sackb/OneDrive/Desktop/University/Course_Work/2025-2026/Spring_2026/ECE_410/ECE410/project/post_m3_Minor_Redesign/tb/tb_top.sv Line: 257

Time: 17755 ns Started: 17745 ns Scope: /tb_top/u_mon File: /run/media/sackb/Windows-SSD/Users/sackb/OneDrive/Desktop/University/Course_Work/2025-2026/Spring_2026/ECE_410/ECE410/project/post_m3_Minor_Redesign/tb/tb_top.sv Line:256
Error: AXI MONITOR: core_C changed while core is idle
Time: 17755 ns  Iteration: 0  Process: /tb_top/u_mon//tb_top/u_mon  Scope: tb_top.u_mon  File: /run/media/sackb/Windows-SSD/Users/sackb/OneDrive/Desktop/University/Course_Work/2025-2026/Spring_2026/ECE_410/ECE410/project/post_m3_Minor_Redesign/tb/tb_top.sv Line: 257

Time: 17765 ns Started: 17755 ns Scope: /tb_top/u_mon File: /run/media/sackb/Windows-SSD/Users/sackb/OneDrive/Desktop/University/Course_Work/2025-2026/Spring_2026/ECE_410/ECE410/project/post_m3_Minor_Redesign/tb/tb_top.sv Line:256
Error: AXI MONITOR: core_C changed while core is idle
Time: 17765 ns  Iteration: 0  Process: /tb_top/u_mon//tb_top/u_mon  Scope: tb_top.u_mon  File: /run/media/sackb/Windows-SSD/Users/sackb/OneDrive/Desktop/University/Course_Work/2025-2026/Spring_2026/ECE_410/ECE410/project/post_m3_Minor_Redesign/tb/tb_top.sv Line: 257

Time: 17775 ns Started: 17765 ns Scope: /tb_top/u_mon File: /run/media/sackb/Windows-SSD/Users/sackb/OneDrive/Desktop/University/Course_Work/2025-2026/Spring_2026/ECE_410/ECE410/project/post_m3_Minor_Redesign/tb/tb_top.sv Line:256
Error: AXI MONITOR: core_C changed while core is idle
Time: 17775 ns  Iteration: 0  Process: /tb_top/u_mon//tb_top/u_mon  Scope: tb_top.u_mon  File: /run/media/sackb/Windows-SSD/Users/sackb/OneDrive/Desktop/University/Course_Work/2025-2026/Spring_2026/ECE_410/ECE410/project/post_m3_Minor_Redesign/tb/tb_top.sv Line: 257

Time: 17785 ns Started: 17775 ns Scope: /tb_top/u_mon File: /run/media/sackb/Windows-SSD/Users/sackb/OneDrive/Desktop/University/Course_Work/2025-2026/Spring_2026/ECE_410/ECE410/project/post_m3_Minor_Redesign/tb/tb_top.sv Line:256
Error: AXI MONITOR: core_C changed while core is idle
Time: 17785 ns  Iteration: 0  Process: /tb_top/u_mon//tb_top/u_mon  Scope: tb_top.u_mon  File: /run/media/sackb/Windows-SSD/Users/sackb/OneDrive/Desktop/University/Course_Work/2025-2026/Spring_2026/ECE_410/ECE410/project/post_m3_Minor_Redesign/tb/tb_top.sv Line: 257

Time: 17795 ns Started: 17785 ns Scope: /tb_top/u_mon File: /run/media/sackb/Windows-SSD/Users/sackb/OneDrive/Desktop/University/Course_Work/2025-2026/Spring_2026/ECE_410/ECE410/project/post_m3_Minor_Redesign/tb/tb_top.sv Line:256
Error: AXI MONITOR: core_C changed while core is idle
Time: 17795 ns  Iteration: 0  Process: /tb_top/u_mon//tb_top/u_mon  Scope: tb_top.u_mon  File: /run/media/sackb/Windows-SSD/Users/sackb/OneDrive/Desktop/University/Course_Work/2025-2026/Spring_2026/ECE_410/ECE410/project/post_m3_Minor_Redesign/tb/tb_top.sv Line: 257

Time: 17805 ns Started: 17795 ns Scope: /tb_top/u_mon File: /run/media/sackb/Windows-SSD/Users/sackb/OneDrive/Desktop/University/Course_Work/2025-2026/Spring_2026/ECE_410/ECE410/project/post_m3_Minor_Redesign/tb/tb_top.sv Line:256
Error: AXI MONITOR: core_C changed while core is idle
Time: 17805 ns  Iteration: 0  Process: /tb_top/u_mon//tb_top/u_mon  Scope: tb_top.u_mon  File: /run/media/sackb/Windows-SSD/Users/sackb/OneDrive/Desktop/University/Course_Work/2025-2026/Spring_2026/ECE_410/ECE410/project/post_m3_Minor_Redesign/tb/tb_top.sv Line: 257

Time: 17815 ns Started: 17805 ns Scope: /tb_top/u_mon File: /run/media/sackb/Windows-SSD/Users/sackb/OneDrive/Desktop/University/Course_Work/2025-2026/Spring_2026/ECE_410/ECE410/project/post_m3_Minor_Redesign/tb/tb_top.sv Line:256
Error: AXI MONITOR: core_C changed while core is idle
Time: 17815 ns  Iteration: 0  Process: /tb_top/u_mon//tb_top/u_mon  Scope: tb_top.u_mon  File: /run/media/sackb/Windows-SSD/Users/sackb/OneDrive/Desktop/University/Course_Work/2025-2026/Spring_2026/ECE_410/ECE410/project/post_m3_Minor_Redesign/tb/tb_top.sv Line: 257

Time: 17825 ns Started: 17815 ns Scope: /tb_top/u_mon File: /run/media/sackb/Windows-SSD/Users/sackb/OneDrive/Desktop/University/Course_Work/2025-2026/Spring_2026/ECE_410/ECE410/project/post_m3_Minor_Redesign/tb/tb_top.sv Line:256
Error: AXI MONITOR: core_C changed while core is idle
Time: 17825 ns  Iteration: 0  Process: /tb_top/u_mon//tb_top/u_mon  Scope: tb_top.u_mon  File: /run/media/sackb/Windows-SSD/Users/sackb/OneDrive/Desktop/University/Course_Work/2025-2026/Spring_2026/ECE_410/ECE410/project/post_m3_Minor_Redesign/tb/tb_top.sv Line: 257

Time: 17835 ns Started: 17825 ns Scope: /tb_top/u_mon File: /run/media/sackb/Windows-SSD/Users/sackb/OneDrive/Desktop/University/Course_Work/2025-2026/Spring_2026/ECE_410/ECE410/project/post_m3_Minor_Redesign/tb/tb_top.sv Line:256
Error: AXI MONITOR: core_C changed while core is idle
Time: 17835 ns  Iteration: 0  Process: /tb_top/u_mon//tb_top/u_mon  Scope: tb_top.u_mon  File: /run/media/sackb/Windows-SSD/Users/sackb/OneDrive/Desktop/University/Course_Work/2025-2026/Spring_2026/ECE_410/ECE410/project/post_m3_Minor_Redesign/tb/tb_top.sv Line: 257

Time: 17845 ns Started: 17835 ns Scope: /tb_top/u_mon File: /run/media/sackb/Windows-SSD/Users/sackb/OneDrive/Desktop/University/Course_Work/2025-2026/Spring_2026/ECE_410/ECE410/project/post_m3_Minor_Redesign/tb/tb_top.sv Line:256
Error: AXI MONITOR: core_C changed while core is idle
Time: 17845 ns  Iteration: 0  Process: /tb_top/u_mon//tb_top/u_mon  Scope: tb_top.u_mon  File: /run/media/sackb/Windows-SSD/Users/sackb/OneDrive/Desktop/University/Course_Work/2025-2026/Spring_2026/ECE_410/ECE410/project/post_m3_Minor_Redesign/tb/tb_top.sv Line: 257

Time: 17855 ns Started: 17845 ns Scope: /tb_top/u_mon File: /run/media/sackb/Windows-SSD/Users/sackb/OneDrive/Desktop/University/Course_Work/2025-2026/Spring_2026/ECE_410/ECE410/project/post_m3_Minor_Redesign/tb/tb_top.sv Line:256
Error: AXI MONITOR: core_C changed while core is idle
Time: 17855 ns  Iteration: 0  Process: /tb_top/u_mon//tb_top/u_mon  Scope: tb_top.u_mon  File: /run/media/sackb/Windows-SSD/Users/sackb/OneDrive/Desktop/University/Course_Work/2025-2026/Spring_2026/ECE_410/ECE410/project/post_m3_Minor_Redesign/tb/tb_top.sv Line: 257

Time: 17865 ns Started: 17855 ns Scope: /tb_top/u_mon File: /run/media/sackb/Windows-SSD/Users/sackb/OneDrive/Desktop/University/Course_Work/2025-2026/Spring_2026/ECE_410/ECE410/project/post_m3_Minor_Redesign/tb/tb_top.sv Line:256
Error: AXI MONITOR: core_C changed while core is idle
Time: 17865 ns  Iteration: 0  Process: /tb_top/u_mon//tb_top/u_mon  Scope: tb_top.u_mon  File: /run/media/sackb/Windows-SSD/Users/sackb/OneDrive/Desktop/University/Course_Work/2025-2026/Spring_2026/ECE_410/ECE410/project/post_m3_Minor_Redesign/tb/tb_top.sv Line: 257

Time: 17875 ns Started: 17865 ns Scope: /tb_top/u_mon File: /run/media/sackb/Windows-SSD/Users/sackb/OneDrive/Desktop/University/Course_Work/2025-2026/Spring_2026/ECE_410/ECE410/project/post_m3_Minor_Redesign/tb/tb_top.sv Line:256
Error: AXI MONITOR: core_C changed while core is idle
Time: 17875 ns  Iteration: 0  Process: /tb_top/u_mon//tb_top/u_mon  Scope: tb_top.u_mon  File: /run/media/sackb/Windows-SSD/Users/sackb/OneDrive/Desktop/University/Course_Work/2025-2026/Spring_2026/ECE_410/ECE410/project/post_m3_Minor_Redesign/tb/tb_top.sv Line: 257

Time: 17885 ns Started: 17875 ns Scope: /tb_top/u_mon File: /run/media/sackb/Windows-SSD/Users/sackb/OneDrive/Desktop/University/Course_Work/2025-2026/Spring_2026/ECE_410/ECE410/project/post_m3_Minor_Redesign/tb/tb_top.sv Line:256
Error: AXI MONITOR: core_C changed while core is idle
Time: 17885 ns  Iteration: 0  Process: /tb_top/u_mon//tb_top/u_mon  Scope: tb_top.u_mon  File: /run/media/sackb/Windows-SSD/Users/sackb/OneDrive/Desktop/University/Course_Work/2025-2026/Spring_2026/ECE_410/ECE410/project/post_m3_Minor_Redesign/tb/tb_top.sv Line: 257

Time: 17895 ns Started: 17885 ns Scope: /tb_top/u_mon File: /run/media/sackb/Windows-SSD/Users/sackb/OneDrive/Desktop/University/Course_Work/2025-2026/Spring_2026/ECE_410/ECE410/project/post_m3_Minor_Redesign/tb/tb_top.sv Line:256
Error: AXI MONITOR: core_C changed while core is idle
Time: 17895 ns  Iteration: 0  Process: /tb_top/u_mon//tb_top/u_mon  Scope: tb_top.u_mon  File: /run/media/sackb/Windows-SSD/Users/sackb/OneDrive/Desktop/University/Course_Work/2025-2026/Spring_2026/ECE_410/ECE410/project/post_m3_Minor_Redesign/tb/tb_top.sv Line: 257

Time: 17905 ns Started: 17895 ns Scope: /tb_top/u_mon File: /run/media/sackb/Windows-SSD/Users/sackb/OneDrive/Desktop/University/Course_Work/2025-2026/Spring_2026/ECE_410/ECE410/project/post_m3_Minor_Redesign/tb/tb_top.sv Line:256
Error: AXI MONITOR: core_C changed while core is idle
Time: 17905 ns  Iteration: 0  Process: /tb_top/u_mon//tb_top/u_mon  Scope: tb_top.u_mon  File: /run/media/sackb/Windows-SSD/Users/sackb/OneDrive/Desktop/University/Course_Work/2025-2026/Spring_2026/ECE_410/ECE410/project/post_m3_Minor_Redesign/tb/tb_top.sv Line: 257

Time: 17915 ns Started: 17905 ns Scope: /tb_top/u_mon File: /run/media/sackb/Windows-SSD/Users/sackb/OneDrive/Desktop/University/Course_Work/2025-2026/Spring_2026/ECE_410/ECE410/project/post_m3_Minor_Redesign/tb/tb_top.sv Line:256
Error: AXI MONITOR: core_C changed while core is idle
Time: 17915 ns  Iteration: 0  Process: /tb_top/u_mon//tb_top/u_mon  Scope: tb_top.u_mon  File: /run/media/sackb/Windows-SSD/Users/sackb/OneDrive/Desktop/University/Course_Work/2025-2026/Spring_2026/ECE_410/ECE410/project/post_m3_Minor_Redesign/tb/tb_top.sv Line: 257

Time: 17925 ns Started: 17915 ns Scope: /tb_top/u_mon File: /run/media/sackb/Windows-SSD/Users/sackb/OneDrive/Desktop/University/Course_Work/2025-2026/Spring_2026/ECE_410/ECE410/project/post_m3_Minor_Redesign/tb/tb_top.sv Line:256
Error: AXI MONITOR: core_C changed while core is idle
Time: 17925 ns  Iteration: 0  Process: /tb_top/u_mon//tb_top/u_mon  Scope: tb_top.u_mon  File: /run/media/sackb/Windows-SSD/Users/sackb/OneDrive/Desktop/University/Course_Work/2025-2026/Spring_2026/ECE_410/ECE410/project/post_m3_Minor_Redesign/tb/tb_top.sv Line: 257

Time: 17935 ns Started: 17925 ns Scope: /tb_top/u_mon File: /run/media/sackb/Windows-SSD/Users/sackb/OneDrive/Desktop/University/Course_Work/2025-2026/Spring_2026/ECE_410/ECE410/project/post_m3_Minor_Redesign/tb/tb_top.sv Line:256
Error: AXI MONITOR: core_C changed while core is idle
Time: 17935 ns  Iteration: 0  Process: /tb_top/u_mon//tb_top/u_mon  Scope: tb_top.u_mon  File: /run/media/sackb/Windows-SSD/Users/sackb/OneDrive/Desktop/University/Course_Work/2025-2026/Spring_2026/ECE_410/ECE410/project/post_m3_Minor_Redesign/tb/tb_top.sv Line: 257

Time: 17945 ns Started: 17935 ns Scope: /tb_top/u_mon File: /run/media/sackb/Windows-SSD/Users/sackb/OneDrive/Desktop/University/Course_Work/2025-2026/Spring_2026/ECE_410/ECE410/project/post_m3_Minor_Redesign/tb/tb_top.sv Line:256
Error: AXI MONITOR: core_C changed while core is idle
Time: 17945 ns  Iteration: 0  Process: /tb_top/u_mon//tb_top/u_mon  Scope: tb_top.u_mon  File: /run/media/sackb/Windows-SSD/Users/sackb/OneDrive/Desktop/University/Course_Work/2025-2026/Spring_2026/ECE_410/ECE410/project/post_m3_Minor_Redesign/tb/tb_top.sv Line: 257

Time: 17955 ns Started: 17945 ns Scope: /tb_top/u_mon File: /run/media/sackb/Windows-SSD/Users/sackb/OneDrive/Desktop/University/Course_Work/2025-2026/Spring_2026/ECE_410/ECE410/project/post_m3_Minor_Redesign/tb/tb_top.sv Line:256
Error: AXI MONITOR: core_C changed while core is idle
Time: 17955 ns  Iteration: 0  Process: /tb_top/u_mon//tb_top/u_mon  Scope: tb_top.u_mon  File: /run/media/sackb/Windows-SSD/Users/sackb/OneDrive/Desktop/University/Course_Work/2025-2026/Spring_2026/ECE_410/ECE410/project/post_m3_Minor_Redesign/tb/tb_top.sv Line: 257

Time: 17965 ns Started: 17955 ns Scope: /tb_top/u_mon File: /run/media/sackb/Windows-SSD/Users/sackb/OneDrive/Desktop/University/Course_Work/2025-2026/Spring_2026/ECE_410/ECE410/project/post_m3_Minor_Redesign/tb/tb_top.sv Line:256
Error: AXI MONITOR: core_C changed while core is idle
Time: 17965 ns  Iteration: 0  Process: /tb_top/u_mon//tb_top/u_mon  Scope: tb_top.u_mon  File: /run/media/sackb/Windows-SSD/Users/sackb/OneDrive/Desktop/University/Course_Work/2025-2026/Spring_2026/ECE_410/ECE410/project/post_m3_Minor_Redesign/tb/tb_top.sv Line: 257

Time: 17975 ns Started: 17965 ns Scope: /tb_top/u_mon File: /run/media/sackb/Windows-SSD/Users/sackb/OneDrive/Desktop/University/Course_Work/2025-2026/Spring_2026/ECE_410/ECE410/project/post_m3_Minor_Redesign/tb/tb_top.sv Line:256
Error: AXI MONITOR: core_C changed while core is idle
Time: 17975 ns  Iteration: 0  Process: /tb_top/u_mon//tb_top/u_mon  Scope: tb_top.u_mon  File: /run/media/sackb/Windows-SSD/Users/sackb/OneDrive/Desktop/University/Course_Work/2025-2026/Spring_2026/ECE_410/ECE410/project/post_m3_Minor_Redesign/tb/tb_top.sv Line: 257

Time: 17985 ns Started: 17975 ns Scope: /tb_top/u_mon File: /run/media/sackb/Windows-SSD/Users/sackb/OneDrive/Desktop/University/Course_Work/2025-2026/Spring_2026/ECE_410/ECE410/project/post_m3_Minor_Redesign/tb/tb_top.sv Line:256
Error: AXI MONITOR: core_C changed while core is idle
Time: 17985 ns  Iteration: 0  Process: /tb_top/u_mon//tb_top/u_mon  Scope: tb_top.u_mon  File: /run/media/sackb/Windows-SSD/Users/sackb/OneDrive/Desktop/University/Course_Work/2025-2026/Spring_2026/ECE_410/ECE410/project/post_m3_Minor_Redesign/tb/tb_top.sv Line: 257

Time: 17995 ns Started: 17985 ns Scope: /tb_top/u_mon File: /run/media/sackb/Windows-SSD/Users/sackb/OneDrive/Desktop/University/Course_Work/2025-2026/Spring_2026/ECE_410/ECE410/project/post_m3_Minor_Redesign/tb/tb_top.sv Line:256
Error: AXI MONITOR: core_C changed while core is idle
Time: 17995 ns  Iteration: 0  Process: /tb_top/u_mon//tb_top/u_mon  Scope: tb_top.u_mon  File: /run/media/sackb/Windows-SSD/Users/sackb/OneDrive/Desktop/University/Course_Work/2025-2026/Spring_2026/ECE_410/ECE410/project/post_m3_Minor_Redesign/tb/tb_top.sv Line: 257

Time: 18005 ns Started: 17995 ns Scope: /tb_top/u_mon File: /run/media/sackb/Windows-SSD/Users/sackb/OneDrive/Desktop/University/Course_Work/2025-2026/Spring_2026/ECE_410/ECE410/project/post_m3_Minor_Redesign/tb/tb_top.sv Line:256
Error: AXI MONITOR: core_C changed while core is idle
Time: 18005 ns  Iteration: 0  Process: /tb_top/u_mon//tb_top/u_mon  Scope: tb_top.u_mon  File: /run/media/sackb/Windows-SSD/Users/sackb/OneDrive/Desktop/University/Course_Work/2025-2026/Spring_2026/ECE_410/ECE410/project/post_m3_Minor_Redesign/tb/tb_top.sv Line: 257

Time: 18015 ns Started: 18005 ns Scope: /tb_top/u_mon File: /run/media/sackb/Windows-SSD/Users/sackb/OneDrive/Desktop/University/Course_Work/2025-2026/Spring_2026/ECE_410/ECE410/project/post_m3_Minor_Redesign/tb/tb_top.sv Line:256
Error: AXI MONITOR: core_C changed while core is idle
Time: 18015 ns  Iteration: 0  Process: /tb_top/u_mon//tb_top/u_mon  Scope: tb_top.u_mon  File: /run/media/sackb/Windows-SSD/Users/sackb/OneDrive/Desktop/University/Course_Work/2025-2026/Spring_2026/ECE_410/ECE410/project/post_m3_Minor_Redesign/tb/tb_top.sv Line: 257

Time: 18025 ns Started: 18015 ns Scope: /tb_top/u_mon File: /run/media/sackb/Windows-SSD/Users/sackb/OneDrive/Desktop/University/Course_Work/2025-2026/Spring_2026/ECE_410/ECE410/project/post_m3_Minor_Redesign/tb/tb_top.sv Line:256
Error: AXI MONITOR: core_C changed while core is idle
Time: 18025 ns  Iteration: 0  Process: /tb_top/u_mon//tb_top/u_mon  Scope: tb_top.u_mon  File: /run/media/sackb/Windows-SSD/Users/sackb/OneDrive/Desktop/University/Course_Work/2025-2026/Spring_2026/ECE_410/ECE410/project/post_m3_Minor_Redesign/tb/tb_top.sv Line: 257

Time: 18035 ns Started: 18025 ns Scope: /tb_top/u_mon File: /run/media/sackb/Windows-SSD/Users/sackb/OneDrive/Desktop/University/Course_Work/2025-2026/Spring_2026/ECE_410/ECE410/project/post_m3_Minor_Redesign/tb/tb_top.sv Line:256
Error: AXI MONITOR: core_C changed while core is idle
Time: 18035 ns  Iteration: 0  Process: /tb_top/u_mon//tb_top/u_mon  Scope: tb_top.u_mon  File: /run/media/sackb/Windows-SSD/Users/sackb/OneDrive/Desktop/University/Course_Work/2025-2026/Spring_2026/ECE_410/ECE410/project/post_m3_Minor_Redesign/tb/tb_top.sv Line: 257

Time: 18045 ns Started: 18035 ns Scope: /tb_top/u_mon File: /run/media/sackb/Windows-SSD/Users/sackb/OneDrive/Desktop/University/Course_Work/2025-2026/Spring_2026/ECE_410/ECE410/project/post_m3_Minor_Redesign/tb/tb_top.sv Line:256
Error: AXI MONITOR: core_C changed while core is idle
Time: 18045 ns  Iteration: 0  Process: /tb_top/u_mon//tb_top/u_mon  Scope: tb_top.u_mon  File: /run/media/sackb/Windows-SSD/Users/sackb/OneDrive/Desktop/University/Course_Work/2025-2026/Spring_2026/ECE_410/ECE410/project/post_m3_Minor_Redesign/tb/tb_top.sv Line: 257

Time: 18055 ns Started: 18045 ns Scope: /tb_top/u_mon File: /run/media/sackb/Windows-SSD/Users/sackb/OneDrive/Desktop/University/Course_Work/2025-2026/Spring_2026/ECE_410/ECE410/project/post_m3_Minor_Redesign/tb/tb_top.sv Line:256
Error: AXI MONITOR: core_C changed while core is idle
Time: 18055 ns  Iteration: 0  Process: /tb_top/u_mon//tb_top/u_mon  Scope: tb_top.u_mon  File: /run/media/sackb/Windows-SSD/Users/sackb/OneDrive/Desktop/University/Course_Work/2025-2026/Spring_2026/ECE_410/ECE410/project/post_m3_Minor_Redesign/tb/tb_top.sv Line: 257

Time: 18065 ns Started: 18055 ns Scope: /tb_top/u_mon File: /run/media/sackb/Windows-SSD/Users/sackb/OneDrive/Desktop/University/Course_Work/2025-2026/Spring_2026/ECE_410/ECE410/project/post_m3_Minor_Redesign/tb/tb_top.sv Line:256
Error: AXI MONITOR: core_C changed while core is idle
Time: 18065 ns  Iteration: 0  Process: /tb_top/u_mon//tb_top/u_mon  Scope: tb_top.u_mon  File: /run/media/sackb/Windows-SSD/Users/sackb/OneDrive/Desktop/University/Course_Work/2025-2026/Spring_2026/ECE_410/ECE410/project/post_m3_Minor_Redesign/tb/tb_top.sv Line: 257

Time: 18075 ns Started: 18065 ns Scope: /tb_top/u_mon File: /run/media/sackb/Windows-SSD/Users/sackb/OneDrive/Desktop/University/Course_Work/2025-2026/Spring_2026/ECE_410/ECE410/project/post_m3_Minor_Redesign/tb/tb_top.sv Line:256
Error: AXI MONITOR: core_C changed while core is idle
Time: 18075 ns  Iteration: 0  Process: /tb_top/u_mon//tb_top/u_mon  Scope: tb_top.u_mon  File: /run/media/sackb/Windows-SSD/Users/sackb/OneDrive/Desktop/University/Course_Work/2025-2026/Spring_2026/ECE_410/ECE410/project/post_m3_Minor_Redesign/tb/tb_top.sv Line: 257

Time: 18085 ns Started: 18075 ns Scope: /tb_top/u_mon File: /run/media/sackb/Windows-SSD/Users/sackb/OneDrive/Desktop/University/Course_Work/2025-2026/Spring_2026/ECE_410/ECE410/project/post_m3_Minor_Redesign/tb/tb_top.sv Line:256
Error: AXI MONITOR: core_C changed while core is idle
Time: 18085 ns  Iteration: 0  Process: /tb_top/u_mon//tb_top/u_mon  Scope: tb_top.u_mon  File: /run/media/sackb/Windows-SSD/Users/sackb/OneDrive/Desktop/University/Course_Work/2025-2026/Spring_2026/ECE_410/ECE410/project/post_m3_Minor_Redesign/tb/tb_top.sv Line: 257

Time: 18095 ns Started: 18085 ns Scope: /tb_top/u_mon File: /run/media/sackb/Windows-SSD/Users/sackb/OneDrive/Desktop/University/Course_Work/2025-2026/Spring_2026/ECE_410/ECE410/project/post_m3_Minor_Redesign/tb/tb_top.sv Line:256
Error: AXI MONITOR: core_C changed while core is idle
Time: 18095 ns  Iteration: 0  Process: /tb_top/u_mon//tb_top/u_mon  Scope: tb_top.u_mon  File: /run/media/sackb/Windows-SSD/Users/sackb/OneDrive/Desktop/University/Course_Work/2025-2026/Spring_2026/ECE_410/ECE410/project/post_m3_Minor_Redesign/tb/tb_top.sv Line: 257

Time: 18105 ns Started: 18095 ns Scope: /tb_top/u_mon File: /run/media/sackb/Windows-SSD/Users/sackb/OneDrive/Desktop/University/Course_Work/2025-2026/Spring_2026/ECE_410/ECE410/project/post_m3_Minor_Redesign/tb/tb_top.sv Line:256
Error: AXI MONITOR: core_C changed while core is idle
Time: 18105 ns  Iteration: 0  Process: /tb_top/u_mon//tb_top/u_mon  Scope: tb_top.u_mon  File: /run/media/sackb/Windows-SSD/Users/sackb/OneDrive/Desktop/University/Course_Work/2025-2026/Spring_2026/ECE_410/ECE410/project/post_m3_Minor_Redesign/tb/tb_top.sv Line: 257

Time: 18115 ns Started: 18105 ns Scope: /tb_top/u_mon File: /run/media/sackb/Windows-SSD/Users/sackb/OneDrive/Desktop/University/Course_Work/2025-2026/Spring_2026/ECE_410/ECE410/project/post_m3_Minor_Redesign/tb/tb_top.sv Line:256
Error: AXI MONITOR: core_C changed while core is idle
Time: 18115 ns  Iteration: 0  Process: /tb_top/u_mon//tb_top/u_mon  Scope: tb_top.u_mon  File: /run/media/sackb/Windows-SSD/Users/sackb/OneDrive/Desktop/University/Course_Work/2025-2026/Spring_2026/ECE_410/ECE410/project/post_m3_Minor_Redesign/tb/tb_top.sv Line: 257

Time: 18125 ns Started: 18115 ns Scope: /tb_top/u_mon File: /run/media/sackb/Windows-SSD/Users/sackb/OneDrive/Desktop/University/Course_Work/2025-2026/Spring_2026/ECE_410/ECE410/project/post_m3_Minor_Redesign/tb/tb_top.sv Line:256
Error: AXI MONITOR: core_C changed while core is idle
Time: 18125 ns  Iteration: 0  Process: /tb_top/u_mon//tb_top/u_mon  Scope: tb_top.u_mon  File: /run/media/sackb/Windows-SSD/Users/sackb/OneDrive/Desktop/University/Course_Work/2025-2026/Spring_2026/ECE_410/ECE410/project/post_m3_Minor_Redesign/tb/tb_top.sv Line: 257

Time: 18135 ns Started: 18125 ns Scope: /tb_top/u_mon File: /run/media/sackb/Windows-SSD/Users/sackb/OneDrive/Desktop/University/Course_Work/2025-2026/Spring_2026/ECE_410/ECE410/project/post_m3_Minor_Redesign/tb/tb_top.sv Line:256
Error: AXI MONITOR: core_C changed while core is idle
Time: 18135 ns  Iteration: 0  Process: /tb_top/u_mon//tb_top/u_mon  Scope: tb_top.u_mon  File: /run/media/sackb/Windows-SSD/Users/sackb/OneDrive/Desktop/University/Course_Work/2025-2026/Spring_2026/ECE_410/ECE410/project/post_m3_Minor_Redesign/tb/tb_top.sv Line: 257

Time: 18145 ns Started: 18135 ns Scope: /tb_top/u_mon File: /run/media/sackb/Windows-SSD/Users/sackb/OneDrive/Desktop/University/Course_Work/2025-2026/Spring_2026/ECE_410/ECE410/project/post_m3_Minor_Redesign/tb/tb_top.sv Line:256
Error: AXI MONITOR: core_C changed while core is idle
Time: 18145 ns  Iteration: 0  Process: /tb_top/u_mon//tb_top/u_mon  Scope: tb_top.u_mon  File: /run/media/sackb/Windows-SSD/Users/sackb/OneDrive/Desktop/University/Course_Work/2025-2026/Spring_2026/ECE_410/ECE410/project/post_m3_Minor_Redesign/tb/tb_top.sv Line: 257

Time: 18155 ns Started: 18145 ns Scope: /tb_top/u_mon File: /run/media/sackb/Windows-SSD/Users/sackb/OneDrive/Desktop/University/Course_Work/2025-2026/Spring_2026/ECE_410/ECE410/project/post_m3_Minor_Redesign/tb/tb_top.sv Line:256
Error: AXI MONITOR: core_C changed while core is idle
Time: 18155 ns  Iteration: 0  Process: /tb_top/u_mon//tb_top/u_mon  Scope: tb_top.u_mon  File: /run/media/sackb/Windows-SSD/Users/sackb/OneDrive/Desktop/University/Course_Work/2025-2026/Spring_2026/ECE_410/ECE410/project/post_m3_Minor_Redesign/tb/tb_top.sv Line: 257

Time: 18165 ns Started: 18155 ns Scope: /tb_top/u_mon File: /run/media/sackb/Windows-SSD/Users/sackb/OneDrive/Desktop/University/Course_Work/2025-2026/Spring_2026/ECE_410/ECE410/project/post_m3_Minor_Redesign/tb/tb_top.sv Line:256
Error: AXI MONITOR: core_C changed while core is idle
Time: 18165 ns  Iteration: 0  Process: /tb_top/u_mon//tb_top/u_mon  Scope: tb_top.u_mon  File: /run/media/sackb/Windows-SSD/Users/sackb/OneDrive/Desktop/University/Course_Work/2025-2026/Spring_2026/ECE_410/ECE410/project/post_m3_Minor_Redesign/tb/tb_top.sv Line: 257

Time: 18175 ns Started: 18165 ns Scope: /tb_top/u_mon File: /run/media/sackb/Windows-SSD/Users/sackb/OneDrive/Desktop/University/Course_Work/2025-2026/Spring_2026/ECE_410/ECE410/project/post_m3_Minor_Redesign/tb/tb_top.sv Line:256
Error: AXI MONITOR: core_C changed while core is idle
Time: 18175 ns  Iteration: 0  Process: /tb_top/u_mon//tb_top/u_mon  Scope: tb_top.u_mon  File: /run/media/sackb/Windows-SSD/Users/sackb/OneDrive/Desktop/University/Course_Work/2025-2026/Spring_2026/ECE_410/ECE410/project/post_m3_Minor_Redesign/tb/tb_top.sv Line: 257

Time: 18185 ns Started: 18175 ns Scope: /tb_top/u_mon File: /run/media/sackb/Windows-SSD/Users/sackb/OneDrive/Desktop/University/Course_Work/2025-2026/Spring_2026/ECE_410/ECE410/project/post_m3_Minor_Redesign/tb/tb_top.sv Line:256
Error: AXI MONITOR: core_C changed while core is idle
Time: 18185 ns  Iteration: 0  Process: /tb_top/u_mon//tb_top/u_mon  Scope: tb_top.u_mon  File: /run/media/sackb/Windows-SSD/Users/sackb/OneDrive/Desktop/University/Course_Work/2025-2026/Spring_2026/ECE_410/ECE410/project/post_m3_Minor_Redesign/tb/tb_top.sv Line: 257

Time: 18195 ns Started: 18185 ns Scope: /tb_top/u_mon File: /run/media/sackb/Windows-SSD/Users/sackb/OneDrive/Desktop/University/Course_Work/2025-2026/Spring_2026/ECE_410/ECE410/project/post_m3_Minor_Redesign/tb/tb_top.sv Line:256
Error: AXI MONITOR: core_C changed while core is idle
Time: 18195 ns  Iteration: 0  Process: /tb_top/u_mon//tb_top/u_mon  Scope: tb_top.u_mon  File: /run/media/sackb/Windows-SSD/Users/sackb/OneDrive/Desktop/University/Course_Work/2025-2026/Spring_2026/ECE_410/ECE410/project/post_m3_Minor_Redesign/tb/tb_top.sv Line: 257

Time: 18205 ns Started: 18195 ns Scope: /tb_top/u_mon File: /run/media/sackb/Windows-SSD/Users/sackb/OneDrive/Desktop/University/Course_Work/2025-2026/Spring_2026/ECE_410/ECE410/project/post_m3_Minor_Redesign/tb/tb_top.sv Line:256
Error: AXI MONITOR: core_C changed while core is idle
Time: 18205 ns  Iteration: 0  Process: /tb_top/u_mon//tb_top/u_mon  Scope: tb_top.u_mon  File: /run/media/sackb/Windows-SSD/Users/sackb/OneDrive/Desktop/University/Course_Work/2025-2026/Spring_2026/ECE_410/ECE410/project/post_m3_Minor_Redesign/tb/tb_top.sv Line: 257

Time: 18215 ns Started: 18205 ns Scope: /tb_top/u_mon File: /run/media/sackb/Windows-SSD/Users/sackb/OneDrive/Desktop/University/Course_Work/2025-2026/Spring_2026/ECE_410/ECE410/project/post_m3_Minor_Redesign/tb/tb_top.sv Line:256
Error: AXI MONITOR: core_C changed while core is idle
Time: 18215 ns  Iteration: 0  Process: /tb_top/u_mon//tb_top/u_mon  Scope: tb_top.u_mon  File: /run/media/sackb/Windows-SSD/Users/sackb/OneDrive/Desktop/University/Course_Work/2025-2026/Spring_2026/ECE_410/ECE410/project/post_m3_Minor_Redesign/tb/tb_top.sv Line: 257

Time: 18225 ns Started: 18215 ns Scope: /tb_top/u_mon File: /run/media/sackb/Windows-SSD/Users/sackb/OneDrive/Desktop/University/Course_Work/2025-2026/Spring_2026/ECE_410/ECE410/project/post_m3_Minor_Redesign/tb/tb_top.sv Line:256
Error: AXI MONITOR: core_C changed while core is idle
Time: 18225 ns  Iteration: 0  Process: /tb_top/u_mon//tb_top/u_mon  Scope: tb_top.u_mon  File: /run/media/sackb/Windows-SSD/Users/sackb/OneDrive/Desktop/University/Course_Work/2025-2026/Spring_2026/ECE_410/ECE410/project/post_m3_Minor_Redesign/tb/tb_top.sv Line: 257

Time: 18235 ns Started: 18225 ns Scope: /tb_top/u_mon File: /run/media/sackb/Windows-SSD/Users/sackb/OneDrive/Desktop/University/Course_Work/2025-2026/Spring_2026/ECE_410/ECE410/project/post_m3_Minor_Redesign/tb/tb_top.sv Line:256
Error: AXI MONITOR: core_C changed while core is idle
Time: 18235 ns  Iteration: 0  Process: /tb_top/u_mon//tb_top/u_mon  Scope: tb_top.u_mon  File: /run/media/sackb/Windows-SSD/Users/sackb/OneDrive/Desktop/University/Course_Work/2025-2026/Spring_2026/ECE_410/ECE410/project/post_m3_Minor_Redesign/tb/tb_top.sv Line: 257

Time: 18245 ns Started: 18235 ns Scope: /tb_top/u_mon File: /run/media/sackb/Windows-SSD/Users/sackb/OneDrive/Desktop/University/Course_Work/2025-2026/Spring_2026/ECE_410/ECE410/project/post_m3_Minor_Redesign/tb/tb_top.sv Line:256
Error: AXI MONITOR: core_C changed while core is idle
Time: 18245 ns  Iteration: 0  Process: /tb_top/u_mon//tb_top/u_mon  Scope: tb_top.u_mon  File: /run/media/sackb/Windows-SSD/Users/sackb/OneDrive/Desktop/University/Course_Work/2025-2026/Spring_2026/ECE_410/ECE410/project/post_m3_Minor_Redesign/tb/tb_top.sv Line: 257

Time: 18255 ns Started: 18245 ns Scope: /tb_top/u_mon File: /run/media/sackb/Windows-SSD/Users/sackb/OneDrive/Desktop/University/Course_Work/2025-2026/Spring_2026/ECE_410/ECE410/project/post_m3_Minor_Redesign/tb/tb_top.sv Line:256
Error: AXI MONITOR: core_C changed while core is idle
Time: 18255 ns  Iteration: 0  Process: /tb_top/u_mon//tb_top/u_mon  Scope: tb_top.u_mon  File: /run/media/sackb/Windows-SSD/Users/sackb/OneDrive/Desktop/University/Course_Work/2025-2026/Spring_2026/ECE_410/ECE410/project/post_m3_Minor_Redesign/tb/tb_top.sv Line: 257

Time: 18265 ns Started: 18255 ns Scope: /tb_top/u_mon File: /run/media/sackb/Windows-SSD/Users/sackb/OneDrive/Desktop/University/Course_Work/2025-2026/Spring_2026/ECE_410/ECE410/project/post_m3_Minor_Redesign/tb/tb_top.sv Line:256
Error: AXI MONITOR: core_C changed while core is idle
Time: 18265 ns  Iteration: 0  Process: /tb_top/u_mon//tb_top/u_mon  Scope: tb_top.u_mon  File: /run/media/sackb/Windows-SSD/Users/sackb/OneDrive/Desktop/University/Course_Work/2025-2026/Spring_2026/ECE_410/ECE410/project/post_m3_Minor_Redesign/tb/tb_top.sv Line: 257

Time: 18275 ns Started: 18265 ns Scope: /tb_top/u_mon File: /run/media/sackb/Windows-SSD/Users/sackb/OneDrive/Desktop/University/Course_Work/2025-2026/Spring_2026/ECE_410/ECE410/project/post_m3_Minor_Redesign/tb/tb_top.sv Line:256
Error: AXI MONITOR: core_C changed while core is idle
Time: 18275 ns  Iteration: 0  Process: /tb_top/u_mon//tb_top/u_mon  Scope: tb_top.u_mon  File: /run/media/sackb/Windows-SSD/Users/sackb/OneDrive/Desktop/University/Course_Work/2025-2026/Spring_2026/ECE_410/ECE410/project/post_m3_Minor_Redesign/tb/tb_top.sv Line: 257

Time: 18285 ns Started: 18275 ns Scope: /tb_top/u_mon File: /run/media/sackb/Windows-SSD/Users/sackb/OneDrive/Desktop/University/Course_Work/2025-2026/Spring_2026/ECE_410/ECE410/project/post_m3_Minor_Redesign/tb/tb_top.sv Line:256
Error: AXI MONITOR: core_C changed while core is idle
Time: 18285 ns  Iteration: 0  Process: /tb_top/u_mon//tb_top/u_mon  Scope: tb_top.u_mon  File: /run/media/sackb/Windows-SSD/Users/sackb/OneDrive/Desktop/University/Course_Work/2025-2026/Spring_2026/ECE_410/ECE410/project/post_m3_Minor_Redesign/tb/tb_top.sv Line: 257

Time: 18295 ns Started: 18285 ns Scope: /tb_top/u_mon File: /run/media/sackb/Windows-SSD/Users/sackb/OneDrive/Desktop/University/Course_Work/2025-2026/Spring_2026/ECE_410/ECE410/project/post_m3_Minor_Redesign/tb/tb_top.sv Line:256
Error: AXI MONITOR: core_C changed while core is idle
Time: 18295 ns  Iteration: 0  Process: /tb_top/u_mon//tb_top/u_mon  Scope: tb_top.u_mon  File: /run/media/sackb/Windows-SSD/Users/sackb/OneDrive/Desktop/University/Course_Work/2025-2026/Spring_2026/ECE_410/ECE410/project/post_m3_Minor_Redesign/tb/tb_top.sv Line: 257

Time: 18305 ns Started: 18295 ns Scope: /tb_top/u_mon File: /run/media/sackb/Windows-SSD/Users/sackb/OneDrive/Desktop/University/Course_Work/2025-2026/Spring_2026/ECE_410/ECE410/project/post_m3_Minor_Redesign/tb/tb_top.sv Line:256
Error: AXI MONITOR: core_C changed while core is idle
Time: 18305 ns  Iteration: 0  Process: /tb_top/u_mon//tb_top/u_mon  Scope: tb_top.u_mon  File: /run/media/sackb/Windows-SSD/Users/sackb/OneDrive/Desktop/University/Course_Work/2025-2026/Spring_2026/ECE_410/ECE410/project/post_m3_Minor_Redesign/tb/tb_top.sv Line: 257

Time: 18315 ns Started: 18305 ns Scope: /tb_top/u_mon File: /run/media/sackb/Windows-SSD/Users/sackb/OneDrive/Desktop/University/Course_Work/2025-2026/Spring_2026/ECE_410/ECE410/project/post_m3_Minor_Redesign/tb/tb_top.sv Line:256
Error: AXI MONITOR: core_C changed while core is idle
Time: 18315 ns  Iteration: 0  Process: /tb_top/u_mon//tb_top/u_mon  Scope: tb_top.u_mon  File: /run/media/sackb/Windows-SSD/Users/sackb/OneDrive/Desktop/University/Course_Work/2025-2026/Spring_2026/ECE_410/ECE410/project/post_m3_Minor_Redesign/tb/tb_top.sv Line: 257

Time: 18325 ns Started: 18315 ns Scope: /tb_top/u_mon File: /run/media/sackb/Windows-SSD/Users/sackb/OneDrive/Desktop/University/Course_Work/2025-2026/Spring_2026/ECE_410/ECE410/project/post_m3_Minor_Redesign/tb/tb_top.sv Line:256
Error: AXI MONITOR: core_C changed while core is idle
Time: 18325 ns  Iteration: 0  Process: /tb_top/u_mon//tb_top/u_mon  Scope: tb_top.u_mon  File: /run/media/sackb/Windows-SSD/Users/sackb/OneDrive/Desktop/University/Course_Work/2025-2026/Spring_2026/ECE_410/ECE410/project/post_m3_Minor_Redesign/tb/tb_top.sv Line: 257

Time: 18335 ns Started: 18325 ns Scope: /tb_top/u_mon File: /run/media/sackb/Windows-SSD/Users/sackb/OneDrive/Desktop/University/Course_Work/2025-2026/Spring_2026/ECE_410/ECE410/project/post_m3_Minor_Redesign/tb/tb_top.sv Line:256
Error: AXI MONITOR: core_C changed while core is idle
Time: 18335 ns  Iteration: 0  Process: /tb_top/u_mon//tb_top/u_mon  Scope: tb_top.u_mon  File: /run/media/sackb/Windows-SSD/Users/sackb/OneDrive/Desktop/University/Course_Work/2025-2026/Spring_2026/ECE_410/ECE410/project/post_m3_Minor_Redesign/tb/tb_top.sv Line: 257

Time: 18345 ns Started: 18335 ns Scope: /tb_top/u_mon File: /run/media/sackb/Windows-SSD/Users/sackb/OneDrive/Desktop/University/Course_Work/2025-2026/Spring_2026/ECE_410/ECE410/project/post_m3_Minor_Redesign/tb/tb_top.sv Line:256
Error: AXI MONITOR: core_C changed while core is idle
Time: 18345 ns  Iteration: 0  Process: /tb_top/u_mon//tb_top/u_mon  Scope: tb_top.u_mon  File: /run/media/sackb/Windows-SSD/Users/sackb/OneDrive/Desktop/University/Course_Work/2025-2026/Spring_2026/ECE_410/ECE410/project/post_m3_Minor_Redesign/tb/tb_top.sv Line: 257

Time: 18355 ns Started: 18345 ns Scope: /tb_top/u_mon File: /run/media/sackb/Windows-SSD/Users/sackb/OneDrive/Desktop/University/Course_Work/2025-2026/Spring_2026/ECE_410/ECE410/project/post_m3_Minor_Redesign/tb/tb_top.sv Line:256
Error: AXI MONITOR: core_C changed while core is idle
Time: 18355 ns  Iteration: 0  Process: /tb_top/u_mon//tb_top/u_mon  Scope: tb_top.u_mon  File: /run/media/sackb/Windows-SSD/Users/sackb/OneDrive/Desktop/University/Course_Work/2025-2026/Spring_2026/ECE_410/ECE410/project/post_m3_Minor_Redesign/tb/tb_top.sv Line: 257

Time: 18365 ns Started: 18355 ns Scope: /tb_top/u_mon File: /run/media/sackb/Windows-SSD/Users/sackb/OneDrive/Desktop/University/Course_Work/2025-2026/Spring_2026/ECE_410/ECE410/project/post_m3_Minor_Redesign/tb/tb_top.sv Line:256
Error: AXI MONITOR: core_C changed while core is idle
Time: 18365 ns  Iteration: 0  Process: /tb_top/u_mon//tb_top/u_mon  Scope: tb_top.u_mon  File: /run/media/sackb/Windows-SSD/Users/sackb/OneDrive/Desktop/University/Course_Work/2025-2026/Spring_2026/ECE_410/ECE410/project/post_m3_Minor_Redesign/tb/tb_top.sv Line: 257

Time: 18375 ns Started: 18365 ns Scope: /tb_top/u_mon File: /run/media/sackb/Windows-SSD/Users/sackb/OneDrive/Desktop/University/Course_Work/2025-2026/Spring_2026/ECE_410/ECE410/project/post_m3_Minor_Redesign/tb/tb_top.sv Line:256
Error: AXI MONITOR: core_C changed while core is idle
Time: 18375 ns  Iteration: 0  Process: /tb_top/u_mon//tb_top/u_mon  Scope: tb_top.u_mon  File: /run/media/sackb/Windows-SSD/Users/sackb/OneDrive/Desktop/University/Course_Work/2025-2026/Spring_2026/ECE_410/ECE410/project/post_m3_Minor_Redesign/tb/tb_top.sv Line: 257

Time: 18825 ns Started: 18815 ns Scope: /tb_top/u_mon File: /run/media/sackb/Windows-SSD/Users/sackb/OneDrive/Desktop/University/Course_Work/2025-2026/Spring_2026/ECE_410/ECE410/project/post_m3_Minor_Redesign/tb/tb_top.sv Line:256
Error: AXI MONITOR: core_C changed while core is idle
Time: 18825 ns  Iteration: 0  Process: /tb_top/u_mon//tb_top/u_mon  Scope: tb_top.u_mon  File: /run/media/sackb/Windows-SSD/Users/sackb/OneDrive/Desktop/University/Course_Work/2025-2026/Spring_2026/ECE_410/ECE410/project/post_m3_Minor_Redesign/tb/tb_top.sv Line: 257

Time: 18835 ns Started: 18825 ns Scope: /tb_top/u_mon File: /run/media/sackb/Windows-SSD/Users/sackb/OneDrive/Desktop/University/Course_Work/2025-2026/Spring_2026/ECE_410/ECE410/project/post_m3_Minor_Redesign/tb/tb_top.sv Line:256
Error: AXI MONITOR: core_C changed while core is idle
Time: 18835 ns  Iteration: 0  Process: /tb_top/u_mon//tb_top/u_mon  Scope: tb_top.u_mon  File: /run/media/sackb/Windows-SSD/Users/sackb/OneDrive/Desktop/University/Course_Work/2025-2026/Spring_2026/ECE_410/ECE410/project/post_m3_Minor_Redesign/tb/tb_top.sv Line: 257

Time: 18845 ns Started: 18835 ns Scope: /tb_top/u_mon File: /run/media/sackb/Windows-SSD/Users/sackb/OneDrive/Desktop/University/Course_Work/2025-2026/Spring_2026/ECE_410/ECE410/project/post_m3_Minor_Redesign/tb/tb_top.sv Line:256
Error: AXI MONITOR: core_C changed while core is idle
Time: 18845 ns  Iteration: 0  Process: /tb_top/u_mon//tb_top/u_mon  Scope: tb_top.u_mon  File: /run/media/sackb/Windows-SSD/Users/sackb/OneDrive/Desktop/University/Course_Work/2025-2026/Spring_2026/ECE_410/ECE410/project/post_m3_Minor_Redesign/tb/tb_top.sv Line: 257

Time: 18855 ns Started: 18845 ns Scope: /tb_top/u_mon File: /run/media/sackb/Windows-SSD/Users/sackb/OneDrive/Desktop/University/Course_Work/2025-2026/Spring_2026/ECE_410/ECE410/project/post_m3_Minor_Redesign/tb/tb_top.sv Line:256
Error: AXI MONITOR: core_C changed while core is idle
Time: 18855 ns  Iteration: 0  Process: /tb_top/u_mon//tb_top/u_mon  Scope: tb_top.u_mon  File: /run/media/sackb/Windows-SSD/Users/sackb/OneDrive/Desktop/University/Course_Work/2025-2026/Spring_2026/ECE_410/ECE410/project/post_m3_Minor_Redesign/tb/tb_top.sv Line: 257

Time: 18865 ns Started: 18855 ns Scope: /tb_top/u_mon File: /run/media/sackb/Windows-SSD/Users/sackb/OneDrive/Desktop/University/Course_Work/2025-2026/Spring_2026/ECE_410/ECE410/project/post_m3_Minor_Redesign/tb/tb_top.sv Line:256
Error: AXI MONITOR: core_C changed while core is idle
Time: 18865 ns  Iteration: 0  Process: /tb_top/u_mon//tb_top/u_mon  Scope: tb_top.u_mon  File: /run/media/sackb/Windows-SSD/Users/sackb/OneDrive/Desktop/University/Course_Work/2025-2026/Spring_2026/ECE_410/ECE410/project/post_m3_Minor_Redesign/tb/tb_top.sv Line: 257

Time: 18875 ns Started: 18865 ns Scope: /tb_top/u_mon File: /run/media/sackb/Windows-SSD/Users/sackb/OneDrive/Desktop/University/Course_Work/2025-2026/Spring_2026/ECE_410/ECE410/project/post_m3_Minor_Redesign/tb/tb_top.sv Line:256
Error: AXI MONITOR: core_C changed while core is idle
Time: 18875 ns  Iteration: 0  Process: /tb_top/u_mon//tb_top/u_mon  Scope: tb_top.u_mon  File: /run/media/sackb/Windows-SSD/Users/sackb/OneDrive/Desktop/University/Course_Work/2025-2026/Spring_2026/ECE_410/ECE410/project/post_m3_Minor_Redesign/tb/tb_top.sv Line: 257

Time: 18885 ns Started: 18875 ns Scope: /tb_top/u_mon File: /run/media/sackb/Windows-SSD/Users/sackb/OneDrive/Desktop/University/Course_Work/2025-2026/Spring_2026/ECE_410/ECE410/project/post_m3_Minor_Redesign/tb/tb_top.sv Line:256
Error: AXI MONITOR: core_C changed while core is idle
Time: 18885 ns  Iteration: 0  Process: /tb_top/u_mon//tb_top/u_mon  Scope: tb_top.u_mon  File: /run/media/sackb/Windows-SSD/Users/sackb/OneDrive/Desktop/University/Course_Work/2025-2026/Spring_2026/ECE_410/ECE410/project/post_m3_Minor_Redesign/tb/tb_top.sv Line: 257

Time: 18895 ns Started: 18885 ns Scope: /tb_top/u_mon File: /run/media/sackb/Windows-SSD/Users/sackb/OneDrive/Desktop/University/Course_Work/2025-2026/Spring_2026/ECE_410/ECE410/project/post_m3_Minor_Redesign/tb/tb_top.sv Line:256
Error: AXI MONITOR: core_C changed while core is idle
Time: 18895 ns  Iteration: 0  Process: /tb_top/u_mon//tb_top/u_mon  Scope: tb_top.u_mon  File: /run/media/sackb/Windows-SSD/Users/sackb/OneDrive/Desktop/University/Course_Work/2025-2026/Spring_2026/ECE_410/ECE410/project/post_m3_Minor_Redesign/tb/tb_top.sv Line: 257

Time: 18905 ns Started: 18895 ns Scope: /tb_top/u_mon File: /run/media/sackb/Windows-SSD/Users/sackb/OneDrive/Desktop/University/Course_Work/2025-2026/Spring_2026/ECE_410/ECE410/project/post_m3_Minor_Redesign/tb/tb_top.sv Line:256
Error: AXI MONITOR: core_C changed while core is idle
Time: 18905 ns  Iteration: 0  Process: /tb_top/u_mon//tb_top/u_mon  Scope: tb_top.u_mon  File: /run/media/sackb/Windows-SSD/Users/sackb/OneDrive/Desktop/University/Course_Work/2025-2026/Spring_2026/ECE_410/ECE410/project/post_m3_Minor_Redesign/tb/tb_top.sv Line: 257

Time: 18915 ns Started: 18905 ns Scope: /tb_top/u_mon File: /run/media/sackb/Windows-SSD/Users/sackb/OneDrive/Desktop/University/Course_Work/2025-2026/Spring_2026/ECE_410/ECE410/project/post_m3_Minor_Redesign/tb/tb_top.sv Line:256
Error: AXI MONITOR: core_C changed while core is idle
Time: 18915 ns  Iteration: 0  Process: /tb_top/u_mon//tb_top/u_mon  Scope: tb_top.u_mon  File: /run/media/sackb/Windows-SSD/Users/sackb/OneDrive/Desktop/University/Course_Work/2025-2026/Spring_2026/ECE_410/ECE410/project/post_m3_Minor_Redesign/tb/tb_top.sv Line: 257

Time: 18925 ns Started: 18915 ns Scope: /tb_top/u_mon File: /run/media/sackb/Windows-SSD/Users/sackb/OneDrive/Desktop/University/Course_Work/2025-2026/Spring_2026/ECE_410/ECE410/project/post_m3_Minor_Redesign/tb/tb_top.sv Line:256
Error: AXI MONITOR: core_C changed while core is idle
Time: 18925 ns  Iteration: 0  Process: /tb_top/u_mon//tb_top/u_mon  Scope: tb_top.u_mon  File: /run/media/sackb/Windows-SSD/Users/sackb/OneDrive/Desktop/University/Course_Work/2025-2026/Spring_2026/ECE_410/ECE410/project/post_m3_Minor_Redesign/tb/tb_top.sv Line: 257

Time: 18935 ns Started: 18925 ns Scope: /tb_top/u_mon File: /run/media/sackb/Windows-SSD/Users/sackb/OneDrive/Desktop/University/Course_Work/2025-2026/Spring_2026/ECE_410/ECE410/project/post_m3_Minor_Redesign/tb/tb_top.sv Line:256
Error: AXI MONITOR: core_C changed while core is idle
Time: 18935 ns  Iteration: 0  Process: /tb_top/u_mon//tb_top/u_mon  Scope: tb_top.u_mon  File: /run/media/sackb/Windows-SSD/Users/sackb/OneDrive/Desktop/University/Course_Work/2025-2026/Spring_2026/ECE_410/ECE410/project/post_m3_Minor_Redesign/tb/tb_top.sv Line: 257

Time: 18945 ns Started: 18935 ns Scope: /tb_top/u_mon File: /run/media/sackb/Windows-SSD/Users/sackb/OneDrive/Desktop/University/Course_Work/2025-2026/Spring_2026/ECE_410/ECE410/project/post_m3_Minor_Redesign/tb/tb_top.sv Line:256
Error: AXI MONITOR: core_C changed while core is idle
Time: 18945 ns  Iteration: 0  Process: /tb_top/u_mon//tb_top/u_mon  Scope: tb_top.u_mon  File: /run/media/sackb/Windows-SSD/Users/sackb/OneDrive/Desktop/University/Course_Work/2025-2026/Spring_2026/ECE_410/ECE410/project/post_m3_Minor_Redesign/tb/tb_top.sv Line: 257

Time: 18955 ns Started: 18945 ns Scope: /tb_top/u_mon File: /run/media/sackb/Windows-SSD/Users/sackb/OneDrive/Desktop/University/Course_Work/2025-2026/Spring_2026/ECE_410/ECE410/project/post_m3_Minor_Redesign/tb/tb_top.sv Line:256
Error: AXI MONITOR: core_C changed while core is idle
Time: 18955 ns  Iteration: 0  Process: /tb_top/u_mon//tb_top/u_mon  Scope: tb_top.u_mon  File: /run/media/sackb/Windows-SSD/Users/sackb/OneDrive/Desktop/University/Course_Work/2025-2026/Spring_2026/ECE_410/ECE410/project/post_m3_Minor_Redesign/tb/tb_top.sv Line: 257

Time: 18965 ns Started: 18955 ns Scope: /tb_top/u_mon File: /run/media/sackb/Windows-SSD/Users/sackb/OneDrive/Desktop/University/Course_Work/2025-2026/Spring_2026/ECE_410/ECE410/project/post_m3_Minor_Redesign/tb/tb_top.sv Line:256
Error: AXI MONITOR: core_C changed while core is idle
Time: 18965 ns  Iteration: 0  Process: /tb_top/u_mon//tb_top/u_mon  Scope: tb_top.u_mon  File: /run/media/sackb/Windows-SSD/Users/sackb/OneDrive/Desktop/University/Course_Work/2025-2026/Spring_2026/ECE_410/ECE410/project/post_m3_Minor_Redesign/tb/tb_top.sv Line: 257

Time: 18975 ns Started: 18965 ns Scope: /tb_top/u_mon File: /run/media/sackb/Windows-SSD/Users/sackb/OneDrive/Desktop/University/Course_Work/2025-2026/Spring_2026/ECE_410/ECE410/project/post_m3_Minor_Redesign/tb/tb_top.sv Line:256
Error: AXI MONITOR: core_C changed while core is idle
Time: 18975 ns  Iteration: 0  Process: /tb_top/u_mon//tb_top/u_mon  Scope: tb_top.u_mon  File: /run/media/sackb/Windows-SSD/Users/sackb/OneDrive/Desktop/University/Course_Work/2025-2026/Spring_2026/ECE_410/ECE410/project/post_m3_Minor_Redesign/tb/tb_top.sv Line: 257

Time: 18985 ns Started: 18975 ns Scope: /tb_top/u_mon File: /run/media/sackb/Windows-SSD/Users/sackb/OneDrive/Desktop/University/Course_Work/2025-2026/Spring_2026/ECE_410/ECE410/project/post_m3_Minor_Redesign/tb/tb_top.sv Line:256
Error: AXI MONITOR: core_C changed while core is idle
Time: 18985 ns  Iteration: 0  Process: /tb_top/u_mon//tb_top/u_mon  Scope: tb_top.u_mon  File: /run/media/sackb/Windows-SSD/Users/sackb/OneDrive/Desktop/University/Course_Work/2025-2026/Spring_2026/ECE_410/ECE410/project/post_m3_Minor_Redesign/tb/tb_top.sv Line: 257

Time: 18995 ns Started: 18985 ns Scope: /tb_top/u_mon File: /run/media/sackb/Windows-SSD/Users/sackb/OneDrive/Desktop/University/Course_Work/2025-2026/Spring_2026/ECE_410/ECE410/project/post_m3_Minor_Redesign/tb/tb_top.sv Line:256
Error: AXI MONITOR: core_C changed while core is idle
Time: 18995 ns  Iteration: 0  Process: /tb_top/u_mon//tb_top/u_mon  Scope: tb_top.u_mon  File: /run/media/sackb/Windows-SSD/Users/sackb/OneDrive/Desktop/University/Course_Work/2025-2026/Spring_2026/ECE_410/ECE410/project/post_m3_Minor_Redesign/tb/tb_top.sv Line: 257

Time: 19005 ns Started: 18995 ns Scope: /tb_top/u_mon File: /run/media/sackb/Windows-SSD/Users/sackb/OneDrive/Desktop/University/Course_Work/2025-2026/Spring_2026/ECE_410/ECE410/project/post_m3_Minor_Redesign/tb/tb_top.sv Line:256
Error: AXI MONITOR: core_C changed while core is idle
Time: 19005 ns  Iteration: 0  Process: /tb_top/u_mon//tb_top/u_mon  Scope: tb_top.u_mon  File: /run/media/sackb/Windows-SSD/Users/sackb/OneDrive/Desktop/University/Course_Work/2025-2026/Spring_2026/ECE_410/ECE410/project/post_m3_Minor_Redesign/tb/tb_top.sv Line: 257

Time: 19015 ns Started: 19005 ns Scope: /tb_top/u_mon File: /run/media/sackb/Windows-SSD/Users/sackb/OneDrive/Desktop/University/Course_Work/2025-2026/Spring_2026/ECE_410/ECE410/project/post_m3_Minor_Redesign/tb/tb_top.sv Line:256
Error: AXI MONITOR: core_C changed while core is idle
Time: 19015 ns  Iteration: 0  Process: /tb_top/u_mon//tb_top/u_mon  Scope: tb_top.u_mon  File: /run/media/sackb/Windows-SSD/Users/sackb/OneDrive/Desktop/University/Course_Work/2025-2026/Spring_2026/ECE_410/ECE410/project/post_m3_Minor_Redesign/tb/tb_top.sv Line: 257

Time: 19025 ns Started: 19015 ns Scope: /tb_top/u_mon File: /run/media/sackb/Windows-SSD/Users/sackb/OneDrive/Desktop/University/Course_Work/2025-2026/Spring_2026/ECE_410/ECE410/project/post_m3_Minor_Redesign/tb/tb_top.sv Line:256
Error: AXI MONITOR: core_C changed while core is idle
Time: 19025 ns  Iteration: 0  Process: /tb_top/u_mon//tb_top/u_mon  Scope: tb_top.u_mon  File: /run/media/sackb/Windows-SSD/Users/sackb/OneDrive/Desktop/University/Course_Work/2025-2026/Spring_2026/ECE_410/ECE410/project/post_m3_Minor_Redesign/tb/tb_top.sv Line: 257

Time: 19035 ns Started: 19025 ns Scope: /tb_top/u_mon File: /run/media/sackb/Windows-SSD/Users/sackb/OneDrive/Desktop/University/Course_Work/2025-2026/Spring_2026/ECE_410/ECE410/project/post_m3_Minor_Redesign/tb/tb_top.sv Line:256
Error: AXI MONITOR: core_C changed while core is idle
Time: 19035 ns  Iteration: 0  Process: /tb_top/u_mon//tb_top/u_mon  Scope: tb_top.u_mon  File: /run/media/sackb/Windows-SSD/Users/sackb/OneDrive/Desktop/University/Course_Work/2025-2026/Spring_2026/ECE_410/ECE410/project/post_m3_Minor_Redesign/tb/tb_top.sv Line: 257

Time: 19045 ns Started: 19035 ns Scope: /tb_top/u_mon File: /run/media/sackb/Windows-SSD/Users/sackb/OneDrive/Desktop/University/Course_Work/2025-2026/Spring_2026/ECE_410/ECE410/project/post_m3_Minor_Redesign/tb/tb_top.sv Line:256
Error: AXI MONITOR: core_C changed while core is idle
Time: 19045 ns  Iteration: 0  Process: /tb_top/u_mon//tb_top/u_mon  Scope: tb_top.u_mon  File: /run/media/sackb/Windows-SSD/Users/sackb/OneDrive/Desktop/University/Course_Work/2025-2026/Spring_2026/ECE_410/ECE410/project/post_m3_Minor_Redesign/tb/tb_top.sv Line: 257

Time: 19055 ns Started: 19045 ns Scope: /tb_top/u_mon File: /run/media/sackb/Windows-SSD/Users/sackb/OneDrive/Desktop/University/Course_Work/2025-2026/Spring_2026/ECE_410/ECE410/project/post_m3_Minor_Redesign/tb/tb_top.sv Line:256
Error: AXI MONITOR: core_C changed while core is idle
Time: 19055 ns  Iteration: 0  Process: /tb_top/u_mon//tb_top/u_mon  Scope: tb_top.u_mon  File: /run/media/sackb/Windows-SSD/Users/sackb/OneDrive/Desktop/University/Course_Work/2025-2026/Spring_2026/ECE_410/ECE410/project/post_m3_Minor_Redesign/tb/tb_top.sv Line: 257

Time: 19065 ns Started: 19055 ns Scope: /tb_top/u_mon File: /run/media/sackb/Windows-SSD/Users/sackb/OneDrive/Desktop/University/Course_Work/2025-2026/Spring_2026/ECE_410/ECE410/project/post_m3_Minor_Redesign/tb/tb_top.sv Line:256
Error: AXI MONITOR: core_C changed while core is idle
Time: 19065 ns  Iteration: 0  Process: /tb_top/u_mon//tb_top/u_mon  Scope: tb_top.u_mon  File: /run/media/sackb/Windows-SSD/Users/sackb/OneDrive/Desktop/University/Course_Work/2025-2026/Spring_2026/ECE_410/ECE410/project/post_m3_Minor_Redesign/tb/tb_top.sv Line: 257

Time: 19075 ns Started: 19065 ns Scope: /tb_top/u_mon File: /run/media/sackb/Windows-SSD/Users/sackb/OneDrive/Desktop/University/Course_Work/2025-2026/Spring_2026/ECE_410/ECE410/project/post_m3_Minor_Redesign/tb/tb_top.sv Line:256
Error: AXI MONITOR: core_C changed while core is idle
Time: 19075 ns  Iteration: 0  Process: /tb_top/u_mon//tb_top/u_mon  Scope: tb_top.u_mon  File: /run/media/sackb/Windows-SSD/Users/sackb/OneDrive/Desktop/University/Course_Work/2025-2026/Spring_2026/ECE_410/ECE410/project/post_m3_Minor_Redesign/tb/tb_top.sv Line: 257

Time: 19085 ns Started: 19075 ns Scope: /tb_top/u_mon File: /run/media/sackb/Windows-SSD/Users/sackb/OneDrive/Desktop/University/Course_Work/2025-2026/Spring_2026/ECE_410/ECE410/project/post_m3_Minor_Redesign/tb/tb_top.sv Line:256
Error: AXI MONITOR: core_C changed while core is idle
Time: 19085 ns  Iteration: 0  Process: /tb_top/u_mon//tb_top/u_mon  Scope: tb_top.u_mon  File: /run/media/sackb/Windows-SSD/Users/sackb/OneDrive/Desktop/University/Course_Work/2025-2026/Spring_2026/ECE_410/ECE410/project/post_m3_Minor_Redesign/tb/tb_top.sv Line: 257

Time: 19095 ns Started: 19085 ns Scope: /tb_top/u_mon File: /run/media/sackb/Windows-SSD/Users/sackb/OneDrive/Desktop/University/Course_Work/2025-2026/Spring_2026/ECE_410/ECE410/project/post_m3_Minor_Redesign/tb/tb_top.sv Line:256
Error: AXI MONITOR: core_C changed while core is idle
Time: 19095 ns  Iteration: 0  Process: /tb_top/u_mon//tb_top/u_mon  Scope: tb_top.u_mon  File: /run/media/sackb/Windows-SSD/Users/sackb/OneDrive/Desktop/University/Course_Work/2025-2026/Spring_2026/ECE_410/ECE410/project/post_m3_Minor_Redesign/tb/tb_top.sv Line: 257

Time: 19105 ns Started: 19095 ns Scope: /tb_top/u_mon File: /run/media/sackb/Windows-SSD/Users/sackb/OneDrive/Desktop/University/Course_Work/2025-2026/Spring_2026/ECE_410/ECE410/project/post_m3_Minor_Redesign/tb/tb_top.sv Line:256
Error: AXI MONITOR: core_C changed while core is idle
Time: 19105 ns  Iteration: 0  Process: /tb_top/u_mon//tb_top/u_mon  Scope: tb_top.u_mon  File: /run/media/sackb/Windows-SSD/Users/sackb/OneDrive/Desktop/University/Course_Work/2025-2026/Spring_2026/ECE_410/ECE410/project/post_m3_Minor_Redesign/tb/tb_top.sv Line: 257

Time: 19115 ns Started: 19105 ns Scope: /tb_top/u_mon File: /run/media/sackb/Windows-SSD/Users/sackb/OneDrive/Desktop/University/Course_Work/2025-2026/Spring_2026/ECE_410/ECE410/project/post_m3_Minor_Redesign/tb/tb_top.sv Line:256
Error: AXI MONITOR: core_C changed while core is idle
Time: 19115 ns  Iteration: 0  Process: /tb_top/u_mon//tb_top/u_mon  Scope: tb_top.u_mon  File: /run/media/sackb/Windows-SSD/Users/sackb/OneDrive/Desktop/University/Course_Work/2025-2026/Spring_2026/ECE_410/ECE410/project/post_m3_Minor_Redesign/tb/tb_top.sv Line: 257

Time: 19125 ns Started: 19115 ns Scope: /tb_top/u_mon File: /run/media/sackb/Windows-SSD/Users/sackb/OneDrive/Desktop/University/Course_Work/2025-2026/Spring_2026/ECE_410/ECE410/project/post_m3_Minor_Redesign/tb/tb_top.sv Line:256
Error: AXI MONITOR: core_C changed while core is idle
Time: 19125 ns  Iteration: 0  Process: /tb_top/u_mon//tb_top/u_mon  Scope: tb_top.u_mon  File: /run/media/sackb/Windows-SSD/Users/sackb/OneDrive/Desktop/University/Course_Work/2025-2026/Spring_2026/ECE_410/ECE410/project/post_m3_Minor_Redesign/tb/tb_top.sv Line: 257

Time: 19135 ns Started: 19125 ns Scope: /tb_top/u_mon File: /run/media/sackb/Windows-SSD/Users/sackb/OneDrive/Desktop/University/Course_Work/2025-2026/Spring_2026/ECE_410/ECE410/project/post_m3_Minor_Redesign/tb/tb_top.sv Line:256
Error: AXI MONITOR: core_C changed while core is idle
Time: 19135 ns  Iteration: 0  Process: /tb_top/u_mon//tb_top/u_mon  Scope: tb_top.u_mon  File: /run/media/sackb/Windows-SSD/Users/sackb/OneDrive/Desktop/University/Course_Work/2025-2026/Spring_2026/ECE_410/ECE410/project/post_m3_Minor_Redesign/tb/tb_top.sv Line: 257

Time: 19145 ns Started: 19135 ns Scope: /tb_top/u_mon File: /run/media/sackb/Windows-SSD/Users/sackb/OneDrive/Desktop/University/Course_Work/2025-2026/Spring_2026/ECE_410/ECE410/project/post_m3_Minor_Redesign/tb/tb_top.sv Line:256
Error: AXI MONITOR: core_C changed while core is idle
Time: 19145 ns  Iteration: 0  Process: /tb_top/u_mon//tb_top/u_mon  Scope: tb_top.u_mon  File: /run/media/sackb/Windows-SSD/Users/sackb/OneDrive/Desktop/University/Course_Work/2025-2026/Spring_2026/ECE_410/ECE410/project/post_m3_Minor_Redesign/tb/tb_top.sv Line: 257

Time: 19155 ns Started: 19145 ns Scope: /tb_top/u_mon File: /run/media/sackb/Windows-SSD/Users/sackb/OneDrive/Desktop/University/Course_Work/2025-2026/Spring_2026/ECE_410/ECE410/project/post_m3_Minor_Redesign/tb/tb_top.sv Line:256
Error: AXI MONITOR: core_C changed while core is idle
Time: 19155 ns  Iteration: 0  Process: /tb_top/u_mon//tb_top/u_mon  Scope: tb_top.u_mon  File: /run/media/sackb/Windows-SSD/Users/sackb/OneDrive/Desktop/University/Course_Work/2025-2026/Spring_2026/ECE_410/ECE410/project/post_m3_Minor_Redesign/tb/tb_top.sv Line: 257

Time: 19165 ns Started: 19155 ns Scope: /tb_top/u_mon File: /run/media/sackb/Windows-SSD/Users/sackb/OneDrive/Desktop/University/Course_Work/2025-2026/Spring_2026/ECE_410/ECE410/project/post_m3_Minor_Redesign/tb/tb_top.sv Line:256
Error: AXI MONITOR: core_C changed while core is idle
Time: 19165 ns  Iteration: 0  Process: /tb_top/u_mon//tb_top/u_mon  Scope: tb_top.u_mon  File: /run/media/sackb/Windows-SSD/Users/sackb/OneDrive/Desktop/University/Course_Work/2025-2026/Spring_2026/ECE_410/ECE410/project/post_m3_Minor_Redesign/tb/tb_top.sv Line: 257

Time: 19175 ns Started: 19165 ns Scope: /tb_top/u_mon File: /run/media/sackb/Windows-SSD/Users/sackb/OneDrive/Desktop/University/Course_Work/2025-2026/Spring_2026/ECE_410/ECE410/project/post_m3_Minor_Redesign/tb/tb_top.sv Line:256
Error: AXI MONITOR: core_C changed while core is idle
Time: 19175 ns  Iteration: 0  Process: /tb_top/u_mon//tb_top/u_mon  Scope: tb_top.u_mon  File: /run/media/sackb/Windows-SSD/Users/sackb/OneDrive/Desktop/University/Course_Work/2025-2026/Spring_2026/ECE_410/ECE410/project/post_m3_Minor_Redesign/tb/tb_top.sv Line: 257

Time: 19185 ns Started: 19175 ns Scope: /tb_top/u_mon File: /run/media/sackb/Windows-SSD/Users/sackb/OneDrive/Desktop/University/Course_Work/2025-2026/Spring_2026/ECE_410/ECE410/project/post_m3_Minor_Redesign/tb/tb_top.sv Line:256
Error: AXI MONITOR: core_C changed while core is idle
Time: 19185 ns  Iteration: 0  Process: /tb_top/u_mon//tb_top/u_mon  Scope: tb_top.u_mon  File: /run/media/sackb/Windows-SSD/Users/sackb/OneDrive/Desktop/University/Course_Work/2025-2026/Spring_2026/ECE_410/ECE410/project/post_m3_Minor_Redesign/tb/tb_top.sv Line: 257
TB_TOP: Iteration 11 complete
TB_TOP: Starting iteration 12

Time: 19195 ns Started: 19185 ns Scope: /tb_top/u_mon File: /run/media/sackb/Windows-SSD/Users/sackb/OneDrive/Desktop/University/Course_Work/2025-2026/Spring_2026/ECE_410/ECE410/project/post_m3_Minor_Redesign/tb/tb_top.sv Line:256
Error: AXI MONITOR: core_C changed while core is idle
Time: 19195 ns  Iteration: 0  Process: /tb_top/u_mon//tb_top/u_mon  Scope: tb_top.u_mon  File: /run/media/sackb/Windows-SSD/Users/sackb/OneDrive/Desktop/University/Course_Work/2025-2026/Spring_2026/ECE_410/ECE410/project/post_m3_Minor_Redesign/tb/tb_top.sv Line: 257

Time: 19205 ns Started: 19195 ns Scope: /tb_top/u_mon File: /run/media/sackb/Windows-SSD/Users/sackb/OneDrive/Desktop/University/Course_Work/2025-2026/Spring_2026/ECE_410/ECE410/project/post_m3_Minor_Redesign/tb/tb_top.sv Line:256
Error: AXI MONITOR: core_C changed while core is idle
Time: 19205 ns  Iteration: 0  Process: /tb_top/u_mon//tb_top/u_mon  Scope: tb_top.u_mon  File: /run/media/sackb/Windows-SSD/Users/sackb/OneDrive/Desktop/University/Course_Work/2025-2026/Spring_2026/ECE_410/ECE410/project/post_m3_Minor_Redesign/tb/tb_top.sv Line: 257

Time: 19215 ns Started: 19205 ns Scope: /tb_top/u_mon File: /run/media/sackb/Windows-SSD/Users/sackb/OneDrive/Desktop/University/Course_Work/2025-2026/Spring_2026/ECE_410/ECE410/project/post_m3_Minor_Redesign/tb/tb_top.sv Line:256
Error: AXI MONITOR: core_C changed while core is idle
Time: 19215 ns  Iteration: 0  Process: /tb_top/u_mon//tb_top/u_mon  Scope: tb_top.u_mon  File: /run/media/sackb/Windows-SSD/Users/sackb/OneDrive/Desktop/University/Course_Work/2025-2026/Spring_2026/ECE_410/ECE410/project/post_m3_Minor_Redesign/tb/tb_top.sv Line: 257

Time: 19225 ns Started: 19215 ns Scope: /tb_top/u_mon File: /run/media/sackb/Windows-SSD/Users/sackb/OneDrive/Desktop/University/Course_Work/2025-2026/Spring_2026/ECE_410/ECE410/project/post_m3_Minor_Redesign/tb/tb_top.sv Line:256
Error: AXI MONITOR: core_C changed while core is idle
Time: 19225 ns  Iteration: 0  Process: /tb_top/u_mon//tb_top/u_mon  Scope: tb_top.u_mon  File: /run/media/sackb/Windows-SSD/Users/sackb/OneDrive/Desktop/University/Course_Work/2025-2026/Spring_2026/ECE_410/ECE410/project/post_m3_Minor_Redesign/tb/tb_top.sv Line: 257

Time: 19235 ns Started: 19225 ns Scope: /tb_top/u_mon File: /run/media/sackb/Windows-SSD/Users/sackb/OneDrive/Desktop/University/Course_Work/2025-2026/Spring_2026/ECE_410/ECE410/project/post_m3_Minor_Redesign/tb/tb_top.sv Line:256
Error: AXI MONITOR: core_C changed while core is idle
Time: 19235 ns  Iteration: 0  Process: /tb_top/u_mon//tb_top/u_mon  Scope: tb_top.u_mon  File: /run/media/sackb/Windows-SSD/Users/sackb/OneDrive/Desktop/University/Course_Work/2025-2026/Spring_2026/ECE_410/ECE410/project/post_m3_Minor_Redesign/tb/tb_top.sv Line: 257

Time: 19245 ns Started: 19235 ns Scope: /tb_top/u_mon File: /run/media/sackb/Windows-SSD/Users/sackb/OneDrive/Desktop/University/Course_Work/2025-2026/Spring_2026/ECE_410/ECE410/project/post_m3_Minor_Redesign/tb/tb_top.sv Line:256
Error: AXI MONITOR: core_C changed while core is idle
Time: 19245 ns  Iteration: 0  Process: /tb_top/u_mon//tb_top/u_mon  Scope: tb_top.u_mon  File: /run/media/sackb/Windows-SSD/Users/sackb/OneDrive/Desktop/University/Course_Work/2025-2026/Spring_2026/ECE_410/ECE410/project/post_m3_Minor_Redesign/tb/tb_top.sv Line: 257

Time: 19255 ns Started: 19245 ns Scope: /tb_top/u_mon File: /run/media/sackb/Windows-SSD/Users/sackb/OneDrive/Desktop/University/Course_Work/2025-2026/Spring_2026/ECE_410/ECE410/project/post_m3_Minor_Redesign/tb/tb_top.sv Line:256
Error: AXI MONITOR: core_C changed while core is idle
Time: 19255 ns  Iteration: 0  Process: /tb_top/u_mon//tb_top/u_mon  Scope: tb_top.u_mon  File: /run/media/sackb/Windows-SSD/Users/sackb/OneDrive/Desktop/University/Course_Work/2025-2026/Spring_2026/ECE_410/ECE410/project/post_m3_Minor_Redesign/tb/tb_top.sv Line: 257

Time: 19265 ns Started: 19255 ns Scope: /tb_top/u_mon File: /run/media/sackb/Windows-SSD/Users/sackb/OneDrive/Desktop/University/Course_Work/2025-2026/Spring_2026/ECE_410/ECE410/project/post_m3_Minor_Redesign/tb/tb_top.sv Line:256
Error: AXI MONITOR: core_C changed while core is idle
Time: 19265 ns  Iteration: 0  Process: /tb_top/u_mon//tb_top/u_mon  Scope: tb_top.u_mon  File: /run/media/sackb/Windows-SSD/Users/sackb/OneDrive/Desktop/University/Course_Work/2025-2026/Spring_2026/ECE_410/ECE410/project/post_m3_Minor_Redesign/tb/tb_top.sv Line: 257

Time: 19275 ns Started: 19265 ns Scope: /tb_top/u_mon File: /run/media/sackb/Windows-SSD/Users/sackb/OneDrive/Desktop/University/Course_Work/2025-2026/Spring_2026/ECE_410/ECE410/project/post_m3_Minor_Redesign/tb/tb_top.sv Line:256
Error: AXI MONITOR: core_C changed while core is idle
Time: 19275 ns  Iteration: 0  Process: /tb_top/u_mon//tb_top/u_mon  Scope: tb_top.u_mon  File: /run/media/sackb/Windows-SSD/Users/sackb/OneDrive/Desktop/University/Course_Work/2025-2026/Spring_2026/ECE_410/ECE410/project/post_m3_Minor_Redesign/tb/tb_top.sv Line: 257

Time: 19285 ns Started: 19275 ns Scope: /tb_top/u_mon File: /run/media/sackb/Windows-SSD/Users/sackb/OneDrive/Desktop/University/Course_Work/2025-2026/Spring_2026/ECE_410/ECE410/project/post_m3_Minor_Redesign/tb/tb_top.sv Line:256
Error: AXI MONITOR: core_C changed while core is idle
Time: 19285 ns  Iteration: 0  Process: /tb_top/u_mon//tb_top/u_mon  Scope: tb_top.u_mon  File: /run/media/sackb/Windows-SSD/Users/sackb/OneDrive/Desktop/University/Course_Work/2025-2026/Spring_2026/ECE_410/ECE410/project/post_m3_Minor_Redesign/tb/tb_top.sv Line: 257

Time: 19295 ns Started: 19285 ns Scope: /tb_top/u_mon File: /run/media/sackb/Windows-SSD/Users/sackb/OneDrive/Desktop/University/Course_Work/2025-2026/Spring_2026/ECE_410/ECE410/project/post_m3_Minor_Redesign/tb/tb_top.sv Line:256
Error: AXI MONITOR: core_C changed while core is idle
Time: 19295 ns  Iteration: 0  Process: /tb_top/u_mon//tb_top/u_mon  Scope: tb_top.u_mon  File: /run/media/sackb/Windows-SSD/Users/sackb/OneDrive/Desktop/University/Course_Work/2025-2026/Spring_2026/ECE_410/ECE410/project/post_m3_Minor_Redesign/tb/tb_top.sv Line: 257

Time: 19305 ns Started: 19295 ns Scope: /tb_top/u_mon File: /run/media/sackb/Windows-SSD/Users/sackb/OneDrive/Desktop/University/Course_Work/2025-2026/Spring_2026/ECE_410/ECE410/project/post_m3_Minor_Redesign/tb/tb_top.sv Line:256
Error: AXI MONITOR: core_C changed while core is idle
Time: 19305 ns  Iteration: 0  Process: /tb_top/u_mon//tb_top/u_mon  Scope: tb_top.u_mon  File: /run/media/sackb/Windows-SSD/Users/sackb/OneDrive/Desktop/University/Course_Work/2025-2026/Spring_2026/ECE_410/ECE410/project/post_m3_Minor_Redesign/tb/tb_top.sv Line: 257

Time: 19315 ns Started: 19305 ns Scope: /tb_top/u_mon File: /run/media/sackb/Windows-SSD/Users/sackb/OneDrive/Desktop/University/Course_Work/2025-2026/Spring_2026/ECE_410/ECE410/project/post_m3_Minor_Redesign/tb/tb_top.sv Line:256
Error: AXI MONITOR: core_C changed while core is idle
Time: 19315 ns  Iteration: 0  Process: /tb_top/u_mon//tb_top/u_mon  Scope: tb_top.u_mon  File: /run/media/sackb/Windows-SSD/Users/sackb/OneDrive/Desktop/University/Course_Work/2025-2026/Spring_2026/ECE_410/ECE410/project/post_m3_Minor_Redesign/tb/tb_top.sv Line: 257

Time: 19325 ns Started: 19315 ns Scope: /tb_top/u_mon File: /run/media/sackb/Windows-SSD/Users/sackb/OneDrive/Desktop/University/Course_Work/2025-2026/Spring_2026/ECE_410/ECE410/project/post_m3_Minor_Redesign/tb/tb_top.sv Line:256
Error: AXI MONITOR: core_C changed while core is idle
Time: 19325 ns  Iteration: 0  Process: /tb_top/u_mon//tb_top/u_mon  Scope: tb_top.u_mon  File: /run/media/sackb/Windows-SSD/Users/sackb/OneDrive/Desktop/University/Course_Work/2025-2026/Spring_2026/ECE_410/ECE410/project/post_m3_Minor_Redesign/tb/tb_top.sv Line: 257

Time: 19335 ns Started: 19325 ns Scope: /tb_top/u_mon File: /run/media/sackb/Windows-SSD/Users/sackb/OneDrive/Desktop/University/Course_Work/2025-2026/Spring_2026/ECE_410/ECE410/project/post_m3_Minor_Redesign/tb/tb_top.sv Line:256
Error: AXI MONITOR: core_C changed while core is idle
Time: 19335 ns  Iteration: 0  Process: /tb_top/u_mon//tb_top/u_mon  Scope: tb_top.u_mon  File: /run/media/sackb/Windows-SSD/Users/sackb/OneDrive/Desktop/University/Course_Work/2025-2026/Spring_2026/ECE_410/ECE410/project/post_m3_Minor_Redesign/tb/tb_top.sv Line: 257

Time: 19345 ns Started: 19335 ns Scope: /tb_top/u_mon File: /run/media/sackb/Windows-SSD/Users/sackb/OneDrive/Desktop/University/Course_Work/2025-2026/Spring_2026/ECE_410/ECE410/project/post_m3_Minor_Redesign/tb/tb_top.sv Line:256
Error: AXI MONITOR: core_C changed while core is idle
Time: 19345 ns  Iteration: 0  Process: /tb_top/u_mon//tb_top/u_mon  Scope: tb_top.u_mon  File: /run/media/sackb/Windows-SSD/Users/sackb/OneDrive/Desktop/University/Course_Work/2025-2026/Spring_2026/ECE_410/ECE410/project/post_m3_Minor_Redesign/tb/tb_top.sv Line: 257

Time: 19355 ns Started: 19345 ns Scope: /tb_top/u_mon File: /run/media/sackb/Windows-SSD/Users/sackb/OneDrive/Desktop/University/Course_Work/2025-2026/Spring_2026/ECE_410/ECE410/project/post_m3_Minor_Redesign/tb/tb_top.sv Line:256
Error: AXI MONITOR: core_C changed while core is idle
Time: 19355 ns  Iteration: 0  Process: /tb_top/u_mon//tb_top/u_mon  Scope: tb_top.u_mon  File: /run/media/sackb/Windows-SSD/Users/sackb/OneDrive/Desktop/University/Course_Work/2025-2026/Spring_2026/ECE_410/ECE410/project/post_m3_Minor_Redesign/tb/tb_top.sv Line: 257

Time: 19365 ns Started: 19355 ns Scope: /tb_top/u_mon File: /run/media/sackb/Windows-SSD/Users/sackb/OneDrive/Desktop/University/Course_Work/2025-2026/Spring_2026/ECE_410/ECE410/project/post_m3_Minor_Redesign/tb/tb_top.sv Line:256
Error: AXI MONITOR: core_C changed while core is idle
Time: 19365 ns  Iteration: 0  Process: /tb_top/u_mon//tb_top/u_mon  Scope: tb_top.u_mon  File: /run/media/sackb/Windows-SSD/Users/sackb/OneDrive/Desktop/University/Course_Work/2025-2026/Spring_2026/ECE_410/ECE410/project/post_m3_Minor_Redesign/tb/tb_top.sv Line: 257

Time: 19375 ns Started: 19365 ns Scope: /tb_top/u_mon File: /run/media/sackb/Windows-SSD/Users/sackb/OneDrive/Desktop/University/Course_Work/2025-2026/Spring_2026/ECE_410/ECE410/project/post_m3_Minor_Redesign/tb/tb_top.sv Line:256
Error: AXI MONITOR: core_C changed while core is idle
Time: 19375 ns  Iteration: 0  Process: /tb_top/u_mon//tb_top/u_mon  Scope: tb_top.u_mon  File: /run/media/sackb/Windows-SSD/Users/sackb/OneDrive/Desktop/University/Course_Work/2025-2026/Spring_2026/ECE_410/ECE410/project/post_m3_Minor_Redesign/tb/tb_top.sv Line: 257

Time: 19385 ns Started: 19375 ns Scope: /tb_top/u_mon File: /run/media/sackb/Windows-SSD/Users/sackb/OneDrive/Desktop/University/Course_Work/2025-2026/Spring_2026/ECE_410/ECE410/project/post_m3_Minor_Redesign/tb/tb_top.sv Line:256
Error: AXI MONITOR: core_C changed while core is idle
Time: 19385 ns  Iteration: 0  Process: /tb_top/u_mon//tb_top/u_mon  Scope: tb_top.u_mon  File: /run/media/sackb/Windows-SSD/Users/sackb/OneDrive/Desktop/University/Course_Work/2025-2026/Spring_2026/ECE_410/ECE410/project/post_m3_Minor_Redesign/tb/tb_top.sv Line: 257

Time: 19395 ns Started: 19385 ns Scope: /tb_top/u_mon File: /run/media/sackb/Windows-SSD/Users/sackb/OneDrive/Desktop/University/Course_Work/2025-2026/Spring_2026/ECE_410/ECE410/project/post_m3_Minor_Redesign/tb/tb_top.sv Line:256
Error: AXI MONITOR: core_C changed while core is idle
Time: 19395 ns  Iteration: 0  Process: /tb_top/u_mon//tb_top/u_mon  Scope: tb_top.u_mon  File: /run/media/sackb/Windows-SSD/Users/sackb/OneDrive/Desktop/University/Course_Work/2025-2026/Spring_2026/ECE_410/ECE410/project/post_m3_Minor_Redesign/tb/tb_top.sv Line: 257

Time: 19405 ns Started: 19395 ns Scope: /tb_top/u_mon File: /run/media/sackb/Windows-SSD/Users/sackb/OneDrive/Desktop/University/Course_Work/2025-2026/Spring_2026/ECE_410/ECE410/project/post_m3_Minor_Redesign/tb/tb_top.sv Line:256
Error: AXI MONITOR: core_C changed while core is idle
Time: 19405 ns  Iteration: 0  Process: /tb_top/u_mon//tb_top/u_mon  Scope: tb_top.u_mon  File: /run/media/sackb/Windows-SSD/Users/sackb/OneDrive/Desktop/University/Course_Work/2025-2026/Spring_2026/ECE_410/ECE410/project/post_m3_Minor_Redesign/tb/tb_top.sv Line: 257

Time: 19415 ns Started: 19405 ns Scope: /tb_top/u_mon File: /run/media/sackb/Windows-SSD/Users/sackb/OneDrive/Desktop/University/Course_Work/2025-2026/Spring_2026/ECE_410/ECE410/project/post_m3_Minor_Redesign/tb/tb_top.sv Line:256
Error: AXI MONITOR: core_C changed while core is idle
Time: 19415 ns  Iteration: 0  Process: /tb_top/u_mon//tb_top/u_mon  Scope: tb_top.u_mon  File: /run/media/sackb/Windows-SSD/Users/sackb/OneDrive/Desktop/University/Course_Work/2025-2026/Spring_2026/ECE_410/ECE410/project/post_m3_Minor_Redesign/tb/tb_top.sv Line: 257

Time: 19425 ns Started: 19415 ns Scope: /tb_top/u_mon File: /run/media/sackb/Windows-SSD/Users/sackb/OneDrive/Desktop/University/Course_Work/2025-2026/Spring_2026/ECE_410/ECE410/project/post_m3_Minor_Redesign/tb/tb_top.sv Line:256
Error: AXI MONITOR: core_C changed while core is idle
Time: 19425 ns  Iteration: 0  Process: /tb_top/u_mon//tb_top/u_mon  Scope: tb_top.u_mon  File: /run/media/sackb/Windows-SSD/Users/sackb/OneDrive/Desktop/University/Course_Work/2025-2026/Spring_2026/ECE_410/ECE410/project/post_m3_Minor_Redesign/tb/tb_top.sv Line: 257

Time: 19435 ns Started: 19425 ns Scope: /tb_top/u_mon File: /run/media/sackb/Windows-SSD/Users/sackb/OneDrive/Desktop/University/Course_Work/2025-2026/Spring_2026/ECE_410/ECE410/project/post_m3_Minor_Redesign/tb/tb_top.sv Line:256
Error: AXI MONITOR: core_C changed while core is idle
Time: 19435 ns  Iteration: 0  Process: /tb_top/u_mon//tb_top/u_mon  Scope: tb_top.u_mon  File: /run/media/sackb/Windows-SSD/Users/sackb/OneDrive/Desktop/University/Course_Work/2025-2026/Spring_2026/ECE_410/ECE410/project/post_m3_Minor_Redesign/tb/tb_top.sv Line: 257

Time: 19445 ns Started: 19435 ns Scope: /tb_top/u_mon File: /run/media/sackb/Windows-SSD/Users/sackb/OneDrive/Desktop/University/Course_Work/2025-2026/Spring_2026/ECE_410/ECE410/project/post_m3_Minor_Redesign/tb/tb_top.sv Line:256
Error: AXI MONITOR: core_C changed while core is idle
Time: 19445 ns  Iteration: 0  Process: /tb_top/u_mon//tb_top/u_mon  Scope: tb_top.u_mon  File: /run/media/sackb/Windows-SSD/Users/sackb/OneDrive/Desktop/University/Course_Work/2025-2026/Spring_2026/ECE_410/ECE410/project/post_m3_Minor_Redesign/tb/tb_top.sv Line: 257

Time: 19455 ns Started: 19445 ns Scope: /tb_top/u_mon File: /run/media/sackb/Windows-SSD/Users/sackb/OneDrive/Desktop/University/Course_Work/2025-2026/Spring_2026/ECE_410/ECE410/project/post_m3_Minor_Redesign/tb/tb_top.sv Line:256
Error: AXI MONITOR: core_C changed while core is idle
Time: 19455 ns  Iteration: 0  Process: /tb_top/u_mon//tb_top/u_mon  Scope: tb_top.u_mon  File: /run/media/sackb/Windows-SSD/Users/sackb/OneDrive/Desktop/University/Course_Work/2025-2026/Spring_2026/ECE_410/ECE410/project/post_m3_Minor_Redesign/tb/tb_top.sv Line: 257

Time: 19465 ns Started: 19455 ns Scope: /tb_top/u_mon File: /run/media/sackb/Windows-SSD/Users/sackb/OneDrive/Desktop/University/Course_Work/2025-2026/Spring_2026/ECE_410/ECE410/project/post_m3_Minor_Redesign/tb/tb_top.sv Line:256
Error: AXI MONITOR: core_C changed while core is idle
Time: 19465 ns  Iteration: 0  Process: /tb_top/u_mon//tb_top/u_mon  Scope: tb_top.u_mon  File: /run/media/sackb/Windows-SSD/Users/sackb/OneDrive/Desktop/University/Course_Work/2025-2026/Spring_2026/ECE_410/ECE410/project/post_m3_Minor_Redesign/tb/tb_top.sv Line: 257

Time: 19475 ns Started: 19465 ns Scope: /tb_top/u_mon File: /run/media/sackb/Windows-SSD/Users/sackb/OneDrive/Desktop/University/Course_Work/2025-2026/Spring_2026/ECE_410/ECE410/project/post_m3_Minor_Redesign/tb/tb_top.sv Line:256
Error: AXI MONITOR: core_C changed while core is idle
Time: 19475 ns  Iteration: 0  Process: /tb_top/u_mon//tb_top/u_mon  Scope: tb_top.u_mon  File: /run/media/sackb/Windows-SSD/Users/sackb/OneDrive/Desktop/University/Course_Work/2025-2026/Spring_2026/ECE_410/ECE410/project/post_m3_Minor_Redesign/tb/tb_top.sv Line: 257

Time: 19485 ns Started: 19475 ns Scope: /tb_top/u_mon File: /run/media/sackb/Windows-SSD/Users/sackb/OneDrive/Desktop/University/Course_Work/2025-2026/Spring_2026/ECE_410/ECE410/project/post_m3_Minor_Redesign/tb/tb_top.sv Line:256
Error: AXI MONITOR: core_C changed while core is idle
Time: 19485 ns  Iteration: 0  Process: /tb_top/u_mon//tb_top/u_mon  Scope: tb_top.u_mon  File: /run/media/sackb/Windows-SSD/Users/sackb/OneDrive/Desktop/University/Course_Work/2025-2026/Spring_2026/ECE_410/ECE410/project/post_m3_Minor_Redesign/tb/tb_top.sv Line: 257

Time: 19495 ns Started: 19485 ns Scope: /tb_top/u_mon File: /run/media/sackb/Windows-SSD/Users/sackb/OneDrive/Desktop/University/Course_Work/2025-2026/Spring_2026/ECE_410/ECE410/project/post_m3_Minor_Redesign/tb/tb_top.sv Line:256
Error: AXI MONITOR: core_C changed while core is idle
Time: 19495 ns  Iteration: 0  Process: /tb_top/u_mon//tb_top/u_mon  Scope: tb_top.u_mon  File: /run/media/sackb/Windows-SSD/Users/sackb/OneDrive/Desktop/University/Course_Work/2025-2026/Spring_2026/ECE_410/ECE410/project/post_m3_Minor_Redesign/tb/tb_top.sv Line: 257

Time: 19505 ns Started: 19495 ns Scope: /tb_top/u_mon File: /run/media/sackb/Windows-SSD/Users/sackb/OneDrive/Desktop/University/Course_Work/2025-2026/Spring_2026/ECE_410/ECE410/project/post_m3_Minor_Redesign/tb/tb_top.sv Line:256
Error: AXI MONITOR: core_C changed while core is idle
Time: 19505 ns  Iteration: 0  Process: /tb_top/u_mon//tb_top/u_mon  Scope: tb_top.u_mon  File: /run/media/sackb/Windows-SSD/Users/sackb/OneDrive/Desktop/University/Course_Work/2025-2026/Spring_2026/ECE_410/ECE410/project/post_m3_Minor_Redesign/tb/tb_top.sv Line: 257

Time: 19515 ns Started: 19505 ns Scope: /tb_top/u_mon File: /run/media/sackb/Windows-SSD/Users/sackb/OneDrive/Desktop/University/Course_Work/2025-2026/Spring_2026/ECE_410/ECE410/project/post_m3_Minor_Redesign/tb/tb_top.sv Line:256
Error: AXI MONITOR: core_C changed while core is idle
Time: 19515 ns  Iteration: 0  Process: /tb_top/u_mon//tb_top/u_mon  Scope: tb_top.u_mon  File: /run/media/sackb/Windows-SSD/Users/sackb/OneDrive/Desktop/University/Course_Work/2025-2026/Spring_2026/ECE_410/ECE410/project/post_m3_Minor_Redesign/tb/tb_top.sv Line: 257

Time: 19525 ns Started: 19515 ns Scope: /tb_top/u_mon File: /run/media/sackb/Windows-SSD/Users/sackb/OneDrive/Desktop/University/Course_Work/2025-2026/Spring_2026/ECE_410/ECE410/project/post_m3_Minor_Redesign/tb/tb_top.sv Line:256
Error: AXI MONITOR: core_C changed while core is idle
Time: 19525 ns  Iteration: 0  Process: /tb_top/u_mon//tb_top/u_mon  Scope: tb_top.u_mon  File: /run/media/sackb/Windows-SSD/Users/sackb/OneDrive/Desktop/University/Course_Work/2025-2026/Spring_2026/ECE_410/ECE410/project/post_m3_Minor_Redesign/tb/tb_top.sv Line: 257

Time: 19535 ns Started: 19525 ns Scope: /tb_top/u_mon File: /run/media/sackb/Windows-SSD/Users/sackb/OneDrive/Desktop/University/Course_Work/2025-2026/Spring_2026/ECE_410/ECE410/project/post_m3_Minor_Redesign/tb/tb_top.sv Line:256
Error: AXI MONITOR: core_C changed while core is idle
Time: 19535 ns  Iteration: 0  Process: /tb_top/u_mon//tb_top/u_mon  Scope: tb_top.u_mon  File: /run/media/sackb/Windows-SSD/Users/sackb/OneDrive/Desktop/University/Course_Work/2025-2026/Spring_2026/ECE_410/ECE410/project/post_m3_Minor_Redesign/tb/tb_top.sv Line: 257

Time: 19545 ns Started: 19535 ns Scope: /tb_top/u_mon File: /run/media/sackb/Windows-SSD/Users/sackb/OneDrive/Desktop/University/Course_Work/2025-2026/Spring_2026/ECE_410/ECE410/project/post_m3_Minor_Redesign/tb/tb_top.sv Line:256
Error: AXI MONITOR: core_C changed while core is idle
Time: 19545 ns  Iteration: 0  Process: /tb_top/u_mon//tb_top/u_mon  Scope: tb_top.u_mon  File: /run/media/sackb/Windows-SSD/Users/sackb/OneDrive/Desktop/University/Course_Work/2025-2026/Spring_2026/ECE_410/ECE410/project/post_m3_Minor_Redesign/tb/tb_top.sv Line: 257

Time: 19555 ns Started: 19545 ns Scope: /tb_top/u_mon File: /run/media/sackb/Windows-SSD/Users/sackb/OneDrive/Desktop/University/Course_Work/2025-2026/Spring_2026/ECE_410/ECE410/project/post_m3_Minor_Redesign/tb/tb_top.sv Line:256
Error: AXI MONITOR: core_C changed while core is idle
Time: 19555 ns  Iteration: 0  Process: /tb_top/u_mon//tb_top/u_mon  Scope: tb_top.u_mon  File: /run/media/sackb/Windows-SSD/Users/sackb/OneDrive/Desktop/University/Course_Work/2025-2026/Spring_2026/ECE_410/ECE410/project/post_m3_Minor_Redesign/tb/tb_top.sv Line: 257

Time: 19565 ns Started: 19555 ns Scope: /tb_top/u_mon File: /run/media/sackb/Windows-SSD/Users/sackb/OneDrive/Desktop/University/Course_Work/2025-2026/Spring_2026/ECE_410/ECE410/project/post_m3_Minor_Redesign/tb/tb_top.sv Line:256
Error: AXI MONITOR: core_C changed while core is idle
Time: 19565 ns  Iteration: 0  Process: /tb_top/u_mon//tb_top/u_mon  Scope: tb_top.u_mon  File: /run/media/sackb/Windows-SSD/Users/sackb/OneDrive/Desktop/University/Course_Work/2025-2026/Spring_2026/ECE_410/ECE410/project/post_m3_Minor_Redesign/tb/tb_top.sv Line: 257

Time: 19575 ns Started: 19565 ns Scope: /tb_top/u_mon File: /run/media/sackb/Windows-SSD/Users/sackb/OneDrive/Desktop/University/Course_Work/2025-2026/Spring_2026/ECE_410/ECE410/project/post_m3_Minor_Redesign/tb/tb_top.sv Line:256
Error: AXI MONITOR: core_C changed while core is idle
Time: 19575 ns  Iteration: 0  Process: /tb_top/u_mon//tb_top/u_mon  Scope: tb_top.u_mon  File: /run/media/sackb/Windows-SSD/Users/sackb/OneDrive/Desktop/University/Course_Work/2025-2026/Spring_2026/ECE_410/ECE410/project/post_m3_Minor_Redesign/tb/tb_top.sv Line: 257

Time: 19585 ns Started: 19575 ns Scope: /tb_top/u_mon File: /run/media/sackb/Windows-SSD/Users/sackb/OneDrive/Desktop/University/Course_Work/2025-2026/Spring_2026/ECE_410/ECE410/project/post_m3_Minor_Redesign/tb/tb_top.sv Line:256
Error: AXI MONITOR: core_C changed while core is idle
Time: 19585 ns  Iteration: 0  Process: /tb_top/u_mon//tb_top/u_mon  Scope: tb_top.u_mon  File: /run/media/sackb/Windows-SSD/Users/sackb/OneDrive/Desktop/University/Course_Work/2025-2026/Spring_2026/ECE_410/ECE410/project/post_m3_Minor_Redesign/tb/tb_top.sv Line: 257

Time: 19595 ns Started: 19585 ns Scope: /tb_top/u_mon File: /run/media/sackb/Windows-SSD/Users/sackb/OneDrive/Desktop/University/Course_Work/2025-2026/Spring_2026/ECE_410/ECE410/project/post_m3_Minor_Redesign/tb/tb_top.sv Line:256
Error: AXI MONITOR: core_C changed while core is idle
Time: 19595 ns  Iteration: 0  Process: /tb_top/u_mon//tb_top/u_mon  Scope: tb_top.u_mon  File: /run/media/sackb/Windows-SSD/Users/sackb/OneDrive/Desktop/University/Course_Work/2025-2026/Spring_2026/ECE_410/ECE410/project/post_m3_Minor_Redesign/tb/tb_top.sv Line: 257

Time: 19605 ns Started: 19595 ns Scope: /tb_top/u_mon File: /run/media/sackb/Windows-SSD/Users/sackb/OneDrive/Desktop/University/Course_Work/2025-2026/Spring_2026/ECE_410/ECE410/project/post_m3_Minor_Redesign/tb/tb_top.sv Line:256
Error: AXI MONITOR: core_C changed while core is idle
Time: 19605 ns  Iteration: 0  Process: /tb_top/u_mon//tb_top/u_mon  Scope: tb_top.u_mon  File: /run/media/sackb/Windows-SSD/Users/sackb/OneDrive/Desktop/University/Course_Work/2025-2026/Spring_2026/ECE_410/ECE410/project/post_m3_Minor_Redesign/tb/tb_top.sv Line: 257

Time: 19615 ns Started: 19605 ns Scope: /tb_top/u_mon File: /run/media/sackb/Windows-SSD/Users/sackb/OneDrive/Desktop/University/Course_Work/2025-2026/Spring_2026/ECE_410/ECE410/project/post_m3_Minor_Redesign/tb/tb_top.sv Line:256
Error: AXI MONITOR: core_C changed while core is idle
Time: 19615 ns  Iteration: 0  Process: /tb_top/u_mon//tb_top/u_mon  Scope: tb_top.u_mon  File: /run/media/sackb/Windows-SSD/Users/sackb/OneDrive/Desktop/University/Course_Work/2025-2026/Spring_2026/ECE_410/ECE410/project/post_m3_Minor_Redesign/tb/tb_top.sv Line: 257

Time: 19625 ns Started: 19615 ns Scope: /tb_top/u_mon File: /run/media/sackb/Windows-SSD/Users/sackb/OneDrive/Desktop/University/Course_Work/2025-2026/Spring_2026/ECE_410/ECE410/project/post_m3_Minor_Redesign/tb/tb_top.sv Line:256
Error: AXI MONITOR: core_C changed while core is idle
Time: 19625 ns  Iteration: 0  Process: /tb_top/u_mon//tb_top/u_mon  Scope: tb_top.u_mon  File: /run/media/sackb/Windows-SSD/Users/sackb/OneDrive/Desktop/University/Course_Work/2025-2026/Spring_2026/ECE_410/ECE410/project/post_m3_Minor_Redesign/tb/tb_top.sv Line: 257

Time: 19635 ns Started: 19625 ns Scope: /tb_top/u_mon File: /run/media/sackb/Windows-SSD/Users/sackb/OneDrive/Desktop/University/Course_Work/2025-2026/Spring_2026/ECE_410/ECE410/project/post_m3_Minor_Redesign/tb/tb_top.sv Line:256
Error: AXI MONITOR: core_C changed while core is idle
Time: 19635 ns  Iteration: 0  Process: /tb_top/u_mon//tb_top/u_mon  Scope: tb_top.u_mon  File: /run/media/sackb/Windows-SSD/Users/sackb/OneDrive/Desktop/University/Course_Work/2025-2026/Spring_2026/ECE_410/ECE410/project/post_m3_Minor_Redesign/tb/tb_top.sv Line: 257

Time: 19645 ns Started: 19635 ns Scope: /tb_top/u_mon File: /run/media/sackb/Windows-SSD/Users/sackb/OneDrive/Desktop/University/Course_Work/2025-2026/Spring_2026/ECE_410/ECE410/project/post_m3_Minor_Redesign/tb/tb_top.sv Line:256
Error: AXI MONITOR: core_C changed while core is idle
Time: 19645 ns  Iteration: 0  Process: /tb_top/u_mon//tb_top/u_mon  Scope: tb_top.u_mon  File: /run/media/sackb/Windows-SSD/Users/sackb/OneDrive/Desktop/University/Course_Work/2025-2026/Spring_2026/ECE_410/ECE410/project/post_m3_Minor_Redesign/tb/tb_top.sv Line: 257

Time: 19655 ns Started: 19645 ns Scope: /tb_top/u_mon File: /run/media/sackb/Windows-SSD/Users/sackb/OneDrive/Desktop/University/Course_Work/2025-2026/Spring_2026/ECE_410/ECE410/project/post_m3_Minor_Redesign/tb/tb_top.sv Line:256
Error: AXI MONITOR: core_C changed while core is idle
Time: 19655 ns  Iteration: 0  Process: /tb_top/u_mon//tb_top/u_mon  Scope: tb_top.u_mon  File: /run/media/sackb/Windows-SSD/Users/sackb/OneDrive/Desktop/University/Course_Work/2025-2026/Spring_2026/ECE_410/ECE410/project/post_m3_Minor_Redesign/tb/tb_top.sv Line: 257

Time: 19665 ns Started: 19655 ns Scope: /tb_top/u_mon File: /run/media/sackb/Windows-SSD/Users/sackb/OneDrive/Desktop/University/Course_Work/2025-2026/Spring_2026/ECE_410/ECE410/project/post_m3_Minor_Redesign/tb/tb_top.sv Line:256
Error: AXI MONITOR: core_C changed while core is idle
Time: 19665 ns  Iteration: 0  Process: /tb_top/u_mon//tb_top/u_mon  Scope: tb_top.u_mon  File: /run/media/sackb/Windows-SSD/Users/sackb/OneDrive/Desktop/University/Course_Work/2025-2026/Spring_2026/ECE_410/ECE410/project/post_m3_Minor_Redesign/tb/tb_top.sv Line: 257

Time: 19675 ns Started: 19665 ns Scope: /tb_top/u_mon File: /run/media/sackb/Windows-SSD/Users/sackb/OneDrive/Desktop/University/Course_Work/2025-2026/Spring_2026/ECE_410/ECE410/project/post_m3_Minor_Redesign/tb/tb_top.sv Line:256
Error: AXI MONITOR: core_C changed while core is idle
Time: 19675 ns  Iteration: 0  Process: /tb_top/u_mon//tb_top/u_mon  Scope: tb_top.u_mon  File: /run/media/sackb/Windows-SSD/Users/sackb/OneDrive/Desktop/University/Course_Work/2025-2026/Spring_2026/ECE_410/ECE410/project/post_m3_Minor_Redesign/tb/tb_top.sv Line: 257

Time: 19685 ns Started: 19675 ns Scope: /tb_top/u_mon File: /run/media/sackb/Windows-SSD/Users/sackb/OneDrive/Desktop/University/Course_Work/2025-2026/Spring_2026/ECE_410/ECE410/project/post_m3_Minor_Redesign/tb/tb_top.sv Line:256
Error: AXI MONITOR: core_C changed while core is idle
Time: 19685 ns  Iteration: 0  Process: /tb_top/u_mon//tb_top/u_mon  Scope: tb_top.u_mon  File: /run/media/sackb/Windows-SSD/Users/sackb/OneDrive/Desktop/University/Course_Work/2025-2026/Spring_2026/ECE_410/ECE410/project/post_m3_Minor_Redesign/tb/tb_top.sv Line: 257

Time: 19695 ns Started: 19685 ns Scope: /tb_top/u_mon File: /run/media/sackb/Windows-SSD/Users/sackb/OneDrive/Desktop/University/Course_Work/2025-2026/Spring_2026/ECE_410/ECE410/project/post_m3_Minor_Redesign/tb/tb_top.sv Line:256
Error: AXI MONITOR: core_C changed while core is idle
Time: 19695 ns  Iteration: 0  Process: /tb_top/u_mon//tb_top/u_mon  Scope: tb_top.u_mon  File: /run/media/sackb/Windows-SSD/Users/sackb/OneDrive/Desktop/University/Course_Work/2025-2026/Spring_2026/ECE_410/ECE410/project/post_m3_Minor_Redesign/tb/tb_top.sv Line: 257

Time: 19705 ns Started: 19695 ns Scope: /tb_top/u_mon File: /run/media/sackb/Windows-SSD/Users/sackb/OneDrive/Desktop/University/Course_Work/2025-2026/Spring_2026/ECE_410/ECE410/project/post_m3_Minor_Redesign/tb/tb_top.sv Line:256
Error: AXI MONITOR: core_C changed while core is idle
Time: 19705 ns  Iteration: 0  Process: /tb_top/u_mon//tb_top/u_mon  Scope: tb_top.u_mon  File: /run/media/sackb/Windows-SSD/Users/sackb/OneDrive/Desktop/University/Course_Work/2025-2026/Spring_2026/ECE_410/ECE410/project/post_m3_Minor_Redesign/tb/tb_top.sv Line: 257

Time: 19715 ns Started: 19705 ns Scope: /tb_top/u_mon File: /run/media/sackb/Windows-SSD/Users/sackb/OneDrive/Desktop/University/Course_Work/2025-2026/Spring_2026/ECE_410/ECE410/project/post_m3_Minor_Redesign/tb/tb_top.sv Line:256
Error: AXI MONITOR: core_C changed while core is idle
Time: 19715 ns  Iteration: 0  Process: /tb_top/u_mon//tb_top/u_mon  Scope: tb_top.u_mon  File: /run/media/sackb/Windows-SSD/Users/sackb/OneDrive/Desktop/University/Course_Work/2025-2026/Spring_2026/ECE_410/ECE410/project/post_m3_Minor_Redesign/tb/tb_top.sv Line: 257

Time: 19725 ns Started: 19715 ns Scope: /tb_top/u_mon File: /run/media/sackb/Windows-SSD/Users/sackb/OneDrive/Desktop/University/Course_Work/2025-2026/Spring_2026/ECE_410/ECE410/project/post_m3_Minor_Redesign/tb/tb_top.sv Line:256
Error: AXI MONITOR: core_C changed while core is idle
Time: 19725 ns  Iteration: 0  Process: /tb_top/u_mon//tb_top/u_mon  Scope: tb_top.u_mon  File: /run/media/sackb/Windows-SSD/Users/sackb/OneDrive/Desktop/University/Course_Work/2025-2026/Spring_2026/ECE_410/ECE410/project/post_m3_Minor_Redesign/tb/tb_top.sv Line: 257

Time: 19735 ns Started: 19725 ns Scope: /tb_top/u_mon File: /run/media/sackb/Windows-SSD/Users/sackb/OneDrive/Desktop/University/Course_Work/2025-2026/Spring_2026/ECE_410/ECE410/project/post_m3_Minor_Redesign/tb/tb_top.sv Line:256
Error: AXI MONITOR: core_C changed while core is idle
Time: 19735 ns  Iteration: 0  Process: /tb_top/u_mon//tb_top/u_mon  Scope: tb_top.u_mon  File: /run/media/sackb/Windows-SSD/Users/sackb/OneDrive/Desktop/University/Course_Work/2025-2026/Spring_2026/ECE_410/ECE410/project/post_m3_Minor_Redesign/tb/tb_top.sv Line: 257

Time: 19745 ns Started: 19735 ns Scope: /tb_top/u_mon File: /run/media/sackb/Windows-SSD/Users/sackb/OneDrive/Desktop/University/Course_Work/2025-2026/Spring_2026/ECE_410/ECE410/project/post_m3_Minor_Redesign/tb/tb_top.sv Line:256
Error: AXI MONITOR: core_C changed while core is idle
Time: 19745 ns  Iteration: 0  Process: /tb_top/u_mon//tb_top/u_mon  Scope: tb_top.u_mon  File: /run/media/sackb/Windows-SSD/Users/sackb/OneDrive/Desktop/University/Course_Work/2025-2026/Spring_2026/ECE_410/ECE410/project/post_m3_Minor_Redesign/tb/tb_top.sv Line: 257

Time: 19755 ns Started: 19745 ns Scope: /tb_top/u_mon File: /run/media/sackb/Windows-SSD/Users/sackb/OneDrive/Desktop/University/Course_Work/2025-2026/Spring_2026/ECE_410/ECE410/project/post_m3_Minor_Redesign/tb/tb_top.sv Line:256
Error: AXI MONITOR: core_C changed while core is idle
Time: 19755 ns  Iteration: 0  Process: /tb_top/u_mon//tb_top/u_mon  Scope: tb_top.u_mon  File: /run/media/sackb/Windows-SSD/Users/sackb/OneDrive/Desktop/University/Course_Work/2025-2026/Spring_2026/ECE_410/ECE410/project/post_m3_Minor_Redesign/tb/tb_top.sv Line: 257

Time: 19765 ns Started: 19755 ns Scope: /tb_top/u_mon File: /run/media/sackb/Windows-SSD/Users/sackb/OneDrive/Desktop/University/Course_Work/2025-2026/Spring_2026/ECE_410/ECE410/project/post_m3_Minor_Redesign/tb/tb_top.sv Line:256
Error: AXI MONITOR: core_C changed while core is idle
Time: 19765 ns  Iteration: 0  Process: /tb_top/u_mon//tb_top/u_mon  Scope: tb_top.u_mon  File: /run/media/sackb/Windows-SSD/Users/sackb/OneDrive/Desktop/University/Course_Work/2025-2026/Spring_2026/ECE_410/ECE410/project/post_m3_Minor_Redesign/tb/tb_top.sv Line: 257

Time: 19775 ns Started: 19765 ns Scope: /tb_top/u_mon File: /run/media/sackb/Windows-SSD/Users/sackb/OneDrive/Desktop/University/Course_Work/2025-2026/Spring_2026/ECE_410/ECE410/project/post_m3_Minor_Redesign/tb/tb_top.sv Line:256
Error: AXI MONITOR: core_C changed while core is idle
Time: 19775 ns  Iteration: 0  Process: /tb_top/u_mon//tb_top/u_mon  Scope: tb_top.u_mon  File: /run/media/sackb/Windows-SSD/Users/sackb/OneDrive/Desktop/University/Course_Work/2025-2026/Spring_2026/ECE_410/ECE410/project/post_m3_Minor_Redesign/tb/tb_top.sv Line: 257

Time: 19785 ns Started: 19775 ns Scope: /tb_top/u_mon File: /run/media/sackb/Windows-SSD/Users/sackb/OneDrive/Desktop/University/Course_Work/2025-2026/Spring_2026/ECE_410/ECE410/project/post_m3_Minor_Redesign/tb/tb_top.sv Line:256
Error: AXI MONITOR: core_C changed while core is idle
Time: 19785 ns  Iteration: 0  Process: /tb_top/u_mon//tb_top/u_mon  Scope: tb_top.u_mon  File: /run/media/sackb/Windows-SSD/Users/sackb/OneDrive/Desktop/University/Course_Work/2025-2026/Spring_2026/ECE_410/ECE410/project/post_m3_Minor_Redesign/tb/tb_top.sv Line: 257

Time: 19795 ns Started: 19785 ns Scope: /tb_top/u_mon File: /run/media/sackb/Windows-SSD/Users/sackb/OneDrive/Desktop/University/Course_Work/2025-2026/Spring_2026/ECE_410/ECE410/project/post_m3_Minor_Redesign/tb/tb_top.sv Line:256
Error: AXI MONITOR: core_C changed while core is idle
Time: 19795 ns  Iteration: 0  Process: /tb_top/u_mon//tb_top/u_mon  Scope: tb_top.u_mon  File: /run/media/sackb/Windows-SSD/Users/sackb/OneDrive/Desktop/University/Course_Work/2025-2026/Spring_2026/ECE_410/ECE410/project/post_m3_Minor_Redesign/tb/tb_top.sv Line: 257

Time: 19805 ns Started: 19795 ns Scope: /tb_top/u_mon File: /run/media/sackb/Windows-SSD/Users/sackb/OneDrive/Desktop/University/Course_Work/2025-2026/Spring_2026/ECE_410/ECE410/project/post_m3_Minor_Redesign/tb/tb_top.sv Line:256
Error: AXI MONITOR: core_C changed while core is idle
Time: 19805 ns  Iteration: 0  Process: /tb_top/u_mon//tb_top/u_mon  Scope: tb_top.u_mon  File: /run/media/sackb/Windows-SSD/Users/sackb/OneDrive/Desktop/University/Course_Work/2025-2026/Spring_2026/ECE_410/ECE410/project/post_m3_Minor_Redesign/tb/tb_top.sv Line: 257

Time: 19815 ns Started: 19805 ns Scope: /tb_top/u_mon File: /run/media/sackb/Windows-SSD/Users/sackb/OneDrive/Desktop/University/Course_Work/2025-2026/Spring_2026/ECE_410/ECE410/project/post_m3_Minor_Redesign/tb/tb_top.sv Line:256
Error: AXI MONITOR: core_C changed while core is idle
Time: 19815 ns  Iteration: 0  Process: /tb_top/u_mon//tb_top/u_mon  Scope: tb_top.u_mon  File: /run/media/sackb/Windows-SSD/Users/sackb/OneDrive/Desktop/University/Course_Work/2025-2026/Spring_2026/ECE_410/ECE410/project/post_m3_Minor_Redesign/tb/tb_top.sv Line: 257

Time: 19825 ns Started: 19815 ns Scope: /tb_top/u_mon File: /run/media/sackb/Windows-SSD/Users/sackb/OneDrive/Desktop/University/Course_Work/2025-2026/Spring_2026/ECE_410/ECE410/project/post_m3_Minor_Redesign/tb/tb_top.sv Line:256
Error: AXI MONITOR: core_C changed while core is idle
Time: 19825 ns  Iteration: 0  Process: /tb_top/u_mon//tb_top/u_mon  Scope: tb_top.u_mon  File: /run/media/sackb/Windows-SSD/Users/sackb/OneDrive/Desktop/University/Course_Work/2025-2026/Spring_2026/ECE_410/ECE410/project/post_m3_Minor_Redesign/tb/tb_top.sv Line: 257

Time: 19835 ns Started: 19825 ns Scope: /tb_top/u_mon File: /run/media/sackb/Windows-SSD/Users/sackb/OneDrive/Desktop/University/Course_Work/2025-2026/Spring_2026/ECE_410/ECE410/project/post_m3_Minor_Redesign/tb/tb_top.sv Line:256
Error: AXI MONITOR: core_C changed while core is idle
Time: 19835 ns  Iteration: 0  Process: /tb_top/u_mon//tb_top/u_mon  Scope: tb_top.u_mon  File: /run/media/sackb/Windows-SSD/Users/sackb/OneDrive/Desktop/University/Course_Work/2025-2026/Spring_2026/ECE_410/ECE410/project/post_m3_Minor_Redesign/tb/tb_top.sv Line: 257

Time: 19845 ns Started: 19835 ns Scope: /tb_top/u_mon File: /run/media/sackb/Windows-SSD/Users/sackb/OneDrive/Desktop/University/Course_Work/2025-2026/Spring_2026/ECE_410/ECE410/project/post_m3_Minor_Redesign/tb/tb_top.sv Line:256
Error: AXI MONITOR: core_C changed while core is idle
Time: 19845 ns  Iteration: 0  Process: /tb_top/u_mon//tb_top/u_mon  Scope: tb_top.u_mon  File: /run/media/sackb/Windows-SSD/Users/sackb/OneDrive/Desktop/University/Course_Work/2025-2026/Spring_2026/ECE_410/ECE410/project/post_m3_Minor_Redesign/tb/tb_top.sv Line: 257

Time: 19855 ns Started: 19845 ns Scope: /tb_top/u_mon File: /run/media/sackb/Windows-SSD/Users/sackb/OneDrive/Desktop/University/Course_Work/2025-2026/Spring_2026/ECE_410/ECE410/project/post_m3_Minor_Redesign/tb/tb_top.sv Line:256
Error: AXI MONITOR: core_C changed while core is idle
Time: 19855 ns  Iteration: 0  Process: /tb_top/u_mon//tb_top/u_mon  Scope: tb_top.u_mon  File: /run/media/sackb/Windows-SSD/Users/sackb/OneDrive/Desktop/University/Course_Work/2025-2026/Spring_2026/ECE_410/ECE410/project/post_m3_Minor_Redesign/tb/tb_top.sv Line: 257

Time: 19865 ns Started: 19855 ns Scope: /tb_top/u_mon File: /run/media/sackb/Windows-SSD/Users/sackb/OneDrive/Desktop/University/Course_Work/2025-2026/Spring_2026/ECE_410/ECE410/project/post_m3_Minor_Redesign/tb/tb_top.sv Line:256
Error: AXI MONITOR: core_C changed while core is idle
Time: 19865 ns  Iteration: 0  Process: /tb_top/u_mon//tb_top/u_mon  Scope: tb_top.u_mon  File: /run/media/sackb/Windows-SSD/Users/sackb/OneDrive/Desktop/University/Course_Work/2025-2026/Spring_2026/ECE_410/ECE410/project/post_m3_Minor_Redesign/tb/tb_top.sv Line: 257

Time: 19875 ns Started: 19865 ns Scope: /tb_top/u_mon File: /run/media/sackb/Windows-SSD/Users/sackb/OneDrive/Desktop/University/Course_Work/2025-2026/Spring_2026/ECE_410/ECE410/project/post_m3_Minor_Redesign/tb/tb_top.sv Line:256
Error: AXI MONITOR: core_C changed while core is idle
Time: 19875 ns  Iteration: 0  Process: /tb_top/u_mon//tb_top/u_mon  Scope: tb_top.u_mon  File: /run/media/sackb/Windows-SSD/Users/sackb/OneDrive/Desktop/University/Course_Work/2025-2026/Spring_2026/ECE_410/ECE410/project/post_m3_Minor_Redesign/tb/tb_top.sv Line: 257

Time: 19885 ns Started: 19875 ns Scope: /tb_top/u_mon File: /run/media/sackb/Windows-SSD/Users/sackb/OneDrive/Desktop/University/Course_Work/2025-2026/Spring_2026/ECE_410/ECE410/project/post_m3_Minor_Redesign/tb/tb_top.sv Line:256
Error: AXI MONITOR: core_C changed while core is idle
Time: 19885 ns  Iteration: 0  Process: /tb_top/u_mon//tb_top/u_mon  Scope: tb_top.u_mon  File: /run/media/sackb/Windows-SSD/Users/sackb/OneDrive/Desktop/University/Course_Work/2025-2026/Spring_2026/ECE_410/ECE410/project/post_m3_Minor_Redesign/tb/tb_top.sv Line: 257

Time: 19895 ns Started: 19885 ns Scope: /tb_top/u_mon File: /run/media/sackb/Windows-SSD/Users/sackb/OneDrive/Desktop/University/Course_Work/2025-2026/Spring_2026/ECE_410/ECE410/project/post_m3_Minor_Redesign/tb/tb_top.sv Line:256
Error: AXI MONITOR: core_C changed while core is idle
Time: 19895 ns  Iteration: 0  Process: /tb_top/u_mon//tb_top/u_mon  Scope: tb_top.u_mon  File: /run/media/sackb/Windows-SSD/Users/sackb/OneDrive/Desktop/University/Course_Work/2025-2026/Spring_2026/ECE_410/ECE410/project/post_m3_Minor_Redesign/tb/tb_top.sv Line: 257

Time: 19905 ns Started: 19895 ns Scope: /tb_top/u_mon File: /run/media/sackb/Windows-SSD/Users/sackb/OneDrive/Desktop/University/Course_Work/2025-2026/Spring_2026/ECE_410/ECE410/project/post_m3_Minor_Redesign/tb/tb_top.sv Line:256
Error: AXI MONITOR: core_C changed while core is idle
Time: 19905 ns  Iteration: 0  Process: /tb_top/u_mon//tb_top/u_mon  Scope: tb_top.u_mon  File: /run/media/sackb/Windows-SSD/Users/sackb/OneDrive/Desktop/University/Course_Work/2025-2026/Spring_2026/ECE_410/ECE410/project/post_m3_Minor_Redesign/tb/tb_top.sv Line: 257

Time: 19915 ns Started: 19905 ns Scope: /tb_top/u_mon File: /run/media/sackb/Windows-SSD/Users/sackb/OneDrive/Desktop/University/Course_Work/2025-2026/Spring_2026/ECE_410/ECE410/project/post_m3_Minor_Redesign/tb/tb_top.sv Line:256
Error: AXI MONITOR: core_C changed while core is idle
Time: 19915 ns  Iteration: 0  Process: /tb_top/u_mon//tb_top/u_mon  Scope: tb_top.u_mon  File: /run/media/sackb/Windows-SSD/Users/sackb/OneDrive/Desktop/University/Course_Work/2025-2026/Spring_2026/ECE_410/ECE410/project/post_m3_Minor_Redesign/tb/tb_top.sv Line: 257

Time: 19925 ns Started: 19915 ns Scope: /tb_top/u_mon File: /run/media/sackb/Windows-SSD/Users/sackb/OneDrive/Desktop/University/Course_Work/2025-2026/Spring_2026/ECE_410/ECE410/project/post_m3_Minor_Redesign/tb/tb_top.sv Line:256
Error: AXI MONITOR: core_C changed while core is idle
Time: 19925 ns  Iteration: 0  Process: /tb_top/u_mon//tb_top/u_mon  Scope: tb_top.u_mon  File: /run/media/sackb/Windows-SSD/Users/sackb/OneDrive/Desktop/University/Course_Work/2025-2026/Spring_2026/ECE_410/ECE410/project/post_m3_Minor_Redesign/tb/tb_top.sv Line: 257

Time: 19935 ns Started: 19925 ns Scope: /tb_top/u_mon File: /run/media/sackb/Windows-SSD/Users/sackb/OneDrive/Desktop/University/Course_Work/2025-2026/Spring_2026/ECE_410/ECE410/project/post_m3_Minor_Redesign/tb/tb_top.sv Line:256
Error: AXI MONITOR: core_C changed while core is idle
Time: 19935 ns  Iteration: 0  Process: /tb_top/u_mon//tb_top/u_mon  Scope: tb_top.u_mon  File: /run/media/sackb/Windows-SSD/Users/sackb/OneDrive/Desktop/University/Course_Work/2025-2026/Spring_2026/ECE_410/ECE410/project/post_m3_Minor_Redesign/tb/tb_top.sv Line: 257

Time: 19945 ns Started: 19935 ns Scope: /tb_top/u_mon File: /run/media/sackb/Windows-SSD/Users/sackb/OneDrive/Desktop/University/Course_Work/2025-2026/Spring_2026/ECE_410/ECE410/project/post_m3_Minor_Redesign/tb/tb_top.sv Line:256
Error: AXI MONITOR: core_C changed while core is idle
Time: 19945 ns  Iteration: 0  Process: /tb_top/u_mon//tb_top/u_mon  Scope: tb_top.u_mon  File: /run/media/sackb/Windows-SSD/Users/sackb/OneDrive/Desktop/University/Course_Work/2025-2026/Spring_2026/ECE_410/ECE410/project/post_m3_Minor_Redesign/tb/tb_top.sv Line: 257

Time: 19955 ns Started: 19945 ns Scope: /tb_top/u_mon File: /run/media/sackb/Windows-SSD/Users/sackb/OneDrive/Desktop/University/Course_Work/2025-2026/Spring_2026/ECE_410/ECE410/project/post_m3_Minor_Redesign/tb/tb_top.sv Line:256
Error: AXI MONITOR: core_C changed while core is idle
Time: 19955 ns  Iteration: 0  Process: /tb_top/u_mon//tb_top/u_mon  Scope: tb_top.u_mon  File: /run/media/sackb/Windows-SSD/Users/sackb/OneDrive/Desktop/University/Course_Work/2025-2026/Spring_2026/ECE_410/ECE410/project/post_m3_Minor_Redesign/tb/tb_top.sv Line: 257

Time: 19965 ns Started: 19955 ns Scope: /tb_top/u_mon File: /run/media/sackb/Windows-SSD/Users/sackb/OneDrive/Desktop/University/Course_Work/2025-2026/Spring_2026/ECE_410/ECE410/project/post_m3_Minor_Redesign/tb/tb_top.sv Line:256
Error: AXI MONITOR: core_C changed while core is idle
Time: 19965 ns  Iteration: 0  Process: /tb_top/u_mon//tb_top/u_mon  Scope: tb_top.u_mon  File: /run/media/sackb/Windows-SSD/Users/sackb/OneDrive/Desktop/University/Course_Work/2025-2026/Spring_2026/ECE_410/ECE410/project/post_m3_Minor_Redesign/tb/tb_top.sv Line: 257

Time: 20415 ns Started: 20405 ns Scope: /tb_top/u_mon File: /run/media/sackb/Windows-SSD/Users/sackb/OneDrive/Desktop/University/Course_Work/2025-2026/Spring_2026/ECE_410/ECE410/project/post_m3_Minor_Redesign/tb/tb_top.sv Line:256
Error: AXI MONITOR: core_C changed while core is idle
Time: 20415 ns  Iteration: 0  Process: /tb_top/u_mon//tb_top/u_mon  Scope: tb_top.u_mon  File: /run/media/sackb/Windows-SSD/Users/sackb/OneDrive/Desktop/University/Course_Work/2025-2026/Spring_2026/ECE_410/ECE410/project/post_m3_Minor_Redesign/tb/tb_top.sv Line: 257

Time: 20425 ns Started: 20415 ns Scope: /tb_top/u_mon File: /run/media/sackb/Windows-SSD/Users/sackb/OneDrive/Desktop/University/Course_Work/2025-2026/Spring_2026/ECE_410/ECE410/project/post_m3_Minor_Redesign/tb/tb_top.sv Line:256
Error: AXI MONITOR: core_C changed while core is idle
Time: 20425 ns  Iteration: 0  Process: /tb_top/u_mon//tb_top/u_mon  Scope: tb_top.u_mon  File: /run/media/sackb/Windows-SSD/Users/sackb/OneDrive/Desktop/University/Course_Work/2025-2026/Spring_2026/ECE_410/ECE410/project/post_m3_Minor_Redesign/tb/tb_top.sv Line: 257

Time: 20435 ns Started: 20425 ns Scope: /tb_top/u_mon File: /run/media/sackb/Windows-SSD/Users/sackb/OneDrive/Desktop/University/Course_Work/2025-2026/Spring_2026/ECE_410/ECE410/project/post_m3_Minor_Redesign/tb/tb_top.sv Line:256
Error: AXI MONITOR: core_C changed while core is idle
Time: 20435 ns  Iteration: 0  Process: /tb_top/u_mon//tb_top/u_mon  Scope: tb_top.u_mon  File: /run/media/sackb/Windows-SSD/Users/sackb/OneDrive/Desktop/University/Course_Work/2025-2026/Spring_2026/ECE_410/ECE410/project/post_m3_Minor_Redesign/tb/tb_top.sv Line: 257

Time: 20445 ns Started: 20435 ns Scope: /tb_top/u_mon File: /run/media/sackb/Windows-SSD/Users/sackb/OneDrive/Desktop/University/Course_Work/2025-2026/Spring_2026/ECE_410/ECE410/project/post_m3_Minor_Redesign/tb/tb_top.sv Line:256
Error: AXI MONITOR: core_C changed while core is idle
Time: 20445 ns  Iteration: 0  Process: /tb_top/u_mon//tb_top/u_mon  Scope: tb_top.u_mon  File: /run/media/sackb/Windows-SSD/Users/sackb/OneDrive/Desktop/University/Course_Work/2025-2026/Spring_2026/ECE_410/ECE410/project/post_m3_Minor_Redesign/tb/tb_top.sv Line: 257

Time: 20455 ns Started: 20445 ns Scope: /tb_top/u_mon File: /run/media/sackb/Windows-SSD/Users/sackb/OneDrive/Desktop/University/Course_Work/2025-2026/Spring_2026/ECE_410/ECE410/project/post_m3_Minor_Redesign/tb/tb_top.sv Line:256
Error: AXI MONITOR: core_C changed while core is idle
Time: 20455 ns  Iteration: 0  Process: /tb_top/u_mon//tb_top/u_mon  Scope: tb_top.u_mon  File: /run/media/sackb/Windows-SSD/Users/sackb/OneDrive/Desktop/University/Course_Work/2025-2026/Spring_2026/ECE_410/ECE410/project/post_m3_Minor_Redesign/tb/tb_top.sv Line: 257

Time: 20465 ns Started: 20455 ns Scope: /tb_top/u_mon File: /run/media/sackb/Windows-SSD/Users/sackb/OneDrive/Desktop/University/Course_Work/2025-2026/Spring_2026/ECE_410/ECE410/project/post_m3_Minor_Redesign/tb/tb_top.sv Line:256
Error: AXI MONITOR: core_C changed while core is idle
Time: 20465 ns  Iteration: 0  Process: /tb_top/u_mon//tb_top/u_mon  Scope: tb_top.u_mon  File: /run/media/sackb/Windows-SSD/Users/sackb/OneDrive/Desktop/University/Course_Work/2025-2026/Spring_2026/ECE_410/ECE410/project/post_m3_Minor_Redesign/tb/tb_top.sv Line: 257

Time: 20475 ns Started: 20465 ns Scope: /tb_top/u_mon File: /run/media/sackb/Windows-SSD/Users/sackb/OneDrive/Desktop/University/Course_Work/2025-2026/Spring_2026/ECE_410/ECE410/project/post_m3_Minor_Redesign/tb/tb_top.sv Line:256
Error: AXI MONITOR: core_C changed while core is idle
Time: 20475 ns  Iteration: 0  Process: /tb_top/u_mon//tb_top/u_mon  Scope: tb_top.u_mon  File: /run/media/sackb/Windows-SSD/Users/sackb/OneDrive/Desktop/University/Course_Work/2025-2026/Spring_2026/ECE_410/ECE410/project/post_m3_Minor_Redesign/tb/tb_top.sv Line: 257

Time: 20485 ns Started: 20475 ns Scope: /tb_top/u_mon File: /run/media/sackb/Windows-SSD/Users/sackb/OneDrive/Desktop/University/Course_Work/2025-2026/Spring_2026/ECE_410/ECE410/project/post_m3_Minor_Redesign/tb/tb_top.sv Line:256
Error: AXI MONITOR: core_C changed while core is idle
Time: 20485 ns  Iteration: 0  Process: /tb_top/u_mon//tb_top/u_mon  Scope: tb_top.u_mon  File: /run/media/sackb/Windows-SSD/Users/sackb/OneDrive/Desktop/University/Course_Work/2025-2026/Spring_2026/ECE_410/ECE410/project/post_m3_Minor_Redesign/tb/tb_top.sv Line: 257

Time: 20495 ns Started: 20485 ns Scope: /tb_top/u_mon File: /run/media/sackb/Windows-SSD/Users/sackb/OneDrive/Desktop/University/Course_Work/2025-2026/Spring_2026/ECE_410/ECE410/project/post_m3_Minor_Redesign/tb/tb_top.sv Line:256
Error: AXI MONITOR: core_C changed while core is idle
Time: 20495 ns  Iteration: 0  Process: /tb_top/u_mon//tb_top/u_mon  Scope: tb_top.u_mon  File: /run/media/sackb/Windows-SSD/Users/sackb/OneDrive/Desktop/University/Course_Work/2025-2026/Spring_2026/ECE_410/ECE410/project/post_m3_Minor_Redesign/tb/tb_top.sv Line: 257

Time: 20505 ns Started: 20495 ns Scope: /tb_top/u_mon File: /run/media/sackb/Windows-SSD/Users/sackb/OneDrive/Desktop/University/Course_Work/2025-2026/Spring_2026/ECE_410/ECE410/project/post_m3_Minor_Redesign/tb/tb_top.sv Line:256
Error: AXI MONITOR: core_C changed while core is idle
Time: 20505 ns  Iteration: 0  Process: /tb_top/u_mon//tb_top/u_mon  Scope: tb_top.u_mon  File: /run/media/sackb/Windows-SSD/Users/sackb/OneDrive/Desktop/University/Course_Work/2025-2026/Spring_2026/ECE_410/ECE410/project/post_m3_Minor_Redesign/tb/tb_top.sv Line: 257

Time: 20515 ns Started: 20505 ns Scope: /tb_top/u_mon File: /run/media/sackb/Windows-SSD/Users/sackb/OneDrive/Desktop/University/Course_Work/2025-2026/Spring_2026/ECE_410/ECE410/project/post_m3_Minor_Redesign/tb/tb_top.sv Line:256
Error: AXI MONITOR: core_C changed while core is idle
Time: 20515 ns  Iteration: 0  Process: /tb_top/u_mon//tb_top/u_mon  Scope: tb_top.u_mon  File: /run/media/sackb/Windows-SSD/Users/sackb/OneDrive/Desktop/University/Course_Work/2025-2026/Spring_2026/ECE_410/ECE410/project/post_m3_Minor_Redesign/tb/tb_top.sv Line: 257

Time: 20525 ns Started: 20515 ns Scope: /tb_top/u_mon File: /run/media/sackb/Windows-SSD/Users/sackb/OneDrive/Desktop/University/Course_Work/2025-2026/Spring_2026/ECE_410/ECE410/project/post_m3_Minor_Redesign/tb/tb_top.sv Line:256
Error: AXI MONITOR: core_C changed while core is idle
Time: 20525 ns  Iteration: 0  Process: /tb_top/u_mon//tb_top/u_mon  Scope: tb_top.u_mon  File: /run/media/sackb/Windows-SSD/Users/sackb/OneDrive/Desktop/University/Course_Work/2025-2026/Spring_2026/ECE_410/ECE410/project/post_m3_Minor_Redesign/tb/tb_top.sv Line: 257

Time: 20535 ns Started: 20525 ns Scope: /tb_top/u_mon File: /run/media/sackb/Windows-SSD/Users/sackb/OneDrive/Desktop/University/Course_Work/2025-2026/Spring_2026/ECE_410/ECE410/project/post_m3_Minor_Redesign/tb/tb_top.sv Line:256
Error: AXI MONITOR: core_C changed while core is idle
Time: 20535 ns  Iteration: 0  Process: /tb_top/u_mon//tb_top/u_mon  Scope: tb_top.u_mon  File: /run/media/sackb/Windows-SSD/Users/sackb/OneDrive/Desktop/University/Course_Work/2025-2026/Spring_2026/ECE_410/ECE410/project/post_m3_Minor_Redesign/tb/tb_top.sv Line: 257

Time: 20545 ns Started: 20535 ns Scope: /tb_top/u_mon File: /run/media/sackb/Windows-SSD/Users/sackb/OneDrive/Desktop/University/Course_Work/2025-2026/Spring_2026/ECE_410/ECE410/project/post_m3_Minor_Redesign/tb/tb_top.sv Line:256
Error: AXI MONITOR: core_C changed while core is idle
Time: 20545 ns  Iteration: 0  Process: /tb_top/u_mon//tb_top/u_mon  Scope: tb_top.u_mon  File: /run/media/sackb/Windows-SSD/Users/sackb/OneDrive/Desktop/University/Course_Work/2025-2026/Spring_2026/ECE_410/ECE410/project/post_m3_Minor_Redesign/tb/tb_top.sv Line: 257

Time: 20555 ns Started: 20545 ns Scope: /tb_top/u_mon File: /run/media/sackb/Windows-SSD/Users/sackb/OneDrive/Desktop/University/Course_Work/2025-2026/Spring_2026/ECE_410/ECE410/project/post_m3_Minor_Redesign/tb/tb_top.sv Line:256
Error: AXI MONITOR: core_C changed while core is idle
Time: 20555 ns  Iteration: 0  Process: /tb_top/u_mon//tb_top/u_mon  Scope: tb_top.u_mon  File: /run/media/sackb/Windows-SSD/Users/sackb/OneDrive/Desktop/University/Course_Work/2025-2026/Spring_2026/ECE_410/ECE410/project/post_m3_Minor_Redesign/tb/tb_top.sv Line: 257

Time: 20565 ns Started: 20555 ns Scope: /tb_top/u_mon File: /run/media/sackb/Windows-SSD/Users/sackb/OneDrive/Desktop/University/Course_Work/2025-2026/Spring_2026/ECE_410/ECE410/project/post_m3_Minor_Redesign/tb/tb_top.sv Line:256
Error: AXI MONITOR: core_C changed while core is idle
Time: 20565 ns  Iteration: 0  Process: /tb_top/u_mon//tb_top/u_mon  Scope: tb_top.u_mon  File: /run/media/sackb/Windows-SSD/Users/sackb/OneDrive/Desktop/University/Course_Work/2025-2026/Spring_2026/ECE_410/ECE410/project/post_m3_Minor_Redesign/tb/tb_top.sv Line: 257

Time: 20575 ns Started: 20565 ns Scope: /tb_top/u_mon File: /run/media/sackb/Windows-SSD/Users/sackb/OneDrive/Desktop/University/Course_Work/2025-2026/Spring_2026/ECE_410/ECE410/project/post_m3_Minor_Redesign/tb/tb_top.sv Line:256
Error: AXI MONITOR: core_C changed while core is idle
Time: 20575 ns  Iteration: 0  Process: /tb_top/u_mon//tb_top/u_mon  Scope: tb_top.u_mon  File: /run/media/sackb/Windows-SSD/Users/sackb/OneDrive/Desktop/University/Course_Work/2025-2026/Spring_2026/ECE_410/ECE410/project/post_m3_Minor_Redesign/tb/tb_top.sv Line: 257

Time: 20585 ns Started: 20575 ns Scope: /tb_top/u_mon File: /run/media/sackb/Windows-SSD/Users/sackb/OneDrive/Desktop/University/Course_Work/2025-2026/Spring_2026/ECE_410/ECE410/project/post_m3_Minor_Redesign/tb/tb_top.sv Line:256
Error: AXI MONITOR: core_C changed while core is idle
Time: 20585 ns  Iteration: 0  Process: /tb_top/u_mon//tb_top/u_mon  Scope: tb_top.u_mon  File: /run/media/sackb/Windows-SSD/Users/sackb/OneDrive/Desktop/University/Course_Work/2025-2026/Spring_2026/ECE_410/ECE410/project/post_m3_Minor_Redesign/tb/tb_top.sv Line: 257

Time: 20595 ns Started: 20585 ns Scope: /tb_top/u_mon File: /run/media/sackb/Windows-SSD/Users/sackb/OneDrive/Desktop/University/Course_Work/2025-2026/Spring_2026/ECE_410/ECE410/project/post_m3_Minor_Redesign/tb/tb_top.sv Line:256
Error: AXI MONITOR: core_C changed while core is idle
Time: 20595 ns  Iteration: 0  Process: /tb_top/u_mon//tb_top/u_mon  Scope: tb_top.u_mon  File: /run/media/sackb/Windows-SSD/Users/sackb/OneDrive/Desktop/University/Course_Work/2025-2026/Spring_2026/ECE_410/ECE410/project/post_m3_Minor_Redesign/tb/tb_top.sv Line: 257

Time: 20605 ns Started: 20595 ns Scope: /tb_top/u_mon File: /run/media/sackb/Windows-SSD/Users/sackb/OneDrive/Desktop/University/Course_Work/2025-2026/Spring_2026/ECE_410/ECE410/project/post_m3_Minor_Redesign/tb/tb_top.sv Line:256
Error: AXI MONITOR: core_C changed while core is idle
Time: 20605 ns  Iteration: 0  Process: /tb_top/u_mon//tb_top/u_mon  Scope: tb_top.u_mon  File: /run/media/sackb/Windows-SSD/Users/sackb/OneDrive/Desktop/University/Course_Work/2025-2026/Spring_2026/ECE_410/ECE410/project/post_m3_Minor_Redesign/tb/tb_top.sv Line: 257

Time: 20615 ns Started: 20605 ns Scope: /tb_top/u_mon File: /run/media/sackb/Windows-SSD/Users/sackb/OneDrive/Desktop/University/Course_Work/2025-2026/Spring_2026/ECE_410/ECE410/project/post_m3_Minor_Redesign/tb/tb_top.sv Line:256
Error: AXI MONITOR: core_C changed while core is idle
Time: 20615 ns  Iteration: 0  Process: /tb_top/u_mon//tb_top/u_mon  Scope: tb_top.u_mon  File: /run/media/sackb/Windows-SSD/Users/sackb/OneDrive/Desktop/University/Course_Work/2025-2026/Spring_2026/ECE_410/ECE410/project/post_m3_Minor_Redesign/tb/tb_top.sv Line: 257

Time: 20625 ns Started: 20615 ns Scope: /tb_top/u_mon File: /run/media/sackb/Windows-SSD/Users/sackb/OneDrive/Desktop/University/Course_Work/2025-2026/Spring_2026/ECE_410/ECE410/project/post_m3_Minor_Redesign/tb/tb_top.sv Line:256
Error: AXI MONITOR: core_C changed while core is idle
Time: 20625 ns  Iteration: 0  Process: /tb_top/u_mon//tb_top/u_mon  Scope: tb_top.u_mon  File: /run/media/sackb/Windows-SSD/Users/sackb/OneDrive/Desktop/University/Course_Work/2025-2026/Spring_2026/ECE_410/ECE410/project/post_m3_Minor_Redesign/tb/tb_top.sv Line: 257

Time: 20635 ns Started: 20625 ns Scope: /tb_top/u_mon File: /run/media/sackb/Windows-SSD/Users/sackb/OneDrive/Desktop/University/Course_Work/2025-2026/Spring_2026/ECE_410/ECE410/project/post_m3_Minor_Redesign/tb/tb_top.sv Line:256
Error: AXI MONITOR: core_C changed while core is idle
Time: 20635 ns  Iteration: 0  Process: /tb_top/u_mon//tb_top/u_mon  Scope: tb_top.u_mon  File: /run/media/sackb/Windows-SSD/Users/sackb/OneDrive/Desktop/University/Course_Work/2025-2026/Spring_2026/ECE_410/ECE410/project/post_m3_Minor_Redesign/tb/tb_top.sv Line: 257

Time: 20645 ns Started: 20635 ns Scope: /tb_top/u_mon File: /run/media/sackb/Windows-SSD/Users/sackb/OneDrive/Desktop/University/Course_Work/2025-2026/Spring_2026/ECE_410/ECE410/project/post_m3_Minor_Redesign/tb/tb_top.sv Line:256
Error: AXI MONITOR: core_C changed while core is idle
Time: 20645 ns  Iteration: 0  Process: /tb_top/u_mon//tb_top/u_mon  Scope: tb_top.u_mon  File: /run/media/sackb/Windows-SSD/Users/sackb/OneDrive/Desktop/University/Course_Work/2025-2026/Spring_2026/ECE_410/ECE410/project/post_m3_Minor_Redesign/tb/tb_top.sv Line: 257

Time: 20655 ns Started: 20645 ns Scope: /tb_top/u_mon File: /run/media/sackb/Windows-SSD/Users/sackb/OneDrive/Desktop/University/Course_Work/2025-2026/Spring_2026/ECE_410/ECE410/project/post_m3_Minor_Redesign/tb/tb_top.sv Line:256
Error: AXI MONITOR: core_C changed while core is idle
Time: 20655 ns  Iteration: 0  Process: /tb_top/u_mon//tb_top/u_mon  Scope: tb_top.u_mon  File: /run/media/sackb/Windows-SSD/Users/sackb/OneDrive/Desktop/University/Course_Work/2025-2026/Spring_2026/ECE_410/ECE410/project/post_m3_Minor_Redesign/tb/tb_top.sv Line: 257

Time: 20665 ns Started: 20655 ns Scope: /tb_top/u_mon File: /run/media/sackb/Windows-SSD/Users/sackb/OneDrive/Desktop/University/Course_Work/2025-2026/Spring_2026/ECE_410/ECE410/project/post_m3_Minor_Redesign/tb/tb_top.sv Line:256
Error: AXI MONITOR: core_C changed while core is idle
Time: 20665 ns  Iteration: 0  Process: /tb_top/u_mon//tb_top/u_mon  Scope: tb_top.u_mon  File: /run/media/sackb/Windows-SSD/Users/sackb/OneDrive/Desktop/University/Course_Work/2025-2026/Spring_2026/ECE_410/ECE410/project/post_m3_Minor_Redesign/tb/tb_top.sv Line: 257

Time: 20675 ns Started: 20665 ns Scope: /tb_top/u_mon File: /run/media/sackb/Windows-SSD/Users/sackb/OneDrive/Desktop/University/Course_Work/2025-2026/Spring_2026/ECE_410/ECE410/project/post_m3_Minor_Redesign/tb/tb_top.sv Line:256
Error: AXI MONITOR: core_C changed while core is idle
Time: 20675 ns  Iteration: 0  Process: /tb_top/u_mon//tb_top/u_mon  Scope: tb_top.u_mon  File: /run/media/sackb/Windows-SSD/Users/sackb/OneDrive/Desktop/University/Course_Work/2025-2026/Spring_2026/ECE_410/ECE410/project/post_m3_Minor_Redesign/tb/tb_top.sv Line: 257

Time: 20685 ns Started: 20675 ns Scope: /tb_top/u_mon File: /run/media/sackb/Windows-SSD/Users/sackb/OneDrive/Desktop/University/Course_Work/2025-2026/Spring_2026/ECE_410/ECE410/project/post_m3_Minor_Redesign/tb/tb_top.sv Line:256
Error: AXI MONITOR: core_C changed while core is idle
Time: 20685 ns  Iteration: 0  Process: /tb_top/u_mon//tb_top/u_mon  Scope: tb_top.u_mon  File: /run/media/sackb/Windows-SSD/Users/sackb/OneDrive/Desktop/University/Course_Work/2025-2026/Spring_2026/ECE_410/ECE410/project/post_m3_Minor_Redesign/tb/tb_top.sv Line: 257

Time: 20695 ns Started: 20685 ns Scope: /tb_top/u_mon File: /run/media/sackb/Windows-SSD/Users/sackb/OneDrive/Desktop/University/Course_Work/2025-2026/Spring_2026/ECE_410/ECE410/project/post_m3_Minor_Redesign/tb/tb_top.sv Line:256
Error: AXI MONITOR: core_C changed while core is idle
Time: 20695 ns  Iteration: 0  Process: /tb_top/u_mon//tb_top/u_mon  Scope: tb_top.u_mon  File: /run/media/sackb/Windows-SSD/Users/sackb/OneDrive/Desktop/University/Course_Work/2025-2026/Spring_2026/ECE_410/ECE410/project/post_m3_Minor_Redesign/tb/tb_top.sv Line: 257

Time: 20705 ns Started: 20695 ns Scope: /tb_top/u_mon File: /run/media/sackb/Windows-SSD/Users/sackb/OneDrive/Desktop/University/Course_Work/2025-2026/Spring_2026/ECE_410/ECE410/project/post_m3_Minor_Redesign/tb/tb_top.sv Line:256
Error: AXI MONITOR: core_C changed while core is idle
Time: 20705 ns  Iteration: 0  Process: /tb_top/u_mon//tb_top/u_mon  Scope: tb_top.u_mon  File: /run/media/sackb/Windows-SSD/Users/sackb/OneDrive/Desktop/University/Course_Work/2025-2026/Spring_2026/ECE_410/ECE410/project/post_m3_Minor_Redesign/tb/tb_top.sv Line: 257

Time: 20715 ns Started: 20705 ns Scope: /tb_top/u_mon File: /run/media/sackb/Windows-SSD/Users/sackb/OneDrive/Desktop/University/Course_Work/2025-2026/Spring_2026/ECE_410/ECE410/project/post_m3_Minor_Redesign/tb/tb_top.sv Line:256
Error: AXI MONITOR: core_C changed while core is idle
Time: 20715 ns  Iteration: 0  Process: /tb_top/u_mon//tb_top/u_mon  Scope: tb_top.u_mon  File: /run/media/sackb/Windows-SSD/Users/sackb/OneDrive/Desktop/University/Course_Work/2025-2026/Spring_2026/ECE_410/ECE410/project/post_m3_Minor_Redesign/tb/tb_top.sv Line: 257

Time: 20725 ns Started: 20715 ns Scope: /tb_top/u_mon File: /run/media/sackb/Windows-SSD/Users/sackb/OneDrive/Desktop/University/Course_Work/2025-2026/Spring_2026/ECE_410/ECE410/project/post_m3_Minor_Redesign/tb/tb_top.sv Line:256
Error: AXI MONITOR: core_C changed while core is idle
Time: 20725 ns  Iteration: 0  Process: /tb_top/u_mon//tb_top/u_mon  Scope: tb_top.u_mon  File: /run/media/sackb/Windows-SSD/Users/sackb/OneDrive/Desktop/University/Course_Work/2025-2026/Spring_2026/ECE_410/ECE410/project/post_m3_Minor_Redesign/tb/tb_top.sv Line: 257

Time: 20735 ns Started: 20725 ns Scope: /tb_top/u_mon File: /run/media/sackb/Windows-SSD/Users/sackb/OneDrive/Desktop/University/Course_Work/2025-2026/Spring_2026/ECE_410/ECE410/project/post_m3_Minor_Redesign/tb/tb_top.sv Line:256
Error: AXI MONITOR: core_C changed while core is idle
Time: 20735 ns  Iteration: 0  Process: /tb_top/u_mon//tb_top/u_mon  Scope: tb_top.u_mon  File: /run/media/sackb/Windows-SSD/Users/sackb/OneDrive/Desktop/University/Course_Work/2025-2026/Spring_2026/ECE_410/ECE410/project/post_m3_Minor_Redesign/tb/tb_top.sv Line: 257

Time: 20745 ns Started: 20735 ns Scope: /tb_top/u_mon File: /run/media/sackb/Windows-SSD/Users/sackb/OneDrive/Desktop/University/Course_Work/2025-2026/Spring_2026/ECE_410/ECE410/project/post_m3_Minor_Redesign/tb/tb_top.sv Line:256
Error: AXI MONITOR: core_C changed while core is idle
Time: 20745 ns  Iteration: 0  Process: /tb_top/u_mon//tb_top/u_mon  Scope: tb_top.u_mon  File: /run/media/sackb/Windows-SSD/Users/sackb/OneDrive/Desktop/University/Course_Work/2025-2026/Spring_2026/ECE_410/ECE410/project/post_m3_Minor_Redesign/tb/tb_top.sv Line: 257

Time: 20755 ns Started: 20745 ns Scope: /tb_top/u_mon File: /run/media/sackb/Windows-SSD/Users/sackb/OneDrive/Desktop/University/Course_Work/2025-2026/Spring_2026/ECE_410/ECE410/project/post_m3_Minor_Redesign/tb/tb_top.sv Line:256
Error: AXI MONITOR: core_C changed while core is idle
Time: 20755 ns  Iteration: 0  Process: /tb_top/u_mon//tb_top/u_mon  Scope: tb_top.u_mon  File: /run/media/sackb/Windows-SSD/Users/sackb/OneDrive/Desktop/University/Course_Work/2025-2026/Spring_2026/ECE_410/ECE410/project/post_m3_Minor_Redesign/tb/tb_top.sv Line: 257

Time: 20765 ns Started: 20755 ns Scope: /tb_top/u_mon File: /run/media/sackb/Windows-SSD/Users/sackb/OneDrive/Desktop/University/Course_Work/2025-2026/Spring_2026/ECE_410/ECE410/project/post_m3_Minor_Redesign/tb/tb_top.sv Line:256
Error: AXI MONITOR: core_C changed while core is idle
Time: 20765 ns  Iteration: 0  Process: /tb_top/u_mon//tb_top/u_mon  Scope: tb_top.u_mon  File: /run/media/sackb/Windows-SSD/Users/sackb/OneDrive/Desktop/University/Course_Work/2025-2026/Spring_2026/ECE_410/ECE410/project/post_m3_Minor_Redesign/tb/tb_top.sv Line: 257

Time: 20775 ns Started: 20765 ns Scope: /tb_top/u_mon File: /run/media/sackb/Windows-SSD/Users/sackb/OneDrive/Desktop/University/Course_Work/2025-2026/Spring_2026/ECE_410/ECE410/project/post_m3_Minor_Redesign/tb/tb_top.sv Line:256
Error: AXI MONITOR: core_C changed while core is idle
Time: 20775 ns  Iteration: 0  Process: /tb_top/u_mon//tb_top/u_mon  Scope: tb_top.u_mon  File: /run/media/sackb/Windows-SSD/Users/sackb/OneDrive/Desktop/University/Course_Work/2025-2026/Spring_2026/ECE_410/ECE410/project/post_m3_Minor_Redesign/tb/tb_top.sv Line: 257
TB_TOP: Iteration 12 complete
TB_TOP: Starting iteration 13

Time: 20785 ns Started: 20775 ns Scope: /tb_top/u_mon File: /run/media/sackb/Windows-SSD/Users/sackb/OneDrive/Desktop/University/Course_Work/2025-2026/Spring_2026/ECE_410/ECE410/project/post_m3_Minor_Redesign/tb/tb_top.sv Line:256
Error: AXI MONITOR: core_C changed while core is idle
Time: 20785 ns  Iteration: 0  Process: /tb_top/u_mon//tb_top/u_mon  Scope: tb_top.u_mon  File: /run/media/sackb/Windows-SSD/Users/sackb/OneDrive/Desktop/University/Course_Work/2025-2026/Spring_2026/ECE_410/ECE410/project/post_m3_Minor_Redesign/tb/tb_top.sv Line: 257

Time: 20795 ns Started: 20785 ns Scope: /tb_top/u_mon File: /run/media/sackb/Windows-SSD/Users/sackb/OneDrive/Desktop/University/Course_Work/2025-2026/Spring_2026/ECE_410/ECE410/project/post_m3_Minor_Redesign/tb/tb_top.sv Line:256
Error: AXI MONITOR: core_C changed while core is idle
Time: 20795 ns  Iteration: 0  Process: /tb_top/u_mon//tb_top/u_mon  Scope: tb_top.u_mon  File: /run/media/sackb/Windows-SSD/Users/sackb/OneDrive/Desktop/University/Course_Work/2025-2026/Spring_2026/ECE_410/ECE410/project/post_m3_Minor_Redesign/tb/tb_top.sv Line: 257

Time: 20805 ns Started: 20795 ns Scope: /tb_top/u_mon File: /run/media/sackb/Windows-SSD/Users/sackb/OneDrive/Desktop/University/Course_Work/2025-2026/Spring_2026/ECE_410/ECE410/project/post_m3_Minor_Redesign/tb/tb_top.sv Line:256
Error: AXI MONITOR: core_C changed while core is idle
Time: 20805 ns  Iteration: 0  Process: /tb_top/u_mon//tb_top/u_mon  Scope: tb_top.u_mon  File: /run/media/sackb/Windows-SSD/Users/sackb/OneDrive/Desktop/University/Course_Work/2025-2026/Spring_2026/ECE_410/ECE410/project/post_m3_Minor_Redesign/tb/tb_top.sv Line: 257

Time: 20815 ns Started: 20805 ns Scope: /tb_top/u_mon File: /run/media/sackb/Windows-SSD/Users/sackb/OneDrive/Desktop/University/Course_Work/2025-2026/Spring_2026/ECE_410/ECE410/project/post_m3_Minor_Redesign/tb/tb_top.sv Line:256
Error: AXI MONITOR: core_C changed while core is idle
Time: 20815 ns  Iteration: 0  Process: /tb_top/u_mon//tb_top/u_mon  Scope: tb_top.u_mon  File: /run/media/sackb/Windows-SSD/Users/sackb/OneDrive/Desktop/University/Course_Work/2025-2026/Spring_2026/ECE_410/ECE410/project/post_m3_Minor_Redesign/tb/tb_top.sv Line: 257

Time: 20825 ns Started: 20815 ns Scope: /tb_top/u_mon File: /run/media/sackb/Windows-SSD/Users/sackb/OneDrive/Desktop/University/Course_Work/2025-2026/Spring_2026/ECE_410/ECE410/project/post_m3_Minor_Redesign/tb/tb_top.sv Line:256
Error: AXI MONITOR: core_C changed while core is idle
Time: 20825 ns  Iteration: 0  Process: /tb_top/u_mon//tb_top/u_mon  Scope: tb_top.u_mon  File: /run/media/sackb/Windows-SSD/Users/sackb/OneDrive/Desktop/University/Course_Work/2025-2026/Spring_2026/ECE_410/ECE410/project/post_m3_Minor_Redesign/tb/tb_top.sv Line: 257

Time: 20835 ns Started: 20825 ns Scope: /tb_top/u_mon File: /run/media/sackb/Windows-SSD/Users/sackb/OneDrive/Desktop/University/Course_Work/2025-2026/Spring_2026/ECE_410/ECE410/project/post_m3_Minor_Redesign/tb/tb_top.sv Line:256
Error: AXI MONITOR: core_C changed while core is idle
Time: 20835 ns  Iteration: 0  Process: /tb_top/u_mon//tb_top/u_mon  Scope: tb_top.u_mon  File: /run/media/sackb/Windows-SSD/Users/sackb/OneDrive/Desktop/University/Course_Work/2025-2026/Spring_2026/ECE_410/ECE410/project/post_m3_Minor_Redesign/tb/tb_top.sv Line: 257

Time: 20845 ns Started: 20835 ns Scope: /tb_top/u_mon File: /run/media/sackb/Windows-SSD/Users/sackb/OneDrive/Desktop/University/Course_Work/2025-2026/Spring_2026/ECE_410/ECE410/project/post_m3_Minor_Redesign/tb/tb_top.sv Line:256
Error: AXI MONITOR: core_C changed while core is idle
Time: 20845 ns  Iteration: 0  Process: /tb_top/u_mon//tb_top/u_mon  Scope: tb_top.u_mon  File: /run/media/sackb/Windows-SSD/Users/sackb/OneDrive/Desktop/University/Course_Work/2025-2026/Spring_2026/ECE_410/ECE410/project/post_m3_Minor_Redesign/tb/tb_top.sv Line: 257

Time: 20855 ns Started: 20845 ns Scope: /tb_top/u_mon File: /run/media/sackb/Windows-SSD/Users/sackb/OneDrive/Desktop/University/Course_Work/2025-2026/Spring_2026/ECE_410/ECE410/project/post_m3_Minor_Redesign/tb/tb_top.sv Line:256
Error: AXI MONITOR: core_C changed while core is idle
Time: 20855 ns  Iteration: 0  Process: /tb_top/u_mon//tb_top/u_mon  Scope: tb_top.u_mon  File: /run/media/sackb/Windows-SSD/Users/sackb/OneDrive/Desktop/University/Course_Work/2025-2026/Spring_2026/ECE_410/ECE410/project/post_m3_Minor_Redesign/tb/tb_top.sv Line: 257

Time: 20865 ns Started: 20855 ns Scope: /tb_top/u_mon File: /run/media/sackb/Windows-SSD/Users/sackb/OneDrive/Desktop/University/Course_Work/2025-2026/Spring_2026/ECE_410/ECE410/project/post_m3_Minor_Redesign/tb/tb_top.sv Line:256
Error: AXI MONITOR: core_C changed while core is idle
Time: 20865 ns  Iteration: 0  Process: /tb_top/u_mon//tb_top/u_mon  Scope: tb_top.u_mon  File: /run/media/sackb/Windows-SSD/Users/sackb/OneDrive/Desktop/University/Course_Work/2025-2026/Spring_2026/ECE_410/ECE410/project/post_m3_Minor_Redesign/tb/tb_top.sv Line: 257

Time: 20875 ns Started: 20865 ns Scope: /tb_top/u_mon File: /run/media/sackb/Windows-SSD/Users/sackb/OneDrive/Desktop/University/Course_Work/2025-2026/Spring_2026/ECE_410/ECE410/project/post_m3_Minor_Redesign/tb/tb_top.sv Line:256
Error: AXI MONITOR: core_C changed while core is idle
Time: 20875 ns  Iteration: 0  Process: /tb_top/u_mon//tb_top/u_mon  Scope: tb_top.u_mon  File: /run/media/sackb/Windows-SSD/Users/sackb/OneDrive/Desktop/University/Course_Work/2025-2026/Spring_2026/ECE_410/ECE410/project/post_m3_Minor_Redesign/tb/tb_top.sv Line: 257

Time: 20885 ns Started: 20875 ns Scope: /tb_top/u_mon File: /run/media/sackb/Windows-SSD/Users/sackb/OneDrive/Desktop/University/Course_Work/2025-2026/Spring_2026/ECE_410/ECE410/project/post_m3_Minor_Redesign/tb/tb_top.sv Line:256
Error: AXI MONITOR: core_C changed while core is idle
Time: 20885 ns  Iteration: 0  Process: /tb_top/u_mon//tb_top/u_mon  Scope: tb_top.u_mon  File: /run/media/sackb/Windows-SSD/Users/sackb/OneDrive/Desktop/University/Course_Work/2025-2026/Spring_2026/ECE_410/ECE410/project/post_m3_Minor_Redesign/tb/tb_top.sv Line: 257

Time: 20895 ns Started: 20885 ns Scope: /tb_top/u_mon File: /run/media/sackb/Windows-SSD/Users/sackb/OneDrive/Desktop/University/Course_Work/2025-2026/Spring_2026/ECE_410/ECE410/project/post_m3_Minor_Redesign/tb/tb_top.sv Line:256
Error: AXI MONITOR: core_C changed while core is idle
Time: 20895 ns  Iteration: 0  Process: /tb_top/u_mon//tb_top/u_mon  Scope: tb_top.u_mon  File: /run/media/sackb/Windows-SSD/Users/sackb/OneDrive/Desktop/University/Course_Work/2025-2026/Spring_2026/ECE_410/ECE410/project/post_m3_Minor_Redesign/tb/tb_top.sv Line: 257

Time: 20905 ns Started: 20895 ns Scope: /tb_top/u_mon File: /run/media/sackb/Windows-SSD/Users/sackb/OneDrive/Desktop/University/Course_Work/2025-2026/Spring_2026/ECE_410/ECE410/project/post_m3_Minor_Redesign/tb/tb_top.sv Line:256
Error: AXI MONITOR: core_C changed while core is idle
Time: 20905 ns  Iteration: 0  Process: /tb_top/u_mon//tb_top/u_mon  Scope: tb_top.u_mon  File: /run/media/sackb/Windows-SSD/Users/sackb/OneDrive/Desktop/University/Course_Work/2025-2026/Spring_2026/ECE_410/ECE410/project/post_m3_Minor_Redesign/tb/tb_top.sv Line: 257

Time: 20915 ns Started: 20905 ns Scope: /tb_top/u_mon File: /run/media/sackb/Windows-SSD/Users/sackb/OneDrive/Desktop/University/Course_Work/2025-2026/Spring_2026/ECE_410/ECE410/project/post_m3_Minor_Redesign/tb/tb_top.sv Line:256
Error: AXI MONITOR: core_C changed while core is idle
Time: 20915 ns  Iteration: 0  Process: /tb_top/u_mon//tb_top/u_mon  Scope: tb_top.u_mon  File: /run/media/sackb/Windows-SSD/Users/sackb/OneDrive/Desktop/University/Course_Work/2025-2026/Spring_2026/ECE_410/ECE410/project/post_m3_Minor_Redesign/tb/tb_top.sv Line: 257

Time: 20925 ns Started: 20915 ns Scope: /tb_top/u_mon File: /run/media/sackb/Windows-SSD/Users/sackb/OneDrive/Desktop/University/Course_Work/2025-2026/Spring_2026/ECE_410/ECE410/project/post_m3_Minor_Redesign/tb/tb_top.sv Line:256
Error: AXI MONITOR: core_C changed while core is idle
Time: 20925 ns  Iteration: 0  Process: /tb_top/u_mon//tb_top/u_mon  Scope: tb_top.u_mon  File: /run/media/sackb/Windows-SSD/Users/sackb/OneDrive/Desktop/University/Course_Work/2025-2026/Spring_2026/ECE_410/ECE410/project/post_m3_Minor_Redesign/tb/tb_top.sv Line: 257

Time: 20935 ns Started: 20925 ns Scope: /tb_top/u_mon File: /run/media/sackb/Windows-SSD/Users/sackb/OneDrive/Desktop/University/Course_Work/2025-2026/Spring_2026/ECE_410/ECE410/project/post_m3_Minor_Redesign/tb/tb_top.sv Line:256
Error: AXI MONITOR: core_C changed while core is idle
Time: 20935 ns  Iteration: 0  Process: /tb_top/u_mon//tb_top/u_mon  Scope: tb_top.u_mon  File: /run/media/sackb/Windows-SSD/Users/sackb/OneDrive/Desktop/University/Course_Work/2025-2026/Spring_2026/ECE_410/ECE410/project/post_m3_Minor_Redesign/tb/tb_top.sv Line: 257

Time: 20945 ns Started: 20935 ns Scope: /tb_top/u_mon File: /run/media/sackb/Windows-SSD/Users/sackb/OneDrive/Desktop/University/Course_Work/2025-2026/Spring_2026/ECE_410/ECE410/project/post_m3_Minor_Redesign/tb/tb_top.sv Line:256
Error: AXI MONITOR: core_C changed while core is idle
Time: 20945 ns  Iteration: 0  Process: /tb_top/u_mon//tb_top/u_mon  Scope: tb_top.u_mon  File: /run/media/sackb/Windows-SSD/Users/sackb/OneDrive/Desktop/University/Course_Work/2025-2026/Spring_2026/ECE_410/ECE410/project/post_m3_Minor_Redesign/tb/tb_top.sv Line: 257

Time: 20955 ns Started: 20945 ns Scope: /tb_top/u_mon File: /run/media/sackb/Windows-SSD/Users/sackb/OneDrive/Desktop/University/Course_Work/2025-2026/Spring_2026/ECE_410/ECE410/project/post_m3_Minor_Redesign/tb/tb_top.sv Line:256
Error: AXI MONITOR: core_C changed while core is idle
Time: 20955 ns  Iteration: 0  Process: /tb_top/u_mon//tb_top/u_mon  Scope: tb_top.u_mon  File: /run/media/sackb/Windows-SSD/Users/sackb/OneDrive/Desktop/University/Course_Work/2025-2026/Spring_2026/ECE_410/ECE410/project/post_m3_Minor_Redesign/tb/tb_top.sv Line: 257

Time: 20965 ns Started: 20955 ns Scope: /tb_top/u_mon File: /run/media/sackb/Windows-SSD/Users/sackb/OneDrive/Desktop/University/Course_Work/2025-2026/Spring_2026/ECE_410/ECE410/project/post_m3_Minor_Redesign/tb/tb_top.sv Line:256
Error: AXI MONITOR: core_C changed while core is idle
Time: 20965 ns  Iteration: 0  Process: /tb_top/u_mon//tb_top/u_mon  Scope: tb_top.u_mon  File: /run/media/sackb/Windows-SSD/Users/sackb/OneDrive/Desktop/University/Course_Work/2025-2026/Spring_2026/ECE_410/ECE410/project/post_m3_Minor_Redesign/tb/tb_top.sv Line: 257

Time: 20975 ns Started: 20965 ns Scope: /tb_top/u_mon File: /run/media/sackb/Windows-SSD/Users/sackb/OneDrive/Desktop/University/Course_Work/2025-2026/Spring_2026/ECE_410/ECE410/project/post_m3_Minor_Redesign/tb/tb_top.sv Line:256
Error: AXI MONITOR: core_C changed while core is idle
Time: 20975 ns  Iteration: 0  Process: /tb_top/u_mon//tb_top/u_mon  Scope: tb_top.u_mon  File: /run/media/sackb/Windows-SSD/Users/sackb/OneDrive/Desktop/University/Course_Work/2025-2026/Spring_2026/ECE_410/ECE410/project/post_m3_Minor_Redesign/tb/tb_top.sv Line: 257

Time: 20985 ns Started: 20975 ns Scope: /tb_top/u_mon File: /run/media/sackb/Windows-SSD/Users/sackb/OneDrive/Desktop/University/Course_Work/2025-2026/Spring_2026/ECE_410/ECE410/project/post_m3_Minor_Redesign/tb/tb_top.sv Line:256
Error: AXI MONITOR: core_C changed while core is idle
Time: 20985 ns  Iteration: 0  Process: /tb_top/u_mon//tb_top/u_mon  Scope: tb_top.u_mon  File: /run/media/sackb/Windows-SSD/Users/sackb/OneDrive/Desktop/University/Course_Work/2025-2026/Spring_2026/ECE_410/ECE410/project/post_m3_Minor_Redesign/tb/tb_top.sv Line: 257

Time: 20995 ns Started: 20985 ns Scope: /tb_top/u_mon File: /run/media/sackb/Windows-SSD/Users/sackb/OneDrive/Desktop/University/Course_Work/2025-2026/Spring_2026/ECE_410/ECE410/project/post_m3_Minor_Redesign/tb/tb_top.sv Line:256
Error: AXI MONITOR: core_C changed while core is idle
Time: 20995 ns  Iteration: 0  Process: /tb_top/u_mon//tb_top/u_mon  Scope: tb_top.u_mon  File: /run/media/sackb/Windows-SSD/Users/sackb/OneDrive/Desktop/University/Course_Work/2025-2026/Spring_2026/ECE_410/ECE410/project/post_m3_Minor_Redesign/tb/tb_top.sv Line: 257

Time: 21005 ns Started: 20995 ns Scope: /tb_top/u_mon File: /run/media/sackb/Windows-SSD/Users/sackb/OneDrive/Desktop/University/Course_Work/2025-2026/Spring_2026/ECE_410/ECE410/project/post_m3_Minor_Redesign/tb/tb_top.sv Line:256
Error: AXI MONITOR: core_C changed while core is idle
Time: 21005 ns  Iteration: 0  Process: /tb_top/u_mon//tb_top/u_mon  Scope: tb_top.u_mon  File: /run/media/sackb/Windows-SSD/Users/sackb/OneDrive/Desktop/University/Course_Work/2025-2026/Spring_2026/ECE_410/ECE410/project/post_m3_Minor_Redesign/tb/tb_top.sv Line: 257

Time: 21015 ns Started: 21005 ns Scope: /tb_top/u_mon File: /run/media/sackb/Windows-SSD/Users/sackb/OneDrive/Desktop/University/Course_Work/2025-2026/Spring_2026/ECE_410/ECE410/project/post_m3_Minor_Redesign/tb/tb_top.sv Line:256
Error: AXI MONITOR: core_C changed while core is idle
Time: 21015 ns  Iteration: 0  Process: /tb_top/u_mon//tb_top/u_mon  Scope: tb_top.u_mon  File: /run/media/sackb/Windows-SSD/Users/sackb/OneDrive/Desktop/University/Course_Work/2025-2026/Spring_2026/ECE_410/ECE410/project/post_m3_Minor_Redesign/tb/tb_top.sv Line: 257

Time: 21025 ns Started: 21015 ns Scope: /tb_top/u_mon File: /run/media/sackb/Windows-SSD/Users/sackb/OneDrive/Desktop/University/Course_Work/2025-2026/Spring_2026/ECE_410/ECE410/project/post_m3_Minor_Redesign/tb/tb_top.sv Line:256
Error: AXI MONITOR: core_C changed while core is idle
Time: 21025 ns  Iteration: 0  Process: /tb_top/u_mon//tb_top/u_mon  Scope: tb_top.u_mon  File: /run/media/sackb/Windows-SSD/Users/sackb/OneDrive/Desktop/University/Course_Work/2025-2026/Spring_2026/ECE_410/ECE410/project/post_m3_Minor_Redesign/tb/tb_top.sv Line: 257

Time: 21035 ns Started: 21025 ns Scope: /tb_top/u_mon File: /run/media/sackb/Windows-SSD/Users/sackb/OneDrive/Desktop/University/Course_Work/2025-2026/Spring_2026/ECE_410/ECE410/project/post_m3_Minor_Redesign/tb/tb_top.sv Line:256
Error: AXI MONITOR: core_C changed while core is idle
Time: 21035 ns  Iteration: 0  Process: /tb_top/u_mon//tb_top/u_mon  Scope: tb_top.u_mon  File: /run/media/sackb/Windows-SSD/Users/sackb/OneDrive/Desktop/University/Course_Work/2025-2026/Spring_2026/ECE_410/ECE410/project/post_m3_Minor_Redesign/tb/tb_top.sv Line: 257

Time: 21045 ns Started: 21035 ns Scope: /tb_top/u_mon File: /run/media/sackb/Windows-SSD/Users/sackb/OneDrive/Desktop/University/Course_Work/2025-2026/Spring_2026/ECE_410/ECE410/project/post_m3_Minor_Redesign/tb/tb_top.sv Line:256
Error: AXI MONITOR: core_C changed while core is idle
Time: 21045 ns  Iteration: 0  Process: /tb_top/u_mon//tb_top/u_mon  Scope: tb_top.u_mon  File: /run/media/sackb/Windows-SSD/Users/sackb/OneDrive/Desktop/University/Course_Work/2025-2026/Spring_2026/ECE_410/ECE410/project/post_m3_Minor_Redesign/tb/tb_top.sv Line: 257

Time: 21055 ns Started: 21045 ns Scope: /tb_top/u_mon File: /run/media/sackb/Windows-SSD/Users/sackb/OneDrive/Desktop/University/Course_Work/2025-2026/Spring_2026/ECE_410/ECE410/project/post_m3_Minor_Redesign/tb/tb_top.sv Line:256
Error: AXI MONITOR: core_C changed while core is idle
Time: 21055 ns  Iteration: 0  Process: /tb_top/u_mon//tb_top/u_mon  Scope: tb_top.u_mon  File: /run/media/sackb/Windows-SSD/Users/sackb/OneDrive/Desktop/University/Course_Work/2025-2026/Spring_2026/ECE_410/ECE410/project/post_m3_Minor_Redesign/tb/tb_top.sv Line: 257

Time: 21065 ns Started: 21055 ns Scope: /tb_top/u_mon File: /run/media/sackb/Windows-SSD/Users/sackb/OneDrive/Desktop/University/Course_Work/2025-2026/Spring_2026/ECE_410/ECE410/project/post_m3_Minor_Redesign/tb/tb_top.sv Line:256
Error: AXI MONITOR: core_C changed while core is idle
Time: 21065 ns  Iteration: 0  Process: /tb_top/u_mon//tb_top/u_mon  Scope: tb_top.u_mon  File: /run/media/sackb/Windows-SSD/Users/sackb/OneDrive/Desktop/University/Course_Work/2025-2026/Spring_2026/ECE_410/ECE410/project/post_m3_Minor_Redesign/tb/tb_top.sv Line: 257

Time: 21075 ns Started: 21065 ns Scope: /tb_top/u_mon File: /run/media/sackb/Windows-SSD/Users/sackb/OneDrive/Desktop/University/Course_Work/2025-2026/Spring_2026/ECE_410/ECE410/project/post_m3_Minor_Redesign/tb/tb_top.sv Line:256
Error: AXI MONITOR: core_C changed while core is idle
Time: 21075 ns  Iteration: 0  Process: /tb_top/u_mon//tb_top/u_mon  Scope: tb_top.u_mon  File: /run/media/sackb/Windows-SSD/Users/sackb/OneDrive/Desktop/University/Course_Work/2025-2026/Spring_2026/ECE_410/ECE410/project/post_m3_Minor_Redesign/tb/tb_top.sv Line: 257

Time: 21085 ns Started: 21075 ns Scope: /tb_top/u_mon File: /run/media/sackb/Windows-SSD/Users/sackb/OneDrive/Desktop/University/Course_Work/2025-2026/Spring_2026/ECE_410/ECE410/project/post_m3_Minor_Redesign/tb/tb_top.sv Line:256
Error: AXI MONITOR: core_C changed while core is idle
Time: 21085 ns  Iteration: 0  Process: /tb_top/u_mon//tb_top/u_mon  Scope: tb_top.u_mon  File: /run/media/sackb/Windows-SSD/Users/sackb/OneDrive/Desktop/University/Course_Work/2025-2026/Spring_2026/ECE_410/ECE410/project/post_m3_Minor_Redesign/tb/tb_top.sv Line: 257

Time: 21095 ns Started: 21085 ns Scope: /tb_top/u_mon File: /run/media/sackb/Windows-SSD/Users/sackb/OneDrive/Desktop/University/Course_Work/2025-2026/Spring_2026/ECE_410/ECE410/project/post_m3_Minor_Redesign/tb/tb_top.sv Line:256
Error: AXI MONITOR: core_C changed while core is idle
Time: 21095 ns  Iteration: 0  Process: /tb_top/u_mon//tb_top/u_mon  Scope: tb_top.u_mon  File: /run/media/sackb/Windows-SSD/Users/sackb/OneDrive/Desktop/University/Course_Work/2025-2026/Spring_2026/ECE_410/ECE410/project/post_m3_Minor_Redesign/tb/tb_top.sv Line: 257

Time: 21105 ns Started: 21095 ns Scope: /tb_top/u_mon File: /run/media/sackb/Windows-SSD/Users/sackb/OneDrive/Desktop/University/Course_Work/2025-2026/Spring_2026/ECE_410/ECE410/project/post_m3_Minor_Redesign/tb/tb_top.sv Line:256
Error: AXI MONITOR: core_C changed while core is idle
Time: 21105 ns  Iteration: 0  Process: /tb_top/u_mon//tb_top/u_mon  Scope: tb_top.u_mon  File: /run/media/sackb/Windows-SSD/Users/sackb/OneDrive/Desktop/University/Course_Work/2025-2026/Spring_2026/ECE_410/ECE410/project/post_m3_Minor_Redesign/tb/tb_top.sv Line: 257

Time: 21115 ns Started: 21105 ns Scope: /tb_top/u_mon File: /run/media/sackb/Windows-SSD/Users/sackb/OneDrive/Desktop/University/Course_Work/2025-2026/Spring_2026/ECE_410/ECE410/project/post_m3_Minor_Redesign/tb/tb_top.sv Line:256
Error: AXI MONITOR: core_C changed while core is idle
Time: 21115 ns  Iteration: 0  Process: /tb_top/u_mon//tb_top/u_mon  Scope: tb_top.u_mon  File: /run/media/sackb/Windows-SSD/Users/sackb/OneDrive/Desktop/University/Course_Work/2025-2026/Spring_2026/ECE_410/ECE410/project/post_m3_Minor_Redesign/tb/tb_top.sv Line: 257

Time: 21125 ns Started: 21115 ns Scope: /tb_top/u_mon File: /run/media/sackb/Windows-SSD/Users/sackb/OneDrive/Desktop/University/Course_Work/2025-2026/Spring_2026/ECE_410/ECE410/project/post_m3_Minor_Redesign/tb/tb_top.sv Line:256
Error: AXI MONITOR: core_C changed while core is idle
Time: 21125 ns  Iteration: 0  Process: /tb_top/u_mon//tb_top/u_mon  Scope: tb_top.u_mon  File: /run/media/sackb/Windows-SSD/Users/sackb/OneDrive/Desktop/University/Course_Work/2025-2026/Spring_2026/ECE_410/ECE410/project/post_m3_Minor_Redesign/tb/tb_top.sv Line: 257

Time: 21135 ns Started: 21125 ns Scope: /tb_top/u_mon File: /run/media/sackb/Windows-SSD/Users/sackb/OneDrive/Desktop/University/Course_Work/2025-2026/Spring_2026/ECE_410/ECE410/project/post_m3_Minor_Redesign/tb/tb_top.sv Line:256
Error: AXI MONITOR: core_C changed while core is idle
Time: 21135 ns  Iteration: 0  Process: /tb_top/u_mon//tb_top/u_mon  Scope: tb_top.u_mon  File: /run/media/sackb/Windows-SSD/Users/sackb/OneDrive/Desktop/University/Course_Work/2025-2026/Spring_2026/ECE_410/ECE410/project/post_m3_Minor_Redesign/tb/tb_top.sv Line: 257

Time: 21145 ns Started: 21135 ns Scope: /tb_top/u_mon File: /run/media/sackb/Windows-SSD/Users/sackb/OneDrive/Desktop/University/Course_Work/2025-2026/Spring_2026/ECE_410/ECE410/project/post_m3_Minor_Redesign/tb/tb_top.sv Line:256
Error: AXI MONITOR: core_C changed while core is idle
Time: 21145 ns  Iteration: 0  Process: /tb_top/u_mon//tb_top/u_mon  Scope: tb_top.u_mon  File: /run/media/sackb/Windows-SSD/Users/sackb/OneDrive/Desktop/University/Course_Work/2025-2026/Spring_2026/ECE_410/ECE410/project/post_m3_Minor_Redesign/tb/tb_top.sv Line: 257

Time: 21155 ns Started: 21145 ns Scope: /tb_top/u_mon File: /run/media/sackb/Windows-SSD/Users/sackb/OneDrive/Desktop/University/Course_Work/2025-2026/Spring_2026/ECE_410/ECE410/project/post_m3_Minor_Redesign/tb/tb_top.sv Line:256
Error: AXI MONITOR: core_C changed while core is idle
Time: 21155 ns  Iteration: 0  Process: /tb_top/u_mon//tb_top/u_mon  Scope: tb_top.u_mon  File: /run/media/sackb/Windows-SSD/Users/sackb/OneDrive/Desktop/University/Course_Work/2025-2026/Spring_2026/ECE_410/ECE410/project/post_m3_Minor_Redesign/tb/tb_top.sv Line: 257

Time: 21165 ns Started: 21155 ns Scope: /tb_top/u_mon File: /run/media/sackb/Windows-SSD/Users/sackb/OneDrive/Desktop/University/Course_Work/2025-2026/Spring_2026/ECE_410/ECE410/project/post_m3_Minor_Redesign/tb/tb_top.sv Line:256
Error: AXI MONITOR: core_C changed while core is idle
Time: 21165 ns  Iteration: 0  Process: /tb_top/u_mon//tb_top/u_mon  Scope: tb_top.u_mon  File: /run/media/sackb/Windows-SSD/Users/sackb/OneDrive/Desktop/University/Course_Work/2025-2026/Spring_2026/ECE_410/ECE410/project/post_m3_Minor_Redesign/tb/tb_top.sv Line: 257

Time: 21175 ns Started: 21165 ns Scope: /tb_top/u_mon File: /run/media/sackb/Windows-SSD/Users/sackb/OneDrive/Desktop/University/Course_Work/2025-2026/Spring_2026/ECE_410/ECE410/project/post_m3_Minor_Redesign/tb/tb_top.sv Line:256
Error: AXI MONITOR: core_C changed while core is idle
Time: 21175 ns  Iteration: 0  Process: /tb_top/u_mon//tb_top/u_mon  Scope: tb_top.u_mon  File: /run/media/sackb/Windows-SSD/Users/sackb/OneDrive/Desktop/University/Course_Work/2025-2026/Spring_2026/ECE_410/ECE410/project/post_m3_Minor_Redesign/tb/tb_top.sv Line: 257

Time: 21185 ns Started: 21175 ns Scope: /tb_top/u_mon File: /run/media/sackb/Windows-SSD/Users/sackb/OneDrive/Desktop/University/Course_Work/2025-2026/Spring_2026/ECE_410/ECE410/project/post_m3_Minor_Redesign/tb/tb_top.sv Line:256
Error: AXI MONITOR: core_C changed while core is idle
Time: 21185 ns  Iteration: 0  Process: /tb_top/u_mon//tb_top/u_mon  Scope: tb_top.u_mon  File: /run/media/sackb/Windows-SSD/Users/sackb/OneDrive/Desktop/University/Course_Work/2025-2026/Spring_2026/ECE_410/ECE410/project/post_m3_Minor_Redesign/tb/tb_top.sv Line: 257

Time: 21195 ns Started: 21185 ns Scope: /tb_top/u_mon File: /run/media/sackb/Windows-SSD/Users/sackb/OneDrive/Desktop/University/Course_Work/2025-2026/Spring_2026/ECE_410/ECE410/project/post_m3_Minor_Redesign/tb/tb_top.sv Line:256
Error: AXI MONITOR: core_C changed while core is idle
Time: 21195 ns  Iteration: 0  Process: /tb_top/u_mon//tb_top/u_mon  Scope: tb_top.u_mon  File: /run/media/sackb/Windows-SSD/Users/sackb/OneDrive/Desktop/University/Course_Work/2025-2026/Spring_2026/ECE_410/ECE410/project/post_m3_Minor_Redesign/tb/tb_top.sv Line: 257

Time: 21205 ns Started: 21195 ns Scope: /tb_top/u_mon File: /run/media/sackb/Windows-SSD/Users/sackb/OneDrive/Desktop/University/Course_Work/2025-2026/Spring_2026/ECE_410/ECE410/project/post_m3_Minor_Redesign/tb/tb_top.sv Line:256
Error: AXI MONITOR: core_C changed while core is idle
Time: 21205 ns  Iteration: 0  Process: /tb_top/u_mon//tb_top/u_mon  Scope: tb_top.u_mon  File: /run/media/sackb/Windows-SSD/Users/sackb/OneDrive/Desktop/University/Course_Work/2025-2026/Spring_2026/ECE_410/ECE410/project/post_m3_Minor_Redesign/tb/tb_top.sv Line: 257

Time: 21215 ns Started: 21205 ns Scope: /tb_top/u_mon File: /run/media/sackb/Windows-SSD/Users/sackb/OneDrive/Desktop/University/Course_Work/2025-2026/Spring_2026/ECE_410/ECE410/project/post_m3_Minor_Redesign/tb/tb_top.sv Line:256
Error: AXI MONITOR: core_C changed while core is idle
Time: 21215 ns  Iteration: 0  Process: /tb_top/u_mon//tb_top/u_mon  Scope: tb_top.u_mon  File: /run/media/sackb/Windows-SSD/Users/sackb/OneDrive/Desktop/University/Course_Work/2025-2026/Spring_2026/ECE_410/ECE410/project/post_m3_Minor_Redesign/tb/tb_top.sv Line: 257

Time: 21225 ns Started: 21215 ns Scope: /tb_top/u_mon File: /run/media/sackb/Windows-SSD/Users/sackb/OneDrive/Desktop/University/Course_Work/2025-2026/Spring_2026/ECE_410/ECE410/project/post_m3_Minor_Redesign/tb/tb_top.sv Line:256
Error: AXI MONITOR: core_C changed while core is idle
Time: 21225 ns  Iteration: 0  Process: /tb_top/u_mon//tb_top/u_mon  Scope: tb_top.u_mon  File: /run/media/sackb/Windows-SSD/Users/sackb/OneDrive/Desktop/University/Course_Work/2025-2026/Spring_2026/ECE_410/ECE410/project/post_m3_Minor_Redesign/tb/tb_top.sv Line: 257

Time: 21235 ns Started: 21225 ns Scope: /tb_top/u_mon File: /run/media/sackb/Windows-SSD/Users/sackb/OneDrive/Desktop/University/Course_Work/2025-2026/Spring_2026/ECE_410/ECE410/project/post_m3_Minor_Redesign/tb/tb_top.sv Line:256
Error: AXI MONITOR: core_C changed while core is idle
Time: 21235 ns  Iteration: 0  Process: /tb_top/u_mon//tb_top/u_mon  Scope: tb_top.u_mon  File: /run/media/sackb/Windows-SSD/Users/sackb/OneDrive/Desktop/University/Course_Work/2025-2026/Spring_2026/ECE_410/ECE410/project/post_m3_Minor_Redesign/tb/tb_top.sv Line: 257

Time: 21245 ns Started: 21235 ns Scope: /tb_top/u_mon File: /run/media/sackb/Windows-SSD/Users/sackb/OneDrive/Desktop/University/Course_Work/2025-2026/Spring_2026/ECE_410/ECE410/project/post_m3_Minor_Redesign/tb/tb_top.sv Line:256
Error: AXI MONITOR: core_C changed while core is idle
Time: 21245 ns  Iteration: 0  Process: /tb_top/u_mon//tb_top/u_mon  Scope: tb_top.u_mon  File: /run/media/sackb/Windows-SSD/Users/sackb/OneDrive/Desktop/University/Course_Work/2025-2026/Spring_2026/ECE_410/ECE410/project/post_m3_Minor_Redesign/tb/tb_top.sv Line: 257

Time: 21255 ns Started: 21245 ns Scope: /tb_top/u_mon File: /run/media/sackb/Windows-SSD/Users/sackb/OneDrive/Desktop/University/Course_Work/2025-2026/Spring_2026/ECE_410/ECE410/project/post_m3_Minor_Redesign/tb/tb_top.sv Line:256
Error: AXI MONITOR: core_C changed while core is idle
Time: 21255 ns  Iteration: 0  Process: /tb_top/u_mon//tb_top/u_mon  Scope: tb_top.u_mon  File: /run/media/sackb/Windows-SSD/Users/sackb/OneDrive/Desktop/University/Course_Work/2025-2026/Spring_2026/ECE_410/ECE410/project/post_m3_Minor_Redesign/tb/tb_top.sv Line: 257

Time: 21265 ns Started: 21255 ns Scope: /tb_top/u_mon File: /run/media/sackb/Windows-SSD/Users/sackb/OneDrive/Desktop/University/Course_Work/2025-2026/Spring_2026/ECE_410/ECE410/project/post_m3_Minor_Redesign/tb/tb_top.sv Line:256
Error: AXI MONITOR: core_C changed while core is idle
Time: 21265 ns  Iteration: 0  Process: /tb_top/u_mon//tb_top/u_mon  Scope: tb_top.u_mon  File: /run/media/sackb/Windows-SSD/Users/sackb/OneDrive/Desktop/University/Course_Work/2025-2026/Spring_2026/ECE_410/ECE410/project/post_m3_Minor_Redesign/tb/tb_top.sv Line: 257

Time: 21275 ns Started: 21265 ns Scope: /tb_top/u_mon File: /run/media/sackb/Windows-SSD/Users/sackb/OneDrive/Desktop/University/Course_Work/2025-2026/Spring_2026/ECE_410/ECE410/project/post_m3_Minor_Redesign/tb/tb_top.sv Line:256
Error: AXI MONITOR: core_C changed while core is idle
Time: 21275 ns  Iteration: 0  Process: /tb_top/u_mon//tb_top/u_mon  Scope: tb_top.u_mon  File: /run/media/sackb/Windows-SSD/Users/sackb/OneDrive/Desktop/University/Course_Work/2025-2026/Spring_2026/ECE_410/ECE410/project/post_m3_Minor_Redesign/tb/tb_top.sv Line: 257

Time: 21285 ns Started: 21275 ns Scope: /tb_top/u_mon File: /run/media/sackb/Windows-SSD/Users/sackb/OneDrive/Desktop/University/Course_Work/2025-2026/Spring_2026/ECE_410/ECE410/project/post_m3_Minor_Redesign/tb/tb_top.sv Line:256
Error: AXI MONITOR: core_C changed while core is idle
Time: 21285 ns  Iteration: 0  Process: /tb_top/u_mon//tb_top/u_mon  Scope: tb_top.u_mon  File: /run/media/sackb/Windows-SSD/Users/sackb/OneDrive/Desktop/University/Course_Work/2025-2026/Spring_2026/ECE_410/ECE410/project/post_m3_Minor_Redesign/tb/tb_top.sv Line: 257

Time: 21295 ns Started: 21285 ns Scope: /tb_top/u_mon File: /run/media/sackb/Windows-SSD/Users/sackb/OneDrive/Desktop/University/Course_Work/2025-2026/Spring_2026/ECE_410/ECE410/project/post_m3_Minor_Redesign/tb/tb_top.sv Line:256
Error: AXI MONITOR: core_C changed while core is idle
Time: 21295 ns  Iteration: 0  Process: /tb_top/u_mon//tb_top/u_mon  Scope: tb_top.u_mon  File: /run/media/sackb/Windows-SSD/Users/sackb/OneDrive/Desktop/University/Course_Work/2025-2026/Spring_2026/ECE_410/ECE410/project/post_m3_Minor_Redesign/tb/tb_top.sv Line: 257

Time: 21305 ns Started: 21295 ns Scope: /tb_top/u_mon File: /run/media/sackb/Windows-SSD/Users/sackb/OneDrive/Desktop/University/Course_Work/2025-2026/Spring_2026/ECE_410/ECE410/project/post_m3_Minor_Redesign/tb/tb_top.sv Line:256
Error: AXI MONITOR: core_C changed while core is idle
Time: 21305 ns  Iteration: 0  Process: /tb_top/u_mon//tb_top/u_mon  Scope: tb_top.u_mon  File: /run/media/sackb/Windows-SSD/Users/sackb/OneDrive/Desktop/University/Course_Work/2025-2026/Spring_2026/ECE_410/ECE410/project/post_m3_Minor_Redesign/tb/tb_top.sv Line: 257

Time: 21315 ns Started: 21305 ns Scope: /tb_top/u_mon File: /run/media/sackb/Windows-SSD/Users/sackb/OneDrive/Desktop/University/Course_Work/2025-2026/Spring_2026/ECE_410/ECE410/project/post_m3_Minor_Redesign/tb/tb_top.sv Line:256
Error: AXI MONITOR: core_C changed while core is idle
Time: 21315 ns  Iteration: 0  Process: /tb_top/u_mon//tb_top/u_mon  Scope: tb_top.u_mon  File: /run/media/sackb/Windows-SSD/Users/sackb/OneDrive/Desktop/University/Course_Work/2025-2026/Spring_2026/ECE_410/ECE410/project/post_m3_Minor_Redesign/tb/tb_top.sv Line: 257

Time: 21325 ns Started: 21315 ns Scope: /tb_top/u_mon File: /run/media/sackb/Windows-SSD/Users/sackb/OneDrive/Desktop/University/Course_Work/2025-2026/Spring_2026/ECE_410/ECE410/project/post_m3_Minor_Redesign/tb/tb_top.sv Line:256
Error: AXI MONITOR: core_C changed while core is idle
Time: 21325 ns  Iteration: 0  Process: /tb_top/u_mon//tb_top/u_mon  Scope: tb_top.u_mon  File: /run/media/sackb/Windows-SSD/Users/sackb/OneDrive/Desktop/University/Course_Work/2025-2026/Spring_2026/ECE_410/ECE410/project/post_m3_Minor_Redesign/tb/tb_top.sv Line: 257

Time: 21335 ns Started: 21325 ns Scope: /tb_top/u_mon File: /run/media/sackb/Windows-SSD/Users/sackb/OneDrive/Desktop/University/Course_Work/2025-2026/Spring_2026/ECE_410/ECE410/project/post_m3_Minor_Redesign/tb/tb_top.sv Line:256
Error: AXI MONITOR: core_C changed while core is idle
Time: 21335 ns  Iteration: 0  Process: /tb_top/u_mon//tb_top/u_mon  Scope: tb_top.u_mon  File: /run/media/sackb/Windows-SSD/Users/sackb/OneDrive/Desktop/University/Course_Work/2025-2026/Spring_2026/ECE_410/ECE410/project/post_m3_Minor_Redesign/tb/tb_top.sv Line: 257

Time: 21345 ns Started: 21335 ns Scope: /tb_top/u_mon File: /run/media/sackb/Windows-SSD/Users/sackb/OneDrive/Desktop/University/Course_Work/2025-2026/Spring_2026/ECE_410/ECE410/project/post_m3_Minor_Redesign/tb/tb_top.sv Line:256
Error: AXI MONITOR: core_C changed while core is idle
Time: 21345 ns  Iteration: 0  Process: /tb_top/u_mon//tb_top/u_mon  Scope: tb_top.u_mon  File: /run/media/sackb/Windows-SSD/Users/sackb/OneDrive/Desktop/University/Course_Work/2025-2026/Spring_2026/ECE_410/ECE410/project/post_m3_Minor_Redesign/tb/tb_top.sv Line: 257

Time: 21355 ns Started: 21345 ns Scope: /tb_top/u_mon File: /run/media/sackb/Windows-SSD/Users/sackb/OneDrive/Desktop/University/Course_Work/2025-2026/Spring_2026/ECE_410/ECE410/project/post_m3_Minor_Redesign/tb/tb_top.sv Line:256
Error: AXI MONITOR: core_C changed while core is idle
Time: 21355 ns  Iteration: 0  Process: /tb_top/u_mon//tb_top/u_mon  Scope: tb_top.u_mon  File: /run/media/sackb/Windows-SSD/Users/sackb/OneDrive/Desktop/University/Course_Work/2025-2026/Spring_2026/ECE_410/ECE410/project/post_m3_Minor_Redesign/tb/tb_top.sv Line: 257

Time: 21365 ns Started: 21355 ns Scope: /tb_top/u_mon File: /run/media/sackb/Windows-SSD/Users/sackb/OneDrive/Desktop/University/Course_Work/2025-2026/Spring_2026/ECE_410/ECE410/project/post_m3_Minor_Redesign/tb/tb_top.sv Line:256
Error: AXI MONITOR: core_C changed while core is idle
Time: 21365 ns  Iteration: 0  Process: /tb_top/u_mon//tb_top/u_mon  Scope: tb_top.u_mon  File: /run/media/sackb/Windows-SSD/Users/sackb/OneDrive/Desktop/University/Course_Work/2025-2026/Spring_2026/ECE_410/ECE410/project/post_m3_Minor_Redesign/tb/tb_top.sv Line: 257

Time: 21375 ns Started: 21365 ns Scope: /tb_top/u_mon File: /run/media/sackb/Windows-SSD/Users/sackb/OneDrive/Desktop/University/Course_Work/2025-2026/Spring_2026/ECE_410/ECE410/project/post_m3_Minor_Redesign/tb/tb_top.sv Line:256
Error: AXI MONITOR: core_C changed while core is idle
Time: 21375 ns  Iteration: 0  Process: /tb_top/u_mon//tb_top/u_mon  Scope: tb_top.u_mon  File: /run/media/sackb/Windows-SSD/Users/sackb/OneDrive/Desktop/University/Course_Work/2025-2026/Spring_2026/ECE_410/ECE410/project/post_m3_Minor_Redesign/tb/tb_top.sv Line: 257

Time: 21385 ns Started: 21375 ns Scope: /tb_top/u_mon File: /run/media/sackb/Windows-SSD/Users/sackb/OneDrive/Desktop/University/Course_Work/2025-2026/Spring_2026/ECE_410/ECE410/project/post_m3_Minor_Redesign/tb/tb_top.sv Line:256
Error: AXI MONITOR: core_C changed while core is idle
Time: 21385 ns  Iteration: 0  Process: /tb_top/u_mon//tb_top/u_mon  Scope: tb_top.u_mon  File: /run/media/sackb/Windows-SSD/Users/sackb/OneDrive/Desktop/University/Course_Work/2025-2026/Spring_2026/ECE_410/ECE410/project/post_m3_Minor_Redesign/tb/tb_top.sv Line: 257

Time: 21395 ns Started: 21385 ns Scope: /tb_top/u_mon File: /run/media/sackb/Windows-SSD/Users/sackb/OneDrive/Desktop/University/Course_Work/2025-2026/Spring_2026/ECE_410/ECE410/project/post_m3_Minor_Redesign/tb/tb_top.sv Line:256
Error: AXI MONITOR: core_C changed while core is idle
Time: 21395 ns  Iteration: 0  Process: /tb_top/u_mon//tb_top/u_mon  Scope: tb_top.u_mon  File: /run/media/sackb/Windows-SSD/Users/sackb/OneDrive/Desktop/University/Course_Work/2025-2026/Spring_2026/ECE_410/ECE410/project/post_m3_Minor_Redesign/tb/tb_top.sv Line: 257

Time: 21405 ns Started: 21395 ns Scope: /tb_top/u_mon File: /run/media/sackb/Windows-SSD/Users/sackb/OneDrive/Desktop/University/Course_Work/2025-2026/Spring_2026/ECE_410/ECE410/project/post_m3_Minor_Redesign/tb/tb_top.sv Line:256
Error: AXI MONITOR: core_C changed while core is idle
Time: 21405 ns  Iteration: 0  Process: /tb_top/u_mon//tb_top/u_mon  Scope: tb_top.u_mon  File: /run/media/sackb/Windows-SSD/Users/sackb/OneDrive/Desktop/University/Course_Work/2025-2026/Spring_2026/ECE_410/ECE410/project/post_m3_Minor_Redesign/tb/tb_top.sv Line: 257

Time: 21415 ns Started: 21405 ns Scope: /tb_top/u_mon File: /run/media/sackb/Windows-SSD/Users/sackb/OneDrive/Desktop/University/Course_Work/2025-2026/Spring_2026/ECE_410/ECE410/project/post_m3_Minor_Redesign/tb/tb_top.sv Line:256
Error: AXI MONITOR: core_C changed while core is idle
Time: 21415 ns  Iteration: 0  Process: /tb_top/u_mon//tb_top/u_mon  Scope: tb_top.u_mon  File: /run/media/sackb/Windows-SSD/Users/sackb/OneDrive/Desktop/University/Course_Work/2025-2026/Spring_2026/ECE_410/ECE410/project/post_m3_Minor_Redesign/tb/tb_top.sv Line: 257

Time: 21425 ns Started: 21415 ns Scope: /tb_top/u_mon File: /run/media/sackb/Windows-SSD/Users/sackb/OneDrive/Desktop/University/Course_Work/2025-2026/Spring_2026/ECE_410/ECE410/project/post_m3_Minor_Redesign/tb/tb_top.sv Line:256
Error: AXI MONITOR: core_C changed while core is idle
Time: 21425 ns  Iteration: 0  Process: /tb_top/u_mon//tb_top/u_mon  Scope: tb_top.u_mon  File: /run/media/sackb/Windows-SSD/Users/sackb/OneDrive/Desktop/University/Course_Work/2025-2026/Spring_2026/ECE_410/ECE410/project/post_m3_Minor_Redesign/tb/tb_top.sv Line: 257

Time: 21435 ns Started: 21425 ns Scope: /tb_top/u_mon File: /run/media/sackb/Windows-SSD/Users/sackb/OneDrive/Desktop/University/Course_Work/2025-2026/Spring_2026/ECE_410/ECE410/project/post_m3_Minor_Redesign/tb/tb_top.sv Line:256
Error: AXI MONITOR: core_C changed while core is idle
Time: 21435 ns  Iteration: 0  Process: /tb_top/u_mon//tb_top/u_mon  Scope: tb_top.u_mon  File: /run/media/sackb/Windows-SSD/Users/sackb/OneDrive/Desktop/University/Course_Work/2025-2026/Spring_2026/ECE_410/ECE410/project/post_m3_Minor_Redesign/tb/tb_top.sv Line: 257

Time: 21445 ns Started: 21435 ns Scope: /tb_top/u_mon File: /run/media/sackb/Windows-SSD/Users/sackb/OneDrive/Desktop/University/Course_Work/2025-2026/Spring_2026/ECE_410/ECE410/project/post_m3_Minor_Redesign/tb/tb_top.sv Line:256
Error: AXI MONITOR: core_C changed while core is idle
Time: 21445 ns  Iteration: 0  Process: /tb_top/u_mon//tb_top/u_mon  Scope: tb_top.u_mon  File: /run/media/sackb/Windows-SSD/Users/sackb/OneDrive/Desktop/University/Course_Work/2025-2026/Spring_2026/ECE_410/ECE410/project/post_m3_Minor_Redesign/tb/tb_top.sv Line: 257

Time: 21455 ns Started: 21445 ns Scope: /tb_top/u_mon File: /run/media/sackb/Windows-SSD/Users/sackb/OneDrive/Desktop/University/Course_Work/2025-2026/Spring_2026/ECE_410/ECE410/project/post_m3_Minor_Redesign/tb/tb_top.sv Line:256
Error: AXI MONITOR: core_C changed while core is idle
Time: 21455 ns  Iteration: 0  Process: /tb_top/u_mon//tb_top/u_mon  Scope: tb_top.u_mon  File: /run/media/sackb/Windows-SSD/Users/sackb/OneDrive/Desktop/University/Course_Work/2025-2026/Spring_2026/ECE_410/ECE410/project/post_m3_Minor_Redesign/tb/tb_top.sv Line: 257

Time: 21465 ns Started: 21455 ns Scope: /tb_top/u_mon File: /run/media/sackb/Windows-SSD/Users/sackb/OneDrive/Desktop/University/Course_Work/2025-2026/Spring_2026/ECE_410/ECE410/project/post_m3_Minor_Redesign/tb/tb_top.sv Line:256
Error: AXI MONITOR: core_C changed while core is idle
Time: 21465 ns  Iteration: 0  Process: /tb_top/u_mon//tb_top/u_mon  Scope: tb_top.u_mon  File: /run/media/sackb/Windows-SSD/Users/sackb/OneDrive/Desktop/University/Course_Work/2025-2026/Spring_2026/ECE_410/ECE410/project/post_m3_Minor_Redesign/tb/tb_top.sv Line: 257

Time: 21475 ns Started: 21465 ns Scope: /tb_top/u_mon File: /run/media/sackb/Windows-SSD/Users/sackb/OneDrive/Desktop/University/Course_Work/2025-2026/Spring_2026/ECE_410/ECE410/project/post_m3_Minor_Redesign/tb/tb_top.sv Line:256
Error: AXI MONITOR: core_C changed while core is idle
Time: 21475 ns  Iteration: 0  Process: /tb_top/u_mon//tb_top/u_mon  Scope: tb_top.u_mon  File: /run/media/sackb/Windows-SSD/Users/sackb/OneDrive/Desktop/University/Course_Work/2025-2026/Spring_2026/ECE_410/ECE410/project/post_m3_Minor_Redesign/tb/tb_top.sv Line: 257

Time: 21485 ns Started: 21475 ns Scope: /tb_top/u_mon File: /run/media/sackb/Windows-SSD/Users/sackb/OneDrive/Desktop/University/Course_Work/2025-2026/Spring_2026/ECE_410/ECE410/project/post_m3_Minor_Redesign/tb/tb_top.sv Line:256
Error: AXI MONITOR: core_C changed while core is idle
Time: 21485 ns  Iteration: 0  Process: /tb_top/u_mon//tb_top/u_mon  Scope: tb_top.u_mon  File: /run/media/sackb/Windows-SSD/Users/sackb/OneDrive/Desktop/University/Course_Work/2025-2026/Spring_2026/ECE_410/ECE410/project/post_m3_Minor_Redesign/tb/tb_top.sv Line: 257

Time: 21495 ns Started: 21485 ns Scope: /tb_top/u_mon File: /run/media/sackb/Windows-SSD/Users/sackb/OneDrive/Desktop/University/Course_Work/2025-2026/Spring_2026/ECE_410/ECE410/project/post_m3_Minor_Redesign/tb/tb_top.sv Line:256
Error: AXI MONITOR: core_C changed while core is idle
Time: 21495 ns  Iteration: 0  Process: /tb_top/u_mon//tb_top/u_mon  Scope: tb_top.u_mon  File: /run/media/sackb/Windows-SSD/Users/sackb/OneDrive/Desktop/University/Course_Work/2025-2026/Spring_2026/ECE_410/ECE410/project/post_m3_Minor_Redesign/tb/tb_top.sv Line: 257

Time: 21505 ns Started: 21495 ns Scope: /tb_top/u_mon File: /run/media/sackb/Windows-SSD/Users/sackb/OneDrive/Desktop/University/Course_Work/2025-2026/Spring_2026/ECE_410/ECE410/project/post_m3_Minor_Redesign/tb/tb_top.sv Line:256
Error: AXI MONITOR: core_C changed while core is idle
Time: 21505 ns  Iteration: 0  Process: /tb_top/u_mon//tb_top/u_mon  Scope: tb_top.u_mon  File: /run/media/sackb/Windows-SSD/Users/sackb/OneDrive/Desktop/University/Course_Work/2025-2026/Spring_2026/ECE_410/ECE410/project/post_m3_Minor_Redesign/tb/tb_top.sv Line: 257

Time: 21515 ns Started: 21505 ns Scope: /tb_top/u_mon File: /run/media/sackb/Windows-SSD/Users/sackb/OneDrive/Desktop/University/Course_Work/2025-2026/Spring_2026/ECE_410/ECE410/project/post_m3_Minor_Redesign/tb/tb_top.sv Line:256
Error: AXI MONITOR: core_C changed while core is idle
Time: 21515 ns  Iteration: 0  Process: /tb_top/u_mon//tb_top/u_mon  Scope: tb_top.u_mon  File: /run/media/sackb/Windows-SSD/Users/sackb/OneDrive/Desktop/University/Course_Work/2025-2026/Spring_2026/ECE_410/ECE410/project/post_m3_Minor_Redesign/tb/tb_top.sv Line: 257

Time: 21525 ns Started: 21515 ns Scope: /tb_top/u_mon File: /run/media/sackb/Windows-SSD/Users/sackb/OneDrive/Desktop/University/Course_Work/2025-2026/Spring_2026/ECE_410/ECE410/project/post_m3_Minor_Redesign/tb/tb_top.sv Line:256
Error: AXI MONITOR: core_C changed while core is idle
Time: 21525 ns  Iteration: 0  Process: /tb_top/u_mon//tb_top/u_mon  Scope: tb_top.u_mon  File: /run/media/sackb/Windows-SSD/Users/sackb/OneDrive/Desktop/University/Course_Work/2025-2026/Spring_2026/ECE_410/ECE410/project/post_m3_Minor_Redesign/tb/tb_top.sv Line: 257

Time: 21535 ns Started: 21525 ns Scope: /tb_top/u_mon File: /run/media/sackb/Windows-SSD/Users/sackb/OneDrive/Desktop/University/Course_Work/2025-2026/Spring_2026/ECE_410/ECE410/project/post_m3_Minor_Redesign/tb/tb_top.sv Line:256
Error: AXI MONITOR: core_C changed while core is idle
Time: 21535 ns  Iteration: 0  Process: /tb_top/u_mon//tb_top/u_mon  Scope: tb_top.u_mon  File: /run/media/sackb/Windows-SSD/Users/sackb/OneDrive/Desktop/University/Course_Work/2025-2026/Spring_2026/ECE_410/ECE410/project/post_m3_Minor_Redesign/tb/tb_top.sv Line: 257

Time: 21545 ns Started: 21535 ns Scope: /tb_top/u_mon File: /run/media/sackb/Windows-SSD/Users/sackb/OneDrive/Desktop/University/Course_Work/2025-2026/Spring_2026/ECE_410/ECE410/project/post_m3_Minor_Redesign/tb/tb_top.sv Line:256
Error: AXI MONITOR: core_C changed while core is idle
Time: 21545 ns  Iteration: 0  Process: /tb_top/u_mon//tb_top/u_mon  Scope: tb_top.u_mon  File: /run/media/sackb/Windows-SSD/Users/sackb/OneDrive/Desktop/University/Course_Work/2025-2026/Spring_2026/ECE_410/ECE410/project/post_m3_Minor_Redesign/tb/tb_top.sv Line: 257

Time: 21555 ns Started: 21545 ns Scope: /tb_top/u_mon File: /run/media/sackb/Windows-SSD/Users/sackb/OneDrive/Desktop/University/Course_Work/2025-2026/Spring_2026/ECE_410/ECE410/project/post_m3_Minor_Redesign/tb/tb_top.sv Line:256
Error: AXI MONITOR: core_C changed while core is idle
Time: 21555 ns  Iteration: 0  Process: /tb_top/u_mon//tb_top/u_mon  Scope: tb_top.u_mon  File: /run/media/sackb/Windows-SSD/Users/sackb/OneDrive/Desktop/University/Course_Work/2025-2026/Spring_2026/ECE_410/ECE410/project/post_m3_Minor_Redesign/tb/tb_top.sv Line: 257

Time: 22005 ns Started: 21995 ns Scope: /tb_top/u_mon File: /run/media/sackb/Windows-SSD/Users/sackb/OneDrive/Desktop/University/Course_Work/2025-2026/Spring_2026/ECE_410/ECE410/project/post_m3_Minor_Redesign/tb/tb_top.sv Line:256
Error: AXI MONITOR: core_C changed while core is idle
Time: 22005 ns  Iteration: 0  Process: /tb_top/u_mon//tb_top/u_mon  Scope: tb_top.u_mon  File: /run/media/sackb/Windows-SSD/Users/sackb/OneDrive/Desktop/University/Course_Work/2025-2026/Spring_2026/ECE_410/ECE410/project/post_m3_Minor_Redesign/tb/tb_top.sv Line: 257

Time: 22015 ns Started: 22005 ns Scope: /tb_top/u_mon File: /run/media/sackb/Windows-SSD/Users/sackb/OneDrive/Desktop/University/Course_Work/2025-2026/Spring_2026/ECE_410/ECE410/project/post_m3_Minor_Redesign/tb/tb_top.sv Line:256
Error: AXI MONITOR: core_C changed while core is idle
Time: 22015 ns  Iteration: 0  Process: /tb_top/u_mon//tb_top/u_mon  Scope: tb_top.u_mon  File: /run/media/sackb/Windows-SSD/Users/sackb/OneDrive/Desktop/University/Course_Work/2025-2026/Spring_2026/ECE_410/ECE410/project/post_m3_Minor_Redesign/tb/tb_top.sv Line: 257

Time: 22025 ns Started: 22015 ns Scope: /tb_top/u_mon File: /run/media/sackb/Windows-SSD/Users/sackb/OneDrive/Desktop/University/Course_Work/2025-2026/Spring_2026/ECE_410/ECE410/project/post_m3_Minor_Redesign/tb/tb_top.sv Line:256
Error: AXI MONITOR: core_C changed while core is idle
Time: 22025 ns  Iteration: 0  Process: /tb_top/u_mon//tb_top/u_mon  Scope: tb_top.u_mon  File: /run/media/sackb/Windows-SSD/Users/sackb/OneDrive/Desktop/University/Course_Work/2025-2026/Spring_2026/ECE_410/ECE410/project/post_m3_Minor_Redesign/tb/tb_top.sv Line: 257

Time: 22035 ns Started: 22025 ns Scope: /tb_top/u_mon File: /run/media/sackb/Windows-SSD/Users/sackb/OneDrive/Desktop/University/Course_Work/2025-2026/Spring_2026/ECE_410/ECE410/project/post_m3_Minor_Redesign/tb/tb_top.sv Line:256
Error: AXI MONITOR: core_C changed while core is idle
Time: 22035 ns  Iteration: 0  Process: /tb_top/u_mon//tb_top/u_mon  Scope: tb_top.u_mon  File: /run/media/sackb/Windows-SSD/Users/sackb/OneDrive/Desktop/University/Course_Work/2025-2026/Spring_2026/ECE_410/ECE410/project/post_m3_Minor_Redesign/tb/tb_top.sv Line: 257

Time: 22045 ns Started: 22035 ns Scope: /tb_top/u_mon File: /run/media/sackb/Windows-SSD/Users/sackb/OneDrive/Desktop/University/Course_Work/2025-2026/Spring_2026/ECE_410/ECE410/project/post_m3_Minor_Redesign/tb/tb_top.sv Line:256
Error: AXI MONITOR: core_C changed while core is idle
Time: 22045 ns  Iteration: 0  Process: /tb_top/u_mon//tb_top/u_mon  Scope: tb_top.u_mon  File: /run/media/sackb/Windows-SSD/Users/sackb/OneDrive/Desktop/University/Course_Work/2025-2026/Spring_2026/ECE_410/ECE410/project/post_m3_Minor_Redesign/tb/tb_top.sv Line: 257

Time: 22055 ns Started: 22045 ns Scope: /tb_top/u_mon File: /run/media/sackb/Windows-SSD/Users/sackb/OneDrive/Desktop/University/Course_Work/2025-2026/Spring_2026/ECE_410/ECE410/project/post_m3_Minor_Redesign/tb/tb_top.sv Line:256
Error: AXI MONITOR: core_C changed while core is idle
Time: 22055 ns  Iteration: 0  Process: /tb_top/u_mon//tb_top/u_mon  Scope: tb_top.u_mon  File: /run/media/sackb/Windows-SSD/Users/sackb/OneDrive/Desktop/University/Course_Work/2025-2026/Spring_2026/ECE_410/ECE410/project/post_m3_Minor_Redesign/tb/tb_top.sv Line: 257

Time: 22065 ns Started: 22055 ns Scope: /tb_top/u_mon File: /run/media/sackb/Windows-SSD/Users/sackb/OneDrive/Desktop/University/Course_Work/2025-2026/Spring_2026/ECE_410/ECE410/project/post_m3_Minor_Redesign/tb/tb_top.sv Line:256
Error: AXI MONITOR: core_C changed while core is idle
Time: 22065 ns  Iteration: 0  Process: /tb_top/u_mon//tb_top/u_mon  Scope: tb_top.u_mon  File: /run/media/sackb/Windows-SSD/Users/sackb/OneDrive/Desktop/University/Course_Work/2025-2026/Spring_2026/ECE_410/ECE410/project/post_m3_Minor_Redesign/tb/tb_top.sv Line: 257

Time: 22075 ns Started: 22065 ns Scope: /tb_top/u_mon File: /run/media/sackb/Windows-SSD/Users/sackb/OneDrive/Desktop/University/Course_Work/2025-2026/Spring_2026/ECE_410/ECE410/project/post_m3_Minor_Redesign/tb/tb_top.sv Line:256
Error: AXI MONITOR: core_C changed while core is idle
Time: 22075 ns  Iteration: 0  Process: /tb_top/u_mon//tb_top/u_mon  Scope: tb_top.u_mon  File: /run/media/sackb/Windows-SSD/Users/sackb/OneDrive/Desktop/University/Course_Work/2025-2026/Spring_2026/ECE_410/ECE410/project/post_m3_Minor_Redesign/tb/tb_top.sv Line: 257

Time: 22085 ns Started: 22075 ns Scope: /tb_top/u_mon File: /run/media/sackb/Windows-SSD/Users/sackb/OneDrive/Desktop/University/Course_Work/2025-2026/Spring_2026/ECE_410/ECE410/project/post_m3_Minor_Redesign/tb/tb_top.sv Line:256
Error: AXI MONITOR: core_C changed while core is idle
Time: 22085 ns  Iteration: 0  Process: /tb_top/u_mon//tb_top/u_mon  Scope: tb_top.u_mon  File: /run/media/sackb/Windows-SSD/Users/sackb/OneDrive/Desktop/University/Course_Work/2025-2026/Spring_2026/ECE_410/ECE410/project/post_m3_Minor_Redesign/tb/tb_top.sv Line: 257

Time: 22095 ns Started: 22085 ns Scope: /tb_top/u_mon File: /run/media/sackb/Windows-SSD/Users/sackb/OneDrive/Desktop/University/Course_Work/2025-2026/Spring_2026/ECE_410/ECE410/project/post_m3_Minor_Redesign/tb/tb_top.sv Line:256
Error: AXI MONITOR: core_C changed while core is idle
Time: 22095 ns  Iteration: 0  Process: /tb_top/u_mon//tb_top/u_mon  Scope: tb_top.u_mon  File: /run/media/sackb/Windows-SSD/Users/sackb/OneDrive/Desktop/University/Course_Work/2025-2026/Spring_2026/ECE_410/ECE410/project/post_m3_Minor_Redesign/tb/tb_top.sv Line: 257

Time: 22105 ns Started: 22095 ns Scope: /tb_top/u_mon File: /run/media/sackb/Windows-SSD/Users/sackb/OneDrive/Desktop/University/Course_Work/2025-2026/Spring_2026/ECE_410/ECE410/project/post_m3_Minor_Redesign/tb/tb_top.sv Line:256
Error: AXI MONITOR: core_C changed while core is idle
Time: 22105 ns  Iteration: 0  Process: /tb_top/u_mon//tb_top/u_mon  Scope: tb_top.u_mon  File: /run/media/sackb/Windows-SSD/Users/sackb/OneDrive/Desktop/University/Course_Work/2025-2026/Spring_2026/ECE_410/ECE410/project/post_m3_Minor_Redesign/tb/tb_top.sv Line: 257

Time: 22115 ns Started: 22105 ns Scope: /tb_top/u_mon File: /run/media/sackb/Windows-SSD/Users/sackb/OneDrive/Desktop/University/Course_Work/2025-2026/Spring_2026/ECE_410/ECE410/project/post_m3_Minor_Redesign/tb/tb_top.sv Line:256
Error: AXI MONITOR: core_C changed while core is idle
Time: 22115 ns  Iteration: 0  Process: /tb_top/u_mon//tb_top/u_mon  Scope: tb_top.u_mon  File: /run/media/sackb/Windows-SSD/Users/sackb/OneDrive/Desktop/University/Course_Work/2025-2026/Spring_2026/ECE_410/ECE410/project/post_m3_Minor_Redesign/tb/tb_top.sv Line: 257

Time: 22125 ns Started: 22115 ns Scope: /tb_top/u_mon File: /run/media/sackb/Windows-SSD/Users/sackb/OneDrive/Desktop/University/Course_Work/2025-2026/Spring_2026/ECE_410/ECE410/project/post_m3_Minor_Redesign/tb/tb_top.sv Line:256
Error: AXI MONITOR: core_C changed while core is idle
Time: 22125 ns  Iteration: 0  Process: /tb_top/u_mon//tb_top/u_mon  Scope: tb_top.u_mon  File: /run/media/sackb/Windows-SSD/Users/sackb/OneDrive/Desktop/University/Course_Work/2025-2026/Spring_2026/ECE_410/ECE410/project/post_m3_Minor_Redesign/tb/tb_top.sv Line: 257

Time: 22135 ns Started: 22125 ns Scope: /tb_top/u_mon File: /run/media/sackb/Windows-SSD/Users/sackb/OneDrive/Desktop/University/Course_Work/2025-2026/Spring_2026/ECE_410/ECE410/project/post_m3_Minor_Redesign/tb/tb_top.sv Line:256
Error: AXI MONITOR: core_C changed while core is idle
Time: 22135 ns  Iteration: 0  Process: /tb_top/u_mon//tb_top/u_mon  Scope: tb_top.u_mon  File: /run/media/sackb/Windows-SSD/Users/sackb/OneDrive/Desktop/University/Course_Work/2025-2026/Spring_2026/ECE_410/ECE410/project/post_m3_Minor_Redesign/tb/tb_top.sv Line: 257

Time: 22145 ns Started: 22135 ns Scope: /tb_top/u_mon File: /run/media/sackb/Windows-SSD/Users/sackb/OneDrive/Desktop/University/Course_Work/2025-2026/Spring_2026/ECE_410/ECE410/project/post_m3_Minor_Redesign/tb/tb_top.sv Line:256
Error: AXI MONITOR: core_C changed while core is idle
Time: 22145 ns  Iteration: 0  Process: /tb_top/u_mon//tb_top/u_mon  Scope: tb_top.u_mon  File: /run/media/sackb/Windows-SSD/Users/sackb/OneDrive/Desktop/University/Course_Work/2025-2026/Spring_2026/ECE_410/ECE410/project/post_m3_Minor_Redesign/tb/tb_top.sv Line: 257

Time: 22155 ns Started: 22145 ns Scope: /tb_top/u_mon File: /run/media/sackb/Windows-SSD/Users/sackb/OneDrive/Desktop/University/Course_Work/2025-2026/Spring_2026/ECE_410/ECE410/project/post_m3_Minor_Redesign/tb/tb_top.sv Line:256
Error: AXI MONITOR: core_C changed while core is idle
Time: 22155 ns  Iteration: 0  Process: /tb_top/u_mon//tb_top/u_mon  Scope: tb_top.u_mon  File: /run/media/sackb/Windows-SSD/Users/sackb/OneDrive/Desktop/University/Course_Work/2025-2026/Spring_2026/ECE_410/ECE410/project/post_m3_Minor_Redesign/tb/tb_top.sv Line: 257

Time: 22165 ns Started: 22155 ns Scope: /tb_top/u_mon File: /run/media/sackb/Windows-SSD/Users/sackb/OneDrive/Desktop/University/Course_Work/2025-2026/Spring_2026/ECE_410/ECE410/project/post_m3_Minor_Redesign/tb/tb_top.sv Line:256
Error: AXI MONITOR: core_C changed while core is idle
Time: 22165 ns  Iteration: 0  Process: /tb_top/u_mon//tb_top/u_mon  Scope: tb_top.u_mon  File: /run/media/sackb/Windows-SSD/Users/sackb/OneDrive/Desktop/University/Course_Work/2025-2026/Spring_2026/ECE_410/ECE410/project/post_m3_Minor_Redesign/tb/tb_top.sv Line: 257

Time: 22175 ns Started: 22165 ns Scope: /tb_top/u_mon File: /run/media/sackb/Windows-SSD/Users/sackb/OneDrive/Desktop/University/Course_Work/2025-2026/Spring_2026/ECE_410/ECE410/project/post_m3_Minor_Redesign/tb/tb_top.sv Line:256
Error: AXI MONITOR: core_C changed while core is idle
Time: 22175 ns  Iteration: 0  Process: /tb_top/u_mon//tb_top/u_mon  Scope: tb_top.u_mon  File: /run/media/sackb/Windows-SSD/Users/sackb/OneDrive/Desktop/University/Course_Work/2025-2026/Spring_2026/ECE_410/ECE410/project/post_m3_Minor_Redesign/tb/tb_top.sv Line: 257

Time: 22185 ns Started: 22175 ns Scope: /tb_top/u_mon File: /run/media/sackb/Windows-SSD/Users/sackb/OneDrive/Desktop/University/Course_Work/2025-2026/Spring_2026/ECE_410/ECE410/project/post_m3_Minor_Redesign/tb/tb_top.sv Line:256
Error: AXI MONITOR: core_C changed while core is idle
Time: 22185 ns  Iteration: 0  Process: /tb_top/u_mon//tb_top/u_mon  Scope: tb_top.u_mon  File: /run/media/sackb/Windows-SSD/Users/sackb/OneDrive/Desktop/University/Course_Work/2025-2026/Spring_2026/ECE_410/ECE410/project/post_m3_Minor_Redesign/tb/tb_top.sv Line: 257

Time: 22195 ns Started: 22185 ns Scope: /tb_top/u_mon File: /run/media/sackb/Windows-SSD/Users/sackb/OneDrive/Desktop/University/Course_Work/2025-2026/Spring_2026/ECE_410/ECE410/project/post_m3_Minor_Redesign/tb/tb_top.sv Line:256
Error: AXI MONITOR: core_C changed while core is idle
Time: 22195 ns  Iteration: 0  Process: /tb_top/u_mon//tb_top/u_mon  Scope: tb_top.u_mon  File: /run/media/sackb/Windows-SSD/Users/sackb/OneDrive/Desktop/University/Course_Work/2025-2026/Spring_2026/ECE_410/ECE410/project/post_m3_Minor_Redesign/tb/tb_top.sv Line: 257

Time: 22205 ns Started: 22195 ns Scope: /tb_top/u_mon File: /run/media/sackb/Windows-SSD/Users/sackb/OneDrive/Desktop/University/Course_Work/2025-2026/Spring_2026/ECE_410/ECE410/project/post_m3_Minor_Redesign/tb/tb_top.sv Line:256
Error: AXI MONITOR: core_C changed while core is idle
Time: 22205 ns  Iteration: 0  Process: /tb_top/u_mon//tb_top/u_mon  Scope: tb_top.u_mon  File: /run/media/sackb/Windows-SSD/Users/sackb/OneDrive/Desktop/University/Course_Work/2025-2026/Spring_2026/ECE_410/ECE410/project/post_m3_Minor_Redesign/tb/tb_top.sv Line: 257

Time: 22215 ns Started: 22205 ns Scope: /tb_top/u_mon File: /run/media/sackb/Windows-SSD/Users/sackb/OneDrive/Desktop/University/Course_Work/2025-2026/Spring_2026/ECE_410/ECE410/project/post_m3_Minor_Redesign/tb/tb_top.sv Line:256
Error: AXI MONITOR: core_C changed while core is idle
Time: 22215 ns  Iteration: 0  Process: /tb_top/u_mon//tb_top/u_mon  Scope: tb_top.u_mon  File: /run/media/sackb/Windows-SSD/Users/sackb/OneDrive/Desktop/University/Course_Work/2025-2026/Spring_2026/ECE_410/ECE410/project/post_m3_Minor_Redesign/tb/tb_top.sv Line: 257

Time: 22225 ns Started: 22215 ns Scope: /tb_top/u_mon File: /run/media/sackb/Windows-SSD/Users/sackb/OneDrive/Desktop/University/Course_Work/2025-2026/Spring_2026/ECE_410/ECE410/project/post_m3_Minor_Redesign/tb/tb_top.sv Line:256
Error: AXI MONITOR: core_C changed while core is idle
Time: 22225 ns  Iteration: 0  Process: /tb_top/u_mon//tb_top/u_mon  Scope: tb_top.u_mon  File: /run/media/sackb/Windows-SSD/Users/sackb/OneDrive/Desktop/University/Course_Work/2025-2026/Spring_2026/ECE_410/ECE410/project/post_m3_Minor_Redesign/tb/tb_top.sv Line: 257

Time: 22235 ns Started: 22225 ns Scope: /tb_top/u_mon File: /run/media/sackb/Windows-SSD/Users/sackb/OneDrive/Desktop/University/Course_Work/2025-2026/Spring_2026/ECE_410/ECE410/project/post_m3_Minor_Redesign/tb/tb_top.sv Line:256
Error: AXI MONITOR: core_C changed while core is idle
Time: 22235 ns  Iteration: 0  Process: /tb_top/u_mon//tb_top/u_mon  Scope: tb_top.u_mon  File: /run/media/sackb/Windows-SSD/Users/sackb/OneDrive/Desktop/University/Course_Work/2025-2026/Spring_2026/ECE_410/ECE410/project/post_m3_Minor_Redesign/tb/tb_top.sv Line: 257

Time: 22245 ns Started: 22235 ns Scope: /tb_top/u_mon File: /run/media/sackb/Windows-SSD/Users/sackb/OneDrive/Desktop/University/Course_Work/2025-2026/Spring_2026/ECE_410/ECE410/project/post_m3_Minor_Redesign/tb/tb_top.sv Line:256
Error: AXI MONITOR: core_C changed while core is idle
Time: 22245 ns  Iteration: 0  Process: /tb_top/u_mon//tb_top/u_mon  Scope: tb_top.u_mon  File: /run/media/sackb/Windows-SSD/Users/sackb/OneDrive/Desktop/University/Course_Work/2025-2026/Spring_2026/ECE_410/ECE410/project/post_m3_Minor_Redesign/tb/tb_top.sv Line: 257

Time: 22255 ns Started: 22245 ns Scope: /tb_top/u_mon File: /run/media/sackb/Windows-SSD/Users/sackb/OneDrive/Desktop/University/Course_Work/2025-2026/Spring_2026/ECE_410/ECE410/project/post_m3_Minor_Redesign/tb/tb_top.sv Line:256
Error: AXI MONITOR: core_C changed while core is idle
Time: 22255 ns  Iteration: 0  Process: /tb_top/u_mon//tb_top/u_mon  Scope: tb_top.u_mon  File: /run/media/sackb/Windows-SSD/Users/sackb/OneDrive/Desktop/University/Course_Work/2025-2026/Spring_2026/ECE_410/ECE410/project/post_m3_Minor_Redesign/tb/tb_top.sv Line: 257

Time: 22265 ns Started: 22255 ns Scope: /tb_top/u_mon File: /run/media/sackb/Windows-SSD/Users/sackb/OneDrive/Desktop/University/Course_Work/2025-2026/Spring_2026/ECE_410/ECE410/project/post_m3_Minor_Redesign/tb/tb_top.sv Line:256
Error: AXI MONITOR: core_C changed while core is idle
Time: 22265 ns  Iteration: 0  Process: /tb_top/u_mon//tb_top/u_mon  Scope: tb_top.u_mon  File: /run/media/sackb/Windows-SSD/Users/sackb/OneDrive/Desktop/University/Course_Work/2025-2026/Spring_2026/ECE_410/ECE410/project/post_m3_Minor_Redesign/tb/tb_top.sv Line: 257

Time: 22275 ns Started: 22265 ns Scope: /tb_top/u_mon File: /run/media/sackb/Windows-SSD/Users/sackb/OneDrive/Desktop/University/Course_Work/2025-2026/Spring_2026/ECE_410/ECE410/project/post_m3_Minor_Redesign/tb/tb_top.sv Line:256
Error: AXI MONITOR: core_C changed while core is idle
Time: 22275 ns  Iteration: 0  Process: /tb_top/u_mon//tb_top/u_mon  Scope: tb_top.u_mon  File: /run/media/sackb/Windows-SSD/Users/sackb/OneDrive/Desktop/University/Course_Work/2025-2026/Spring_2026/ECE_410/ECE410/project/post_m3_Minor_Redesign/tb/tb_top.sv Line: 257

Time: 22285 ns Started: 22275 ns Scope: /tb_top/u_mon File: /run/media/sackb/Windows-SSD/Users/sackb/OneDrive/Desktop/University/Course_Work/2025-2026/Spring_2026/ECE_410/ECE410/project/post_m3_Minor_Redesign/tb/tb_top.sv Line:256
Error: AXI MONITOR: core_C changed while core is idle
Time: 22285 ns  Iteration: 0  Process: /tb_top/u_mon//tb_top/u_mon  Scope: tb_top.u_mon  File: /run/media/sackb/Windows-SSD/Users/sackb/OneDrive/Desktop/University/Course_Work/2025-2026/Spring_2026/ECE_410/ECE410/project/post_m3_Minor_Redesign/tb/tb_top.sv Line: 257

Time: 22295 ns Started: 22285 ns Scope: /tb_top/u_mon File: /run/media/sackb/Windows-SSD/Users/sackb/OneDrive/Desktop/University/Course_Work/2025-2026/Spring_2026/ECE_410/ECE410/project/post_m3_Minor_Redesign/tb/tb_top.sv Line:256
Error: AXI MONITOR: core_C changed while core is idle
Time: 22295 ns  Iteration: 0  Process: /tb_top/u_mon//tb_top/u_mon  Scope: tb_top.u_mon  File: /run/media/sackb/Windows-SSD/Users/sackb/OneDrive/Desktop/University/Course_Work/2025-2026/Spring_2026/ECE_410/ECE410/project/post_m3_Minor_Redesign/tb/tb_top.sv Line: 257

Time: 22305 ns Started: 22295 ns Scope: /tb_top/u_mon File: /run/media/sackb/Windows-SSD/Users/sackb/OneDrive/Desktop/University/Course_Work/2025-2026/Spring_2026/ECE_410/ECE410/project/post_m3_Minor_Redesign/tb/tb_top.sv Line:256
Error: AXI MONITOR: core_C changed while core is idle
Time: 22305 ns  Iteration: 0  Process: /tb_top/u_mon//tb_top/u_mon  Scope: tb_top.u_mon  File: /run/media/sackb/Windows-SSD/Users/sackb/OneDrive/Desktop/University/Course_Work/2025-2026/Spring_2026/ECE_410/ECE410/project/post_m3_Minor_Redesign/tb/tb_top.sv Line: 257

Time: 22315 ns Started: 22305 ns Scope: /tb_top/u_mon File: /run/media/sackb/Windows-SSD/Users/sackb/OneDrive/Desktop/University/Course_Work/2025-2026/Spring_2026/ECE_410/ECE410/project/post_m3_Minor_Redesign/tb/tb_top.sv Line:256
Error: AXI MONITOR: core_C changed while core is idle
Time: 22315 ns  Iteration: 0  Process: /tb_top/u_mon//tb_top/u_mon  Scope: tb_top.u_mon  File: /run/media/sackb/Windows-SSD/Users/sackb/OneDrive/Desktop/University/Course_Work/2025-2026/Spring_2026/ECE_410/ECE410/project/post_m3_Minor_Redesign/tb/tb_top.sv Line: 257

Time: 22325 ns Started: 22315 ns Scope: /tb_top/u_mon File: /run/media/sackb/Windows-SSD/Users/sackb/OneDrive/Desktop/University/Course_Work/2025-2026/Spring_2026/ECE_410/ECE410/project/post_m3_Minor_Redesign/tb/tb_top.sv Line:256
Error: AXI MONITOR: core_C changed while core is idle
Time: 22325 ns  Iteration: 0  Process: /tb_top/u_mon//tb_top/u_mon  Scope: tb_top.u_mon  File: /run/media/sackb/Windows-SSD/Users/sackb/OneDrive/Desktop/University/Course_Work/2025-2026/Spring_2026/ECE_410/ECE410/project/post_m3_Minor_Redesign/tb/tb_top.sv Line: 257

Time: 22335 ns Started: 22325 ns Scope: /tb_top/u_mon File: /run/media/sackb/Windows-SSD/Users/sackb/OneDrive/Desktop/University/Course_Work/2025-2026/Spring_2026/ECE_410/ECE410/project/post_m3_Minor_Redesign/tb/tb_top.sv Line:256
Error: AXI MONITOR: core_C changed while core is idle
Time: 22335 ns  Iteration: 0  Process: /tb_top/u_mon//tb_top/u_mon  Scope: tb_top.u_mon  File: /run/media/sackb/Windows-SSD/Users/sackb/OneDrive/Desktop/University/Course_Work/2025-2026/Spring_2026/ECE_410/ECE410/project/post_m3_Minor_Redesign/tb/tb_top.sv Line: 257

Time: 22345 ns Started: 22335 ns Scope: /tb_top/u_mon File: /run/media/sackb/Windows-SSD/Users/sackb/OneDrive/Desktop/University/Course_Work/2025-2026/Spring_2026/ECE_410/ECE410/project/post_m3_Minor_Redesign/tb/tb_top.sv Line:256
Error: AXI MONITOR: core_C changed while core is idle
Time: 22345 ns  Iteration: 0  Process: /tb_top/u_mon//tb_top/u_mon  Scope: tb_top.u_mon  File: /run/media/sackb/Windows-SSD/Users/sackb/OneDrive/Desktop/University/Course_Work/2025-2026/Spring_2026/ECE_410/ECE410/project/post_m3_Minor_Redesign/tb/tb_top.sv Line: 257

Time: 22355 ns Started: 22345 ns Scope: /tb_top/u_mon File: /run/media/sackb/Windows-SSD/Users/sackb/OneDrive/Desktop/University/Course_Work/2025-2026/Spring_2026/ECE_410/ECE410/project/post_m3_Minor_Redesign/tb/tb_top.sv Line:256
Error: AXI MONITOR: core_C changed while core is idle
Time: 22355 ns  Iteration: 0  Process: /tb_top/u_mon//tb_top/u_mon  Scope: tb_top.u_mon  File: /run/media/sackb/Windows-SSD/Users/sackb/OneDrive/Desktop/University/Course_Work/2025-2026/Spring_2026/ECE_410/ECE410/project/post_m3_Minor_Redesign/tb/tb_top.sv Line: 257

Time: 22365 ns Started: 22355 ns Scope: /tb_top/u_mon File: /run/media/sackb/Windows-SSD/Users/sackb/OneDrive/Desktop/University/Course_Work/2025-2026/Spring_2026/ECE_410/ECE410/project/post_m3_Minor_Redesign/tb/tb_top.sv Line:256
Error: AXI MONITOR: core_C changed while core is idle
Time: 22365 ns  Iteration: 0  Process: /tb_top/u_mon//tb_top/u_mon  Scope: tb_top.u_mon  File: /run/media/sackb/Windows-SSD/Users/sackb/OneDrive/Desktop/University/Course_Work/2025-2026/Spring_2026/ECE_410/ECE410/project/post_m3_Minor_Redesign/tb/tb_top.sv Line: 257
TB_TOP: Iteration 13 complete
TB_TOP: Starting iteration 14

Time: 22375 ns Started: 22365 ns Scope: /tb_top/u_mon File: /run/media/sackb/Windows-SSD/Users/sackb/OneDrive/Desktop/University/Course_Work/2025-2026/Spring_2026/ECE_410/ECE410/project/post_m3_Minor_Redesign/tb/tb_top.sv Line:256
Error: AXI MONITOR: core_C changed while core is idle
Time: 22375 ns  Iteration: 0  Process: /tb_top/u_mon//tb_top/u_mon  Scope: tb_top.u_mon  File: /run/media/sackb/Windows-SSD/Users/sackb/OneDrive/Desktop/University/Course_Work/2025-2026/Spring_2026/ECE_410/ECE410/project/post_m3_Minor_Redesign/tb/tb_top.sv Line: 257

Time: 22385 ns Started: 22375 ns Scope: /tb_top/u_mon File: /run/media/sackb/Windows-SSD/Users/sackb/OneDrive/Desktop/University/Course_Work/2025-2026/Spring_2026/ECE_410/ECE410/project/post_m3_Minor_Redesign/tb/tb_top.sv Line:256
Error: AXI MONITOR: core_C changed while core is idle
Time: 22385 ns  Iteration: 0  Process: /tb_top/u_mon//tb_top/u_mon  Scope: tb_top.u_mon  File: /run/media/sackb/Windows-SSD/Users/sackb/OneDrive/Desktop/University/Course_Work/2025-2026/Spring_2026/ECE_410/ECE410/project/post_m3_Minor_Redesign/tb/tb_top.sv Line: 257

Time: 22395 ns Started: 22385 ns Scope: /tb_top/u_mon File: /run/media/sackb/Windows-SSD/Users/sackb/OneDrive/Desktop/University/Course_Work/2025-2026/Spring_2026/ECE_410/ECE410/project/post_m3_Minor_Redesign/tb/tb_top.sv Line:256
Error: AXI MONITOR: core_C changed while core is idle
Time: 22395 ns  Iteration: 0  Process: /tb_top/u_mon//tb_top/u_mon  Scope: tb_top.u_mon  File: /run/media/sackb/Windows-SSD/Users/sackb/OneDrive/Desktop/University/Course_Work/2025-2026/Spring_2026/ECE_410/ECE410/project/post_m3_Minor_Redesign/tb/tb_top.sv Line: 257

Time: 22405 ns Started: 22395 ns Scope: /tb_top/u_mon File: /run/media/sackb/Windows-SSD/Users/sackb/OneDrive/Desktop/University/Course_Work/2025-2026/Spring_2026/ECE_410/ECE410/project/post_m3_Minor_Redesign/tb/tb_top.sv Line:256
Error: AXI MONITOR: core_C changed while core is idle
Time: 22405 ns  Iteration: 0  Process: /tb_top/u_mon//tb_top/u_mon  Scope: tb_top.u_mon  File: /run/media/sackb/Windows-SSD/Users/sackb/OneDrive/Desktop/University/Course_Work/2025-2026/Spring_2026/ECE_410/ECE410/project/post_m3_Minor_Redesign/tb/tb_top.sv Line: 257

Time: 22415 ns Started: 22405 ns Scope: /tb_top/u_mon File: /run/media/sackb/Windows-SSD/Users/sackb/OneDrive/Desktop/University/Course_Work/2025-2026/Spring_2026/ECE_410/ECE410/project/post_m3_Minor_Redesign/tb/tb_top.sv Line:256
Error: AXI MONITOR: core_C changed while core is idle
Time: 22415 ns  Iteration: 0  Process: /tb_top/u_mon//tb_top/u_mon  Scope: tb_top.u_mon  File: /run/media/sackb/Windows-SSD/Users/sackb/OneDrive/Desktop/University/Course_Work/2025-2026/Spring_2026/ECE_410/ECE410/project/post_m3_Minor_Redesign/tb/tb_top.sv Line: 257

Time: 22425 ns Started: 22415 ns Scope: /tb_top/u_mon File: /run/media/sackb/Windows-SSD/Users/sackb/OneDrive/Desktop/University/Course_Work/2025-2026/Spring_2026/ECE_410/ECE410/project/post_m3_Minor_Redesign/tb/tb_top.sv Line:256
Error: AXI MONITOR: core_C changed while core is idle
Time: 22425 ns  Iteration: 0  Process: /tb_top/u_mon//tb_top/u_mon  Scope: tb_top.u_mon  File: /run/media/sackb/Windows-SSD/Users/sackb/OneDrive/Desktop/University/Course_Work/2025-2026/Spring_2026/ECE_410/ECE410/project/post_m3_Minor_Redesign/tb/tb_top.sv Line: 257

Time: 22435 ns Started: 22425 ns Scope: /tb_top/u_mon File: /run/media/sackb/Windows-SSD/Users/sackb/OneDrive/Desktop/University/Course_Work/2025-2026/Spring_2026/ECE_410/ECE410/project/post_m3_Minor_Redesign/tb/tb_top.sv Line:256
Error: AXI MONITOR: core_C changed while core is idle
Time: 22435 ns  Iteration: 0  Process: /tb_top/u_mon//tb_top/u_mon  Scope: tb_top.u_mon  File: /run/media/sackb/Windows-SSD/Users/sackb/OneDrive/Desktop/University/Course_Work/2025-2026/Spring_2026/ECE_410/ECE410/project/post_m3_Minor_Redesign/tb/tb_top.sv Line: 257

Time: 22445 ns Started: 22435 ns Scope: /tb_top/u_mon File: /run/media/sackb/Windows-SSD/Users/sackb/OneDrive/Desktop/University/Course_Work/2025-2026/Spring_2026/ECE_410/ECE410/project/post_m3_Minor_Redesign/tb/tb_top.sv Line:256
Error: AXI MONITOR: core_C changed while core is idle
Time: 22445 ns  Iteration: 0  Process: /tb_top/u_mon//tb_top/u_mon  Scope: tb_top.u_mon  File: /run/media/sackb/Windows-SSD/Users/sackb/OneDrive/Desktop/University/Course_Work/2025-2026/Spring_2026/ECE_410/ECE410/project/post_m3_Minor_Redesign/tb/tb_top.sv Line: 257

Time: 22455 ns Started: 22445 ns Scope: /tb_top/u_mon File: /run/media/sackb/Windows-SSD/Users/sackb/OneDrive/Desktop/University/Course_Work/2025-2026/Spring_2026/ECE_410/ECE410/project/post_m3_Minor_Redesign/tb/tb_top.sv Line:256
Error: AXI MONITOR: core_C changed while core is idle
Time: 22455 ns  Iteration: 0  Process: /tb_top/u_mon//tb_top/u_mon  Scope: tb_top.u_mon  File: /run/media/sackb/Windows-SSD/Users/sackb/OneDrive/Desktop/University/Course_Work/2025-2026/Spring_2026/ECE_410/ECE410/project/post_m3_Minor_Redesign/tb/tb_top.sv Line: 257

Time: 22465 ns Started: 22455 ns Scope: /tb_top/u_mon File: /run/media/sackb/Windows-SSD/Users/sackb/OneDrive/Desktop/University/Course_Work/2025-2026/Spring_2026/ECE_410/ECE410/project/post_m3_Minor_Redesign/tb/tb_top.sv Line:256
Error: AXI MONITOR: core_C changed while core is idle
Time: 22465 ns  Iteration: 0  Process: /tb_top/u_mon//tb_top/u_mon  Scope: tb_top.u_mon  File: /run/media/sackb/Windows-SSD/Users/sackb/OneDrive/Desktop/University/Course_Work/2025-2026/Spring_2026/ECE_410/ECE410/project/post_m3_Minor_Redesign/tb/tb_top.sv Line: 257

Time: 22475 ns Started: 22465 ns Scope: /tb_top/u_mon File: /run/media/sackb/Windows-SSD/Users/sackb/OneDrive/Desktop/University/Course_Work/2025-2026/Spring_2026/ECE_410/ECE410/project/post_m3_Minor_Redesign/tb/tb_top.sv Line:256
Error: AXI MONITOR: core_C changed while core is idle
Time: 22475 ns  Iteration: 0  Process: /tb_top/u_mon//tb_top/u_mon  Scope: tb_top.u_mon  File: /run/media/sackb/Windows-SSD/Users/sackb/OneDrive/Desktop/University/Course_Work/2025-2026/Spring_2026/ECE_410/ECE410/project/post_m3_Minor_Redesign/tb/tb_top.sv Line: 257

Time: 22485 ns Started: 22475 ns Scope: /tb_top/u_mon File: /run/media/sackb/Windows-SSD/Users/sackb/OneDrive/Desktop/University/Course_Work/2025-2026/Spring_2026/ECE_410/ECE410/project/post_m3_Minor_Redesign/tb/tb_top.sv Line:256
Error: AXI MONITOR: core_C changed while core is idle
Time: 22485 ns  Iteration: 0  Process: /tb_top/u_mon//tb_top/u_mon  Scope: tb_top.u_mon  File: /run/media/sackb/Windows-SSD/Users/sackb/OneDrive/Desktop/University/Course_Work/2025-2026/Spring_2026/ECE_410/ECE410/project/post_m3_Minor_Redesign/tb/tb_top.sv Line: 257

Time: 22495 ns Started: 22485 ns Scope: /tb_top/u_mon File: /run/media/sackb/Windows-SSD/Users/sackb/OneDrive/Desktop/University/Course_Work/2025-2026/Spring_2026/ECE_410/ECE410/project/post_m3_Minor_Redesign/tb/tb_top.sv Line:256
Error: AXI MONITOR: core_C changed while core is idle
Time: 22495 ns  Iteration: 0  Process: /tb_top/u_mon//tb_top/u_mon  Scope: tb_top.u_mon  File: /run/media/sackb/Windows-SSD/Users/sackb/OneDrive/Desktop/University/Course_Work/2025-2026/Spring_2026/ECE_410/ECE410/project/post_m3_Minor_Redesign/tb/tb_top.sv Line: 257

Time: 22505 ns Started: 22495 ns Scope: /tb_top/u_mon File: /run/media/sackb/Windows-SSD/Users/sackb/OneDrive/Desktop/University/Course_Work/2025-2026/Spring_2026/ECE_410/ECE410/project/post_m3_Minor_Redesign/tb/tb_top.sv Line:256
Error: AXI MONITOR: core_C changed while core is idle
Time: 22505 ns  Iteration: 0  Process: /tb_top/u_mon//tb_top/u_mon  Scope: tb_top.u_mon  File: /run/media/sackb/Windows-SSD/Users/sackb/OneDrive/Desktop/University/Course_Work/2025-2026/Spring_2026/ECE_410/ECE410/project/post_m3_Minor_Redesign/tb/tb_top.sv Line: 257

Time: 22515 ns Started: 22505 ns Scope: /tb_top/u_mon File: /run/media/sackb/Windows-SSD/Users/sackb/OneDrive/Desktop/University/Course_Work/2025-2026/Spring_2026/ECE_410/ECE410/project/post_m3_Minor_Redesign/tb/tb_top.sv Line:256
Error: AXI MONITOR: core_C changed while core is idle
Time: 22515 ns  Iteration: 0  Process: /tb_top/u_mon//tb_top/u_mon  Scope: tb_top.u_mon  File: /run/media/sackb/Windows-SSD/Users/sackb/OneDrive/Desktop/University/Course_Work/2025-2026/Spring_2026/ECE_410/ECE410/project/post_m3_Minor_Redesign/tb/tb_top.sv Line: 257

Time: 22525 ns Started: 22515 ns Scope: /tb_top/u_mon File: /run/media/sackb/Windows-SSD/Users/sackb/OneDrive/Desktop/University/Course_Work/2025-2026/Spring_2026/ECE_410/ECE410/project/post_m3_Minor_Redesign/tb/tb_top.sv Line:256
Error: AXI MONITOR: core_C changed while core is idle
Time: 22525 ns  Iteration: 0  Process: /tb_top/u_mon//tb_top/u_mon  Scope: tb_top.u_mon  File: /run/media/sackb/Windows-SSD/Users/sackb/OneDrive/Desktop/University/Course_Work/2025-2026/Spring_2026/ECE_410/ECE410/project/post_m3_Minor_Redesign/tb/tb_top.sv Line: 257

Time: 22535 ns Started: 22525 ns Scope: /tb_top/u_mon File: /run/media/sackb/Windows-SSD/Users/sackb/OneDrive/Desktop/University/Course_Work/2025-2026/Spring_2026/ECE_410/ECE410/project/post_m3_Minor_Redesign/tb/tb_top.sv Line:256
Error: AXI MONITOR: core_C changed while core is idle
Time: 22535 ns  Iteration: 0  Process: /tb_top/u_mon//tb_top/u_mon  Scope: tb_top.u_mon  File: /run/media/sackb/Windows-SSD/Users/sackb/OneDrive/Desktop/University/Course_Work/2025-2026/Spring_2026/ECE_410/ECE410/project/post_m3_Minor_Redesign/tb/tb_top.sv Line: 257

Time: 22545 ns Started: 22535 ns Scope: /tb_top/u_mon File: /run/media/sackb/Windows-SSD/Users/sackb/OneDrive/Desktop/University/Course_Work/2025-2026/Spring_2026/ECE_410/ECE410/project/post_m3_Minor_Redesign/tb/tb_top.sv Line:256
Error: AXI MONITOR: core_C changed while core is idle
Time: 22545 ns  Iteration: 0  Process: /tb_top/u_mon//tb_top/u_mon  Scope: tb_top.u_mon  File: /run/media/sackb/Windows-SSD/Users/sackb/OneDrive/Desktop/University/Course_Work/2025-2026/Spring_2026/ECE_410/ECE410/project/post_m3_Minor_Redesign/tb/tb_top.sv Line: 257

Time: 22555 ns Started: 22545 ns Scope: /tb_top/u_mon File: /run/media/sackb/Windows-SSD/Users/sackb/OneDrive/Desktop/University/Course_Work/2025-2026/Spring_2026/ECE_410/ECE410/project/post_m3_Minor_Redesign/tb/tb_top.sv Line:256
Error: AXI MONITOR: core_C changed while core is idle
Time: 22555 ns  Iteration: 0  Process: /tb_top/u_mon//tb_top/u_mon  Scope: tb_top.u_mon  File: /run/media/sackb/Windows-SSD/Users/sackb/OneDrive/Desktop/University/Course_Work/2025-2026/Spring_2026/ECE_410/ECE410/project/post_m3_Minor_Redesign/tb/tb_top.sv Line: 257

Time: 22565 ns Started: 22555 ns Scope: /tb_top/u_mon File: /run/media/sackb/Windows-SSD/Users/sackb/OneDrive/Desktop/University/Course_Work/2025-2026/Spring_2026/ECE_410/ECE410/project/post_m3_Minor_Redesign/tb/tb_top.sv Line:256
Error: AXI MONITOR: core_C changed while core is idle
Time: 22565 ns  Iteration: 0  Process: /tb_top/u_mon//tb_top/u_mon  Scope: tb_top.u_mon  File: /run/media/sackb/Windows-SSD/Users/sackb/OneDrive/Desktop/University/Course_Work/2025-2026/Spring_2026/ECE_410/ECE410/project/post_m3_Minor_Redesign/tb/tb_top.sv Line: 257

Time: 22575 ns Started: 22565 ns Scope: /tb_top/u_mon File: /run/media/sackb/Windows-SSD/Users/sackb/OneDrive/Desktop/University/Course_Work/2025-2026/Spring_2026/ECE_410/ECE410/project/post_m3_Minor_Redesign/tb/tb_top.sv Line:256
Error: AXI MONITOR: core_C changed while core is idle
Time: 22575 ns  Iteration: 0  Process: /tb_top/u_mon//tb_top/u_mon  Scope: tb_top.u_mon  File: /run/media/sackb/Windows-SSD/Users/sackb/OneDrive/Desktop/University/Course_Work/2025-2026/Spring_2026/ECE_410/ECE410/project/post_m3_Minor_Redesign/tb/tb_top.sv Line: 257

Time: 22585 ns Started: 22575 ns Scope: /tb_top/u_mon File: /run/media/sackb/Windows-SSD/Users/sackb/OneDrive/Desktop/University/Course_Work/2025-2026/Spring_2026/ECE_410/ECE410/project/post_m3_Minor_Redesign/tb/tb_top.sv Line:256
Error: AXI MONITOR: core_C changed while core is idle
Time: 22585 ns  Iteration: 0  Process: /tb_top/u_mon//tb_top/u_mon  Scope: tb_top.u_mon  File: /run/media/sackb/Windows-SSD/Users/sackb/OneDrive/Desktop/University/Course_Work/2025-2026/Spring_2026/ECE_410/ECE410/project/post_m3_Minor_Redesign/tb/tb_top.sv Line: 257

Time: 22595 ns Started: 22585 ns Scope: /tb_top/u_mon File: /run/media/sackb/Windows-SSD/Users/sackb/OneDrive/Desktop/University/Course_Work/2025-2026/Spring_2026/ECE_410/ECE410/project/post_m3_Minor_Redesign/tb/tb_top.sv Line:256
Error: AXI MONITOR: core_C changed while core is idle
Time: 22595 ns  Iteration: 0  Process: /tb_top/u_mon//tb_top/u_mon  Scope: tb_top.u_mon  File: /run/media/sackb/Windows-SSD/Users/sackb/OneDrive/Desktop/University/Course_Work/2025-2026/Spring_2026/ECE_410/ECE410/project/post_m3_Minor_Redesign/tb/tb_top.sv Line: 257

Time: 22605 ns Started: 22595 ns Scope: /tb_top/u_mon File: /run/media/sackb/Windows-SSD/Users/sackb/OneDrive/Desktop/University/Course_Work/2025-2026/Spring_2026/ECE_410/ECE410/project/post_m3_Minor_Redesign/tb/tb_top.sv Line:256
Error: AXI MONITOR: core_C changed while core is idle
Time: 22605 ns  Iteration: 0  Process: /tb_top/u_mon//tb_top/u_mon  Scope: tb_top.u_mon  File: /run/media/sackb/Windows-SSD/Users/sackb/OneDrive/Desktop/University/Course_Work/2025-2026/Spring_2026/ECE_410/ECE410/project/post_m3_Minor_Redesign/tb/tb_top.sv Line: 257

Time: 22615 ns Started: 22605 ns Scope: /tb_top/u_mon File: /run/media/sackb/Windows-SSD/Users/sackb/OneDrive/Desktop/University/Course_Work/2025-2026/Spring_2026/ECE_410/ECE410/project/post_m3_Minor_Redesign/tb/tb_top.sv Line:256
Error: AXI MONITOR: core_C changed while core is idle
Time: 22615 ns  Iteration: 0  Process: /tb_top/u_mon//tb_top/u_mon  Scope: tb_top.u_mon  File: /run/media/sackb/Windows-SSD/Users/sackb/OneDrive/Desktop/University/Course_Work/2025-2026/Spring_2026/ECE_410/ECE410/project/post_m3_Minor_Redesign/tb/tb_top.sv Line: 257

Time: 22625 ns Started: 22615 ns Scope: /tb_top/u_mon File: /run/media/sackb/Windows-SSD/Users/sackb/OneDrive/Desktop/University/Course_Work/2025-2026/Spring_2026/ECE_410/ECE410/project/post_m3_Minor_Redesign/tb/tb_top.sv Line:256
Error: AXI MONITOR: core_C changed while core is idle
Time: 22625 ns  Iteration: 0  Process: /tb_top/u_mon//tb_top/u_mon  Scope: tb_top.u_mon  File: /run/media/sackb/Windows-SSD/Users/sackb/OneDrive/Desktop/University/Course_Work/2025-2026/Spring_2026/ECE_410/ECE410/project/post_m3_Minor_Redesign/tb/tb_top.sv Line: 257

Time: 22635 ns Started: 22625 ns Scope: /tb_top/u_mon File: /run/media/sackb/Windows-SSD/Users/sackb/OneDrive/Desktop/University/Course_Work/2025-2026/Spring_2026/ECE_410/ECE410/project/post_m3_Minor_Redesign/tb/tb_top.sv Line:256
Error: AXI MONITOR: core_C changed while core is idle
Time: 22635 ns  Iteration: 0  Process: /tb_top/u_mon//tb_top/u_mon  Scope: tb_top.u_mon  File: /run/media/sackb/Windows-SSD/Users/sackb/OneDrive/Desktop/University/Course_Work/2025-2026/Spring_2026/ECE_410/ECE410/project/post_m3_Minor_Redesign/tb/tb_top.sv Line: 257

Time: 22645 ns Started: 22635 ns Scope: /tb_top/u_mon File: /run/media/sackb/Windows-SSD/Users/sackb/OneDrive/Desktop/University/Course_Work/2025-2026/Spring_2026/ECE_410/ECE410/project/post_m3_Minor_Redesign/tb/tb_top.sv Line:256
Error: AXI MONITOR: core_C changed while core is idle
Time: 22645 ns  Iteration: 0  Process: /tb_top/u_mon//tb_top/u_mon  Scope: tb_top.u_mon  File: /run/media/sackb/Windows-SSD/Users/sackb/OneDrive/Desktop/University/Course_Work/2025-2026/Spring_2026/ECE_410/ECE410/project/post_m3_Minor_Redesign/tb/tb_top.sv Line: 257

Time: 22655 ns Started: 22645 ns Scope: /tb_top/u_mon File: /run/media/sackb/Windows-SSD/Users/sackb/OneDrive/Desktop/University/Course_Work/2025-2026/Spring_2026/ECE_410/ECE410/project/post_m3_Minor_Redesign/tb/tb_top.sv Line:256
Error: AXI MONITOR: core_C changed while core is idle
Time: 22655 ns  Iteration: 0  Process: /tb_top/u_mon//tb_top/u_mon  Scope: tb_top.u_mon  File: /run/media/sackb/Windows-SSD/Users/sackb/OneDrive/Desktop/University/Course_Work/2025-2026/Spring_2026/ECE_410/ECE410/project/post_m3_Minor_Redesign/tb/tb_top.sv Line: 257

Time: 22665 ns Started: 22655 ns Scope: /tb_top/u_mon File: /run/media/sackb/Windows-SSD/Users/sackb/OneDrive/Desktop/University/Course_Work/2025-2026/Spring_2026/ECE_410/ECE410/project/post_m3_Minor_Redesign/tb/tb_top.sv Line:256
Error: AXI MONITOR: core_C changed while core is idle
Time: 22665 ns  Iteration: 0  Process: /tb_top/u_mon//tb_top/u_mon  Scope: tb_top.u_mon  File: /run/media/sackb/Windows-SSD/Users/sackb/OneDrive/Desktop/University/Course_Work/2025-2026/Spring_2026/ECE_410/ECE410/project/post_m3_Minor_Redesign/tb/tb_top.sv Line: 257

Time: 22675 ns Started: 22665 ns Scope: /tb_top/u_mon File: /run/media/sackb/Windows-SSD/Users/sackb/OneDrive/Desktop/University/Course_Work/2025-2026/Spring_2026/ECE_410/ECE410/project/post_m3_Minor_Redesign/tb/tb_top.sv Line:256
Error: AXI MONITOR: core_C changed while core is idle
Time: 22675 ns  Iteration: 0  Process: /tb_top/u_mon//tb_top/u_mon  Scope: tb_top.u_mon  File: /run/media/sackb/Windows-SSD/Users/sackb/OneDrive/Desktop/University/Course_Work/2025-2026/Spring_2026/ECE_410/ECE410/project/post_m3_Minor_Redesign/tb/tb_top.sv Line: 257

Time: 22685 ns Started: 22675 ns Scope: /tb_top/u_mon File: /run/media/sackb/Windows-SSD/Users/sackb/OneDrive/Desktop/University/Course_Work/2025-2026/Spring_2026/ECE_410/ECE410/project/post_m3_Minor_Redesign/tb/tb_top.sv Line:256
Error: AXI MONITOR: core_C changed while core is idle
Time: 22685 ns  Iteration: 0  Process: /tb_top/u_mon//tb_top/u_mon  Scope: tb_top.u_mon  File: /run/media/sackb/Windows-SSD/Users/sackb/OneDrive/Desktop/University/Course_Work/2025-2026/Spring_2026/ECE_410/ECE410/project/post_m3_Minor_Redesign/tb/tb_top.sv Line: 257

Time: 22695 ns Started: 22685 ns Scope: /tb_top/u_mon File: /run/media/sackb/Windows-SSD/Users/sackb/OneDrive/Desktop/University/Course_Work/2025-2026/Spring_2026/ECE_410/ECE410/project/post_m3_Minor_Redesign/tb/tb_top.sv Line:256
Error: AXI MONITOR: core_C changed while core is idle
Time: 22695 ns  Iteration: 0  Process: /tb_top/u_mon//tb_top/u_mon  Scope: tb_top.u_mon  File: /run/media/sackb/Windows-SSD/Users/sackb/OneDrive/Desktop/University/Course_Work/2025-2026/Spring_2026/ECE_410/ECE410/project/post_m3_Minor_Redesign/tb/tb_top.sv Line: 257

Time: 22705 ns Started: 22695 ns Scope: /tb_top/u_mon File: /run/media/sackb/Windows-SSD/Users/sackb/OneDrive/Desktop/University/Course_Work/2025-2026/Spring_2026/ECE_410/ECE410/project/post_m3_Minor_Redesign/tb/tb_top.sv Line:256
Error: AXI MONITOR: core_C changed while core is idle
Time: 22705 ns  Iteration: 0  Process: /tb_top/u_mon//tb_top/u_mon  Scope: tb_top.u_mon  File: /run/media/sackb/Windows-SSD/Users/sackb/OneDrive/Desktop/University/Course_Work/2025-2026/Spring_2026/ECE_410/ECE410/project/post_m3_Minor_Redesign/tb/tb_top.sv Line: 257

Time: 22715 ns Started: 22705 ns Scope: /tb_top/u_mon File: /run/media/sackb/Windows-SSD/Users/sackb/OneDrive/Desktop/University/Course_Work/2025-2026/Spring_2026/ECE_410/ECE410/project/post_m3_Minor_Redesign/tb/tb_top.sv Line:256
Error: AXI MONITOR: core_C changed while core is idle
Time: 22715 ns  Iteration: 0  Process: /tb_top/u_mon//tb_top/u_mon  Scope: tb_top.u_mon  File: /run/media/sackb/Windows-SSD/Users/sackb/OneDrive/Desktop/University/Course_Work/2025-2026/Spring_2026/ECE_410/ECE410/project/post_m3_Minor_Redesign/tb/tb_top.sv Line: 257

Time: 22725 ns Started: 22715 ns Scope: /tb_top/u_mon File: /run/media/sackb/Windows-SSD/Users/sackb/OneDrive/Desktop/University/Course_Work/2025-2026/Spring_2026/ECE_410/ECE410/project/post_m3_Minor_Redesign/tb/tb_top.sv Line:256
Error: AXI MONITOR: core_C changed while core is idle
Time: 22725 ns  Iteration: 0  Process: /tb_top/u_mon//tb_top/u_mon  Scope: tb_top.u_mon  File: /run/media/sackb/Windows-SSD/Users/sackb/OneDrive/Desktop/University/Course_Work/2025-2026/Spring_2026/ECE_410/ECE410/project/post_m3_Minor_Redesign/tb/tb_top.sv Line: 257

Time: 22735 ns Started: 22725 ns Scope: /tb_top/u_mon File: /run/media/sackb/Windows-SSD/Users/sackb/OneDrive/Desktop/University/Course_Work/2025-2026/Spring_2026/ECE_410/ECE410/project/post_m3_Minor_Redesign/tb/tb_top.sv Line:256
Error: AXI MONITOR: core_C changed while core is idle
Time: 22735 ns  Iteration: 0  Process: /tb_top/u_mon//tb_top/u_mon  Scope: tb_top.u_mon  File: /run/media/sackb/Windows-SSD/Users/sackb/OneDrive/Desktop/University/Course_Work/2025-2026/Spring_2026/ECE_410/ECE410/project/post_m3_Minor_Redesign/tb/tb_top.sv Line: 257

Time: 22745 ns Started: 22735 ns Scope: /tb_top/u_mon File: /run/media/sackb/Windows-SSD/Users/sackb/OneDrive/Desktop/University/Course_Work/2025-2026/Spring_2026/ECE_410/ECE410/project/post_m3_Minor_Redesign/tb/tb_top.sv Line:256
Error: AXI MONITOR: core_C changed while core is idle
Time: 22745 ns  Iteration: 0  Process: /tb_top/u_mon//tb_top/u_mon  Scope: tb_top.u_mon  File: /run/media/sackb/Windows-SSD/Users/sackb/OneDrive/Desktop/University/Course_Work/2025-2026/Spring_2026/ECE_410/ECE410/project/post_m3_Minor_Redesign/tb/tb_top.sv Line: 257

Time: 22755 ns Started: 22745 ns Scope: /tb_top/u_mon File: /run/media/sackb/Windows-SSD/Users/sackb/OneDrive/Desktop/University/Course_Work/2025-2026/Spring_2026/ECE_410/ECE410/project/post_m3_Minor_Redesign/tb/tb_top.sv Line:256
Error: AXI MONITOR: core_C changed while core is idle
Time: 22755 ns  Iteration: 0  Process: /tb_top/u_mon//tb_top/u_mon  Scope: tb_top.u_mon  File: /run/media/sackb/Windows-SSD/Users/sackb/OneDrive/Desktop/University/Course_Work/2025-2026/Spring_2026/ECE_410/ECE410/project/post_m3_Minor_Redesign/tb/tb_top.sv Line: 257

Time: 22765 ns Started: 22755 ns Scope: /tb_top/u_mon File: /run/media/sackb/Windows-SSD/Users/sackb/OneDrive/Desktop/University/Course_Work/2025-2026/Spring_2026/ECE_410/ECE410/project/post_m3_Minor_Redesign/tb/tb_top.sv Line:256
Error: AXI MONITOR: core_C changed while core is idle
Time: 22765 ns  Iteration: 0  Process: /tb_top/u_mon//tb_top/u_mon  Scope: tb_top.u_mon  File: /run/media/sackb/Windows-SSD/Users/sackb/OneDrive/Desktop/University/Course_Work/2025-2026/Spring_2026/ECE_410/ECE410/project/post_m3_Minor_Redesign/tb/tb_top.sv Line: 257

Time: 22775 ns Started: 22765 ns Scope: /tb_top/u_mon File: /run/media/sackb/Windows-SSD/Users/sackb/OneDrive/Desktop/University/Course_Work/2025-2026/Spring_2026/ECE_410/ECE410/project/post_m3_Minor_Redesign/tb/tb_top.sv Line:256
Error: AXI MONITOR: core_C changed while core is idle
Time: 22775 ns  Iteration: 0  Process: /tb_top/u_mon//tb_top/u_mon  Scope: tb_top.u_mon  File: /run/media/sackb/Windows-SSD/Users/sackb/OneDrive/Desktop/University/Course_Work/2025-2026/Spring_2026/ECE_410/ECE410/project/post_m3_Minor_Redesign/tb/tb_top.sv Line: 257

Time: 22785 ns Started: 22775 ns Scope: /tb_top/u_mon File: /run/media/sackb/Windows-SSD/Users/sackb/OneDrive/Desktop/University/Course_Work/2025-2026/Spring_2026/ECE_410/ECE410/project/post_m3_Minor_Redesign/tb/tb_top.sv Line:256
Error: AXI MONITOR: core_C changed while core is idle
Time: 22785 ns  Iteration: 0  Process: /tb_top/u_mon//tb_top/u_mon  Scope: tb_top.u_mon  File: /run/media/sackb/Windows-SSD/Users/sackb/OneDrive/Desktop/University/Course_Work/2025-2026/Spring_2026/ECE_410/ECE410/project/post_m3_Minor_Redesign/tb/tb_top.sv Line: 257

Time: 22795 ns Started: 22785 ns Scope: /tb_top/u_mon File: /run/media/sackb/Windows-SSD/Users/sackb/OneDrive/Desktop/University/Course_Work/2025-2026/Spring_2026/ECE_410/ECE410/project/post_m3_Minor_Redesign/tb/tb_top.sv Line:256
Error: AXI MONITOR: core_C changed while core is idle
Time: 22795 ns  Iteration: 0  Process: /tb_top/u_mon//tb_top/u_mon  Scope: tb_top.u_mon  File: /run/media/sackb/Windows-SSD/Users/sackb/OneDrive/Desktop/University/Course_Work/2025-2026/Spring_2026/ECE_410/ECE410/project/post_m3_Minor_Redesign/tb/tb_top.sv Line: 257

Time: 22805 ns Started: 22795 ns Scope: /tb_top/u_mon File: /run/media/sackb/Windows-SSD/Users/sackb/OneDrive/Desktop/University/Course_Work/2025-2026/Spring_2026/ECE_410/ECE410/project/post_m3_Minor_Redesign/tb/tb_top.sv Line:256
Error: AXI MONITOR: core_C changed while core is idle
Time: 22805 ns  Iteration: 0  Process: /tb_top/u_mon//tb_top/u_mon  Scope: tb_top.u_mon  File: /run/media/sackb/Windows-SSD/Users/sackb/OneDrive/Desktop/University/Course_Work/2025-2026/Spring_2026/ECE_410/ECE410/project/post_m3_Minor_Redesign/tb/tb_top.sv Line: 257

Time: 22815 ns Started: 22805 ns Scope: /tb_top/u_mon File: /run/media/sackb/Windows-SSD/Users/sackb/OneDrive/Desktop/University/Course_Work/2025-2026/Spring_2026/ECE_410/ECE410/project/post_m3_Minor_Redesign/tb/tb_top.sv Line:256
Error: AXI MONITOR: core_C changed while core is idle
Time: 22815 ns  Iteration: 0  Process: /tb_top/u_mon//tb_top/u_mon  Scope: tb_top.u_mon  File: /run/media/sackb/Windows-SSD/Users/sackb/OneDrive/Desktop/University/Course_Work/2025-2026/Spring_2026/ECE_410/ECE410/project/post_m3_Minor_Redesign/tb/tb_top.sv Line: 257

Time: 22825 ns Started: 22815 ns Scope: /tb_top/u_mon File: /run/media/sackb/Windows-SSD/Users/sackb/OneDrive/Desktop/University/Course_Work/2025-2026/Spring_2026/ECE_410/ECE410/project/post_m3_Minor_Redesign/tb/tb_top.sv Line:256
Error: AXI MONITOR: core_C changed while core is idle
Time: 22825 ns  Iteration: 0  Process: /tb_top/u_mon//tb_top/u_mon  Scope: tb_top.u_mon  File: /run/media/sackb/Windows-SSD/Users/sackb/OneDrive/Desktop/University/Course_Work/2025-2026/Spring_2026/ECE_410/ECE410/project/post_m3_Minor_Redesign/tb/tb_top.sv Line: 257

Time: 22835 ns Started: 22825 ns Scope: /tb_top/u_mon File: /run/media/sackb/Windows-SSD/Users/sackb/OneDrive/Desktop/University/Course_Work/2025-2026/Spring_2026/ECE_410/ECE410/project/post_m3_Minor_Redesign/tb/tb_top.sv Line:256
Error: AXI MONITOR: core_C changed while core is idle
Time: 22835 ns  Iteration: 0  Process: /tb_top/u_mon//tb_top/u_mon  Scope: tb_top.u_mon  File: /run/media/sackb/Windows-SSD/Users/sackb/OneDrive/Desktop/University/Course_Work/2025-2026/Spring_2026/ECE_410/ECE410/project/post_m3_Minor_Redesign/tb/tb_top.sv Line: 257

Time: 22845 ns Started: 22835 ns Scope: /tb_top/u_mon File: /run/media/sackb/Windows-SSD/Users/sackb/OneDrive/Desktop/University/Course_Work/2025-2026/Spring_2026/ECE_410/ECE410/project/post_m3_Minor_Redesign/tb/tb_top.sv Line:256
Error: AXI MONITOR: core_C changed while core is idle
Time: 22845 ns  Iteration: 0  Process: /tb_top/u_mon//tb_top/u_mon  Scope: tb_top.u_mon  File: /run/media/sackb/Windows-SSD/Users/sackb/OneDrive/Desktop/University/Course_Work/2025-2026/Spring_2026/ECE_410/ECE410/project/post_m3_Minor_Redesign/tb/tb_top.sv Line: 257

Time: 22855 ns Started: 22845 ns Scope: /tb_top/u_mon File: /run/media/sackb/Windows-SSD/Users/sackb/OneDrive/Desktop/University/Course_Work/2025-2026/Spring_2026/ECE_410/ECE410/project/post_m3_Minor_Redesign/tb/tb_top.sv Line:256
Error: AXI MONITOR: core_C changed while core is idle
Time: 22855 ns  Iteration: 0  Process: /tb_top/u_mon//tb_top/u_mon  Scope: tb_top.u_mon  File: /run/media/sackb/Windows-SSD/Users/sackb/OneDrive/Desktop/University/Course_Work/2025-2026/Spring_2026/ECE_410/ECE410/project/post_m3_Minor_Redesign/tb/tb_top.sv Line: 257

Time: 22865 ns Started: 22855 ns Scope: /tb_top/u_mon File: /run/media/sackb/Windows-SSD/Users/sackb/OneDrive/Desktop/University/Course_Work/2025-2026/Spring_2026/ECE_410/ECE410/project/post_m3_Minor_Redesign/tb/tb_top.sv Line:256
Error: AXI MONITOR: core_C changed while core is idle
Time: 22865 ns  Iteration: 0  Process: /tb_top/u_mon//tb_top/u_mon  Scope: tb_top.u_mon  File: /run/media/sackb/Windows-SSD/Users/sackb/OneDrive/Desktop/University/Course_Work/2025-2026/Spring_2026/ECE_410/ECE410/project/post_m3_Minor_Redesign/tb/tb_top.sv Line: 257

Time: 22875 ns Started: 22865 ns Scope: /tb_top/u_mon File: /run/media/sackb/Windows-SSD/Users/sackb/OneDrive/Desktop/University/Course_Work/2025-2026/Spring_2026/ECE_410/ECE410/project/post_m3_Minor_Redesign/tb/tb_top.sv Line:256
Error: AXI MONITOR: core_C changed while core is idle
Time: 22875 ns  Iteration: 0  Process: /tb_top/u_mon//tb_top/u_mon  Scope: tb_top.u_mon  File: /run/media/sackb/Windows-SSD/Users/sackb/OneDrive/Desktop/University/Course_Work/2025-2026/Spring_2026/ECE_410/ECE410/project/post_m3_Minor_Redesign/tb/tb_top.sv Line: 257

Time: 22885 ns Started: 22875 ns Scope: /tb_top/u_mon File: /run/media/sackb/Windows-SSD/Users/sackb/OneDrive/Desktop/University/Course_Work/2025-2026/Spring_2026/ECE_410/ECE410/project/post_m3_Minor_Redesign/tb/tb_top.sv Line:256
Error: AXI MONITOR: core_C changed while core is idle
Time: 22885 ns  Iteration: 0  Process: /tb_top/u_mon//tb_top/u_mon  Scope: tb_top.u_mon  File: /run/media/sackb/Windows-SSD/Users/sackb/OneDrive/Desktop/University/Course_Work/2025-2026/Spring_2026/ECE_410/ECE410/project/post_m3_Minor_Redesign/tb/tb_top.sv Line: 257

Time: 22895 ns Started: 22885 ns Scope: /tb_top/u_mon File: /run/media/sackb/Windows-SSD/Users/sackb/OneDrive/Desktop/University/Course_Work/2025-2026/Spring_2026/ECE_410/ECE410/project/post_m3_Minor_Redesign/tb/tb_top.sv Line:256
Error: AXI MONITOR: core_C changed while core is idle
Time: 22895 ns  Iteration: 0  Process: /tb_top/u_mon//tb_top/u_mon  Scope: tb_top.u_mon  File: /run/media/sackb/Windows-SSD/Users/sackb/OneDrive/Desktop/University/Course_Work/2025-2026/Spring_2026/ECE_410/ECE410/project/post_m3_Minor_Redesign/tb/tb_top.sv Line: 257

Time: 22905 ns Started: 22895 ns Scope: /tb_top/u_mon File: /run/media/sackb/Windows-SSD/Users/sackb/OneDrive/Desktop/University/Course_Work/2025-2026/Spring_2026/ECE_410/ECE410/project/post_m3_Minor_Redesign/tb/tb_top.sv Line:256
Error: AXI MONITOR: core_C changed while core is idle
Time: 22905 ns  Iteration: 0  Process: /tb_top/u_mon//tb_top/u_mon  Scope: tb_top.u_mon  File: /run/media/sackb/Windows-SSD/Users/sackb/OneDrive/Desktop/University/Course_Work/2025-2026/Spring_2026/ECE_410/ECE410/project/post_m3_Minor_Redesign/tb/tb_top.sv Line: 257

Time: 22915 ns Started: 22905 ns Scope: /tb_top/u_mon File: /run/media/sackb/Windows-SSD/Users/sackb/OneDrive/Desktop/University/Course_Work/2025-2026/Spring_2026/ECE_410/ECE410/project/post_m3_Minor_Redesign/tb/tb_top.sv Line:256
Error: AXI MONITOR: core_C changed while core is idle
Time: 22915 ns  Iteration: 0  Process: /tb_top/u_mon//tb_top/u_mon  Scope: tb_top.u_mon  File: /run/media/sackb/Windows-SSD/Users/sackb/OneDrive/Desktop/University/Course_Work/2025-2026/Spring_2026/ECE_410/ECE410/project/post_m3_Minor_Redesign/tb/tb_top.sv Line: 257

Time: 22925 ns Started: 22915 ns Scope: /tb_top/u_mon File: /run/media/sackb/Windows-SSD/Users/sackb/OneDrive/Desktop/University/Course_Work/2025-2026/Spring_2026/ECE_410/ECE410/project/post_m3_Minor_Redesign/tb/tb_top.sv Line:256
Error: AXI MONITOR: core_C changed while core is idle
Time: 22925 ns  Iteration: 0  Process: /tb_top/u_mon//tb_top/u_mon  Scope: tb_top.u_mon  File: /run/media/sackb/Windows-SSD/Users/sackb/OneDrive/Desktop/University/Course_Work/2025-2026/Spring_2026/ECE_410/ECE410/project/post_m3_Minor_Redesign/tb/tb_top.sv Line: 257

Time: 22935 ns Started: 22925 ns Scope: /tb_top/u_mon File: /run/media/sackb/Windows-SSD/Users/sackb/OneDrive/Desktop/University/Course_Work/2025-2026/Spring_2026/ECE_410/ECE410/project/post_m3_Minor_Redesign/tb/tb_top.sv Line:256
Error: AXI MONITOR: core_C changed while core is idle
Time: 22935 ns  Iteration: 0  Process: /tb_top/u_mon//tb_top/u_mon  Scope: tb_top.u_mon  File: /run/media/sackb/Windows-SSD/Users/sackb/OneDrive/Desktop/University/Course_Work/2025-2026/Spring_2026/ECE_410/ECE410/project/post_m3_Minor_Redesign/tb/tb_top.sv Line: 257

Time: 22945 ns Started: 22935 ns Scope: /tb_top/u_mon File: /run/media/sackb/Windows-SSD/Users/sackb/OneDrive/Desktop/University/Course_Work/2025-2026/Spring_2026/ECE_410/ECE410/project/post_m3_Minor_Redesign/tb/tb_top.sv Line:256
Error: AXI MONITOR: core_C changed while core is idle
Time: 22945 ns  Iteration: 0  Process: /tb_top/u_mon//tb_top/u_mon  Scope: tb_top.u_mon  File: /run/media/sackb/Windows-SSD/Users/sackb/OneDrive/Desktop/University/Course_Work/2025-2026/Spring_2026/ECE_410/ECE410/project/post_m3_Minor_Redesign/tb/tb_top.sv Line: 257

Time: 22955 ns Started: 22945 ns Scope: /tb_top/u_mon File: /run/media/sackb/Windows-SSD/Users/sackb/OneDrive/Desktop/University/Course_Work/2025-2026/Spring_2026/ECE_410/ECE410/project/post_m3_Minor_Redesign/tb/tb_top.sv Line:256
Error: AXI MONITOR: core_C changed while core is idle
Time: 22955 ns  Iteration: 0  Process: /tb_top/u_mon//tb_top/u_mon  Scope: tb_top.u_mon  File: /run/media/sackb/Windows-SSD/Users/sackb/OneDrive/Desktop/University/Course_Work/2025-2026/Spring_2026/ECE_410/ECE410/project/post_m3_Minor_Redesign/tb/tb_top.sv Line: 257

Time: 22965 ns Started: 22955 ns Scope: /tb_top/u_mon File: /run/media/sackb/Windows-SSD/Users/sackb/OneDrive/Desktop/University/Course_Work/2025-2026/Spring_2026/ECE_410/ECE410/project/post_m3_Minor_Redesign/tb/tb_top.sv Line:256
Error: AXI MONITOR: core_C changed while core is idle
Time: 22965 ns  Iteration: 0  Process: /tb_top/u_mon//tb_top/u_mon  Scope: tb_top.u_mon  File: /run/media/sackb/Windows-SSD/Users/sackb/OneDrive/Desktop/University/Course_Work/2025-2026/Spring_2026/ECE_410/ECE410/project/post_m3_Minor_Redesign/tb/tb_top.sv Line: 257

Time: 22975 ns Started: 22965 ns Scope: /tb_top/u_mon File: /run/media/sackb/Windows-SSD/Users/sackb/OneDrive/Desktop/University/Course_Work/2025-2026/Spring_2026/ECE_410/ECE410/project/post_m3_Minor_Redesign/tb/tb_top.sv Line:256
Error: AXI MONITOR: core_C changed while core is idle
Time: 22975 ns  Iteration: 0  Process: /tb_top/u_mon//tb_top/u_mon  Scope: tb_top.u_mon  File: /run/media/sackb/Windows-SSD/Users/sackb/OneDrive/Desktop/University/Course_Work/2025-2026/Spring_2026/ECE_410/ECE410/project/post_m3_Minor_Redesign/tb/tb_top.sv Line: 257

Time: 22985 ns Started: 22975 ns Scope: /tb_top/u_mon File: /run/media/sackb/Windows-SSD/Users/sackb/OneDrive/Desktop/University/Course_Work/2025-2026/Spring_2026/ECE_410/ECE410/project/post_m3_Minor_Redesign/tb/tb_top.sv Line:256
Error: AXI MONITOR: core_C changed while core is idle
Time: 22985 ns  Iteration: 0  Process: /tb_top/u_mon//tb_top/u_mon  Scope: tb_top.u_mon  File: /run/media/sackb/Windows-SSD/Users/sackb/OneDrive/Desktop/University/Course_Work/2025-2026/Spring_2026/ECE_410/ECE410/project/post_m3_Minor_Redesign/tb/tb_top.sv Line: 257

Time: 22995 ns Started: 22985 ns Scope: /tb_top/u_mon File: /run/media/sackb/Windows-SSD/Users/sackb/OneDrive/Desktop/University/Course_Work/2025-2026/Spring_2026/ECE_410/ECE410/project/post_m3_Minor_Redesign/tb/tb_top.sv Line:256
Error: AXI MONITOR: core_C changed while core is idle
Time: 22995 ns  Iteration: 0  Process: /tb_top/u_mon//tb_top/u_mon  Scope: tb_top.u_mon  File: /run/media/sackb/Windows-SSD/Users/sackb/OneDrive/Desktop/University/Course_Work/2025-2026/Spring_2026/ECE_410/ECE410/project/post_m3_Minor_Redesign/tb/tb_top.sv Line: 257

Time: 23005 ns Started: 22995 ns Scope: /tb_top/u_mon File: /run/media/sackb/Windows-SSD/Users/sackb/OneDrive/Desktop/University/Course_Work/2025-2026/Spring_2026/ECE_410/ECE410/project/post_m3_Minor_Redesign/tb/tb_top.sv Line:256
Error: AXI MONITOR: core_C changed while core is idle
Time: 23005 ns  Iteration: 0  Process: /tb_top/u_mon//tb_top/u_mon  Scope: tb_top.u_mon  File: /run/media/sackb/Windows-SSD/Users/sackb/OneDrive/Desktop/University/Course_Work/2025-2026/Spring_2026/ECE_410/ECE410/project/post_m3_Minor_Redesign/tb/tb_top.sv Line: 257

Time: 23015 ns Started: 23005 ns Scope: /tb_top/u_mon File: /run/media/sackb/Windows-SSD/Users/sackb/OneDrive/Desktop/University/Course_Work/2025-2026/Spring_2026/ECE_410/ECE410/project/post_m3_Minor_Redesign/tb/tb_top.sv Line:256
Error: AXI MONITOR: core_C changed while core is idle
Time: 23015 ns  Iteration: 0  Process: /tb_top/u_mon//tb_top/u_mon  Scope: tb_top.u_mon  File: /run/media/sackb/Windows-SSD/Users/sackb/OneDrive/Desktop/University/Course_Work/2025-2026/Spring_2026/ECE_410/ECE410/project/post_m3_Minor_Redesign/tb/tb_top.sv Line: 257

Time: 23025 ns Started: 23015 ns Scope: /tb_top/u_mon File: /run/media/sackb/Windows-SSD/Users/sackb/OneDrive/Desktop/University/Course_Work/2025-2026/Spring_2026/ECE_410/ECE410/project/post_m3_Minor_Redesign/tb/tb_top.sv Line:256
Error: AXI MONITOR: core_C changed while core is idle
Time: 23025 ns  Iteration: 0  Process: /tb_top/u_mon//tb_top/u_mon  Scope: tb_top.u_mon  File: /run/media/sackb/Windows-SSD/Users/sackb/OneDrive/Desktop/University/Course_Work/2025-2026/Spring_2026/ECE_410/ECE410/project/post_m3_Minor_Redesign/tb/tb_top.sv Line: 257

Time: 23035 ns Started: 23025 ns Scope: /tb_top/u_mon File: /run/media/sackb/Windows-SSD/Users/sackb/OneDrive/Desktop/University/Course_Work/2025-2026/Spring_2026/ECE_410/ECE410/project/post_m3_Minor_Redesign/tb/tb_top.sv Line:256
Error: AXI MONITOR: core_C changed while core is idle
Time: 23035 ns  Iteration: 0  Process: /tb_top/u_mon//tb_top/u_mon  Scope: tb_top.u_mon  File: /run/media/sackb/Windows-SSD/Users/sackb/OneDrive/Desktop/University/Course_Work/2025-2026/Spring_2026/ECE_410/ECE410/project/post_m3_Minor_Redesign/tb/tb_top.sv Line: 257

Time: 23045 ns Started: 23035 ns Scope: /tb_top/u_mon File: /run/media/sackb/Windows-SSD/Users/sackb/OneDrive/Desktop/University/Course_Work/2025-2026/Spring_2026/ECE_410/ECE410/project/post_m3_Minor_Redesign/tb/tb_top.sv Line:256
Error: AXI MONITOR: core_C changed while core is idle
Time: 23045 ns  Iteration: 0  Process: /tb_top/u_mon//tb_top/u_mon  Scope: tb_top.u_mon  File: /run/media/sackb/Windows-SSD/Users/sackb/OneDrive/Desktop/University/Course_Work/2025-2026/Spring_2026/ECE_410/ECE410/project/post_m3_Minor_Redesign/tb/tb_top.sv Line: 257

Time: 23055 ns Started: 23045 ns Scope: /tb_top/u_mon File: /run/media/sackb/Windows-SSD/Users/sackb/OneDrive/Desktop/University/Course_Work/2025-2026/Spring_2026/ECE_410/ECE410/project/post_m3_Minor_Redesign/tb/tb_top.sv Line:256
Error: AXI MONITOR: core_C changed while core is idle
Time: 23055 ns  Iteration: 0  Process: /tb_top/u_mon//tb_top/u_mon  Scope: tb_top.u_mon  File: /run/media/sackb/Windows-SSD/Users/sackb/OneDrive/Desktop/University/Course_Work/2025-2026/Spring_2026/ECE_410/ECE410/project/post_m3_Minor_Redesign/tb/tb_top.sv Line: 257

Time: 23065 ns Started: 23055 ns Scope: /tb_top/u_mon File: /run/media/sackb/Windows-SSD/Users/sackb/OneDrive/Desktop/University/Course_Work/2025-2026/Spring_2026/ECE_410/ECE410/project/post_m3_Minor_Redesign/tb/tb_top.sv Line:256
Error: AXI MONITOR: core_C changed while core is idle
Time: 23065 ns  Iteration: 0  Process: /tb_top/u_mon//tb_top/u_mon  Scope: tb_top.u_mon  File: /run/media/sackb/Windows-SSD/Users/sackb/OneDrive/Desktop/University/Course_Work/2025-2026/Spring_2026/ECE_410/ECE410/project/post_m3_Minor_Redesign/tb/tb_top.sv Line: 257

Time: 23075 ns Started: 23065 ns Scope: /tb_top/u_mon File: /run/media/sackb/Windows-SSD/Users/sackb/OneDrive/Desktop/University/Course_Work/2025-2026/Spring_2026/ECE_410/ECE410/project/post_m3_Minor_Redesign/tb/tb_top.sv Line:256
Error: AXI MONITOR: core_C changed while core is idle
Time: 23075 ns  Iteration: 0  Process: /tb_top/u_mon//tb_top/u_mon  Scope: tb_top.u_mon  File: /run/media/sackb/Windows-SSD/Users/sackb/OneDrive/Desktop/University/Course_Work/2025-2026/Spring_2026/ECE_410/ECE410/project/post_m3_Minor_Redesign/tb/tb_top.sv Line: 257

Time: 23085 ns Started: 23075 ns Scope: /tb_top/u_mon File: /run/media/sackb/Windows-SSD/Users/sackb/OneDrive/Desktop/University/Course_Work/2025-2026/Spring_2026/ECE_410/ECE410/project/post_m3_Minor_Redesign/tb/tb_top.sv Line:256
Error: AXI MONITOR: core_C changed while core is idle
Time: 23085 ns  Iteration: 0  Process: /tb_top/u_mon//tb_top/u_mon  Scope: tb_top.u_mon  File: /run/media/sackb/Windows-SSD/Users/sackb/OneDrive/Desktop/University/Course_Work/2025-2026/Spring_2026/ECE_410/ECE410/project/post_m3_Minor_Redesign/tb/tb_top.sv Line: 257

Time: 23095 ns Started: 23085 ns Scope: /tb_top/u_mon File: /run/media/sackb/Windows-SSD/Users/sackb/OneDrive/Desktop/University/Course_Work/2025-2026/Spring_2026/ECE_410/ECE410/project/post_m3_Minor_Redesign/tb/tb_top.sv Line:256
Error: AXI MONITOR: core_C changed while core is idle
Time: 23095 ns  Iteration: 0  Process: /tb_top/u_mon//tb_top/u_mon  Scope: tb_top.u_mon  File: /run/media/sackb/Windows-SSD/Users/sackb/OneDrive/Desktop/University/Course_Work/2025-2026/Spring_2026/ECE_410/ECE410/project/post_m3_Minor_Redesign/tb/tb_top.sv Line: 257

Time: 23105 ns Started: 23095 ns Scope: /tb_top/u_mon File: /run/media/sackb/Windows-SSD/Users/sackb/OneDrive/Desktop/University/Course_Work/2025-2026/Spring_2026/ECE_410/ECE410/project/post_m3_Minor_Redesign/tb/tb_top.sv Line:256
Error: AXI MONITOR: core_C changed while core is idle
Time: 23105 ns  Iteration: 0  Process: /tb_top/u_mon//tb_top/u_mon  Scope: tb_top.u_mon  File: /run/media/sackb/Windows-SSD/Users/sackb/OneDrive/Desktop/University/Course_Work/2025-2026/Spring_2026/ECE_410/ECE410/project/post_m3_Minor_Redesign/tb/tb_top.sv Line: 257

Time: 23115 ns Started: 23105 ns Scope: /tb_top/u_mon File: /run/media/sackb/Windows-SSD/Users/sackb/OneDrive/Desktop/University/Course_Work/2025-2026/Spring_2026/ECE_410/ECE410/project/post_m3_Minor_Redesign/tb/tb_top.sv Line:256
Error: AXI MONITOR: core_C changed while core is idle
Time: 23115 ns  Iteration: 0  Process: /tb_top/u_mon//tb_top/u_mon  Scope: tb_top.u_mon  File: /run/media/sackb/Windows-SSD/Users/sackb/OneDrive/Desktop/University/Course_Work/2025-2026/Spring_2026/ECE_410/ECE410/project/post_m3_Minor_Redesign/tb/tb_top.sv Line: 257

Time: 23125 ns Started: 23115 ns Scope: /tb_top/u_mon File: /run/media/sackb/Windows-SSD/Users/sackb/OneDrive/Desktop/University/Course_Work/2025-2026/Spring_2026/ECE_410/ECE410/project/post_m3_Minor_Redesign/tb/tb_top.sv Line:256
Error: AXI MONITOR: core_C changed while core is idle
Time: 23125 ns  Iteration: 0  Process: /tb_top/u_mon//tb_top/u_mon  Scope: tb_top.u_mon  File: /run/media/sackb/Windows-SSD/Users/sackb/OneDrive/Desktop/University/Course_Work/2025-2026/Spring_2026/ECE_410/ECE410/project/post_m3_Minor_Redesign/tb/tb_top.sv Line: 257

Time: 23135 ns Started: 23125 ns Scope: /tb_top/u_mon File: /run/media/sackb/Windows-SSD/Users/sackb/OneDrive/Desktop/University/Course_Work/2025-2026/Spring_2026/ECE_410/ECE410/project/post_m3_Minor_Redesign/tb/tb_top.sv Line:256
Error: AXI MONITOR: core_C changed while core is idle
Time: 23135 ns  Iteration: 0  Process: /tb_top/u_mon//tb_top/u_mon  Scope: tb_top.u_mon  File: /run/media/sackb/Windows-SSD/Users/sackb/OneDrive/Desktop/University/Course_Work/2025-2026/Spring_2026/ECE_410/ECE410/project/post_m3_Minor_Redesign/tb/tb_top.sv Line: 257

Time: 23145 ns Started: 23135 ns Scope: /tb_top/u_mon File: /run/media/sackb/Windows-SSD/Users/sackb/OneDrive/Desktop/University/Course_Work/2025-2026/Spring_2026/ECE_410/ECE410/project/post_m3_Minor_Redesign/tb/tb_top.sv Line:256
Error: AXI MONITOR: core_C changed while core is idle
Time: 23145 ns  Iteration: 0  Process: /tb_top/u_mon//tb_top/u_mon  Scope: tb_top.u_mon  File: /run/media/sackb/Windows-SSD/Users/sackb/OneDrive/Desktop/University/Course_Work/2025-2026/Spring_2026/ECE_410/ECE410/project/post_m3_Minor_Redesign/tb/tb_top.sv Line: 257

Time: 23595 ns Started: 23585 ns Scope: /tb_top/u_mon File: /run/media/sackb/Windows-SSD/Users/sackb/OneDrive/Desktop/University/Course_Work/2025-2026/Spring_2026/ECE_410/ECE410/project/post_m3_Minor_Redesign/tb/tb_top.sv Line:256
Error: AXI MONITOR: core_C changed while core is idle
Time: 23595 ns  Iteration: 0  Process: /tb_top/u_mon//tb_top/u_mon  Scope: tb_top.u_mon  File: /run/media/sackb/Windows-SSD/Users/sackb/OneDrive/Desktop/University/Course_Work/2025-2026/Spring_2026/ECE_410/ECE410/project/post_m3_Minor_Redesign/tb/tb_top.sv Line: 257

Time: 23605 ns Started: 23595 ns Scope: /tb_top/u_mon File: /run/media/sackb/Windows-SSD/Users/sackb/OneDrive/Desktop/University/Course_Work/2025-2026/Spring_2026/ECE_410/ECE410/project/post_m3_Minor_Redesign/tb/tb_top.sv Line:256
Error: AXI MONITOR: core_C changed while core is idle
Time: 23605 ns  Iteration: 0  Process: /tb_top/u_mon//tb_top/u_mon  Scope: tb_top.u_mon  File: /run/media/sackb/Windows-SSD/Users/sackb/OneDrive/Desktop/University/Course_Work/2025-2026/Spring_2026/ECE_410/ECE410/project/post_m3_Minor_Redesign/tb/tb_top.sv Line: 257

Time: 23615 ns Started: 23605 ns Scope: /tb_top/u_mon File: /run/media/sackb/Windows-SSD/Users/sackb/OneDrive/Desktop/University/Course_Work/2025-2026/Spring_2026/ECE_410/ECE410/project/post_m3_Minor_Redesign/tb/tb_top.sv Line:256
Error: AXI MONITOR: core_C changed while core is idle
Time: 23615 ns  Iteration: 0  Process: /tb_top/u_mon//tb_top/u_mon  Scope: tb_top.u_mon  File: /run/media/sackb/Windows-SSD/Users/sackb/OneDrive/Desktop/University/Course_Work/2025-2026/Spring_2026/ECE_410/ECE410/project/post_m3_Minor_Redesign/tb/tb_top.sv Line: 257

Time: 23625 ns Started: 23615 ns Scope: /tb_top/u_mon File: /run/media/sackb/Windows-SSD/Users/sackb/OneDrive/Desktop/University/Course_Work/2025-2026/Spring_2026/ECE_410/ECE410/project/post_m3_Minor_Redesign/tb/tb_top.sv Line:256
Error: AXI MONITOR: core_C changed while core is idle
Time: 23625 ns  Iteration: 0  Process: /tb_top/u_mon//tb_top/u_mon  Scope: tb_top.u_mon  File: /run/media/sackb/Windows-SSD/Users/sackb/OneDrive/Desktop/University/Course_Work/2025-2026/Spring_2026/ECE_410/ECE410/project/post_m3_Minor_Redesign/tb/tb_top.sv Line: 257

Time: 23635 ns Started: 23625 ns Scope: /tb_top/u_mon File: /run/media/sackb/Windows-SSD/Users/sackb/OneDrive/Desktop/University/Course_Work/2025-2026/Spring_2026/ECE_410/ECE410/project/post_m3_Minor_Redesign/tb/tb_top.sv Line:256
Error: AXI MONITOR: core_C changed while core is idle
Time: 23635 ns  Iteration: 0  Process: /tb_top/u_mon//tb_top/u_mon  Scope: tb_top.u_mon  File: /run/media/sackb/Windows-SSD/Users/sackb/OneDrive/Desktop/University/Course_Work/2025-2026/Spring_2026/ECE_410/ECE410/project/post_m3_Minor_Redesign/tb/tb_top.sv Line: 257

Time: 23645 ns Started: 23635 ns Scope: /tb_top/u_mon File: /run/media/sackb/Windows-SSD/Users/sackb/OneDrive/Desktop/University/Course_Work/2025-2026/Spring_2026/ECE_410/ECE410/project/post_m3_Minor_Redesign/tb/tb_top.sv Line:256
Error: AXI MONITOR: core_C changed while core is idle
Time: 23645 ns  Iteration: 0  Process: /tb_top/u_mon//tb_top/u_mon  Scope: tb_top.u_mon  File: /run/media/sackb/Windows-SSD/Users/sackb/OneDrive/Desktop/University/Course_Work/2025-2026/Spring_2026/ECE_410/ECE410/project/post_m3_Minor_Redesign/tb/tb_top.sv Line: 257

Time: 23655 ns Started: 23645 ns Scope: /tb_top/u_mon File: /run/media/sackb/Windows-SSD/Users/sackb/OneDrive/Desktop/University/Course_Work/2025-2026/Spring_2026/ECE_410/ECE410/project/post_m3_Minor_Redesign/tb/tb_top.sv Line:256
Error: AXI MONITOR: core_C changed while core is idle
Time: 23655 ns  Iteration: 0  Process: /tb_top/u_mon//tb_top/u_mon  Scope: tb_top.u_mon  File: /run/media/sackb/Windows-SSD/Users/sackb/OneDrive/Desktop/University/Course_Work/2025-2026/Spring_2026/ECE_410/ECE410/project/post_m3_Minor_Redesign/tb/tb_top.sv Line: 257

Time: 23665 ns Started: 23655 ns Scope: /tb_top/u_mon File: /run/media/sackb/Windows-SSD/Users/sackb/OneDrive/Desktop/University/Course_Work/2025-2026/Spring_2026/ECE_410/ECE410/project/post_m3_Minor_Redesign/tb/tb_top.sv Line:256
Error: AXI MONITOR: core_C changed while core is idle
Time: 23665 ns  Iteration: 0  Process: /tb_top/u_mon//tb_top/u_mon  Scope: tb_top.u_mon  File: /run/media/sackb/Windows-SSD/Users/sackb/OneDrive/Desktop/University/Course_Work/2025-2026/Spring_2026/ECE_410/ECE410/project/post_m3_Minor_Redesign/tb/tb_top.sv Line: 257

Time: 23675 ns Started: 23665 ns Scope: /tb_top/u_mon File: /run/media/sackb/Windows-SSD/Users/sackb/OneDrive/Desktop/University/Course_Work/2025-2026/Spring_2026/ECE_410/ECE410/project/post_m3_Minor_Redesign/tb/tb_top.sv Line:256
Error: AXI MONITOR: core_C changed while core is idle
Time: 23675 ns  Iteration: 0  Process: /tb_top/u_mon//tb_top/u_mon  Scope: tb_top.u_mon  File: /run/media/sackb/Windows-SSD/Users/sackb/OneDrive/Desktop/University/Course_Work/2025-2026/Spring_2026/ECE_410/ECE410/project/post_m3_Minor_Redesign/tb/tb_top.sv Line: 257

Time: 23685 ns Started: 23675 ns Scope: /tb_top/u_mon File: /run/media/sackb/Windows-SSD/Users/sackb/OneDrive/Desktop/University/Course_Work/2025-2026/Spring_2026/ECE_410/ECE410/project/post_m3_Minor_Redesign/tb/tb_top.sv Line:256
Error: AXI MONITOR: core_C changed while core is idle
Time: 23685 ns  Iteration: 0  Process: /tb_top/u_mon//tb_top/u_mon  Scope: tb_top.u_mon  File: /run/media/sackb/Windows-SSD/Users/sackb/OneDrive/Desktop/University/Course_Work/2025-2026/Spring_2026/ECE_410/ECE410/project/post_m3_Minor_Redesign/tb/tb_top.sv Line: 257

Time: 23695 ns Started: 23685 ns Scope: /tb_top/u_mon File: /run/media/sackb/Windows-SSD/Users/sackb/OneDrive/Desktop/University/Course_Work/2025-2026/Spring_2026/ECE_410/ECE410/project/post_m3_Minor_Redesign/tb/tb_top.sv Line:256
Error: AXI MONITOR: core_C changed while core is idle
Time: 23695 ns  Iteration: 0  Process: /tb_top/u_mon//tb_top/u_mon  Scope: tb_top.u_mon  File: /run/media/sackb/Windows-SSD/Users/sackb/OneDrive/Desktop/University/Course_Work/2025-2026/Spring_2026/ECE_410/ECE410/project/post_m3_Minor_Redesign/tb/tb_top.sv Line: 257

Time: 23705 ns Started: 23695 ns Scope: /tb_top/u_mon File: /run/media/sackb/Windows-SSD/Users/sackb/OneDrive/Desktop/University/Course_Work/2025-2026/Spring_2026/ECE_410/ECE410/project/post_m3_Minor_Redesign/tb/tb_top.sv Line:256
Error: AXI MONITOR: core_C changed while core is idle
Time: 23705 ns  Iteration: 0  Process: /tb_top/u_mon//tb_top/u_mon  Scope: tb_top.u_mon  File: /run/media/sackb/Windows-SSD/Users/sackb/OneDrive/Desktop/University/Course_Work/2025-2026/Spring_2026/ECE_410/ECE410/project/post_m3_Minor_Redesign/tb/tb_top.sv Line: 257

Time: 23715 ns Started: 23705 ns Scope: /tb_top/u_mon File: /run/media/sackb/Windows-SSD/Users/sackb/OneDrive/Desktop/University/Course_Work/2025-2026/Spring_2026/ECE_410/ECE410/project/post_m3_Minor_Redesign/tb/tb_top.sv Line:256
Error: AXI MONITOR: core_C changed while core is idle
Time: 23715 ns  Iteration: 0  Process: /tb_top/u_mon//tb_top/u_mon  Scope: tb_top.u_mon  File: /run/media/sackb/Windows-SSD/Users/sackb/OneDrive/Desktop/University/Course_Work/2025-2026/Spring_2026/ECE_410/ECE410/project/post_m3_Minor_Redesign/tb/tb_top.sv Line: 257

Time: 23725 ns Started: 23715 ns Scope: /tb_top/u_mon File: /run/media/sackb/Windows-SSD/Users/sackb/OneDrive/Desktop/University/Course_Work/2025-2026/Spring_2026/ECE_410/ECE410/project/post_m3_Minor_Redesign/tb/tb_top.sv Line:256
Error: AXI MONITOR: core_C changed while core is idle
Time: 23725 ns  Iteration: 0  Process: /tb_top/u_mon//tb_top/u_mon  Scope: tb_top.u_mon  File: /run/media/sackb/Windows-SSD/Users/sackb/OneDrive/Desktop/University/Course_Work/2025-2026/Spring_2026/ECE_410/ECE410/project/post_m3_Minor_Redesign/tb/tb_top.sv Line: 257

Time: 23735 ns Started: 23725 ns Scope: /tb_top/u_mon File: /run/media/sackb/Windows-SSD/Users/sackb/OneDrive/Desktop/University/Course_Work/2025-2026/Spring_2026/ECE_410/ECE410/project/post_m3_Minor_Redesign/tb/tb_top.sv Line:256
Error: AXI MONITOR: core_C changed while core is idle
Time: 23735 ns  Iteration: 0  Process: /tb_top/u_mon//tb_top/u_mon  Scope: tb_top.u_mon  File: /run/media/sackb/Windows-SSD/Users/sackb/OneDrive/Desktop/University/Course_Work/2025-2026/Spring_2026/ECE_410/ECE410/project/post_m3_Minor_Redesign/tb/tb_top.sv Line: 257

Time: 23745 ns Started: 23735 ns Scope: /tb_top/u_mon File: /run/media/sackb/Windows-SSD/Users/sackb/OneDrive/Desktop/University/Course_Work/2025-2026/Spring_2026/ECE_410/ECE410/project/post_m3_Minor_Redesign/tb/tb_top.sv Line:256
Error: AXI MONITOR: core_C changed while core is idle
Time: 23745 ns  Iteration: 0  Process: /tb_top/u_mon//tb_top/u_mon  Scope: tb_top.u_mon  File: /run/media/sackb/Windows-SSD/Users/sackb/OneDrive/Desktop/University/Course_Work/2025-2026/Spring_2026/ECE_410/ECE410/project/post_m3_Minor_Redesign/tb/tb_top.sv Line: 257

Time: 23755 ns Started: 23745 ns Scope: /tb_top/u_mon File: /run/media/sackb/Windows-SSD/Users/sackb/OneDrive/Desktop/University/Course_Work/2025-2026/Spring_2026/ECE_410/ECE410/project/post_m3_Minor_Redesign/tb/tb_top.sv Line:256
Error: AXI MONITOR: core_C changed while core is idle
Time: 23755 ns  Iteration: 0  Process: /tb_top/u_mon//tb_top/u_mon  Scope: tb_top.u_mon  File: /run/media/sackb/Windows-SSD/Users/sackb/OneDrive/Desktop/University/Course_Work/2025-2026/Spring_2026/ECE_410/ECE410/project/post_m3_Minor_Redesign/tb/tb_top.sv Line: 257

Time: 23765 ns Started: 23755 ns Scope: /tb_top/u_mon File: /run/media/sackb/Windows-SSD/Users/sackb/OneDrive/Desktop/University/Course_Work/2025-2026/Spring_2026/ECE_410/ECE410/project/post_m3_Minor_Redesign/tb/tb_top.sv Line:256
Error: AXI MONITOR: core_C changed while core is idle
Time: 23765 ns  Iteration: 0  Process: /tb_top/u_mon//tb_top/u_mon  Scope: tb_top.u_mon  File: /run/media/sackb/Windows-SSD/Users/sackb/OneDrive/Desktop/University/Course_Work/2025-2026/Spring_2026/ECE_410/ECE410/project/post_m3_Minor_Redesign/tb/tb_top.sv Line: 257

Time: 23775 ns Started: 23765 ns Scope: /tb_top/u_mon File: /run/media/sackb/Windows-SSD/Users/sackb/OneDrive/Desktop/University/Course_Work/2025-2026/Spring_2026/ECE_410/ECE410/project/post_m3_Minor_Redesign/tb/tb_top.sv Line:256
Error: AXI MONITOR: core_C changed while core is idle
Time: 23775 ns  Iteration: 0  Process: /tb_top/u_mon//tb_top/u_mon  Scope: tb_top.u_mon  File: /run/media/sackb/Windows-SSD/Users/sackb/OneDrive/Desktop/University/Course_Work/2025-2026/Spring_2026/ECE_410/ECE410/project/post_m3_Minor_Redesign/tb/tb_top.sv Line: 257

Time: 23785 ns Started: 23775 ns Scope: /tb_top/u_mon File: /run/media/sackb/Windows-SSD/Users/sackb/OneDrive/Desktop/University/Course_Work/2025-2026/Spring_2026/ECE_410/ECE410/project/post_m3_Minor_Redesign/tb/tb_top.sv Line:256
Error: AXI MONITOR: core_C changed while core is idle
Time: 23785 ns  Iteration: 0  Process: /tb_top/u_mon//tb_top/u_mon  Scope: tb_top.u_mon  File: /run/media/sackb/Windows-SSD/Users/sackb/OneDrive/Desktop/University/Course_Work/2025-2026/Spring_2026/ECE_410/ECE410/project/post_m3_Minor_Redesign/tb/tb_top.sv Line: 257

Time: 23795 ns Started: 23785 ns Scope: /tb_top/u_mon File: /run/media/sackb/Windows-SSD/Users/sackb/OneDrive/Desktop/University/Course_Work/2025-2026/Spring_2026/ECE_410/ECE410/project/post_m3_Minor_Redesign/tb/tb_top.sv Line:256
Error: AXI MONITOR: core_C changed while core is idle
Time: 23795 ns  Iteration: 0  Process: /tb_top/u_mon//tb_top/u_mon  Scope: tb_top.u_mon  File: /run/media/sackb/Windows-SSD/Users/sackb/OneDrive/Desktop/University/Course_Work/2025-2026/Spring_2026/ECE_410/ECE410/project/post_m3_Minor_Redesign/tb/tb_top.sv Line: 257

Time: 23805 ns Started: 23795 ns Scope: /tb_top/u_mon File: /run/media/sackb/Windows-SSD/Users/sackb/OneDrive/Desktop/University/Course_Work/2025-2026/Spring_2026/ECE_410/ECE410/project/post_m3_Minor_Redesign/tb/tb_top.sv Line:256
Error: AXI MONITOR: core_C changed while core is idle
Time: 23805 ns  Iteration: 0  Process: /tb_top/u_mon//tb_top/u_mon  Scope: tb_top.u_mon  File: /run/media/sackb/Windows-SSD/Users/sackb/OneDrive/Desktop/University/Course_Work/2025-2026/Spring_2026/ECE_410/ECE410/project/post_m3_Minor_Redesign/tb/tb_top.sv Line: 257

Time: 23815 ns Started: 23805 ns Scope: /tb_top/u_mon File: /run/media/sackb/Windows-SSD/Users/sackb/OneDrive/Desktop/University/Course_Work/2025-2026/Spring_2026/ECE_410/ECE410/project/post_m3_Minor_Redesign/tb/tb_top.sv Line:256
Error: AXI MONITOR: core_C changed while core is idle
Time: 23815 ns  Iteration: 0  Process: /tb_top/u_mon//tb_top/u_mon  Scope: tb_top.u_mon  File: /run/media/sackb/Windows-SSD/Users/sackb/OneDrive/Desktop/University/Course_Work/2025-2026/Spring_2026/ECE_410/ECE410/project/post_m3_Minor_Redesign/tb/tb_top.sv Line: 257

Time: 23825 ns Started: 23815 ns Scope: /tb_top/u_mon File: /run/media/sackb/Windows-SSD/Users/sackb/OneDrive/Desktop/University/Course_Work/2025-2026/Spring_2026/ECE_410/ECE410/project/post_m3_Minor_Redesign/tb/tb_top.sv Line:256
Error: AXI MONITOR: core_C changed while core is idle
Time: 23825 ns  Iteration: 0  Process: /tb_top/u_mon//tb_top/u_mon  Scope: tb_top.u_mon  File: /run/media/sackb/Windows-SSD/Users/sackb/OneDrive/Desktop/University/Course_Work/2025-2026/Spring_2026/ECE_410/ECE410/project/post_m3_Minor_Redesign/tb/tb_top.sv Line: 257

Time: 23835 ns Started: 23825 ns Scope: /tb_top/u_mon File: /run/media/sackb/Windows-SSD/Users/sackb/OneDrive/Desktop/University/Course_Work/2025-2026/Spring_2026/ECE_410/ECE410/project/post_m3_Minor_Redesign/tb/tb_top.sv Line:256
Error: AXI MONITOR: core_C changed while core is idle
Time: 23835 ns  Iteration: 0  Process: /tb_top/u_mon//tb_top/u_mon  Scope: tb_top.u_mon  File: /run/media/sackb/Windows-SSD/Users/sackb/OneDrive/Desktop/University/Course_Work/2025-2026/Spring_2026/ECE_410/ECE410/project/post_m3_Minor_Redesign/tb/tb_top.sv Line: 257

Time: 23845 ns Started: 23835 ns Scope: /tb_top/u_mon File: /run/media/sackb/Windows-SSD/Users/sackb/OneDrive/Desktop/University/Course_Work/2025-2026/Spring_2026/ECE_410/ECE410/project/post_m3_Minor_Redesign/tb/tb_top.sv Line:256
Error: AXI MONITOR: core_C changed while core is idle
Time: 23845 ns  Iteration: 0  Process: /tb_top/u_mon//tb_top/u_mon  Scope: tb_top.u_mon  File: /run/media/sackb/Windows-SSD/Users/sackb/OneDrive/Desktop/University/Course_Work/2025-2026/Spring_2026/ECE_410/ECE410/project/post_m3_Minor_Redesign/tb/tb_top.sv Line: 257

Time: 23855 ns Started: 23845 ns Scope: /tb_top/u_mon File: /run/media/sackb/Windows-SSD/Users/sackb/OneDrive/Desktop/University/Course_Work/2025-2026/Spring_2026/ECE_410/ECE410/project/post_m3_Minor_Redesign/tb/tb_top.sv Line:256
Error: AXI MONITOR: core_C changed while core is idle
Time: 23855 ns  Iteration: 0  Process: /tb_top/u_mon//tb_top/u_mon  Scope: tb_top.u_mon  File: /run/media/sackb/Windows-SSD/Users/sackb/OneDrive/Desktop/University/Course_Work/2025-2026/Spring_2026/ECE_410/ECE410/project/post_m3_Minor_Redesign/tb/tb_top.sv Line: 257

Time: 23865 ns Started: 23855 ns Scope: /tb_top/u_mon File: /run/media/sackb/Windows-SSD/Users/sackb/OneDrive/Desktop/University/Course_Work/2025-2026/Spring_2026/ECE_410/ECE410/project/post_m3_Minor_Redesign/tb/tb_top.sv Line:256
Error: AXI MONITOR: core_C changed while core is idle
Time: 23865 ns  Iteration: 0  Process: /tb_top/u_mon//tb_top/u_mon  Scope: tb_top.u_mon  File: /run/media/sackb/Windows-SSD/Users/sackb/OneDrive/Desktop/University/Course_Work/2025-2026/Spring_2026/ECE_410/ECE410/project/post_m3_Minor_Redesign/tb/tb_top.sv Line: 257

Time: 23875 ns Started: 23865 ns Scope: /tb_top/u_mon File: /run/media/sackb/Windows-SSD/Users/sackb/OneDrive/Desktop/University/Course_Work/2025-2026/Spring_2026/ECE_410/ECE410/project/post_m3_Minor_Redesign/tb/tb_top.sv Line:256
Error: AXI MONITOR: core_C changed while core is idle
Time: 23875 ns  Iteration: 0  Process: /tb_top/u_mon//tb_top/u_mon  Scope: tb_top.u_mon  File: /run/media/sackb/Windows-SSD/Users/sackb/OneDrive/Desktop/University/Course_Work/2025-2026/Spring_2026/ECE_410/ECE410/project/post_m3_Minor_Redesign/tb/tb_top.sv Line: 257

Time: 23885 ns Started: 23875 ns Scope: /tb_top/u_mon File: /run/media/sackb/Windows-SSD/Users/sackb/OneDrive/Desktop/University/Course_Work/2025-2026/Spring_2026/ECE_410/ECE410/project/post_m3_Minor_Redesign/tb/tb_top.sv Line:256
Error: AXI MONITOR: core_C changed while core is idle
Time: 23885 ns  Iteration: 0  Process: /tb_top/u_mon//tb_top/u_mon  Scope: tb_top.u_mon  File: /run/media/sackb/Windows-SSD/Users/sackb/OneDrive/Desktop/University/Course_Work/2025-2026/Spring_2026/ECE_410/ECE410/project/post_m3_Minor_Redesign/tb/tb_top.sv Line: 257

Time: 23895 ns Started: 23885 ns Scope: /tb_top/u_mon File: /run/media/sackb/Windows-SSD/Users/sackb/OneDrive/Desktop/University/Course_Work/2025-2026/Spring_2026/ECE_410/ECE410/project/post_m3_Minor_Redesign/tb/tb_top.sv Line:256
Error: AXI MONITOR: core_C changed while core is idle
Time: 23895 ns  Iteration: 0  Process: /tb_top/u_mon//tb_top/u_mon  Scope: tb_top.u_mon  File: /run/media/sackb/Windows-SSD/Users/sackb/OneDrive/Desktop/University/Course_Work/2025-2026/Spring_2026/ECE_410/ECE410/project/post_m3_Minor_Redesign/tb/tb_top.sv Line: 257

Time: 23905 ns Started: 23895 ns Scope: /tb_top/u_mon File: /run/media/sackb/Windows-SSD/Users/sackb/OneDrive/Desktop/University/Course_Work/2025-2026/Spring_2026/ECE_410/ECE410/project/post_m3_Minor_Redesign/tb/tb_top.sv Line:256
Error: AXI MONITOR: core_C changed while core is idle
Time: 23905 ns  Iteration: 0  Process: /tb_top/u_mon//tb_top/u_mon  Scope: tb_top.u_mon  File: /run/media/sackb/Windows-SSD/Users/sackb/OneDrive/Desktop/University/Course_Work/2025-2026/Spring_2026/ECE_410/ECE410/project/post_m3_Minor_Redesign/tb/tb_top.sv Line: 257

Time: 23915 ns Started: 23905 ns Scope: /tb_top/u_mon File: /run/media/sackb/Windows-SSD/Users/sackb/OneDrive/Desktop/University/Course_Work/2025-2026/Spring_2026/ECE_410/ECE410/project/post_m3_Minor_Redesign/tb/tb_top.sv Line:256
Error: AXI MONITOR: core_C changed while core is idle
Time: 23915 ns  Iteration: 0  Process: /tb_top/u_mon//tb_top/u_mon  Scope: tb_top.u_mon  File: /run/media/sackb/Windows-SSD/Users/sackb/OneDrive/Desktop/University/Course_Work/2025-2026/Spring_2026/ECE_410/ECE410/project/post_m3_Minor_Redesign/tb/tb_top.sv Line: 257

Time: 23925 ns Started: 23915 ns Scope: /tb_top/u_mon File: /run/media/sackb/Windows-SSD/Users/sackb/OneDrive/Desktop/University/Course_Work/2025-2026/Spring_2026/ECE_410/ECE410/project/post_m3_Minor_Redesign/tb/tb_top.sv Line:256
Error: AXI MONITOR: core_C changed while core is idle
Time: 23925 ns  Iteration: 0  Process: /tb_top/u_mon//tb_top/u_mon  Scope: tb_top.u_mon  File: /run/media/sackb/Windows-SSD/Users/sackb/OneDrive/Desktop/University/Course_Work/2025-2026/Spring_2026/ECE_410/ECE410/project/post_m3_Minor_Redesign/tb/tb_top.sv Line: 257

Time: 23935 ns Started: 23925 ns Scope: /tb_top/u_mon File: /run/media/sackb/Windows-SSD/Users/sackb/OneDrive/Desktop/University/Course_Work/2025-2026/Spring_2026/ECE_410/ECE410/project/post_m3_Minor_Redesign/tb/tb_top.sv Line:256
Error: AXI MONITOR: core_C changed while core is idle
Time: 23935 ns  Iteration: 0  Process: /tb_top/u_mon//tb_top/u_mon  Scope: tb_top.u_mon  File: /run/media/sackb/Windows-SSD/Users/sackb/OneDrive/Desktop/University/Course_Work/2025-2026/Spring_2026/ECE_410/ECE410/project/post_m3_Minor_Redesign/tb/tb_top.sv Line: 257

Time: 23945 ns Started: 23935 ns Scope: /tb_top/u_mon File: /run/media/sackb/Windows-SSD/Users/sackb/OneDrive/Desktop/University/Course_Work/2025-2026/Spring_2026/ECE_410/ECE410/project/post_m3_Minor_Redesign/tb/tb_top.sv Line:256
Error: AXI MONITOR: core_C changed while core is idle
Time: 23945 ns  Iteration: 0  Process: /tb_top/u_mon//tb_top/u_mon  Scope: tb_top.u_mon  File: /run/media/sackb/Windows-SSD/Users/sackb/OneDrive/Desktop/University/Course_Work/2025-2026/Spring_2026/ECE_410/ECE410/project/post_m3_Minor_Redesign/tb/tb_top.sv Line: 257

Time: 23955 ns Started: 23945 ns Scope: /tb_top/u_mon File: /run/media/sackb/Windows-SSD/Users/sackb/OneDrive/Desktop/University/Course_Work/2025-2026/Spring_2026/ECE_410/ECE410/project/post_m3_Minor_Redesign/tb/tb_top.sv Line:256
Error: AXI MONITOR: core_C changed while core is idle
Time: 23955 ns  Iteration: 0  Process: /tb_top/u_mon//tb_top/u_mon  Scope: tb_top.u_mon  File: /run/media/sackb/Windows-SSD/Users/sackb/OneDrive/Desktop/University/Course_Work/2025-2026/Spring_2026/ECE_410/ECE410/project/post_m3_Minor_Redesign/tb/tb_top.sv Line: 257
TB_TOP: Iteration 14 complete

Time: 23965 ns Started: 23955 ns Scope: /tb_top/u_mon File: /run/media/sackb/Windows-SSD/Users/sackb/OneDrive/Desktop/University/Course_Work/2025-2026/Spring_2026/ECE_410/ECE410/project/post_m3_Minor_Redesign/tb/tb_top.sv Line:256
Error: AXI MONITOR: core_C changed while core is idle
Time: 23965 ns  Iteration: 0  Process: /tb_top/u_mon//tb_top/u_mon  Scope: tb_top.u_mon  File: /run/media/sackb/Windows-SSD/Users/sackb/OneDrive/Desktop/University/Course_Work/2025-2026/Spring_2026/ECE_410/ECE410/project/post_m3_Minor_Redesign/tb/tb_top.sv Line: 257

Time: 23975 ns Started: 23965 ns Scope: /tb_top/u_mon File: /run/media/sackb/Windows-SSD/Users/sackb/OneDrive/Desktop/University/Course_Work/2025-2026/Spring_2026/ECE_410/ECE410/project/post_m3_Minor_Redesign/tb/tb_top.sv Line:256
Error: AXI MONITOR: core_C changed while core is idle
Time: 23975 ns  Iteration: 0  Process: /tb_top/u_mon//tb_top/u_mon  Scope: tb_top.u_mon  File: /run/media/sackb/Windows-SSD/Users/sackb/OneDrive/Desktop/University/Course_Work/2025-2026/Spring_2026/ECE_410/ECE410/project/post_m3_Minor_Redesign/tb/tb_top.sv Line: 257

Time: 23985 ns Started: 23975 ns Scope: /tb_top/u_mon File: /run/media/sackb/Windows-SSD/Users/sackb/OneDrive/Desktop/University/Course_Work/2025-2026/Spring_2026/ECE_410/ECE410/project/post_m3_Minor_Redesign/tb/tb_top.sv Line:256
Error: AXI MONITOR: core_C changed while core is idle
Time: 23985 ns  Iteration: 0  Process: /tb_top/u_mon//tb_top/u_mon  Scope: tb_top.u_mon  File: /run/media/sackb/Windows-SSD/Users/sackb/OneDrive/Desktop/University/Course_Work/2025-2026/Spring_2026/ECE_410/ECE410/project/post_m3_Minor_Redesign/tb/tb_top.sv Line: 257

Time: 23995 ns Started: 23985 ns Scope: /tb_top/u_mon File: /run/media/sackb/Windows-SSD/Users/sackb/OneDrive/Desktop/University/Course_Work/2025-2026/Spring_2026/ECE_410/ECE410/project/post_m3_Minor_Redesign/tb/tb_top.sv Line:256
Error: AXI MONITOR: core_C changed while core is idle
Time: 23995 ns  Iteration: 0  Process: /tb_top/u_mon//tb_top/u_mon  Scope: tb_top.u_mon  File: /run/media/sackb/Windows-SSD/Users/sackb/OneDrive/Desktop/University/Course_Work/2025-2026/Spring_2026/ECE_410/ECE410/project/post_m3_Minor_Redesign/tb/tb_top.sv Line: 257

Time: 24005 ns Started: 23995 ns Scope: /tb_top/u_mon File: /run/media/sackb/Windows-SSD/Users/sackb/OneDrive/Desktop/University/Course_Work/2025-2026/Spring_2026/ECE_410/ECE410/project/post_m3_Minor_Redesign/tb/tb_top.sv Line:256
Error: AXI MONITOR: core_C changed while core is idle
Time: 24005 ns  Iteration: 0  Process: /tb_top/u_mon//tb_top/u_mon  Scope: tb_top.u_mon  File: /run/media/sackb/Windows-SSD/Users/sackb/OneDrive/Desktop/University/Course_Work/2025-2026/Spring_2026/ECE_410/ECE410/project/post_m3_Minor_Redesign/tb/tb_top.sv Line: 257

Time: 24015 ns Started: 24005 ns Scope: /tb_top/u_mon File: /run/media/sackb/Windows-SSD/Users/sackb/OneDrive/Desktop/University/Course_Work/2025-2026/Spring_2026/ECE_410/ECE410/project/post_m3_Minor_Redesign/tb/tb_top.sv Line:256
Error: AXI MONITOR: core_C changed while core is idle
Time: 24015 ns  Iteration: 0  Process: /tb_top/u_mon//tb_top/u_mon  Scope: tb_top.u_mon  File: /run/media/sackb/Windows-SSD/Users/sackb/OneDrive/Desktop/University/Course_Work/2025-2026/Spring_2026/ECE_410/ECE410/project/post_m3_Minor_Redesign/tb/tb_top.sv Line: 257

Time: 24025 ns Started: 24015 ns Scope: /tb_top/u_mon File: /run/media/sackb/Windows-SSD/Users/sackb/OneDrive/Desktop/University/Course_Work/2025-2026/Spring_2026/ECE_410/ECE410/project/post_m3_Minor_Redesign/tb/tb_top.sv Line:256
Error: AXI MONITOR: core_C changed while core is idle
Time: 24025 ns  Iteration: 0  Process: /tb_top/u_mon//tb_top/u_mon  Scope: tb_top.u_mon  File: /run/media/sackb/Windows-SSD/Users/sackb/OneDrive/Desktop/University/Course_Work/2025-2026/Spring_2026/ECE_410/ECE410/project/post_m3_Minor_Redesign/tb/tb_top.sv Line: 257

Time: 24035 ns Started: 24025 ns Scope: /tb_top/u_mon File: /run/media/sackb/Windows-SSD/Users/sackb/OneDrive/Desktop/University/Course_Work/2025-2026/Spring_2026/ECE_410/ECE410/project/post_m3_Minor_Redesign/tb/tb_top.sv Line:256
Error: AXI MONITOR: core_C changed while core is idle
Time: 24035 ns  Iteration: 0  Process: /tb_top/u_mon//tb_top/u_mon  Scope: tb_top.u_mon  File: /run/media/sackb/Windows-SSD/Users/sackb/OneDrive/Desktop/University/Course_Work/2025-2026/Spring_2026/ECE_410/ECE410/project/post_m3_Minor_Redesign/tb/tb_top.sv Line: 257

Time: 24045 ns Started: 24035 ns Scope: /tb_top/u_mon File: /run/media/sackb/Windows-SSD/Users/sackb/OneDrive/Desktop/University/Course_Work/2025-2026/Spring_2026/ECE_410/ECE410/project/post_m3_Minor_Redesign/tb/tb_top.sv Line:256
Error: AXI MONITOR: core_C changed while core is idle
Time: 24045 ns  Iteration: 0  Process: /tb_top/u_mon//tb_top/u_mon  Scope: tb_top.u_mon  File: /run/media/sackb/Windows-SSD/Users/sackb/OneDrive/Desktop/University/Course_Work/2025-2026/Spring_2026/ECE_410/ECE410/project/post_m3_Minor_Redesign/tb/tb_top.sv Line: 257

Time: 24055 ns Started: 24045 ns Scope: /tb_top/u_mon File: /run/media/sackb/Windows-SSD/Users/sackb/OneDrive/Desktop/University/Course_Work/2025-2026/Spring_2026/ECE_410/ECE410/project/post_m3_Minor_Redesign/tb/tb_top.sv Line:256
Error: AXI MONITOR: core_C changed while core is idle
Time: 24055 ns  Iteration: 0  Process: /tb_top/u_mon//tb_top/u_mon  Scope: tb_top.u_mon  File: /run/media/sackb/Windows-SSD/Users/sackb/OneDrive/Desktop/University/Course_Work/2025-2026/Spring_2026/ECE_410/ECE410/project/post_m3_Minor_Redesign/tb/tb_top.sv Line: 257
TB_TOP: All 15 iterations complete.
CHECKER summary: 180 elements passed, 0 failed
SIMULATION RESULT: PASS — all checks passed, no errors detected
$finish called at time : 24065 ns : File "/run/media/sackb/Windows-SSD/Users/sackb/OneDrive/Desktop/University/Course_Work/2025-2026/Spring_2026/ECE_410/ECE410/project/post_m3_Minor_Redesign/tb/tb_top.sv" Line 744
exit
INFO: xsimkernel Simulation Memory Usage: 288012 KB (Peak: 336428 KB), Simulation CPU Usage: 1130 ms
INFO: [Common 17-206] Exiting xsim at Wed Jun  3 02:13:40 2026...
