#-----------------------------------------------------------
# xsim v2025.2 (64-bit)
# SW Build 6299465 on Fri Nov 14 12:34:56 MST 2025
# IP Build 6300035 on Fri Nov 14 10:48:45 MST 2025
# SharedData Build 6298862 on Thu Nov 13 04:50:51 MST 2025
# Start of session at: Wed Jun  3 02:43:38 2026
# Process ID         : 16766
# Current directory  : /run/media/sackb/Windows-SSD/Users/sackb/OneDrive/Desktop/University/Course_Work/2025-2026/Spring_2026/ECE_410/ECE410/project/post_m3_Minor_Redesign
# Command line       : xsim -log sim/cosim_run.log -mode tcl -source {xsim.dir/m3_snap/xsim_script.tcl}
# Log file           : /run/media/sackb/Windows-SSD/Users/sackb/OneDrive/Desktop/University/Course_Work/2025-2026/Spring_2026/ECE_410/ECE410/project/post_m3_Minor_Redesign/sim/cosim_run.log
# Journal file       : /run/media/sackb/Windows-SSD/Users/sackb/OneDrive/Desktop/University/Course_Work/2025-2026/Spring_2026/ECE_410/ECE410/project/post_m3_Minor_Redesign/xsim.jou
# Running On         : archlinux
# Platform           : unknown
# Operating System   : unknown
# Processor Detail   : 11th Gen Intel(R) Core(TM) i7-11800H @ 2.30GHz
# CPU Frequency      : 4574.449 MHz
# CPU Physical cores : 8
# CPU Logical cores  : 16
# Host memory        : 16533 MB
# Swap memory        : 8266 MB
# Total Virtual      : 24800 MB
# Available Virtual  : 21117 MB
#-----------------------------------------------------------
source xsim.dir/m3_snap/xsim_script.tcl
# xsim {m3_snap} -autoloadwcfg -runall
Time resolution is 1 ps
run -all

Time: 55 ns Started: 45 ns Scope: /tb_top/u_mon File: /run/media/sackb/Windows-SSD/Users/sackb/OneDrive/Desktop/University/Course_Work/2025-2026/Spring_2026/ECE_410/ECE410/project/post_m3_Minor_Redesign/tb/tb_top.sv Line:256
Error: AXI MONITOR: core_C changed while core is idle
Time: 55 ns  Iteration: 0  Process: /tb_top/u_mon//tb_top/u_mon  Scope: tb_top.u_mon  File: /run/media/sackb/Windows-SSD/Users/sackb/OneDrive/Desktop/University/Course_Work/2025-2026/Spring_2026/ECE_410/ECE410/project/post_m3_Minor_Redesign/tb/tb_top.sv Line: 257

Time: 65 ns Started: 55 ns Scope: /tb_top/u_mon File: /run/media/sackb/Windows-SSD/Users/sackb/OneDrive/Desktop/University/Course_Work/2025-2026/Spring_2026/ECE_410/ECE410/project/post_m3_Minor_Redesign/tb/tb_top.sv Line:256
Error: AXI MONITOR: core_C changed while core is idle
Time: 65 ns  Iteration: 0  Process: /tb_top/u_mon//tb_top/u_mon  Scope: tb_top.u_mon  File: /run/media/sackb/Windows-SSD/Users/sackb/OneDrive/Desktop/University/Course_Work/2025-2026/Spring_2026/ECE_410/ECE410/project/post_m3_Minor_Redesign/tb/tb_top.sv Line: 257

Time: 75 ns Started: 65 ns Scope: /tb_top/u_mon File: /run/media/sackb/Windows-SSD/Users/sackb/OneDrive/Desktop/University/Course_Work/2025-2026/Spring_2026/ECE_410/ECE410/project/post_m3_Minor_Redesign/tb/tb_top.sv Line:256
Error: AXI MONITOR: core_C changed while core is idle
Time: 75 ns  Iteration: 0  Process: /tb_top/u_mon//tb_top/u_mon  Scope: tb_top.u_mon  File: /run/media/sackb/Windows-SSD/Users/sackb/OneDrive/Desktop/University/Course_Work/2025-2026/Spring_2026/ECE_410/ECE410/project/post_m3_Minor_Redesign/tb/tb_top.sv Line: 257

Time: 85 ns Started: 75 ns Scope: /tb_top/u_mon File: /run/media/sackb/Windows-SSD/Users/sackb/OneDrive/Desktop/University/Course_Work/2025-2026/Spring_2026/ECE_410/ECE410/project/post_m3_Minor_Redesign/tb/tb_top.sv Line:256
Error: AXI MONITOR: core_C changed while core is idle
Time: 85 ns  Iteration: 0  Process: /tb_top/u_mon//tb_top/u_mon  Scope: tb_top.u_mon  File: /run/media/sackb/Windows-SSD/Users/sackb/OneDrive/Desktop/University/Course_Work/2025-2026/Spring_2026/ECE_410/ECE410/project/post_m3_Minor_Redesign/tb/tb_top.sv Line: 257

Time: 95 ns Started: 85 ns Scope: /tb_top/u_mon File: /run/media/sackb/Windows-SSD/Users/sackb/OneDrive/Desktop/University/Course_Work/2025-2026/Spring_2026/ECE_410/ECE410/project/post_m3_Minor_Redesign/tb/tb_top.sv Line:256
Error: AXI MONITOR: core_C changed while core is idle
Time: 95 ns  Iteration: 0  Process: /tb_top/u_mon//tb_top/u_mon  Scope: tb_top.u_mon  File: /run/media/sackb/Windows-SSD/Users/sackb/OneDrive/Desktop/University/Course_Work/2025-2026/Spring_2026/ECE_410/ECE410/project/post_m3_Minor_Redesign/tb/tb_top.sv Line: 257

Time: 105 ns Started: 95 ns Scope: /tb_top/u_mon File: /run/media/sackb/Windows-SSD/Users/sackb/OneDrive/Desktop/University/Course_Work/2025-2026/Spring_2026/ECE_410/ECE410/project/post_m3_Minor_Redesign/tb/tb_top.sv Line:256
Error: AXI MONITOR: core_C changed while core is idle
Time: 105 ns  Iteration: 0  Process: /tb_top/u_mon//tb_top/u_mon  Scope: tb_top.u_mon  File: /run/media/sackb/Windows-SSD/Users/sackb/OneDrive/Desktop/University/Course_Work/2025-2026/Spring_2026/ECE_410/ECE410/project/post_m3_Minor_Redesign/tb/tb_top.sv Line: 257

Time: 115 ns Started: 105 ns Scope: /tb_top/u_mon File: /run/media/sackb/Windows-SSD/Users/sackb/OneDrive/Desktop/University/Course_Work/2025-2026/Spring_2026/ECE_410/ECE410/project/post_m3_Minor_Redesign/tb/tb_top.sv Line:256
Error: AXI MONITOR: core_C changed while core is idle
Time: 115 ns  Iteration: 0  Process: /tb_top/u_mon//tb_top/u_mon  Scope: tb_top.u_mon  File: /run/media/sackb/Windows-SSD/Users/sackb/OneDrive/Desktop/University/Course_Work/2025-2026/Spring_2026/ECE_410/ECE410/project/post_m3_Minor_Redesign/tb/tb_top.sv Line: 257
TB_TOP: Starting iteration 0

Time: 125 ns Started: 115 ns Scope: /tb_top/u_mon File: /run/media/sackb/Windows-SSD/Users/sackb/OneDrive/Desktop/University/Course_Work/2025-2026/Spring_2026/ECE_410/ECE410/project/post_m3_Minor_Redesign/tb/tb_top.sv Line:256
Error: AXI MONITOR: core_C changed while core is idle
Time: 125 ns  Iteration: 0  Process: /tb_top/u_mon//tb_top/u_mon  Scope: tb_top.u_mon  File: /run/media/sackb/Windows-SSD/Users/sackb/OneDrive/Desktop/University/Course_Work/2025-2026/Spring_2026/ECE_410/ECE410/project/post_m3_Minor_Redesign/tb/tb_top.sv Line: 257

Time: 135 ns Started: 125 ns Scope: /tb_top/u_mon File: /run/media/sackb/Windows-SSD/Users/sackb/OneDrive/Desktop/University/Course_Work/2025-2026/Spring_2026/ECE_410/ECE410/project/post_m3_Minor_Redesign/tb/tb_top.sv Line:256
Error: AXI MONITOR: core_C changed while core is idle
Time: 135 ns  Iteration: 0  Process: /tb_top/u_mon//tb_top/u_mon  Scope: tb_top.u_mon  File: /run/media/sackb/Windows-SSD/Users/sackb/OneDrive/Desktop/University/Course_Work/2025-2026/Spring_2026/ECE_410/ECE410/project/post_m3_Minor_Redesign/tb/tb_top.sv Line: 257

Time: 145 ns Started: 135 ns Scope: /tb_top/u_mon File: /run/media/sackb/Windows-SSD/Users/sackb/OneDrive/Desktop/University/Course_Work/2025-2026/Spring_2026/ECE_410/ECE410/project/post_m3_Minor_Redesign/tb/tb_top.sv Line:256
Error: AXI MONITOR: core_C changed while core is idle
Time: 145 ns  Iteration: 0  Process: /tb_top/u_mon//tb_top/u_mon  Scope: tb_top.u_mon  File: /run/media/sackb/Windows-SSD/Users/sackb/OneDrive/Desktop/University/Course_Work/2025-2026/Spring_2026/ECE_410/ECE410/project/post_m3_Minor_Redesign/tb/tb_top.sv Line: 257

Time: 155 ns Started: 145 ns Scope: /tb_top/u_mon File: /run/media/sackb/Windows-SSD/Users/sackb/OneDrive/Desktop/University/Course_Work/2025-2026/Spring_2026/ECE_410/ECE410/project/post_m3_Minor_Redesign/tb/tb_top.sv Line:256
Error: AXI MONITOR: core_C changed while core is idle
Time: 155 ns  Iteration: 0  Process: /tb_top/u_mon//tb_top/u_mon  Scope: tb_top.u_mon  File: /run/media/sackb/Windows-SSD/Users/sackb/OneDrive/Desktop/University/Course_Work/2025-2026/Spring_2026/ECE_410/ECE410/project/post_m3_Minor_Redesign/tb/tb_top.sv Line: 257

Time: 165 ns Started: 155 ns Scope: /tb_top/u_mon File: /run/media/sackb/Windows-SSD/Users/sackb/OneDrive/Desktop/University/Course_Work/2025-2026/Spring_2026/ECE_410/ECE410/project/post_m3_Minor_Redesign/tb/tb_top.sv Line:256
Error: AXI MONITOR: core_C changed while core is idle
Time: 165 ns  Iteration: 0  Process: /tb_top/u_mon//tb_top/u_mon  Scope: tb_top.u_mon  File: /run/media/sackb/Windows-SSD/Users/sackb/OneDrive/Desktop/University/Course_Work/2025-2026/Spring_2026/ECE_410/ECE410/project/post_m3_Minor_Redesign/tb/tb_top.sv Line: 257

Time: 175 ns Started: 165 ns Scope: /tb_top/u_mon File: /run/media/sackb/Windows-SSD/Users/sackb/OneDrive/Desktop/University/Course_Work/2025-2026/Spring_2026/ECE_410/ECE410/project/post_m3_Minor_Redesign/tb/tb_top.sv Line:256
Error: AXI MONITOR: core_C changed while core is idle
Time: 175 ns  Iteration: 0  Process: /tb_top/u_mon//tb_top/u_mon  Scope: tb_top.u_mon  File: /run/media/sackb/Windows-SSD/Users/sackb/OneDrive/Desktop/University/Course_Work/2025-2026/Spring_2026/ECE_410/ECE410/project/post_m3_Minor_Redesign/tb/tb_top.sv Line: 257

Time: 185 ns Started: 175 ns Scope: /tb_top/u_mon File: /run/media/sackb/Windows-SSD/Users/sackb/OneDrive/Desktop/University/Course_Work/2025-2026/Spring_2026/ECE_410/ECE410/project/post_m3_Minor_Redesign/tb/tb_top.sv Line:256
Error: AXI MONITOR: core_C changed while core is idle
Time: 185 ns  Iteration: 0  Process: /tb_top/u_mon//tb_top/u_mon  Scope: tb_top.u_mon  File: /run/media/sackb/Windows-SSD/Users/sackb/OneDrive/Desktop/University/Course_Work/2025-2026/Spring_2026/ECE_410/ECE410/project/post_m3_Minor_Redesign/tb/tb_top.sv Line: 257

Time: 195 ns Started: 185 ns Scope: /tb_top/u_mon File: /run/media/sackb/Windows-SSD/Users/sackb/OneDrive/Desktop/University/Course_Work/2025-2026/Spring_2026/ECE_410/ECE410/project/post_m3_Minor_Redesign/tb/tb_top.sv Line:256
Error: AXI MONITOR: core_C changed while core is idle
Time: 195 ns  Iteration: 0  Process: /tb_top/u_mon//tb_top/u_mon  Scope: tb_top.u_mon  File: /run/media/sackb/Windows-SSD/Users/sackb/OneDrive/Desktop/University/Course_Work/2025-2026/Spring_2026/ECE_410/ECE410/project/post_m3_Minor_Redesign/tb/tb_top.sv Line: 257

Time: 205 ns Started: 195 ns Scope: /tb_top/u_mon File: /run/media/sackb/Windows-SSD/Users/sackb/OneDrive/Desktop/University/Course_Work/2025-2026/Spring_2026/ECE_410/ECE410/project/post_m3_Minor_Redesign/tb/tb_top.sv Line:256
Error: AXI MONITOR: core_C changed while core is idle
Time: 205 ns  Iteration: 0  Process: /tb_top/u_mon//tb_top/u_mon  Scope: tb_top.u_mon  File: /run/media/sackb/Windows-SSD/Users/sackb/OneDrive/Desktop/University/Course_Work/2025-2026/Spring_2026/ECE_410/ECE410/project/post_m3_Minor_Redesign/tb/tb_top.sv Line: 257

Time: 215 ns Started: 205 ns Scope: /tb_top/u_mon File: /run/media/sackb/Windows-SSD/Users/sackb/OneDrive/Desktop/University/Course_Work/2025-2026/Spring_2026/ECE_410/ECE410/project/post_m3_Minor_Redesign/tb/tb_top.sv Line:256
Error: AXI MONITOR: core_C changed while core is idle
Time: 215 ns  Iteration: 0  Process: /tb_top/u_mon//tb_top/u_mon  Scope: tb_top.u_mon  File: /run/media/sackb/Windows-SSD/Users/sackb/OneDrive/Desktop/University/Course_Work/2025-2026/Spring_2026/ECE_410/ECE410/project/post_m3_Minor_Redesign/tb/tb_top.sv Line: 257

Time: 225 ns Started: 215 ns Scope: /tb_top/u_mon File: /run/media/sackb/Windows-SSD/Users/sackb/OneDrive/Desktop/University/Course_Work/2025-2026/Spring_2026/ECE_410/ECE410/project/post_m3_Minor_Redesign/tb/tb_top.sv Line:256
Error: AXI MONITOR: core_C changed while core is idle
Time: 225 ns  Iteration: 0  Process: /tb_top/u_mon//tb_top/u_mon  Scope: tb_top.u_mon  File: /run/media/sackb/Windows-SSD/Users/sackb/OneDrive/Desktop/University/Course_Work/2025-2026/Spring_2026/ECE_410/ECE410/project/post_m3_Minor_Redesign/tb/tb_top.sv Line: 257

Time: 235 ns Started: 225 ns Scope: /tb_top/u_mon File: /run/media/sackb/Windows-SSD/Users/sackb/OneDrive/Desktop/University/Course_Work/2025-2026/Spring_2026/ECE_410/ECE410/project/post_m3_Minor_Redesign/tb/tb_top.sv Line:256
Error: AXI MONITOR: core_C changed while core is idle
Time: 235 ns  Iteration: 0  Process: /tb_top/u_mon//tb_top/u_mon  Scope: tb_top.u_mon  File: /run/media/sackb/Windows-SSD/Users/sackb/OneDrive/Desktop/University/Course_Work/2025-2026/Spring_2026/ECE_410/ECE410/project/post_m3_Minor_Redesign/tb/tb_top.sv Line: 257

Time: 245 ns Started: 235 ns Scope: /tb_top/u_mon File: /run/media/sackb/Windows-SSD/Users/sackb/OneDrive/Desktop/University/Course_Work/2025-2026/Spring_2026/ECE_410/ECE410/project/post_m3_Minor_Redesign/tb/tb_top.sv Line:256
Error: AXI MONITOR: core_C changed while core is idle
Time: 245 ns  Iteration: 0  Process: /tb_top/u_mon//tb_top/u_mon  Scope: tb_top.u_mon  File: /run/media/sackb/Windows-SSD/Users/sackb/OneDrive/Desktop/University/Course_Work/2025-2026/Spring_2026/ECE_410/ECE410/project/post_m3_Minor_Redesign/tb/tb_top.sv Line: 257

Time: 255 ns Started: 245 ns Scope: /tb_top/u_mon File: /run/media/sackb/Windows-SSD/Users/sackb/OneDrive/Desktop/University/Course_Work/2025-2026/Spring_2026/ECE_410/ECE410/project/post_m3_Minor_Redesign/tb/tb_top.sv Line:256
Error: AXI MONITOR: core_C changed while core is idle
Time: 255 ns  Iteration: 0  Process: /tb_top/u_mon//tb_top/u_mon  Scope: tb_top.u_mon  File: /run/media/sackb/Windows-SSD/Users/sackb/OneDrive/Desktop/University/Course_Work/2025-2026/Spring_2026/ECE_410/ECE410/project/post_m3_Minor_Redesign/tb/tb_top.sv Line: 257

Time: 265 ns Started: 255 ns Scope: /tb_top/u_mon File: /run/media/sackb/Windows-SSD/Users/sackb/OneDrive/Desktop/University/Course_Work/2025-2026/Spring_2026/ECE_410/ECE410/project/post_m3_Minor_Redesign/tb/tb_top.sv Line:256
Error: AXI MONITOR: core_C changed while core is idle
Time: 265 ns  Iteration: 0  Process: /tb_top/u_mon//tb_top/u_mon  Scope: tb_top.u_mon  File: /run/media/sackb/Windows-SSD/Users/sackb/OneDrive/Desktop/University/Course_Work/2025-2026/Spring_2026/ECE_410/ECE410/project/post_m3_Minor_Redesign/tb/tb_top.sv Line: 257

Time: 275 ns Started: 265 ns Scope: /tb_top/u_mon File: /run/media/sackb/Windows-SSD/Users/sackb/OneDrive/Desktop/University/Course_Work/2025-2026/Spring_2026/ECE_410/ECE410/project/post_m3_Minor_Redesign/tb/tb_top.sv Line:256
Error: AXI MONITOR: core_C changed while core is idle
Time: 275 ns  Iteration: 0  Process: /tb_top/u_mon//tb_top/u_mon  Scope: tb_top.u_mon  File: /run/media/sackb/Windows-SSD/Users/sackb/OneDrive/Desktop/University/Course_Work/2025-2026/Spring_2026/ECE_410/ECE410/project/post_m3_Minor_Redesign/tb/tb_top.sv Line: 257

Time: 285 ns Started: 275 ns Scope: /tb_top/u_mon File: /run/media/sackb/Windows-SSD/Users/sackb/OneDrive/Desktop/University/Course_Work/2025-2026/Spring_2026/ECE_410/ECE410/project/post_m3_Minor_Redesign/tb/tb_top.sv Line:256
Error: AXI MONITOR: core_C changed while core is idle
Time: 285 ns  Iteration: 0  Process: /tb_top/u_mon//tb_top/u_mon  Scope: tb_top.u_mon  File: /run/media/sackb/Windows-SSD/Users/sackb/OneDrive/Desktop/University/Course_Work/2025-2026/Spring_2026/ECE_410/ECE410/project/post_m3_Minor_Redesign/tb/tb_top.sv Line: 257

Time: 295 ns Started: 285 ns Scope: /tb_top/u_mon File: /run/media/sackb/Windows-SSD/Users/sackb/OneDrive/Desktop/University/Course_Work/2025-2026/Spring_2026/ECE_410/ECE410/project/post_m3_Minor_Redesign/tb/tb_top.sv Line:256
Error: AXI MONITOR: core_C changed while core is idle
Time: 295 ns  Iteration: 0  Process: /tb_top/u_mon//tb_top/u_mon  Scope: tb_top.u_mon  File: /run/media/sackb/Windows-SSD/Users/sackb/OneDrive/Desktop/University/Course_Work/2025-2026/Spring_2026/ECE_410/ECE410/project/post_m3_Minor_Redesign/tb/tb_top.sv Line: 257

Time: 305 ns Started: 295 ns Scope: /tb_top/u_mon File: /run/media/sackb/Windows-SSD/Users/sackb/OneDrive/Desktop/University/Course_Work/2025-2026/Spring_2026/ECE_410/ECE410/project/post_m3_Minor_Redesign/tb/tb_top.sv Line:256
Error: AXI MONITOR: core_C changed while core is idle
Time: 305 ns  Iteration: 0  Process: /tb_top/u_mon//tb_top/u_mon  Scope: tb_top.u_mon  File: /run/media/sackb/Windows-SSD/Users/sackb/OneDrive/Desktop/University/Course_Work/2025-2026/Spring_2026/ECE_410/ECE410/project/post_m3_Minor_Redesign/tb/tb_top.sv Line: 257

Time: 315 ns Started: 305 ns Scope: /tb_top/u_mon File: /run/media/sackb/Windows-SSD/Users/sackb/OneDrive/Desktop/University/Course_Work/2025-2026/Spring_2026/ECE_410/ECE410/project/post_m3_Minor_Redesign/tb/tb_top.sv Line:256
Error: AXI MONITOR: core_C changed while core is idle
Time: 315 ns  Iteration: 0  Process: /tb_top/u_mon//tb_top/u_mon  Scope: tb_top.u_mon  File: /run/media/sackb/Windows-SSD/Users/sackb/OneDrive/Desktop/University/Course_Work/2025-2026/Spring_2026/ECE_410/ECE410/project/post_m3_Minor_Redesign/tb/tb_top.sv Line: 257

Time: 325 ns Started: 315 ns Scope: /tb_top/u_mon File: /run/media/sackb/Windows-SSD/Users/sackb/OneDrive/Desktop/University/Course_Work/2025-2026/Spring_2026/ECE_410/ECE410/project/post_m3_Minor_Redesign/tb/tb_top.sv Line:256
Error: AXI MONITOR: core_C changed while core is idle
Time: 325 ns  Iteration: 0  Process: /tb_top/u_mon//tb_top/u_mon  Scope: tb_top.u_mon  File: /run/media/sackb/Windows-SSD/Users/sackb/OneDrive/Desktop/University/Course_Work/2025-2026/Spring_2026/ECE_410/ECE410/project/post_m3_Minor_Redesign/tb/tb_top.sv Line: 257

Time: 335 ns Started: 325 ns Scope: /tb_top/u_mon File: /run/media/sackb/Windows-SSD/Users/sackb/OneDrive/Desktop/University/Course_Work/2025-2026/Spring_2026/ECE_410/ECE410/project/post_m3_Minor_Redesign/tb/tb_top.sv Line:256
Error: AXI MONITOR: core_C changed while core is idle
Time: 335 ns  Iteration: 0  Process: /tb_top/u_mon//tb_top/u_mon  Scope: tb_top.u_mon  File: /run/media/sackb/Windows-SSD/Users/sackb/OneDrive/Desktop/University/Course_Work/2025-2026/Spring_2026/ECE_410/ECE410/project/post_m3_Minor_Redesign/tb/tb_top.sv Line: 257

Time: 345 ns Started: 335 ns Scope: /tb_top/u_mon File: /run/media/sackb/Windows-SSD/Users/sackb/OneDrive/Desktop/University/Course_Work/2025-2026/Spring_2026/ECE_410/ECE410/project/post_m3_Minor_Redesign/tb/tb_top.sv Line:256
Error: AXI MONITOR: core_C changed while core is idle
Time: 345 ns  Iteration: 0  Process: /tb_top/u_mon//tb_top/u_mon  Scope: tb_top.u_mon  File: /run/media/sackb/Windows-SSD/Users/sackb/OneDrive/Desktop/University/Course_Work/2025-2026/Spring_2026/ECE_410/ECE410/project/post_m3_Minor_Redesign/tb/tb_top.sv Line: 257

Time: 355 ns Started: 345 ns Scope: /tb_top/u_mon File: /run/media/sackb/Windows-SSD/Users/sackb/OneDrive/Desktop/University/Course_Work/2025-2026/Spring_2026/ECE_410/ECE410/project/post_m3_Minor_Redesign/tb/tb_top.sv Line:256
Error: AXI MONITOR: core_C changed while core is idle
Time: 355 ns  Iteration: 0  Process: /tb_top/u_mon//tb_top/u_mon  Scope: tb_top.u_mon  File: /run/media/sackb/Windows-SSD/Users/sackb/OneDrive/Desktop/University/Course_Work/2025-2026/Spring_2026/ECE_410/ECE410/project/post_m3_Minor_Redesign/tb/tb_top.sv Line: 257

Time: 365 ns Started: 355 ns Scope: /tb_top/u_mon File: /run/media/sackb/Windows-SSD/Users/sackb/OneDrive/Desktop/University/Course_Work/2025-2026/Spring_2026/ECE_410/ECE410/project/post_m3_Minor_Redesign/tb/tb_top.sv Line:256
Error: AXI MONITOR: core_C changed while core is idle
Time: 365 ns  Iteration: 0  Process: /tb_top/u_mon//tb_top/u_mon  Scope: tb_top.u_mon  File: /run/media/sackb/Windows-SSD/Users/sackb/OneDrive/Desktop/University/Course_Work/2025-2026/Spring_2026/ECE_410/ECE410/project/post_m3_Minor_Redesign/tb/tb_top.sv Line: 257

Time: 375 ns Started: 365 ns Scope: /tb_top/u_mon File: /run/media/sackb/Windows-SSD/Users/sackb/OneDrive/Desktop/University/Course_Work/2025-2026/Spring_2026/ECE_410/ECE410/project/post_m3_Minor_Redesign/tb/tb_top.sv Line:256
Error: AXI MONITOR: core_C changed while core is idle
Time: 375 ns  Iteration: 0  Process: /tb_top/u_mon//tb_top/u_mon  Scope: tb_top.u_mon  File: /run/media/sackb/Windows-SSD/Users/sackb/OneDrive/Desktop/University/Course_Work/2025-2026/Spring_2026/ECE_410/ECE410/project/post_m3_Minor_Redesign/tb/tb_top.sv Line: 257

Time: 385 ns Started: 375 ns Scope: /tb_top/u_mon File: /run/media/sackb/Windows-SSD/Users/sackb/OneDrive/Desktop/University/Course_Work/2025-2026/Spring_2026/ECE_410/ECE410/project/post_m3_Minor_Redesign/tb/tb_top.sv Line:256
Error: AXI MONITOR: core_C changed while core is idle
Time: 385 ns  Iteration: 0  Process: /tb_top/u_mon//tb_top/u_mon  Scope: tb_top.u_mon  File: /run/media/sackb/Windows-SSD/Users/sackb/OneDrive/Desktop/University/Course_Work/2025-2026/Spring_2026/ECE_410/ECE410/project/post_m3_Minor_Redesign/tb/tb_top.sv Line: 257

Time: 395 ns Started: 385 ns Scope: /tb_top/u_mon File: /run/media/sackb/Windows-SSD/Users/sackb/OneDrive/Desktop/University/Course_Work/2025-2026/Spring_2026/ECE_410/ECE410/project/post_m3_Minor_Redesign/tb/tb_top.sv Line:256
Error: AXI MONITOR: core_C changed while core is idle
Time: 395 ns  Iteration: 0  Process: /tb_top/u_mon//tb_top/u_mon  Scope: tb_top.u_mon  File: /run/media/sackb/Windows-SSD/Users/sackb/OneDrive/Desktop/University/Course_Work/2025-2026/Spring_2026/ECE_410/ECE410/project/post_m3_Minor_Redesign/tb/tb_top.sv Line: 257

Time: 405 ns Started: 395 ns Scope: /tb_top/u_mon File: /run/media/sackb/Windows-SSD/Users/sackb/OneDrive/Desktop/University/Course_Work/2025-2026/Spring_2026/ECE_410/ECE410/project/post_m3_Minor_Redesign/tb/tb_top.sv Line:256
Error: AXI MONITOR: core_C changed while core is idle
Time: 405 ns  Iteration: 0  Process: /tb_top/u_mon//tb_top/u_mon  Scope: tb_top.u_mon  File: /run/media/sackb/Windows-SSD/Users/sackb/OneDrive/Desktop/University/Course_Work/2025-2026/Spring_2026/ECE_410/ECE410/project/post_m3_Minor_Redesign/tb/tb_top.sv Line: 257

Time: 415 ns Started: 405 ns Scope: /tb_top/u_mon File: /run/media/sackb/Windows-SSD/Users/sackb/OneDrive/Desktop/University/Course_Work/2025-2026/Spring_2026/ECE_410/ECE410/project/post_m3_Minor_Redesign/tb/tb_top.sv Line:256
Error: AXI MONITOR: core_C changed while core is idle
Time: 415 ns  Iteration: 0  Process: /tb_top/u_mon//tb_top/u_mon  Scope: tb_top.u_mon  File: /run/media/sackb/Windows-SSD/Users/sackb/OneDrive/Desktop/University/Course_Work/2025-2026/Spring_2026/ECE_410/ECE410/project/post_m3_Minor_Redesign/tb/tb_top.sv Line: 257

Time: 425 ns Started: 415 ns Scope: /tb_top/u_mon File: /run/media/sackb/Windows-SSD/Users/sackb/OneDrive/Desktop/University/Course_Work/2025-2026/Spring_2026/ECE_410/ECE410/project/post_m3_Minor_Redesign/tb/tb_top.sv Line:256
Error: AXI MONITOR: core_C changed while core is idle
Time: 425 ns  Iteration: 0  Process: /tb_top/u_mon//tb_top/u_mon  Scope: tb_top.u_mon  File: /run/media/sackb/Windows-SSD/Users/sackb/OneDrive/Desktop/University/Course_Work/2025-2026/Spring_2026/ECE_410/ECE410/project/post_m3_Minor_Redesign/tb/tb_top.sv Line: 257

Time: 435 ns Started: 425 ns Scope: /tb_top/u_mon File: /run/media/sackb/Windows-SSD/Users/sackb/OneDrive/Desktop/University/Course_Work/2025-2026/Spring_2026/ECE_410/ECE410/project/post_m3_Minor_Redesign/tb/tb_top.sv Line:256
Error: AXI MONITOR: core_C changed while core is idle
Time: 435 ns  Iteration: 0  Process: /tb_top/u_mon//tb_top/u_mon  Scope: tb_top.u_mon  File: /run/media/sackb/Windows-SSD/Users/sackb/OneDrive/Desktop/University/Course_Work/2025-2026/Spring_2026/ECE_410/ECE410/project/post_m3_Minor_Redesign/tb/tb_top.sv Line: 257

Time: 445 ns Started: 435 ns Scope: /tb_top/u_mon File: /run/media/sackb/Windows-SSD/Users/sackb/OneDrive/Desktop/University/Course_Work/2025-2026/Spring_2026/ECE_410/ECE410/project/post_m3_Minor_Redesign/tb/tb_top.sv Line:256
Error: AXI MONITOR: core_C changed while core is idle
Time: 445 ns  Iteration: 0  Process: /tb_top/u_mon//tb_top/u_mon  Scope: tb_top.u_mon  File: /run/media/sackb/Windows-SSD/Users/sackb/OneDrive/Desktop/University/Course_Work/2025-2026/Spring_2026/ECE_410/ECE410/project/post_m3_Minor_Redesign/tb/tb_top.sv Line: 257

Time: 455 ns Started: 445 ns Scope: /tb_top/u_mon File: /run/media/sackb/Windows-SSD/Users/sackb/OneDrive/Desktop/University/Course_Work/2025-2026/Spring_2026/ECE_410/ECE410/project/post_m3_Minor_Redesign/tb/tb_top.sv Line:256
Error: AXI MONITOR: core_C changed while core is idle
Time: 455 ns  Iteration: 0  Process: /tb_top/u_mon//tb_top/u_mon  Scope: tb_top.u_mon  File: /run/media/sackb/Windows-SSD/Users/sackb/OneDrive/Desktop/University/Course_Work/2025-2026/Spring_2026/ECE_410/ECE410/project/post_m3_Minor_Redesign/tb/tb_top.sv Line: 257

Time: 465 ns Started: 455 ns Scope: /tb_top/u_mon File: /run/media/sackb/Windows-SSD/Users/sackb/OneDrive/Desktop/University/Course_Work/2025-2026/Spring_2026/ECE_410/ECE410/project/post_m3_Minor_Redesign/tb/tb_top.sv Line:256
Error: AXI MONITOR: core_C changed while core is idle
Time: 465 ns  Iteration: 0  Process: /tb_top/u_mon//tb_top/u_mon  Scope: tb_top.u_mon  File: /run/media/sackb/Windows-SSD/Users/sackb/OneDrive/Desktop/University/Course_Work/2025-2026/Spring_2026/ECE_410/ECE410/project/post_m3_Minor_Redesign/tb/tb_top.sv Line: 257

Time: 475 ns Started: 465 ns Scope: /tb_top/u_mon File: /run/media/sackb/Windows-SSD/Users/sackb/OneDrive/Desktop/University/Course_Work/2025-2026/Spring_2026/ECE_410/ECE410/project/post_m3_Minor_Redesign/tb/tb_top.sv Line:256
Error: AXI MONITOR: core_C changed while core is idle
Time: 475 ns  Iteration: 0  Process: /tb_top/u_mon//tb_top/u_mon  Scope: tb_top.u_mon  File: /run/media/sackb/Windows-SSD/Users/sackb/OneDrive/Desktop/University/Course_Work/2025-2026/Spring_2026/ECE_410/ECE410/project/post_m3_Minor_Redesign/tb/tb_top.sv Line: 257

Time: 485 ns Started: 475 ns Scope: /tb_top/u_mon File: /run/media/sackb/Windows-SSD/Users/sackb/OneDrive/Desktop/University/Course_Work/2025-2026/Spring_2026/ECE_410/ECE410/project/post_m3_Minor_Redesign/tb/tb_top.sv Line:256
Error: AXI MONITOR: core_C changed while core is idle
Time: 485 ns  Iteration: 0  Process: /tb_top/u_mon//tb_top/u_mon  Scope: tb_top.u_mon  File: /run/media/sackb/Windows-SSD/Users/sackb/OneDrive/Desktop/University/Course_Work/2025-2026/Spring_2026/ECE_410/ECE410/project/post_m3_Minor_Redesign/tb/tb_top.sv Line: 257

Time: 495 ns Started: 485 ns Scope: /tb_top/u_mon File: /run/media/sackb/Windows-SSD/Users/sackb/OneDrive/Desktop/University/Course_Work/2025-2026/Spring_2026/ECE_410/ECE410/project/post_m3_Minor_Redesign/tb/tb_top.sv Line:256
Error: AXI MONITOR: core_C changed while core is idle
Time: 495 ns  Iteration: 0  Process: /tb_top/u_mon//tb_top/u_mon  Scope: tb_top.u_mon  File: /run/media/sackb/Windows-SSD/Users/sackb/OneDrive/Desktop/University/Course_Work/2025-2026/Spring_2026/ECE_410/ECE410/project/post_m3_Minor_Redesign/tb/tb_top.sv Line: 257

Time: 505 ns Started: 495 ns Scope: /tb_top/u_mon File: /run/media/sackb/Windows-SSD/Users/sackb/OneDrive/Desktop/University/Course_Work/2025-2026/Spring_2026/ECE_410/ECE410/project/post_m3_Minor_Redesign/tb/tb_top.sv Line:256
Error: AXI MONITOR: core_C changed while core is idle
Time: 505 ns  Iteration: 0  Process: /tb_top/u_mon//tb_top/u_mon  Scope: tb_top.u_mon  File: /run/media/sackb/Windows-SSD/Users/sackb/OneDrive/Desktop/University/Course_Work/2025-2026/Spring_2026/ECE_410/ECE410/project/post_m3_Minor_Redesign/tb/tb_top.sv Line: 257

Time: 515 ns Started: 505 ns Scope: /tb_top/u_mon File: /run/media/sackb/Windows-SSD/Users/sackb/OneDrive/Desktop/University/Course_Work/2025-2026/Spring_2026/ECE_410/ECE410/project/post_m3_Minor_Redesign/tb/tb_top.sv Line:256
Error: AXI MONITOR: core_C changed while core is idle
Time: 515 ns  Iteration: 0  Process: /tb_top/u_mon//tb_top/u_mon  Scope: tb_top.u_mon  File: /run/media/sackb/Windows-SSD/Users/sackb/OneDrive/Desktop/University/Course_Work/2025-2026/Spring_2026/ECE_410/ECE410/project/post_m3_Minor_Redesign/tb/tb_top.sv Line: 257

Time: 525 ns Started: 515 ns Scope: /tb_top/u_mon File: /run/media/sackb/Windows-SSD/Users/sackb/OneDrive/Desktop/University/Course_Work/2025-2026/Spring_2026/ECE_410/ECE410/project/post_m3_Minor_Redesign/tb/tb_top.sv Line:256
Error: AXI MONITOR: core_C changed while core is idle
Time: 525 ns  Iteration: 0  Process: /tb_top/u_mon//tb_top/u_mon  Scope: tb_top.u_mon  File: /run/media/sackb/Windows-SSD/Users/sackb/OneDrive/Desktop/University/Course_Work/2025-2026/Spring_2026/ECE_410/ECE410/project/post_m3_Minor_Redesign/tb/tb_top.sv Line: 257

Time: 535 ns Started: 525 ns Scope: /tb_top/u_mon File: /run/media/sackb/Windows-SSD/Users/sackb/OneDrive/Desktop/University/Course_Work/2025-2026/Spring_2026/ECE_410/ECE410/project/post_m3_Minor_Redesign/tb/tb_top.sv Line:256
Error: AXI MONITOR: core_C changed while core is idle
Time: 535 ns  Iteration: 0  Process: /tb_top/u_mon//tb_top/u_mon  Scope: tb_top.u_mon  File: /run/media/sackb/Windows-SSD/Users/sackb/OneDrive/Desktop/University/Course_Work/2025-2026/Spring_2026/ECE_410/ECE410/project/post_m3_Minor_Redesign/tb/tb_top.sv Line: 257

Time: 545 ns Started: 535 ns Scope: /tb_top/u_mon File: /run/media/sackb/Windows-SSD/Users/sackb/OneDrive/Desktop/University/Course_Work/2025-2026/Spring_2026/ECE_410/ECE410/project/post_m3_Minor_Redesign/tb/tb_top.sv Line:256
Error: AXI MONITOR: core_C changed while core is idle
Time: 545 ns  Iteration: 0  Process: /tb_top/u_mon//tb_top/u_mon  Scope: tb_top.u_mon  File: /run/media/sackb/Windows-SSD/Users/sackb/OneDrive/Desktop/University/Course_Work/2025-2026/Spring_2026/ECE_410/ECE410/project/post_m3_Minor_Redesign/tb/tb_top.sv Line: 257

Time: 555 ns Started: 545 ns Scope: /tb_top/u_mon File: /run/media/sackb/Windows-SSD/Users/sackb/OneDrive/Desktop/University/Course_Work/2025-2026/Spring_2026/ECE_410/ECE410/project/post_m3_Minor_Redesign/tb/tb_top.sv Line:256
Error: AXI MONITOR: core_C changed while core is idle
Time: 555 ns  Iteration: 0  Process: /tb_top/u_mon//tb_top/u_mon  Scope: tb_top.u_mon  File: /run/media/sackb/Windows-SSD/Users/sackb/OneDrive/Desktop/University/Course_Work/2025-2026/Spring_2026/ECE_410/ECE410/project/post_m3_Minor_Redesign/tb/tb_top.sv Line: 257

Time: 565 ns Started: 555 ns Scope: /tb_top/u_mon File: /run/media/sackb/Windows-SSD/Users/sackb/OneDrive/Desktop/University/Course_Work/2025-2026/Spring_2026/ECE_410/ECE410/project/post_m3_Minor_Redesign/tb/tb_top.sv Line:256
Error: AXI MONITOR: core_C changed while core is idle
Time: 565 ns  Iteration: 0  Process: /tb_top/u_mon//tb_top/u_mon  Scope: tb_top.u_mon  File: /run/media/sackb/Windows-SSD/Users/sackb/OneDrive/Desktop/University/Course_Work/2025-2026/Spring_2026/ECE_410/ECE410/project/post_m3_Minor_Redesign/tb/tb_top.sv Line: 257

Time: 575 ns Started: 565 ns Scope: /tb_top/u_mon File: /run/media/sackb/Windows-SSD/Users/sackb/OneDrive/Desktop/University/Course_Work/2025-2026/Spring_2026/ECE_410/ECE410/project/post_m3_Minor_Redesign/tb/tb_top.sv Line:256
Error: AXI MONITOR: core_C changed while core is idle
Time: 575 ns  Iteration: 0  Process: /tb_top/u_mon//tb_top/u_mon  Scope: tb_top.u_mon  File: /run/media/sackb/Windows-SSD/Users/sackb/OneDrive/Desktop/University/Course_Work/2025-2026/Spring_2026/ECE_410/ECE410/project/post_m3_Minor_Redesign/tb/tb_top.sv Line: 257

Time: 585 ns Started: 575 ns Scope: /tb_top/u_mon File: /run/media/sackb/Windows-SSD/Users/sackb/OneDrive/Desktop/University/Course_Work/2025-2026/Spring_2026/ECE_410/ECE410/project/post_m3_Minor_Redesign/tb/tb_top.sv Line:256
Error: AXI MONITOR: core_C changed while core is idle
Time: 585 ns  Iteration: 0  Process: /tb_top/u_mon//tb_top/u_mon  Scope: tb_top.u_mon  File: /run/media/sackb/Windows-SSD/Users/sackb/OneDrive/Desktop/University/Course_Work/2025-2026/Spring_2026/ECE_410/ECE410/project/post_m3_Minor_Redesign/tb/tb_top.sv Line: 257

Time: 595 ns Started: 585 ns Scope: /tb_top/u_mon File: /run/media/sackb/Windows-SSD/Users/sackb/OneDrive/Desktop/University/Course_Work/2025-2026/Spring_2026/ECE_410/ECE410/project/post_m3_Minor_Redesign/tb/tb_top.sv Line:256
Error: AXI MONITOR: core_C changed while core is idle
Time: 595 ns  Iteration: 0  Process: /tb_top/u_mon//tb_top/u_mon  Scope: tb_top.u_mon  File: /run/media/sackb/Windows-SSD/Users/sackb/OneDrive/Desktop/University/Course_Work/2025-2026/Spring_2026/ECE_410/ECE410/project/post_m3_Minor_Redesign/tb/tb_top.sv Line: 257

Time: 605 ns Started: 595 ns Scope: /tb_top/u_mon File: /run/media/sackb/Windows-SSD/Users/sackb/OneDrive/Desktop/University/Course_Work/2025-2026/Spring_2026/ECE_410/ECE410/project/post_m3_Minor_Redesign/tb/tb_top.sv Line:256
Error: AXI MONITOR: core_C changed while core is idle
Time: 605 ns  Iteration: 0  Process: /tb_top/u_mon//tb_top/u_mon  Scope: tb_top.u_mon  File: /run/media/sackb/Windows-SSD/Users/sackb/OneDrive/Desktop/University/Course_Work/2025-2026/Spring_2026/ECE_410/ECE410/project/post_m3_Minor_Redesign/tb/tb_top.sv Line: 257

Time: 615 ns Started: 605 ns Scope: /tb_top/u_mon File: /run/media/sackb/Windows-SSD/Users/sackb/OneDrive/Desktop/University/Course_Work/2025-2026/Spring_2026/ECE_410/ECE410/project/post_m3_Minor_Redesign/tb/tb_top.sv Line:256
Error: AXI MONITOR: core_C changed while core is idle
Time: 615 ns  Iteration: 0  Process: /tb_top/u_mon//tb_top/u_mon  Scope: tb_top.u_mon  File: /run/media/sackb/Windows-SSD/Users/sackb/OneDrive/Desktop/University/Course_Work/2025-2026/Spring_2026/ECE_410/ECE410/project/post_m3_Minor_Redesign/tb/tb_top.sv Line: 257

Time: 625 ns Started: 615 ns Scope: /tb_top/u_mon File: /run/media/sackb/Windows-SSD/Users/sackb/OneDrive/Desktop/University/Course_Work/2025-2026/Spring_2026/ECE_410/ECE410/project/post_m3_Minor_Redesign/tb/tb_top.sv Line:256
Error: AXI MONITOR: core_C changed while core is idle
Time: 625 ns  Iteration: 0  Process: /tb_top/u_mon//tb_top/u_mon  Scope: tb_top.u_mon  File: /run/media/sackb/Windows-SSD/Users/sackb/OneDrive/Desktop/University/Course_Work/2025-2026/Spring_2026/ECE_410/ECE410/project/post_m3_Minor_Redesign/tb/tb_top.sv Line: 257

Time: 635 ns Started: 625 ns Scope: /tb_top/u_mon File: /run/media/sackb/Windows-SSD/Users/sackb/OneDrive/Desktop/University/Course_Work/2025-2026/Spring_2026/ECE_410/ECE410/project/post_m3_Minor_Redesign/tb/tb_top.sv Line:256
Error: AXI MONITOR: core_C changed while core is idle
Time: 635 ns  Iteration: 0  Process: /tb_top/u_mon//tb_top/u_mon  Scope: tb_top.u_mon  File: /run/media/sackb/Windows-SSD/Users/sackb/OneDrive/Desktop/University/Course_Work/2025-2026/Spring_2026/ECE_410/ECE410/project/post_m3_Minor_Redesign/tb/tb_top.sv Line: 257

Time: 645 ns Started: 635 ns Scope: /tb_top/u_mon File: /run/media/sackb/Windows-SSD/Users/sackb/OneDrive/Desktop/University/Course_Work/2025-2026/Spring_2026/ECE_410/ECE410/project/post_m3_Minor_Redesign/tb/tb_top.sv Line:256
Error: AXI MONITOR: core_C changed while core is idle
Time: 645 ns  Iteration: 0  Process: /tb_top/u_mon//tb_top/u_mon  Scope: tb_top.u_mon  File: /run/media/sackb/Windows-SSD/Users/sackb/OneDrive/Desktop/University/Course_Work/2025-2026/Spring_2026/ECE_410/ECE410/project/post_m3_Minor_Redesign/tb/tb_top.sv Line: 257

Time: 655 ns Started: 645 ns Scope: /tb_top/u_mon File: /run/media/sackb/Windows-SSD/Users/sackb/OneDrive/Desktop/University/Course_Work/2025-2026/Spring_2026/ECE_410/ECE410/project/post_m3_Minor_Redesign/tb/tb_top.sv Line:256
Error: AXI MONITOR: core_C changed while core is idle
Time: 655 ns  Iteration: 0  Process: /tb_top/u_mon//tb_top/u_mon  Scope: tb_top.u_mon  File: /run/media/sackb/Windows-SSD/Users/sackb/OneDrive/Desktop/University/Course_Work/2025-2026/Spring_2026/ECE_410/ECE410/project/post_m3_Minor_Redesign/tb/tb_top.sv Line: 257

Time: 665 ns Started: 655 ns Scope: /tb_top/u_mon File: /run/media/sackb/Windows-SSD/Users/sackb/OneDrive/Desktop/University/Course_Work/2025-2026/Spring_2026/ECE_410/ECE410/project/post_m3_Minor_Redesign/tb/tb_top.sv Line:256
Error: AXI MONITOR: core_C changed while core is idle
Time: 665 ns  Iteration: 0  Process: /tb_top/u_mon//tb_top/u_mon  Scope: tb_top.u_mon  File: /run/media/sackb/Windows-SSD/Users/sackb/OneDrive/Desktop/University/Course_Work/2025-2026/Spring_2026/ECE_410/ECE410/project/post_m3_Minor_Redesign/tb/tb_top.sv Line: 257

Time: 675 ns Started: 665 ns Scope: /tb_top/u_mon File: /run/media/sackb/Windows-SSD/Users/sackb/OneDrive/Desktop/University/Course_Work/2025-2026/Spring_2026/ECE_410/ECE410/project/post_m3_Minor_Redesign/tb/tb_top.sv Line:256
Error: AXI MONITOR: core_C changed while core is idle
Time: 675 ns  Iteration: 0  Process: /tb_top/u_mon//tb_top/u_mon  Scope: tb_top.u_mon  File: /run/media/sackb/Windows-SSD/Users/sackb/OneDrive/Desktop/University/Course_Work/2025-2026/Spring_2026/ECE_410/ECE410/project/post_m3_Minor_Redesign/tb/tb_top.sv Line: 257

Time: 685 ns Started: 675 ns Scope: /tb_top/u_mon File: /run/media/sackb/Windows-SSD/Users/sackb/OneDrive/Desktop/University/Course_Work/2025-2026/Spring_2026/ECE_410/ECE410/project/post_m3_Minor_Redesign/tb/tb_top.sv Line:256
Error: AXI MONITOR: core_C changed while core is idle
Time: 685 ns  Iteration: 0  Process: /tb_top/u_mon//tb_top/u_mon  Scope: tb_top.u_mon  File: /run/media/sackb/Windows-SSD/Users/sackb/OneDrive/Desktop/University/Course_Work/2025-2026/Spring_2026/ECE_410/ECE410/project/post_m3_Minor_Redesign/tb/tb_top.sv Line: 257

Time: 695 ns Started: 685 ns Scope: /tb_top/u_mon File: /run/media/sackb/Windows-SSD/Users/sackb/OneDrive/Desktop/University/Course_Work/2025-2026/Spring_2026/ECE_410/ECE410/project/post_m3_Minor_Redesign/tb/tb_top.sv Line:256
Error: AXI MONITOR: core_C changed while core is idle
Time: 695 ns  Iteration: 0  Process: /tb_top/u_mon//tb_top/u_mon  Scope: tb_top.u_mon  File: /run/media/sackb/Windows-SSD/Users/sackb/OneDrive/Desktop/University/Course_Work/2025-2026/Spring_2026/ECE_410/ECE410/project/post_m3_Minor_Redesign/tb/tb_top.sv Line: 257

Time: 705 ns Started: 695 ns Scope: /tb_top/u_mon File: /run/media/sackb/Windows-SSD/Users/sackb/OneDrive/Desktop/University/Course_Work/2025-2026/Spring_2026/ECE_410/ECE410/project/post_m3_Minor_Redesign/tb/tb_top.sv Line:256
Error: AXI MONITOR: core_C changed while core is idle
Time: 705 ns  Iteration: 0  Process: /tb_top/u_mon//tb_top/u_mon  Scope: tb_top.u_mon  File: /run/media/sackb/Windows-SSD/Users/sackb/OneDrive/Desktop/University/Course_Work/2025-2026/Spring_2026/ECE_410/ECE410/project/post_m3_Minor_Redesign/tb/tb_top.sv Line: 257

Time: 715 ns Started: 705 ns Scope: /tb_top/u_mon File: /run/media/sackb/Windows-SSD/Users/sackb/OneDrive/Desktop/University/Course_Work/2025-2026/Spring_2026/ECE_410/ECE410/project/post_m3_Minor_Redesign/tb/tb_top.sv Line:256
Error: AXI MONITOR: core_C changed while core is idle
Time: 715 ns  Iteration: 0  Process: /tb_top/u_mon//tb_top/u_mon  Scope: tb_top.u_mon  File: /run/media/sackb/Windows-SSD/Users/sackb/OneDrive/Desktop/University/Course_Work/2025-2026/Spring_2026/ECE_410/ECE410/project/post_m3_Minor_Redesign/tb/tb_top.sv Line: 257

Time: 725 ns Started: 715 ns Scope: /tb_top/u_mon File: /run/media/sackb/Windows-SSD/Users/sackb/OneDrive/Desktop/University/Course_Work/2025-2026/Spring_2026/ECE_410/ECE410/project/post_m3_Minor_Redesign/tb/tb_top.sv Line:256
Error: AXI MONITOR: core_C changed while core is idle
Time: 725 ns  Iteration: 0  Process: /tb_top/u_mon//tb_top/u_mon  Scope: tb_top.u_mon  File: /run/media/sackb/Windows-SSD/Users/sackb/OneDrive/Desktop/University/Course_Work/2025-2026/Spring_2026/ECE_410/ECE410/project/post_m3_Minor_Redesign/tb/tb_top.sv Line: 257

Time: 735 ns Started: 725 ns Scope: /tb_top/u_mon File: /run/media/sackb/Windows-SSD/Users/sackb/OneDrive/Desktop/University/Course_Work/2025-2026/Spring_2026/ECE_410/ECE410/project/post_m3_Minor_Redesign/tb/tb_top.sv Line:256
Error: AXI MONITOR: core_C changed while core is idle
Time: 735 ns  Iteration: 0  Process: /tb_top/u_mon//tb_top/u_mon  Scope: tb_top.u_mon  File: /run/media/sackb/Windows-SSD/Users/sackb/OneDrive/Desktop/University/Course_Work/2025-2026/Spring_2026/ECE_410/ECE410/project/post_m3_Minor_Redesign/tb/tb_top.sv Line: 257

Time: 745 ns Started: 735 ns Scope: /tb_top/u_mon File: /run/media/sackb/Windows-SSD/Users/sackb/OneDrive/Desktop/University/Course_Work/2025-2026/Spring_2026/ECE_410/ECE410/project/post_m3_Minor_Redesign/tb/tb_top.sv Line:256
Error: AXI MONITOR: core_C changed while core is idle
Time: 745 ns  Iteration: 0  Process: /tb_top/u_mon//tb_top/u_mon  Scope: tb_top.u_mon  File: /run/media/sackb/Windows-SSD/Users/sackb/OneDrive/Desktop/University/Course_Work/2025-2026/Spring_2026/ECE_410/ECE410/project/post_m3_Minor_Redesign/tb/tb_top.sv Line: 257

Time: 755 ns Started: 745 ns Scope: /tb_top/u_mon File: /run/media/sackb/Windows-SSD/Users/sackb/OneDrive/Desktop/University/Course_Work/2025-2026/Spring_2026/ECE_410/ECE410/project/post_m3_Minor_Redesign/tb/tb_top.sv Line:256
Error: AXI MONITOR: core_C changed while core is idle
Time: 755 ns  Iteration: 0  Process: /tb_top/u_mon//tb_top/u_mon  Scope: tb_top.u_mon  File: /run/media/sackb/Windows-SSD/Users/sackb/OneDrive/Desktop/University/Course_Work/2025-2026/Spring_2026/ECE_410/ECE410/project/post_m3_Minor_Redesign/tb/tb_top.sv Line: 257

Time: 765 ns Started: 755 ns Scope: /tb_top/u_mon File: /run/media/sackb/Windows-SSD/Users/sackb/OneDrive/Desktop/University/Course_Work/2025-2026/Spring_2026/ECE_410/ECE410/project/post_m3_Minor_Redesign/tb/tb_top.sv Line:256
Error: AXI MONITOR: core_C changed while core is idle
Time: 765 ns  Iteration: 0  Process: /tb_top/u_mon//tb_top/u_mon  Scope: tb_top.u_mon  File: /run/media/sackb/Windows-SSD/Users/sackb/OneDrive/Desktop/University/Course_Work/2025-2026/Spring_2026/ECE_410/ECE410/project/post_m3_Minor_Redesign/tb/tb_top.sv Line: 257

Time: 775 ns Started: 765 ns Scope: /tb_top/u_mon File: /run/media/sackb/Windows-SSD/Users/sackb/OneDrive/Desktop/University/Course_Work/2025-2026/Spring_2026/ECE_410/ECE410/project/post_m3_Minor_Redesign/tb/tb_top.sv Line:256
Error: AXI MONITOR: core_C changed while core is idle
Time: 775 ns  Iteration: 0  Process: /tb_top/u_mon//tb_top/u_mon  Scope: tb_top.u_mon  File: /run/media/sackb/Windows-SSD/Users/sackb/OneDrive/Desktop/University/Course_Work/2025-2026/Spring_2026/ECE_410/ECE410/project/post_m3_Minor_Redesign/tb/tb_top.sv Line: 257

Time: 785 ns Started: 775 ns Scope: /tb_top/u_mon File: /run/media/sackb/Windows-SSD/Users/sackb/OneDrive/Desktop/University/Course_Work/2025-2026/Spring_2026/ECE_410/ECE410/project/post_m3_Minor_Redesign/tb/tb_top.sv Line:256
Error: AXI MONITOR: core_C changed while core is idle
Time: 785 ns  Iteration: 0  Process: /tb_top/u_mon//tb_top/u_mon  Scope: tb_top.u_mon  File: /run/media/sackb/Windows-SSD/Users/sackb/OneDrive/Desktop/University/Course_Work/2025-2026/Spring_2026/ECE_410/ECE410/project/post_m3_Minor_Redesign/tb/tb_top.sv Line: 257

Time: 795 ns Started: 785 ns Scope: /tb_top/u_mon File: /run/media/sackb/Windows-SSD/Users/sackb/OneDrive/Desktop/University/Course_Work/2025-2026/Spring_2026/ECE_410/ECE410/project/post_m3_Minor_Redesign/tb/tb_top.sv Line:256
Error: AXI MONITOR: core_C changed while core is idle
Time: 795 ns  Iteration: 0  Process: /tb_top/u_mon//tb_top/u_mon  Scope: tb_top.u_mon  File: /run/media/sackb/Windows-SSD/Users/sackb/OneDrive/Desktop/University/Course_Work/2025-2026/Spring_2026/ECE_410/ECE410/project/post_m3_Minor_Redesign/tb/tb_top.sv Line: 257

Time: 805 ns Started: 795 ns Scope: /tb_top/u_mon File: /run/media/sackb/Windows-SSD/Users/sackb/OneDrive/Desktop/University/Course_Work/2025-2026/Spring_2026/ECE_410/ECE410/project/post_m3_Minor_Redesign/tb/tb_top.sv Line:256
Error: AXI MONITOR: core_C changed while core is idle
Time: 805 ns  Iteration: 0  Process: /tb_top/u_mon//tb_top/u_mon  Scope: tb_top.u_mon  File: /run/media/sackb/Windows-SSD/Users/sackb/OneDrive/Desktop/University/Course_Work/2025-2026/Spring_2026/ECE_410/ECE410/project/post_m3_Minor_Redesign/tb/tb_top.sv Line: 257

Time: 815 ns Started: 805 ns Scope: /tb_top/u_mon File: /run/media/sackb/Windows-SSD/Users/sackb/OneDrive/Desktop/University/Course_Work/2025-2026/Spring_2026/ECE_410/ECE410/project/post_m3_Minor_Redesign/tb/tb_top.sv Line:256
Error: AXI MONITOR: core_C changed while core is idle
Time: 815 ns  Iteration: 0  Process: /tb_top/u_mon//tb_top/u_mon  Scope: tb_top.u_mon  File: /run/media/sackb/Windows-SSD/Users/sackb/OneDrive/Desktop/University/Course_Work/2025-2026/Spring_2026/ECE_410/ECE410/project/post_m3_Minor_Redesign/tb/tb_top.sv Line: 257

Time: 825 ns Started: 815 ns Scope: /tb_top/u_mon File: /run/media/sackb/Windows-SSD/Users/sackb/OneDrive/Desktop/University/Course_Work/2025-2026/Spring_2026/ECE_410/ECE410/project/post_m3_Minor_Redesign/tb/tb_top.sv Line:256
Error: AXI MONITOR: core_C changed while core is idle
Time: 825 ns  Iteration: 0  Process: /tb_top/u_mon//tb_top/u_mon  Scope: tb_top.u_mon  File: /run/media/sackb/Windows-SSD/Users/sackb/OneDrive/Desktop/University/Course_Work/2025-2026/Spring_2026/ECE_410/ECE410/project/post_m3_Minor_Redesign/tb/tb_top.sv Line: 257

Time: 835 ns Started: 825 ns Scope: /tb_top/u_mon File: /run/media/sackb/Windows-SSD/Users/sackb/OneDrive/Desktop/University/Course_Work/2025-2026/Spring_2026/ECE_410/ECE410/project/post_m3_Minor_Redesign/tb/tb_top.sv Line:256
Error: AXI MONITOR: core_C changed while core is idle
Time: 835 ns  Iteration: 0  Process: /tb_top/u_mon//tb_top/u_mon  Scope: tb_top.u_mon  File: /run/media/sackb/Windows-SSD/Users/sackb/OneDrive/Desktop/University/Course_Work/2025-2026/Spring_2026/ECE_410/ECE410/project/post_m3_Minor_Redesign/tb/tb_top.sv Line: 257

Time: 845 ns Started: 835 ns Scope: /tb_top/u_mon File: /run/media/sackb/Windows-SSD/Users/sackb/OneDrive/Desktop/University/Course_Work/2025-2026/Spring_2026/ECE_410/ECE410/project/post_m3_Minor_Redesign/tb/tb_top.sv Line:256
Error: AXI MONITOR: core_C changed while core is idle
Time: 845 ns  Iteration: 0  Process: /tb_top/u_mon//tb_top/u_mon  Scope: tb_top.u_mon  File: /run/media/sackb/Windows-SSD/Users/sackb/OneDrive/Desktop/University/Course_Work/2025-2026/Spring_2026/ECE_410/ECE410/project/post_m3_Minor_Redesign/tb/tb_top.sv Line: 257

Time: 855 ns Started: 845 ns Scope: /tb_top/u_mon File: /run/media/sackb/Windows-SSD/Users/sackb/OneDrive/Desktop/University/Course_Work/2025-2026/Spring_2026/ECE_410/ECE410/project/post_m3_Minor_Redesign/tb/tb_top.sv Line:256
Error: AXI MONITOR: core_C changed while core is idle
Time: 855 ns  Iteration: 0  Process: /tb_top/u_mon//tb_top/u_mon  Scope: tb_top.u_mon  File: /run/media/sackb/Windows-SSD/Users/sackb/OneDrive/Desktop/University/Course_Work/2025-2026/Spring_2026/ECE_410/ECE410/project/post_m3_Minor_Redesign/tb/tb_top.sv Line: 257

Time: 865 ns Started: 855 ns Scope: /tb_top/u_mon File: /run/media/sackb/Windows-SSD/Users/sackb/OneDrive/Desktop/University/Course_Work/2025-2026/Spring_2026/ECE_410/ECE410/project/post_m3_Minor_Redesign/tb/tb_top.sv Line:256
Error: AXI MONITOR: core_C changed while core is idle
Time: 865 ns  Iteration: 0  Process: /tb_top/u_mon//tb_top/u_mon  Scope: tb_top.u_mon  File: /run/media/sackb/Windows-SSD/Users/sackb/OneDrive/Desktop/University/Course_Work/2025-2026/Spring_2026/ECE_410/ECE410/project/post_m3_Minor_Redesign/tb/tb_top.sv Line: 257

Time: 875 ns Started: 865 ns Scope: /tb_top/u_mon File: /run/media/sackb/Windows-SSD/Users/sackb/OneDrive/Desktop/University/Course_Work/2025-2026/Spring_2026/ECE_410/ECE410/project/post_m3_Minor_Redesign/tb/tb_top.sv Line:256
Error: AXI MONITOR: core_C changed while core is idle
Time: 875 ns  Iteration: 0  Process: /tb_top/u_mon//tb_top/u_mon  Scope: tb_top.u_mon  File: /run/media/sackb/Windows-SSD/Users/sackb/OneDrive/Desktop/University/Course_Work/2025-2026/Spring_2026/ECE_410/ECE410/project/post_m3_Minor_Redesign/tb/tb_top.sv Line: 257

Time: 885 ns Started: 875 ns Scope: /tb_top/u_mon File: /run/media/sackb/Windows-SSD/Users/sackb/OneDrive/Desktop/University/Course_Work/2025-2026/Spring_2026/ECE_410/ECE410/project/post_m3_Minor_Redesign/tb/tb_top.sv Line:256
Error: AXI MONITOR: core_C changed while core is idle
Time: 885 ns  Iteration: 0  Process: /tb_top/u_mon//tb_top/u_mon  Scope: tb_top.u_mon  File: /run/media/sackb/Windows-SSD/Users/sackb/OneDrive/Desktop/University/Course_Work/2025-2026/Spring_2026/ECE_410/ECE410/project/post_m3_Minor_Redesign/tb/tb_top.sv Line: 257

Time: 1625 ns Started: 1615 ns Scope: /tb_top/u_mon File: /run/media/sackb/Windows-SSD/Users/sackb/OneDrive/Desktop/University/Course_Work/2025-2026/Spring_2026/ECE_410/ECE410/project/post_m3_Minor_Redesign/tb/tb_top.sv Line:256
Error: AXI MONITOR: core_C changed while core is idle
Time: 1625 ns  Iteration: 0  Process: /tb_top/u_mon//tb_top/u_mon  Scope: tb_top.u_mon  File: /run/media/sackb/Windows-SSD/Users/sackb/OneDrive/Desktop/University/Course_Work/2025-2026/Spring_2026/ECE_410/ECE410/project/post_m3_Minor_Redesign/tb/tb_top.sv Line: 257

Time: 1635 ns Started: 1625 ns Scope: /tb_top/u_mon File: /run/media/sackb/Windows-SSD/Users/sackb/OneDrive/Desktop/University/Course_Work/2025-2026/Spring_2026/ECE_410/ECE410/project/post_m3_Minor_Redesign/tb/tb_top.sv Line:256
Error: AXI MONITOR: core_C changed while core is idle
Time: 1635 ns  Iteration: 0  Process: /tb_top/u_mon//tb_top/u_mon  Scope: tb_top.u_mon  File: /run/media/sackb/Windows-SSD/Users/sackb/OneDrive/Desktop/University/Course_Work/2025-2026/Spring_2026/ECE_410/ECE410/project/post_m3_Minor_Redesign/tb/tb_top.sv Line: 257

Time: 1645 ns Started: 1635 ns Scope: /tb_top/u_mon File: /run/media/sackb/Windows-SSD/Users/sackb/OneDrive/Desktop/University/Course_Work/2025-2026/Spring_2026/ECE_410/ECE410/project/post_m3_Minor_Redesign/tb/tb_top.sv Line:256
Error: AXI MONITOR: core_C changed while core is idle
Time: 1645 ns  Iteration: 0  Process: /tb_top/u_mon//tb_top/u_mon  Scope: tb_top.u_mon  File: /run/media/sackb/Windows-SSD/Users/sackb/OneDrive/Desktop/University/Course_Work/2025-2026/Spring_2026/ECE_410/ECE410/project/post_m3_Minor_Redesign/tb/tb_top.sv Line: 257

Time: 1655 ns Started: 1645 ns Scope: /tb_top/u_mon File: /run/media/sackb/Windows-SSD/Users/sackb/OneDrive/Desktop/University/Course_Work/2025-2026/Spring_2026/ECE_410/ECE410/project/post_m3_Minor_Redesign/tb/tb_top.sv Line:256
Error: AXI MONITOR: core_C changed while core is idle
Time: 1655 ns  Iteration: 0  Process: /tb_top/u_mon//tb_top/u_mon  Scope: tb_top.u_mon  File: /run/media/sackb/Windows-SSD/Users/sackb/OneDrive/Desktop/University/Course_Work/2025-2026/Spring_2026/ECE_410/ECE410/project/post_m3_Minor_Redesign/tb/tb_top.sv Line: 257

Time: 1665 ns Started: 1655 ns Scope: /tb_top/u_mon File: /run/media/sackb/Windows-SSD/Users/sackb/OneDrive/Desktop/University/Course_Work/2025-2026/Spring_2026/ECE_410/ECE410/project/post_m3_Minor_Redesign/tb/tb_top.sv Line:256
Error: AXI MONITOR: core_C changed while core is idle
Time: 1665 ns  Iteration: 0  Process: /tb_top/u_mon//tb_top/u_mon  Scope: tb_top.u_mon  File: /run/media/sackb/Windows-SSD/Users/sackb/OneDrive/Desktop/University/Course_Work/2025-2026/Spring_2026/ECE_410/ECE410/project/post_m3_Minor_Redesign/tb/tb_top.sv Line: 257

Time: 1675 ns Started: 1665 ns Scope: /tb_top/u_mon File: /run/media/sackb/Windows-SSD/Users/sackb/OneDrive/Desktop/University/Course_Work/2025-2026/Spring_2026/ECE_410/ECE410/project/post_m3_Minor_Redesign/tb/tb_top.sv Line:256
Error: AXI MONITOR: core_C changed while core is idle
Time: 1675 ns  Iteration: 0  Process: /tb_top/u_mon//tb_top/u_mon  Scope: tb_top.u_mon  File: /run/media/sackb/Windows-SSD/Users/sackb/OneDrive/Desktop/University/Course_Work/2025-2026/Spring_2026/ECE_410/ECE410/project/post_m3_Minor_Redesign/tb/tb_top.sv Line: 257

Time: 1685 ns Started: 1675 ns Scope: /tb_top/u_mon File: /run/media/sackb/Windows-SSD/Users/sackb/OneDrive/Desktop/University/Course_Work/2025-2026/Spring_2026/ECE_410/ECE410/project/post_m3_Minor_Redesign/tb/tb_top.sv Line:256
Error: AXI MONITOR: core_C changed while core is idle
Time: 1685 ns  Iteration: 0  Process: /tb_top/u_mon//tb_top/u_mon  Scope: tb_top.u_mon  File: /run/media/sackb/Windows-SSD/Users/sackb/OneDrive/Desktop/University/Course_Work/2025-2026/Spring_2026/ECE_410/ECE410/project/post_m3_Minor_Redesign/tb/tb_top.sv Line: 257

Time: 1695 ns Started: 1685 ns Scope: /tb_top/u_mon File: /run/media/sackb/Windows-SSD/Users/sackb/OneDrive/Desktop/University/Course_Work/2025-2026/Spring_2026/ECE_410/ECE410/project/post_m3_Minor_Redesign/tb/tb_top.sv Line:256
Error: AXI MONITOR: core_C changed while core is idle
Time: 1695 ns  Iteration: 0  Process: /tb_top/u_mon//tb_top/u_mon  Scope: tb_top.u_mon  File: /run/media/sackb/Windows-SSD/Users/sackb/OneDrive/Desktop/University/Course_Work/2025-2026/Spring_2026/ECE_410/ECE410/project/post_m3_Minor_Redesign/tb/tb_top.sv Line: 257

Time: 1705 ns Started: 1695 ns Scope: /tb_top/u_mon File: /run/media/sackb/Windows-SSD/Users/sackb/OneDrive/Desktop/University/Course_Work/2025-2026/Spring_2026/ECE_410/ECE410/project/post_m3_Minor_Redesign/tb/tb_top.sv Line:256
Error: AXI MONITOR: core_C changed while core is idle
Time: 1705 ns  Iteration: 0  Process: /tb_top/u_mon//tb_top/u_mon  Scope: tb_top.u_mon  File: /run/media/sackb/Windows-SSD/Users/sackb/OneDrive/Desktop/University/Course_Work/2025-2026/Spring_2026/ECE_410/ECE410/project/post_m3_Minor_Redesign/tb/tb_top.sv Line: 257

Time: 1715 ns Started: 1705 ns Scope: /tb_top/u_mon File: /run/media/sackb/Windows-SSD/Users/sackb/OneDrive/Desktop/University/Course_Work/2025-2026/Spring_2026/ECE_410/ECE410/project/post_m3_Minor_Redesign/tb/tb_top.sv Line:256
Error: AXI MONITOR: core_C changed while core is idle
Time: 1715 ns  Iteration: 0  Process: /tb_top/u_mon//tb_top/u_mon  Scope: tb_top.u_mon  File: /run/media/sackb/Windows-SSD/Users/sackb/OneDrive/Desktop/University/Course_Work/2025-2026/Spring_2026/ECE_410/ECE410/project/post_m3_Minor_Redesign/tb/tb_top.sv Line: 257

Time: 1725 ns Started: 1715 ns Scope: /tb_top/u_mon File: /run/media/sackb/Windows-SSD/Users/sackb/OneDrive/Desktop/University/Course_Work/2025-2026/Spring_2026/ECE_410/ECE410/project/post_m3_Minor_Redesign/tb/tb_top.sv Line:256
Error: AXI MONITOR: core_C changed while core is idle
Time: 1725 ns  Iteration: 0  Process: /tb_top/u_mon//tb_top/u_mon  Scope: tb_top.u_mon  File: /run/media/sackb/Windows-SSD/Users/sackb/OneDrive/Desktop/University/Course_Work/2025-2026/Spring_2026/ECE_410/ECE410/project/post_m3_Minor_Redesign/tb/tb_top.sv Line: 257

Time: 1735 ns Started: 1725 ns Scope: /tb_top/u_mon File: /run/media/sackb/Windows-SSD/Users/sackb/OneDrive/Desktop/University/Course_Work/2025-2026/Spring_2026/ECE_410/ECE410/project/post_m3_Minor_Redesign/tb/tb_top.sv Line:256
Error: AXI MONITOR: core_C changed while core is idle
Time: 1735 ns  Iteration: 0  Process: /tb_top/u_mon//tb_top/u_mon  Scope: tb_top.u_mon  File: /run/media/sackb/Windows-SSD/Users/sackb/OneDrive/Desktop/University/Course_Work/2025-2026/Spring_2026/ECE_410/ECE410/project/post_m3_Minor_Redesign/tb/tb_top.sv Line: 257

Time: 1745 ns Started: 1735 ns Scope: /tb_top/u_mon File: /run/media/sackb/Windows-SSD/Users/sackb/OneDrive/Desktop/University/Course_Work/2025-2026/Spring_2026/ECE_410/ECE410/project/post_m3_Minor_Redesign/tb/tb_top.sv Line:256
Error: AXI MONITOR: core_C changed while core is idle
Time: 1745 ns  Iteration: 0  Process: /tb_top/u_mon//tb_top/u_mon  Scope: tb_top.u_mon  File: /run/media/sackb/Windows-SSD/Users/sackb/OneDrive/Desktop/University/Course_Work/2025-2026/Spring_2026/ECE_410/ECE410/project/post_m3_Minor_Redesign/tb/tb_top.sv Line: 257

Time: 1755 ns Started: 1745 ns Scope: /tb_top/u_mon File: /run/media/sackb/Windows-SSD/Users/sackb/OneDrive/Desktop/University/Course_Work/2025-2026/Spring_2026/ECE_410/ECE410/project/post_m3_Minor_Redesign/tb/tb_top.sv Line:256
Error: AXI MONITOR: core_C changed while core is idle
Time: 1755 ns  Iteration: 0  Process: /tb_top/u_mon//tb_top/u_mon  Scope: tb_top.u_mon  File: /run/media/sackb/Windows-SSD/Users/sackb/OneDrive/Desktop/University/Course_Work/2025-2026/Spring_2026/ECE_410/ECE410/project/post_m3_Minor_Redesign/tb/tb_top.sv Line: 257

Time: 1765 ns Started: 1755 ns Scope: /tb_top/u_mon File: /run/media/sackb/Windows-SSD/Users/sackb/OneDrive/Desktop/University/Course_Work/2025-2026/Spring_2026/ECE_410/ECE410/project/post_m3_Minor_Redesign/tb/tb_top.sv Line:256
Error: AXI MONITOR: core_C changed while core is idle
Time: 1765 ns  Iteration: 0  Process: /tb_top/u_mon//tb_top/u_mon  Scope: tb_top.u_mon  File: /run/media/sackb/Windows-SSD/Users/sackb/OneDrive/Desktop/University/Course_Work/2025-2026/Spring_2026/ECE_410/ECE410/project/post_m3_Minor_Redesign/tb/tb_top.sv Line: 257

Time: 1775 ns Started: 1765 ns Scope: /tb_top/u_mon File: /run/media/sackb/Windows-SSD/Users/sackb/OneDrive/Desktop/University/Course_Work/2025-2026/Spring_2026/ECE_410/ECE410/project/post_m3_Minor_Redesign/tb/tb_top.sv Line:256
Error: AXI MONITOR: core_C changed while core is idle
Time: 1775 ns  Iteration: 0  Process: /tb_top/u_mon//tb_top/u_mon  Scope: tb_top.u_mon  File: /run/media/sackb/Windows-SSD/Users/sackb/OneDrive/Desktop/University/Course_Work/2025-2026/Spring_2026/ECE_410/ECE410/project/post_m3_Minor_Redesign/tb/tb_top.sv Line: 257

Time: 1785 ns Started: 1775 ns Scope: /tb_top/u_mon File: /run/media/sackb/Windows-SSD/Users/sackb/OneDrive/Desktop/University/Course_Work/2025-2026/Spring_2026/ECE_410/ECE410/project/post_m3_Minor_Redesign/tb/tb_top.sv Line:256
Error: AXI MONITOR: core_C changed while core is idle
Time: 1785 ns  Iteration: 0  Process: /tb_top/u_mon//tb_top/u_mon  Scope: tb_top.u_mon  File: /run/media/sackb/Windows-SSD/Users/sackb/OneDrive/Desktop/University/Course_Work/2025-2026/Spring_2026/ECE_410/ECE410/project/post_m3_Minor_Redesign/tb/tb_top.sv Line: 257

Time: 1795 ns Started: 1785 ns Scope: /tb_top/u_mon File: /run/media/sackb/Windows-SSD/Users/sackb/OneDrive/Desktop/University/Course_Work/2025-2026/Spring_2026/ECE_410/ECE410/project/post_m3_Minor_Redesign/tb/tb_top.sv Line:256
Error: AXI MONITOR: core_C changed while core is idle
Time: 1795 ns  Iteration: 0  Process: /tb_top/u_mon//tb_top/u_mon  Scope: tb_top.u_mon  File: /run/media/sackb/Windows-SSD/Users/sackb/OneDrive/Desktop/University/Course_Work/2025-2026/Spring_2026/ECE_410/ECE410/project/post_m3_Minor_Redesign/tb/tb_top.sv Line: 257

Time: 1805 ns Started: 1795 ns Scope: /tb_top/u_mon File: /run/media/sackb/Windows-SSD/Users/sackb/OneDrive/Desktop/University/Course_Work/2025-2026/Spring_2026/ECE_410/ECE410/project/post_m3_Minor_Redesign/tb/tb_top.sv Line:256
Error: AXI MONITOR: core_C changed while core is idle
Time: 1805 ns  Iteration: 0  Process: /tb_top/u_mon//tb_top/u_mon  Scope: tb_top.u_mon  File: /run/media/sackb/Windows-SSD/Users/sackb/OneDrive/Desktop/University/Course_Work/2025-2026/Spring_2026/ECE_410/ECE410/project/post_m3_Minor_Redesign/tb/tb_top.sv Line: 257

Time: 1815 ns Started: 1805 ns Scope: /tb_top/u_mon File: /run/media/sackb/Windows-SSD/Users/sackb/OneDrive/Desktop/University/Course_Work/2025-2026/Spring_2026/ECE_410/ECE410/project/post_m3_Minor_Redesign/tb/tb_top.sv Line:256
Error: AXI MONITOR: core_C changed while core is idle
Time: 1815 ns  Iteration: 0  Process: /tb_top/u_mon//tb_top/u_mon  Scope: tb_top.u_mon  File: /run/media/sackb/Windows-SSD/Users/sackb/OneDrive/Desktop/University/Course_Work/2025-2026/Spring_2026/ECE_410/ECE410/project/post_m3_Minor_Redesign/tb/tb_top.sv Line: 257

Time: 1825 ns Started: 1815 ns Scope: /tb_top/u_mon File: /run/media/sackb/Windows-SSD/Users/sackb/OneDrive/Desktop/University/Course_Work/2025-2026/Spring_2026/ECE_410/ECE410/project/post_m3_Minor_Redesign/tb/tb_top.sv Line:256
Error: AXI MONITOR: core_C changed while core is idle
Time: 1825 ns  Iteration: 0  Process: /tb_top/u_mon//tb_top/u_mon  Scope: tb_top.u_mon  File: /run/media/sackb/Windows-SSD/Users/sackb/OneDrive/Desktop/University/Course_Work/2025-2026/Spring_2026/ECE_410/ECE410/project/post_m3_Minor_Redesign/tb/tb_top.sv Line: 257

Time: 1835 ns Started: 1825 ns Scope: /tb_top/u_mon File: /run/media/sackb/Windows-SSD/Users/sackb/OneDrive/Desktop/University/Course_Work/2025-2026/Spring_2026/ECE_410/ECE410/project/post_m3_Minor_Redesign/tb/tb_top.sv Line:256
Error: AXI MONITOR: core_C changed while core is idle
Time: 1835 ns  Iteration: 0  Process: /tb_top/u_mon//tb_top/u_mon  Scope: tb_top.u_mon  File: /run/media/sackb/Windows-SSD/Users/sackb/OneDrive/Desktop/University/Course_Work/2025-2026/Spring_2026/ECE_410/ECE410/project/post_m3_Minor_Redesign/tb/tb_top.sv Line: 257

Time: 1845 ns Started: 1835 ns Scope: /tb_top/u_mon File: /run/media/sackb/Windows-SSD/Users/sackb/OneDrive/Desktop/University/Course_Work/2025-2026/Spring_2026/ECE_410/ECE410/project/post_m3_Minor_Redesign/tb/tb_top.sv Line:256
Error: AXI MONITOR: core_C changed while core is idle
Time: 1845 ns  Iteration: 0  Process: /tb_top/u_mon//tb_top/u_mon  Scope: tb_top.u_mon  File: /run/media/sackb/Windows-SSD/Users/sackb/OneDrive/Desktop/University/Course_Work/2025-2026/Spring_2026/ECE_410/ECE410/project/post_m3_Minor_Redesign/tb/tb_top.sv Line: 257

Time: 1855 ns Started: 1845 ns Scope: /tb_top/u_mon File: /run/media/sackb/Windows-SSD/Users/sackb/OneDrive/Desktop/University/Course_Work/2025-2026/Spring_2026/ECE_410/ECE410/project/post_m3_Minor_Redesign/tb/tb_top.sv Line:256
Error: AXI MONITOR: core_C changed while core is idle
Time: 1855 ns  Iteration: 0  Process: /tb_top/u_mon//tb_top/u_mon  Scope: tb_top.u_mon  File: /run/media/sackb/Windows-SSD/Users/sackb/OneDrive/Desktop/University/Course_Work/2025-2026/Spring_2026/ECE_410/ECE410/project/post_m3_Minor_Redesign/tb/tb_top.sv Line: 257

Time: 1865 ns Started: 1855 ns Scope: /tb_top/u_mon File: /run/media/sackb/Windows-SSD/Users/sackb/OneDrive/Desktop/University/Course_Work/2025-2026/Spring_2026/ECE_410/ECE410/project/post_m3_Minor_Redesign/tb/tb_top.sv Line:256
Error: AXI MONITOR: core_C changed while core is idle
Time: 1865 ns  Iteration: 0  Process: /tb_top/u_mon//tb_top/u_mon  Scope: tb_top.u_mon  File: /run/media/sackb/Windows-SSD/Users/sackb/OneDrive/Desktop/University/Course_Work/2025-2026/Spring_2026/ECE_410/ECE410/project/post_m3_Minor_Redesign/tb/tb_top.sv Line: 257

Time: 1875 ns Started: 1865 ns Scope: /tb_top/u_mon File: /run/media/sackb/Windows-SSD/Users/sackb/OneDrive/Desktop/University/Course_Work/2025-2026/Spring_2026/ECE_410/ECE410/project/post_m3_Minor_Redesign/tb/tb_top.sv Line:256
Error: AXI MONITOR: core_C changed while core is idle
Time: 1875 ns  Iteration: 0  Process: /tb_top/u_mon//tb_top/u_mon  Scope: tb_top.u_mon  File: /run/media/sackb/Windows-SSD/Users/sackb/OneDrive/Desktop/University/Course_Work/2025-2026/Spring_2026/ECE_410/ECE410/project/post_m3_Minor_Redesign/tb/tb_top.sv Line: 257

Time: 1885 ns Started: 1875 ns Scope: /tb_top/u_mon File: /run/media/sackb/Windows-SSD/Users/sackb/OneDrive/Desktop/University/Course_Work/2025-2026/Spring_2026/ECE_410/ECE410/project/post_m3_Minor_Redesign/tb/tb_top.sv Line:256
Error: AXI MONITOR: core_C changed while core is idle
Time: 1885 ns  Iteration: 0  Process: /tb_top/u_mon//tb_top/u_mon  Scope: tb_top.u_mon  File: /run/media/sackb/Windows-SSD/Users/sackb/OneDrive/Desktop/University/Course_Work/2025-2026/Spring_2026/ECE_410/ECE410/project/post_m3_Minor_Redesign/tb/tb_top.sv Line: 257

Time: 1895 ns Started: 1885 ns Scope: /tb_top/u_mon File: /run/media/sackb/Windows-SSD/Users/sackb/OneDrive/Desktop/University/Course_Work/2025-2026/Spring_2026/ECE_410/ECE410/project/post_m3_Minor_Redesign/tb/tb_top.sv Line:256
Error: AXI MONITOR: core_C changed while core is idle
Time: 1895 ns  Iteration: 0  Process: /tb_top/u_mon//tb_top/u_mon  Scope: tb_top.u_mon  File: /run/media/sackb/Windows-SSD/Users/sackb/OneDrive/Desktop/University/Course_Work/2025-2026/Spring_2026/ECE_410/ECE410/project/post_m3_Minor_Redesign/tb/tb_top.sv Line: 257

Time: 1905 ns Started: 1895 ns Scope: /tb_top/u_mon File: /run/media/sackb/Windows-SSD/Users/sackb/OneDrive/Desktop/University/Course_Work/2025-2026/Spring_2026/ECE_410/ECE410/project/post_m3_Minor_Redesign/tb/tb_top.sv Line:256
Error: AXI MONITOR: core_C changed while core is idle
Time: 1905 ns  Iteration: 0  Process: /tb_top/u_mon//tb_top/u_mon  Scope: tb_top.u_mon  File: /run/media/sackb/Windows-SSD/Users/sackb/OneDrive/Desktop/University/Course_Work/2025-2026/Spring_2026/ECE_410/ECE410/project/post_m3_Minor_Redesign/tb/tb_top.sv Line: 257

Time: 1915 ns Started: 1905 ns Scope: /tb_top/u_mon File: /run/media/sackb/Windows-SSD/Users/sackb/OneDrive/Desktop/University/Course_Work/2025-2026/Spring_2026/ECE_410/ECE410/project/post_m3_Minor_Redesign/tb/tb_top.sv Line:256
Error: AXI MONITOR: core_C changed while core is idle
Time: 1915 ns  Iteration: 0  Process: /tb_top/u_mon//tb_top/u_mon  Scope: tb_top.u_mon  File: /run/media/sackb/Windows-SSD/Users/sackb/OneDrive/Desktop/University/Course_Work/2025-2026/Spring_2026/ECE_410/ECE410/project/post_m3_Minor_Redesign/tb/tb_top.sv Line: 257

Time: 1925 ns Started: 1915 ns Scope: /tb_top/u_mon File: /run/media/sackb/Windows-SSD/Users/sackb/OneDrive/Desktop/University/Course_Work/2025-2026/Spring_2026/ECE_410/ECE410/project/post_m3_Minor_Redesign/tb/tb_top.sv Line:256
Error: AXI MONITOR: core_C changed while core is idle
Time: 1925 ns  Iteration: 0  Process: /tb_top/u_mon//tb_top/u_mon  Scope: tb_top.u_mon  File: /run/media/sackb/Windows-SSD/Users/sackb/OneDrive/Desktop/University/Course_Work/2025-2026/Spring_2026/ECE_410/ECE410/project/post_m3_Minor_Redesign/tb/tb_top.sv Line: 257

Time: 1935 ns Started: 1925 ns Scope: /tb_top/u_mon File: /run/media/sackb/Windows-SSD/Users/sackb/OneDrive/Desktop/University/Course_Work/2025-2026/Spring_2026/ECE_410/ECE410/project/post_m3_Minor_Redesign/tb/tb_top.sv Line:256
Error: AXI MONITOR: core_C changed while core is idle
Time: 1935 ns  Iteration: 0  Process: /tb_top/u_mon//tb_top/u_mon  Scope: tb_top.u_mon  File: /run/media/sackb/Windows-SSD/Users/sackb/OneDrive/Desktop/University/Course_Work/2025-2026/Spring_2026/ECE_410/ECE410/project/post_m3_Minor_Redesign/tb/tb_top.sv Line: 257

Time: 1945 ns Started: 1935 ns Scope: /tb_top/u_mon File: /run/media/sackb/Windows-SSD/Users/sackb/OneDrive/Desktop/University/Course_Work/2025-2026/Spring_2026/ECE_410/ECE410/project/post_m3_Minor_Redesign/tb/tb_top.sv Line:256
Error: AXI MONITOR: core_C changed while core is idle
Time: 1945 ns  Iteration: 0  Process: /tb_top/u_mon//tb_top/u_mon  Scope: tb_top.u_mon  File: /run/media/sackb/Windows-SSD/Users/sackb/OneDrive/Desktop/University/Course_Work/2025-2026/Spring_2026/ECE_410/ECE410/project/post_m3_Minor_Redesign/tb/tb_top.sv Line: 257

Time: 1955 ns Started: 1945 ns Scope: /tb_top/u_mon File: /run/media/sackb/Windows-SSD/Users/sackb/OneDrive/Desktop/University/Course_Work/2025-2026/Spring_2026/ECE_410/ECE410/project/post_m3_Minor_Redesign/tb/tb_top.sv Line:256
Error: AXI MONITOR: core_C changed while core is idle
Time: 1955 ns  Iteration: 0  Process: /tb_top/u_mon//tb_top/u_mon  Scope: tb_top.u_mon  File: /run/media/sackb/Windows-SSD/Users/sackb/OneDrive/Desktop/University/Course_Work/2025-2026/Spring_2026/ECE_410/ECE410/project/post_m3_Minor_Redesign/tb/tb_top.sv Line: 257

Time: 1965 ns Started: 1955 ns Scope: /tb_top/u_mon File: /run/media/sackb/Windows-SSD/Users/sackb/OneDrive/Desktop/University/Course_Work/2025-2026/Spring_2026/ECE_410/ECE410/project/post_m3_Minor_Redesign/tb/tb_top.sv Line:256
Error: AXI MONITOR: core_C changed while core is idle
Time: 1965 ns  Iteration: 0  Process: /tb_top/u_mon//tb_top/u_mon  Scope: tb_top.u_mon  File: /run/media/sackb/Windows-SSD/Users/sackb/OneDrive/Desktop/University/Course_Work/2025-2026/Spring_2026/ECE_410/ECE410/project/post_m3_Minor_Redesign/tb/tb_top.sv Line: 257

Time: 1975 ns Started: 1965 ns Scope: /tb_top/u_mon File: /run/media/sackb/Windows-SSD/Users/sackb/OneDrive/Desktop/University/Course_Work/2025-2026/Spring_2026/ECE_410/ECE410/project/post_m3_Minor_Redesign/tb/tb_top.sv Line:256
Error: AXI MONITOR: core_C changed while core is idle
Time: 1975 ns  Iteration: 0  Process: /tb_top/u_mon//tb_top/u_mon  Scope: tb_top.u_mon  File: /run/media/sackb/Windows-SSD/Users/sackb/OneDrive/Desktop/University/Course_Work/2025-2026/Spring_2026/ECE_410/ECE410/project/post_m3_Minor_Redesign/tb/tb_top.sv Line: 257

Time: 1985 ns Started: 1975 ns Scope: /tb_top/u_mon File: /run/media/sackb/Windows-SSD/Users/sackb/OneDrive/Desktop/University/Course_Work/2025-2026/Spring_2026/ECE_410/ECE410/project/post_m3_Minor_Redesign/tb/tb_top.sv Line:256
Error: AXI MONITOR: core_C changed while core is idle
Time: 1985 ns  Iteration: 0  Process: /tb_top/u_mon//tb_top/u_mon  Scope: tb_top.u_mon  File: /run/media/sackb/Windows-SSD/Users/sackb/OneDrive/Desktop/University/Course_Work/2025-2026/Spring_2026/ECE_410/ECE410/project/post_m3_Minor_Redesign/tb/tb_top.sv Line: 257

Time: 1995 ns Started: 1985 ns Scope: /tb_top/u_mon File: /run/media/sackb/Windows-SSD/Users/sackb/OneDrive/Desktop/University/Course_Work/2025-2026/Spring_2026/ECE_410/ECE410/project/post_m3_Minor_Redesign/tb/tb_top.sv Line:256
Error: AXI MONITOR: core_C changed while core is idle
Time: 1995 ns  Iteration: 0  Process: /tb_top/u_mon//tb_top/u_mon  Scope: tb_top.u_mon  File: /run/media/sackb/Windows-SSD/Users/sackb/OneDrive/Desktop/University/Course_Work/2025-2026/Spring_2026/ECE_410/ECE410/project/post_m3_Minor_Redesign/tb/tb_top.sv Line: 257
TB_TOP: Iteration 0 complete
TB_TOP: Starting iteration 1

Time: 2005 ns Started: 1995 ns Scope: /tb_top/u_mon File: /run/media/sackb/Windows-SSD/Users/sackb/OneDrive/Desktop/University/Course_Work/2025-2026/Spring_2026/ECE_410/ECE410/project/post_m3_Minor_Redesign/tb/tb_top.sv Line:256
Error: AXI MONITOR: core_C changed while core is idle
Time: 2005 ns  Iteration: 0  Process: /tb_top/u_mon//tb_top/u_mon  Scope: tb_top.u_mon  File: /run/media/sackb/Windows-SSD/Users/sackb/OneDrive/Desktop/University/Course_Work/2025-2026/Spring_2026/ECE_410/ECE410/project/post_m3_Minor_Redesign/tb/tb_top.sv Line: 257

Time: 2015 ns Started: 2005 ns Scope: /tb_top/u_mon File: /run/media/sackb/Windows-SSD/Users/sackb/OneDrive/Desktop/University/Course_Work/2025-2026/Spring_2026/ECE_410/ECE410/project/post_m3_Minor_Redesign/tb/tb_top.sv Line:256
Error: AXI MONITOR: core_C changed while core is idle
Time: 2015 ns  Iteration: 0  Process: /tb_top/u_mon//tb_top/u_mon  Scope: tb_top.u_mon  File: /run/media/sackb/Windows-SSD/Users/sackb/OneDrive/Desktop/University/Course_Work/2025-2026/Spring_2026/ECE_410/ECE410/project/post_m3_Minor_Redesign/tb/tb_top.sv Line: 257

Time: 2025 ns Started: 2015 ns Scope: /tb_top/u_mon File: /run/media/sackb/Windows-SSD/Users/sackb/OneDrive/Desktop/University/Course_Work/2025-2026/Spring_2026/ECE_410/ECE410/project/post_m3_Minor_Redesign/tb/tb_top.sv Line:256
Error: AXI MONITOR: core_C changed while core is idle
Time: 2025 ns  Iteration: 0  Process: /tb_top/u_mon//tb_top/u_mon  Scope: tb_top.u_mon  File: /run/media/sackb/Windows-SSD/Users/sackb/OneDrive/Desktop/University/Course_Work/2025-2026/Spring_2026/ECE_410/ECE410/project/post_m3_Minor_Redesign/tb/tb_top.sv Line: 257

Time: 2035 ns Started: 2025 ns Scope: /tb_top/u_mon File: /run/media/sackb/Windows-SSD/Users/sackb/OneDrive/Desktop/University/Course_Work/2025-2026/Spring_2026/ECE_410/ECE410/project/post_m3_Minor_Redesign/tb/tb_top.sv Line:256
Error: AXI MONITOR: core_C changed while core is idle
Time: 2035 ns  Iteration: 0  Process: /tb_top/u_mon//tb_top/u_mon  Scope: tb_top.u_mon  File: /run/media/sackb/Windows-SSD/Users/sackb/OneDrive/Desktop/University/Course_Work/2025-2026/Spring_2026/ECE_410/ECE410/project/post_m3_Minor_Redesign/tb/tb_top.sv Line: 257

Time: 2045 ns Started: 2035 ns Scope: /tb_top/u_mon File: /run/media/sackb/Windows-SSD/Users/sackb/OneDrive/Desktop/University/Course_Work/2025-2026/Spring_2026/ECE_410/ECE410/project/post_m3_Minor_Redesign/tb/tb_top.sv Line:256
Error: AXI MONITOR: core_C changed while core is idle
Time: 2045 ns  Iteration: 0  Process: /tb_top/u_mon//tb_top/u_mon  Scope: tb_top.u_mon  File: /run/media/sackb/Windows-SSD/Users/sackb/OneDrive/Desktop/University/Course_Work/2025-2026/Spring_2026/ECE_410/ECE410/project/post_m3_Minor_Redesign/tb/tb_top.sv Line: 257

Time: 2055 ns Started: 2045 ns Scope: /tb_top/u_mon File: /run/media/sackb/Windows-SSD/Users/sackb/OneDrive/Desktop/University/Course_Work/2025-2026/Spring_2026/ECE_410/ECE410/project/post_m3_Minor_Redesign/tb/tb_top.sv Line:256
Error: AXI MONITOR: core_C changed while core is idle
Time: 2055 ns  Iteration: 0  Process: /tb_top/u_mon//tb_top/u_mon  Scope: tb_top.u_mon  File: /run/media/sackb/Windows-SSD/Users/sackb/OneDrive/Desktop/University/Course_Work/2025-2026/Spring_2026/ECE_410/ECE410/project/post_m3_Minor_Redesign/tb/tb_top.sv Line: 257

Time: 2065 ns Started: 2055 ns Scope: /tb_top/u_mon File: /run/media/sackb/Windows-SSD/Users/sackb/OneDrive/Desktop/University/Course_Work/2025-2026/Spring_2026/ECE_410/ECE410/project/post_m3_Minor_Redesign/tb/tb_top.sv Line:256
Error: AXI MONITOR: core_C changed while core is idle
Time: 2065 ns  Iteration: 0  Process: /tb_top/u_mon//tb_top/u_mon  Scope: tb_top.u_mon  File: /run/media/sackb/Windows-SSD/Users/sackb/OneDrive/Desktop/University/Course_Work/2025-2026/Spring_2026/ECE_410/ECE410/project/post_m3_Minor_Redesign/tb/tb_top.sv Line: 257

Time: 2075 ns Started: 2065 ns Scope: /tb_top/u_mon File: /run/media/sackb/Windows-SSD/Users/sackb/OneDrive/Desktop/University/Course_Work/2025-2026/Spring_2026/ECE_410/ECE410/project/post_m3_Minor_Redesign/tb/tb_top.sv Line:256
Error: AXI MONITOR: core_C changed while core is idle
Time: 2075 ns  Iteration: 0  Process: /tb_top/u_mon//tb_top/u_mon  Scope: tb_top.u_mon  File: /run/media/sackb/Windows-SSD/Users/sackb/OneDrive/Desktop/University/Course_Work/2025-2026/Spring_2026/ECE_410/ECE410/project/post_m3_Minor_Redesign/tb/tb_top.sv Line: 257

Time: 2085 ns Started: 2075 ns Scope: /tb_top/u_mon File: /run/media/sackb/Windows-SSD/Users/sackb/OneDrive/Desktop/University/Course_Work/2025-2026/Spring_2026/ECE_410/ECE410/project/post_m3_Minor_Redesign/tb/tb_top.sv Line:256
Error: AXI MONITOR: core_C changed while core is idle
Time: 2085 ns  Iteration: 0  Process: /tb_top/u_mon//tb_top/u_mon  Scope: tb_top.u_mon  File: /run/media/sackb/Windows-SSD/Users/sackb/OneDrive/Desktop/University/Course_Work/2025-2026/Spring_2026/ECE_410/ECE410/project/post_m3_Minor_Redesign/tb/tb_top.sv Line: 257

Time: 2095 ns Started: 2085 ns Scope: /tb_top/u_mon File: /run/media/sackb/Windows-SSD/Users/sackb/OneDrive/Desktop/University/Course_Work/2025-2026/Spring_2026/ECE_410/ECE410/project/post_m3_Minor_Redesign/tb/tb_top.sv Line:256
Error: AXI MONITOR: core_C changed while core is idle
Time: 2095 ns  Iteration: 0  Process: /tb_top/u_mon//tb_top/u_mon  Scope: tb_top.u_mon  File: /run/media/sackb/Windows-SSD/Users/sackb/OneDrive/Desktop/University/Course_Work/2025-2026/Spring_2026/ECE_410/ECE410/project/post_m3_Minor_Redesign/tb/tb_top.sv Line: 257

Time: 2105 ns Started: 2095 ns Scope: /tb_top/u_mon File: /run/media/sackb/Windows-SSD/Users/sackb/OneDrive/Desktop/University/Course_Work/2025-2026/Spring_2026/ECE_410/ECE410/project/post_m3_Minor_Redesign/tb/tb_top.sv Line:256
Error: AXI MONITOR: core_C changed while core is idle
Time: 2105 ns  Iteration: 0  Process: /tb_top/u_mon//tb_top/u_mon  Scope: tb_top.u_mon  File: /run/media/sackb/Windows-SSD/Users/sackb/OneDrive/Desktop/University/Course_Work/2025-2026/Spring_2026/ECE_410/ECE410/project/post_m3_Minor_Redesign/tb/tb_top.sv Line: 257

Time: 2115 ns Started: 2105 ns Scope: /tb_top/u_mon File: /run/media/sackb/Windows-SSD/Users/sackb/OneDrive/Desktop/University/Course_Work/2025-2026/Spring_2026/ECE_410/ECE410/project/post_m3_Minor_Redesign/tb/tb_top.sv Line:256
Error: AXI MONITOR: core_C changed while core is idle
Time: 2115 ns  Iteration: 0  Process: /tb_top/u_mon//tb_top/u_mon  Scope: tb_top.u_mon  File: /run/media/sackb/Windows-SSD/Users/sackb/OneDrive/Desktop/University/Course_Work/2025-2026/Spring_2026/ECE_410/ECE410/project/post_m3_Minor_Redesign/tb/tb_top.sv Line: 257

Time: 2125 ns Started: 2115 ns Scope: /tb_top/u_mon File: /run/media/sackb/Windows-SSD/Users/sackb/OneDrive/Desktop/University/Course_Work/2025-2026/Spring_2026/ECE_410/ECE410/project/post_m3_Minor_Redesign/tb/tb_top.sv Line:256
Error: AXI MONITOR: core_C changed while core is idle
Time: 2125 ns  Iteration: 0  Process: /tb_top/u_mon//tb_top/u_mon  Scope: tb_top.u_mon  File: /run/media/sackb/Windows-SSD/Users/sackb/OneDrive/Desktop/University/Course_Work/2025-2026/Spring_2026/ECE_410/ECE410/project/post_m3_Minor_Redesign/tb/tb_top.sv Line: 257

Time: 2135 ns Started: 2125 ns Scope: /tb_top/u_mon File: /run/media/sackb/Windows-SSD/Users/sackb/OneDrive/Desktop/University/Course_Work/2025-2026/Spring_2026/ECE_410/ECE410/project/post_m3_Minor_Redesign/tb/tb_top.sv Line:256
Error: AXI MONITOR: core_C changed while core is idle
Time: 2135 ns  Iteration: 0  Process: /tb_top/u_mon//tb_top/u_mon  Scope: tb_top.u_mon  File: /run/media/sackb/Windows-SSD/Users/sackb/OneDrive/Desktop/University/Course_Work/2025-2026/Spring_2026/ECE_410/ECE410/project/post_m3_Minor_Redesign/tb/tb_top.sv Line: 257

Time: 2145 ns Started: 2135 ns Scope: /tb_top/u_mon File: /run/media/sackb/Windows-SSD/Users/sackb/OneDrive/Desktop/University/Course_Work/2025-2026/Spring_2026/ECE_410/ECE410/project/post_m3_Minor_Redesign/tb/tb_top.sv Line:256
Error: AXI MONITOR: core_C changed while core is idle
Time: 2145 ns  Iteration: 0  Process: /tb_top/u_mon//tb_top/u_mon  Scope: tb_top.u_mon  File: /run/media/sackb/Windows-SSD/Users/sackb/OneDrive/Desktop/University/Course_Work/2025-2026/Spring_2026/ECE_410/ECE410/project/post_m3_Minor_Redesign/tb/tb_top.sv Line: 257

Time: 2155 ns Started: 2145 ns Scope: /tb_top/u_mon File: /run/media/sackb/Windows-SSD/Users/sackb/OneDrive/Desktop/University/Course_Work/2025-2026/Spring_2026/ECE_410/ECE410/project/post_m3_Minor_Redesign/tb/tb_top.sv Line:256
Error: AXI MONITOR: core_C changed while core is idle
Time: 2155 ns  Iteration: 0  Process: /tb_top/u_mon//tb_top/u_mon  Scope: tb_top.u_mon  File: /run/media/sackb/Windows-SSD/Users/sackb/OneDrive/Desktop/University/Course_Work/2025-2026/Spring_2026/ECE_410/ECE410/project/post_m3_Minor_Redesign/tb/tb_top.sv Line: 257

Time: 2165 ns Started: 2155 ns Scope: /tb_top/u_mon File: /run/media/sackb/Windows-SSD/Users/sackb/OneDrive/Desktop/University/Course_Work/2025-2026/Spring_2026/ECE_410/ECE410/project/post_m3_Minor_Redesign/tb/tb_top.sv Line:256
Error: AXI MONITOR: core_C changed while core is idle
Time: 2165 ns  Iteration: 0  Process: /tb_top/u_mon//tb_top/u_mon  Scope: tb_top.u_mon  File: /run/media/sackb/Windows-SSD/Users/sackb/OneDrive/Desktop/University/Course_Work/2025-2026/Spring_2026/ECE_410/ECE410/project/post_m3_Minor_Redesign/tb/tb_top.sv Line: 257

Time: 2175 ns Started: 2165 ns Scope: /tb_top/u_mon File: /run/media/sackb/Windows-SSD/Users/sackb/OneDrive/Desktop/University/Course_Work/2025-2026/Spring_2026/ECE_410/ECE410/project/post_m3_Minor_Redesign/tb/tb_top.sv Line:256
Error: AXI MONITOR: core_C changed while core is idle
Time: 2175 ns  Iteration: 0  Process: /tb_top/u_mon//tb_top/u_mon  Scope: tb_top.u_mon  File: /run/media/sackb/Windows-SSD/Users/sackb/OneDrive/Desktop/University/Course_Work/2025-2026/Spring_2026/ECE_410/ECE410/project/post_m3_Minor_Redesign/tb/tb_top.sv Line: 257

Time: 2185 ns Started: 2175 ns Scope: /tb_top/u_mon File: /run/media/sackb/Windows-SSD/Users/sackb/OneDrive/Desktop/University/Course_Work/2025-2026/Spring_2026/ECE_410/ECE410/project/post_m3_Minor_Redesign/tb/tb_top.sv Line:256
Error: AXI MONITOR: core_C changed while core is idle
Time: 2185 ns  Iteration: 0  Process: /tb_top/u_mon//tb_top/u_mon  Scope: tb_top.u_mon  File: /run/media/sackb/Windows-SSD/Users/sackb/OneDrive/Desktop/University/Course_Work/2025-2026/Spring_2026/ECE_410/ECE410/project/post_m3_Minor_Redesign/tb/tb_top.sv Line: 257

Time: 2195 ns Started: 2185 ns Scope: /tb_top/u_mon File: /run/media/sackb/Windows-SSD/Users/sackb/OneDrive/Desktop/University/Course_Work/2025-2026/Spring_2026/ECE_410/ECE410/project/post_m3_Minor_Redesign/tb/tb_top.sv Line:256
Error: AXI MONITOR: core_C changed while core is idle
Time: 2195 ns  Iteration: 0  Process: /tb_top/u_mon//tb_top/u_mon  Scope: tb_top.u_mon  File: /run/media/sackb/Windows-SSD/Users/sackb/OneDrive/Desktop/University/Course_Work/2025-2026/Spring_2026/ECE_410/ECE410/project/post_m3_Minor_Redesign/tb/tb_top.sv Line: 257

Time: 2205 ns Started: 2195 ns Scope: /tb_top/u_mon File: /run/media/sackb/Windows-SSD/Users/sackb/OneDrive/Desktop/University/Course_Work/2025-2026/Spring_2026/ECE_410/ECE410/project/post_m3_Minor_Redesign/tb/tb_top.sv Line:256
Error: AXI MONITOR: core_C changed while core is idle
Time: 2205 ns  Iteration: 0  Process: /tb_top/u_mon//tb_top/u_mon  Scope: tb_top.u_mon  File: /run/media/sackb/Windows-SSD/Users/sackb/OneDrive/Desktop/University/Course_Work/2025-2026/Spring_2026/ECE_410/ECE410/project/post_m3_Minor_Redesign/tb/tb_top.sv Line: 257

Time: 2215 ns Started: 2205 ns Scope: /tb_top/u_mon File: /run/media/sackb/Windows-SSD/Users/sackb/OneDrive/Desktop/University/Course_Work/2025-2026/Spring_2026/ECE_410/ECE410/project/post_m3_Minor_Redesign/tb/tb_top.sv Line:256
Error: AXI MONITOR: core_C changed while core is idle
Time: 2215 ns  Iteration: 0  Process: /tb_top/u_mon//tb_top/u_mon  Scope: tb_top.u_mon  File: /run/media/sackb/Windows-SSD/Users/sackb/OneDrive/Desktop/University/Course_Work/2025-2026/Spring_2026/ECE_410/ECE410/project/post_m3_Minor_Redesign/tb/tb_top.sv Line: 257

Time: 2225 ns Started: 2215 ns Scope: /tb_top/u_mon File: /run/media/sackb/Windows-SSD/Users/sackb/OneDrive/Desktop/University/Course_Work/2025-2026/Spring_2026/ECE_410/ECE410/project/post_m3_Minor_Redesign/tb/tb_top.sv Line:256
Error: AXI MONITOR: core_C changed while core is idle
Time: 2225 ns  Iteration: 0  Process: /tb_top/u_mon//tb_top/u_mon  Scope: tb_top.u_mon  File: /run/media/sackb/Windows-SSD/Users/sackb/OneDrive/Desktop/University/Course_Work/2025-2026/Spring_2026/ECE_410/ECE410/project/post_m3_Minor_Redesign/tb/tb_top.sv Line: 257

Time: 2235 ns Started: 2225 ns Scope: /tb_top/u_mon File: /run/media/sackb/Windows-SSD/Users/sackb/OneDrive/Desktop/University/Course_Work/2025-2026/Spring_2026/ECE_410/ECE410/project/post_m3_Minor_Redesign/tb/tb_top.sv Line:256
Error: AXI MONITOR: core_C changed while core is idle
Time: 2235 ns  Iteration: 0  Process: /tb_top/u_mon//tb_top/u_mon  Scope: tb_top.u_mon  File: /run/media/sackb/Windows-SSD/Users/sackb/OneDrive/Desktop/University/Course_Work/2025-2026/Spring_2026/ECE_410/ECE410/project/post_m3_Minor_Redesign/tb/tb_top.sv Line: 257

Time: 2245 ns Started: 2235 ns Scope: /tb_top/u_mon File: /run/media/sackb/Windows-SSD/Users/sackb/OneDrive/Desktop/University/Course_Work/2025-2026/Spring_2026/ECE_410/ECE410/project/post_m3_Minor_Redesign/tb/tb_top.sv Line:256
Error: AXI MONITOR: core_C changed while core is idle
Time: 2245 ns  Iteration: 0  Process: /tb_top/u_mon//tb_top/u_mon  Scope: tb_top.u_mon  File: /run/media/sackb/Windows-SSD/Users/sackb/OneDrive/Desktop/University/Course_Work/2025-2026/Spring_2026/ECE_410/ECE410/project/post_m3_Minor_Redesign/tb/tb_top.sv Line: 257

Time: 2255 ns Started: 2245 ns Scope: /tb_top/u_mon File: /run/media/sackb/Windows-SSD/Users/sackb/OneDrive/Desktop/University/Course_Work/2025-2026/Spring_2026/ECE_410/ECE410/project/post_m3_Minor_Redesign/tb/tb_top.sv Line:256
Error: AXI MONITOR: core_C changed while core is idle
Time: 2255 ns  Iteration: 0  Process: /tb_top/u_mon//tb_top/u_mon  Scope: tb_top.u_mon  File: /run/media/sackb/Windows-SSD/Users/sackb/OneDrive/Desktop/University/Course_Work/2025-2026/Spring_2026/ECE_410/ECE410/project/post_m3_Minor_Redesign/tb/tb_top.sv Line: 257

Time: 2265 ns Started: 2255 ns Scope: /tb_top/u_mon File: /run/media/sackb/Windows-SSD/Users/sackb/OneDrive/Desktop/University/Course_Work/2025-2026/Spring_2026/ECE_410/ECE410/project/post_m3_Minor_Redesign/tb/tb_top.sv Line:256
Error: AXI MONITOR: core_C changed while core is idle
Time: 2265 ns  Iteration: 0  Process: /tb_top/u_mon//tb_top/u_mon  Scope: tb_top.u_mon  File: /run/media/sackb/Windows-SSD/Users/sackb/OneDrive/Desktop/University/Course_Work/2025-2026/Spring_2026/ECE_410/ECE410/project/post_m3_Minor_Redesign/tb/tb_top.sv Line: 257

Time: 2275 ns Started: 2265 ns Scope: /tb_top/u_mon File: /run/media/sackb/Windows-SSD/Users/sackb/OneDrive/Desktop/University/Course_Work/2025-2026/Spring_2026/ECE_410/ECE410/project/post_m3_Minor_Redesign/tb/tb_top.sv Line:256
Error: AXI MONITOR: core_C changed while core is idle
Time: 2275 ns  Iteration: 0  Process: /tb_top/u_mon//tb_top/u_mon  Scope: tb_top.u_mon  File: /run/media/sackb/Windows-SSD/Users/sackb/OneDrive/Desktop/University/Course_Work/2025-2026/Spring_2026/ECE_410/ECE410/project/post_m3_Minor_Redesign/tb/tb_top.sv Line: 257

Time: 2285 ns Started: 2275 ns Scope: /tb_top/u_mon File: /run/media/sackb/Windows-SSD/Users/sackb/OneDrive/Desktop/University/Course_Work/2025-2026/Spring_2026/ECE_410/ECE410/project/post_m3_Minor_Redesign/tb/tb_top.sv Line:256
Error: AXI MONITOR: core_C changed while core is idle
Time: 2285 ns  Iteration: 0  Process: /tb_top/u_mon//tb_top/u_mon  Scope: tb_top.u_mon  File: /run/media/sackb/Windows-SSD/Users/sackb/OneDrive/Desktop/University/Course_Work/2025-2026/Spring_2026/ECE_410/ECE410/project/post_m3_Minor_Redesign/tb/tb_top.sv Line: 257

Time: 2295 ns Started: 2285 ns Scope: /tb_top/u_mon File: /run/media/sackb/Windows-SSD/Users/sackb/OneDrive/Desktop/University/Course_Work/2025-2026/Spring_2026/ECE_410/ECE410/project/post_m3_Minor_Redesign/tb/tb_top.sv Line:256
Error: AXI MONITOR: core_C changed while core is idle
Time: 2295 ns  Iteration: 0  Process: /tb_top/u_mon//tb_top/u_mon  Scope: tb_top.u_mon  File: /run/media/sackb/Windows-SSD/Users/sackb/OneDrive/Desktop/University/Course_Work/2025-2026/Spring_2026/ECE_410/ECE410/project/post_m3_Minor_Redesign/tb/tb_top.sv Line: 257

Time: 2305 ns Started: 2295 ns Scope: /tb_top/u_mon File: /run/media/sackb/Windows-SSD/Users/sackb/OneDrive/Desktop/University/Course_Work/2025-2026/Spring_2026/ECE_410/ECE410/project/post_m3_Minor_Redesign/tb/tb_top.sv Line:256
Error: AXI MONITOR: core_C changed while core is idle
Time: 2305 ns  Iteration: 0  Process: /tb_top/u_mon//tb_top/u_mon  Scope: tb_top.u_mon  File: /run/media/sackb/Windows-SSD/Users/sackb/OneDrive/Desktop/University/Course_Work/2025-2026/Spring_2026/ECE_410/ECE410/project/post_m3_Minor_Redesign/tb/tb_top.sv Line: 257

Time: 2315 ns Started: 2305 ns Scope: /tb_top/u_mon File: /run/media/sackb/Windows-SSD/Users/sackb/OneDrive/Desktop/University/Course_Work/2025-2026/Spring_2026/ECE_410/ECE410/project/post_m3_Minor_Redesign/tb/tb_top.sv Line:256
Error: AXI MONITOR: core_C changed while core is idle
Time: 2315 ns  Iteration: 0  Process: /tb_top/u_mon//tb_top/u_mon  Scope: tb_top.u_mon  File: /run/media/sackb/Windows-SSD/Users/sackb/OneDrive/Desktop/University/Course_Work/2025-2026/Spring_2026/ECE_410/ECE410/project/post_m3_Minor_Redesign/tb/tb_top.sv Line: 257

Time: 2325 ns Started: 2315 ns Scope: /tb_top/u_mon File: /run/media/sackb/Windows-SSD/Users/sackb/OneDrive/Desktop/University/Course_Work/2025-2026/Spring_2026/ECE_410/ECE410/project/post_m3_Minor_Redesign/tb/tb_top.sv Line:256
Error: AXI MONITOR: core_C changed while core is idle
Time: 2325 ns  Iteration: 0  Process: /tb_top/u_mon//tb_top/u_mon  Scope: tb_top.u_mon  File: /run/media/sackb/Windows-SSD/Users/sackb/OneDrive/Desktop/University/Course_Work/2025-2026/Spring_2026/ECE_410/ECE410/project/post_m3_Minor_Redesign/tb/tb_top.sv Line: 257

Time: 2335 ns Started: 2325 ns Scope: /tb_top/u_mon File: /run/media/sackb/Windows-SSD/Users/sackb/OneDrive/Desktop/University/Course_Work/2025-2026/Spring_2026/ECE_410/ECE410/project/post_m3_Minor_Redesign/tb/tb_top.sv Line:256
Error: AXI MONITOR: core_C changed while core is idle
Time: 2335 ns  Iteration: 0  Process: /tb_top/u_mon//tb_top/u_mon  Scope: tb_top.u_mon  File: /run/media/sackb/Windows-SSD/Users/sackb/OneDrive/Desktop/University/Course_Work/2025-2026/Spring_2026/ECE_410/ECE410/project/post_m3_Minor_Redesign/tb/tb_top.sv Line: 257

Time: 2345 ns Started: 2335 ns Scope: /tb_top/u_mon File: /run/media/sackb/Windows-SSD/Users/sackb/OneDrive/Desktop/University/Course_Work/2025-2026/Spring_2026/ECE_410/ECE410/project/post_m3_Minor_Redesign/tb/tb_top.sv Line:256
Error: AXI MONITOR: core_C changed while core is idle
Time: 2345 ns  Iteration: 0  Process: /tb_top/u_mon//tb_top/u_mon  Scope: tb_top.u_mon  File: /run/media/sackb/Windows-SSD/Users/sackb/OneDrive/Desktop/University/Course_Work/2025-2026/Spring_2026/ECE_410/ECE410/project/post_m3_Minor_Redesign/tb/tb_top.sv Line: 257

Time: 2355 ns Started: 2345 ns Scope: /tb_top/u_mon File: /run/media/sackb/Windows-SSD/Users/sackb/OneDrive/Desktop/University/Course_Work/2025-2026/Spring_2026/ECE_410/ECE410/project/post_m3_Minor_Redesign/tb/tb_top.sv Line:256
Error: AXI MONITOR: core_C changed while core is idle
Time: 2355 ns  Iteration: 0  Process: /tb_top/u_mon//tb_top/u_mon  Scope: tb_top.u_mon  File: /run/media/sackb/Windows-SSD/Users/sackb/OneDrive/Desktop/University/Course_Work/2025-2026/Spring_2026/ECE_410/ECE410/project/post_m3_Minor_Redesign/tb/tb_top.sv Line: 257

Time: 2365 ns Started: 2355 ns Scope: /tb_top/u_mon File: /run/media/sackb/Windows-SSD/Users/sackb/OneDrive/Desktop/University/Course_Work/2025-2026/Spring_2026/ECE_410/ECE410/project/post_m3_Minor_Redesign/tb/tb_top.sv Line:256
Error: AXI MONITOR: core_C changed while core is idle
Time: 2365 ns  Iteration: 0  Process: /tb_top/u_mon//tb_top/u_mon  Scope: tb_top.u_mon  File: /run/media/sackb/Windows-SSD/Users/sackb/OneDrive/Desktop/University/Course_Work/2025-2026/Spring_2026/ECE_410/ECE410/project/post_m3_Minor_Redesign/tb/tb_top.sv Line: 257

Time: 2375 ns Started: 2365 ns Scope: /tb_top/u_mon File: /run/media/sackb/Windows-SSD/Users/sackb/OneDrive/Desktop/University/Course_Work/2025-2026/Spring_2026/ECE_410/ECE410/project/post_m3_Minor_Redesign/tb/tb_top.sv Line:256
Error: AXI MONITOR: core_C changed while core is idle
Time: 2375 ns  Iteration: 0  Process: /tb_top/u_mon//tb_top/u_mon  Scope: tb_top.u_mon  File: /run/media/sackb/Windows-SSD/Users/sackb/OneDrive/Desktop/University/Course_Work/2025-2026/Spring_2026/ECE_410/ECE410/project/post_m3_Minor_Redesign/tb/tb_top.sv Line: 257

Time: 2385 ns Started: 2375 ns Scope: /tb_top/u_mon File: /run/media/sackb/Windows-SSD/Users/sackb/OneDrive/Desktop/University/Course_Work/2025-2026/Spring_2026/ECE_410/ECE410/project/post_m3_Minor_Redesign/tb/tb_top.sv Line:256
Error: AXI MONITOR: core_C changed while core is idle
Time: 2385 ns  Iteration: 0  Process: /tb_top/u_mon//tb_top/u_mon  Scope: tb_top.u_mon  File: /run/media/sackb/Windows-SSD/Users/sackb/OneDrive/Desktop/University/Course_Work/2025-2026/Spring_2026/ECE_410/ECE410/project/post_m3_Minor_Redesign/tb/tb_top.sv Line: 257

Time: 2395 ns Started: 2385 ns Scope: /tb_top/u_mon File: /run/media/sackb/Windows-SSD/Users/sackb/OneDrive/Desktop/University/Course_Work/2025-2026/Spring_2026/ECE_410/ECE410/project/post_m3_Minor_Redesign/tb/tb_top.sv Line:256
Error: AXI MONITOR: core_C changed while core is idle
Time: 2395 ns  Iteration: 0  Process: /tb_top/u_mon//tb_top/u_mon  Scope: tb_top.u_mon  File: /run/media/sackb/Windows-SSD/Users/sackb/OneDrive/Desktop/University/Course_Work/2025-2026/Spring_2026/ECE_410/ECE410/project/post_m3_Minor_Redesign/tb/tb_top.sv Line: 257

Time: 2405 ns Started: 2395 ns Scope: /tb_top/u_mon File: /run/media/sackb/Windows-SSD/Users/sackb/OneDrive/Desktop/University/Course_Work/2025-2026/Spring_2026/ECE_410/ECE410/project/post_m3_Minor_Redesign/tb/tb_top.sv Line:256
Error: AXI MONITOR: core_C changed while core is idle
Time: 2405 ns  Iteration: 0  Process: /tb_top/u_mon//tb_top/u_mon  Scope: tb_top.u_mon  File: /run/media/sackb/Windows-SSD/Users/sackb/OneDrive/Desktop/University/Course_Work/2025-2026/Spring_2026/ECE_410/ECE410/project/post_m3_Minor_Redesign/tb/tb_top.sv Line: 257

Time: 2415 ns Started: 2405 ns Scope: /tb_top/u_mon File: /run/media/sackb/Windows-SSD/Users/sackb/OneDrive/Desktop/University/Course_Work/2025-2026/Spring_2026/ECE_410/ECE410/project/post_m3_Minor_Redesign/tb/tb_top.sv Line:256
Error: AXI MONITOR: core_C changed while core is idle
Time: 2415 ns  Iteration: 0  Process: /tb_top/u_mon//tb_top/u_mon  Scope: tb_top.u_mon  File: /run/media/sackb/Windows-SSD/Users/sackb/OneDrive/Desktop/University/Course_Work/2025-2026/Spring_2026/ECE_410/ECE410/project/post_m3_Minor_Redesign/tb/tb_top.sv Line: 257

Time: 2425 ns Started: 2415 ns Scope: /tb_top/u_mon File: /run/media/sackb/Windows-SSD/Users/sackb/OneDrive/Desktop/University/Course_Work/2025-2026/Spring_2026/ECE_410/ECE410/project/post_m3_Minor_Redesign/tb/tb_top.sv Line:256
Error: AXI MONITOR: core_C changed while core is idle
Time: 2425 ns  Iteration: 0  Process: /tb_top/u_mon//tb_top/u_mon  Scope: tb_top.u_mon  File: /run/media/sackb/Windows-SSD/Users/sackb/OneDrive/Desktop/University/Course_Work/2025-2026/Spring_2026/ECE_410/ECE410/project/post_m3_Minor_Redesign/tb/tb_top.sv Line: 257

Time: 2435 ns Started: 2425 ns Scope: /tb_top/u_mon File: /run/media/sackb/Windows-SSD/Users/sackb/OneDrive/Desktop/University/Course_Work/2025-2026/Spring_2026/ECE_410/ECE410/project/post_m3_Minor_Redesign/tb/tb_top.sv Line:256
Error: AXI MONITOR: core_C changed while core is idle
Time: 2435 ns  Iteration: 0  Process: /tb_top/u_mon//tb_top/u_mon  Scope: tb_top.u_mon  File: /run/media/sackb/Windows-SSD/Users/sackb/OneDrive/Desktop/University/Course_Work/2025-2026/Spring_2026/ECE_410/ECE410/project/post_m3_Minor_Redesign/tb/tb_top.sv Line: 257

Time: 2445 ns Started: 2435 ns Scope: /tb_top/u_mon File: /run/media/sackb/Windows-SSD/Users/sackb/OneDrive/Desktop/University/Course_Work/2025-2026/Spring_2026/ECE_410/ECE410/project/post_m3_Minor_Redesign/tb/tb_top.sv Line:256
Error: AXI MONITOR: core_C changed while core is idle
Time: 2445 ns  Iteration: 0  Process: /tb_top/u_mon//tb_top/u_mon  Scope: tb_top.u_mon  File: /run/media/sackb/Windows-SSD/Users/sackb/OneDrive/Desktop/University/Course_Work/2025-2026/Spring_2026/ECE_410/ECE410/project/post_m3_Minor_Redesign/tb/tb_top.sv Line: 257

Time: 2455 ns Started: 2445 ns Scope: /tb_top/u_mon File: /run/media/sackb/Windows-SSD/Users/sackb/OneDrive/Desktop/University/Course_Work/2025-2026/Spring_2026/ECE_410/ECE410/project/post_m3_Minor_Redesign/tb/tb_top.sv Line:256
Error: AXI MONITOR: core_C changed while core is idle
Time: 2455 ns  Iteration: 0  Process: /tb_top/u_mon//tb_top/u_mon  Scope: tb_top.u_mon  File: /run/media/sackb/Windows-SSD/Users/sackb/OneDrive/Desktop/University/Course_Work/2025-2026/Spring_2026/ECE_410/ECE410/project/post_m3_Minor_Redesign/tb/tb_top.sv Line: 257

Time: 2465 ns Started: 2455 ns Scope: /tb_top/u_mon File: /run/media/sackb/Windows-SSD/Users/sackb/OneDrive/Desktop/University/Course_Work/2025-2026/Spring_2026/ECE_410/ECE410/project/post_m3_Minor_Redesign/tb/tb_top.sv Line:256
Error: AXI MONITOR: core_C changed while core is idle
Time: 2465 ns  Iteration: 0  Process: /tb_top/u_mon//tb_top/u_mon  Scope: tb_top.u_mon  File: /run/media/sackb/Windows-SSD/Users/sackb/OneDrive/Desktop/University/Course_Work/2025-2026/Spring_2026/ECE_410/ECE410/project/post_m3_Minor_Redesign/tb/tb_top.sv Line: 257

Time: 2475 ns Started: 2465 ns Scope: /tb_top/u_mon File: /run/media/sackb/Windows-SSD/Users/sackb/OneDrive/Desktop/University/Course_Work/2025-2026/Spring_2026/ECE_410/ECE410/project/post_m3_Minor_Redesign/tb/tb_top.sv Line:256
Error: AXI MONITOR: core_C changed while core is idle
Time: 2475 ns  Iteration: 0  Process: /tb_top/u_mon//tb_top/u_mon  Scope: tb_top.u_mon  File: /run/media/sackb/Windows-SSD/Users/sackb/OneDrive/Desktop/University/Course_Work/2025-2026/Spring_2026/ECE_410/ECE410/project/post_m3_Minor_Redesign/tb/tb_top.sv Line: 257

Time: 2485 ns Started: 2475 ns Scope: /tb_top/u_mon File: /run/media/sackb/Windows-SSD/Users/sackb/OneDrive/Desktop/University/Course_Work/2025-2026/Spring_2026/ECE_410/ECE410/project/post_m3_Minor_Redesign/tb/tb_top.sv Line:256
Error: AXI MONITOR: core_C changed while core is idle
Time: 2485 ns  Iteration: 0  Process: /tb_top/u_mon//tb_top/u_mon  Scope: tb_top.u_mon  File: /run/media/sackb/Windows-SSD/Users/sackb/OneDrive/Desktop/University/Course_Work/2025-2026/Spring_2026/ECE_410/ECE410/project/post_m3_Minor_Redesign/tb/tb_top.sv Line: 257

Time: 2495 ns Started: 2485 ns Scope: /tb_top/u_mon File: /run/media/sackb/Windows-SSD/Users/sackb/OneDrive/Desktop/University/Course_Work/2025-2026/Spring_2026/ECE_410/ECE410/project/post_m3_Minor_Redesign/tb/tb_top.sv Line:256
Error: AXI MONITOR: core_C changed while core is idle
Time: 2495 ns  Iteration: 0  Process: /tb_top/u_mon//tb_top/u_mon  Scope: tb_top.u_mon  File: /run/media/sackb/Windows-SSD/Users/sackb/OneDrive/Desktop/University/Course_Work/2025-2026/Spring_2026/ECE_410/ECE410/project/post_m3_Minor_Redesign/tb/tb_top.sv Line: 257

Time: 2505 ns Started: 2495 ns Scope: /tb_top/u_mon File: /run/media/sackb/Windows-SSD/Users/sackb/OneDrive/Desktop/University/Course_Work/2025-2026/Spring_2026/ECE_410/ECE410/project/post_m3_Minor_Redesign/tb/tb_top.sv Line:256
Error: AXI MONITOR: core_C changed while core is idle
Time: 2505 ns  Iteration: 0  Process: /tb_top/u_mon//tb_top/u_mon  Scope: tb_top.u_mon  File: /run/media/sackb/Windows-SSD/Users/sackb/OneDrive/Desktop/University/Course_Work/2025-2026/Spring_2026/ECE_410/ECE410/project/post_m3_Minor_Redesign/tb/tb_top.sv Line: 257

Time: 2515 ns Started: 2505 ns Scope: /tb_top/u_mon File: /run/media/sackb/Windows-SSD/Users/sackb/OneDrive/Desktop/University/Course_Work/2025-2026/Spring_2026/ECE_410/ECE410/project/post_m3_Minor_Redesign/tb/tb_top.sv Line:256
Error: AXI MONITOR: core_C changed while core is idle
Time: 2515 ns  Iteration: 0  Process: /tb_top/u_mon//tb_top/u_mon  Scope: tb_top.u_mon  File: /run/media/sackb/Windows-SSD/Users/sackb/OneDrive/Desktop/University/Course_Work/2025-2026/Spring_2026/ECE_410/ECE410/project/post_m3_Minor_Redesign/tb/tb_top.sv Line: 257

Time: 2525 ns Started: 2515 ns Scope: /tb_top/u_mon File: /run/media/sackb/Windows-SSD/Users/sackb/OneDrive/Desktop/University/Course_Work/2025-2026/Spring_2026/ECE_410/ECE410/project/post_m3_Minor_Redesign/tb/tb_top.sv Line:256
Error: AXI MONITOR: core_C changed while core is idle
Time: 2525 ns  Iteration: 0  Process: /tb_top/u_mon//tb_top/u_mon  Scope: tb_top.u_mon  File: /run/media/sackb/Windows-SSD/Users/sackb/OneDrive/Desktop/University/Course_Work/2025-2026/Spring_2026/ECE_410/ECE410/project/post_m3_Minor_Redesign/tb/tb_top.sv Line: 257

Time: 2535 ns Started: 2525 ns Scope: /tb_top/u_mon File: /run/media/sackb/Windows-SSD/Users/sackb/OneDrive/Desktop/University/Course_Work/2025-2026/Spring_2026/ECE_410/ECE410/project/post_m3_Minor_Redesign/tb/tb_top.sv Line:256
Error: AXI MONITOR: core_C changed while core is idle
Time: 2535 ns  Iteration: 0  Process: /tb_top/u_mon//tb_top/u_mon  Scope: tb_top.u_mon  File: /run/media/sackb/Windows-SSD/Users/sackb/OneDrive/Desktop/University/Course_Work/2025-2026/Spring_2026/ECE_410/ECE410/project/post_m3_Minor_Redesign/tb/tb_top.sv Line: 257

Time: 2545 ns Started: 2535 ns Scope: /tb_top/u_mon File: /run/media/sackb/Windows-SSD/Users/sackb/OneDrive/Desktop/University/Course_Work/2025-2026/Spring_2026/ECE_410/ECE410/project/post_m3_Minor_Redesign/tb/tb_top.sv Line:256
Error: AXI MONITOR: core_C changed while core is idle
Time: 2545 ns  Iteration: 0  Process: /tb_top/u_mon//tb_top/u_mon  Scope: tb_top.u_mon  File: /run/media/sackb/Windows-SSD/Users/sackb/OneDrive/Desktop/University/Course_Work/2025-2026/Spring_2026/ECE_410/ECE410/project/post_m3_Minor_Redesign/tb/tb_top.sv Line: 257

Time: 2555 ns Started: 2545 ns Scope: /tb_top/u_mon File: /run/media/sackb/Windows-SSD/Users/sackb/OneDrive/Desktop/University/Course_Work/2025-2026/Spring_2026/ECE_410/ECE410/project/post_m3_Minor_Redesign/tb/tb_top.sv Line:256
Error: AXI MONITOR: core_C changed while core is idle
Time: 2555 ns  Iteration: 0  Process: /tb_top/u_mon//tb_top/u_mon  Scope: tb_top.u_mon  File: /run/media/sackb/Windows-SSD/Users/sackb/OneDrive/Desktop/University/Course_Work/2025-2026/Spring_2026/ECE_410/ECE410/project/post_m3_Minor_Redesign/tb/tb_top.sv Line: 257

Time: 2565 ns Started: 2555 ns Scope: /tb_top/u_mon File: /run/media/sackb/Windows-SSD/Users/sackb/OneDrive/Desktop/University/Course_Work/2025-2026/Spring_2026/ECE_410/ECE410/project/post_m3_Minor_Redesign/tb/tb_top.sv Line:256
Error: AXI MONITOR: core_C changed while core is idle
Time: 2565 ns  Iteration: 0  Process: /tb_top/u_mon//tb_top/u_mon  Scope: tb_top.u_mon  File: /run/media/sackb/Windows-SSD/Users/sackb/OneDrive/Desktop/University/Course_Work/2025-2026/Spring_2026/ECE_410/ECE410/project/post_m3_Minor_Redesign/tb/tb_top.sv Line: 257

Time: 2575 ns Started: 2565 ns Scope: /tb_top/u_mon File: /run/media/sackb/Windows-SSD/Users/sackb/OneDrive/Desktop/University/Course_Work/2025-2026/Spring_2026/ECE_410/ECE410/project/post_m3_Minor_Redesign/tb/tb_top.sv Line:256
Error: AXI MONITOR: core_C changed while core is idle
Time: 2575 ns  Iteration: 0  Process: /tb_top/u_mon//tb_top/u_mon  Scope: tb_top.u_mon  File: /run/media/sackb/Windows-SSD/Users/sackb/OneDrive/Desktop/University/Course_Work/2025-2026/Spring_2026/ECE_410/ECE410/project/post_m3_Minor_Redesign/tb/tb_top.sv Line: 257

Time: 2585 ns Started: 2575 ns Scope: /tb_top/u_mon File: /run/media/sackb/Windows-SSD/Users/sackb/OneDrive/Desktop/University/Course_Work/2025-2026/Spring_2026/ECE_410/ECE410/project/post_m3_Minor_Redesign/tb/tb_top.sv Line:256
Error: AXI MONITOR: core_C changed while core is idle
Time: 2585 ns  Iteration: 0  Process: /tb_top/u_mon//tb_top/u_mon  Scope: tb_top.u_mon  File: /run/media/sackb/Windows-SSD/Users/sackb/OneDrive/Desktop/University/Course_Work/2025-2026/Spring_2026/ECE_410/ECE410/project/post_m3_Minor_Redesign/tb/tb_top.sv Line: 257

Time: 2595 ns Started: 2585 ns Scope: /tb_top/u_mon File: /run/media/sackb/Windows-SSD/Users/sackb/OneDrive/Desktop/University/Course_Work/2025-2026/Spring_2026/ECE_410/ECE410/project/post_m3_Minor_Redesign/tb/tb_top.sv Line:256
Error: AXI MONITOR: core_C changed while core is idle
Time: 2595 ns  Iteration: 0  Process: /tb_top/u_mon//tb_top/u_mon  Scope: tb_top.u_mon  File: /run/media/sackb/Windows-SSD/Users/sackb/OneDrive/Desktop/University/Course_Work/2025-2026/Spring_2026/ECE_410/ECE410/project/post_m3_Minor_Redesign/tb/tb_top.sv Line: 257

Time: 2605 ns Started: 2595 ns Scope: /tb_top/u_mon File: /run/media/sackb/Windows-SSD/Users/sackb/OneDrive/Desktop/University/Course_Work/2025-2026/Spring_2026/ECE_410/ECE410/project/post_m3_Minor_Redesign/tb/tb_top.sv Line:256
Error: AXI MONITOR: core_C changed while core is idle
Time: 2605 ns  Iteration: 0  Process: /tb_top/u_mon//tb_top/u_mon  Scope: tb_top.u_mon  File: /run/media/sackb/Windows-SSD/Users/sackb/OneDrive/Desktop/University/Course_Work/2025-2026/Spring_2026/ECE_410/ECE410/project/post_m3_Minor_Redesign/tb/tb_top.sv Line: 257

Time: 2615 ns Started: 2605 ns Scope: /tb_top/u_mon File: /run/media/sackb/Windows-SSD/Users/sackb/OneDrive/Desktop/University/Course_Work/2025-2026/Spring_2026/ECE_410/ECE410/project/post_m3_Minor_Redesign/tb/tb_top.sv Line:256
Error: AXI MONITOR: core_C changed while core is idle
Time: 2615 ns  Iteration: 0  Process: /tb_top/u_mon//tb_top/u_mon  Scope: tb_top.u_mon  File: /run/media/sackb/Windows-SSD/Users/sackb/OneDrive/Desktop/University/Course_Work/2025-2026/Spring_2026/ECE_410/ECE410/project/post_m3_Minor_Redesign/tb/tb_top.sv Line: 257

Time: 2625 ns Started: 2615 ns Scope: /tb_top/u_mon File: /run/media/sackb/Windows-SSD/Users/sackb/OneDrive/Desktop/University/Course_Work/2025-2026/Spring_2026/ECE_410/ECE410/project/post_m3_Minor_Redesign/tb/tb_top.sv Line:256
Error: AXI MONITOR: core_C changed while core is idle
Time: 2625 ns  Iteration: 0  Process: /tb_top/u_mon//tb_top/u_mon  Scope: tb_top.u_mon  File: /run/media/sackb/Windows-SSD/Users/sackb/OneDrive/Desktop/University/Course_Work/2025-2026/Spring_2026/ECE_410/ECE410/project/post_m3_Minor_Redesign/tb/tb_top.sv Line: 257

Time: 2635 ns Started: 2625 ns Scope: /tb_top/u_mon File: /run/media/sackb/Windows-SSD/Users/sackb/OneDrive/Desktop/University/Course_Work/2025-2026/Spring_2026/ECE_410/ECE410/project/post_m3_Minor_Redesign/tb/tb_top.sv Line:256
Error: AXI MONITOR: core_C changed while core is idle
Time: 2635 ns  Iteration: 0  Process: /tb_top/u_mon//tb_top/u_mon  Scope: tb_top.u_mon  File: /run/media/sackb/Windows-SSD/Users/sackb/OneDrive/Desktop/University/Course_Work/2025-2026/Spring_2026/ECE_410/ECE410/project/post_m3_Minor_Redesign/tb/tb_top.sv Line: 257

Time: 2645 ns Started: 2635 ns Scope: /tb_top/u_mon File: /run/media/sackb/Windows-SSD/Users/sackb/OneDrive/Desktop/University/Course_Work/2025-2026/Spring_2026/ECE_410/ECE410/project/post_m3_Minor_Redesign/tb/tb_top.sv Line:256
Error: AXI MONITOR: core_C changed while core is idle
Time: 2645 ns  Iteration: 0  Process: /tb_top/u_mon//tb_top/u_mon  Scope: tb_top.u_mon  File: /run/media/sackb/Windows-SSD/Users/sackb/OneDrive/Desktop/University/Course_Work/2025-2026/Spring_2026/ECE_410/ECE410/project/post_m3_Minor_Redesign/tb/tb_top.sv Line: 257

Time: 2655 ns Started: 2645 ns Scope: /tb_top/u_mon File: /run/media/sackb/Windows-SSD/Users/sackb/OneDrive/Desktop/University/Course_Work/2025-2026/Spring_2026/ECE_410/ECE410/project/post_m3_Minor_Redesign/tb/tb_top.sv Line:256
Error: AXI MONITOR: core_C changed while core is idle
Time: 2655 ns  Iteration: 0  Process: /tb_top/u_mon//tb_top/u_mon  Scope: tb_top.u_mon  File: /run/media/sackb/Windows-SSD/Users/sackb/OneDrive/Desktop/University/Course_Work/2025-2026/Spring_2026/ECE_410/ECE410/project/post_m3_Minor_Redesign/tb/tb_top.sv Line: 257

Time: 2665 ns Started: 2655 ns Scope: /tb_top/u_mon File: /run/media/sackb/Windows-SSD/Users/sackb/OneDrive/Desktop/University/Course_Work/2025-2026/Spring_2026/ECE_410/ECE410/project/post_m3_Minor_Redesign/tb/tb_top.sv Line:256
Error: AXI MONITOR: core_C changed while core is idle
Time: 2665 ns  Iteration: 0  Process: /tb_top/u_mon//tb_top/u_mon  Scope: tb_top.u_mon  File: /run/media/sackb/Windows-SSD/Users/sackb/OneDrive/Desktop/University/Course_Work/2025-2026/Spring_2026/ECE_410/ECE410/project/post_m3_Minor_Redesign/tb/tb_top.sv Line: 257

Time: 2675 ns Started: 2665 ns Scope: /tb_top/u_mon File: /run/media/sackb/Windows-SSD/Users/sackb/OneDrive/Desktop/University/Course_Work/2025-2026/Spring_2026/ECE_410/ECE410/project/post_m3_Minor_Redesign/tb/tb_top.sv Line:256
Error: AXI MONITOR: core_C changed while core is idle
Time: 2675 ns  Iteration: 0  Process: /tb_top/u_mon//tb_top/u_mon  Scope: tb_top.u_mon  File: /run/media/sackb/Windows-SSD/Users/sackb/OneDrive/Desktop/University/Course_Work/2025-2026/Spring_2026/ECE_410/ECE410/project/post_m3_Minor_Redesign/tb/tb_top.sv Line: 257

Time: 2685 ns Started: 2675 ns Scope: /tb_top/u_mon File: /run/media/sackb/Windows-SSD/Users/sackb/OneDrive/Desktop/University/Course_Work/2025-2026/Spring_2026/ECE_410/ECE410/project/post_m3_Minor_Redesign/tb/tb_top.sv Line:256
Error: AXI MONITOR: core_C changed while core is idle
Time: 2685 ns  Iteration: 0  Process: /tb_top/u_mon//tb_top/u_mon  Scope: tb_top.u_mon  File: /run/media/sackb/Windows-SSD/Users/sackb/OneDrive/Desktop/University/Course_Work/2025-2026/Spring_2026/ECE_410/ECE410/project/post_m3_Minor_Redesign/tb/tb_top.sv Line: 257

Time: 2695 ns Started: 2685 ns Scope: /tb_top/u_mon File: /run/media/sackb/Windows-SSD/Users/sackb/OneDrive/Desktop/University/Course_Work/2025-2026/Spring_2026/ECE_410/ECE410/project/post_m3_Minor_Redesign/tb/tb_top.sv Line:256
Error: AXI MONITOR: core_C changed while core is idle
Time: 2695 ns  Iteration: 0  Process: /tb_top/u_mon//tb_top/u_mon  Scope: tb_top.u_mon  File: /run/media/sackb/Windows-SSD/Users/sackb/OneDrive/Desktop/University/Course_Work/2025-2026/Spring_2026/ECE_410/ECE410/project/post_m3_Minor_Redesign/tb/tb_top.sv Line: 257

Time: 2705 ns Started: 2695 ns Scope: /tb_top/u_mon File: /run/media/sackb/Windows-SSD/Users/sackb/OneDrive/Desktop/University/Course_Work/2025-2026/Spring_2026/ECE_410/ECE410/project/post_m3_Minor_Redesign/tb/tb_top.sv Line:256
Error: AXI MONITOR: core_C changed while core is idle
Time: 2705 ns  Iteration: 0  Process: /tb_top/u_mon//tb_top/u_mon  Scope: tb_top.u_mon  File: /run/media/sackb/Windows-SSD/Users/sackb/OneDrive/Desktop/University/Course_Work/2025-2026/Spring_2026/ECE_410/ECE410/project/post_m3_Minor_Redesign/tb/tb_top.sv Line: 257

Time: 2715 ns Started: 2705 ns Scope: /tb_top/u_mon File: /run/media/sackb/Windows-SSD/Users/sackb/OneDrive/Desktop/University/Course_Work/2025-2026/Spring_2026/ECE_410/ECE410/project/post_m3_Minor_Redesign/tb/tb_top.sv Line:256
Error: AXI MONITOR: core_C changed while core is idle
Time: 2715 ns  Iteration: 0  Process: /tb_top/u_mon//tb_top/u_mon  Scope: tb_top.u_mon  File: /run/media/sackb/Windows-SSD/Users/sackb/OneDrive/Desktop/University/Course_Work/2025-2026/Spring_2026/ECE_410/ECE410/project/post_m3_Minor_Redesign/tb/tb_top.sv Line: 257

Time: 2725 ns Started: 2715 ns Scope: /tb_top/u_mon File: /run/media/sackb/Windows-SSD/Users/sackb/OneDrive/Desktop/University/Course_Work/2025-2026/Spring_2026/ECE_410/ECE410/project/post_m3_Minor_Redesign/tb/tb_top.sv Line:256
Error: AXI MONITOR: core_C changed while core is idle
Time: 2725 ns  Iteration: 0  Process: /tb_top/u_mon//tb_top/u_mon  Scope: tb_top.u_mon  File: /run/media/sackb/Windows-SSD/Users/sackb/OneDrive/Desktop/University/Course_Work/2025-2026/Spring_2026/ECE_410/ECE410/project/post_m3_Minor_Redesign/tb/tb_top.sv Line: 257

Time: 2735 ns Started: 2725 ns Scope: /tb_top/u_mon File: /run/media/sackb/Windows-SSD/Users/sackb/OneDrive/Desktop/University/Course_Work/2025-2026/Spring_2026/ECE_410/ECE410/project/post_m3_Minor_Redesign/tb/tb_top.sv Line:256
Error: AXI MONITOR: core_C changed while core is idle
Time: 2735 ns  Iteration: 0  Process: /tb_top/u_mon//tb_top/u_mon  Scope: tb_top.u_mon  File: /run/media/sackb/Windows-SSD/Users/sackb/OneDrive/Desktop/University/Course_Work/2025-2026/Spring_2026/ECE_410/ECE410/project/post_m3_Minor_Redesign/tb/tb_top.sv Line: 257

Time: 2745 ns Started: 2735 ns Scope: /tb_top/u_mon File: /run/media/sackb/Windows-SSD/Users/sackb/OneDrive/Desktop/University/Course_Work/2025-2026/Spring_2026/ECE_410/ECE410/project/post_m3_Minor_Redesign/tb/tb_top.sv Line:256
Error: AXI MONITOR: core_C changed while core is idle
Time: 2745 ns  Iteration: 0  Process: /tb_top/u_mon//tb_top/u_mon  Scope: tb_top.u_mon  File: /run/media/sackb/Windows-SSD/Users/sackb/OneDrive/Desktop/University/Course_Work/2025-2026/Spring_2026/ECE_410/ECE410/project/post_m3_Minor_Redesign/tb/tb_top.sv Line: 257

Time: 2755 ns Started: 2745 ns Scope: /tb_top/u_mon File: /run/media/sackb/Windows-SSD/Users/sackb/OneDrive/Desktop/University/Course_Work/2025-2026/Spring_2026/ECE_410/ECE410/project/post_m3_Minor_Redesign/tb/tb_top.sv Line:256
Error: AXI MONITOR: core_C changed while core is idle
Time: 2755 ns  Iteration: 0  Process: /tb_top/u_mon//tb_top/u_mon  Scope: tb_top.u_mon  File: /run/media/sackb/Windows-SSD/Users/sackb/OneDrive/Desktop/University/Course_Work/2025-2026/Spring_2026/ECE_410/ECE410/project/post_m3_Minor_Redesign/tb/tb_top.sv Line: 257

Time: 2765 ns Started: 2755 ns Scope: /tb_top/u_mon File: /run/media/sackb/Windows-SSD/Users/sackb/OneDrive/Desktop/University/Course_Work/2025-2026/Spring_2026/ECE_410/ECE410/project/post_m3_Minor_Redesign/tb/tb_top.sv Line:256
Error: AXI MONITOR: core_C changed while core is idle
Time: 2765 ns  Iteration: 0  Process: /tb_top/u_mon//tb_top/u_mon  Scope: tb_top.u_mon  File: /run/media/sackb/Windows-SSD/Users/sackb/OneDrive/Desktop/University/Course_Work/2025-2026/Spring_2026/ECE_410/ECE410/project/post_m3_Minor_Redesign/tb/tb_top.sv Line: 257

Time: 2775 ns Started: 2765 ns Scope: /tb_top/u_mon File: /run/media/sackb/Windows-SSD/Users/sackb/OneDrive/Desktop/University/Course_Work/2025-2026/Spring_2026/ECE_410/ECE410/project/post_m3_Minor_Redesign/tb/tb_top.sv Line:256
Error: AXI MONITOR: core_C changed while core is idle
Time: 2775 ns  Iteration: 0  Process: /tb_top/u_mon//tb_top/u_mon  Scope: tb_top.u_mon  File: /run/media/sackb/Windows-SSD/Users/sackb/OneDrive/Desktop/University/Course_Work/2025-2026/Spring_2026/ECE_410/ECE410/project/post_m3_Minor_Redesign/tb/tb_top.sv Line: 257

Time: 3515 ns Started: 3505 ns Scope: /tb_top/u_mon File: /run/media/sackb/Windows-SSD/Users/sackb/OneDrive/Desktop/University/Course_Work/2025-2026/Spring_2026/ECE_410/ECE410/project/post_m3_Minor_Redesign/tb/tb_top.sv Line:256
Error: AXI MONITOR: core_C changed while core is idle
Time: 3515 ns  Iteration: 0  Process: /tb_top/u_mon//tb_top/u_mon  Scope: tb_top.u_mon  File: /run/media/sackb/Windows-SSD/Users/sackb/OneDrive/Desktop/University/Course_Work/2025-2026/Spring_2026/ECE_410/ECE410/project/post_m3_Minor_Redesign/tb/tb_top.sv Line: 257

Time: 3525 ns Started: 3515 ns Scope: /tb_top/u_mon File: /run/media/sackb/Windows-SSD/Users/sackb/OneDrive/Desktop/University/Course_Work/2025-2026/Spring_2026/ECE_410/ECE410/project/post_m3_Minor_Redesign/tb/tb_top.sv Line:256
Error: AXI MONITOR: core_C changed while core is idle
Time: 3525 ns  Iteration: 0  Process: /tb_top/u_mon//tb_top/u_mon  Scope: tb_top.u_mon  File: /run/media/sackb/Windows-SSD/Users/sackb/OneDrive/Desktop/University/Course_Work/2025-2026/Spring_2026/ECE_410/ECE410/project/post_m3_Minor_Redesign/tb/tb_top.sv Line: 257

Time: 3535 ns Started: 3525 ns Scope: /tb_top/u_mon File: /run/media/sackb/Windows-SSD/Users/sackb/OneDrive/Desktop/University/Course_Work/2025-2026/Spring_2026/ECE_410/ECE410/project/post_m3_Minor_Redesign/tb/tb_top.sv Line:256
Error: AXI MONITOR: core_C changed while core is idle
Time: 3535 ns  Iteration: 0  Process: /tb_top/u_mon//tb_top/u_mon  Scope: tb_top.u_mon  File: /run/media/sackb/Windows-SSD/Users/sackb/OneDrive/Desktop/University/Course_Work/2025-2026/Spring_2026/ECE_410/ECE410/project/post_m3_Minor_Redesign/tb/tb_top.sv Line: 257

Time: 3545 ns Started: 3535 ns Scope: /tb_top/u_mon File: /run/media/sackb/Windows-SSD/Users/sackb/OneDrive/Desktop/University/Course_Work/2025-2026/Spring_2026/ECE_410/ECE410/project/post_m3_Minor_Redesign/tb/tb_top.sv Line:256
Error: AXI MONITOR: core_C changed while core is idle
Time: 3545 ns  Iteration: 0  Process: /tb_top/u_mon//tb_top/u_mon  Scope: tb_top.u_mon  File: /run/media/sackb/Windows-SSD/Users/sackb/OneDrive/Desktop/University/Course_Work/2025-2026/Spring_2026/ECE_410/ECE410/project/post_m3_Minor_Redesign/tb/tb_top.sv Line: 257

Time: 3555 ns Started: 3545 ns Scope: /tb_top/u_mon File: /run/media/sackb/Windows-SSD/Users/sackb/OneDrive/Desktop/University/Course_Work/2025-2026/Spring_2026/ECE_410/ECE410/project/post_m3_Minor_Redesign/tb/tb_top.sv Line:256
Error: AXI MONITOR: core_C changed while core is idle
Time: 3555 ns  Iteration: 0  Process: /tb_top/u_mon//tb_top/u_mon  Scope: tb_top.u_mon  File: /run/media/sackb/Windows-SSD/Users/sackb/OneDrive/Desktop/University/Course_Work/2025-2026/Spring_2026/ECE_410/ECE410/project/post_m3_Minor_Redesign/tb/tb_top.sv Line: 257

Time: 3565 ns Started: 3555 ns Scope: /tb_top/u_mon File: /run/media/sackb/Windows-SSD/Users/sackb/OneDrive/Desktop/University/Course_Work/2025-2026/Spring_2026/ECE_410/ECE410/project/post_m3_Minor_Redesign/tb/tb_top.sv Line:256
Error: AXI MONITOR: core_C changed while core is idle
Time: 3565 ns  Iteration: 0  Process: /tb_top/u_mon//tb_top/u_mon  Scope: tb_top.u_mon  File: /run/media/sackb/Windows-SSD/Users/sackb/OneDrive/Desktop/University/Course_Work/2025-2026/Spring_2026/ECE_410/ECE410/project/post_m3_Minor_Redesign/tb/tb_top.sv Line: 257

Time: 3575 ns Started: 3565 ns Scope: /tb_top/u_mon File: /run/media/sackb/Windows-SSD/Users/sackb/OneDrive/Desktop/University/Course_Work/2025-2026/Spring_2026/ECE_410/ECE410/project/post_m3_Minor_Redesign/tb/tb_top.sv Line:256
Error: AXI MONITOR: core_C changed while core is idle
Time: 3575 ns  Iteration: 0  Process: /tb_top/u_mon//tb_top/u_mon  Scope: tb_top.u_mon  File: /run/media/sackb/Windows-SSD/Users/sackb/OneDrive/Desktop/University/Course_Work/2025-2026/Spring_2026/ECE_410/ECE410/project/post_m3_Minor_Redesign/tb/tb_top.sv Line: 257

Time: 3585 ns Started: 3575 ns Scope: /tb_top/u_mon File: /run/media/sackb/Windows-SSD/Users/sackb/OneDrive/Desktop/University/Course_Work/2025-2026/Spring_2026/ECE_410/ECE410/project/post_m3_Minor_Redesign/tb/tb_top.sv Line:256
Error: AXI MONITOR: core_C changed while core is idle
Time: 3585 ns  Iteration: 0  Process: /tb_top/u_mon//tb_top/u_mon  Scope: tb_top.u_mon  File: /run/media/sackb/Windows-SSD/Users/sackb/OneDrive/Desktop/University/Course_Work/2025-2026/Spring_2026/ECE_410/ECE410/project/post_m3_Minor_Redesign/tb/tb_top.sv Line: 257

Time: 3595 ns Started: 3585 ns Scope: /tb_top/u_mon File: /run/media/sackb/Windows-SSD/Users/sackb/OneDrive/Desktop/University/Course_Work/2025-2026/Spring_2026/ECE_410/ECE410/project/post_m3_Minor_Redesign/tb/tb_top.sv Line:256
Error: AXI MONITOR: core_C changed while core is idle
Time: 3595 ns  Iteration: 0  Process: /tb_top/u_mon//tb_top/u_mon  Scope: tb_top.u_mon  File: /run/media/sackb/Windows-SSD/Users/sackb/OneDrive/Desktop/University/Course_Work/2025-2026/Spring_2026/ECE_410/ECE410/project/post_m3_Minor_Redesign/tb/tb_top.sv Line: 257

Time: 3605 ns Started: 3595 ns Scope: /tb_top/u_mon File: /run/media/sackb/Windows-SSD/Users/sackb/OneDrive/Desktop/University/Course_Work/2025-2026/Spring_2026/ECE_410/ECE410/project/post_m3_Minor_Redesign/tb/tb_top.sv Line:256
Error: AXI MONITOR: core_C changed while core is idle
Time: 3605 ns  Iteration: 0  Process: /tb_top/u_mon//tb_top/u_mon  Scope: tb_top.u_mon  File: /run/media/sackb/Windows-SSD/Users/sackb/OneDrive/Desktop/University/Course_Work/2025-2026/Spring_2026/ECE_410/ECE410/project/post_m3_Minor_Redesign/tb/tb_top.sv Line: 257

Time: 3615 ns Started: 3605 ns Scope: /tb_top/u_mon File: /run/media/sackb/Windows-SSD/Users/sackb/OneDrive/Desktop/University/Course_Work/2025-2026/Spring_2026/ECE_410/ECE410/project/post_m3_Minor_Redesign/tb/tb_top.sv Line:256
Error: AXI MONITOR: core_C changed while core is idle
Time: 3615 ns  Iteration: 0  Process: /tb_top/u_mon//tb_top/u_mon  Scope: tb_top.u_mon  File: /run/media/sackb/Windows-SSD/Users/sackb/OneDrive/Desktop/University/Course_Work/2025-2026/Spring_2026/ECE_410/ECE410/project/post_m3_Minor_Redesign/tb/tb_top.sv Line: 257

Time: 3625 ns Started: 3615 ns Scope: /tb_top/u_mon File: /run/media/sackb/Windows-SSD/Users/sackb/OneDrive/Desktop/University/Course_Work/2025-2026/Spring_2026/ECE_410/ECE410/project/post_m3_Minor_Redesign/tb/tb_top.sv Line:256
Error: AXI MONITOR: core_C changed while core is idle
Time: 3625 ns  Iteration: 0  Process: /tb_top/u_mon//tb_top/u_mon  Scope: tb_top.u_mon  File: /run/media/sackb/Windows-SSD/Users/sackb/OneDrive/Desktop/University/Course_Work/2025-2026/Spring_2026/ECE_410/ECE410/project/post_m3_Minor_Redesign/tb/tb_top.sv Line: 257

Time: 3635 ns Started: 3625 ns Scope: /tb_top/u_mon File: /run/media/sackb/Windows-SSD/Users/sackb/OneDrive/Desktop/University/Course_Work/2025-2026/Spring_2026/ECE_410/ECE410/project/post_m3_Minor_Redesign/tb/tb_top.sv Line:256
Error: AXI MONITOR: core_C changed while core is idle
Time: 3635 ns  Iteration: 0  Process: /tb_top/u_mon//tb_top/u_mon  Scope: tb_top.u_mon  File: /run/media/sackb/Windows-SSD/Users/sackb/OneDrive/Desktop/University/Course_Work/2025-2026/Spring_2026/ECE_410/ECE410/project/post_m3_Minor_Redesign/tb/tb_top.sv Line: 257

Time: 3645 ns Started: 3635 ns Scope: /tb_top/u_mon File: /run/media/sackb/Windows-SSD/Users/sackb/OneDrive/Desktop/University/Course_Work/2025-2026/Spring_2026/ECE_410/ECE410/project/post_m3_Minor_Redesign/tb/tb_top.sv Line:256
Error: AXI MONITOR: core_C changed while core is idle
Time: 3645 ns  Iteration: 0  Process: /tb_top/u_mon//tb_top/u_mon  Scope: tb_top.u_mon  File: /run/media/sackb/Windows-SSD/Users/sackb/OneDrive/Desktop/University/Course_Work/2025-2026/Spring_2026/ECE_410/ECE410/project/post_m3_Minor_Redesign/tb/tb_top.sv Line: 257

Time: 3655 ns Started: 3645 ns Scope: /tb_top/u_mon File: /run/media/sackb/Windows-SSD/Users/sackb/OneDrive/Desktop/University/Course_Work/2025-2026/Spring_2026/ECE_410/ECE410/project/post_m3_Minor_Redesign/tb/tb_top.sv Line:256
Error: AXI MONITOR: core_C changed while core is idle
Time: 3655 ns  Iteration: 0  Process: /tb_top/u_mon//tb_top/u_mon  Scope: tb_top.u_mon  File: /run/media/sackb/Windows-SSD/Users/sackb/OneDrive/Desktop/University/Course_Work/2025-2026/Spring_2026/ECE_410/ECE410/project/post_m3_Minor_Redesign/tb/tb_top.sv Line: 257

Time: 3665 ns Started: 3655 ns Scope: /tb_top/u_mon File: /run/media/sackb/Windows-SSD/Users/sackb/OneDrive/Desktop/University/Course_Work/2025-2026/Spring_2026/ECE_410/ECE410/project/post_m3_Minor_Redesign/tb/tb_top.sv Line:256
Error: AXI MONITOR: core_C changed while core is idle
Time: 3665 ns  Iteration: 0  Process: /tb_top/u_mon//tb_top/u_mon  Scope: tb_top.u_mon  File: /run/media/sackb/Windows-SSD/Users/sackb/OneDrive/Desktop/University/Course_Work/2025-2026/Spring_2026/ECE_410/ECE410/project/post_m3_Minor_Redesign/tb/tb_top.sv Line: 257

Time: 3675 ns Started: 3665 ns Scope: /tb_top/u_mon File: /run/media/sackb/Windows-SSD/Users/sackb/OneDrive/Desktop/University/Course_Work/2025-2026/Spring_2026/ECE_410/ECE410/project/post_m3_Minor_Redesign/tb/tb_top.sv Line:256
Error: AXI MONITOR: core_C changed while core is idle
Time: 3675 ns  Iteration: 0  Process: /tb_top/u_mon//tb_top/u_mon  Scope: tb_top.u_mon  File: /run/media/sackb/Windows-SSD/Users/sackb/OneDrive/Desktop/University/Course_Work/2025-2026/Spring_2026/ECE_410/ECE410/project/post_m3_Minor_Redesign/tb/tb_top.sv Line: 257

Time: 3685 ns Started: 3675 ns Scope: /tb_top/u_mon File: /run/media/sackb/Windows-SSD/Users/sackb/OneDrive/Desktop/University/Course_Work/2025-2026/Spring_2026/ECE_410/ECE410/project/post_m3_Minor_Redesign/tb/tb_top.sv Line:256
Error: AXI MONITOR: core_C changed while core is idle
Time: 3685 ns  Iteration: 0  Process: /tb_top/u_mon//tb_top/u_mon  Scope: tb_top.u_mon  File: /run/media/sackb/Windows-SSD/Users/sackb/OneDrive/Desktop/University/Course_Work/2025-2026/Spring_2026/ECE_410/ECE410/project/post_m3_Minor_Redesign/tb/tb_top.sv Line: 257

Time: 3695 ns Started: 3685 ns Scope: /tb_top/u_mon File: /run/media/sackb/Windows-SSD/Users/sackb/OneDrive/Desktop/University/Course_Work/2025-2026/Spring_2026/ECE_410/ECE410/project/post_m3_Minor_Redesign/tb/tb_top.sv Line:256
Error: AXI MONITOR: core_C changed while core is idle
Time: 3695 ns  Iteration: 0  Process: /tb_top/u_mon//tb_top/u_mon  Scope: tb_top.u_mon  File: /run/media/sackb/Windows-SSD/Users/sackb/OneDrive/Desktop/University/Course_Work/2025-2026/Spring_2026/ECE_410/ECE410/project/post_m3_Minor_Redesign/tb/tb_top.sv Line: 257

Time: 3705 ns Started: 3695 ns Scope: /tb_top/u_mon File: /run/media/sackb/Windows-SSD/Users/sackb/OneDrive/Desktop/University/Course_Work/2025-2026/Spring_2026/ECE_410/ECE410/project/post_m3_Minor_Redesign/tb/tb_top.sv Line:256
Error: AXI MONITOR: core_C changed while core is idle
Time: 3705 ns  Iteration: 0  Process: /tb_top/u_mon//tb_top/u_mon  Scope: tb_top.u_mon  File: /run/media/sackb/Windows-SSD/Users/sackb/OneDrive/Desktop/University/Course_Work/2025-2026/Spring_2026/ECE_410/ECE410/project/post_m3_Minor_Redesign/tb/tb_top.sv Line: 257

Time: 3715 ns Started: 3705 ns Scope: /tb_top/u_mon File: /run/media/sackb/Windows-SSD/Users/sackb/OneDrive/Desktop/University/Course_Work/2025-2026/Spring_2026/ECE_410/ECE410/project/post_m3_Minor_Redesign/tb/tb_top.sv Line:256
Error: AXI MONITOR: core_C changed while core is idle
Time: 3715 ns  Iteration: 0  Process: /tb_top/u_mon//tb_top/u_mon  Scope: tb_top.u_mon  File: /run/media/sackb/Windows-SSD/Users/sackb/OneDrive/Desktop/University/Course_Work/2025-2026/Spring_2026/ECE_410/ECE410/project/post_m3_Minor_Redesign/tb/tb_top.sv Line: 257

Time: 3725 ns Started: 3715 ns Scope: /tb_top/u_mon File: /run/media/sackb/Windows-SSD/Users/sackb/OneDrive/Desktop/University/Course_Work/2025-2026/Spring_2026/ECE_410/ECE410/project/post_m3_Minor_Redesign/tb/tb_top.sv Line:256
Error: AXI MONITOR: core_C changed while core is idle
Time: 3725 ns  Iteration: 0  Process: /tb_top/u_mon//tb_top/u_mon  Scope: tb_top.u_mon  File: /run/media/sackb/Windows-SSD/Users/sackb/OneDrive/Desktop/University/Course_Work/2025-2026/Spring_2026/ECE_410/ECE410/project/post_m3_Minor_Redesign/tb/tb_top.sv Line: 257

Time: 3735 ns Started: 3725 ns Scope: /tb_top/u_mon File: /run/media/sackb/Windows-SSD/Users/sackb/OneDrive/Desktop/University/Course_Work/2025-2026/Spring_2026/ECE_410/ECE410/project/post_m3_Minor_Redesign/tb/tb_top.sv Line:256
Error: AXI MONITOR: core_C changed while core is idle
Time: 3735 ns  Iteration: 0  Process: /tb_top/u_mon//tb_top/u_mon  Scope: tb_top.u_mon  File: /run/media/sackb/Windows-SSD/Users/sackb/OneDrive/Desktop/University/Course_Work/2025-2026/Spring_2026/ECE_410/ECE410/project/post_m3_Minor_Redesign/tb/tb_top.sv Line: 257

Time: 3745 ns Started: 3735 ns Scope: /tb_top/u_mon File: /run/media/sackb/Windows-SSD/Users/sackb/OneDrive/Desktop/University/Course_Work/2025-2026/Spring_2026/ECE_410/ECE410/project/post_m3_Minor_Redesign/tb/tb_top.sv Line:256
Error: AXI MONITOR: core_C changed while core is idle
Time: 3745 ns  Iteration: 0  Process: /tb_top/u_mon//tb_top/u_mon  Scope: tb_top.u_mon  File: /run/media/sackb/Windows-SSD/Users/sackb/OneDrive/Desktop/University/Course_Work/2025-2026/Spring_2026/ECE_410/ECE410/project/post_m3_Minor_Redesign/tb/tb_top.sv Line: 257

Time: 3755 ns Started: 3745 ns Scope: /tb_top/u_mon File: /run/media/sackb/Windows-SSD/Users/sackb/OneDrive/Desktop/University/Course_Work/2025-2026/Spring_2026/ECE_410/ECE410/project/post_m3_Minor_Redesign/tb/tb_top.sv Line:256
Error: AXI MONITOR: core_C changed while core is idle
Time: 3755 ns  Iteration: 0  Process: /tb_top/u_mon//tb_top/u_mon  Scope: tb_top.u_mon  File: /run/media/sackb/Windows-SSD/Users/sackb/OneDrive/Desktop/University/Course_Work/2025-2026/Spring_2026/ECE_410/ECE410/project/post_m3_Minor_Redesign/tb/tb_top.sv Line: 257

Time: 3765 ns Started: 3755 ns Scope: /tb_top/u_mon File: /run/media/sackb/Windows-SSD/Users/sackb/OneDrive/Desktop/University/Course_Work/2025-2026/Spring_2026/ECE_410/ECE410/project/post_m3_Minor_Redesign/tb/tb_top.sv Line:256
Error: AXI MONITOR: core_C changed while core is idle
Time: 3765 ns  Iteration: 0  Process: /tb_top/u_mon//tb_top/u_mon  Scope: tb_top.u_mon  File: /run/media/sackb/Windows-SSD/Users/sackb/OneDrive/Desktop/University/Course_Work/2025-2026/Spring_2026/ECE_410/ECE410/project/post_m3_Minor_Redesign/tb/tb_top.sv Line: 257

Time: 3775 ns Started: 3765 ns Scope: /tb_top/u_mon File: /run/media/sackb/Windows-SSD/Users/sackb/OneDrive/Desktop/University/Course_Work/2025-2026/Spring_2026/ECE_410/ECE410/project/post_m3_Minor_Redesign/tb/tb_top.sv Line:256
Error: AXI MONITOR: core_C changed while core is idle
Time: 3775 ns  Iteration: 0  Process: /tb_top/u_mon//tb_top/u_mon  Scope: tb_top.u_mon  File: /run/media/sackb/Windows-SSD/Users/sackb/OneDrive/Desktop/University/Course_Work/2025-2026/Spring_2026/ECE_410/ECE410/project/post_m3_Minor_Redesign/tb/tb_top.sv Line: 257

Time: 3785 ns Started: 3775 ns Scope: /tb_top/u_mon File: /run/media/sackb/Windows-SSD/Users/sackb/OneDrive/Desktop/University/Course_Work/2025-2026/Spring_2026/ECE_410/ECE410/project/post_m3_Minor_Redesign/tb/tb_top.sv Line:256
Error: AXI MONITOR: core_C changed while core is idle
Time: 3785 ns  Iteration: 0  Process: /tb_top/u_mon//tb_top/u_mon  Scope: tb_top.u_mon  File: /run/media/sackb/Windows-SSD/Users/sackb/OneDrive/Desktop/University/Course_Work/2025-2026/Spring_2026/ECE_410/ECE410/project/post_m3_Minor_Redesign/tb/tb_top.sv Line: 257

Time: 3795 ns Started: 3785 ns Scope: /tb_top/u_mon File: /run/media/sackb/Windows-SSD/Users/sackb/OneDrive/Desktop/University/Course_Work/2025-2026/Spring_2026/ECE_410/ECE410/project/post_m3_Minor_Redesign/tb/tb_top.sv Line:256
Error: AXI MONITOR: core_C changed while core is idle
Time: 3795 ns  Iteration: 0  Process: /tb_top/u_mon//tb_top/u_mon  Scope: tb_top.u_mon  File: /run/media/sackb/Windows-SSD/Users/sackb/OneDrive/Desktop/University/Course_Work/2025-2026/Spring_2026/ECE_410/ECE410/project/post_m3_Minor_Redesign/tb/tb_top.sv Line: 257

Time: 3805 ns Started: 3795 ns Scope: /tb_top/u_mon File: /run/media/sackb/Windows-SSD/Users/sackb/OneDrive/Desktop/University/Course_Work/2025-2026/Spring_2026/ECE_410/ECE410/project/post_m3_Minor_Redesign/tb/tb_top.sv Line:256
Error: AXI MONITOR: core_C changed while core is idle
Time: 3805 ns  Iteration: 0  Process: /tb_top/u_mon//tb_top/u_mon  Scope: tb_top.u_mon  File: /run/media/sackb/Windows-SSD/Users/sackb/OneDrive/Desktop/University/Course_Work/2025-2026/Spring_2026/ECE_410/ECE410/project/post_m3_Minor_Redesign/tb/tb_top.sv Line: 257

Time: 3815 ns Started: 3805 ns Scope: /tb_top/u_mon File: /run/media/sackb/Windows-SSD/Users/sackb/OneDrive/Desktop/University/Course_Work/2025-2026/Spring_2026/ECE_410/ECE410/project/post_m3_Minor_Redesign/tb/tb_top.sv Line:256
Error: AXI MONITOR: core_C changed while core is idle
Time: 3815 ns  Iteration: 0  Process: /tb_top/u_mon//tb_top/u_mon  Scope: tb_top.u_mon  File: /run/media/sackb/Windows-SSD/Users/sackb/OneDrive/Desktop/University/Course_Work/2025-2026/Spring_2026/ECE_410/ECE410/project/post_m3_Minor_Redesign/tb/tb_top.sv Line: 257

Time: 3825 ns Started: 3815 ns Scope: /tb_top/u_mon File: /run/media/sackb/Windows-SSD/Users/sackb/OneDrive/Desktop/University/Course_Work/2025-2026/Spring_2026/ECE_410/ECE410/project/post_m3_Minor_Redesign/tb/tb_top.sv Line:256
Error: AXI MONITOR: core_C changed while core is idle
Time: 3825 ns  Iteration: 0  Process: /tb_top/u_mon//tb_top/u_mon  Scope: tb_top.u_mon  File: /run/media/sackb/Windows-SSD/Users/sackb/OneDrive/Desktop/University/Course_Work/2025-2026/Spring_2026/ECE_410/ECE410/project/post_m3_Minor_Redesign/tb/tb_top.sv Line: 257

Time: 3835 ns Started: 3825 ns Scope: /tb_top/u_mon File: /run/media/sackb/Windows-SSD/Users/sackb/OneDrive/Desktop/University/Course_Work/2025-2026/Spring_2026/ECE_410/ECE410/project/post_m3_Minor_Redesign/tb/tb_top.sv Line:256
Error: AXI MONITOR: core_C changed while core is idle
Time: 3835 ns  Iteration: 0  Process: /tb_top/u_mon//tb_top/u_mon  Scope: tb_top.u_mon  File: /run/media/sackb/Windows-SSD/Users/sackb/OneDrive/Desktop/University/Course_Work/2025-2026/Spring_2026/ECE_410/ECE410/project/post_m3_Minor_Redesign/tb/tb_top.sv Line: 257

Time: 3845 ns Started: 3835 ns Scope: /tb_top/u_mon File: /run/media/sackb/Windows-SSD/Users/sackb/OneDrive/Desktop/University/Course_Work/2025-2026/Spring_2026/ECE_410/ECE410/project/post_m3_Minor_Redesign/tb/tb_top.sv Line:256
Error: AXI MONITOR: core_C changed while core is idle
Time: 3845 ns  Iteration: 0  Process: /tb_top/u_mon//tb_top/u_mon  Scope: tb_top.u_mon  File: /run/media/sackb/Windows-SSD/Users/sackb/OneDrive/Desktop/University/Course_Work/2025-2026/Spring_2026/ECE_410/ECE410/project/post_m3_Minor_Redesign/tb/tb_top.sv Line: 257

Time: 3855 ns Started: 3845 ns Scope: /tb_top/u_mon File: /run/media/sackb/Windows-SSD/Users/sackb/OneDrive/Desktop/University/Course_Work/2025-2026/Spring_2026/ECE_410/ECE410/project/post_m3_Minor_Redesign/tb/tb_top.sv Line:256
Error: AXI MONITOR: core_C changed while core is idle
Time: 3855 ns  Iteration: 0  Process: /tb_top/u_mon//tb_top/u_mon  Scope: tb_top.u_mon  File: /run/media/sackb/Windows-SSD/Users/sackb/OneDrive/Desktop/University/Course_Work/2025-2026/Spring_2026/ECE_410/ECE410/project/post_m3_Minor_Redesign/tb/tb_top.sv Line: 257

Time: 3865 ns Started: 3855 ns Scope: /tb_top/u_mon File: /run/media/sackb/Windows-SSD/Users/sackb/OneDrive/Desktop/University/Course_Work/2025-2026/Spring_2026/ECE_410/ECE410/project/post_m3_Minor_Redesign/tb/tb_top.sv Line:256
Error: AXI MONITOR: core_C changed while core is idle
Time: 3865 ns  Iteration: 0  Process: /tb_top/u_mon//tb_top/u_mon  Scope: tb_top.u_mon  File: /run/media/sackb/Windows-SSD/Users/sackb/OneDrive/Desktop/University/Course_Work/2025-2026/Spring_2026/ECE_410/ECE410/project/post_m3_Minor_Redesign/tb/tb_top.sv Line: 257

Time: 3875 ns Started: 3865 ns Scope: /tb_top/u_mon File: /run/media/sackb/Windows-SSD/Users/sackb/OneDrive/Desktop/University/Course_Work/2025-2026/Spring_2026/ECE_410/ECE410/project/post_m3_Minor_Redesign/tb/tb_top.sv Line:256
Error: AXI MONITOR: core_C changed while core is idle
Time: 3875 ns  Iteration: 0  Process: /tb_top/u_mon//tb_top/u_mon  Scope: tb_top.u_mon  File: /run/media/sackb/Windows-SSD/Users/sackb/OneDrive/Desktop/University/Course_Work/2025-2026/Spring_2026/ECE_410/ECE410/project/post_m3_Minor_Redesign/tb/tb_top.sv Line: 257

Time: 3885 ns Started: 3875 ns Scope: /tb_top/u_mon File: /run/media/sackb/Windows-SSD/Users/sackb/OneDrive/Desktop/University/Course_Work/2025-2026/Spring_2026/ECE_410/ECE410/project/post_m3_Minor_Redesign/tb/tb_top.sv Line:256
Error: AXI MONITOR: core_C changed while core is idle
Time: 3885 ns  Iteration: 0  Process: /tb_top/u_mon//tb_top/u_mon  Scope: tb_top.u_mon  File: /run/media/sackb/Windows-SSD/Users/sackb/OneDrive/Desktop/University/Course_Work/2025-2026/Spring_2026/ECE_410/ECE410/project/post_m3_Minor_Redesign/tb/tb_top.sv Line: 257
TB_TOP: Iteration 1 complete
TB_TOP: Starting iteration 2

Time: 3895 ns Started: 3885 ns Scope: /tb_top/u_mon File: /run/media/sackb/Windows-SSD/Users/sackb/OneDrive/Desktop/University/Course_Work/2025-2026/Spring_2026/ECE_410/ECE410/project/post_m3_Minor_Redesign/tb/tb_top.sv Line:256
Error: AXI MONITOR: core_C changed while core is idle
Time: 3895 ns  Iteration: 0  Process: /tb_top/u_mon//tb_top/u_mon  Scope: tb_top.u_mon  File: /run/media/sackb/Windows-SSD/Users/sackb/OneDrive/Desktop/University/Course_Work/2025-2026/Spring_2026/ECE_410/ECE410/project/post_m3_Minor_Redesign/tb/tb_top.sv Line: 257

Time: 3905 ns Started: 3895 ns Scope: /tb_top/u_mon File: /run/media/sackb/Windows-SSD/Users/sackb/OneDrive/Desktop/University/Course_Work/2025-2026/Spring_2026/ECE_410/ECE410/project/post_m3_Minor_Redesign/tb/tb_top.sv Line:256
Error: AXI MONITOR: core_C changed while core is idle
Time: 3905 ns  Iteration: 0  Process: /tb_top/u_mon//tb_top/u_mon  Scope: tb_top.u_mon  File: /run/media/sackb/Windows-SSD/Users/sackb/OneDrive/Desktop/University/Course_Work/2025-2026/Spring_2026/ECE_410/ECE410/project/post_m3_Minor_Redesign/tb/tb_top.sv Line: 257

Time: 3915 ns Started: 3905 ns Scope: /tb_top/u_mon File: /run/media/sackb/Windows-SSD/Users/sackb/OneDrive/Desktop/University/Course_Work/2025-2026/Spring_2026/ECE_410/ECE410/project/post_m3_Minor_Redesign/tb/tb_top.sv Line:256
Error: AXI MONITOR: core_C changed while core is idle
Time: 3915 ns  Iteration: 0  Process: /tb_top/u_mon//tb_top/u_mon  Scope: tb_top.u_mon  File: /run/media/sackb/Windows-SSD/Users/sackb/OneDrive/Desktop/University/Course_Work/2025-2026/Spring_2026/ECE_410/ECE410/project/post_m3_Minor_Redesign/tb/tb_top.sv Line: 257

Time: 3925 ns Started: 3915 ns Scope: /tb_top/u_mon File: /run/media/sackb/Windows-SSD/Users/sackb/OneDrive/Desktop/University/Course_Work/2025-2026/Spring_2026/ECE_410/ECE410/project/post_m3_Minor_Redesign/tb/tb_top.sv Line:256
Error: AXI MONITOR: core_C changed while core is idle
Time: 3925 ns  Iteration: 0  Process: /tb_top/u_mon//tb_top/u_mon  Scope: tb_top.u_mon  File: /run/media/sackb/Windows-SSD/Users/sackb/OneDrive/Desktop/University/Course_Work/2025-2026/Spring_2026/ECE_410/ECE410/project/post_m3_Minor_Redesign/tb/tb_top.sv Line: 257

Time: 3935 ns Started: 3925 ns Scope: /tb_top/u_mon File: /run/media/sackb/Windows-SSD/Users/sackb/OneDrive/Desktop/University/Course_Work/2025-2026/Spring_2026/ECE_410/ECE410/project/post_m3_Minor_Redesign/tb/tb_top.sv Line:256
Error: AXI MONITOR: core_C changed while core is idle
Time: 3935 ns  Iteration: 0  Process: /tb_top/u_mon//tb_top/u_mon  Scope: tb_top.u_mon  File: /run/media/sackb/Windows-SSD/Users/sackb/OneDrive/Desktop/University/Course_Work/2025-2026/Spring_2026/ECE_410/ECE410/project/post_m3_Minor_Redesign/tb/tb_top.sv Line: 257

Time: 3945 ns Started: 3935 ns Scope: /tb_top/u_mon File: /run/media/sackb/Windows-SSD/Users/sackb/OneDrive/Desktop/University/Course_Work/2025-2026/Spring_2026/ECE_410/ECE410/project/post_m3_Minor_Redesign/tb/tb_top.sv Line:256
Error: AXI MONITOR: core_C changed while core is idle
Time: 3945 ns  Iteration: 0  Process: /tb_top/u_mon//tb_top/u_mon  Scope: tb_top.u_mon  File: /run/media/sackb/Windows-SSD/Users/sackb/OneDrive/Desktop/University/Course_Work/2025-2026/Spring_2026/ECE_410/ECE410/project/post_m3_Minor_Redesign/tb/tb_top.sv Line: 257

Time: 3955 ns Started: 3945 ns Scope: /tb_top/u_mon File: /run/media/sackb/Windows-SSD/Users/sackb/OneDrive/Desktop/University/Course_Work/2025-2026/Spring_2026/ECE_410/ECE410/project/post_m3_Minor_Redesign/tb/tb_top.sv Line:256
Error: AXI MONITOR: core_C changed while core is idle
Time: 3955 ns  Iteration: 0  Process: /tb_top/u_mon//tb_top/u_mon  Scope: tb_top.u_mon  File: /run/media/sackb/Windows-SSD/Users/sackb/OneDrive/Desktop/University/Course_Work/2025-2026/Spring_2026/ECE_410/ECE410/project/post_m3_Minor_Redesign/tb/tb_top.sv Line: 257

Time: 3965 ns Started: 3955 ns Scope: /tb_top/u_mon File: /run/media/sackb/Windows-SSD/Users/sackb/OneDrive/Desktop/University/Course_Work/2025-2026/Spring_2026/ECE_410/ECE410/project/post_m3_Minor_Redesign/tb/tb_top.sv Line:256
Error: AXI MONITOR: core_C changed while core is idle
Time: 3965 ns  Iteration: 0  Process: /tb_top/u_mon//tb_top/u_mon  Scope: tb_top.u_mon  File: /run/media/sackb/Windows-SSD/Users/sackb/OneDrive/Desktop/University/Course_Work/2025-2026/Spring_2026/ECE_410/ECE410/project/post_m3_Minor_Redesign/tb/tb_top.sv Line: 257

Time: 3975 ns Started: 3965 ns Scope: /tb_top/u_mon File: /run/media/sackb/Windows-SSD/Users/sackb/OneDrive/Desktop/University/Course_Work/2025-2026/Spring_2026/ECE_410/ECE410/project/post_m3_Minor_Redesign/tb/tb_top.sv Line:256
Error: AXI MONITOR: core_C changed while core is idle
Time: 3975 ns  Iteration: 0  Process: /tb_top/u_mon//tb_top/u_mon  Scope: tb_top.u_mon  File: /run/media/sackb/Windows-SSD/Users/sackb/OneDrive/Desktop/University/Course_Work/2025-2026/Spring_2026/ECE_410/ECE410/project/post_m3_Minor_Redesign/tb/tb_top.sv Line: 257

Time: 3985 ns Started: 3975 ns Scope: /tb_top/u_mon File: /run/media/sackb/Windows-SSD/Users/sackb/OneDrive/Desktop/University/Course_Work/2025-2026/Spring_2026/ECE_410/ECE410/project/post_m3_Minor_Redesign/tb/tb_top.sv Line:256
Error: AXI MONITOR: core_C changed while core is idle
Time: 3985 ns  Iteration: 0  Process: /tb_top/u_mon//tb_top/u_mon  Scope: tb_top.u_mon  File: /run/media/sackb/Windows-SSD/Users/sackb/OneDrive/Desktop/University/Course_Work/2025-2026/Spring_2026/ECE_410/ECE410/project/post_m3_Minor_Redesign/tb/tb_top.sv Line: 257

Time: 3995 ns Started: 3985 ns Scope: /tb_top/u_mon File: /run/media/sackb/Windows-SSD/Users/sackb/OneDrive/Desktop/University/Course_Work/2025-2026/Spring_2026/ECE_410/ECE410/project/post_m3_Minor_Redesign/tb/tb_top.sv Line:256
Error: AXI MONITOR: core_C changed while core is idle
Time: 3995 ns  Iteration: 0  Process: /tb_top/u_mon//tb_top/u_mon  Scope: tb_top.u_mon  File: /run/media/sackb/Windows-SSD/Users/sackb/OneDrive/Desktop/University/Course_Work/2025-2026/Spring_2026/ECE_410/ECE410/project/post_m3_Minor_Redesign/tb/tb_top.sv Line: 257

Time: 4005 ns Started: 3995 ns Scope: /tb_top/u_mon File: /run/media/sackb/Windows-SSD/Users/sackb/OneDrive/Desktop/University/Course_Work/2025-2026/Spring_2026/ECE_410/ECE410/project/post_m3_Minor_Redesign/tb/tb_top.sv Line:256
Error: AXI MONITOR: core_C changed while core is idle
Time: 4005 ns  Iteration: 0  Process: /tb_top/u_mon//tb_top/u_mon  Scope: tb_top.u_mon  File: /run/media/sackb/Windows-SSD/Users/sackb/OneDrive/Desktop/University/Course_Work/2025-2026/Spring_2026/ECE_410/ECE410/project/post_m3_Minor_Redesign/tb/tb_top.sv Line: 257

Time: 4015 ns Started: 4005 ns Scope: /tb_top/u_mon File: /run/media/sackb/Windows-SSD/Users/sackb/OneDrive/Desktop/University/Course_Work/2025-2026/Spring_2026/ECE_410/ECE410/project/post_m3_Minor_Redesign/tb/tb_top.sv Line:256
Error: AXI MONITOR: core_C changed while core is idle
Time: 4015 ns  Iteration: 0  Process: /tb_top/u_mon//tb_top/u_mon  Scope: tb_top.u_mon  File: /run/media/sackb/Windows-SSD/Users/sackb/OneDrive/Desktop/University/Course_Work/2025-2026/Spring_2026/ECE_410/ECE410/project/post_m3_Minor_Redesign/tb/tb_top.sv Line: 257

Time: 4025 ns Started: 4015 ns Scope: /tb_top/u_mon File: /run/media/sackb/Windows-SSD/Users/sackb/OneDrive/Desktop/University/Course_Work/2025-2026/Spring_2026/ECE_410/ECE410/project/post_m3_Minor_Redesign/tb/tb_top.sv Line:256
Error: AXI MONITOR: core_C changed while core is idle
Time: 4025 ns  Iteration: 0  Process: /tb_top/u_mon//tb_top/u_mon  Scope: tb_top.u_mon  File: /run/media/sackb/Windows-SSD/Users/sackb/OneDrive/Desktop/University/Course_Work/2025-2026/Spring_2026/ECE_410/ECE410/project/post_m3_Minor_Redesign/tb/tb_top.sv Line: 257

Time: 4035 ns Started: 4025 ns Scope: /tb_top/u_mon File: /run/media/sackb/Windows-SSD/Users/sackb/OneDrive/Desktop/University/Course_Work/2025-2026/Spring_2026/ECE_410/ECE410/project/post_m3_Minor_Redesign/tb/tb_top.sv Line:256
Error: AXI MONITOR: core_C changed while core is idle
Time: 4035 ns  Iteration: 0  Process: /tb_top/u_mon//tb_top/u_mon  Scope: tb_top.u_mon  File: /run/media/sackb/Windows-SSD/Users/sackb/OneDrive/Desktop/University/Course_Work/2025-2026/Spring_2026/ECE_410/ECE410/project/post_m3_Minor_Redesign/tb/tb_top.sv Line: 257

Time: 4045 ns Started: 4035 ns Scope: /tb_top/u_mon File: /run/media/sackb/Windows-SSD/Users/sackb/OneDrive/Desktop/University/Course_Work/2025-2026/Spring_2026/ECE_410/ECE410/project/post_m3_Minor_Redesign/tb/tb_top.sv Line:256
Error: AXI MONITOR: core_C changed while core is idle
Time: 4045 ns  Iteration: 0  Process: /tb_top/u_mon//tb_top/u_mon  Scope: tb_top.u_mon  File: /run/media/sackb/Windows-SSD/Users/sackb/OneDrive/Desktop/University/Course_Work/2025-2026/Spring_2026/ECE_410/ECE410/project/post_m3_Minor_Redesign/tb/tb_top.sv Line: 257

Time: 4055 ns Started: 4045 ns Scope: /tb_top/u_mon File: /run/media/sackb/Windows-SSD/Users/sackb/OneDrive/Desktop/University/Course_Work/2025-2026/Spring_2026/ECE_410/ECE410/project/post_m3_Minor_Redesign/tb/tb_top.sv Line:256
Error: AXI MONITOR: core_C changed while core is idle
Time: 4055 ns  Iteration: 0  Process: /tb_top/u_mon//tb_top/u_mon  Scope: tb_top.u_mon  File: /run/media/sackb/Windows-SSD/Users/sackb/OneDrive/Desktop/University/Course_Work/2025-2026/Spring_2026/ECE_410/ECE410/project/post_m3_Minor_Redesign/tb/tb_top.sv Line: 257

Time: 4065 ns Started: 4055 ns Scope: /tb_top/u_mon File: /run/media/sackb/Windows-SSD/Users/sackb/OneDrive/Desktop/University/Course_Work/2025-2026/Spring_2026/ECE_410/ECE410/project/post_m3_Minor_Redesign/tb/tb_top.sv Line:256
Error: AXI MONITOR: core_C changed while core is idle
Time: 4065 ns  Iteration: 0  Process: /tb_top/u_mon//tb_top/u_mon  Scope: tb_top.u_mon  File: /run/media/sackb/Windows-SSD/Users/sackb/OneDrive/Desktop/University/Course_Work/2025-2026/Spring_2026/ECE_410/ECE410/project/post_m3_Minor_Redesign/tb/tb_top.sv Line: 257

Time: 4075 ns Started: 4065 ns Scope: /tb_top/u_mon File: /run/media/sackb/Windows-SSD/Users/sackb/OneDrive/Desktop/University/Course_Work/2025-2026/Spring_2026/ECE_410/ECE410/project/post_m3_Minor_Redesign/tb/tb_top.sv Line:256
Error: AXI MONITOR: core_C changed while core is idle
Time: 4075 ns  Iteration: 0  Process: /tb_top/u_mon//tb_top/u_mon  Scope: tb_top.u_mon  File: /run/media/sackb/Windows-SSD/Users/sackb/OneDrive/Desktop/University/Course_Work/2025-2026/Spring_2026/ECE_410/ECE410/project/post_m3_Minor_Redesign/tb/tb_top.sv Line: 257

Time: 4085 ns Started: 4075 ns Scope: /tb_top/u_mon File: /run/media/sackb/Windows-SSD/Users/sackb/OneDrive/Desktop/University/Course_Work/2025-2026/Spring_2026/ECE_410/ECE410/project/post_m3_Minor_Redesign/tb/tb_top.sv Line:256
Error: AXI MONITOR: core_C changed while core is idle
Time: 4085 ns  Iteration: 0  Process: /tb_top/u_mon//tb_top/u_mon  Scope: tb_top.u_mon  File: /run/media/sackb/Windows-SSD/Users/sackb/OneDrive/Desktop/University/Course_Work/2025-2026/Spring_2026/ECE_410/ECE410/project/post_m3_Minor_Redesign/tb/tb_top.sv Line: 257

Time: 4095 ns Started: 4085 ns Scope: /tb_top/u_mon File: /run/media/sackb/Windows-SSD/Users/sackb/OneDrive/Desktop/University/Course_Work/2025-2026/Spring_2026/ECE_410/ECE410/project/post_m3_Minor_Redesign/tb/tb_top.sv Line:256
Error: AXI MONITOR: core_C changed while core is idle
Time: 4095 ns  Iteration: 0  Process: /tb_top/u_mon//tb_top/u_mon  Scope: tb_top.u_mon  File: /run/media/sackb/Windows-SSD/Users/sackb/OneDrive/Desktop/University/Course_Work/2025-2026/Spring_2026/ECE_410/ECE410/project/post_m3_Minor_Redesign/tb/tb_top.sv Line: 257

Time: 4105 ns Started: 4095 ns Scope: /tb_top/u_mon File: /run/media/sackb/Windows-SSD/Users/sackb/OneDrive/Desktop/University/Course_Work/2025-2026/Spring_2026/ECE_410/ECE410/project/post_m3_Minor_Redesign/tb/tb_top.sv Line:256
Error: AXI MONITOR: core_C changed while core is idle
Time: 4105 ns  Iteration: 0  Process: /tb_top/u_mon//tb_top/u_mon  Scope: tb_top.u_mon  File: /run/media/sackb/Windows-SSD/Users/sackb/OneDrive/Desktop/University/Course_Work/2025-2026/Spring_2026/ECE_410/ECE410/project/post_m3_Minor_Redesign/tb/tb_top.sv Line: 257

Time: 4115 ns Started: 4105 ns Scope: /tb_top/u_mon File: /run/media/sackb/Windows-SSD/Users/sackb/OneDrive/Desktop/University/Course_Work/2025-2026/Spring_2026/ECE_410/ECE410/project/post_m3_Minor_Redesign/tb/tb_top.sv Line:256
Error: AXI MONITOR: core_C changed while core is idle
Time: 4115 ns  Iteration: 0  Process: /tb_top/u_mon//tb_top/u_mon  Scope: tb_top.u_mon  File: /run/media/sackb/Windows-SSD/Users/sackb/OneDrive/Desktop/University/Course_Work/2025-2026/Spring_2026/ECE_410/ECE410/project/post_m3_Minor_Redesign/tb/tb_top.sv Line: 257

Time: 4125 ns Started: 4115 ns Scope: /tb_top/u_mon File: /run/media/sackb/Windows-SSD/Users/sackb/OneDrive/Desktop/University/Course_Work/2025-2026/Spring_2026/ECE_410/ECE410/project/post_m3_Minor_Redesign/tb/tb_top.sv Line:256
Error: AXI MONITOR: core_C changed while core is idle
Time: 4125 ns  Iteration: 0  Process: /tb_top/u_mon//tb_top/u_mon  Scope: tb_top.u_mon  File: /run/media/sackb/Windows-SSD/Users/sackb/OneDrive/Desktop/University/Course_Work/2025-2026/Spring_2026/ECE_410/ECE410/project/post_m3_Minor_Redesign/tb/tb_top.sv Line: 257

Time: 4135 ns Started: 4125 ns Scope: /tb_top/u_mon File: /run/media/sackb/Windows-SSD/Users/sackb/OneDrive/Desktop/University/Course_Work/2025-2026/Spring_2026/ECE_410/ECE410/project/post_m3_Minor_Redesign/tb/tb_top.sv Line:256
Error: AXI MONITOR: core_C changed while core is idle
Time: 4135 ns  Iteration: 0  Process: /tb_top/u_mon//tb_top/u_mon  Scope: tb_top.u_mon  File: /run/media/sackb/Windows-SSD/Users/sackb/OneDrive/Desktop/University/Course_Work/2025-2026/Spring_2026/ECE_410/ECE410/project/post_m3_Minor_Redesign/tb/tb_top.sv Line: 257

Time: 4145 ns Started: 4135 ns Scope: /tb_top/u_mon File: /run/media/sackb/Windows-SSD/Users/sackb/OneDrive/Desktop/University/Course_Work/2025-2026/Spring_2026/ECE_410/ECE410/project/post_m3_Minor_Redesign/tb/tb_top.sv Line:256
Error: AXI MONITOR: core_C changed while core is idle
Time: 4145 ns  Iteration: 0  Process: /tb_top/u_mon//tb_top/u_mon  Scope: tb_top.u_mon  File: /run/media/sackb/Windows-SSD/Users/sackb/OneDrive/Desktop/University/Course_Work/2025-2026/Spring_2026/ECE_410/ECE410/project/post_m3_Minor_Redesign/tb/tb_top.sv Line: 257

Time: 4155 ns Started: 4145 ns Scope: /tb_top/u_mon File: /run/media/sackb/Windows-SSD/Users/sackb/OneDrive/Desktop/University/Course_Work/2025-2026/Spring_2026/ECE_410/ECE410/project/post_m3_Minor_Redesign/tb/tb_top.sv Line:256
Error: AXI MONITOR: core_C changed while core is idle
Time: 4155 ns  Iteration: 0  Process: /tb_top/u_mon//tb_top/u_mon  Scope: tb_top.u_mon  File: /run/media/sackb/Windows-SSD/Users/sackb/OneDrive/Desktop/University/Course_Work/2025-2026/Spring_2026/ECE_410/ECE410/project/post_m3_Minor_Redesign/tb/tb_top.sv Line: 257

Time: 4165 ns Started: 4155 ns Scope: /tb_top/u_mon File: /run/media/sackb/Windows-SSD/Users/sackb/OneDrive/Desktop/University/Course_Work/2025-2026/Spring_2026/ECE_410/ECE410/project/post_m3_Minor_Redesign/tb/tb_top.sv Line:256
Error: AXI MONITOR: core_C changed while core is idle
Time: 4165 ns  Iteration: 0  Process: /tb_top/u_mon//tb_top/u_mon  Scope: tb_top.u_mon  File: /run/media/sackb/Windows-SSD/Users/sackb/OneDrive/Desktop/University/Course_Work/2025-2026/Spring_2026/ECE_410/ECE410/project/post_m3_Minor_Redesign/tb/tb_top.sv Line: 257

Time: 4175 ns Started: 4165 ns Scope: /tb_top/u_mon File: /run/media/sackb/Windows-SSD/Users/sackb/OneDrive/Desktop/University/Course_Work/2025-2026/Spring_2026/ECE_410/ECE410/project/post_m3_Minor_Redesign/tb/tb_top.sv Line:256
Error: AXI MONITOR: core_C changed while core is idle
Time: 4175 ns  Iteration: 0  Process: /tb_top/u_mon//tb_top/u_mon  Scope: tb_top.u_mon  File: /run/media/sackb/Windows-SSD/Users/sackb/OneDrive/Desktop/University/Course_Work/2025-2026/Spring_2026/ECE_410/ECE410/project/post_m3_Minor_Redesign/tb/tb_top.sv Line: 257

Time: 4185 ns Started: 4175 ns Scope: /tb_top/u_mon File: /run/media/sackb/Windows-SSD/Users/sackb/OneDrive/Desktop/University/Course_Work/2025-2026/Spring_2026/ECE_410/ECE410/project/post_m3_Minor_Redesign/tb/tb_top.sv Line:256
Error: AXI MONITOR: core_C changed while core is idle
Time: 4185 ns  Iteration: 0  Process: /tb_top/u_mon//tb_top/u_mon  Scope: tb_top.u_mon  File: /run/media/sackb/Windows-SSD/Users/sackb/OneDrive/Desktop/University/Course_Work/2025-2026/Spring_2026/ECE_410/ECE410/project/post_m3_Minor_Redesign/tb/tb_top.sv Line: 257

Time: 4195 ns Started: 4185 ns Scope: /tb_top/u_mon File: /run/media/sackb/Windows-SSD/Users/sackb/OneDrive/Desktop/University/Course_Work/2025-2026/Spring_2026/ECE_410/ECE410/project/post_m3_Minor_Redesign/tb/tb_top.sv Line:256
Error: AXI MONITOR: core_C changed while core is idle
Time: 4195 ns  Iteration: 0  Process: /tb_top/u_mon//tb_top/u_mon  Scope: tb_top.u_mon  File: /run/media/sackb/Windows-SSD/Users/sackb/OneDrive/Desktop/University/Course_Work/2025-2026/Spring_2026/ECE_410/ECE410/project/post_m3_Minor_Redesign/tb/tb_top.sv Line: 257

Time: 4205 ns Started: 4195 ns Scope: /tb_top/u_mon File: /run/media/sackb/Windows-SSD/Users/sackb/OneDrive/Desktop/University/Course_Work/2025-2026/Spring_2026/ECE_410/ECE410/project/post_m3_Minor_Redesign/tb/tb_top.sv Line:256
Error: AXI MONITOR: core_C changed while core is idle
Time: 4205 ns  Iteration: 0  Process: /tb_top/u_mon//tb_top/u_mon  Scope: tb_top.u_mon  File: /run/media/sackb/Windows-SSD/Users/sackb/OneDrive/Desktop/University/Course_Work/2025-2026/Spring_2026/ECE_410/ECE410/project/post_m3_Minor_Redesign/tb/tb_top.sv Line: 257

Time: 4215 ns Started: 4205 ns Scope: /tb_top/u_mon File: /run/media/sackb/Windows-SSD/Users/sackb/OneDrive/Desktop/University/Course_Work/2025-2026/Spring_2026/ECE_410/ECE410/project/post_m3_Minor_Redesign/tb/tb_top.sv Line:256
Error: AXI MONITOR: core_C changed while core is idle
Time: 4215 ns  Iteration: 0  Process: /tb_top/u_mon//tb_top/u_mon  Scope: tb_top.u_mon  File: /run/media/sackb/Windows-SSD/Users/sackb/OneDrive/Desktop/University/Course_Work/2025-2026/Spring_2026/ECE_410/ECE410/project/post_m3_Minor_Redesign/tb/tb_top.sv Line: 257

Time: 4225 ns Started: 4215 ns Scope: /tb_top/u_mon File: /run/media/sackb/Windows-SSD/Users/sackb/OneDrive/Desktop/University/Course_Work/2025-2026/Spring_2026/ECE_410/ECE410/project/post_m3_Minor_Redesign/tb/tb_top.sv Line:256
Error: AXI MONITOR: core_C changed while core is idle
Time: 4225 ns  Iteration: 0  Process: /tb_top/u_mon//tb_top/u_mon  Scope: tb_top.u_mon  File: /run/media/sackb/Windows-SSD/Users/sackb/OneDrive/Desktop/University/Course_Work/2025-2026/Spring_2026/ECE_410/ECE410/project/post_m3_Minor_Redesign/tb/tb_top.sv Line: 257

Time: 4235 ns Started: 4225 ns Scope: /tb_top/u_mon File: /run/media/sackb/Windows-SSD/Users/sackb/OneDrive/Desktop/University/Course_Work/2025-2026/Spring_2026/ECE_410/ECE410/project/post_m3_Minor_Redesign/tb/tb_top.sv Line:256
Error: AXI MONITOR: core_C changed while core is idle
Time: 4235 ns  Iteration: 0  Process: /tb_top/u_mon//tb_top/u_mon  Scope: tb_top.u_mon  File: /run/media/sackb/Windows-SSD/Users/sackb/OneDrive/Desktop/University/Course_Work/2025-2026/Spring_2026/ECE_410/ECE410/project/post_m3_Minor_Redesign/tb/tb_top.sv Line: 257

Time: 4245 ns Started: 4235 ns Scope: /tb_top/u_mon File: /run/media/sackb/Windows-SSD/Users/sackb/OneDrive/Desktop/University/Course_Work/2025-2026/Spring_2026/ECE_410/ECE410/project/post_m3_Minor_Redesign/tb/tb_top.sv Line:256
Error: AXI MONITOR: core_C changed while core is idle
Time: 4245 ns  Iteration: 0  Process: /tb_top/u_mon//tb_top/u_mon  Scope: tb_top.u_mon  File: /run/media/sackb/Windows-SSD/Users/sackb/OneDrive/Desktop/University/Course_Work/2025-2026/Spring_2026/ECE_410/ECE410/project/post_m3_Minor_Redesign/tb/tb_top.sv Line: 257

Time: 4255 ns Started: 4245 ns Scope: /tb_top/u_mon File: /run/media/sackb/Windows-SSD/Users/sackb/OneDrive/Desktop/University/Course_Work/2025-2026/Spring_2026/ECE_410/ECE410/project/post_m3_Minor_Redesign/tb/tb_top.sv Line:256
Error: AXI MONITOR: core_C changed while core is idle
Time: 4255 ns  Iteration: 0  Process: /tb_top/u_mon//tb_top/u_mon  Scope: tb_top.u_mon  File: /run/media/sackb/Windows-SSD/Users/sackb/OneDrive/Desktop/University/Course_Work/2025-2026/Spring_2026/ECE_410/ECE410/project/post_m3_Minor_Redesign/tb/tb_top.sv Line: 257

Time: 4265 ns Started: 4255 ns Scope: /tb_top/u_mon File: /run/media/sackb/Windows-SSD/Users/sackb/OneDrive/Desktop/University/Course_Work/2025-2026/Spring_2026/ECE_410/ECE410/project/post_m3_Minor_Redesign/tb/tb_top.sv Line:256
Error: AXI MONITOR: core_C changed while core is idle
Time: 4265 ns  Iteration: 0  Process: /tb_top/u_mon//tb_top/u_mon  Scope: tb_top.u_mon  File: /run/media/sackb/Windows-SSD/Users/sackb/OneDrive/Desktop/University/Course_Work/2025-2026/Spring_2026/ECE_410/ECE410/project/post_m3_Minor_Redesign/tb/tb_top.sv Line: 257

Time: 4275 ns Started: 4265 ns Scope: /tb_top/u_mon File: /run/media/sackb/Windows-SSD/Users/sackb/OneDrive/Desktop/University/Course_Work/2025-2026/Spring_2026/ECE_410/ECE410/project/post_m3_Minor_Redesign/tb/tb_top.sv Line:256
Error: AXI MONITOR: core_C changed while core is idle
Time: 4275 ns  Iteration: 0  Process: /tb_top/u_mon//tb_top/u_mon  Scope: tb_top.u_mon  File: /run/media/sackb/Windows-SSD/Users/sackb/OneDrive/Desktop/University/Course_Work/2025-2026/Spring_2026/ECE_410/ECE410/project/post_m3_Minor_Redesign/tb/tb_top.sv Line: 257

Time: 4285 ns Started: 4275 ns Scope: /tb_top/u_mon File: /run/media/sackb/Windows-SSD/Users/sackb/OneDrive/Desktop/University/Course_Work/2025-2026/Spring_2026/ECE_410/ECE410/project/post_m3_Minor_Redesign/tb/tb_top.sv Line:256
Error: AXI MONITOR: core_C changed while core is idle
Time: 4285 ns  Iteration: 0  Process: /tb_top/u_mon//tb_top/u_mon  Scope: tb_top.u_mon  File: /run/media/sackb/Windows-SSD/Users/sackb/OneDrive/Desktop/University/Course_Work/2025-2026/Spring_2026/ECE_410/ECE410/project/post_m3_Minor_Redesign/tb/tb_top.sv Line: 257

Time: 4295 ns Started: 4285 ns Scope: /tb_top/u_mon File: /run/media/sackb/Windows-SSD/Users/sackb/OneDrive/Desktop/University/Course_Work/2025-2026/Spring_2026/ECE_410/ECE410/project/post_m3_Minor_Redesign/tb/tb_top.sv Line:256
Error: AXI MONITOR: core_C changed while core is idle
Time: 4295 ns  Iteration: 0  Process: /tb_top/u_mon//tb_top/u_mon  Scope: tb_top.u_mon  File: /run/media/sackb/Windows-SSD/Users/sackb/OneDrive/Desktop/University/Course_Work/2025-2026/Spring_2026/ECE_410/ECE410/project/post_m3_Minor_Redesign/tb/tb_top.sv Line: 257

Time: 4305 ns Started: 4295 ns Scope: /tb_top/u_mon File: /run/media/sackb/Windows-SSD/Users/sackb/OneDrive/Desktop/University/Course_Work/2025-2026/Spring_2026/ECE_410/ECE410/project/post_m3_Minor_Redesign/tb/tb_top.sv Line:256
Error: AXI MONITOR: core_C changed while core is idle
Time: 4305 ns  Iteration: 0  Process: /tb_top/u_mon//tb_top/u_mon  Scope: tb_top.u_mon  File: /run/media/sackb/Windows-SSD/Users/sackb/OneDrive/Desktop/University/Course_Work/2025-2026/Spring_2026/ECE_410/ECE410/project/post_m3_Minor_Redesign/tb/tb_top.sv Line: 257

Time: 4315 ns Started: 4305 ns Scope: /tb_top/u_mon File: /run/media/sackb/Windows-SSD/Users/sackb/OneDrive/Desktop/University/Course_Work/2025-2026/Spring_2026/ECE_410/ECE410/project/post_m3_Minor_Redesign/tb/tb_top.sv Line:256
Error: AXI MONITOR: core_C changed while core is idle
Time: 4315 ns  Iteration: 0  Process: /tb_top/u_mon//tb_top/u_mon  Scope: tb_top.u_mon  File: /run/media/sackb/Windows-SSD/Users/sackb/OneDrive/Desktop/University/Course_Work/2025-2026/Spring_2026/ECE_410/ECE410/project/post_m3_Minor_Redesign/tb/tb_top.sv Line: 257

Time: 4325 ns Started: 4315 ns Scope: /tb_top/u_mon File: /run/media/sackb/Windows-SSD/Users/sackb/OneDrive/Desktop/University/Course_Work/2025-2026/Spring_2026/ECE_410/ECE410/project/post_m3_Minor_Redesign/tb/tb_top.sv Line:256
Error: AXI MONITOR: core_C changed while core is idle
Time: 4325 ns  Iteration: 0  Process: /tb_top/u_mon//tb_top/u_mon  Scope: tb_top.u_mon  File: /run/media/sackb/Windows-SSD/Users/sackb/OneDrive/Desktop/University/Course_Work/2025-2026/Spring_2026/ECE_410/ECE410/project/post_m3_Minor_Redesign/tb/tb_top.sv Line: 257

Time: 4335 ns Started: 4325 ns Scope: /tb_top/u_mon File: /run/media/sackb/Windows-SSD/Users/sackb/OneDrive/Desktop/University/Course_Work/2025-2026/Spring_2026/ECE_410/ECE410/project/post_m3_Minor_Redesign/tb/tb_top.sv Line:256
Error: AXI MONITOR: core_C changed while core is idle
Time: 4335 ns  Iteration: 0  Process: /tb_top/u_mon//tb_top/u_mon  Scope: tb_top.u_mon  File: /run/media/sackb/Windows-SSD/Users/sackb/OneDrive/Desktop/University/Course_Work/2025-2026/Spring_2026/ECE_410/ECE410/project/post_m3_Minor_Redesign/tb/tb_top.sv Line: 257

Time: 4345 ns Started: 4335 ns Scope: /tb_top/u_mon File: /run/media/sackb/Windows-SSD/Users/sackb/OneDrive/Desktop/University/Course_Work/2025-2026/Spring_2026/ECE_410/ECE410/project/post_m3_Minor_Redesign/tb/tb_top.sv Line:256
Error: AXI MONITOR: core_C changed while core is idle
Time: 4345 ns  Iteration: 0  Process: /tb_top/u_mon//tb_top/u_mon  Scope: tb_top.u_mon  File: /run/media/sackb/Windows-SSD/Users/sackb/OneDrive/Desktop/University/Course_Work/2025-2026/Spring_2026/ECE_410/ECE410/project/post_m3_Minor_Redesign/tb/tb_top.sv Line: 257

Time: 4355 ns Started: 4345 ns Scope: /tb_top/u_mon File: /run/media/sackb/Windows-SSD/Users/sackb/OneDrive/Desktop/University/Course_Work/2025-2026/Spring_2026/ECE_410/ECE410/project/post_m3_Minor_Redesign/tb/tb_top.sv Line:256
Error: AXI MONITOR: core_C changed while core is idle
Time: 4355 ns  Iteration: 0  Process: /tb_top/u_mon//tb_top/u_mon  Scope: tb_top.u_mon  File: /run/media/sackb/Windows-SSD/Users/sackb/OneDrive/Desktop/University/Course_Work/2025-2026/Spring_2026/ECE_410/ECE410/project/post_m3_Minor_Redesign/tb/tb_top.sv Line: 257

Time: 4365 ns Started: 4355 ns Scope: /tb_top/u_mon File: /run/media/sackb/Windows-SSD/Users/sackb/OneDrive/Desktop/University/Course_Work/2025-2026/Spring_2026/ECE_410/ECE410/project/post_m3_Minor_Redesign/tb/tb_top.sv Line:256
Error: AXI MONITOR: core_C changed while core is idle
Time: 4365 ns  Iteration: 0  Process: /tb_top/u_mon//tb_top/u_mon  Scope: tb_top.u_mon  File: /run/media/sackb/Windows-SSD/Users/sackb/OneDrive/Desktop/University/Course_Work/2025-2026/Spring_2026/ECE_410/ECE410/project/post_m3_Minor_Redesign/tb/tb_top.sv Line: 257

Time: 4375 ns Started: 4365 ns Scope: /tb_top/u_mon File: /run/media/sackb/Windows-SSD/Users/sackb/OneDrive/Desktop/University/Course_Work/2025-2026/Spring_2026/ECE_410/ECE410/project/post_m3_Minor_Redesign/tb/tb_top.sv Line:256
Error: AXI MONITOR: core_C changed while core is idle
Time: 4375 ns  Iteration: 0  Process: /tb_top/u_mon//tb_top/u_mon  Scope: tb_top.u_mon  File: /run/media/sackb/Windows-SSD/Users/sackb/OneDrive/Desktop/University/Course_Work/2025-2026/Spring_2026/ECE_410/ECE410/project/post_m3_Minor_Redesign/tb/tb_top.sv Line: 257

Time: 4385 ns Started: 4375 ns Scope: /tb_top/u_mon File: /run/media/sackb/Windows-SSD/Users/sackb/OneDrive/Desktop/University/Course_Work/2025-2026/Spring_2026/ECE_410/ECE410/project/post_m3_Minor_Redesign/tb/tb_top.sv Line:256
Error: AXI MONITOR: core_C changed while core is idle
Time: 4385 ns  Iteration: 0  Process: /tb_top/u_mon//tb_top/u_mon  Scope: tb_top.u_mon  File: /run/media/sackb/Windows-SSD/Users/sackb/OneDrive/Desktop/University/Course_Work/2025-2026/Spring_2026/ECE_410/ECE410/project/post_m3_Minor_Redesign/tb/tb_top.sv Line: 257

Time: 4395 ns Started: 4385 ns Scope: /tb_top/u_mon File: /run/media/sackb/Windows-SSD/Users/sackb/OneDrive/Desktop/University/Course_Work/2025-2026/Spring_2026/ECE_410/ECE410/project/post_m3_Minor_Redesign/tb/tb_top.sv Line:256
Error: AXI MONITOR: core_C changed while core is idle
Time: 4395 ns  Iteration: 0  Process: /tb_top/u_mon//tb_top/u_mon  Scope: tb_top.u_mon  File: /run/media/sackb/Windows-SSD/Users/sackb/OneDrive/Desktop/University/Course_Work/2025-2026/Spring_2026/ECE_410/ECE410/project/post_m3_Minor_Redesign/tb/tb_top.sv Line: 257

Time: 4405 ns Started: 4395 ns Scope: /tb_top/u_mon File: /run/media/sackb/Windows-SSD/Users/sackb/OneDrive/Desktop/University/Course_Work/2025-2026/Spring_2026/ECE_410/ECE410/project/post_m3_Minor_Redesign/tb/tb_top.sv Line:256
Error: AXI MONITOR: core_C changed while core is idle
Time: 4405 ns  Iteration: 0  Process: /tb_top/u_mon//tb_top/u_mon  Scope: tb_top.u_mon  File: /run/media/sackb/Windows-SSD/Users/sackb/OneDrive/Desktop/University/Course_Work/2025-2026/Spring_2026/ECE_410/ECE410/project/post_m3_Minor_Redesign/tb/tb_top.sv Line: 257

Time: 4415 ns Started: 4405 ns Scope: /tb_top/u_mon File: /run/media/sackb/Windows-SSD/Users/sackb/OneDrive/Desktop/University/Course_Work/2025-2026/Spring_2026/ECE_410/ECE410/project/post_m3_Minor_Redesign/tb/tb_top.sv Line:256
Error: AXI MONITOR: core_C changed while core is idle
Time: 4415 ns  Iteration: 0  Process: /tb_top/u_mon//tb_top/u_mon  Scope: tb_top.u_mon  File: /run/media/sackb/Windows-SSD/Users/sackb/OneDrive/Desktop/University/Course_Work/2025-2026/Spring_2026/ECE_410/ECE410/project/post_m3_Minor_Redesign/tb/tb_top.sv Line: 257

Time: 4425 ns Started: 4415 ns Scope: /tb_top/u_mon File: /run/media/sackb/Windows-SSD/Users/sackb/OneDrive/Desktop/University/Course_Work/2025-2026/Spring_2026/ECE_410/ECE410/project/post_m3_Minor_Redesign/tb/tb_top.sv Line:256
Error: AXI MONITOR: core_C changed while core is idle
Time: 4425 ns  Iteration: 0  Process: /tb_top/u_mon//tb_top/u_mon  Scope: tb_top.u_mon  File: /run/media/sackb/Windows-SSD/Users/sackb/OneDrive/Desktop/University/Course_Work/2025-2026/Spring_2026/ECE_410/ECE410/project/post_m3_Minor_Redesign/tb/tb_top.sv Line: 257

Time: 4435 ns Started: 4425 ns Scope: /tb_top/u_mon File: /run/media/sackb/Windows-SSD/Users/sackb/OneDrive/Desktop/University/Course_Work/2025-2026/Spring_2026/ECE_410/ECE410/project/post_m3_Minor_Redesign/tb/tb_top.sv Line:256
Error: AXI MONITOR: core_C changed while core is idle
Time: 4435 ns  Iteration: 0  Process: /tb_top/u_mon//tb_top/u_mon  Scope: tb_top.u_mon  File: /run/media/sackb/Windows-SSD/Users/sackb/OneDrive/Desktop/University/Course_Work/2025-2026/Spring_2026/ECE_410/ECE410/project/post_m3_Minor_Redesign/tb/tb_top.sv Line: 257

Time: 4445 ns Started: 4435 ns Scope: /tb_top/u_mon File: /run/media/sackb/Windows-SSD/Users/sackb/OneDrive/Desktop/University/Course_Work/2025-2026/Spring_2026/ECE_410/ECE410/project/post_m3_Minor_Redesign/tb/tb_top.sv Line:256
Error: AXI MONITOR: core_C changed while core is idle
Time: 4445 ns  Iteration: 0  Process: /tb_top/u_mon//tb_top/u_mon  Scope: tb_top.u_mon  File: /run/media/sackb/Windows-SSD/Users/sackb/OneDrive/Desktop/University/Course_Work/2025-2026/Spring_2026/ECE_410/ECE410/project/post_m3_Minor_Redesign/tb/tb_top.sv Line: 257

Time: 4455 ns Started: 4445 ns Scope: /tb_top/u_mon File: /run/media/sackb/Windows-SSD/Users/sackb/OneDrive/Desktop/University/Course_Work/2025-2026/Spring_2026/ECE_410/ECE410/project/post_m3_Minor_Redesign/tb/tb_top.sv Line:256
Error: AXI MONITOR: core_C changed while core is idle
Time: 4455 ns  Iteration: 0  Process: /tb_top/u_mon//tb_top/u_mon  Scope: tb_top.u_mon  File: /run/media/sackb/Windows-SSD/Users/sackb/OneDrive/Desktop/University/Course_Work/2025-2026/Spring_2026/ECE_410/ECE410/project/post_m3_Minor_Redesign/tb/tb_top.sv Line: 257

Time: 4465 ns Started: 4455 ns Scope: /tb_top/u_mon File: /run/media/sackb/Windows-SSD/Users/sackb/OneDrive/Desktop/University/Course_Work/2025-2026/Spring_2026/ECE_410/ECE410/project/post_m3_Minor_Redesign/tb/tb_top.sv Line:256
Error: AXI MONITOR: core_C changed while core is idle
Time: 4465 ns  Iteration: 0  Process: /tb_top/u_mon//tb_top/u_mon  Scope: tb_top.u_mon  File: /run/media/sackb/Windows-SSD/Users/sackb/OneDrive/Desktop/University/Course_Work/2025-2026/Spring_2026/ECE_410/ECE410/project/post_m3_Minor_Redesign/tb/tb_top.sv Line: 257

Time: 4475 ns Started: 4465 ns Scope: /tb_top/u_mon File: /run/media/sackb/Windows-SSD/Users/sackb/OneDrive/Desktop/University/Course_Work/2025-2026/Spring_2026/ECE_410/ECE410/project/post_m3_Minor_Redesign/tb/tb_top.sv Line:256
Error: AXI MONITOR: core_C changed while core is idle
Time: 4475 ns  Iteration: 0  Process: /tb_top/u_mon//tb_top/u_mon  Scope: tb_top.u_mon  File: /run/media/sackb/Windows-SSD/Users/sackb/OneDrive/Desktop/University/Course_Work/2025-2026/Spring_2026/ECE_410/ECE410/project/post_m3_Minor_Redesign/tb/tb_top.sv Line: 257

Time: 4485 ns Started: 4475 ns Scope: /tb_top/u_mon File: /run/media/sackb/Windows-SSD/Users/sackb/OneDrive/Desktop/University/Course_Work/2025-2026/Spring_2026/ECE_410/ECE410/project/post_m3_Minor_Redesign/tb/tb_top.sv Line:256
Error: AXI MONITOR: core_C changed while core is idle
Time: 4485 ns  Iteration: 0  Process: /tb_top/u_mon//tb_top/u_mon  Scope: tb_top.u_mon  File: /run/media/sackb/Windows-SSD/Users/sackb/OneDrive/Desktop/University/Course_Work/2025-2026/Spring_2026/ECE_410/ECE410/project/post_m3_Minor_Redesign/tb/tb_top.sv Line: 257

Time: 4495 ns Started: 4485 ns Scope: /tb_top/u_mon File: /run/media/sackb/Windows-SSD/Users/sackb/OneDrive/Desktop/University/Course_Work/2025-2026/Spring_2026/ECE_410/ECE410/project/post_m3_Minor_Redesign/tb/tb_top.sv Line:256
Error: AXI MONITOR: core_C changed while core is idle
Time: 4495 ns  Iteration: 0  Process: /tb_top/u_mon//tb_top/u_mon  Scope: tb_top.u_mon  File: /run/media/sackb/Windows-SSD/Users/sackb/OneDrive/Desktop/University/Course_Work/2025-2026/Spring_2026/ECE_410/ECE410/project/post_m3_Minor_Redesign/tb/tb_top.sv Line: 257

Time: 4505 ns Started: 4495 ns Scope: /tb_top/u_mon File: /run/media/sackb/Windows-SSD/Users/sackb/OneDrive/Desktop/University/Course_Work/2025-2026/Spring_2026/ECE_410/ECE410/project/post_m3_Minor_Redesign/tb/tb_top.sv Line:256
Error: AXI MONITOR: core_C changed while core is idle
Time: 4505 ns  Iteration: 0  Process: /tb_top/u_mon//tb_top/u_mon  Scope: tb_top.u_mon  File: /run/media/sackb/Windows-SSD/Users/sackb/OneDrive/Desktop/University/Course_Work/2025-2026/Spring_2026/ECE_410/ECE410/project/post_m3_Minor_Redesign/tb/tb_top.sv Line: 257

Time: 4515 ns Started: 4505 ns Scope: /tb_top/u_mon File: /run/media/sackb/Windows-SSD/Users/sackb/OneDrive/Desktop/University/Course_Work/2025-2026/Spring_2026/ECE_410/ECE410/project/post_m3_Minor_Redesign/tb/tb_top.sv Line:256
Error: AXI MONITOR: core_C changed while core is idle
Time: 4515 ns  Iteration: 0  Process: /tb_top/u_mon//tb_top/u_mon  Scope: tb_top.u_mon  File: /run/media/sackb/Windows-SSD/Users/sackb/OneDrive/Desktop/University/Course_Work/2025-2026/Spring_2026/ECE_410/ECE410/project/post_m3_Minor_Redesign/tb/tb_top.sv Line: 257

Time: 4525 ns Started: 4515 ns Scope: /tb_top/u_mon File: /run/media/sackb/Windows-SSD/Users/sackb/OneDrive/Desktop/University/Course_Work/2025-2026/Spring_2026/ECE_410/ECE410/project/post_m3_Minor_Redesign/tb/tb_top.sv Line:256
Error: AXI MONITOR: core_C changed while core is idle
Time: 4525 ns  Iteration: 0  Process: /tb_top/u_mon//tb_top/u_mon  Scope: tb_top.u_mon  File: /run/media/sackb/Windows-SSD/Users/sackb/OneDrive/Desktop/University/Course_Work/2025-2026/Spring_2026/ECE_410/ECE410/project/post_m3_Minor_Redesign/tb/tb_top.sv Line: 257

Time: 4535 ns Started: 4525 ns Scope: /tb_top/u_mon File: /run/media/sackb/Windows-SSD/Users/sackb/OneDrive/Desktop/University/Course_Work/2025-2026/Spring_2026/ECE_410/ECE410/project/post_m3_Minor_Redesign/tb/tb_top.sv Line:256
Error: AXI MONITOR: core_C changed while core is idle
Time: 4535 ns  Iteration: 0  Process: /tb_top/u_mon//tb_top/u_mon  Scope: tb_top.u_mon  File: /run/media/sackb/Windows-SSD/Users/sackb/OneDrive/Desktop/University/Course_Work/2025-2026/Spring_2026/ECE_410/ECE410/project/post_m3_Minor_Redesign/tb/tb_top.sv Line: 257

Time: 4545 ns Started: 4535 ns Scope: /tb_top/u_mon File: /run/media/sackb/Windows-SSD/Users/sackb/OneDrive/Desktop/University/Course_Work/2025-2026/Spring_2026/ECE_410/ECE410/project/post_m3_Minor_Redesign/tb/tb_top.sv Line:256
Error: AXI MONITOR: core_C changed while core is idle
Time: 4545 ns  Iteration: 0  Process: /tb_top/u_mon//tb_top/u_mon  Scope: tb_top.u_mon  File: /run/media/sackb/Windows-SSD/Users/sackb/OneDrive/Desktop/University/Course_Work/2025-2026/Spring_2026/ECE_410/ECE410/project/post_m3_Minor_Redesign/tb/tb_top.sv Line: 257

Time: 4555 ns Started: 4545 ns Scope: /tb_top/u_mon File: /run/media/sackb/Windows-SSD/Users/sackb/OneDrive/Desktop/University/Course_Work/2025-2026/Spring_2026/ECE_410/ECE410/project/post_m3_Minor_Redesign/tb/tb_top.sv Line:256
Error: AXI MONITOR: core_C changed while core is idle
Time: 4555 ns  Iteration: 0  Process: /tb_top/u_mon//tb_top/u_mon  Scope: tb_top.u_mon  File: /run/media/sackb/Windows-SSD/Users/sackb/OneDrive/Desktop/University/Course_Work/2025-2026/Spring_2026/ECE_410/ECE410/project/post_m3_Minor_Redesign/tb/tb_top.sv Line: 257

Time: 4565 ns Started: 4555 ns Scope: /tb_top/u_mon File: /run/media/sackb/Windows-SSD/Users/sackb/OneDrive/Desktop/University/Course_Work/2025-2026/Spring_2026/ECE_410/ECE410/project/post_m3_Minor_Redesign/tb/tb_top.sv Line:256
Error: AXI MONITOR: core_C changed while core is idle
Time: 4565 ns  Iteration: 0  Process: /tb_top/u_mon//tb_top/u_mon  Scope: tb_top.u_mon  File: /run/media/sackb/Windows-SSD/Users/sackb/OneDrive/Desktop/University/Course_Work/2025-2026/Spring_2026/ECE_410/ECE410/project/post_m3_Minor_Redesign/tb/tb_top.sv Line: 257

Time: 4575 ns Started: 4565 ns Scope: /tb_top/u_mon File: /run/media/sackb/Windows-SSD/Users/sackb/OneDrive/Desktop/University/Course_Work/2025-2026/Spring_2026/ECE_410/ECE410/project/post_m3_Minor_Redesign/tb/tb_top.sv Line:256
Error: AXI MONITOR: core_C changed while core is idle
Time: 4575 ns  Iteration: 0  Process: /tb_top/u_mon//tb_top/u_mon  Scope: tb_top.u_mon  File: /run/media/sackb/Windows-SSD/Users/sackb/OneDrive/Desktop/University/Course_Work/2025-2026/Spring_2026/ECE_410/ECE410/project/post_m3_Minor_Redesign/tb/tb_top.sv Line: 257

Time: 4585 ns Started: 4575 ns Scope: /tb_top/u_mon File: /run/media/sackb/Windows-SSD/Users/sackb/OneDrive/Desktop/University/Course_Work/2025-2026/Spring_2026/ECE_410/ECE410/project/post_m3_Minor_Redesign/tb/tb_top.sv Line:256
Error: AXI MONITOR: core_C changed while core is idle
Time: 4585 ns  Iteration: 0  Process: /tb_top/u_mon//tb_top/u_mon  Scope: tb_top.u_mon  File: /run/media/sackb/Windows-SSD/Users/sackb/OneDrive/Desktop/University/Course_Work/2025-2026/Spring_2026/ECE_410/ECE410/project/post_m3_Minor_Redesign/tb/tb_top.sv Line: 257

Time: 4595 ns Started: 4585 ns Scope: /tb_top/u_mon File: /run/media/sackb/Windows-SSD/Users/sackb/OneDrive/Desktop/University/Course_Work/2025-2026/Spring_2026/ECE_410/ECE410/project/post_m3_Minor_Redesign/tb/tb_top.sv Line:256
Error: AXI MONITOR: core_C changed while core is idle
Time: 4595 ns  Iteration: 0  Process: /tb_top/u_mon//tb_top/u_mon  Scope: tb_top.u_mon  File: /run/media/sackb/Windows-SSD/Users/sackb/OneDrive/Desktop/University/Course_Work/2025-2026/Spring_2026/ECE_410/ECE410/project/post_m3_Minor_Redesign/tb/tb_top.sv Line: 257

Time: 4605 ns Started: 4595 ns Scope: /tb_top/u_mon File: /run/media/sackb/Windows-SSD/Users/sackb/OneDrive/Desktop/University/Course_Work/2025-2026/Spring_2026/ECE_410/ECE410/project/post_m3_Minor_Redesign/tb/tb_top.sv Line:256
Error: AXI MONITOR: core_C changed while core is idle
Time: 4605 ns  Iteration: 0  Process: /tb_top/u_mon//tb_top/u_mon  Scope: tb_top.u_mon  File: /run/media/sackb/Windows-SSD/Users/sackb/OneDrive/Desktop/University/Course_Work/2025-2026/Spring_2026/ECE_410/ECE410/project/post_m3_Minor_Redesign/tb/tb_top.sv Line: 257

Time: 4615 ns Started: 4605 ns Scope: /tb_top/u_mon File: /run/media/sackb/Windows-SSD/Users/sackb/OneDrive/Desktop/University/Course_Work/2025-2026/Spring_2026/ECE_410/ECE410/project/post_m3_Minor_Redesign/tb/tb_top.sv Line:256
Error: AXI MONITOR: core_C changed while core is idle
Time: 4615 ns  Iteration: 0  Process: /tb_top/u_mon//tb_top/u_mon  Scope: tb_top.u_mon  File: /run/media/sackb/Windows-SSD/Users/sackb/OneDrive/Desktop/University/Course_Work/2025-2026/Spring_2026/ECE_410/ECE410/project/post_m3_Minor_Redesign/tb/tb_top.sv Line: 257

Time: 4625 ns Started: 4615 ns Scope: /tb_top/u_mon File: /run/media/sackb/Windows-SSD/Users/sackb/OneDrive/Desktop/University/Course_Work/2025-2026/Spring_2026/ECE_410/ECE410/project/post_m3_Minor_Redesign/tb/tb_top.sv Line:256
Error: AXI MONITOR: core_C changed while core is idle
Time: 4625 ns  Iteration: 0  Process: /tb_top/u_mon//tb_top/u_mon  Scope: tb_top.u_mon  File: /run/media/sackb/Windows-SSD/Users/sackb/OneDrive/Desktop/University/Course_Work/2025-2026/Spring_2026/ECE_410/ECE410/project/post_m3_Minor_Redesign/tb/tb_top.sv Line: 257

Time: 4635 ns Started: 4625 ns Scope: /tb_top/u_mon File: /run/media/sackb/Windows-SSD/Users/sackb/OneDrive/Desktop/University/Course_Work/2025-2026/Spring_2026/ECE_410/ECE410/project/post_m3_Minor_Redesign/tb/tb_top.sv Line:256
Error: AXI MONITOR: core_C changed while core is idle
Time: 4635 ns  Iteration: 0  Process: /tb_top/u_mon//tb_top/u_mon  Scope: tb_top.u_mon  File: /run/media/sackb/Windows-SSD/Users/sackb/OneDrive/Desktop/University/Course_Work/2025-2026/Spring_2026/ECE_410/ECE410/project/post_m3_Minor_Redesign/tb/tb_top.sv Line: 257

Time: 4645 ns Started: 4635 ns Scope: /tb_top/u_mon File: /run/media/sackb/Windows-SSD/Users/sackb/OneDrive/Desktop/University/Course_Work/2025-2026/Spring_2026/ECE_410/ECE410/project/post_m3_Minor_Redesign/tb/tb_top.sv Line:256
Error: AXI MONITOR: core_C changed while core is idle
Time: 4645 ns  Iteration: 0  Process: /tb_top/u_mon//tb_top/u_mon  Scope: tb_top.u_mon  File: /run/media/sackb/Windows-SSD/Users/sackb/OneDrive/Desktop/University/Course_Work/2025-2026/Spring_2026/ECE_410/ECE410/project/post_m3_Minor_Redesign/tb/tb_top.sv Line: 257

Time: 4655 ns Started: 4645 ns Scope: /tb_top/u_mon File: /run/media/sackb/Windows-SSD/Users/sackb/OneDrive/Desktop/University/Course_Work/2025-2026/Spring_2026/ECE_410/ECE410/project/post_m3_Minor_Redesign/tb/tb_top.sv Line:256
Error: AXI MONITOR: core_C changed while core is idle
Time: 4655 ns  Iteration: 0  Process: /tb_top/u_mon//tb_top/u_mon  Scope: tb_top.u_mon  File: /run/media/sackb/Windows-SSD/Users/sackb/OneDrive/Desktop/University/Course_Work/2025-2026/Spring_2026/ECE_410/ECE410/project/post_m3_Minor_Redesign/tb/tb_top.sv Line: 257

Time: 4665 ns Started: 4655 ns Scope: /tb_top/u_mon File: /run/media/sackb/Windows-SSD/Users/sackb/OneDrive/Desktop/University/Course_Work/2025-2026/Spring_2026/ECE_410/ECE410/project/post_m3_Minor_Redesign/tb/tb_top.sv Line:256
Error: AXI MONITOR: core_C changed while core is idle
Time: 4665 ns  Iteration: 0  Process: /tb_top/u_mon//tb_top/u_mon  Scope: tb_top.u_mon  File: /run/media/sackb/Windows-SSD/Users/sackb/OneDrive/Desktop/University/Course_Work/2025-2026/Spring_2026/ECE_410/ECE410/project/post_m3_Minor_Redesign/tb/tb_top.sv Line: 257

Time: 5405 ns Started: 5395 ns Scope: /tb_top/u_mon File: /run/media/sackb/Windows-SSD/Users/sackb/OneDrive/Desktop/University/Course_Work/2025-2026/Spring_2026/ECE_410/ECE410/project/post_m3_Minor_Redesign/tb/tb_top.sv Line:256
Error: AXI MONITOR: core_C changed while core is idle
Time: 5405 ns  Iteration: 0  Process: /tb_top/u_mon//tb_top/u_mon  Scope: tb_top.u_mon  File: /run/media/sackb/Windows-SSD/Users/sackb/OneDrive/Desktop/University/Course_Work/2025-2026/Spring_2026/ECE_410/ECE410/project/post_m3_Minor_Redesign/tb/tb_top.sv Line: 257

Time: 5415 ns Started: 5405 ns Scope: /tb_top/u_mon File: /run/media/sackb/Windows-SSD/Users/sackb/OneDrive/Desktop/University/Course_Work/2025-2026/Spring_2026/ECE_410/ECE410/project/post_m3_Minor_Redesign/tb/tb_top.sv Line:256
Error: AXI MONITOR: core_C changed while core is idle
Time: 5415 ns  Iteration: 0  Process: /tb_top/u_mon//tb_top/u_mon  Scope: tb_top.u_mon  File: /run/media/sackb/Windows-SSD/Users/sackb/OneDrive/Desktop/University/Course_Work/2025-2026/Spring_2026/ECE_410/ECE410/project/post_m3_Minor_Redesign/tb/tb_top.sv Line: 257

Time: 5425 ns Started: 5415 ns Scope: /tb_top/u_mon File: /run/media/sackb/Windows-SSD/Users/sackb/OneDrive/Desktop/University/Course_Work/2025-2026/Spring_2026/ECE_410/ECE410/project/post_m3_Minor_Redesign/tb/tb_top.sv Line:256
Error: AXI MONITOR: core_C changed while core is idle
Time: 5425 ns  Iteration: 0  Process: /tb_top/u_mon//tb_top/u_mon  Scope: tb_top.u_mon  File: /run/media/sackb/Windows-SSD/Users/sackb/OneDrive/Desktop/University/Course_Work/2025-2026/Spring_2026/ECE_410/ECE410/project/post_m3_Minor_Redesign/tb/tb_top.sv Line: 257

Time: 5435 ns Started: 5425 ns Scope: /tb_top/u_mon File: /run/media/sackb/Windows-SSD/Users/sackb/OneDrive/Desktop/University/Course_Work/2025-2026/Spring_2026/ECE_410/ECE410/project/post_m3_Minor_Redesign/tb/tb_top.sv Line:256
Error: AXI MONITOR: core_C changed while core is idle
Time: 5435 ns  Iteration: 0  Process: /tb_top/u_mon//tb_top/u_mon  Scope: tb_top.u_mon  File: /run/media/sackb/Windows-SSD/Users/sackb/OneDrive/Desktop/University/Course_Work/2025-2026/Spring_2026/ECE_410/ECE410/project/post_m3_Minor_Redesign/tb/tb_top.sv Line: 257

Time: 5445 ns Started: 5435 ns Scope: /tb_top/u_mon File: /run/media/sackb/Windows-SSD/Users/sackb/OneDrive/Desktop/University/Course_Work/2025-2026/Spring_2026/ECE_410/ECE410/project/post_m3_Minor_Redesign/tb/tb_top.sv Line:256
Error: AXI MONITOR: core_C changed while core is idle
Time: 5445 ns  Iteration: 0  Process: /tb_top/u_mon//tb_top/u_mon  Scope: tb_top.u_mon  File: /run/media/sackb/Windows-SSD/Users/sackb/OneDrive/Desktop/University/Course_Work/2025-2026/Spring_2026/ECE_410/ECE410/project/post_m3_Minor_Redesign/tb/tb_top.sv Line: 257

Time: 5455 ns Started: 5445 ns Scope: /tb_top/u_mon File: /run/media/sackb/Windows-SSD/Users/sackb/OneDrive/Desktop/University/Course_Work/2025-2026/Spring_2026/ECE_410/ECE410/project/post_m3_Minor_Redesign/tb/tb_top.sv Line:256
Error: AXI MONITOR: core_C changed while core is idle
Time: 5455 ns  Iteration: 0  Process: /tb_top/u_mon//tb_top/u_mon  Scope: tb_top.u_mon  File: /run/media/sackb/Windows-SSD/Users/sackb/OneDrive/Desktop/University/Course_Work/2025-2026/Spring_2026/ECE_410/ECE410/project/post_m3_Minor_Redesign/tb/tb_top.sv Line: 257

Time: 5465 ns Started: 5455 ns Scope: /tb_top/u_mon File: /run/media/sackb/Windows-SSD/Users/sackb/OneDrive/Desktop/University/Course_Work/2025-2026/Spring_2026/ECE_410/ECE410/project/post_m3_Minor_Redesign/tb/tb_top.sv Line:256
Error: AXI MONITOR: core_C changed while core is idle
Time: 5465 ns  Iteration: 0  Process: /tb_top/u_mon//tb_top/u_mon  Scope: tb_top.u_mon  File: /run/media/sackb/Windows-SSD/Users/sackb/OneDrive/Desktop/University/Course_Work/2025-2026/Spring_2026/ECE_410/ECE410/project/post_m3_Minor_Redesign/tb/tb_top.sv Line: 257

Time: 5475 ns Started: 5465 ns Scope: /tb_top/u_mon File: /run/media/sackb/Windows-SSD/Users/sackb/OneDrive/Desktop/University/Course_Work/2025-2026/Spring_2026/ECE_410/ECE410/project/post_m3_Minor_Redesign/tb/tb_top.sv Line:256
Error: AXI MONITOR: core_C changed while core is idle
Time: 5475 ns  Iteration: 0  Process: /tb_top/u_mon//tb_top/u_mon  Scope: tb_top.u_mon  File: /run/media/sackb/Windows-SSD/Users/sackb/OneDrive/Desktop/University/Course_Work/2025-2026/Spring_2026/ECE_410/ECE410/project/post_m3_Minor_Redesign/tb/tb_top.sv Line: 257

Time: 5485 ns Started: 5475 ns Scope: /tb_top/u_mon File: /run/media/sackb/Windows-SSD/Users/sackb/OneDrive/Desktop/University/Course_Work/2025-2026/Spring_2026/ECE_410/ECE410/project/post_m3_Minor_Redesign/tb/tb_top.sv Line:256
Error: AXI MONITOR: core_C changed while core is idle
Time: 5485 ns  Iteration: 0  Process: /tb_top/u_mon//tb_top/u_mon  Scope: tb_top.u_mon  File: /run/media/sackb/Windows-SSD/Users/sackb/OneDrive/Desktop/University/Course_Work/2025-2026/Spring_2026/ECE_410/ECE410/project/post_m3_Minor_Redesign/tb/tb_top.sv Line: 257

Time: 5495 ns Started: 5485 ns Scope: /tb_top/u_mon File: /run/media/sackb/Windows-SSD/Users/sackb/OneDrive/Desktop/University/Course_Work/2025-2026/Spring_2026/ECE_410/ECE410/project/post_m3_Minor_Redesign/tb/tb_top.sv Line:256
Error: AXI MONITOR: core_C changed while core is idle
Time: 5495 ns  Iteration: 0  Process: /tb_top/u_mon//tb_top/u_mon  Scope: tb_top.u_mon  File: /run/media/sackb/Windows-SSD/Users/sackb/OneDrive/Desktop/University/Course_Work/2025-2026/Spring_2026/ECE_410/ECE410/project/post_m3_Minor_Redesign/tb/tb_top.sv Line: 257

Time: 5505 ns Started: 5495 ns Scope: /tb_top/u_mon File: /run/media/sackb/Windows-SSD/Users/sackb/OneDrive/Desktop/University/Course_Work/2025-2026/Spring_2026/ECE_410/ECE410/project/post_m3_Minor_Redesign/tb/tb_top.sv Line:256
Error: AXI MONITOR: core_C changed while core is idle
Time: 5505 ns  Iteration: 0  Process: /tb_top/u_mon//tb_top/u_mon  Scope: tb_top.u_mon  File: /run/media/sackb/Windows-SSD/Users/sackb/OneDrive/Desktop/University/Course_Work/2025-2026/Spring_2026/ECE_410/ECE410/project/post_m3_Minor_Redesign/tb/tb_top.sv Line: 257

Time: 5515 ns Started: 5505 ns Scope: /tb_top/u_mon File: /run/media/sackb/Windows-SSD/Users/sackb/OneDrive/Desktop/University/Course_Work/2025-2026/Spring_2026/ECE_410/ECE410/project/post_m3_Minor_Redesign/tb/tb_top.sv Line:256
Error: AXI MONITOR: core_C changed while core is idle
Time: 5515 ns  Iteration: 0  Process: /tb_top/u_mon//tb_top/u_mon  Scope: tb_top.u_mon  File: /run/media/sackb/Windows-SSD/Users/sackb/OneDrive/Desktop/University/Course_Work/2025-2026/Spring_2026/ECE_410/ECE410/project/post_m3_Minor_Redesign/tb/tb_top.sv Line: 257

Time: 5525 ns Started: 5515 ns Scope: /tb_top/u_mon File: /run/media/sackb/Windows-SSD/Users/sackb/OneDrive/Desktop/University/Course_Work/2025-2026/Spring_2026/ECE_410/ECE410/project/post_m3_Minor_Redesign/tb/tb_top.sv Line:256
Error: AXI MONITOR: core_C changed while core is idle
Time: 5525 ns  Iteration: 0  Process: /tb_top/u_mon//tb_top/u_mon  Scope: tb_top.u_mon  File: /run/media/sackb/Windows-SSD/Users/sackb/OneDrive/Desktop/University/Course_Work/2025-2026/Spring_2026/ECE_410/ECE410/project/post_m3_Minor_Redesign/tb/tb_top.sv Line: 257

Time: 5535 ns Started: 5525 ns Scope: /tb_top/u_mon File: /run/media/sackb/Windows-SSD/Users/sackb/OneDrive/Desktop/University/Course_Work/2025-2026/Spring_2026/ECE_410/ECE410/project/post_m3_Minor_Redesign/tb/tb_top.sv Line:256
Error: AXI MONITOR: core_C changed while core is idle
Time: 5535 ns  Iteration: 0  Process: /tb_top/u_mon//tb_top/u_mon  Scope: tb_top.u_mon  File: /run/media/sackb/Windows-SSD/Users/sackb/OneDrive/Desktop/University/Course_Work/2025-2026/Spring_2026/ECE_410/ECE410/project/post_m3_Minor_Redesign/tb/tb_top.sv Line: 257

Time: 5545 ns Started: 5535 ns Scope: /tb_top/u_mon File: /run/media/sackb/Windows-SSD/Users/sackb/OneDrive/Desktop/University/Course_Work/2025-2026/Spring_2026/ECE_410/ECE410/project/post_m3_Minor_Redesign/tb/tb_top.sv Line:256
Error: AXI MONITOR: core_C changed while core is idle
Time: 5545 ns  Iteration: 0  Process: /tb_top/u_mon//tb_top/u_mon  Scope: tb_top.u_mon  File: /run/media/sackb/Windows-SSD/Users/sackb/OneDrive/Desktop/University/Course_Work/2025-2026/Spring_2026/ECE_410/ECE410/project/post_m3_Minor_Redesign/tb/tb_top.sv Line: 257

Time: 5555 ns Started: 5545 ns Scope: /tb_top/u_mon File: /run/media/sackb/Windows-SSD/Users/sackb/OneDrive/Desktop/University/Course_Work/2025-2026/Spring_2026/ECE_410/ECE410/project/post_m3_Minor_Redesign/tb/tb_top.sv Line:256
Error: AXI MONITOR: core_C changed while core is idle
Time: 5555 ns  Iteration: 0  Process: /tb_top/u_mon//tb_top/u_mon  Scope: tb_top.u_mon  File: /run/media/sackb/Windows-SSD/Users/sackb/OneDrive/Desktop/University/Course_Work/2025-2026/Spring_2026/ECE_410/ECE410/project/post_m3_Minor_Redesign/tb/tb_top.sv Line: 257

Time: 5565 ns Started: 5555 ns Scope: /tb_top/u_mon File: /run/media/sackb/Windows-SSD/Users/sackb/OneDrive/Desktop/University/Course_Work/2025-2026/Spring_2026/ECE_410/ECE410/project/post_m3_Minor_Redesign/tb/tb_top.sv Line:256
Error: AXI MONITOR: core_C changed while core is idle
Time: 5565 ns  Iteration: 0  Process: /tb_top/u_mon//tb_top/u_mon  Scope: tb_top.u_mon  File: /run/media/sackb/Windows-SSD/Users/sackb/OneDrive/Desktop/University/Course_Work/2025-2026/Spring_2026/ECE_410/ECE410/project/post_m3_Minor_Redesign/tb/tb_top.sv Line: 257

Time: 5575 ns Started: 5565 ns Scope: /tb_top/u_mon File: /run/media/sackb/Windows-SSD/Users/sackb/OneDrive/Desktop/University/Course_Work/2025-2026/Spring_2026/ECE_410/ECE410/project/post_m3_Minor_Redesign/tb/tb_top.sv Line:256
Error: AXI MONITOR: core_C changed while core is idle
Time: 5575 ns  Iteration: 0  Process: /tb_top/u_mon//tb_top/u_mon  Scope: tb_top.u_mon  File: /run/media/sackb/Windows-SSD/Users/sackb/OneDrive/Desktop/University/Course_Work/2025-2026/Spring_2026/ECE_410/ECE410/project/post_m3_Minor_Redesign/tb/tb_top.sv Line: 257

Time: 5585 ns Started: 5575 ns Scope: /tb_top/u_mon File: /run/media/sackb/Windows-SSD/Users/sackb/OneDrive/Desktop/University/Course_Work/2025-2026/Spring_2026/ECE_410/ECE410/project/post_m3_Minor_Redesign/tb/tb_top.sv Line:256
Error: AXI MONITOR: core_C changed while core is idle
Time: 5585 ns  Iteration: 0  Process: /tb_top/u_mon//tb_top/u_mon  Scope: tb_top.u_mon  File: /run/media/sackb/Windows-SSD/Users/sackb/OneDrive/Desktop/University/Course_Work/2025-2026/Spring_2026/ECE_410/ECE410/project/post_m3_Minor_Redesign/tb/tb_top.sv Line: 257

Time: 5595 ns Started: 5585 ns Scope: /tb_top/u_mon File: /run/media/sackb/Windows-SSD/Users/sackb/OneDrive/Desktop/University/Course_Work/2025-2026/Spring_2026/ECE_410/ECE410/project/post_m3_Minor_Redesign/tb/tb_top.sv Line:256
Error: AXI MONITOR: core_C changed while core is idle
Time: 5595 ns  Iteration: 0  Process: /tb_top/u_mon//tb_top/u_mon  Scope: tb_top.u_mon  File: /run/media/sackb/Windows-SSD/Users/sackb/OneDrive/Desktop/University/Course_Work/2025-2026/Spring_2026/ECE_410/ECE410/project/post_m3_Minor_Redesign/tb/tb_top.sv Line: 257

Time: 5605 ns Started: 5595 ns Scope: /tb_top/u_mon File: /run/media/sackb/Windows-SSD/Users/sackb/OneDrive/Desktop/University/Course_Work/2025-2026/Spring_2026/ECE_410/ECE410/project/post_m3_Minor_Redesign/tb/tb_top.sv Line:256
Error: AXI MONITOR: core_C changed while core is idle
Time: 5605 ns  Iteration: 0  Process: /tb_top/u_mon//tb_top/u_mon  Scope: tb_top.u_mon  File: /run/media/sackb/Windows-SSD/Users/sackb/OneDrive/Desktop/University/Course_Work/2025-2026/Spring_2026/ECE_410/ECE410/project/post_m3_Minor_Redesign/tb/tb_top.sv Line: 257

Time: 5615 ns Started: 5605 ns Scope: /tb_top/u_mon File: /run/media/sackb/Windows-SSD/Users/sackb/OneDrive/Desktop/University/Course_Work/2025-2026/Spring_2026/ECE_410/ECE410/project/post_m3_Minor_Redesign/tb/tb_top.sv Line:256
Error: AXI MONITOR: core_C changed while core is idle
Time: 5615 ns  Iteration: 0  Process: /tb_top/u_mon//tb_top/u_mon  Scope: tb_top.u_mon  File: /run/media/sackb/Windows-SSD/Users/sackb/OneDrive/Desktop/University/Course_Work/2025-2026/Spring_2026/ECE_410/ECE410/project/post_m3_Minor_Redesign/tb/tb_top.sv Line: 257

Time: 5625 ns Started: 5615 ns Scope: /tb_top/u_mon File: /run/media/sackb/Windows-SSD/Users/sackb/OneDrive/Desktop/University/Course_Work/2025-2026/Spring_2026/ECE_410/ECE410/project/post_m3_Minor_Redesign/tb/tb_top.sv Line:256
Error: AXI MONITOR: core_C changed while core is idle
Time: 5625 ns  Iteration: 0  Process: /tb_top/u_mon//tb_top/u_mon  Scope: tb_top.u_mon  File: /run/media/sackb/Windows-SSD/Users/sackb/OneDrive/Desktop/University/Course_Work/2025-2026/Spring_2026/ECE_410/ECE410/project/post_m3_Minor_Redesign/tb/tb_top.sv Line: 257

Time: 5635 ns Started: 5625 ns Scope: /tb_top/u_mon File: /run/media/sackb/Windows-SSD/Users/sackb/OneDrive/Desktop/University/Course_Work/2025-2026/Spring_2026/ECE_410/ECE410/project/post_m3_Minor_Redesign/tb/tb_top.sv Line:256
Error: AXI MONITOR: core_C changed while core is idle
Time: 5635 ns  Iteration: 0  Process: /tb_top/u_mon//tb_top/u_mon  Scope: tb_top.u_mon  File: /run/media/sackb/Windows-SSD/Users/sackb/OneDrive/Desktop/University/Course_Work/2025-2026/Spring_2026/ECE_410/ECE410/project/post_m3_Minor_Redesign/tb/tb_top.sv Line: 257

Time: 5645 ns Started: 5635 ns Scope: /tb_top/u_mon File: /run/media/sackb/Windows-SSD/Users/sackb/OneDrive/Desktop/University/Course_Work/2025-2026/Spring_2026/ECE_410/ECE410/project/post_m3_Minor_Redesign/tb/tb_top.sv Line:256
Error: AXI MONITOR: core_C changed while core is idle
Time: 5645 ns  Iteration: 0  Process: /tb_top/u_mon//tb_top/u_mon  Scope: tb_top.u_mon  File: /run/media/sackb/Windows-SSD/Users/sackb/OneDrive/Desktop/University/Course_Work/2025-2026/Spring_2026/ECE_410/ECE410/project/post_m3_Minor_Redesign/tb/tb_top.sv Line: 257

Time: 5655 ns Started: 5645 ns Scope: /tb_top/u_mon File: /run/media/sackb/Windows-SSD/Users/sackb/OneDrive/Desktop/University/Course_Work/2025-2026/Spring_2026/ECE_410/ECE410/project/post_m3_Minor_Redesign/tb/tb_top.sv Line:256
Error: AXI MONITOR: core_C changed while core is idle
Time: 5655 ns  Iteration: 0  Process: /tb_top/u_mon//tb_top/u_mon  Scope: tb_top.u_mon  File: /run/media/sackb/Windows-SSD/Users/sackb/OneDrive/Desktop/University/Course_Work/2025-2026/Spring_2026/ECE_410/ECE410/project/post_m3_Minor_Redesign/tb/tb_top.sv Line: 257

Time: 5665 ns Started: 5655 ns Scope: /tb_top/u_mon File: /run/media/sackb/Windows-SSD/Users/sackb/OneDrive/Desktop/University/Course_Work/2025-2026/Spring_2026/ECE_410/ECE410/project/post_m3_Minor_Redesign/tb/tb_top.sv Line:256
Error: AXI MONITOR: core_C changed while core is idle
Time: 5665 ns  Iteration: 0  Process: /tb_top/u_mon//tb_top/u_mon  Scope: tb_top.u_mon  File: /run/media/sackb/Windows-SSD/Users/sackb/OneDrive/Desktop/University/Course_Work/2025-2026/Spring_2026/ECE_410/ECE410/project/post_m3_Minor_Redesign/tb/tb_top.sv Line: 257

Time: 5675 ns Started: 5665 ns Scope: /tb_top/u_mon File: /run/media/sackb/Windows-SSD/Users/sackb/OneDrive/Desktop/University/Course_Work/2025-2026/Spring_2026/ECE_410/ECE410/project/post_m3_Minor_Redesign/tb/tb_top.sv Line:256
Error: AXI MONITOR: core_C changed while core is idle
Time: 5675 ns  Iteration: 0  Process: /tb_top/u_mon//tb_top/u_mon  Scope: tb_top.u_mon  File: /run/media/sackb/Windows-SSD/Users/sackb/OneDrive/Desktop/University/Course_Work/2025-2026/Spring_2026/ECE_410/ECE410/project/post_m3_Minor_Redesign/tb/tb_top.sv Line: 257

Time: 5685 ns Started: 5675 ns Scope: /tb_top/u_mon File: /run/media/sackb/Windows-SSD/Users/sackb/OneDrive/Desktop/University/Course_Work/2025-2026/Spring_2026/ECE_410/ECE410/project/post_m3_Minor_Redesign/tb/tb_top.sv Line:256
Error: AXI MONITOR: core_C changed while core is idle
Time: 5685 ns  Iteration: 0  Process: /tb_top/u_mon//tb_top/u_mon  Scope: tb_top.u_mon  File: /run/media/sackb/Windows-SSD/Users/sackb/OneDrive/Desktop/University/Course_Work/2025-2026/Spring_2026/ECE_410/ECE410/project/post_m3_Minor_Redesign/tb/tb_top.sv Line: 257

Time: 5695 ns Started: 5685 ns Scope: /tb_top/u_mon File: /run/media/sackb/Windows-SSD/Users/sackb/OneDrive/Desktop/University/Course_Work/2025-2026/Spring_2026/ECE_410/ECE410/project/post_m3_Minor_Redesign/tb/tb_top.sv Line:256
Error: AXI MONITOR: core_C changed while core is idle
Time: 5695 ns  Iteration: 0  Process: /tb_top/u_mon//tb_top/u_mon  Scope: tb_top.u_mon  File: /run/media/sackb/Windows-SSD/Users/sackb/OneDrive/Desktop/University/Course_Work/2025-2026/Spring_2026/ECE_410/ECE410/project/post_m3_Minor_Redesign/tb/tb_top.sv Line: 257

Time: 5705 ns Started: 5695 ns Scope: /tb_top/u_mon File: /run/media/sackb/Windows-SSD/Users/sackb/OneDrive/Desktop/University/Course_Work/2025-2026/Spring_2026/ECE_410/ECE410/project/post_m3_Minor_Redesign/tb/tb_top.sv Line:256
Error: AXI MONITOR: core_C changed while core is idle
Time: 5705 ns  Iteration: 0  Process: /tb_top/u_mon//tb_top/u_mon  Scope: tb_top.u_mon  File: /run/media/sackb/Windows-SSD/Users/sackb/OneDrive/Desktop/University/Course_Work/2025-2026/Spring_2026/ECE_410/ECE410/project/post_m3_Minor_Redesign/tb/tb_top.sv Line: 257

Time: 5715 ns Started: 5705 ns Scope: /tb_top/u_mon File: /run/media/sackb/Windows-SSD/Users/sackb/OneDrive/Desktop/University/Course_Work/2025-2026/Spring_2026/ECE_410/ECE410/project/post_m3_Minor_Redesign/tb/tb_top.sv Line:256
Error: AXI MONITOR: core_C changed while core is idle
Time: 5715 ns  Iteration: 0  Process: /tb_top/u_mon//tb_top/u_mon  Scope: tb_top.u_mon  File: /run/media/sackb/Windows-SSD/Users/sackb/OneDrive/Desktop/University/Course_Work/2025-2026/Spring_2026/ECE_410/ECE410/project/post_m3_Minor_Redesign/tb/tb_top.sv Line: 257

Time: 5725 ns Started: 5715 ns Scope: /tb_top/u_mon File: /run/media/sackb/Windows-SSD/Users/sackb/OneDrive/Desktop/University/Course_Work/2025-2026/Spring_2026/ECE_410/ECE410/project/post_m3_Minor_Redesign/tb/tb_top.sv Line:256
Error: AXI MONITOR: core_C changed while core is idle
Time: 5725 ns  Iteration: 0  Process: /tb_top/u_mon//tb_top/u_mon  Scope: tb_top.u_mon  File: /run/media/sackb/Windows-SSD/Users/sackb/OneDrive/Desktop/University/Course_Work/2025-2026/Spring_2026/ECE_410/ECE410/project/post_m3_Minor_Redesign/tb/tb_top.sv Line: 257

Time: 5735 ns Started: 5725 ns Scope: /tb_top/u_mon File: /run/media/sackb/Windows-SSD/Users/sackb/OneDrive/Desktop/University/Course_Work/2025-2026/Spring_2026/ECE_410/ECE410/project/post_m3_Minor_Redesign/tb/tb_top.sv Line:256
Error: AXI MONITOR: core_C changed while core is idle
Time: 5735 ns  Iteration: 0  Process: /tb_top/u_mon//tb_top/u_mon  Scope: tb_top.u_mon  File: /run/media/sackb/Windows-SSD/Users/sackb/OneDrive/Desktop/University/Course_Work/2025-2026/Spring_2026/ECE_410/ECE410/project/post_m3_Minor_Redesign/tb/tb_top.sv Line: 257

Time: 5745 ns Started: 5735 ns Scope: /tb_top/u_mon File: /run/media/sackb/Windows-SSD/Users/sackb/OneDrive/Desktop/University/Course_Work/2025-2026/Spring_2026/ECE_410/ECE410/project/post_m3_Minor_Redesign/tb/tb_top.sv Line:256
Error: AXI MONITOR: core_C changed while core is idle
Time: 5745 ns  Iteration: 0  Process: /tb_top/u_mon//tb_top/u_mon  Scope: tb_top.u_mon  File: /run/media/sackb/Windows-SSD/Users/sackb/OneDrive/Desktop/University/Course_Work/2025-2026/Spring_2026/ECE_410/ECE410/project/post_m3_Minor_Redesign/tb/tb_top.sv Line: 257

Time: 5755 ns Started: 5745 ns Scope: /tb_top/u_mon File: /run/media/sackb/Windows-SSD/Users/sackb/OneDrive/Desktop/University/Course_Work/2025-2026/Spring_2026/ECE_410/ECE410/project/post_m3_Minor_Redesign/tb/tb_top.sv Line:256
Error: AXI MONITOR: core_C changed while core is idle
Time: 5755 ns  Iteration: 0  Process: /tb_top/u_mon//tb_top/u_mon  Scope: tb_top.u_mon  File: /run/media/sackb/Windows-SSD/Users/sackb/OneDrive/Desktop/University/Course_Work/2025-2026/Spring_2026/ECE_410/ECE410/project/post_m3_Minor_Redesign/tb/tb_top.sv Line: 257

Time: 5765 ns Started: 5755 ns Scope: /tb_top/u_mon File: /run/media/sackb/Windows-SSD/Users/sackb/OneDrive/Desktop/University/Course_Work/2025-2026/Spring_2026/ECE_410/ECE410/project/post_m3_Minor_Redesign/tb/tb_top.sv Line:256
Error: AXI MONITOR: core_C changed while core is idle
Time: 5765 ns  Iteration: 0  Process: /tb_top/u_mon//tb_top/u_mon  Scope: tb_top.u_mon  File: /run/media/sackb/Windows-SSD/Users/sackb/OneDrive/Desktop/University/Course_Work/2025-2026/Spring_2026/ECE_410/ECE410/project/post_m3_Minor_Redesign/tb/tb_top.sv Line: 257

Time: 5775 ns Started: 5765 ns Scope: /tb_top/u_mon File: /run/media/sackb/Windows-SSD/Users/sackb/OneDrive/Desktop/University/Course_Work/2025-2026/Spring_2026/ECE_410/ECE410/project/post_m3_Minor_Redesign/tb/tb_top.sv Line:256
Error: AXI MONITOR: core_C changed while core is idle
Time: 5775 ns  Iteration: 0  Process: /tb_top/u_mon//tb_top/u_mon  Scope: tb_top.u_mon  File: /run/media/sackb/Windows-SSD/Users/sackb/OneDrive/Desktop/University/Course_Work/2025-2026/Spring_2026/ECE_410/ECE410/project/post_m3_Minor_Redesign/tb/tb_top.sv Line: 257
TB_TOP: Iteration 2 complete
TB_TOP: Starting iteration 3

Time: 5785 ns Started: 5775 ns Scope: /tb_top/u_mon File: /run/media/sackb/Windows-SSD/Users/sackb/OneDrive/Desktop/University/Course_Work/2025-2026/Spring_2026/ECE_410/ECE410/project/post_m3_Minor_Redesign/tb/tb_top.sv Line:256
Error: AXI MONITOR: core_C changed while core is idle
Time: 5785 ns  Iteration: 0  Process: /tb_top/u_mon//tb_top/u_mon  Scope: tb_top.u_mon  File: /run/media/sackb/Windows-SSD/Users/sackb/OneDrive/Desktop/University/Course_Work/2025-2026/Spring_2026/ECE_410/ECE410/project/post_m3_Minor_Redesign/tb/tb_top.sv Line: 257

Time: 5795 ns Started: 5785 ns Scope: /tb_top/u_mon File: /run/media/sackb/Windows-SSD/Users/sackb/OneDrive/Desktop/University/Course_Work/2025-2026/Spring_2026/ECE_410/ECE410/project/post_m3_Minor_Redesign/tb/tb_top.sv Line:256
Error: AXI MONITOR: core_C changed while core is idle
Time: 5795 ns  Iteration: 0  Process: /tb_top/u_mon//tb_top/u_mon  Scope: tb_top.u_mon  File: /run/media/sackb/Windows-SSD/Users/sackb/OneDrive/Desktop/University/Course_Work/2025-2026/Spring_2026/ECE_410/ECE410/project/post_m3_Minor_Redesign/tb/tb_top.sv Line: 257

Time: 5805 ns Started: 5795 ns Scope: /tb_top/u_mon File: /run/media/sackb/Windows-SSD/Users/sackb/OneDrive/Desktop/University/Course_Work/2025-2026/Spring_2026/ECE_410/ECE410/project/post_m3_Minor_Redesign/tb/tb_top.sv Line:256
Error: AXI MONITOR: core_C changed while core is idle
Time: 5805 ns  Iteration: 0  Process: /tb_top/u_mon//tb_top/u_mon  Scope: tb_top.u_mon  File: /run/media/sackb/Windows-SSD/Users/sackb/OneDrive/Desktop/University/Course_Work/2025-2026/Spring_2026/ECE_410/ECE410/project/post_m3_Minor_Redesign/tb/tb_top.sv Line: 257

Time: 5815 ns Started: 5805 ns Scope: /tb_top/u_mon File: /run/media/sackb/Windows-SSD/Users/sackb/OneDrive/Desktop/University/Course_Work/2025-2026/Spring_2026/ECE_410/ECE410/project/post_m3_Minor_Redesign/tb/tb_top.sv Line:256
Error: AXI MONITOR: core_C changed while core is idle
Time: 5815 ns  Iteration: 0  Process: /tb_top/u_mon//tb_top/u_mon  Scope: tb_top.u_mon  File: /run/media/sackb/Windows-SSD/Users/sackb/OneDrive/Desktop/University/Course_Work/2025-2026/Spring_2026/ECE_410/ECE410/project/post_m3_Minor_Redesign/tb/tb_top.sv Line: 257

Time: 5825 ns Started: 5815 ns Scope: /tb_top/u_mon File: /run/media/sackb/Windows-SSD/Users/sackb/OneDrive/Desktop/University/Course_Work/2025-2026/Spring_2026/ECE_410/ECE410/project/post_m3_Minor_Redesign/tb/tb_top.sv Line:256
Error: AXI MONITOR: core_C changed while core is idle
Time: 5825 ns  Iteration: 0  Process: /tb_top/u_mon//tb_top/u_mon  Scope: tb_top.u_mon  File: /run/media/sackb/Windows-SSD/Users/sackb/OneDrive/Desktop/University/Course_Work/2025-2026/Spring_2026/ECE_410/ECE410/project/post_m3_Minor_Redesign/tb/tb_top.sv Line: 257

Time: 5835 ns Started: 5825 ns Scope: /tb_top/u_mon File: /run/media/sackb/Windows-SSD/Users/sackb/OneDrive/Desktop/University/Course_Work/2025-2026/Spring_2026/ECE_410/ECE410/project/post_m3_Minor_Redesign/tb/tb_top.sv Line:256
Error: AXI MONITOR: core_C changed while core is idle
Time: 5835 ns  Iteration: 0  Process: /tb_top/u_mon//tb_top/u_mon  Scope: tb_top.u_mon  File: /run/media/sackb/Windows-SSD/Users/sackb/OneDrive/Desktop/University/Course_Work/2025-2026/Spring_2026/ECE_410/ECE410/project/post_m3_Minor_Redesign/tb/tb_top.sv Line: 257

Time: 5845 ns Started: 5835 ns Scope: /tb_top/u_mon File: /run/media/sackb/Windows-SSD/Users/sackb/OneDrive/Desktop/University/Course_Work/2025-2026/Spring_2026/ECE_410/ECE410/project/post_m3_Minor_Redesign/tb/tb_top.sv Line:256
Error: AXI MONITOR: core_C changed while core is idle
Time: 5845 ns  Iteration: 0  Process: /tb_top/u_mon//tb_top/u_mon  Scope: tb_top.u_mon  File: /run/media/sackb/Windows-SSD/Users/sackb/OneDrive/Desktop/University/Course_Work/2025-2026/Spring_2026/ECE_410/ECE410/project/post_m3_Minor_Redesign/tb/tb_top.sv Line: 257

Time: 5855 ns Started: 5845 ns Scope: /tb_top/u_mon File: /run/media/sackb/Windows-SSD/Users/sackb/OneDrive/Desktop/University/Course_Work/2025-2026/Spring_2026/ECE_410/ECE410/project/post_m3_Minor_Redesign/tb/tb_top.sv Line:256
Error: AXI MONITOR: core_C changed while core is idle
Time: 5855 ns  Iteration: 0  Process: /tb_top/u_mon//tb_top/u_mon  Scope: tb_top.u_mon  File: /run/media/sackb/Windows-SSD/Users/sackb/OneDrive/Desktop/University/Course_Work/2025-2026/Spring_2026/ECE_410/ECE410/project/post_m3_Minor_Redesign/tb/tb_top.sv Line: 257

Time: 5865 ns Started: 5855 ns Scope: /tb_top/u_mon File: /run/media/sackb/Windows-SSD/Users/sackb/OneDrive/Desktop/University/Course_Work/2025-2026/Spring_2026/ECE_410/ECE410/project/post_m3_Minor_Redesign/tb/tb_top.sv Line:256
Error: AXI MONITOR: core_C changed while core is idle
Time: 5865 ns  Iteration: 0  Process: /tb_top/u_mon//tb_top/u_mon  Scope: tb_top.u_mon  File: /run/media/sackb/Windows-SSD/Users/sackb/OneDrive/Desktop/University/Course_Work/2025-2026/Spring_2026/ECE_410/ECE410/project/post_m3_Minor_Redesign/tb/tb_top.sv Line: 257

Time: 5875 ns Started: 5865 ns Scope: /tb_top/u_mon File: /run/media/sackb/Windows-SSD/Users/sackb/OneDrive/Desktop/University/Course_Work/2025-2026/Spring_2026/ECE_410/ECE410/project/post_m3_Minor_Redesign/tb/tb_top.sv Line:256
Error: AXI MONITOR: core_C changed while core is idle
Time: 5875 ns  Iteration: 0  Process: /tb_top/u_mon//tb_top/u_mon  Scope: tb_top.u_mon  File: /run/media/sackb/Windows-SSD/Users/sackb/OneDrive/Desktop/University/Course_Work/2025-2026/Spring_2026/ECE_410/ECE410/project/post_m3_Minor_Redesign/tb/tb_top.sv Line: 257

Time: 5885 ns Started: 5875 ns Scope: /tb_top/u_mon File: /run/media/sackb/Windows-SSD/Users/sackb/OneDrive/Desktop/University/Course_Work/2025-2026/Spring_2026/ECE_410/ECE410/project/post_m3_Minor_Redesign/tb/tb_top.sv Line:256
Error: AXI MONITOR: core_C changed while core is idle
Time: 5885 ns  Iteration: 0  Process: /tb_top/u_mon//tb_top/u_mon  Scope: tb_top.u_mon  File: /run/media/sackb/Windows-SSD/Users/sackb/OneDrive/Desktop/University/Course_Work/2025-2026/Spring_2026/ECE_410/ECE410/project/post_m3_Minor_Redesign/tb/tb_top.sv Line: 257

Time: 5895 ns Started: 5885 ns Scope: /tb_top/u_mon File: /run/media/sackb/Windows-SSD/Users/sackb/OneDrive/Desktop/University/Course_Work/2025-2026/Spring_2026/ECE_410/ECE410/project/post_m3_Minor_Redesign/tb/tb_top.sv Line:256
Error: AXI MONITOR: core_C changed while core is idle
Time: 5895 ns  Iteration: 0  Process: /tb_top/u_mon//tb_top/u_mon  Scope: tb_top.u_mon  File: /run/media/sackb/Windows-SSD/Users/sackb/OneDrive/Desktop/University/Course_Work/2025-2026/Spring_2026/ECE_410/ECE410/project/post_m3_Minor_Redesign/tb/tb_top.sv Line: 257

Time: 5905 ns Started: 5895 ns Scope: /tb_top/u_mon File: /run/media/sackb/Windows-SSD/Users/sackb/OneDrive/Desktop/University/Course_Work/2025-2026/Spring_2026/ECE_410/ECE410/project/post_m3_Minor_Redesign/tb/tb_top.sv Line:256
Error: AXI MONITOR: core_C changed while core is idle
Time: 5905 ns  Iteration: 0  Process: /tb_top/u_mon//tb_top/u_mon  Scope: tb_top.u_mon  File: /run/media/sackb/Windows-SSD/Users/sackb/OneDrive/Desktop/University/Course_Work/2025-2026/Spring_2026/ECE_410/ECE410/project/post_m3_Minor_Redesign/tb/tb_top.sv Line: 257

Time: 5915 ns Started: 5905 ns Scope: /tb_top/u_mon File: /run/media/sackb/Windows-SSD/Users/sackb/OneDrive/Desktop/University/Course_Work/2025-2026/Spring_2026/ECE_410/ECE410/project/post_m3_Minor_Redesign/tb/tb_top.sv Line:256
Error: AXI MONITOR: core_C changed while core is idle
Time: 5915 ns  Iteration: 0  Process: /tb_top/u_mon//tb_top/u_mon  Scope: tb_top.u_mon  File: /run/media/sackb/Windows-SSD/Users/sackb/OneDrive/Desktop/University/Course_Work/2025-2026/Spring_2026/ECE_410/ECE410/project/post_m3_Minor_Redesign/tb/tb_top.sv Line: 257

Time: 5925 ns Started: 5915 ns Scope: /tb_top/u_mon File: /run/media/sackb/Windows-SSD/Users/sackb/OneDrive/Desktop/University/Course_Work/2025-2026/Spring_2026/ECE_410/ECE410/project/post_m3_Minor_Redesign/tb/tb_top.sv Line:256
Error: AXI MONITOR: core_C changed while core is idle
Time: 5925 ns  Iteration: 0  Process: /tb_top/u_mon//tb_top/u_mon  Scope: tb_top.u_mon  File: /run/media/sackb/Windows-SSD/Users/sackb/OneDrive/Desktop/University/Course_Work/2025-2026/Spring_2026/ECE_410/ECE410/project/post_m3_Minor_Redesign/tb/tb_top.sv Line: 257

Time: 5935 ns Started: 5925 ns Scope: /tb_top/u_mon File: /run/media/sackb/Windows-SSD/Users/sackb/OneDrive/Desktop/University/Course_Work/2025-2026/Spring_2026/ECE_410/ECE410/project/post_m3_Minor_Redesign/tb/tb_top.sv Line:256
Error: AXI MONITOR: core_C changed while core is idle
Time: 5935 ns  Iteration: 0  Process: /tb_top/u_mon//tb_top/u_mon  Scope: tb_top.u_mon  File: /run/media/sackb/Windows-SSD/Users/sackb/OneDrive/Desktop/University/Course_Work/2025-2026/Spring_2026/ECE_410/ECE410/project/post_m3_Minor_Redesign/tb/tb_top.sv Line: 257

Time: 5945 ns Started: 5935 ns Scope: /tb_top/u_mon File: /run/media/sackb/Windows-SSD/Users/sackb/OneDrive/Desktop/University/Course_Work/2025-2026/Spring_2026/ECE_410/ECE410/project/post_m3_Minor_Redesign/tb/tb_top.sv Line:256
Error: AXI MONITOR: core_C changed while core is idle
Time: 5945 ns  Iteration: 0  Process: /tb_top/u_mon//tb_top/u_mon  Scope: tb_top.u_mon  File: /run/media/sackb/Windows-SSD/Users/sackb/OneDrive/Desktop/University/Course_Work/2025-2026/Spring_2026/ECE_410/ECE410/project/post_m3_Minor_Redesign/tb/tb_top.sv Line: 257

Time: 5955 ns Started: 5945 ns Scope: /tb_top/u_mon File: /run/media/sackb/Windows-SSD/Users/sackb/OneDrive/Desktop/University/Course_Work/2025-2026/Spring_2026/ECE_410/ECE410/project/post_m3_Minor_Redesign/tb/tb_top.sv Line:256
Error: AXI MONITOR: core_C changed while core is idle
Time: 5955 ns  Iteration: 0  Process: /tb_top/u_mon//tb_top/u_mon  Scope: tb_top.u_mon  File: /run/media/sackb/Windows-SSD/Users/sackb/OneDrive/Desktop/University/Course_Work/2025-2026/Spring_2026/ECE_410/ECE410/project/post_m3_Minor_Redesign/tb/tb_top.sv Line: 257

Time: 5965 ns Started: 5955 ns Scope: /tb_top/u_mon File: /run/media/sackb/Windows-SSD/Users/sackb/OneDrive/Desktop/University/Course_Work/2025-2026/Spring_2026/ECE_410/ECE410/project/post_m3_Minor_Redesign/tb/tb_top.sv Line:256
Error: AXI MONITOR: core_C changed while core is idle
Time: 5965 ns  Iteration: 0  Process: /tb_top/u_mon//tb_top/u_mon  Scope: tb_top.u_mon  File: /run/media/sackb/Windows-SSD/Users/sackb/OneDrive/Desktop/University/Course_Work/2025-2026/Spring_2026/ECE_410/ECE410/project/post_m3_Minor_Redesign/tb/tb_top.sv Line: 257

Time: 5975 ns Started: 5965 ns Scope: /tb_top/u_mon File: /run/media/sackb/Windows-SSD/Users/sackb/OneDrive/Desktop/University/Course_Work/2025-2026/Spring_2026/ECE_410/ECE410/project/post_m3_Minor_Redesign/tb/tb_top.sv Line:256
Error: AXI MONITOR: core_C changed while core is idle
Time: 5975 ns  Iteration: 0  Process: /tb_top/u_mon//tb_top/u_mon  Scope: tb_top.u_mon  File: /run/media/sackb/Windows-SSD/Users/sackb/OneDrive/Desktop/University/Course_Work/2025-2026/Spring_2026/ECE_410/ECE410/project/post_m3_Minor_Redesign/tb/tb_top.sv Line: 257

Time: 5985 ns Started: 5975 ns Scope: /tb_top/u_mon File: /run/media/sackb/Windows-SSD/Users/sackb/OneDrive/Desktop/University/Course_Work/2025-2026/Spring_2026/ECE_410/ECE410/project/post_m3_Minor_Redesign/tb/tb_top.sv Line:256
Error: AXI MONITOR: core_C changed while core is idle
Time: 5985 ns  Iteration: 0  Process: /tb_top/u_mon//tb_top/u_mon  Scope: tb_top.u_mon  File: /run/media/sackb/Windows-SSD/Users/sackb/OneDrive/Desktop/University/Course_Work/2025-2026/Spring_2026/ECE_410/ECE410/project/post_m3_Minor_Redesign/tb/tb_top.sv Line: 257

Time: 5995 ns Started: 5985 ns Scope: /tb_top/u_mon File: /run/media/sackb/Windows-SSD/Users/sackb/OneDrive/Desktop/University/Course_Work/2025-2026/Spring_2026/ECE_410/ECE410/project/post_m3_Minor_Redesign/tb/tb_top.sv Line:256
Error: AXI MONITOR: core_C changed while core is idle
Time: 5995 ns  Iteration: 0  Process: /tb_top/u_mon//tb_top/u_mon  Scope: tb_top.u_mon  File: /run/media/sackb/Windows-SSD/Users/sackb/OneDrive/Desktop/University/Course_Work/2025-2026/Spring_2026/ECE_410/ECE410/project/post_m3_Minor_Redesign/tb/tb_top.sv Line: 257

Time: 6005 ns Started: 5995 ns Scope: /tb_top/u_mon File: /run/media/sackb/Windows-SSD/Users/sackb/OneDrive/Desktop/University/Course_Work/2025-2026/Spring_2026/ECE_410/ECE410/project/post_m3_Minor_Redesign/tb/tb_top.sv Line:256
Error: AXI MONITOR: core_C changed while core is idle
Time: 6005 ns  Iteration: 0  Process: /tb_top/u_mon//tb_top/u_mon  Scope: tb_top.u_mon  File: /run/media/sackb/Windows-SSD/Users/sackb/OneDrive/Desktop/University/Course_Work/2025-2026/Spring_2026/ECE_410/ECE410/project/post_m3_Minor_Redesign/tb/tb_top.sv Line: 257

Time: 6015 ns Started: 6005 ns Scope: /tb_top/u_mon File: /run/media/sackb/Windows-SSD/Users/sackb/OneDrive/Desktop/University/Course_Work/2025-2026/Spring_2026/ECE_410/ECE410/project/post_m3_Minor_Redesign/tb/tb_top.sv Line:256
Error: AXI MONITOR: core_C changed while core is idle
Time: 6015 ns  Iteration: 0  Process: /tb_top/u_mon//tb_top/u_mon  Scope: tb_top.u_mon  File: /run/media/sackb/Windows-SSD/Users/sackb/OneDrive/Desktop/University/Course_Work/2025-2026/Spring_2026/ECE_410/ECE410/project/post_m3_Minor_Redesign/tb/tb_top.sv Line: 257

Time: 6025 ns Started: 6015 ns Scope: /tb_top/u_mon File: /run/media/sackb/Windows-SSD/Users/sackb/OneDrive/Desktop/University/Course_Work/2025-2026/Spring_2026/ECE_410/ECE410/project/post_m3_Minor_Redesign/tb/tb_top.sv Line:256
Error: AXI MONITOR: core_C changed while core is idle
Time: 6025 ns  Iteration: 0  Process: /tb_top/u_mon//tb_top/u_mon  Scope: tb_top.u_mon  File: /run/media/sackb/Windows-SSD/Users/sackb/OneDrive/Desktop/University/Course_Work/2025-2026/Spring_2026/ECE_410/ECE410/project/post_m3_Minor_Redesign/tb/tb_top.sv Line: 257

Time: 6035 ns Started: 6025 ns Scope: /tb_top/u_mon File: /run/media/sackb/Windows-SSD/Users/sackb/OneDrive/Desktop/University/Course_Work/2025-2026/Spring_2026/ECE_410/ECE410/project/post_m3_Minor_Redesign/tb/tb_top.sv Line:256
Error: AXI MONITOR: core_C changed while core is idle
Time: 6035 ns  Iteration: 0  Process: /tb_top/u_mon//tb_top/u_mon  Scope: tb_top.u_mon  File: /run/media/sackb/Windows-SSD/Users/sackb/OneDrive/Desktop/University/Course_Work/2025-2026/Spring_2026/ECE_410/ECE410/project/post_m3_Minor_Redesign/tb/tb_top.sv Line: 257

Time: 6045 ns Started: 6035 ns Scope: /tb_top/u_mon File: /run/media/sackb/Windows-SSD/Users/sackb/OneDrive/Desktop/University/Course_Work/2025-2026/Spring_2026/ECE_410/ECE410/project/post_m3_Minor_Redesign/tb/tb_top.sv Line:256
Error: AXI MONITOR: core_C changed while core is idle
Time: 6045 ns  Iteration: 0  Process: /tb_top/u_mon//tb_top/u_mon  Scope: tb_top.u_mon  File: /run/media/sackb/Windows-SSD/Users/sackb/OneDrive/Desktop/University/Course_Work/2025-2026/Spring_2026/ECE_410/ECE410/project/post_m3_Minor_Redesign/tb/tb_top.sv Line: 257

Time: 6055 ns Started: 6045 ns Scope: /tb_top/u_mon File: /run/media/sackb/Windows-SSD/Users/sackb/OneDrive/Desktop/University/Course_Work/2025-2026/Spring_2026/ECE_410/ECE410/project/post_m3_Minor_Redesign/tb/tb_top.sv Line:256
Error: AXI MONITOR: core_C changed while core is idle
Time: 6055 ns  Iteration: 0  Process: /tb_top/u_mon//tb_top/u_mon  Scope: tb_top.u_mon  File: /run/media/sackb/Windows-SSD/Users/sackb/OneDrive/Desktop/University/Course_Work/2025-2026/Spring_2026/ECE_410/ECE410/project/post_m3_Minor_Redesign/tb/tb_top.sv Line: 257

Time: 6065 ns Started: 6055 ns Scope: /tb_top/u_mon File: /run/media/sackb/Windows-SSD/Users/sackb/OneDrive/Desktop/University/Course_Work/2025-2026/Spring_2026/ECE_410/ECE410/project/post_m3_Minor_Redesign/tb/tb_top.sv Line:256
Error: AXI MONITOR: core_C changed while core is idle
Time: 6065 ns  Iteration: 0  Process: /tb_top/u_mon//tb_top/u_mon  Scope: tb_top.u_mon  File: /run/media/sackb/Windows-SSD/Users/sackb/OneDrive/Desktop/University/Course_Work/2025-2026/Spring_2026/ECE_410/ECE410/project/post_m3_Minor_Redesign/tb/tb_top.sv Line: 257

Time: 6075 ns Started: 6065 ns Scope: /tb_top/u_mon File: /run/media/sackb/Windows-SSD/Users/sackb/OneDrive/Desktop/University/Course_Work/2025-2026/Spring_2026/ECE_410/ECE410/project/post_m3_Minor_Redesign/tb/tb_top.sv Line:256
Error: AXI MONITOR: core_C changed while core is idle
Time: 6075 ns  Iteration: 0  Process: /tb_top/u_mon//tb_top/u_mon  Scope: tb_top.u_mon  File: /run/media/sackb/Windows-SSD/Users/sackb/OneDrive/Desktop/University/Course_Work/2025-2026/Spring_2026/ECE_410/ECE410/project/post_m3_Minor_Redesign/tb/tb_top.sv Line: 257

Time: 6085 ns Started: 6075 ns Scope: /tb_top/u_mon File: /run/media/sackb/Windows-SSD/Users/sackb/OneDrive/Desktop/University/Course_Work/2025-2026/Spring_2026/ECE_410/ECE410/project/post_m3_Minor_Redesign/tb/tb_top.sv Line:256
Error: AXI MONITOR: core_C changed while core is idle
Time: 6085 ns  Iteration: 0  Process: /tb_top/u_mon//tb_top/u_mon  Scope: tb_top.u_mon  File: /run/media/sackb/Windows-SSD/Users/sackb/OneDrive/Desktop/University/Course_Work/2025-2026/Spring_2026/ECE_410/ECE410/project/post_m3_Minor_Redesign/tb/tb_top.sv Line: 257

Time: 6095 ns Started: 6085 ns Scope: /tb_top/u_mon File: /run/media/sackb/Windows-SSD/Users/sackb/OneDrive/Desktop/University/Course_Work/2025-2026/Spring_2026/ECE_410/ECE410/project/post_m3_Minor_Redesign/tb/tb_top.sv Line:256
Error: AXI MONITOR: core_C changed while core is idle
Time: 6095 ns  Iteration: 0  Process: /tb_top/u_mon//tb_top/u_mon  Scope: tb_top.u_mon  File: /run/media/sackb/Windows-SSD/Users/sackb/OneDrive/Desktop/University/Course_Work/2025-2026/Spring_2026/ECE_410/ECE410/project/post_m3_Minor_Redesign/tb/tb_top.sv Line: 257

Time: 6105 ns Started: 6095 ns Scope: /tb_top/u_mon File: /run/media/sackb/Windows-SSD/Users/sackb/OneDrive/Desktop/University/Course_Work/2025-2026/Spring_2026/ECE_410/ECE410/project/post_m3_Minor_Redesign/tb/tb_top.sv Line:256
Error: AXI MONITOR: core_C changed while core is idle
Time: 6105 ns  Iteration: 0  Process: /tb_top/u_mon//tb_top/u_mon  Scope: tb_top.u_mon  File: /run/media/sackb/Windows-SSD/Users/sackb/OneDrive/Desktop/University/Course_Work/2025-2026/Spring_2026/ECE_410/ECE410/project/post_m3_Minor_Redesign/tb/tb_top.sv Line: 257

Time: 6115 ns Started: 6105 ns Scope: /tb_top/u_mon File: /run/media/sackb/Windows-SSD/Users/sackb/OneDrive/Desktop/University/Course_Work/2025-2026/Spring_2026/ECE_410/ECE410/project/post_m3_Minor_Redesign/tb/tb_top.sv Line:256
Error: AXI MONITOR: core_C changed while core is idle
Time: 6115 ns  Iteration: 0  Process: /tb_top/u_mon//tb_top/u_mon  Scope: tb_top.u_mon  File: /run/media/sackb/Windows-SSD/Users/sackb/OneDrive/Desktop/University/Course_Work/2025-2026/Spring_2026/ECE_410/ECE410/project/post_m3_Minor_Redesign/tb/tb_top.sv Line: 257

Time: 6125 ns Started: 6115 ns Scope: /tb_top/u_mon File: /run/media/sackb/Windows-SSD/Users/sackb/OneDrive/Desktop/University/Course_Work/2025-2026/Spring_2026/ECE_410/ECE410/project/post_m3_Minor_Redesign/tb/tb_top.sv Line:256
Error: AXI MONITOR: core_C changed while core is idle
Time: 6125 ns  Iteration: 0  Process: /tb_top/u_mon//tb_top/u_mon  Scope: tb_top.u_mon  File: /run/media/sackb/Windows-SSD/Users/sackb/OneDrive/Desktop/University/Course_Work/2025-2026/Spring_2026/ECE_410/ECE410/project/post_m3_Minor_Redesign/tb/tb_top.sv Line: 257

Time: 6135 ns Started: 6125 ns Scope: /tb_top/u_mon File: /run/media/sackb/Windows-SSD/Users/sackb/OneDrive/Desktop/University/Course_Work/2025-2026/Spring_2026/ECE_410/ECE410/project/post_m3_Minor_Redesign/tb/tb_top.sv Line:256
Error: AXI MONITOR: core_C changed while core is idle
Time: 6135 ns  Iteration: 0  Process: /tb_top/u_mon//tb_top/u_mon  Scope: tb_top.u_mon  File: /run/media/sackb/Windows-SSD/Users/sackb/OneDrive/Desktop/University/Course_Work/2025-2026/Spring_2026/ECE_410/ECE410/project/post_m3_Minor_Redesign/tb/tb_top.sv Line: 257

Time: 6145 ns Started: 6135 ns Scope: /tb_top/u_mon File: /run/media/sackb/Windows-SSD/Users/sackb/OneDrive/Desktop/University/Course_Work/2025-2026/Spring_2026/ECE_410/ECE410/project/post_m3_Minor_Redesign/tb/tb_top.sv Line:256
Error: AXI MONITOR: core_C changed while core is idle
Time: 6145 ns  Iteration: 0  Process: /tb_top/u_mon//tb_top/u_mon  Scope: tb_top.u_mon  File: /run/media/sackb/Windows-SSD/Users/sackb/OneDrive/Desktop/University/Course_Work/2025-2026/Spring_2026/ECE_410/ECE410/project/post_m3_Minor_Redesign/tb/tb_top.sv Line: 257

Time: 6155 ns Started: 6145 ns Scope: /tb_top/u_mon File: /run/media/sackb/Windows-SSD/Users/sackb/OneDrive/Desktop/University/Course_Work/2025-2026/Spring_2026/ECE_410/ECE410/project/post_m3_Minor_Redesign/tb/tb_top.sv Line:256
Error: AXI MONITOR: core_C changed while core is idle
Time: 6155 ns  Iteration: 0  Process: /tb_top/u_mon//tb_top/u_mon  Scope: tb_top.u_mon  File: /run/media/sackb/Windows-SSD/Users/sackb/OneDrive/Desktop/University/Course_Work/2025-2026/Spring_2026/ECE_410/ECE410/project/post_m3_Minor_Redesign/tb/tb_top.sv Line: 257

Time: 6165 ns Started: 6155 ns Scope: /tb_top/u_mon File: /run/media/sackb/Windows-SSD/Users/sackb/OneDrive/Desktop/University/Course_Work/2025-2026/Spring_2026/ECE_410/ECE410/project/post_m3_Minor_Redesign/tb/tb_top.sv Line:256
Error: AXI MONITOR: core_C changed while core is idle
Time: 6165 ns  Iteration: 0  Process: /tb_top/u_mon//tb_top/u_mon  Scope: tb_top.u_mon  File: /run/media/sackb/Windows-SSD/Users/sackb/OneDrive/Desktop/University/Course_Work/2025-2026/Spring_2026/ECE_410/ECE410/project/post_m3_Minor_Redesign/tb/tb_top.sv Line: 257

Time: 6175 ns Started: 6165 ns Scope: /tb_top/u_mon File: /run/media/sackb/Windows-SSD/Users/sackb/OneDrive/Desktop/University/Course_Work/2025-2026/Spring_2026/ECE_410/ECE410/project/post_m3_Minor_Redesign/tb/tb_top.sv Line:256
Error: AXI MONITOR: core_C changed while core is idle
Time: 6175 ns  Iteration: 0  Process: /tb_top/u_mon//tb_top/u_mon  Scope: tb_top.u_mon  File: /run/media/sackb/Windows-SSD/Users/sackb/OneDrive/Desktop/University/Course_Work/2025-2026/Spring_2026/ECE_410/ECE410/project/post_m3_Minor_Redesign/tb/tb_top.sv Line: 257

Time: 6185 ns Started: 6175 ns Scope: /tb_top/u_mon File: /run/media/sackb/Windows-SSD/Users/sackb/OneDrive/Desktop/University/Course_Work/2025-2026/Spring_2026/ECE_410/ECE410/project/post_m3_Minor_Redesign/tb/tb_top.sv Line:256
Error: AXI MONITOR: core_C changed while core is idle
Time: 6185 ns  Iteration: 0  Process: /tb_top/u_mon//tb_top/u_mon  Scope: tb_top.u_mon  File: /run/media/sackb/Windows-SSD/Users/sackb/OneDrive/Desktop/University/Course_Work/2025-2026/Spring_2026/ECE_410/ECE410/project/post_m3_Minor_Redesign/tb/tb_top.sv Line: 257

Time: 6195 ns Started: 6185 ns Scope: /tb_top/u_mon File: /run/media/sackb/Windows-SSD/Users/sackb/OneDrive/Desktop/University/Course_Work/2025-2026/Spring_2026/ECE_410/ECE410/project/post_m3_Minor_Redesign/tb/tb_top.sv Line:256
Error: AXI MONITOR: core_C changed while core is idle
Time: 6195 ns  Iteration: 0  Process: /tb_top/u_mon//tb_top/u_mon  Scope: tb_top.u_mon  File: /run/media/sackb/Windows-SSD/Users/sackb/OneDrive/Desktop/University/Course_Work/2025-2026/Spring_2026/ECE_410/ECE410/project/post_m3_Minor_Redesign/tb/tb_top.sv Line: 257

Time: 6205 ns Started: 6195 ns Scope: /tb_top/u_mon File: /run/media/sackb/Windows-SSD/Users/sackb/OneDrive/Desktop/University/Course_Work/2025-2026/Spring_2026/ECE_410/ECE410/project/post_m3_Minor_Redesign/tb/tb_top.sv Line:256
Error: AXI MONITOR: core_C changed while core is idle
Time: 6205 ns  Iteration: 0  Process: /tb_top/u_mon//tb_top/u_mon  Scope: tb_top.u_mon  File: /run/media/sackb/Windows-SSD/Users/sackb/OneDrive/Desktop/University/Course_Work/2025-2026/Spring_2026/ECE_410/ECE410/project/post_m3_Minor_Redesign/tb/tb_top.sv Line: 257

Time: 6215 ns Started: 6205 ns Scope: /tb_top/u_mon File: /run/media/sackb/Windows-SSD/Users/sackb/OneDrive/Desktop/University/Course_Work/2025-2026/Spring_2026/ECE_410/ECE410/project/post_m3_Minor_Redesign/tb/tb_top.sv Line:256
Error: AXI MONITOR: core_C changed while core is idle
Time: 6215 ns  Iteration: 0  Process: /tb_top/u_mon//tb_top/u_mon  Scope: tb_top.u_mon  File: /run/media/sackb/Windows-SSD/Users/sackb/OneDrive/Desktop/University/Course_Work/2025-2026/Spring_2026/ECE_410/ECE410/project/post_m3_Minor_Redesign/tb/tb_top.sv Line: 257

Time: 6225 ns Started: 6215 ns Scope: /tb_top/u_mon File: /run/media/sackb/Windows-SSD/Users/sackb/OneDrive/Desktop/University/Course_Work/2025-2026/Spring_2026/ECE_410/ECE410/project/post_m3_Minor_Redesign/tb/tb_top.sv Line:256
Error: AXI MONITOR: core_C changed while core is idle
Time: 6225 ns  Iteration: 0  Process: /tb_top/u_mon//tb_top/u_mon  Scope: tb_top.u_mon  File: /run/media/sackb/Windows-SSD/Users/sackb/OneDrive/Desktop/University/Course_Work/2025-2026/Spring_2026/ECE_410/ECE410/project/post_m3_Minor_Redesign/tb/tb_top.sv Line: 257

Time: 6235 ns Started: 6225 ns Scope: /tb_top/u_mon File: /run/media/sackb/Windows-SSD/Users/sackb/OneDrive/Desktop/University/Course_Work/2025-2026/Spring_2026/ECE_410/ECE410/project/post_m3_Minor_Redesign/tb/tb_top.sv Line:256
Error: AXI MONITOR: core_C changed while core is idle
Time: 6235 ns  Iteration: 0  Process: /tb_top/u_mon//tb_top/u_mon  Scope: tb_top.u_mon  File: /run/media/sackb/Windows-SSD/Users/sackb/OneDrive/Desktop/University/Course_Work/2025-2026/Spring_2026/ECE_410/ECE410/project/post_m3_Minor_Redesign/tb/tb_top.sv Line: 257

Time: 6245 ns Started: 6235 ns Scope: /tb_top/u_mon File: /run/media/sackb/Windows-SSD/Users/sackb/OneDrive/Desktop/University/Course_Work/2025-2026/Spring_2026/ECE_410/ECE410/project/post_m3_Minor_Redesign/tb/tb_top.sv Line:256
Error: AXI MONITOR: core_C changed while core is idle
Time: 6245 ns  Iteration: 0  Process: /tb_top/u_mon//tb_top/u_mon  Scope: tb_top.u_mon  File: /run/media/sackb/Windows-SSD/Users/sackb/OneDrive/Desktop/University/Course_Work/2025-2026/Spring_2026/ECE_410/ECE410/project/post_m3_Minor_Redesign/tb/tb_top.sv Line: 257

Time: 6255 ns Started: 6245 ns Scope: /tb_top/u_mon File: /run/media/sackb/Windows-SSD/Users/sackb/OneDrive/Desktop/University/Course_Work/2025-2026/Spring_2026/ECE_410/ECE410/project/post_m3_Minor_Redesign/tb/tb_top.sv Line:256
Error: AXI MONITOR: core_C changed while core is idle
Time: 6255 ns  Iteration: 0  Process: /tb_top/u_mon//tb_top/u_mon  Scope: tb_top.u_mon  File: /run/media/sackb/Windows-SSD/Users/sackb/OneDrive/Desktop/University/Course_Work/2025-2026/Spring_2026/ECE_410/ECE410/project/post_m3_Minor_Redesign/tb/tb_top.sv Line: 257

Time: 6265 ns Started: 6255 ns Scope: /tb_top/u_mon File: /run/media/sackb/Windows-SSD/Users/sackb/OneDrive/Desktop/University/Course_Work/2025-2026/Spring_2026/ECE_410/ECE410/project/post_m3_Minor_Redesign/tb/tb_top.sv Line:256
Error: AXI MONITOR: core_C changed while core is idle
Time: 6265 ns  Iteration: 0  Process: /tb_top/u_mon//tb_top/u_mon  Scope: tb_top.u_mon  File: /run/media/sackb/Windows-SSD/Users/sackb/OneDrive/Desktop/University/Course_Work/2025-2026/Spring_2026/ECE_410/ECE410/project/post_m3_Minor_Redesign/tb/tb_top.sv Line: 257

Time: 6275 ns Started: 6265 ns Scope: /tb_top/u_mon File: /run/media/sackb/Windows-SSD/Users/sackb/OneDrive/Desktop/University/Course_Work/2025-2026/Spring_2026/ECE_410/ECE410/project/post_m3_Minor_Redesign/tb/tb_top.sv Line:256
Error: AXI MONITOR: core_C changed while core is idle
Time: 6275 ns  Iteration: 0  Process: /tb_top/u_mon//tb_top/u_mon  Scope: tb_top.u_mon  File: /run/media/sackb/Windows-SSD/Users/sackb/OneDrive/Desktop/University/Course_Work/2025-2026/Spring_2026/ECE_410/ECE410/project/post_m3_Minor_Redesign/tb/tb_top.sv Line: 257

Time: 6285 ns Started: 6275 ns Scope: /tb_top/u_mon File: /run/media/sackb/Windows-SSD/Users/sackb/OneDrive/Desktop/University/Course_Work/2025-2026/Spring_2026/ECE_410/ECE410/project/post_m3_Minor_Redesign/tb/tb_top.sv Line:256
Error: AXI MONITOR: core_C changed while core is idle
Time: 6285 ns  Iteration: 0  Process: /tb_top/u_mon//tb_top/u_mon  Scope: tb_top.u_mon  File: /run/media/sackb/Windows-SSD/Users/sackb/OneDrive/Desktop/University/Course_Work/2025-2026/Spring_2026/ECE_410/ECE410/project/post_m3_Minor_Redesign/tb/tb_top.sv Line: 257

Time: 6295 ns Started: 6285 ns Scope: /tb_top/u_mon File: /run/media/sackb/Windows-SSD/Users/sackb/OneDrive/Desktop/University/Course_Work/2025-2026/Spring_2026/ECE_410/ECE410/project/post_m3_Minor_Redesign/tb/tb_top.sv Line:256
Error: AXI MONITOR: core_C changed while core is idle
Time: 6295 ns  Iteration: 0  Process: /tb_top/u_mon//tb_top/u_mon  Scope: tb_top.u_mon  File: /run/media/sackb/Windows-SSD/Users/sackb/OneDrive/Desktop/University/Course_Work/2025-2026/Spring_2026/ECE_410/ECE410/project/post_m3_Minor_Redesign/tb/tb_top.sv Line: 257

Time: 6305 ns Started: 6295 ns Scope: /tb_top/u_mon File: /run/media/sackb/Windows-SSD/Users/sackb/OneDrive/Desktop/University/Course_Work/2025-2026/Spring_2026/ECE_410/ECE410/project/post_m3_Minor_Redesign/tb/tb_top.sv Line:256
Error: AXI MONITOR: core_C changed while core is idle
Time: 6305 ns  Iteration: 0  Process: /tb_top/u_mon//tb_top/u_mon  Scope: tb_top.u_mon  File: /run/media/sackb/Windows-SSD/Users/sackb/OneDrive/Desktop/University/Course_Work/2025-2026/Spring_2026/ECE_410/ECE410/project/post_m3_Minor_Redesign/tb/tb_top.sv Line: 257

Time: 6315 ns Started: 6305 ns Scope: /tb_top/u_mon File: /run/media/sackb/Windows-SSD/Users/sackb/OneDrive/Desktop/University/Course_Work/2025-2026/Spring_2026/ECE_410/ECE410/project/post_m3_Minor_Redesign/tb/tb_top.sv Line:256
Error: AXI MONITOR: core_C changed while core is idle
Time: 6315 ns  Iteration: 0  Process: /tb_top/u_mon//tb_top/u_mon  Scope: tb_top.u_mon  File: /run/media/sackb/Windows-SSD/Users/sackb/OneDrive/Desktop/University/Course_Work/2025-2026/Spring_2026/ECE_410/ECE410/project/post_m3_Minor_Redesign/tb/tb_top.sv Line: 257

Time: 6325 ns Started: 6315 ns Scope: /tb_top/u_mon File: /run/media/sackb/Windows-SSD/Users/sackb/OneDrive/Desktop/University/Course_Work/2025-2026/Spring_2026/ECE_410/ECE410/project/post_m3_Minor_Redesign/tb/tb_top.sv Line:256
Error: AXI MONITOR: core_C changed while core is idle
Time: 6325 ns  Iteration: 0  Process: /tb_top/u_mon//tb_top/u_mon  Scope: tb_top.u_mon  File: /run/media/sackb/Windows-SSD/Users/sackb/OneDrive/Desktop/University/Course_Work/2025-2026/Spring_2026/ECE_410/ECE410/project/post_m3_Minor_Redesign/tb/tb_top.sv Line: 257

Time: 6335 ns Started: 6325 ns Scope: /tb_top/u_mon File: /run/media/sackb/Windows-SSD/Users/sackb/OneDrive/Desktop/University/Course_Work/2025-2026/Spring_2026/ECE_410/ECE410/project/post_m3_Minor_Redesign/tb/tb_top.sv Line:256
Error: AXI MONITOR: core_C changed while core is idle
Time: 6335 ns  Iteration: 0  Process: /tb_top/u_mon//tb_top/u_mon  Scope: tb_top.u_mon  File: /run/media/sackb/Windows-SSD/Users/sackb/OneDrive/Desktop/University/Course_Work/2025-2026/Spring_2026/ECE_410/ECE410/project/post_m3_Minor_Redesign/tb/tb_top.sv Line: 257

Time: 6345 ns Started: 6335 ns Scope: /tb_top/u_mon File: /run/media/sackb/Windows-SSD/Users/sackb/OneDrive/Desktop/University/Course_Work/2025-2026/Spring_2026/ECE_410/ECE410/project/post_m3_Minor_Redesign/tb/tb_top.sv Line:256
Error: AXI MONITOR: core_C changed while core is idle
Time: 6345 ns  Iteration: 0  Process: /tb_top/u_mon//tb_top/u_mon  Scope: tb_top.u_mon  File: /run/media/sackb/Windows-SSD/Users/sackb/OneDrive/Desktop/University/Course_Work/2025-2026/Spring_2026/ECE_410/ECE410/project/post_m3_Minor_Redesign/tb/tb_top.sv Line: 257

Time: 6355 ns Started: 6345 ns Scope: /tb_top/u_mon File: /run/media/sackb/Windows-SSD/Users/sackb/OneDrive/Desktop/University/Course_Work/2025-2026/Spring_2026/ECE_410/ECE410/project/post_m3_Minor_Redesign/tb/tb_top.sv Line:256
Error: AXI MONITOR: core_C changed while core is idle
Time: 6355 ns  Iteration: 0  Process: /tb_top/u_mon//tb_top/u_mon  Scope: tb_top.u_mon  File: /run/media/sackb/Windows-SSD/Users/sackb/OneDrive/Desktop/University/Course_Work/2025-2026/Spring_2026/ECE_410/ECE410/project/post_m3_Minor_Redesign/tb/tb_top.sv Line: 257

Time: 6365 ns Started: 6355 ns Scope: /tb_top/u_mon File: /run/media/sackb/Windows-SSD/Users/sackb/OneDrive/Desktop/University/Course_Work/2025-2026/Spring_2026/ECE_410/ECE410/project/post_m3_Minor_Redesign/tb/tb_top.sv Line:256
Error: AXI MONITOR: core_C changed while core is idle
Time: 6365 ns  Iteration: 0  Process: /tb_top/u_mon//tb_top/u_mon  Scope: tb_top.u_mon  File: /run/media/sackb/Windows-SSD/Users/sackb/OneDrive/Desktop/University/Course_Work/2025-2026/Spring_2026/ECE_410/ECE410/project/post_m3_Minor_Redesign/tb/tb_top.sv Line: 257

Time: 6375 ns Started: 6365 ns Scope: /tb_top/u_mon File: /run/media/sackb/Windows-SSD/Users/sackb/OneDrive/Desktop/University/Course_Work/2025-2026/Spring_2026/ECE_410/ECE410/project/post_m3_Minor_Redesign/tb/tb_top.sv Line:256
Error: AXI MONITOR: core_C changed while core is idle
Time: 6375 ns  Iteration: 0  Process: /tb_top/u_mon//tb_top/u_mon  Scope: tb_top.u_mon  File: /run/media/sackb/Windows-SSD/Users/sackb/OneDrive/Desktop/University/Course_Work/2025-2026/Spring_2026/ECE_410/ECE410/project/post_m3_Minor_Redesign/tb/tb_top.sv Line: 257

Time: 6385 ns Started: 6375 ns Scope: /tb_top/u_mon File: /run/media/sackb/Windows-SSD/Users/sackb/OneDrive/Desktop/University/Course_Work/2025-2026/Spring_2026/ECE_410/ECE410/project/post_m3_Minor_Redesign/tb/tb_top.sv Line:256
Error: AXI MONITOR: core_C changed while core is idle
Time: 6385 ns  Iteration: 0  Process: /tb_top/u_mon//tb_top/u_mon  Scope: tb_top.u_mon  File: /run/media/sackb/Windows-SSD/Users/sackb/OneDrive/Desktop/University/Course_Work/2025-2026/Spring_2026/ECE_410/ECE410/project/post_m3_Minor_Redesign/tb/tb_top.sv Line: 257

Time: 6395 ns Started: 6385 ns Scope: /tb_top/u_mon File: /run/media/sackb/Windows-SSD/Users/sackb/OneDrive/Desktop/University/Course_Work/2025-2026/Spring_2026/ECE_410/ECE410/project/post_m3_Minor_Redesign/tb/tb_top.sv Line:256
Error: AXI MONITOR: core_C changed while core is idle
Time: 6395 ns  Iteration: 0  Process: /tb_top/u_mon//tb_top/u_mon  Scope: tb_top.u_mon  File: /run/media/sackb/Windows-SSD/Users/sackb/OneDrive/Desktop/University/Course_Work/2025-2026/Spring_2026/ECE_410/ECE410/project/post_m3_Minor_Redesign/tb/tb_top.sv Line: 257

Time: 6405 ns Started: 6395 ns Scope: /tb_top/u_mon File: /run/media/sackb/Windows-SSD/Users/sackb/OneDrive/Desktop/University/Course_Work/2025-2026/Spring_2026/ECE_410/ECE410/project/post_m3_Minor_Redesign/tb/tb_top.sv Line:256
Error: AXI MONITOR: core_C changed while core is idle
Time: 6405 ns  Iteration: 0  Process: /tb_top/u_mon//tb_top/u_mon  Scope: tb_top.u_mon  File: /run/media/sackb/Windows-SSD/Users/sackb/OneDrive/Desktop/University/Course_Work/2025-2026/Spring_2026/ECE_410/ECE410/project/post_m3_Minor_Redesign/tb/tb_top.sv Line: 257

Time: 6415 ns Started: 6405 ns Scope: /tb_top/u_mon File: /run/media/sackb/Windows-SSD/Users/sackb/OneDrive/Desktop/University/Course_Work/2025-2026/Spring_2026/ECE_410/ECE410/project/post_m3_Minor_Redesign/tb/tb_top.sv Line:256
Error: AXI MONITOR: core_C changed while core is idle
Time: 6415 ns  Iteration: 0  Process: /tb_top/u_mon//tb_top/u_mon  Scope: tb_top.u_mon  File: /run/media/sackb/Windows-SSD/Users/sackb/OneDrive/Desktop/University/Course_Work/2025-2026/Spring_2026/ECE_410/ECE410/project/post_m3_Minor_Redesign/tb/tb_top.sv Line: 257

Time: 6425 ns Started: 6415 ns Scope: /tb_top/u_mon File: /run/media/sackb/Windows-SSD/Users/sackb/OneDrive/Desktop/University/Course_Work/2025-2026/Spring_2026/ECE_410/ECE410/project/post_m3_Minor_Redesign/tb/tb_top.sv Line:256
Error: AXI MONITOR: core_C changed while core is idle
Time: 6425 ns  Iteration: 0  Process: /tb_top/u_mon//tb_top/u_mon  Scope: tb_top.u_mon  File: /run/media/sackb/Windows-SSD/Users/sackb/OneDrive/Desktop/University/Course_Work/2025-2026/Spring_2026/ECE_410/ECE410/project/post_m3_Minor_Redesign/tb/tb_top.sv Line: 257

Time: 6435 ns Started: 6425 ns Scope: /tb_top/u_mon File: /run/media/sackb/Windows-SSD/Users/sackb/OneDrive/Desktop/University/Course_Work/2025-2026/Spring_2026/ECE_410/ECE410/project/post_m3_Minor_Redesign/tb/tb_top.sv Line:256
Error: AXI MONITOR: core_C changed while core is idle
Time: 6435 ns  Iteration: 0  Process: /tb_top/u_mon//tb_top/u_mon  Scope: tb_top.u_mon  File: /run/media/sackb/Windows-SSD/Users/sackb/OneDrive/Desktop/University/Course_Work/2025-2026/Spring_2026/ECE_410/ECE410/project/post_m3_Minor_Redesign/tb/tb_top.sv Line: 257

Time: 6445 ns Started: 6435 ns Scope: /tb_top/u_mon File: /run/media/sackb/Windows-SSD/Users/sackb/OneDrive/Desktop/University/Course_Work/2025-2026/Spring_2026/ECE_410/ECE410/project/post_m3_Minor_Redesign/tb/tb_top.sv Line:256
Error: AXI MONITOR: core_C changed while core is idle
Time: 6445 ns  Iteration: 0  Process: /tb_top/u_mon//tb_top/u_mon  Scope: tb_top.u_mon  File: /run/media/sackb/Windows-SSD/Users/sackb/OneDrive/Desktop/University/Course_Work/2025-2026/Spring_2026/ECE_410/ECE410/project/post_m3_Minor_Redesign/tb/tb_top.sv Line: 257

Time: 6455 ns Started: 6445 ns Scope: /tb_top/u_mon File: /run/media/sackb/Windows-SSD/Users/sackb/OneDrive/Desktop/University/Course_Work/2025-2026/Spring_2026/ECE_410/ECE410/project/post_m3_Minor_Redesign/tb/tb_top.sv Line:256
Error: AXI MONITOR: core_C changed while core is idle
Time: 6455 ns  Iteration: 0  Process: /tb_top/u_mon//tb_top/u_mon  Scope: tb_top.u_mon  File: /run/media/sackb/Windows-SSD/Users/sackb/OneDrive/Desktop/University/Course_Work/2025-2026/Spring_2026/ECE_410/ECE410/project/post_m3_Minor_Redesign/tb/tb_top.sv Line: 257

Time: 6465 ns Started: 6455 ns Scope: /tb_top/u_mon File: /run/media/sackb/Windows-SSD/Users/sackb/OneDrive/Desktop/University/Course_Work/2025-2026/Spring_2026/ECE_410/ECE410/project/post_m3_Minor_Redesign/tb/tb_top.sv Line:256
Error: AXI MONITOR: core_C changed while core is idle
Time: 6465 ns  Iteration: 0  Process: /tb_top/u_mon//tb_top/u_mon  Scope: tb_top.u_mon  File: /run/media/sackb/Windows-SSD/Users/sackb/OneDrive/Desktop/University/Course_Work/2025-2026/Spring_2026/ECE_410/ECE410/project/post_m3_Minor_Redesign/tb/tb_top.sv Line: 257

Time: 6475 ns Started: 6465 ns Scope: /tb_top/u_mon File: /run/media/sackb/Windows-SSD/Users/sackb/OneDrive/Desktop/University/Course_Work/2025-2026/Spring_2026/ECE_410/ECE410/project/post_m3_Minor_Redesign/tb/tb_top.sv Line:256
Error: AXI MONITOR: core_C changed while core is idle
Time: 6475 ns  Iteration: 0  Process: /tb_top/u_mon//tb_top/u_mon  Scope: tb_top.u_mon  File: /run/media/sackb/Windows-SSD/Users/sackb/OneDrive/Desktop/University/Course_Work/2025-2026/Spring_2026/ECE_410/ECE410/project/post_m3_Minor_Redesign/tb/tb_top.sv Line: 257

Time: 6485 ns Started: 6475 ns Scope: /tb_top/u_mon File: /run/media/sackb/Windows-SSD/Users/sackb/OneDrive/Desktop/University/Course_Work/2025-2026/Spring_2026/ECE_410/ECE410/project/post_m3_Minor_Redesign/tb/tb_top.sv Line:256
Error: AXI MONITOR: core_C changed while core is idle
Time: 6485 ns  Iteration: 0  Process: /tb_top/u_mon//tb_top/u_mon  Scope: tb_top.u_mon  File: /run/media/sackb/Windows-SSD/Users/sackb/OneDrive/Desktop/University/Course_Work/2025-2026/Spring_2026/ECE_410/ECE410/project/post_m3_Minor_Redesign/tb/tb_top.sv Line: 257

Time: 6495 ns Started: 6485 ns Scope: /tb_top/u_mon File: /run/media/sackb/Windows-SSD/Users/sackb/OneDrive/Desktop/University/Course_Work/2025-2026/Spring_2026/ECE_410/ECE410/project/post_m3_Minor_Redesign/tb/tb_top.sv Line:256
Error: AXI MONITOR: core_C changed while core is idle
Time: 6495 ns  Iteration: 0  Process: /tb_top/u_mon//tb_top/u_mon  Scope: tb_top.u_mon  File: /run/media/sackb/Windows-SSD/Users/sackb/OneDrive/Desktop/University/Course_Work/2025-2026/Spring_2026/ECE_410/ECE410/project/post_m3_Minor_Redesign/tb/tb_top.sv Line: 257

Time: 6505 ns Started: 6495 ns Scope: /tb_top/u_mon File: /run/media/sackb/Windows-SSD/Users/sackb/OneDrive/Desktop/University/Course_Work/2025-2026/Spring_2026/ECE_410/ECE410/project/post_m3_Minor_Redesign/tb/tb_top.sv Line:256
Error: AXI MONITOR: core_C changed while core is idle
Time: 6505 ns  Iteration: 0  Process: /tb_top/u_mon//tb_top/u_mon  Scope: tb_top.u_mon  File: /run/media/sackb/Windows-SSD/Users/sackb/OneDrive/Desktop/University/Course_Work/2025-2026/Spring_2026/ECE_410/ECE410/project/post_m3_Minor_Redesign/tb/tb_top.sv Line: 257

Time: 6515 ns Started: 6505 ns Scope: /tb_top/u_mon File: /run/media/sackb/Windows-SSD/Users/sackb/OneDrive/Desktop/University/Course_Work/2025-2026/Spring_2026/ECE_410/ECE410/project/post_m3_Minor_Redesign/tb/tb_top.sv Line:256
Error: AXI MONITOR: core_C changed while core is idle
Time: 6515 ns  Iteration: 0  Process: /tb_top/u_mon//tb_top/u_mon  Scope: tb_top.u_mon  File: /run/media/sackb/Windows-SSD/Users/sackb/OneDrive/Desktop/University/Course_Work/2025-2026/Spring_2026/ECE_410/ECE410/project/post_m3_Minor_Redesign/tb/tb_top.sv Line: 257

Time: 6525 ns Started: 6515 ns Scope: /tb_top/u_mon File: /run/media/sackb/Windows-SSD/Users/sackb/OneDrive/Desktop/University/Course_Work/2025-2026/Spring_2026/ECE_410/ECE410/project/post_m3_Minor_Redesign/tb/tb_top.sv Line:256
Error: AXI MONITOR: core_C changed while core is idle
Time: 6525 ns  Iteration: 0  Process: /tb_top/u_mon//tb_top/u_mon  Scope: tb_top.u_mon  File: /run/media/sackb/Windows-SSD/Users/sackb/OneDrive/Desktop/University/Course_Work/2025-2026/Spring_2026/ECE_410/ECE410/project/post_m3_Minor_Redesign/tb/tb_top.sv Line: 257

Time: 6535 ns Started: 6525 ns Scope: /tb_top/u_mon File: /run/media/sackb/Windows-SSD/Users/sackb/OneDrive/Desktop/University/Course_Work/2025-2026/Spring_2026/ECE_410/ECE410/project/post_m3_Minor_Redesign/tb/tb_top.sv Line:256
Error: AXI MONITOR: core_C changed while core is idle
Time: 6535 ns  Iteration: 0  Process: /tb_top/u_mon//tb_top/u_mon  Scope: tb_top.u_mon  File: /run/media/sackb/Windows-SSD/Users/sackb/OneDrive/Desktop/University/Course_Work/2025-2026/Spring_2026/ECE_410/ECE410/project/post_m3_Minor_Redesign/tb/tb_top.sv Line: 257

Time: 6545 ns Started: 6535 ns Scope: /tb_top/u_mon File: /run/media/sackb/Windows-SSD/Users/sackb/OneDrive/Desktop/University/Course_Work/2025-2026/Spring_2026/ECE_410/ECE410/project/post_m3_Minor_Redesign/tb/tb_top.sv Line:256
Error: AXI MONITOR: core_C changed while core is idle
Time: 6545 ns  Iteration: 0  Process: /tb_top/u_mon//tb_top/u_mon  Scope: tb_top.u_mon  File: /run/media/sackb/Windows-SSD/Users/sackb/OneDrive/Desktop/University/Course_Work/2025-2026/Spring_2026/ECE_410/ECE410/project/post_m3_Minor_Redesign/tb/tb_top.sv Line: 257

Time: 6555 ns Started: 6545 ns Scope: /tb_top/u_mon File: /run/media/sackb/Windows-SSD/Users/sackb/OneDrive/Desktop/University/Course_Work/2025-2026/Spring_2026/ECE_410/ECE410/project/post_m3_Minor_Redesign/tb/tb_top.sv Line:256
Error: AXI MONITOR: core_C changed while core is idle
Time: 6555 ns  Iteration: 0  Process: /tb_top/u_mon//tb_top/u_mon  Scope: tb_top.u_mon  File: /run/media/sackb/Windows-SSD/Users/sackb/OneDrive/Desktop/University/Course_Work/2025-2026/Spring_2026/ECE_410/ECE410/project/post_m3_Minor_Redesign/tb/tb_top.sv Line: 257

Time: 7295 ns Started: 7285 ns Scope: /tb_top/u_mon File: /run/media/sackb/Windows-SSD/Users/sackb/OneDrive/Desktop/University/Course_Work/2025-2026/Spring_2026/ECE_410/ECE410/project/post_m3_Minor_Redesign/tb/tb_top.sv Line:256
Error: AXI MONITOR: core_C changed while core is idle
Time: 7295 ns  Iteration: 0  Process: /tb_top/u_mon//tb_top/u_mon  Scope: tb_top.u_mon  File: /run/media/sackb/Windows-SSD/Users/sackb/OneDrive/Desktop/University/Course_Work/2025-2026/Spring_2026/ECE_410/ECE410/project/post_m3_Minor_Redesign/tb/tb_top.sv Line: 257

Time: 7305 ns Started: 7295 ns Scope: /tb_top/u_mon File: /run/media/sackb/Windows-SSD/Users/sackb/OneDrive/Desktop/University/Course_Work/2025-2026/Spring_2026/ECE_410/ECE410/project/post_m3_Minor_Redesign/tb/tb_top.sv Line:256
Error: AXI MONITOR: core_C changed while core is idle
Time: 7305 ns  Iteration: 0  Process: /tb_top/u_mon//tb_top/u_mon  Scope: tb_top.u_mon  File: /run/media/sackb/Windows-SSD/Users/sackb/OneDrive/Desktop/University/Course_Work/2025-2026/Spring_2026/ECE_410/ECE410/project/post_m3_Minor_Redesign/tb/tb_top.sv Line: 257

Time: 7315 ns Started: 7305 ns Scope: /tb_top/u_mon File: /run/media/sackb/Windows-SSD/Users/sackb/OneDrive/Desktop/University/Course_Work/2025-2026/Spring_2026/ECE_410/ECE410/project/post_m3_Minor_Redesign/tb/tb_top.sv Line:256
Error: AXI MONITOR: core_C changed while core is idle
Time: 7315 ns  Iteration: 0  Process: /tb_top/u_mon//tb_top/u_mon  Scope: tb_top.u_mon  File: /run/media/sackb/Windows-SSD/Users/sackb/OneDrive/Desktop/University/Course_Work/2025-2026/Spring_2026/ECE_410/ECE410/project/post_m3_Minor_Redesign/tb/tb_top.sv Line: 257

Time: 7325 ns Started: 7315 ns Scope: /tb_top/u_mon File: /run/media/sackb/Windows-SSD/Users/sackb/OneDrive/Desktop/University/Course_Work/2025-2026/Spring_2026/ECE_410/ECE410/project/post_m3_Minor_Redesign/tb/tb_top.sv Line:256
Error: AXI MONITOR: core_C changed while core is idle
Time: 7325 ns  Iteration: 0  Process: /tb_top/u_mon//tb_top/u_mon  Scope: tb_top.u_mon  File: /run/media/sackb/Windows-SSD/Users/sackb/OneDrive/Desktop/University/Course_Work/2025-2026/Spring_2026/ECE_410/ECE410/project/post_m3_Minor_Redesign/tb/tb_top.sv Line: 257

Time: 7335 ns Started: 7325 ns Scope: /tb_top/u_mon File: /run/media/sackb/Windows-SSD/Users/sackb/OneDrive/Desktop/University/Course_Work/2025-2026/Spring_2026/ECE_410/ECE410/project/post_m3_Minor_Redesign/tb/tb_top.sv Line:256
Error: AXI MONITOR: core_C changed while core is idle
Time: 7335 ns  Iteration: 0  Process: /tb_top/u_mon//tb_top/u_mon  Scope: tb_top.u_mon  File: /run/media/sackb/Windows-SSD/Users/sackb/OneDrive/Desktop/University/Course_Work/2025-2026/Spring_2026/ECE_410/ECE410/project/post_m3_Minor_Redesign/tb/tb_top.sv Line: 257

Time: 7345 ns Started: 7335 ns Scope: /tb_top/u_mon File: /run/media/sackb/Windows-SSD/Users/sackb/OneDrive/Desktop/University/Course_Work/2025-2026/Spring_2026/ECE_410/ECE410/project/post_m3_Minor_Redesign/tb/tb_top.sv Line:256
Error: AXI MONITOR: core_C changed while core is idle
Time: 7345 ns  Iteration: 0  Process: /tb_top/u_mon//tb_top/u_mon  Scope: tb_top.u_mon  File: /run/media/sackb/Windows-SSD/Users/sackb/OneDrive/Desktop/University/Course_Work/2025-2026/Spring_2026/ECE_410/ECE410/project/post_m3_Minor_Redesign/tb/tb_top.sv Line: 257

Time: 7355 ns Started: 7345 ns Scope: /tb_top/u_mon File: /run/media/sackb/Windows-SSD/Users/sackb/OneDrive/Desktop/University/Course_Work/2025-2026/Spring_2026/ECE_410/ECE410/project/post_m3_Minor_Redesign/tb/tb_top.sv Line:256
Error: AXI MONITOR: core_C changed while core is idle
Time: 7355 ns  Iteration: 0  Process: /tb_top/u_mon//tb_top/u_mon  Scope: tb_top.u_mon  File: /run/media/sackb/Windows-SSD/Users/sackb/OneDrive/Desktop/University/Course_Work/2025-2026/Spring_2026/ECE_410/ECE410/project/post_m3_Minor_Redesign/tb/tb_top.sv Line: 257

Time: 7365 ns Started: 7355 ns Scope: /tb_top/u_mon File: /run/media/sackb/Windows-SSD/Users/sackb/OneDrive/Desktop/University/Course_Work/2025-2026/Spring_2026/ECE_410/ECE410/project/post_m3_Minor_Redesign/tb/tb_top.sv Line:256
Error: AXI MONITOR: core_C changed while core is idle
Time: 7365 ns  Iteration: 0  Process: /tb_top/u_mon//tb_top/u_mon  Scope: tb_top.u_mon  File: /run/media/sackb/Windows-SSD/Users/sackb/OneDrive/Desktop/University/Course_Work/2025-2026/Spring_2026/ECE_410/ECE410/project/post_m3_Minor_Redesign/tb/tb_top.sv Line: 257

Time: 7375 ns Started: 7365 ns Scope: /tb_top/u_mon File: /run/media/sackb/Windows-SSD/Users/sackb/OneDrive/Desktop/University/Course_Work/2025-2026/Spring_2026/ECE_410/ECE410/project/post_m3_Minor_Redesign/tb/tb_top.sv Line:256
Error: AXI MONITOR: core_C changed while core is idle
Time: 7375 ns  Iteration: 0  Process: /tb_top/u_mon//tb_top/u_mon  Scope: tb_top.u_mon  File: /run/media/sackb/Windows-SSD/Users/sackb/OneDrive/Desktop/University/Course_Work/2025-2026/Spring_2026/ECE_410/ECE410/project/post_m3_Minor_Redesign/tb/tb_top.sv Line: 257

Time: 7385 ns Started: 7375 ns Scope: /tb_top/u_mon File: /run/media/sackb/Windows-SSD/Users/sackb/OneDrive/Desktop/University/Course_Work/2025-2026/Spring_2026/ECE_410/ECE410/project/post_m3_Minor_Redesign/tb/tb_top.sv Line:256
Error: AXI MONITOR: core_C changed while core is idle
Time: 7385 ns  Iteration: 0  Process: /tb_top/u_mon//tb_top/u_mon  Scope: tb_top.u_mon  File: /run/media/sackb/Windows-SSD/Users/sackb/OneDrive/Desktop/University/Course_Work/2025-2026/Spring_2026/ECE_410/ECE410/project/post_m3_Minor_Redesign/tb/tb_top.sv Line: 257

Time: 7395 ns Started: 7385 ns Scope: /tb_top/u_mon File: /run/media/sackb/Windows-SSD/Users/sackb/OneDrive/Desktop/University/Course_Work/2025-2026/Spring_2026/ECE_410/ECE410/project/post_m3_Minor_Redesign/tb/tb_top.sv Line:256
Error: AXI MONITOR: core_C changed while core is idle
Time: 7395 ns  Iteration: 0  Process: /tb_top/u_mon//tb_top/u_mon  Scope: tb_top.u_mon  File: /run/media/sackb/Windows-SSD/Users/sackb/OneDrive/Desktop/University/Course_Work/2025-2026/Spring_2026/ECE_410/ECE410/project/post_m3_Minor_Redesign/tb/tb_top.sv Line: 257

Time: 7405 ns Started: 7395 ns Scope: /tb_top/u_mon File: /run/media/sackb/Windows-SSD/Users/sackb/OneDrive/Desktop/University/Course_Work/2025-2026/Spring_2026/ECE_410/ECE410/project/post_m3_Minor_Redesign/tb/tb_top.sv Line:256
Error: AXI MONITOR: core_C changed while core is idle
Time: 7405 ns  Iteration: 0  Process: /tb_top/u_mon//tb_top/u_mon  Scope: tb_top.u_mon  File: /run/media/sackb/Windows-SSD/Users/sackb/OneDrive/Desktop/University/Course_Work/2025-2026/Spring_2026/ECE_410/ECE410/project/post_m3_Minor_Redesign/tb/tb_top.sv Line: 257

Time: 7415 ns Started: 7405 ns Scope: /tb_top/u_mon File: /run/media/sackb/Windows-SSD/Users/sackb/OneDrive/Desktop/University/Course_Work/2025-2026/Spring_2026/ECE_410/ECE410/project/post_m3_Minor_Redesign/tb/tb_top.sv Line:256
Error: AXI MONITOR: core_C changed while core is idle
Time: 7415 ns  Iteration: 0  Process: /tb_top/u_mon//tb_top/u_mon  Scope: tb_top.u_mon  File: /run/media/sackb/Windows-SSD/Users/sackb/OneDrive/Desktop/University/Course_Work/2025-2026/Spring_2026/ECE_410/ECE410/project/post_m3_Minor_Redesign/tb/tb_top.sv Line: 257

Time: 7425 ns Started: 7415 ns Scope: /tb_top/u_mon File: /run/media/sackb/Windows-SSD/Users/sackb/OneDrive/Desktop/University/Course_Work/2025-2026/Spring_2026/ECE_410/ECE410/project/post_m3_Minor_Redesign/tb/tb_top.sv Line:256
Error: AXI MONITOR: core_C changed while core is idle
Time: 7425 ns  Iteration: 0  Process: /tb_top/u_mon//tb_top/u_mon  Scope: tb_top.u_mon  File: /run/media/sackb/Windows-SSD/Users/sackb/OneDrive/Desktop/University/Course_Work/2025-2026/Spring_2026/ECE_410/ECE410/project/post_m3_Minor_Redesign/tb/tb_top.sv Line: 257

Time: 7435 ns Started: 7425 ns Scope: /tb_top/u_mon File: /run/media/sackb/Windows-SSD/Users/sackb/OneDrive/Desktop/University/Course_Work/2025-2026/Spring_2026/ECE_410/ECE410/project/post_m3_Minor_Redesign/tb/tb_top.sv Line:256
Error: AXI MONITOR: core_C changed while core is idle
Time: 7435 ns  Iteration: 0  Process: /tb_top/u_mon//tb_top/u_mon  Scope: tb_top.u_mon  File: /run/media/sackb/Windows-SSD/Users/sackb/OneDrive/Desktop/University/Course_Work/2025-2026/Spring_2026/ECE_410/ECE410/project/post_m3_Minor_Redesign/tb/tb_top.sv Line: 257

Time: 7445 ns Started: 7435 ns Scope: /tb_top/u_mon File: /run/media/sackb/Windows-SSD/Users/sackb/OneDrive/Desktop/University/Course_Work/2025-2026/Spring_2026/ECE_410/ECE410/project/post_m3_Minor_Redesign/tb/tb_top.sv Line:256
Error: AXI MONITOR: core_C changed while core is idle
Time: 7445 ns  Iteration: 0  Process: /tb_top/u_mon//tb_top/u_mon  Scope: tb_top.u_mon  File: /run/media/sackb/Windows-SSD/Users/sackb/OneDrive/Desktop/University/Course_Work/2025-2026/Spring_2026/ECE_410/ECE410/project/post_m3_Minor_Redesign/tb/tb_top.sv Line: 257

Time: 7455 ns Started: 7445 ns Scope: /tb_top/u_mon File: /run/media/sackb/Windows-SSD/Users/sackb/OneDrive/Desktop/University/Course_Work/2025-2026/Spring_2026/ECE_410/ECE410/project/post_m3_Minor_Redesign/tb/tb_top.sv Line:256
Error: AXI MONITOR: core_C changed while core is idle
Time: 7455 ns  Iteration: 0  Process: /tb_top/u_mon//tb_top/u_mon  Scope: tb_top.u_mon  File: /run/media/sackb/Windows-SSD/Users/sackb/OneDrive/Desktop/University/Course_Work/2025-2026/Spring_2026/ECE_410/ECE410/project/post_m3_Minor_Redesign/tb/tb_top.sv Line: 257

Time: 7465 ns Started: 7455 ns Scope: /tb_top/u_mon File: /run/media/sackb/Windows-SSD/Users/sackb/OneDrive/Desktop/University/Course_Work/2025-2026/Spring_2026/ECE_410/ECE410/project/post_m3_Minor_Redesign/tb/tb_top.sv Line:256
Error: AXI MONITOR: core_C changed while core is idle
Time: 7465 ns  Iteration: 0  Process: /tb_top/u_mon//tb_top/u_mon  Scope: tb_top.u_mon  File: /run/media/sackb/Windows-SSD/Users/sackb/OneDrive/Desktop/University/Course_Work/2025-2026/Spring_2026/ECE_410/ECE410/project/post_m3_Minor_Redesign/tb/tb_top.sv Line: 257

Time: 7475 ns Started: 7465 ns Scope: /tb_top/u_mon File: /run/media/sackb/Windows-SSD/Users/sackb/OneDrive/Desktop/University/Course_Work/2025-2026/Spring_2026/ECE_410/ECE410/project/post_m3_Minor_Redesign/tb/tb_top.sv Line:256
Error: AXI MONITOR: core_C changed while core is idle
Time: 7475 ns  Iteration: 0  Process: /tb_top/u_mon//tb_top/u_mon  Scope: tb_top.u_mon  File: /run/media/sackb/Windows-SSD/Users/sackb/OneDrive/Desktop/University/Course_Work/2025-2026/Spring_2026/ECE_410/ECE410/project/post_m3_Minor_Redesign/tb/tb_top.sv Line: 257

Time: 7485 ns Started: 7475 ns Scope: /tb_top/u_mon File: /run/media/sackb/Windows-SSD/Users/sackb/OneDrive/Desktop/University/Course_Work/2025-2026/Spring_2026/ECE_410/ECE410/project/post_m3_Minor_Redesign/tb/tb_top.sv Line:256
Error: AXI MONITOR: core_C changed while core is idle
Time: 7485 ns  Iteration: 0  Process: /tb_top/u_mon//tb_top/u_mon  Scope: tb_top.u_mon  File: /run/media/sackb/Windows-SSD/Users/sackb/OneDrive/Desktop/University/Course_Work/2025-2026/Spring_2026/ECE_410/ECE410/project/post_m3_Minor_Redesign/tb/tb_top.sv Line: 257

Time: 7495 ns Started: 7485 ns Scope: /tb_top/u_mon File: /run/media/sackb/Windows-SSD/Users/sackb/OneDrive/Desktop/University/Course_Work/2025-2026/Spring_2026/ECE_410/ECE410/project/post_m3_Minor_Redesign/tb/tb_top.sv Line:256
Error: AXI MONITOR: core_C changed while core is idle
Time: 7495 ns  Iteration: 0  Process: /tb_top/u_mon//tb_top/u_mon  Scope: tb_top.u_mon  File: /run/media/sackb/Windows-SSD/Users/sackb/OneDrive/Desktop/University/Course_Work/2025-2026/Spring_2026/ECE_410/ECE410/project/post_m3_Minor_Redesign/tb/tb_top.sv Line: 257

Time: 7505 ns Started: 7495 ns Scope: /tb_top/u_mon File: /run/media/sackb/Windows-SSD/Users/sackb/OneDrive/Desktop/University/Course_Work/2025-2026/Spring_2026/ECE_410/ECE410/project/post_m3_Minor_Redesign/tb/tb_top.sv Line:256
Error: AXI MONITOR: core_C changed while core is idle
Time: 7505 ns  Iteration: 0  Process: /tb_top/u_mon//tb_top/u_mon  Scope: tb_top.u_mon  File: /run/media/sackb/Windows-SSD/Users/sackb/OneDrive/Desktop/University/Course_Work/2025-2026/Spring_2026/ECE_410/ECE410/project/post_m3_Minor_Redesign/tb/tb_top.sv Line: 257

Time: 7515 ns Started: 7505 ns Scope: /tb_top/u_mon File: /run/media/sackb/Windows-SSD/Users/sackb/OneDrive/Desktop/University/Course_Work/2025-2026/Spring_2026/ECE_410/ECE410/project/post_m3_Minor_Redesign/tb/tb_top.sv Line:256
Error: AXI MONITOR: core_C changed while core is idle
Time: 7515 ns  Iteration: 0  Process: /tb_top/u_mon//tb_top/u_mon  Scope: tb_top.u_mon  File: /run/media/sackb/Windows-SSD/Users/sackb/OneDrive/Desktop/University/Course_Work/2025-2026/Spring_2026/ECE_410/ECE410/project/post_m3_Minor_Redesign/tb/tb_top.sv Line: 257

Time: 7525 ns Started: 7515 ns Scope: /tb_top/u_mon File: /run/media/sackb/Windows-SSD/Users/sackb/OneDrive/Desktop/University/Course_Work/2025-2026/Spring_2026/ECE_410/ECE410/project/post_m3_Minor_Redesign/tb/tb_top.sv Line:256
Error: AXI MONITOR: core_C changed while core is idle
Time: 7525 ns  Iteration: 0  Process: /tb_top/u_mon//tb_top/u_mon  Scope: tb_top.u_mon  File: /run/media/sackb/Windows-SSD/Users/sackb/OneDrive/Desktop/University/Course_Work/2025-2026/Spring_2026/ECE_410/ECE410/project/post_m3_Minor_Redesign/tb/tb_top.sv Line: 257

Time: 7535 ns Started: 7525 ns Scope: /tb_top/u_mon File: /run/media/sackb/Windows-SSD/Users/sackb/OneDrive/Desktop/University/Course_Work/2025-2026/Spring_2026/ECE_410/ECE410/project/post_m3_Minor_Redesign/tb/tb_top.sv Line:256
Error: AXI MONITOR: core_C changed while core is idle
Time: 7535 ns  Iteration: 0  Process: /tb_top/u_mon//tb_top/u_mon  Scope: tb_top.u_mon  File: /run/media/sackb/Windows-SSD/Users/sackb/OneDrive/Desktop/University/Course_Work/2025-2026/Spring_2026/ECE_410/ECE410/project/post_m3_Minor_Redesign/tb/tb_top.sv Line: 257

Time: 7545 ns Started: 7535 ns Scope: /tb_top/u_mon File: /run/media/sackb/Windows-SSD/Users/sackb/OneDrive/Desktop/University/Course_Work/2025-2026/Spring_2026/ECE_410/ECE410/project/post_m3_Minor_Redesign/tb/tb_top.sv Line:256
Error: AXI MONITOR: core_C changed while core is idle
Time: 7545 ns  Iteration: 0  Process: /tb_top/u_mon//tb_top/u_mon  Scope: tb_top.u_mon  File: /run/media/sackb/Windows-SSD/Users/sackb/OneDrive/Desktop/University/Course_Work/2025-2026/Spring_2026/ECE_410/ECE410/project/post_m3_Minor_Redesign/tb/tb_top.sv Line: 257

Time: 7555 ns Started: 7545 ns Scope: /tb_top/u_mon File: /run/media/sackb/Windows-SSD/Users/sackb/OneDrive/Desktop/University/Course_Work/2025-2026/Spring_2026/ECE_410/ECE410/project/post_m3_Minor_Redesign/tb/tb_top.sv Line:256
Error: AXI MONITOR: core_C changed while core is idle
Time: 7555 ns  Iteration: 0  Process: /tb_top/u_mon//tb_top/u_mon  Scope: tb_top.u_mon  File: /run/media/sackb/Windows-SSD/Users/sackb/OneDrive/Desktop/University/Course_Work/2025-2026/Spring_2026/ECE_410/ECE410/project/post_m3_Minor_Redesign/tb/tb_top.sv Line: 257

Time: 7565 ns Started: 7555 ns Scope: /tb_top/u_mon File: /run/media/sackb/Windows-SSD/Users/sackb/OneDrive/Desktop/University/Course_Work/2025-2026/Spring_2026/ECE_410/ECE410/project/post_m3_Minor_Redesign/tb/tb_top.sv Line:256
Error: AXI MONITOR: core_C changed while core is idle
Time: 7565 ns  Iteration: 0  Process: /tb_top/u_mon//tb_top/u_mon  Scope: tb_top.u_mon  File: /run/media/sackb/Windows-SSD/Users/sackb/OneDrive/Desktop/University/Course_Work/2025-2026/Spring_2026/ECE_410/ECE410/project/post_m3_Minor_Redesign/tb/tb_top.sv Line: 257

Time: 7575 ns Started: 7565 ns Scope: /tb_top/u_mon File: /run/media/sackb/Windows-SSD/Users/sackb/OneDrive/Desktop/University/Course_Work/2025-2026/Spring_2026/ECE_410/ECE410/project/post_m3_Minor_Redesign/tb/tb_top.sv Line:256
Error: AXI MONITOR: core_C changed while core is idle
Time: 7575 ns  Iteration: 0  Process: /tb_top/u_mon//tb_top/u_mon  Scope: tb_top.u_mon  File: /run/media/sackb/Windows-SSD/Users/sackb/OneDrive/Desktop/University/Course_Work/2025-2026/Spring_2026/ECE_410/ECE410/project/post_m3_Minor_Redesign/tb/tb_top.sv Line: 257

Time: 7585 ns Started: 7575 ns Scope: /tb_top/u_mon File: /run/media/sackb/Windows-SSD/Users/sackb/OneDrive/Desktop/University/Course_Work/2025-2026/Spring_2026/ECE_410/ECE410/project/post_m3_Minor_Redesign/tb/tb_top.sv Line:256
Error: AXI MONITOR: core_C changed while core is idle
Time: 7585 ns  Iteration: 0  Process: /tb_top/u_mon//tb_top/u_mon  Scope: tb_top.u_mon  File: /run/media/sackb/Windows-SSD/Users/sackb/OneDrive/Desktop/University/Course_Work/2025-2026/Spring_2026/ECE_410/ECE410/project/post_m3_Minor_Redesign/tb/tb_top.sv Line: 257

Time: 7595 ns Started: 7585 ns Scope: /tb_top/u_mon File: /run/media/sackb/Windows-SSD/Users/sackb/OneDrive/Desktop/University/Course_Work/2025-2026/Spring_2026/ECE_410/ECE410/project/post_m3_Minor_Redesign/tb/tb_top.sv Line:256
Error: AXI MONITOR: core_C changed while core is idle
Time: 7595 ns  Iteration: 0  Process: /tb_top/u_mon//tb_top/u_mon  Scope: tb_top.u_mon  File: /run/media/sackb/Windows-SSD/Users/sackb/OneDrive/Desktop/University/Course_Work/2025-2026/Spring_2026/ECE_410/ECE410/project/post_m3_Minor_Redesign/tb/tb_top.sv Line: 257

Time: 7605 ns Started: 7595 ns Scope: /tb_top/u_mon File: /run/media/sackb/Windows-SSD/Users/sackb/OneDrive/Desktop/University/Course_Work/2025-2026/Spring_2026/ECE_410/ECE410/project/post_m3_Minor_Redesign/tb/tb_top.sv Line:256
Error: AXI MONITOR: core_C changed while core is idle
Time: 7605 ns  Iteration: 0  Process: /tb_top/u_mon//tb_top/u_mon  Scope: tb_top.u_mon  File: /run/media/sackb/Windows-SSD/Users/sackb/OneDrive/Desktop/University/Course_Work/2025-2026/Spring_2026/ECE_410/ECE410/project/post_m3_Minor_Redesign/tb/tb_top.sv Line: 257

Time: 7615 ns Started: 7605 ns Scope: /tb_top/u_mon File: /run/media/sackb/Windows-SSD/Users/sackb/OneDrive/Desktop/University/Course_Work/2025-2026/Spring_2026/ECE_410/ECE410/project/post_m3_Minor_Redesign/tb/tb_top.sv Line:256
Error: AXI MONITOR: core_C changed while core is idle
Time: 7615 ns  Iteration: 0  Process: /tb_top/u_mon//tb_top/u_mon  Scope: tb_top.u_mon  File: /run/media/sackb/Windows-SSD/Users/sackb/OneDrive/Desktop/University/Course_Work/2025-2026/Spring_2026/ECE_410/ECE410/project/post_m3_Minor_Redesign/tb/tb_top.sv Line: 257

Time: 7625 ns Started: 7615 ns Scope: /tb_top/u_mon File: /run/media/sackb/Windows-SSD/Users/sackb/OneDrive/Desktop/University/Course_Work/2025-2026/Spring_2026/ECE_410/ECE410/project/post_m3_Minor_Redesign/tb/tb_top.sv Line:256
Error: AXI MONITOR: core_C changed while core is idle
Time: 7625 ns  Iteration: 0  Process: /tb_top/u_mon//tb_top/u_mon  Scope: tb_top.u_mon  File: /run/media/sackb/Windows-SSD/Users/sackb/OneDrive/Desktop/University/Course_Work/2025-2026/Spring_2026/ECE_410/ECE410/project/post_m3_Minor_Redesign/tb/tb_top.sv Line: 257

Time: 7635 ns Started: 7625 ns Scope: /tb_top/u_mon File: /run/media/sackb/Windows-SSD/Users/sackb/OneDrive/Desktop/University/Course_Work/2025-2026/Spring_2026/ECE_410/ECE410/project/post_m3_Minor_Redesign/tb/tb_top.sv Line:256
Error: AXI MONITOR: core_C changed while core is idle
Time: 7635 ns  Iteration: 0  Process: /tb_top/u_mon//tb_top/u_mon  Scope: tb_top.u_mon  File: /run/media/sackb/Windows-SSD/Users/sackb/OneDrive/Desktop/University/Course_Work/2025-2026/Spring_2026/ECE_410/ECE410/project/post_m3_Minor_Redesign/tb/tb_top.sv Line: 257

Time: 7645 ns Started: 7635 ns Scope: /tb_top/u_mon File: /run/media/sackb/Windows-SSD/Users/sackb/OneDrive/Desktop/University/Course_Work/2025-2026/Spring_2026/ECE_410/ECE410/project/post_m3_Minor_Redesign/tb/tb_top.sv Line:256
Error: AXI MONITOR: core_C changed while core is idle
Time: 7645 ns  Iteration: 0  Process: /tb_top/u_mon//tb_top/u_mon  Scope: tb_top.u_mon  File: /run/media/sackb/Windows-SSD/Users/sackb/OneDrive/Desktop/University/Course_Work/2025-2026/Spring_2026/ECE_410/ECE410/project/post_m3_Minor_Redesign/tb/tb_top.sv Line: 257

Time: 7655 ns Started: 7645 ns Scope: /tb_top/u_mon File: /run/media/sackb/Windows-SSD/Users/sackb/OneDrive/Desktop/University/Course_Work/2025-2026/Spring_2026/ECE_410/ECE410/project/post_m3_Minor_Redesign/tb/tb_top.sv Line:256
Error: AXI MONITOR: core_C changed while core is idle
Time: 7655 ns  Iteration: 0  Process: /tb_top/u_mon//tb_top/u_mon  Scope: tb_top.u_mon  File: /run/media/sackb/Windows-SSD/Users/sackb/OneDrive/Desktop/University/Course_Work/2025-2026/Spring_2026/ECE_410/ECE410/project/post_m3_Minor_Redesign/tb/tb_top.sv Line: 257

Time: 7665 ns Started: 7655 ns Scope: /tb_top/u_mon File: /run/media/sackb/Windows-SSD/Users/sackb/OneDrive/Desktop/University/Course_Work/2025-2026/Spring_2026/ECE_410/ECE410/project/post_m3_Minor_Redesign/tb/tb_top.sv Line:256
Error: AXI MONITOR: core_C changed while core is idle
Time: 7665 ns  Iteration: 0  Process: /tb_top/u_mon//tb_top/u_mon  Scope: tb_top.u_mon  File: /run/media/sackb/Windows-SSD/Users/sackb/OneDrive/Desktop/University/Course_Work/2025-2026/Spring_2026/ECE_410/ECE410/project/post_m3_Minor_Redesign/tb/tb_top.sv Line: 257
TB_TOP: Iteration 3 complete
TB_TOP: Starting iteration 4

Time: 7675 ns Started: 7665 ns Scope: /tb_top/u_mon File: /run/media/sackb/Windows-SSD/Users/sackb/OneDrive/Desktop/University/Course_Work/2025-2026/Spring_2026/ECE_410/ECE410/project/post_m3_Minor_Redesign/tb/tb_top.sv Line:256
Error: AXI MONITOR: core_C changed while core is idle
Time: 7675 ns  Iteration: 0  Process: /tb_top/u_mon//tb_top/u_mon  Scope: tb_top.u_mon  File: /run/media/sackb/Windows-SSD/Users/sackb/OneDrive/Desktop/University/Course_Work/2025-2026/Spring_2026/ECE_410/ECE410/project/post_m3_Minor_Redesign/tb/tb_top.sv Line: 257

Time: 7685 ns Started: 7675 ns Scope: /tb_top/u_mon File: /run/media/sackb/Windows-SSD/Users/sackb/OneDrive/Desktop/University/Course_Work/2025-2026/Spring_2026/ECE_410/ECE410/project/post_m3_Minor_Redesign/tb/tb_top.sv Line:256
Error: AXI MONITOR: core_C changed while core is idle
Time: 7685 ns  Iteration: 0  Process: /tb_top/u_mon//tb_top/u_mon  Scope: tb_top.u_mon  File: /run/media/sackb/Windows-SSD/Users/sackb/OneDrive/Desktop/University/Course_Work/2025-2026/Spring_2026/ECE_410/ECE410/project/post_m3_Minor_Redesign/tb/tb_top.sv Line: 257

Time: 7695 ns Started: 7685 ns Scope: /tb_top/u_mon File: /run/media/sackb/Windows-SSD/Users/sackb/OneDrive/Desktop/University/Course_Work/2025-2026/Spring_2026/ECE_410/ECE410/project/post_m3_Minor_Redesign/tb/tb_top.sv Line:256
Error: AXI MONITOR: core_C changed while core is idle
Time: 7695 ns  Iteration: 0  Process: /tb_top/u_mon//tb_top/u_mon  Scope: tb_top.u_mon  File: /run/media/sackb/Windows-SSD/Users/sackb/OneDrive/Desktop/University/Course_Work/2025-2026/Spring_2026/ECE_410/ECE410/project/post_m3_Minor_Redesign/tb/tb_top.sv Line: 257

Time: 7705 ns Started: 7695 ns Scope: /tb_top/u_mon File: /run/media/sackb/Windows-SSD/Users/sackb/OneDrive/Desktop/University/Course_Work/2025-2026/Spring_2026/ECE_410/ECE410/project/post_m3_Minor_Redesign/tb/tb_top.sv Line:256
Error: AXI MONITOR: core_C changed while core is idle
Time: 7705 ns  Iteration: 0  Process: /tb_top/u_mon//tb_top/u_mon  Scope: tb_top.u_mon  File: /run/media/sackb/Windows-SSD/Users/sackb/OneDrive/Desktop/University/Course_Work/2025-2026/Spring_2026/ECE_410/ECE410/project/post_m3_Minor_Redesign/tb/tb_top.sv Line: 257

Time: 7715 ns Started: 7705 ns Scope: /tb_top/u_mon File: /run/media/sackb/Windows-SSD/Users/sackb/OneDrive/Desktop/University/Course_Work/2025-2026/Spring_2026/ECE_410/ECE410/project/post_m3_Minor_Redesign/tb/tb_top.sv Line:256
Error: AXI MONITOR: core_C changed while core is idle
Time: 7715 ns  Iteration: 0  Process: /tb_top/u_mon//tb_top/u_mon  Scope: tb_top.u_mon  File: /run/media/sackb/Windows-SSD/Users/sackb/OneDrive/Desktop/University/Course_Work/2025-2026/Spring_2026/ECE_410/ECE410/project/post_m3_Minor_Redesign/tb/tb_top.sv Line: 257

Time: 7725 ns Started: 7715 ns Scope: /tb_top/u_mon File: /run/media/sackb/Windows-SSD/Users/sackb/OneDrive/Desktop/University/Course_Work/2025-2026/Spring_2026/ECE_410/ECE410/project/post_m3_Minor_Redesign/tb/tb_top.sv Line:256
Error: AXI MONITOR: core_C changed while core is idle
Time: 7725 ns  Iteration: 0  Process: /tb_top/u_mon//tb_top/u_mon  Scope: tb_top.u_mon  File: /run/media/sackb/Windows-SSD/Users/sackb/OneDrive/Desktop/University/Course_Work/2025-2026/Spring_2026/ECE_410/ECE410/project/post_m3_Minor_Redesign/tb/tb_top.sv Line: 257

Time: 7735 ns Started: 7725 ns Scope: /tb_top/u_mon File: /run/media/sackb/Windows-SSD/Users/sackb/OneDrive/Desktop/University/Course_Work/2025-2026/Spring_2026/ECE_410/ECE410/project/post_m3_Minor_Redesign/tb/tb_top.sv Line:256
Error: AXI MONITOR: core_C changed while core is idle
Time: 7735 ns  Iteration: 0  Process: /tb_top/u_mon//tb_top/u_mon  Scope: tb_top.u_mon  File: /run/media/sackb/Windows-SSD/Users/sackb/OneDrive/Desktop/University/Course_Work/2025-2026/Spring_2026/ECE_410/ECE410/project/post_m3_Minor_Redesign/tb/tb_top.sv Line: 257

Time: 7745 ns Started: 7735 ns Scope: /tb_top/u_mon File: /run/media/sackb/Windows-SSD/Users/sackb/OneDrive/Desktop/University/Course_Work/2025-2026/Spring_2026/ECE_410/ECE410/project/post_m3_Minor_Redesign/tb/tb_top.sv Line:256
Error: AXI MONITOR: core_C changed while core is idle
Time: 7745 ns  Iteration: 0  Process: /tb_top/u_mon//tb_top/u_mon  Scope: tb_top.u_mon  File: /run/media/sackb/Windows-SSD/Users/sackb/OneDrive/Desktop/University/Course_Work/2025-2026/Spring_2026/ECE_410/ECE410/project/post_m3_Minor_Redesign/tb/tb_top.sv Line: 257

Time: 7755 ns Started: 7745 ns Scope: /tb_top/u_mon File: /run/media/sackb/Windows-SSD/Users/sackb/OneDrive/Desktop/University/Course_Work/2025-2026/Spring_2026/ECE_410/ECE410/project/post_m3_Minor_Redesign/tb/tb_top.sv Line:256
Error: AXI MONITOR: core_C changed while core is idle
Time: 7755 ns  Iteration: 0  Process: /tb_top/u_mon//tb_top/u_mon  Scope: tb_top.u_mon  File: /run/media/sackb/Windows-SSD/Users/sackb/OneDrive/Desktop/University/Course_Work/2025-2026/Spring_2026/ECE_410/ECE410/project/post_m3_Minor_Redesign/tb/tb_top.sv Line: 257

Time: 7765 ns Started: 7755 ns Scope: /tb_top/u_mon File: /run/media/sackb/Windows-SSD/Users/sackb/OneDrive/Desktop/University/Course_Work/2025-2026/Spring_2026/ECE_410/ECE410/project/post_m3_Minor_Redesign/tb/tb_top.sv Line:256
Error: AXI MONITOR: core_C changed while core is idle
Time: 7765 ns  Iteration: 0  Process: /tb_top/u_mon//tb_top/u_mon  Scope: tb_top.u_mon  File: /run/media/sackb/Windows-SSD/Users/sackb/OneDrive/Desktop/University/Course_Work/2025-2026/Spring_2026/ECE_410/ECE410/project/post_m3_Minor_Redesign/tb/tb_top.sv Line: 257

Time: 7775 ns Started: 7765 ns Scope: /tb_top/u_mon File: /run/media/sackb/Windows-SSD/Users/sackb/OneDrive/Desktop/University/Course_Work/2025-2026/Spring_2026/ECE_410/ECE410/project/post_m3_Minor_Redesign/tb/tb_top.sv Line:256
Error: AXI MONITOR: core_C changed while core is idle
Time: 7775 ns  Iteration: 0  Process: /tb_top/u_mon//tb_top/u_mon  Scope: tb_top.u_mon  File: /run/media/sackb/Windows-SSD/Users/sackb/OneDrive/Desktop/University/Course_Work/2025-2026/Spring_2026/ECE_410/ECE410/project/post_m3_Minor_Redesign/tb/tb_top.sv Line: 257

Time: 7785 ns Started: 7775 ns Scope: /tb_top/u_mon File: /run/media/sackb/Windows-SSD/Users/sackb/OneDrive/Desktop/University/Course_Work/2025-2026/Spring_2026/ECE_410/ECE410/project/post_m3_Minor_Redesign/tb/tb_top.sv Line:256
Error: AXI MONITOR: core_C changed while core is idle
Time: 7785 ns  Iteration: 0  Process: /tb_top/u_mon//tb_top/u_mon  Scope: tb_top.u_mon  File: /run/media/sackb/Windows-SSD/Users/sackb/OneDrive/Desktop/University/Course_Work/2025-2026/Spring_2026/ECE_410/ECE410/project/post_m3_Minor_Redesign/tb/tb_top.sv Line: 257

Time: 7795 ns Started: 7785 ns Scope: /tb_top/u_mon File: /run/media/sackb/Windows-SSD/Users/sackb/OneDrive/Desktop/University/Course_Work/2025-2026/Spring_2026/ECE_410/ECE410/project/post_m3_Minor_Redesign/tb/tb_top.sv Line:256
Error: AXI MONITOR: core_C changed while core is idle
Time: 7795 ns  Iteration: 0  Process: /tb_top/u_mon//tb_top/u_mon  Scope: tb_top.u_mon  File: /run/media/sackb/Windows-SSD/Users/sackb/OneDrive/Desktop/University/Course_Work/2025-2026/Spring_2026/ECE_410/ECE410/project/post_m3_Minor_Redesign/tb/tb_top.sv Line: 257

Time: 7805 ns Started: 7795 ns Scope: /tb_top/u_mon File: /run/media/sackb/Windows-SSD/Users/sackb/OneDrive/Desktop/University/Course_Work/2025-2026/Spring_2026/ECE_410/ECE410/project/post_m3_Minor_Redesign/tb/tb_top.sv Line:256
Error: AXI MONITOR: core_C changed while core is idle
Time: 7805 ns  Iteration: 0  Process: /tb_top/u_mon//tb_top/u_mon  Scope: tb_top.u_mon  File: /run/media/sackb/Windows-SSD/Users/sackb/OneDrive/Desktop/University/Course_Work/2025-2026/Spring_2026/ECE_410/ECE410/project/post_m3_Minor_Redesign/tb/tb_top.sv Line: 257

Time: 7815 ns Started: 7805 ns Scope: /tb_top/u_mon File: /run/media/sackb/Windows-SSD/Users/sackb/OneDrive/Desktop/University/Course_Work/2025-2026/Spring_2026/ECE_410/ECE410/project/post_m3_Minor_Redesign/tb/tb_top.sv Line:256
Error: AXI MONITOR: core_C changed while core is idle
Time: 7815 ns  Iteration: 0  Process: /tb_top/u_mon//tb_top/u_mon  Scope: tb_top.u_mon  File: /run/media/sackb/Windows-SSD/Users/sackb/OneDrive/Desktop/University/Course_Work/2025-2026/Spring_2026/ECE_410/ECE410/project/post_m3_Minor_Redesign/tb/tb_top.sv Line: 257

Time: 7825 ns Started: 7815 ns Scope: /tb_top/u_mon File: /run/media/sackb/Windows-SSD/Users/sackb/OneDrive/Desktop/University/Course_Work/2025-2026/Spring_2026/ECE_410/ECE410/project/post_m3_Minor_Redesign/tb/tb_top.sv Line:256
Error: AXI MONITOR: core_C changed while core is idle
Time: 7825 ns  Iteration: 0  Process: /tb_top/u_mon//tb_top/u_mon  Scope: tb_top.u_mon  File: /run/media/sackb/Windows-SSD/Users/sackb/OneDrive/Desktop/University/Course_Work/2025-2026/Spring_2026/ECE_410/ECE410/project/post_m3_Minor_Redesign/tb/tb_top.sv Line: 257

Time: 7835 ns Started: 7825 ns Scope: /tb_top/u_mon File: /run/media/sackb/Windows-SSD/Users/sackb/OneDrive/Desktop/University/Course_Work/2025-2026/Spring_2026/ECE_410/ECE410/project/post_m3_Minor_Redesign/tb/tb_top.sv Line:256
Error: AXI MONITOR: core_C changed while core is idle
Time: 7835 ns  Iteration: 0  Process: /tb_top/u_mon//tb_top/u_mon  Scope: tb_top.u_mon  File: /run/media/sackb/Windows-SSD/Users/sackb/OneDrive/Desktop/University/Course_Work/2025-2026/Spring_2026/ECE_410/ECE410/project/post_m3_Minor_Redesign/tb/tb_top.sv Line: 257

Time: 7845 ns Started: 7835 ns Scope: /tb_top/u_mon File: /run/media/sackb/Windows-SSD/Users/sackb/OneDrive/Desktop/University/Course_Work/2025-2026/Spring_2026/ECE_410/ECE410/project/post_m3_Minor_Redesign/tb/tb_top.sv Line:256
Error: AXI MONITOR: core_C changed while core is idle
Time: 7845 ns  Iteration: 0  Process: /tb_top/u_mon//tb_top/u_mon  Scope: tb_top.u_mon  File: /run/media/sackb/Windows-SSD/Users/sackb/OneDrive/Desktop/University/Course_Work/2025-2026/Spring_2026/ECE_410/ECE410/project/post_m3_Minor_Redesign/tb/tb_top.sv Line: 257

Time: 7855 ns Started: 7845 ns Scope: /tb_top/u_mon File: /run/media/sackb/Windows-SSD/Users/sackb/OneDrive/Desktop/University/Course_Work/2025-2026/Spring_2026/ECE_410/ECE410/project/post_m3_Minor_Redesign/tb/tb_top.sv Line:256
Error: AXI MONITOR: core_C changed while core is idle
Time: 7855 ns  Iteration: 0  Process: /tb_top/u_mon//tb_top/u_mon  Scope: tb_top.u_mon  File: /run/media/sackb/Windows-SSD/Users/sackb/OneDrive/Desktop/University/Course_Work/2025-2026/Spring_2026/ECE_410/ECE410/project/post_m3_Minor_Redesign/tb/tb_top.sv Line: 257

Time: 7865 ns Started: 7855 ns Scope: /tb_top/u_mon File: /run/media/sackb/Windows-SSD/Users/sackb/OneDrive/Desktop/University/Course_Work/2025-2026/Spring_2026/ECE_410/ECE410/project/post_m3_Minor_Redesign/tb/tb_top.sv Line:256
Error: AXI MONITOR: core_C changed while core is idle
Time: 7865 ns  Iteration: 0  Process: /tb_top/u_mon//tb_top/u_mon  Scope: tb_top.u_mon  File: /run/media/sackb/Windows-SSD/Users/sackb/OneDrive/Desktop/University/Course_Work/2025-2026/Spring_2026/ECE_410/ECE410/project/post_m3_Minor_Redesign/tb/tb_top.sv Line: 257

Time: 7875 ns Started: 7865 ns Scope: /tb_top/u_mon File: /run/media/sackb/Windows-SSD/Users/sackb/OneDrive/Desktop/University/Course_Work/2025-2026/Spring_2026/ECE_410/ECE410/project/post_m3_Minor_Redesign/tb/tb_top.sv Line:256
Error: AXI MONITOR: core_C changed while core is idle
Time: 7875 ns  Iteration: 0  Process: /tb_top/u_mon//tb_top/u_mon  Scope: tb_top.u_mon  File: /run/media/sackb/Windows-SSD/Users/sackb/OneDrive/Desktop/University/Course_Work/2025-2026/Spring_2026/ECE_410/ECE410/project/post_m3_Minor_Redesign/tb/tb_top.sv Line: 257

Time: 7885 ns Started: 7875 ns Scope: /tb_top/u_mon File: /run/media/sackb/Windows-SSD/Users/sackb/OneDrive/Desktop/University/Course_Work/2025-2026/Spring_2026/ECE_410/ECE410/project/post_m3_Minor_Redesign/tb/tb_top.sv Line:256
Error: AXI MONITOR: core_C changed while core is idle
Time: 7885 ns  Iteration: 0  Process: /tb_top/u_mon//tb_top/u_mon  Scope: tb_top.u_mon  File: /run/media/sackb/Windows-SSD/Users/sackb/OneDrive/Desktop/University/Course_Work/2025-2026/Spring_2026/ECE_410/ECE410/project/post_m3_Minor_Redesign/tb/tb_top.sv Line: 257

Time: 7895 ns Started: 7885 ns Scope: /tb_top/u_mon File: /run/media/sackb/Windows-SSD/Users/sackb/OneDrive/Desktop/University/Course_Work/2025-2026/Spring_2026/ECE_410/ECE410/project/post_m3_Minor_Redesign/tb/tb_top.sv Line:256
Error: AXI MONITOR: core_C changed while core is idle
Time: 7895 ns  Iteration: 0  Process: /tb_top/u_mon//tb_top/u_mon  Scope: tb_top.u_mon  File: /run/media/sackb/Windows-SSD/Users/sackb/OneDrive/Desktop/University/Course_Work/2025-2026/Spring_2026/ECE_410/ECE410/project/post_m3_Minor_Redesign/tb/tb_top.sv Line: 257

Time: 7905 ns Started: 7895 ns Scope: /tb_top/u_mon File: /run/media/sackb/Windows-SSD/Users/sackb/OneDrive/Desktop/University/Course_Work/2025-2026/Spring_2026/ECE_410/ECE410/project/post_m3_Minor_Redesign/tb/tb_top.sv Line:256
Error: AXI MONITOR: core_C changed while core is idle
Time: 7905 ns  Iteration: 0  Process: /tb_top/u_mon//tb_top/u_mon  Scope: tb_top.u_mon  File: /run/media/sackb/Windows-SSD/Users/sackb/OneDrive/Desktop/University/Course_Work/2025-2026/Spring_2026/ECE_410/ECE410/project/post_m3_Minor_Redesign/tb/tb_top.sv Line: 257

Time: 7915 ns Started: 7905 ns Scope: /tb_top/u_mon File: /run/media/sackb/Windows-SSD/Users/sackb/OneDrive/Desktop/University/Course_Work/2025-2026/Spring_2026/ECE_410/ECE410/project/post_m3_Minor_Redesign/tb/tb_top.sv Line:256
Error: AXI MONITOR: core_C changed while core is idle
Time: 7915 ns  Iteration: 0  Process: /tb_top/u_mon//tb_top/u_mon  Scope: tb_top.u_mon  File: /run/media/sackb/Windows-SSD/Users/sackb/OneDrive/Desktop/University/Course_Work/2025-2026/Spring_2026/ECE_410/ECE410/project/post_m3_Minor_Redesign/tb/tb_top.sv Line: 257

Time: 7925 ns Started: 7915 ns Scope: /tb_top/u_mon File: /run/media/sackb/Windows-SSD/Users/sackb/OneDrive/Desktop/University/Course_Work/2025-2026/Spring_2026/ECE_410/ECE410/project/post_m3_Minor_Redesign/tb/tb_top.sv Line:256
Error: AXI MONITOR: core_C changed while core is idle
Time: 7925 ns  Iteration: 0  Process: /tb_top/u_mon//tb_top/u_mon  Scope: tb_top.u_mon  File: /run/media/sackb/Windows-SSD/Users/sackb/OneDrive/Desktop/University/Course_Work/2025-2026/Spring_2026/ECE_410/ECE410/project/post_m3_Minor_Redesign/tb/tb_top.sv Line: 257

Time: 7935 ns Started: 7925 ns Scope: /tb_top/u_mon File: /run/media/sackb/Windows-SSD/Users/sackb/OneDrive/Desktop/University/Course_Work/2025-2026/Spring_2026/ECE_410/ECE410/project/post_m3_Minor_Redesign/tb/tb_top.sv Line:256
Error: AXI MONITOR: core_C changed while core is idle
Time: 7935 ns  Iteration: 0  Process: /tb_top/u_mon//tb_top/u_mon  Scope: tb_top.u_mon  File: /run/media/sackb/Windows-SSD/Users/sackb/OneDrive/Desktop/University/Course_Work/2025-2026/Spring_2026/ECE_410/ECE410/project/post_m3_Minor_Redesign/tb/tb_top.sv Line: 257

Time: 7945 ns Started: 7935 ns Scope: /tb_top/u_mon File: /run/media/sackb/Windows-SSD/Users/sackb/OneDrive/Desktop/University/Course_Work/2025-2026/Spring_2026/ECE_410/ECE410/project/post_m3_Minor_Redesign/tb/tb_top.sv Line:256
Error: AXI MONITOR: core_C changed while core is idle
Time: 7945 ns  Iteration: 0  Process: /tb_top/u_mon//tb_top/u_mon  Scope: tb_top.u_mon  File: /run/media/sackb/Windows-SSD/Users/sackb/OneDrive/Desktop/University/Course_Work/2025-2026/Spring_2026/ECE_410/ECE410/project/post_m3_Minor_Redesign/tb/tb_top.sv Line: 257

Time: 7955 ns Started: 7945 ns Scope: /tb_top/u_mon File: /run/media/sackb/Windows-SSD/Users/sackb/OneDrive/Desktop/University/Course_Work/2025-2026/Spring_2026/ECE_410/ECE410/project/post_m3_Minor_Redesign/tb/tb_top.sv Line:256
Error: AXI MONITOR: core_C changed while core is idle
Time: 7955 ns  Iteration: 0  Process: /tb_top/u_mon//tb_top/u_mon  Scope: tb_top.u_mon  File: /run/media/sackb/Windows-SSD/Users/sackb/OneDrive/Desktop/University/Course_Work/2025-2026/Spring_2026/ECE_410/ECE410/project/post_m3_Minor_Redesign/tb/tb_top.sv Line: 257

Time: 7965 ns Started: 7955 ns Scope: /tb_top/u_mon File: /run/media/sackb/Windows-SSD/Users/sackb/OneDrive/Desktop/University/Course_Work/2025-2026/Spring_2026/ECE_410/ECE410/project/post_m3_Minor_Redesign/tb/tb_top.sv Line:256
Error: AXI MONITOR: core_C changed while core is idle
Time: 7965 ns  Iteration: 0  Process: /tb_top/u_mon//tb_top/u_mon  Scope: tb_top.u_mon  File: /run/media/sackb/Windows-SSD/Users/sackb/OneDrive/Desktop/University/Course_Work/2025-2026/Spring_2026/ECE_410/ECE410/project/post_m3_Minor_Redesign/tb/tb_top.sv Line: 257

Time: 7975 ns Started: 7965 ns Scope: /tb_top/u_mon File: /run/media/sackb/Windows-SSD/Users/sackb/OneDrive/Desktop/University/Course_Work/2025-2026/Spring_2026/ECE_410/ECE410/project/post_m3_Minor_Redesign/tb/tb_top.sv Line:256
Error: AXI MONITOR: core_C changed while core is idle
Time: 7975 ns  Iteration: 0  Process: /tb_top/u_mon//tb_top/u_mon  Scope: tb_top.u_mon  File: /run/media/sackb/Windows-SSD/Users/sackb/OneDrive/Desktop/University/Course_Work/2025-2026/Spring_2026/ECE_410/ECE410/project/post_m3_Minor_Redesign/tb/tb_top.sv Line: 257

Time: 7985 ns Started: 7975 ns Scope: /tb_top/u_mon File: /run/media/sackb/Windows-SSD/Users/sackb/OneDrive/Desktop/University/Course_Work/2025-2026/Spring_2026/ECE_410/ECE410/project/post_m3_Minor_Redesign/tb/tb_top.sv Line:256
Error: AXI MONITOR: core_C changed while core is idle
Time: 7985 ns  Iteration: 0  Process: /tb_top/u_mon//tb_top/u_mon  Scope: tb_top.u_mon  File: /run/media/sackb/Windows-SSD/Users/sackb/OneDrive/Desktop/University/Course_Work/2025-2026/Spring_2026/ECE_410/ECE410/project/post_m3_Minor_Redesign/tb/tb_top.sv Line: 257

Time: 7995 ns Started: 7985 ns Scope: /tb_top/u_mon File: /run/media/sackb/Windows-SSD/Users/sackb/OneDrive/Desktop/University/Course_Work/2025-2026/Spring_2026/ECE_410/ECE410/project/post_m3_Minor_Redesign/tb/tb_top.sv Line:256
Error: AXI MONITOR: core_C changed while core is idle
Time: 7995 ns  Iteration: 0  Process: /tb_top/u_mon//tb_top/u_mon  Scope: tb_top.u_mon  File: /run/media/sackb/Windows-SSD/Users/sackb/OneDrive/Desktop/University/Course_Work/2025-2026/Spring_2026/ECE_410/ECE410/project/post_m3_Minor_Redesign/tb/tb_top.sv Line: 257

Time: 8005 ns Started: 7995 ns Scope: /tb_top/u_mon File: /run/media/sackb/Windows-SSD/Users/sackb/OneDrive/Desktop/University/Course_Work/2025-2026/Spring_2026/ECE_410/ECE410/project/post_m3_Minor_Redesign/tb/tb_top.sv Line:256
Error: AXI MONITOR: core_C changed while core is idle
Time: 8005 ns  Iteration: 0  Process: /tb_top/u_mon//tb_top/u_mon  Scope: tb_top.u_mon  File: /run/media/sackb/Windows-SSD/Users/sackb/OneDrive/Desktop/University/Course_Work/2025-2026/Spring_2026/ECE_410/ECE410/project/post_m3_Minor_Redesign/tb/tb_top.sv Line: 257

Time: 8015 ns Started: 8005 ns Scope: /tb_top/u_mon File: /run/media/sackb/Windows-SSD/Users/sackb/OneDrive/Desktop/University/Course_Work/2025-2026/Spring_2026/ECE_410/ECE410/project/post_m3_Minor_Redesign/tb/tb_top.sv Line:256
Error: AXI MONITOR: core_C changed while core is idle
Time: 8015 ns  Iteration: 0  Process: /tb_top/u_mon//tb_top/u_mon  Scope: tb_top.u_mon  File: /run/media/sackb/Windows-SSD/Users/sackb/OneDrive/Desktop/University/Course_Work/2025-2026/Spring_2026/ECE_410/ECE410/project/post_m3_Minor_Redesign/tb/tb_top.sv Line: 257

Time: 8025 ns Started: 8015 ns Scope: /tb_top/u_mon File: /run/media/sackb/Windows-SSD/Users/sackb/OneDrive/Desktop/University/Course_Work/2025-2026/Spring_2026/ECE_410/ECE410/project/post_m3_Minor_Redesign/tb/tb_top.sv Line:256
Error: AXI MONITOR: core_C changed while core is idle
Time: 8025 ns  Iteration: 0  Process: /tb_top/u_mon//tb_top/u_mon  Scope: tb_top.u_mon  File: /run/media/sackb/Windows-SSD/Users/sackb/OneDrive/Desktop/University/Course_Work/2025-2026/Spring_2026/ECE_410/ECE410/project/post_m3_Minor_Redesign/tb/tb_top.sv Line: 257

Time: 8035 ns Started: 8025 ns Scope: /tb_top/u_mon File: /run/media/sackb/Windows-SSD/Users/sackb/OneDrive/Desktop/University/Course_Work/2025-2026/Spring_2026/ECE_410/ECE410/project/post_m3_Minor_Redesign/tb/tb_top.sv Line:256
Error: AXI MONITOR: core_C changed while core is idle
Time: 8035 ns  Iteration: 0  Process: /tb_top/u_mon//tb_top/u_mon  Scope: tb_top.u_mon  File: /run/media/sackb/Windows-SSD/Users/sackb/OneDrive/Desktop/University/Course_Work/2025-2026/Spring_2026/ECE_410/ECE410/project/post_m3_Minor_Redesign/tb/tb_top.sv Line: 257

Time: 8045 ns Started: 8035 ns Scope: /tb_top/u_mon File: /run/media/sackb/Windows-SSD/Users/sackb/OneDrive/Desktop/University/Course_Work/2025-2026/Spring_2026/ECE_410/ECE410/project/post_m3_Minor_Redesign/tb/tb_top.sv Line:256
Error: AXI MONITOR: core_C changed while core is idle
Time: 8045 ns  Iteration: 0  Process: /tb_top/u_mon//tb_top/u_mon  Scope: tb_top.u_mon  File: /run/media/sackb/Windows-SSD/Users/sackb/OneDrive/Desktop/University/Course_Work/2025-2026/Spring_2026/ECE_410/ECE410/project/post_m3_Minor_Redesign/tb/tb_top.sv Line: 257

Time: 8055 ns Started: 8045 ns Scope: /tb_top/u_mon File: /run/media/sackb/Windows-SSD/Users/sackb/OneDrive/Desktop/University/Course_Work/2025-2026/Spring_2026/ECE_410/ECE410/project/post_m3_Minor_Redesign/tb/tb_top.sv Line:256
Error: AXI MONITOR: core_C changed while core is idle
Time: 8055 ns  Iteration: 0  Process: /tb_top/u_mon//tb_top/u_mon  Scope: tb_top.u_mon  File: /run/media/sackb/Windows-SSD/Users/sackb/OneDrive/Desktop/University/Course_Work/2025-2026/Spring_2026/ECE_410/ECE410/project/post_m3_Minor_Redesign/tb/tb_top.sv Line: 257

Time: 8065 ns Started: 8055 ns Scope: /tb_top/u_mon File: /run/media/sackb/Windows-SSD/Users/sackb/OneDrive/Desktop/University/Course_Work/2025-2026/Spring_2026/ECE_410/ECE410/project/post_m3_Minor_Redesign/tb/tb_top.sv Line:256
Error: AXI MONITOR: core_C changed while core is idle
Time: 8065 ns  Iteration: 0  Process: /tb_top/u_mon//tb_top/u_mon  Scope: tb_top.u_mon  File: /run/media/sackb/Windows-SSD/Users/sackb/OneDrive/Desktop/University/Course_Work/2025-2026/Spring_2026/ECE_410/ECE410/project/post_m3_Minor_Redesign/tb/tb_top.sv Line: 257

Time: 8075 ns Started: 8065 ns Scope: /tb_top/u_mon File: /run/media/sackb/Windows-SSD/Users/sackb/OneDrive/Desktop/University/Course_Work/2025-2026/Spring_2026/ECE_410/ECE410/project/post_m3_Minor_Redesign/tb/tb_top.sv Line:256
Error: AXI MONITOR: core_C changed while core is idle
Time: 8075 ns  Iteration: 0  Process: /tb_top/u_mon//tb_top/u_mon  Scope: tb_top.u_mon  File: /run/media/sackb/Windows-SSD/Users/sackb/OneDrive/Desktop/University/Course_Work/2025-2026/Spring_2026/ECE_410/ECE410/project/post_m3_Minor_Redesign/tb/tb_top.sv Line: 257

Time: 8085 ns Started: 8075 ns Scope: /tb_top/u_mon File: /run/media/sackb/Windows-SSD/Users/sackb/OneDrive/Desktop/University/Course_Work/2025-2026/Spring_2026/ECE_410/ECE410/project/post_m3_Minor_Redesign/tb/tb_top.sv Line:256
Error: AXI MONITOR: core_C changed while core is idle
Time: 8085 ns  Iteration: 0  Process: /tb_top/u_mon//tb_top/u_mon  Scope: tb_top.u_mon  File: /run/media/sackb/Windows-SSD/Users/sackb/OneDrive/Desktop/University/Course_Work/2025-2026/Spring_2026/ECE_410/ECE410/project/post_m3_Minor_Redesign/tb/tb_top.sv Line: 257

Time: 8095 ns Started: 8085 ns Scope: /tb_top/u_mon File: /run/media/sackb/Windows-SSD/Users/sackb/OneDrive/Desktop/University/Course_Work/2025-2026/Spring_2026/ECE_410/ECE410/project/post_m3_Minor_Redesign/tb/tb_top.sv Line:256
Error: AXI MONITOR: core_C changed while core is idle
Time: 8095 ns  Iteration: 0  Process: /tb_top/u_mon//tb_top/u_mon  Scope: tb_top.u_mon  File: /run/media/sackb/Windows-SSD/Users/sackb/OneDrive/Desktop/University/Course_Work/2025-2026/Spring_2026/ECE_410/ECE410/project/post_m3_Minor_Redesign/tb/tb_top.sv Line: 257

Time: 8105 ns Started: 8095 ns Scope: /tb_top/u_mon File: /run/media/sackb/Windows-SSD/Users/sackb/OneDrive/Desktop/University/Course_Work/2025-2026/Spring_2026/ECE_410/ECE410/project/post_m3_Minor_Redesign/tb/tb_top.sv Line:256
Error: AXI MONITOR: core_C changed while core is idle
Time: 8105 ns  Iteration: 0  Process: /tb_top/u_mon//tb_top/u_mon  Scope: tb_top.u_mon  File: /run/media/sackb/Windows-SSD/Users/sackb/OneDrive/Desktop/University/Course_Work/2025-2026/Spring_2026/ECE_410/ECE410/project/post_m3_Minor_Redesign/tb/tb_top.sv Line: 257

Time: 8115 ns Started: 8105 ns Scope: /tb_top/u_mon File: /run/media/sackb/Windows-SSD/Users/sackb/OneDrive/Desktop/University/Course_Work/2025-2026/Spring_2026/ECE_410/ECE410/project/post_m3_Minor_Redesign/tb/tb_top.sv Line:256
Error: AXI MONITOR: core_C changed while core is idle
Time: 8115 ns  Iteration: 0  Process: /tb_top/u_mon//tb_top/u_mon  Scope: tb_top.u_mon  File: /run/media/sackb/Windows-SSD/Users/sackb/OneDrive/Desktop/University/Course_Work/2025-2026/Spring_2026/ECE_410/ECE410/project/post_m3_Minor_Redesign/tb/tb_top.sv Line: 257

Time: 8125 ns Started: 8115 ns Scope: /tb_top/u_mon File: /run/media/sackb/Windows-SSD/Users/sackb/OneDrive/Desktop/University/Course_Work/2025-2026/Spring_2026/ECE_410/ECE410/project/post_m3_Minor_Redesign/tb/tb_top.sv Line:256
Error: AXI MONITOR: core_C changed while core is idle
Time: 8125 ns  Iteration: 0  Process: /tb_top/u_mon//tb_top/u_mon  Scope: tb_top.u_mon  File: /run/media/sackb/Windows-SSD/Users/sackb/OneDrive/Desktop/University/Course_Work/2025-2026/Spring_2026/ECE_410/ECE410/project/post_m3_Minor_Redesign/tb/tb_top.sv Line: 257

Time: 8135 ns Started: 8125 ns Scope: /tb_top/u_mon File: /run/media/sackb/Windows-SSD/Users/sackb/OneDrive/Desktop/University/Course_Work/2025-2026/Spring_2026/ECE_410/ECE410/project/post_m3_Minor_Redesign/tb/tb_top.sv Line:256
Error: AXI MONITOR: core_C changed while core is idle
Time: 8135 ns  Iteration: 0  Process: /tb_top/u_mon//tb_top/u_mon  Scope: tb_top.u_mon  File: /run/media/sackb/Windows-SSD/Users/sackb/OneDrive/Desktop/University/Course_Work/2025-2026/Spring_2026/ECE_410/ECE410/project/post_m3_Minor_Redesign/tb/tb_top.sv Line: 257

Time: 8145 ns Started: 8135 ns Scope: /tb_top/u_mon File: /run/media/sackb/Windows-SSD/Users/sackb/OneDrive/Desktop/University/Course_Work/2025-2026/Spring_2026/ECE_410/ECE410/project/post_m3_Minor_Redesign/tb/tb_top.sv Line:256
Error: AXI MONITOR: core_C changed while core is idle
Time: 8145 ns  Iteration: 0  Process: /tb_top/u_mon//tb_top/u_mon  Scope: tb_top.u_mon  File: /run/media/sackb/Windows-SSD/Users/sackb/OneDrive/Desktop/University/Course_Work/2025-2026/Spring_2026/ECE_410/ECE410/project/post_m3_Minor_Redesign/tb/tb_top.sv Line: 257

Time: 8155 ns Started: 8145 ns Scope: /tb_top/u_mon File: /run/media/sackb/Windows-SSD/Users/sackb/OneDrive/Desktop/University/Course_Work/2025-2026/Spring_2026/ECE_410/ECE410/project/post_m3_Minor_Redesign/tb/tb_top.sv Line:256
Error: AXI MONITOR: core_C changed while core is idle
Time: 8155 ns  Iteration: 0  Process: /tb_top/u_mon//tb_top/u_mon  Scope: tb_top.u_mon  File: /run/media/sackb/Windows-SSD/Users/sackb/OneDrive/Desktop/University/Course_Work/2025-2026/Spring_2026/ECE_410/ECE410/project/post_m3_Minor_Redesign/tb/tb_top.sv Line: 257

Time: 8165 ns Started: 8155 ns Scope: /tb_top/u_mon File: /run/media/sackb/Windows-SSD/Users/sackb/OneDrive/Desktop/University/Course_Work/2025-2026/Spring_2026/ECE_410/ECE410/project/post_m3_Minor_Redesign/tb/tb_top.sv Line:256
Error: AXI MONITOR: core_C changed while core is idle
Time: 8165 ns  Iteration: 0  Process: /tb_top/u_mon//tb_top/u_mon  Scope: tb_top.u_mon  File: /run/media/sackb/Windows-SSD/Users/sackb/OneDrive/Desktop/University/Course_Work/2025-2026/Spring_2026/ECE_410/ECE410/project/post_m3_Minor_Redesign/tb/tb_top.sv Line: 257

Time: 8175 ns Started: 8165 ns Scope: /tb_top/u_mon File: /run/media/sackb/Windows-SSD/Users/sackb/OneDrive/Desktop/University/Course_Work/2025-2026/Spring_2026/ECE_410/ECE410/project/post_m3_Minor_Redesign/tb/tb_top.sv Line:256
Error: AXI MONITOR: core_C changed while core is idle
Time: 8175 ns  Iteration: 0  Process: /tb_top/u_mon//tb_top/u_mon  Scope: tb_top.u_mon  File: /run/media/sackb/Windows-SSD/Users/sackb/OneDrive/Desktop/University/Course_Work/2025-2026/Spring_2026/ECE_410/ECE410/project/post_m3_Minor_Redesign/tb/tb_top.sv Line: 257

Time: 8185 ns Started: 8175 ns Scope: /tb_top/u_mon File: /run/media/sackb/Windows-SSD/Users/sackb/OneDrive/Desktop/University/Course_Work/2025-2026/Spring_2026/ECE_410/ECE410/project/post_m3_Minor_Redesign/tb/tb_top.sv Line:256
Error: AXI MONITOR: core_C changed while core is idle
Time: 8185 ns  Iteration: 0  Process: /tb_top/u_mon//tb_top/u_mon  Scope: tb_top.u_mon  File: /run/media/sackb/Windows-SSD/Users/sackb/OneDrive/Desktop/University/Course_Work/2025-2026/Spring_2026/ECE_410/ECE410/project/post_m3_Minor_Redesign/tb/tb_top.sv Line: 257

Time: 8195 ns Started: 8185 ns Scope: /tb_top/u_mon File: /run/media/sackb/Windows-SSD/Users/sackb/OneDrive/Desktop/University/Course_Work/2025-2026/Spring_2026/ECE_410/ECE410/project/post_m3_Minor_Redesign/tb/tb_top.sv Line:256
Error: AXI MONITOR: core_C changed while core is idle
Time: 8195 ns  Iteration: 0  Process: /tb_top/u_mon//tb_top/u_mon  Scope: tb_top.u_mon  File: /run/media/sackb/Windows-SSD/Users/sackb/OneDrive/Desktop/University/Course_Work/2025-2026/Spring_2026/ECE_410/ECE410/project/post_m3_Minor_Redesign/tb/tb_top.sv Line: 257

Time: 8205 ns Started: 8195 ns Scope: /tb_top/u_mon File: /run/media/sackb/Windows-SSD/Users/sackb/OneDrive/Desktop/University/Course_Work/2025-2026/Spring_2026/ECE_410/ECE410/project/post_m3_Minor_Redesign/tb/tb_top.sv Line:256
Error: AXI MONITOR: core_C changed while core is idle
Time: 8205 ns  Iteration: 0  Process: /tb_top/u_mon//tb_top/u_mon  Scope: tb_top.u_mon  File: /run/media/sackb/Windows-SSD/Users/sackb/OneDrive/Desktop/University/Course_Work/2025-2026/Spring_2026/ECE_410/ECE410/project/post_m3_Minor_Redesign/tb/tb_top.sv Line: 257

Time: 8215 ns Started: 8205 ns Scope: /tb_top/u_mon File: /run/media/sackb/Windows-SSD/Users/sackb/OneDrive/Desktop/University/Course_Work/2025-2026/Spring_2026/ECE_410/ECE410/project/post_m3_Minor_Redesign/tb/tb_top.sv Line:256
Error: AXI MONITOR: core_C changed while core is idle
Time: 8215 ns  Iteration: 0  Process: /tb_top/u_mon//tb_top/u_mon  Scope: tb_top.u_mon  File: /run/media/sackb/Windows-SSD/Users/sackb/OneDrive/Desktop/University/Course_Work/2025-2026/Spring_2026/ECE_410/ECE410/project/post_m3_Minor_Redesign/tb/tb_top.sv Line: 257

Time: 8225 ns Started: 8215 ns Scope: /tb_top/u_mon File: /run/media/sackb/Windows-SSD/Users/sackb/OneDrive/Desktop/University/Course_Work/2025-2026/Spring_2026/ECE_410/ECE410/project/post_m3_Minor_Redesign/tb/tb_top.sv Line:256
Error: AXI MONITOR: core_C changed while core is idle
Time: 8225 ns  Iteration: 0  Process: /tb_top/u_mon//tb_top/u_mon  Scope: tb_top.u_mon  File: /run/media/sackb/Windows-SSD/Users/sackb/OneDrive/Desktop/University/Course_Work/2025-2026/Spring_2026/ECE_410/ECE410/project/post_m3_Minor_Redesign/tb/tb_top.sv Line: 257

Time: 8235 ns Started: 8225 ns Scope: /tb_top/u_mon File: /run/media/sackb/Windows-SSD/Users/sackb/OneDrive/Desktop/University/Course_Work/2025-2026/Spring_2026/ECE_410/ECE410/project/post_m3_Minor_Redesign/tb/tb_top.sv Line:256
Error: AXI MONITOR: core_C changed while core is idle
Time: 8235 ns  Iteration: 0  Process: /tb_top/u_mon//tb_top/u_mon  Scope: tb_top.u_mon  File: /run/media/sackb/Windows-SSD/Users/sackb/OneDrive/Desktop/University/Course_Work/2025-2026/Spring_2026/ECE_410/ECE410/project/post_m3_Minor_Redesign/tb/tb_top.sv Line: 257

Time: 8245 ns Started: 8235 ns Scope: /tb_top/u_mon File: /run/media/sackb/Windows-SSD/Users/sackb/OneDrive/Desktop/University/Course_Work/2025-2026/Spring_2026/ECE_410/ECE410/project/post_m3_Minor_Redesign/tb/tb_top.sv Line:256
Error: AXI MONITOR: core_C changed while core is idle
Time: 8245 ns  Iteration: 0  Process: /tb_top/u_mon//tb_top/u_mon  Scope: tb_top.u_mon  File: /run/media/sackb/Windows-SSD/Users/sackb/OneDrive/Desktop/University/Course_Work/2025-2026/Spring_2026/ECE_410/ECE410/project/post_m3_Minor_Redesign/tb/tb_top.sv Line: 257

Time: 8255 ns Started: 8245 ns Scope: /tb_top/u_mon File: /run/media/sackb/Windows-SSD/Users/sackb/OneDrive/Desktop/University/Course_Work/2025-2026/Spring_2026/ECE_410/ECE410/project/post_m3_Minor_Redesign/tb/tb_top.sv Line:256
Error: AXI MONITOR: core_C changed while core is idle
Time: 8255 ns  Iteration: 0  Process: /tb_top/u_mon//tb_top/u_mon  Scope: tb_top.u_mon  File: /run/media/sackb/Windows-SSD/Users/sackb/OneDrive/Desktop/University/Course_Work/2025-2026/Spring_2026/ECE_410/ECE410/project/post_m3_Minor_Redesign/tb/tb_top.sv Line: 257

Time: 8265 ns Started: 8255 ns Scope: /tb_top/u_mon File: /run/media/sackb/Windows-SSD/Users/sackb/OneDrive/Desktop/University/Course_Work/2025-2026/Spring_2026/ECE_410/ECE410/project/post_m3_Minor_Redesign/tb/tb_top.sv Line:256
Error: AXI MONITOR: core_C changed while core is idle
Time: 8265 ns  Iteration: 0  Process: /tb_top/u_mon//tb_top/u_mon  Scope: tb_top.u_mon  File: /run/media/sackb/Windows-SSD/Users/sackb/OneDrive/Desktop/University/Course_Work/2025-2026/Spring_2026/ECE_410/ECE410/project/post_m3_Minor_Redesign/tb/tb_top.sv Line: 257

Time: 8275 ns Started: 8265 ns Scope: /tb_top/u_mon File: /run/media/sackb/Windows-SSD/Users/sackb/OneDrive/Desktop/University/Course_Work/2025-2026/Spring_2026/ECE_410/ECE410/project/post_m3_Minor_Redesign/tb/tb_top.sv Line:256
Error: AXI MONITOR: core_C changed while core is idle
Time: 8275 ns  Iteration: 0  Process: /tb_top/u_mon//tb_top/u_mon  Scope: tb_top.u_mon  File: /run/media/sackb/Windows-SSD/Users/sackb/OneDrive/Desktop/University/Course_Work/2025-2026/Spring_2026/ECE_410/ECE410/project/post_m3_Minor_Redesign/tb/tb_top.sv Line: 257

Time: 8285 ns Started: 8275 ns Scope: /tb_top/u_mon File: /run/media/sackb/Windows-SSD/Users/sackb/OneDrive/Desktop/University/Course_Work/2025-2026/Spring_2026/ECE_410/ECE410/project/post_m3_Minor_Redesign/tb/tb_top.sv Line:256
Error: AXI MONITOR: core_C changed while core is idle
Time: 8285 ns  Iteration: 0  Process: /tb_top/u_mon//tb_top/u_mon  Scope: tb_top.u_mon  File: /run/media/sackb/Windows-SSD/Users/sackb/OneDrive/Desktop/University/Course_Work/2025-2026/Spring_2026/ECE_410/ECE410/project/post_m3_Minor_Redesign/tb/tb_top.sv Line: 257

Time: 8295 ns Started: 8285 ns Scope: /tb_top/u_mon File: /run/media/sackb/Windows-SSD/Users/sackb/OneDrive/Desktop/University/Course_Work/2025-2026/Spring_2026/ECE_410/ECE410/project/post_m3_Minor_Redesign/tb/tb_top.sv Line:256
Error: AXI MONITOR: core_C changed while core is idle
Time: 8295 ns  Iteration: 0  Process: /tb_top/u_mon//tb_top/u_mon  Scope: tb_top.u_mon  File: /run/media/sackb/Windows-SSD/Users/sackb/OneDrive/Desktop/University/Course_Work/2025-2026/Spring_2026/ECE_410/ECE410/project/post_m3_Minor_Redesign/tb/tb_top.sv Line: 257

Time: 8305 ns Started: 8295 ns Scope: /tb_top/u_mon File: /run/media/sackb/Windows-SSD/Users/sackb/OneDrive/Desktop/University/Course_Work/2025-2026/Spring_2026/ECE_410/ECE410/project/post_m3_Minor_Redesign/tb/tb_top.sv Line:256
Error: AXI MONITOR: core_C changed while core is idle
Time: 8305 ns  Iteration: 0  Process: /tb_top/u_mon//tb_top/u_mon  Scope: tb_top.u_mon  File: /run/media/sackb/Windows-SSD/Users/sackb/OneDrive/Desktop/University/Course_Work/2025-2026/Spring_2026/ECE_410/ECE410/project/post_m3_Minor_Redesign/tb/tb_top.sv Line: 257

Time: 8315 ns Started: 8305 ns Scope: /tb_top/u_mon File: /run/media/sackb/Windows-SSD/Users/sackb/OneDrive/Desktop/University/Course_Work/2025-2026/Spring_2026/ECE_410/ECE410/project/post_m3_Minor_Redesign/tb/tb_top.sv Line:256
Error: AXI MONITOR: core_C changed while core is idle
Time: 8315 ns  Iteration: 0  Process: /tb_top/u_mon//tb_top/u_mon  Scope: tb_top.u_mon  File: /run/media/sackb/Windows-SSD/Users/sackb/OneDrive/Desktop/University/Course_Work/2025-2026/Spring_2026/ECE_410/ECE410/project/post_m3_Minor_Redesign/tb/tb_top.sv Line: 257

Time: 8325 ns Started: 8315 ns Scope: /tb_top/u_mon File: /run/media/sackb/Windows-SSD/Users/sackb/OneDrive/Desktop/University/Course_Work/2025-2026/Spring_2026/ECE_410/ECE410/project/post_m3_Minor_Redesign/tb/tb_top.sv Line:256
Error: AXI MONITOR: core_C changed while core is idle
Time: 8325 ns  Iteration: 0  Process: /tb_top/u_mon//tb_top/u_mon  Scope: tb_top.u_mon  File: /run/media/sackb/Windows-SSD/Users/sackb/OneDrive/Desktop/University/Course_Work/2025-2026/Spring_2026/ECE_410/ECE410/project/post_m3_Minor_Redesign/tb/tb_top.sv Line: 257

Time: 8335 ns Started: 8325 ns Scope: /tb_top/u_mon File: /run/media/sackb/Windows-SSD/Users/sackb/OneDrive/Desktop/University/Course_Work/2025-2026/Spring_2026/ECE_410/ECE410/project/post_m3_Minor_Redesign/tb/tb_top.sv Line:256
Error: AXI MONITOR: core_C changed while core is idle
Time: 8335 ns  Iteration: 0  Process: /tb_top/u_mon//tb_top/u_mon  Scope: tb_top.u_mon  File: /run/media/sackb/Windows-SSD/Users/sackb/OneDrive/Desktop/University/Course_Work/2025-2026/Spring_2026/ECE_410/ECE410/project/post_m3_Minor_Redesign/tb/tb_top.sv Line: 257

Time: 8345 ns Started: 8335 ns Scope: /tb_top/u_mon File: /run/media/sackb/Windows-SSD/Users/sackb/OneDrive/Desktop/University/Course_Work/2025-2026/Spring_2026/ECE_410/ECE410/project/post_m3_Minor_Redesign/tb/tb_top.sv Line:256
Error: AXI MONITOR: core_C changed while core is idle
Time: 8345 ns  Iteration: 0  Process: /tb_top/u_mon//tb_top/u_mon  Scope: tb_top.u_mon  File: /run/media/sackb/Windows-SSD/Users/sackb/OneDrive/Desktop/University/Course_Work/2025-2026/Spring_2026/ECE_410/ECE410/project/post_m3_Minor_Redesign/tb/tb_top.sv Line: 257

Time: 8355 ns Started: 8345 ns Scope: /tb_top/u_mon File: /run/media/sackb/Windows-SSD/Users/sackb/OneDrive/Desktop/University/Course_Work/2025-2026/Spring_2026/ECE_410/ECE410/project/post_m3_Minor_Redesign/tb/tb_top.sv Line:256
Error: AXI MONITOR: core_C changed while core is idle
Time: 8355 ns  Iteration: 0  Process: /tb_top/u_mon//tb_top/u_mon  Scope: tb_top.u_mon  File: /run/media/sackb/Windows-SSD/Users/sackb/OneDrive/Desktop/University/Course_Work/2025-2026/Spring_2026/ECE_410/ECE410/project/post_m3_Minor_Redesign/tb/tb_top.sv Line: 257

Time: 8365 ns Started: 8355 ns Scope: /tb_top/u_mon File: /run/media/sackb/Windows-SSD/Users/sackb/OneDrive/Desktop/University/Course_Work/2025-2026/Spring_2026/ECE_410/ECE410/project/post_m3_Minor_Redesign/tb/tb_top.sv Line:256
Error: AXI MONITOR: core_C changed while core is idle
Time: 8365 ns  Iteration: 0  Process: /tb_top/u_mon//tb_top/u_mon  Scope: tb_top.u_mon  File: /run/media/sackb/Windows-SSD/Users/sackb/OneDrive/Desktop/University/Course_Work/2025-2026/Spring_2026/ECE_410/ECE410/project/post_m3_Minor_Redesign/tb/tb_top.sv Line: 257

Time: 8375 ns Started: 8365 ns Scope: /tb_top/u_mon File: /run/media/sackb/Windows-SSD/Users/sackb/OneDrive/Desktop/University/Course_Work/2025-2026/Spring_2026/ECE_410/ECE410/project/post_m3_Minor_Redesign/tb/tb_top.sv Line:256
Error: AXI MONITOR: core_C changed while core is idle
Time: 8375 ns  Iteration: 0  Process: /tb_top/u_mon//tb_top/u_mon  Scope: tb_top.u_mon  File: /run/media/sackb/Windows-SSD/Users/sackb/OneDrive/Desktop/University/Course_Work/2025-2026/Spring_2026/ECE_410/ECE410/project/post_m3_Minor_Redesign/tb/tb_top.sv Line: 257

Time: 8385 ns Started: 8375 ns Scope: /tb_top/u_mon File: /run/media/sackb/Windows-SSD/Users/sackb/OneDrive/Desktop/University/Course_Work/2025-2026/Spring_2026/ECE_410/ECE410/project/post_m3_Minor_Redesign/tb/tb_top.sv Line:256
Error: AXI MONITOR: core_C changed while core is idle
Time: 8385 ns  Iteration: 0  Process: /tb_top/u_mon//tb_top/u_mon  Scope: tb_top.u_mon  File: /run/media/sackb/Windows-SSD/Users/sackb/OneDrive/Desktop/University/Course_Work/2025-2026/Spring_2026/ECE_410/ECE410/project/post_m3_Minor_Redesign/tb/tb_top.sv Line: 257

Time: 8395 ns Started: 8385 ns Scope: /tb_top/u_mon File: /run/media/sackb/Windows-SSD/Users/sackb/OneDrive/Desktop/University/Course_Work/2025-2026/Spring_2026/ECE_410/ECE410/project/post_m3_Minor_Redesign/tb/tb_top.sv Line:256
Error: AXI MONITOR: core_C changed while core is idle
Time: 8395 ns  Iteration: 0  Process: /tb_top/u_mon//tb_top/u_mon  Scope: tb_top.u_mon  File: /run/media/sackb/Windows-SSD/Users/sackb/OneDrive/Desktop/University/Course_Work/2025-2026/Spring_2026/ECE_410/ECE410/project/post_m3_Minor_Redesign/tb/tb_top.sv Line: 257

Time: 8405 ns Started: 8395 ns Scope: /tb_top/u_mon File: /run/media/sackb/Windows-SSD/Users/sackb/OneDrive/Desktop/University/Course_Work/2025-2026/Spring_2026/ECE_410/ECE410/project/post_m3_Minor_Redesign/tb/tb_top.sv Line:256
Error: AXI MONITOR: core_C changed while core is idle
Time: 8405 ns  Iteration: 0  Process: /tb_top/u_mon//tb_top/u_mon  Scope: tb_top.u_mon  File: /run/media/sackb/Windows-SSD/Users/sackb/OneDrive/Desktop/University/Course_Work/2025-2026/Spring_2026/ECE_410/ECE410/project/post_m3_Minor_Redesign/tb/tb_top.sv Line: 257

Time: 8415 ns Started: 8405 ns Scope: /tb_top/u_mon File: /run/media/sackb/Windows-SSD/Users/sackb/OneDrive/Desktop/University/Course_Work/2025-2026/Spring_2026/ECE_410/ECE410/project/post_m3_Minor_Redesign/tb/tb_top.sv Line:256
Error: AXI MONITOR: core_C changed while core is idle
Time: 8415 ns  Iteration: 0  Process: /tb_top/u_mon//tb_top/u_mon  Scope: tb_top.u_mon  File: /run/media/sackb/Windows-SSD/Users/sackb/OneDrive/Desktop/University/Course_Work/2025-2026/Spring_2026/ECE_410/ECE410/project/post_m3_Minor_Redesign/tb/tb_top.sv Line: 257

Time: 8425 ns Started: 8415 ns Scope: /tb_top/u_mon File: /run/media/sackb/Windows-SSD/Users/sackb/OneDrive/Desktop/University/Course_Work/2025-2026/Spring_2026/ECE_410/ECE410/project/post_m3_Minor_Redesign/tb/tb_top.sv Line:256
Error: AXI MONITOR: core_C changed while core is idle
Time: 8425 ns  Iteration: 0  Process: /tb_top/u_mon//tb_top/u_mon  Scope: tb_top.u_mon  File: /run/media/sackb/Windows-SSD/Users/sackb/OneDrive/Desktop/University/Course_Work/2025-2026/Spring_2026/ECE_410/ECE410/project/post_m3_Minor_Redesign/tb/tb_top.sv Line: 257

Time: 8435 ns Started: 8425 ns Scope: /tb_top/u_mon File: /run/media/sackb/Windows-SSD/Users/sackb/OneDrive/Desktop/University/Course_Work/2025-2026/Spring_2026/ECE_410/ECE410/project/post_m3_Minor_Redesign/tb/tb_top.sv Line:256
Error: AXI MONITOR: core_C changed while core is idle
Time: 8435 ns  Iteration: 0  Process: /tb_top/u_mon//tb_top/u_mon  Scope: tb_top.u_mon  File: /run/media/sackb/Windows-SSD/Users/sackb/OneDrive/Desktop/University/Course_Work/2025-2026/Spring_2026/ECE_410/ECE410/project/post_m3_Minor_Redesign/tb/tb_top.sv Line: 257

Time: 8445 ns Started: 8435 ns Scope: /tb_top/u_mon File: /run/media/sackb/Windows-SSD/Users/sackb/OneDrive/Desktop/University/Course_Work/2025-2026/Spring_2026/ECE_410/ECE410/project/post_m3_Minor_Redesign/tb/tb_top.sv Line:256
Error: AXI MONITOR: core_C changed while core is idle
Time: 8445 ns  Iteration: 0  Process: /tb_top/u_mon//tb_top/u_mon  Scope: tb_top.u_mon  File: /run/media/sackb/Windows-SSD/Users/sackb/OneDrive/Desktop/University/Course_Work/2025-2026/Spring_2026/ECE_410/ECE410/project/post_m3_Minor_Redesign/tb/tb_top.sv Line: 257

Time: 9185 ns Started: 9175 ns Scope: /tb_top/u_mon File: /run/media/sackb/Windows-SSD/Users/sackb/OneDrive/Desktop/University/Course_Work/2025-2026/Spring_2026/ECE_410/ECE410/project/post_m3_Minor_Redesign/tb/tb_top.sv Line:256
Error: AXI MONITOR: core_C changed while core is idle
Time: 9185 ns  Iteration: 0  Process: /tb_top/u_mon//tb_top/u_mon  Scope: tb_top.u_mon  File: /run/media/sackb/Windows-SSD/Users/sackb/OneDrive/Desktop/University/Course_Work/2025-2026/Spring_2026/ECE_410/ECE410/project/post_m3_Minor_Redesign/tb/tb_top.sv Line: 257

Time: 9195 ns Started: 9185 ns Scope: /tb_top/u_mon File: /run/media/sackb/Windows-SSD/Users/sackb/OneDrive/Desktop/University/Course_Work/2025-2026/Spring_2026/ECE_410/ECE410/project/post_m3_Minor_Redesign/tb/tb_top.sv Line:256
Error: AXI MONITOR: core_C changed while core is idle
Time: 9195 ns  Iteration: 0  Process: /tb_top/u_mon//tb_top/u_mon  Scope: tb_top.u_mon  File: /run/media/sackb/Windows-SSD/Users/sackb/OneDrive/Desktop/University/Course_Work/2025-2026/Spring_2026/ECE_410/ECE410/project/post_m3_Minor_Redesign/tb/tb_top.sv Line: 257

Time: 9205 ns Started: 9195 ns Scope: /tb_top/u_mon File: /run/media/sackb/Windows-SSD/Users/sackb/OneDrive/Desktop/University/Course_Work/2025-2026/Spring_2026/ECE_410/ECE410/project/post_m3_Minor_Redesign/tb/tb_top.sv Line:256
Error: AXI MONITOR: core_C changed while core is idle
Time: 9205 ns  Iteration: 0  Process: /tb_top/u_mon//tb_top/u_mon  Scope: tb_top.u_mon  File: /run/media/sackb/Windows-SSD/Users/sackb/OneDrive/Desktop/University/Course_Work/2025-2026/Spring_2026/ECE_410/ECE410/project/post_m3_Minor_Redesign/tb/tb_top.sv Line: 257

Time: 9215 ns Started: 9205 ns Scope: /tb_top/u_mon File: /run/media/sackb/Windows-SSD/Users/sackb/OneDrive/Desktop/University/Course_Work/2025-2026/Spring_2026/ECE_410/ECE410/project/post_m3_Minor_Redesign/tb/tb_top.sv Line:256
Error: AXI MONITOR: core_C changed while core is idle
Time: 9215 ns  Iteration: 0  Process: /tb_top/u_mon//tb_top/u_mon  Scope: tb_top.u_mon  File: /run/media/sackb/Windows-SSD/Users/sackb/OneDrive/Desktop/University/Course_Work/2025-2026/Spring_2026/ECE_410/ECE410/project/post_m3_Minor_Redesign/tb/tb_top.sv Line: 257

Time: 9225 ns Started: 9215 ns Scope: /tb_top/u_mon File: /run/media/sackb/Windows-SSD/Users/sackb/OneDrive/Desktop/University/Course_Work/2025-2026/Spring_2026/ECE_410/ECE410/project/post_m3_Minor_Redesign/tb/tb_top.sv Line:256
Error: AXI MONITOR: core_C changed while core is idle
Time: 9225 ns  Iteration: 0  Process: /tb_top/u_mon//tb_top/u_mon  Scope: tb_top.u_mon  File: /run/media/sackb/Windows-SSD/Users/sackb/OneDrive/Desktop/University/Course_Work/2025-2026/Spring_2026/ECE_410/ECE410/project/post_m3_Minor_Redesign/tb/tb_top.sv Line: 257

Time: 9235 ns Started: 9225 ns Scope: /tb_top/u_mon File: /run/media/sackb/Windows-SSD/Users/sackb/OneDrive/Desktop/University/Course_Work/2025-2026/Spring_2026/ECE_410/ECE410/project/post_m3_Minor_Redesign/tb/tb_top.sv Line:256
Error: AXI MONITOR: core_C changed while core is idle
Time: 9235 ns  Iteration: 0  Process: /tb_top/u_mon//tb_top/u_mon  Scope: tb_top.u_mon  File: /run/media/sackb/Windows-SSD/Users/sackb/OneDrive/Desktop/University/Course_Work/2025-2026/Spring_2026/ECE_410/ECE410/project/post_m3_Minor_Redesign/tb/tb_top.sv Line: 257

Time: 9245 ns Started: 9235 ns Scope: /tb_top/u_mon File: /run/media/sackb/Windows-SSD/Users/sackb/OneDrive/Desktop/University/Course_Work/2025-2026/Spring_2026/ECE_410/ECE410/project/post_m3_Minor_Redesign/tb/tb_top.sv Line:256
Error: AXI MONITOR: core_C changed while core is idle
Time: 9245 ns  Iteration: 0  Process: /tb_top/u_mon//tb_top/u_mon  Scope: tb_top.u_mon  File: /run/media/sackb/Windows-SSD/Users/sackb/OneDrive/Desktop/University/Course_Work/2025-2026/Spring_2026/ECE_410/ECE410/project/post_m3_Minor_Redesign/tb/tb_top.sv Line: 257

Time: 9255 ns Started: 9245 ns Scope: /tb_top/u_mon File: /run/media/sackb/Windows-SSD/Users/sackb/OneDrive/Desktop/University/Course_Work/2025-2026/Spring_2026/ECE_410/ECE410/project/post_m3_Minor_Redesign/tb/tb_top.sv Line:256
Error: AXI MONITOR: core_C changed while core is idle
Time: 9255 ns  Iteration: 0  Process: /tb_top/u_mon//tb_top/u_mon  Scope: tb_top.u_mon  File: /run/media/sackb/Windows-SSD/Users/sackb/OneDrive/Desktop/University/Course_Work/2025-2026/Spring_2026/ECE_410/ECE410/project/post_m3_Minor_Redesign/tb/tb_top.sv Line: 257

Time: 9265 ns Started: 9255 ns Scope: /tb_top/u_mon File: /run/media/sackb/Windows-SSD/Users/sackb/OneDrive/Desktop/University/Course_Work/2025-2026/Spring_2026/ECE_410/ECE410/project/post_m3_Minor_Redesign/tb/tb_top.sv Line:256
Error: AXI MONITOR: core_C changed while core is idle
Time: 9265 ns  Iteration: 0  Process: /tb_top/u_mon//tb_top/u_mon  Scope: tb_top.u_mon  File: /run/media/sackb/Windows-SSD/Users/sackb/OneDrive/Desktop/University/Course_Work/2025-2026/Spring_2026/ECE_410/ECE410/project/post_m3_Minor_Redesign/tb/tb_top.sv Line: 257

Time: 9275 ns Started: 9265 ns Scope: /tb_top/u_mon File: /run/media/sackb/Windows-SSD/Users/sackb/OneDrive/Desktop/University/Course_Work/2025-2026/Spring_2026/ECE_410/ECE410/project/post_m3_Minor_Redesign/tb/tb_top.sv Line:256
Error: AXI MONITOR: core_C changed while core is idle
Time: 9275 ns  Iteration: 0  Process: /tb_top/u_mon//tb_top/u_mon  Scope: tb_top.u_mon  File: /run/media/sackb/Windows-SSD/Users/sackb/OneDrive/Desktop/University/Course_Work/2025-2026/Spring_2026/ECE_410/ECE410/project/post_m3_Minor_Redesign/tb/tb_top.sv Line: 257

Time: 9285 ns Started: 9275 ns Scope: /tb_top/u_mon File: /run/media/sackb/Windows-SSD/Users/sackb/OneDrive/Desktop/University/Course_Work/2025-2026/Spring_2026/ECE_410/ECE410/project/post_m3_Minor_Redesign/tb/tb_top.sv Line:256
Error: AXI MONITOR: core_C changed while core is idle
Time: 9285 ns  Iteration: 0  Process: /tb_top/u_mon//tb_top/u_mon  Scope: tb_top.u_mon  File: /run/media/sackb/Windows-SSD/Users/sackb/OneDrive/Desktop/University/Course_Work/2025-2026/Spring_2026/ECE_410/ECE410/project/post_m3_Minor_Redesign/tb/tb_top.sv Line: 257

Time: 9295 ns Started: 9285 ns Scope: /tb_top/u_mon File: /run/media/sackb/Windows-SSD/Users/sackb/OneDrive/Desktop/University/Course_Work/2025-2026/Spring_2026/ECE_410/ECE410/project/post_m3_Minor_Redesign/tb/tb_top.sv Line:256
Error: AXI MONITOR: core_C changed while core is idle
Time: 9295 ns  Iteration: 0  Process: /tb_top/u_mon//tb_top/u_mon  Scope: tb_top.u_mon  File: /run/media/sackb/Windows-SSD/Users/sackb/OneDrive/Desktop/University/Course_Work/2025-2026/Spring_2026/ECE_410/ECE410/project/post_m3_Minor_Redesign/tb/tb_top.sv Line: 257

Time: 9305 ns Started: 9295 ns Scope: /tb_top/u_mon File: /run/media/sackb/Windows-SSD/Users/sackb/OneDrive/Desktop/University/Course_Work/2025-2026/Spring_2026/ECE_410/ECE410/project/post_m3_Minor_Redesign/tb/tb_top.sv Line:256
Error: AXI MONITOR: core_C changed while core is idle
Time: 9305 ns  Iteration: 0  Process: /tb_top/u_mon//tb_top/u_mon  Scope: tb_top.u_mon  File: /run/media/sackb/Windows-SSD/Users/sackb/OneDrive/Desktop/University/Course_Work/2025-2026/Spring_2026/ECE_410/ECE410/project/post_m3_Minor_Redesign/tb/tb_top.sv Line: 257

Time: 9315 ns Started: 9305 ns Scope: /tb_top/u_mon File: /run/media/sackb/Windows-SSD/Users/sackb/OneDrive/Desktop/University/Course_Work/2025-2026/Spring_2026/ECE_410/ECE410/project/post_m3_Minor_Redesign/tb/tb_top.sv Line:256
Error: AXI MONITOR: core_C changed while core is idle
Time: 9315 ns  Iteration: 0  Process: /tb_top/u_mon//tb_top/u_mon  Scope: tb_top.u_mon  File: /run/media/sackb/Windows-SSD/Users/sackb/OneDrive/Desktop/University/Course_Work/2025-2026/Spring_2026/ECE_410/ECE410/project/post_m3_Minor_Redesign/tb/tb_top.sv Line: 257

Time: 9325 ns Started: 9315 ns Scope: /tb_top/u_mon File: /run/media/sackb/Windows-SSD/Users/sackb/OneDrive/Desktop/University/Course_Work/2025-2026/Spring_2026/ECE_410/ECE410/project/post_m3_Minor_Redesign/tb/tb_top.sv Line:256
Error: AXI MONITOR: core_C changed while core is idle
Time: 9325 ns  Iteration: 0  Process: /tb_top/u_mon//tb_top/u_mon  Scope: tb_top.u_mon  File: /run/media/sackb/Windows-SSD/Users/sackb/OneDrive/Desktop/University/Course_Work/2025-2026/Spring_2026/ECE_410/ECE410/project/post_m3_Minor_Redesign/tb/tb_top.sv Line: 257

Time: 9335 ns Started: 9325 ns Scope: /tb_top/u_mon File: /run/media/sackb/Windows-SSD/Users/sackb/OneDrive/Desktop/University/Course_Work/2025-2026/Spring_2026/ECE_410/ECE410/project/post_m3_Minor_Redesign/tb/tb_top.sv Line:256
Error: AXI MONITOR: core_C changed while core is idle
Time: 9335 ns  Iteration: 0  Process: /tb_top/u_mon//tb_top/u_mon  Scope: tb_top.u_mon  File: /run/media/sackb/Windows-SSD/Users/sackb/OneDrive/Desktop/University/Course_Work/2025-2026/Spring_2026/ECE_410/ECE410/project/post_m3_Minor_Redesign/tb/tb_top.sv Line: 257

Time: 9345 ns Started: 9335 ns Scope: /tb_top/u_mon File: /run/media/sackb/Windows-SSD/Users/sackb/OneDrive/Desktop/University/Course_Work/2025-2026/Spring_2026/ECE_410/ECE410/project/post_m3_Minor_Redesign/tb/tb_top.sv Line:256
Error: AXI MONITOR: core_C changed while core is idle
Time: 9345 ns  Iteration: 0  Process: /tb_top/u_mon//tb_top/u_mon  Scope: tb_top.u_mon  File: /run/media/sackb/Windows-SSD/Users/sackb/OneDrive/Desktop/University/Course_Work/2025-2026/Spring_2026/ECE_410/ECE410/project/post_m3_Minor_Redesign/tb/tb_top.sv Line: 257

Time: 9355 ns Started: 9345 ns Scope: /tb_top/u_mon File: /run/media/sackb/Windows-SSD/Users/sackb/OneDrive/Desktop/University/Course_Work/2025-2026/Spring_2026/ECE_410/ECE410/project/post_m3_Minor_Redesign/tb/tb_top.sv Line:256
Error: AXI MONITOR: core_C changed while core is idle
Time: 9355 ns  Iteration: 0  Process: /tb_top/u_mon//tb_top/u_mon  Scope: tb_top.u_mon  File: /run/media/sackb/Windows-SSD/Users/sackb/OneDrive/Desktop/University/Course_Work/2025-2026/Spring_2026/ECE_410/ECE410/project/post_m3_Minor_Redesign/tb/tb_top.sv Line: 257

Time: 9365 ns Started: 9355 ns Scope: /tb_top/u_mon File: /run/media/sackb/Windows-SSD/Users/sackb/OneDrive/Desktop/University/Course_Work/2025-2026/Spring_2026/ECE_410/ECE410/project/post_m3_Minor_Redesign/tb/tb_top.sv Line:256
Error: AXI MONITOR: core_C changed while core is idle
Time: 9365 ns  Iteration: 0  Process: /tb_top/u_mon//tb_top/u_mon  Scope: tb_top.u_mon  File: /run/media/sackb/Windows-SSD/Users/sackb/OneDrive/Desktop/University/Course_Work/2025-2026/Spring_2026/ECE_410/ECE410/project/post_m3_Minor_Redesign/tb/tb_top.sv Line: 257

Time: 9375 ns Started: 9365 ns Scope: /tb_top/u_mon File: /run/media/sackb/Windows-SSD/Users/sackb/OneDrive/Desktop/University/Course_Work/2025-2026/Spring_2026/ECE_410/ECE410/project/post_m3_Minor_Redesign/tb/tb_top.sv Line:256
Error: AXI MONITOR: core_C changed while core is idle
Time: 9375 ns  Iteration: 0  Process: /tb_top/u_mon//tb_top/u_mon  Scope: tb_top.u_mon  File: /run/media/sackb/Windows-SSD/Users/sackb/OneDrive/Desktop/University/Course_Work/2025-2026/Spring_2026/ECE_410/ECE410/project/post_m3_Minor_Redesign/tb/tb_top.sv Line: 257

Time: 9385 ns Started: 9375 ns Scope: /tb_top/u_mon File: /run/media/sackb/Windows-SSD/Users/sackb/OneDrive/Desktop/University/Course_Work/2025-2026/Spring_2026/ECE_410/ECE410/project/post_m3_Minor_Redesign/tb/tb_top.sv Line:256
Error: AXI MONITOR: core_C changed while core is idle
Time: 9385 ns  Iteration: 0  Process: /tb_top/u_mon//tb_top/u_mon  Scope: tb_top.u_mon  File: /run/media/sackb/Windows-SSD/Users/sackb/OneDrive/Desktop/University/Course_Work/2025-2026/Spring_2026/ECE_410/ECE410/project/post_m3_Minor_Redesign/tb/tb_top.sv Line: 257

Time: 9395 ns Started: 9385 ns Scope: /tb_top/u_mon File: /run/media/sackb/Windows-SSD/Users/sackb/OneDrive/Desktop/University/Course_Work/2025-2026/Spring_2026/ECE_410/ECE410/project/post_m3_Minor_Redesign/tb/tb_top.sv Line:256
Error: AXI MONITOR: core_C changed while core is idle
Time: 9395 ns  Iteration: 0  Process: /tb_top/u_mon//tb_top/u_mon  Scope: tb_top.u_mon  File: /run/media/sackb/Windows-SSD/Users/sackb/OneDrive/Desktop/University/Course_Work/2025-2026/Spring_2026/ECE_410/ECE410/project/post_m3_Minor_Redesign/tb/tb_top.sv Line: 257

Time: 9405 ns Started: 9395 ns Scope: /tb_top/u_mon File: /run/media/sackb/Windows-SSD/Users/sackb/OneDrive/Desktop/University/Course_Work/2025-2026/Spring_2026/ECE_410/ECE410/project/post_m3_Minor_Redesign/tb/tb_top.sv Line:256
Error: AXI MONITOR: core_C changed while core is idle
Time: 9405 ns  Iteration: 0  Process: /tb_top/u_mon//tb_top/u_mon  Scope: tb_top.u_mon  File: /run/media/sackb/Windows-SSD/Users/sackb/OneDrive/Desktop/University/Course_Work/2025-2026/Spring_2026/ECE_410/ECE410/project/post_m3_Minor_Redesign/tb/tb_top.sv Line: 257

Time: 9415 ns Started: 9405 ns Scope: /tb_top/u_mon File: /run/media/sackb/Windows-SSD/Users/sackb/OneDrive/Desktop/University/Course_Work/2025-2026/Spring_2026/ECE_410/ECE410/project/post_m3_Minor_Redesign/tb/tb_top.sv Line:256
Error: AXI MONITOR: core_C changed while core is idle
Time: 9415 ns  Iteration: 0  Process: /tb_top/u_mon//tb_top/u_mon  Scope: tb_top.u_mon  File: /run/media/sackb/Windows-SSD/Users/sackb/OneDrive/Desktop/University/Course_Work/2025-2026/Spring_2026/ECE_410/ECE410/project/post_m3_Minor_Redesign/tb/tb_top.sv Line: 257

Time: 9425 ns Started: 9415 ns Scope: /tb_top/u_mon File: /run/media/sackb/Windows-SSD/Users/sackb/OneDrive/Desktop/University/Course_Work/2025-2026/Spring_2026/ECE_410/ECE410/project/post_m3_Minor_Redesign/tb/tb_top.sv Line:256
Error: AXI MONITOR: core_C changed while core is idle
Time: 9425 ns  Iteration: 0  Process: /tb_top/u_mon//tb_top/u_mon  Scope: tb_top.u_mon  File: /run/media/sackb/Windows-SSD/Users/sackb/OneDrive/Desktop/University/Course_Work/2025-2026/Spring_2026/ECE_410/ECE410/project/post_m3_Minor_Redesign/tb/tb_top.sv Line: 257

Time: 9435 ns Started: 9425 ns Scope: /tb_top/u_mon File: /run/media/sackb/Windows-SSD/Users/sackb/OneDrive/Desktop/University/Course_Work/2025-2026/Spring_2026/ECE_410/ECE410/project/post_m3_Minor_Redesign/tb/tb_top.sv Line:256
Error: AXI MONITOR: core_C changed while core is idle
Time: 9435 ns  Iteration: 0  Process: /tb_top/u_mon//tb_top/u_mon  Scope: tb_top.u_mon  File: /run/media/sackb/Windows-SSD/Users/sackb/OneDrive/Desktop/University/Course_Work/2025-2026/Spring_2026/ECE_410/ECE410/project/post_m3_Minor_Redesign/tb/tb_top.sv Line: 257

Time: 9445 ns Started: 9435 ns Scope: /tb_top/u_mon File: /run/media/sackb/Windows-SSD/Users/sackb/OneDrive/Desktop/University/Course_Work/2025-2026/Spring_2026/ECE_410/ECE410/project/post_m3_Minor_Redesign/tb/tb_top.sv Line:256
Error: AXI MONITOR: core_C changed while core is idle
Time: 9445 ns  Iteration: 0  Process: /tb_top/u_mon//tb_top/u_mon  Scope: tb_top.u_mon  File: /run/media/sackb/Windows-SSD/Users/sackb/OneDrive/Desktop/University/Course_Work/2025-2026/Spring_2026/ECE_410/ECE410/project/post_m3_Minor_Redesign/tb/tb_top.sv Line: 257

Time: 9455 ns Started: 9445 ns Scope: /tb_top/u_mon File: /run/media/sackb/Windows-SSD/Users/sackb/OneDrive/Desktop/University/Course_Work/2025-2026/Spring_2026/ECE_410/ECE410/project/post_m3_Minor_Redesign/tb/tb_top.sv Line:256
Error: AXI MONITOR: core_C changed while core is idle
Time: 9455 ns  Iteration: 0  Process: /tb_top/u_mon//tb_top/u_mon  Scope: tb_top.u_mon  File: /run/media/sackb/Windows-SSD/Users/sackb/OneDrive/Desktop/University/Course_Work/2025-2026/Spring_2026/ECE_410/ECE410/project/post_m3_Minor_Redesign/tb/tb_top.sv Line: 257

Time: 9465 ns Started: 9455 ns Scope: /tb_top/u_mon File: /run/media/sackb/Windows-SSD/Users/sackb/OneDrive/Desktop/University/Course_Work/2025-2026/Spring_2026/ECE_410/ECE410/project/post_m3_Minor_Redesign/tb/tb_top.sv Line:256
Error: AXI MONITOR: core_C changed while core is idle
Time: 9465 ns  Iteration: 0  Process: /tb_top/u_mon//tb_top/u_mon  Scope: tb_top.u_mon  File: /run/media/sackb/Windows-SSD/Users/sackb/OneDrive/Desktop/University/Course_Work/2025-2026/Spring_2026/ECE_410/ECE410/project/post_m3_Minor_Redesign/tb/tb_top.sv Line: 257

Time: 9475 ns Started: 9465 ns Scope: /tb_top/u_mon File: /run/media/sackb/Windows-SSD/Users/sackb/OneDrive/Desktop/University/Course_Work/2025-2026/Spring_2026/ECE_410/ECE410/project/post_m3_Minor_Redesign/tb/tb_top.sv Line:256
Error: AXI MONITOR: core_C changed while core is idle
Time: 9475 ns  Iteration: 0  Process: /tb_top/u_mon//tb_top/u_mon  Scope: tb_top.u_mon  File: /run/media/sackb/Windows-SSD/Users/sackb/OneDrive/Desktop/University/Course_Work/2025-2026/Spring_2026/ECE_410/ECE410/project/post_m3_Minor_Redesign/tb/tb_top.sv Line: 257

Time: 9485 ns Started: 9475 ns Scope: /tb_top/u_mon File: /run/media/sackb/Windows-SSD/Users/sackb/OneDrive/Desktop/University/Course_Work/2025-2026/Spring_2026/ECE_410/ECE410/project/post_m3_Minor_Redesign/tb/tb_top.sv Line:256
Error: AXI MONITOR: core_C changed while core is idle
Time: 9485 ns  Iteration: 0  Process: /tb_top/u_mon//tb_top/u_mon  Scope: tb_top.u_mon  File: /run/media/sackb/Windows-SSD/Users/sackb/OneDrive/Desktop/University/Course_Work/2025-2026/Spring_2026/ECE_410/ECE410/project/post_m3_Minor_Redesign/tb/tb_top.sv Line: 257

Time: 9495 ns Started: 9485 ns Scope: /tb_top/u_mon File: /run/media/sackb/Windows-SSD/Users/sackb/OneDrive/Desktop/University/Course_Work/2025-2026/Spring_2026/ECE_410/ECE410/project/post_m3_Minor_Redesign/tb/tb_top.sv Line:256
Error: AXI MONITOR: core_C changed while core is idle
Time: 9495 ns  Iteration: 0  Process: /tb_top/u_mon//tb_top/u_mon  Scope: tb_top.u_mon  File: /run/media/sackb/Windows-SSD/Users/sackb/OneDrive/Desktop/University/Course_Work/2025-2026/Spring_2026/ECE_410/ECE410/project/post_m3_Minor_Redesign/tb/tb_top.sv Line: 257

Time: 9505 ns Started: 9495 ns Scope: /tb_top/u_mon File: /run/media/sackb/Windows-SSD/Users/sackb/OneDrive/Desktop/University/Course_Work/2025-2026/Spring_2026/ECE_410/ECE410/project/post_m3_Minor_Redesign/tb/tb_top.sv Line:256
Error: AXI MONITOR: core_C changed while core is idle
Time: 9505 ns  Iteration: 0  Process: /tb_top/u_mon//tb_top/u_mon  Scope: tb_top.u_mon  File: /run/media/sackb/Windows-SSD/Users/sackb/OneDrive/Desktop/University/Course_Work/2025-2026/Spring_2026/ECE_410/ECE410/project/post_m3_Minor_Redesign/tb/tb_top.sv Line: 257

Time: 9515 ns Started: 9505 ns Scope: /tb_top/u_mon File: /run/media/sackb/Windows-SSD/Users/sackb/OneDrive/Desktop/University/Course_Work/2025-2026/Spring_2026/ECE_410/ECE410/project/post_m3_Minor_Redesign/tb/tb_top.sv Line:256
Error: AXI MONITOR: core_C changed while core is idle
Time: 9515 ns  Iteration: 0  Process: /tb_top/u_mon//tb_top/u_mon  Scope: tb_top.u_mon  File: /run/media/sackb/Windows-SSD/Users/sackb/OneDrive/Desktop/University/Course_Work/2025-2026/Spring_2026/ECE_410/ECE410/project/post_m3_Minor_Redesign/tb/tb_top.sv Line: 257

Time: 9525 ns Started: 9515 ns Scope: /tb_top/u_mon File: /run/media/sackb/Windows-SSD/Users/sackb/OneDrive/Desktop/University/Course_Work/2025-2026/Spring_2026/ECE_410/ECE410/project/post_m3_Minor_Redesign/tb/tb_top.sv Line:256
Error: AXI MONITOR: core_C changed while core is idle
Time: 9525 ns  Iteration: 0  Process: /tb_top/u_mon//tb_top/u_mon  Scope: tb_top.u_mon  File: /run/media/sackb/Windows-SSD/Users/sackb/OneDrive/Desktop/University/Course_Work/2025-2026/Spring_2026/ECE_410/ECE410/project/post_m3_Minor_Redesign/tb/tb_top.sv Line: 257

Time: 9535 ns Started: 9525 ns Scope: /tb_top/u_mon File: /run/media/sackb/Windows-SSD/Users/sackb/OneDrive/Desktop/University/Course_Work/2025-2026/Spring_2026/ECE_410/ECE410/project/post_m3_Minor_Redesign/tb/tb_top.sv Line:256
Error: AXI MONITOR: core_C changed while core is idle
Time: 9535 ns  Iteration: 0  Process: /tb_top/u_mon//tb_top/u_mon  Scope: tb_top.u_mon  File: /run/media/sackb/Windows-SSD/Users/sackb/OneDrive/Desktop/University/Course_Work/2025-2026/Spring_2026/ECE_410/ECE410/project/post_m3_Minor_Redesign/tb/tb_top.sv Line: 257

Time: 9545 ns Started: 9535 ns Scope: /tb_top/u_mon File: /run/media/sackb/Windows-SSD/Users/sackb/OneDrive/Desktop/University/Course_Work/2025-2026/Spring_2026/ECE_410/ECE410/project/post_m3_Minor_Redesign/tb/tb_top.sv Line:256
Error: AXI MONITOR: core_C changed while core is idle
Time: 9545 ns  Iteration: 0  Process: /tb_top/u_mon//tb_top/u_mon  Scope: tb_top.u_mon  File: /run/media/sackb/Windows-SSD/Users/sackb/OneDrive/Desktop/University/Course_Work/2025-2026/Spring_2026/ECE_410/ECE410/project/post_m3_Minor_Redesign/tb/tb_top.sv Line: 257

Time: 9555 ns Started: 9545 ns Scope: /tb_top/u_mon File: /run/media/sackb/Windows-SSD/Users/sackb/OneDrive/Desktop/University/Course_Work/2025-2026/Spring_2026/ECE_410/ECE410/project/post_m3_Minor_Redesign/tb/tb_top.sv Line:256
Error: AXI MONITOR: core_C changed while core is idle
Time: 9555 ns  Iteration: 0  Process: /tb_top/u_mon//tb_top/u_mon  Scope: tb_top.u_mon  File: /run/media/sackb/Windows-SSD/Users/sackb/OneDrive/Desktop/University/Course_Work/2025-2026/Spring_2026/ECE_410/ECE410/project/post_m3_Minor_Redesign/tb/tb_top.sv Line: 257
TB_TOP: Iteration 4 complete
TB_TOP: Starting iteration 5

Time: 9565 ns Started: 9555 ns Scope: /tb_top/u_mon File: /run/media/sackb/Windows-SSD/Users/sackb/OneDrive/Desktop/University/Course_Work/2025-2026/Spring_2026/ECE_410/ECE410/project/post_m3_Minor_Redesign/tb/tb_top.sv Line:256
Error: AXI MONITOR: core_C changed while core is idle
Time: 9565 ns  Iteration: 0  Process: /tb_top/u_mon//tb_top/u_mon  Scope: tb_top.u_mon  File: /run/media/sackb/Windows-SSD/Users/sackb/OneDrive/Desktop/University/Course_Work/2025-2026/Spring_2026/ECE_410/ECE410/project/post_m3_Minor_Redesign/tb/tb_top.sv Line: 257

Time: 9575 ns Started: 9565 ns Scope: /tb_top/u_mon File: /run/media/sackb/Windows-SSD/Users/sackb/OneDrive/Desktop/University/Course_Work/2025-2026/Spring_2026/ECE_410/ECE410/project/post_m3_Minor_Redesign/tb/tb_top.sv Line:256
Error: AXI MONITOR: core_C changed while core is idle
Time: 9575 ns  Iteration: 0  Process: /tb_top/u_mon//tb_top/u_mon  Scope: tb_top.u_mon  File: /run/media/sackb/Windows-SSD/Users/sackb/OneDrive/Desktop/University/Course_Work/2025-2026/Spring_2026/ECE_410/ECE410/project/post_m3_Minor_Redesign/tb/tb_top.sv Line: 257

Time: 9585 ns Started: 9575 ns Scope: /tb_top/u_mon File: /run/media/sackb/Windows-SSD/Users/sackb/OneDrive/Desktop/University/Course_Work/2025-2026/Spring_2026/ECE_410/ECE410/project/post_m3_Minor_Redesign/tb/tb_top.sv Line:256
Error: AXI MONITOR: core_C changed while core is idle
Time: 9585 ns  Iteration: 0  Process: /tb_top/u_mon//tb_top/u_mon  Scope: tb_top.u_mon  File: /run/media/sackb/Windows-SSD/Users/sackb/OneDrive/Desktop/University/Course_Work/2025-2026/Spring_2026/ECE_410/ECE410/project/post_m3_Minor_Redesign/tb/tb_top.sv Line: 257

Time: 9595 ns Started: 9585 ns Scope: /tb_top/u_mon File: /run/media/sackb/Windows-SSD/Users/sackb/OneDrive/Desktop/University/Course_Work/2025-2026/Spring_2026/ECE_410/ECE410/project/post_m3_Minor_Redesign/tb/tb_top.sv Line:256
Error: AXI MONITOR: core_C changed while core is idle
Time: 9595 ns  Iteration: 0  Process: /tb_top/u_mon//tb_top/u_mon  Scope: tb_top.u_mon  File: /run/media/sackb/Windows-SSD/Users/sackb/OneDrive/Desktop/University/Course_Work/2025-2026/Spring_2026/ECE_410/ECE410/project/post_m3_Minor_Redesign/tb/tb_top.sv Line: 257

Time: 9605 ns Started: 9595 ns Scope: /tb_top/u_mon File: /run/media/sackb/Windows-SSD/Users/sackb/OneDrive/Desktop/University/Course_Work/2025-2026/Spring_2026/ECE_410/ECE410/project/post_m3_Minor_Redesign/tb/tb_top.sv Line:256
Error: AXI MONITOR: core_C changed while core is idle
Time: 9605 ns  Iteration: 0  Process: /tb_top/u_mon//tb_top/u_mon  Scope: tb_top.u_mon  File: /run/media/sackb/Windows-SSD/Users/sackb/OneDrive/Desktop/University/Course_Work/2025-2026/Spring_2026/ECE_410/ECE410/project/post_m3_Minor_Redesign/tb/tb_top.sv Line: 257

Time: 9615 ns Started: 9605 ns Scope: /tb_top/u_mon File: /run/media/sackb/Windows-SSD/Users/sackb/OneDrive/Desktop/University/Course_Work/2025-2026/Spring_2026/ECE_410/ECE410/project/post_m3_Minor_Redesign/tb/tb_top.sv Line:256
Error: AXI MONITOR: core_C changed while core is idle
Time: 9615 ns  Iteration: 0  Process: /tb_top/u_mon//tb_top/u_mon  Scope: tb_top.u_mon  File: /run/media/sackb/Windows-SSD/Users/sackb/OneDrive/Desktop/University/Course_Work/2025-2026/Spring_2026/ECE_410/ECE410/project/post_m3_Minor_Redesign/tb/tb_top.sv Line: 257

Time: 9625 ns Started: 9615 ns Scope: /tb_top/u_mon File: /run/media/sackb/Windows-SSD/Users/sackb/OneDrive/Desktop/University/Course_Work/2025-2026/Spring_2026/ECE_410/ECE410/project/post_m3_Minor_Redesign/tb/tb_top.sv Line:256
Error: AXI MONITOR: core_C changed while core is idle
Time: 9625 ns  Iteration: 0  Process: /tb_top/u_mon//tb_top/u_mon  Scope: tb_top.u_mon  File: /run/media/sackb/Windows-SSD/Users/sackb/OneDrive/Desktop/University/Course_Work/2025-2026/Spring_2026/ECE_410/ECE410/project/post_m3_Minor_Redesign/tb/tb_top.sv Line: 257

Time: 9635 ns Started: 9625 ns Scope: /tb_top/u_mon File: /run/media/sackb/Windows-SSD/Users/sackb/OneDrive/Desktop/University/Course_Work/2025-2026/Spring_2026/ECE_410/ECE410/project/post_m3_Minor_Redesign/tb/tb_top.sv Line:256
Error: AXI MONITOR: core_C changed while core is idle
Time: 9635 ns  Iteration: 0  Process: /tb_top/u_mon//tb_top/u_mon  Scope: tb_top.u_mon  File: /run/media/sackb/Windows-SSD/Users/sackb/OneDrive/Desktop/University/Course_Work/2025-2026/Spring_2026/ECE_410/ECE410/project/post_m3_Minor_Redesign/tb/tb_top.sv Line: 257

Time: 9645 ns Started: 9635 ns Scope: /tb_top/u_mon File: /run/media/sackb/Windows-SSD/Users/sackb/OneDrive/Desktop/University/Course_Work/2025-2026/Spring_2026/ECE_410/ECE410/project/post_m3_Minor_Redesign/tb/tb_top.sv Line:256
Error: AXI MONITOR: core_C changed while core is idle
Time: 9645 ns  Iteration: 0  Process: /tb_top/u_mon//tb_top/u_mon  Scope: tb_top.u_mon  File: /run/media/sackb/Windows-SSD/Users/sackb/OneDrive/Desktop/University/Course_Work/2025-2026/Spring_2026/ECE_410/ECE410/project/post_m3_Minor_Redesign/tb/tb_top.sv Line: 257

Time: 9655 ns Started: 9645 ns Scope: /tb_top/u_mon File: /run/media/sackb/Windows-SSD/Users/sackb/OneDrive/Desktop/University/Course_Work/2025-2026/Spring_2026/ECE_410/ECE410/project/post_m3_Minor_Redesign/tb/tb_top.sv Line:256
Error: AXI MONITOR: core_C changed while core is idle
Time: 9655 ns  Iteration: 0  Process: /tb_top/u_mon//tb_top/u_mon  Scope: tb_top.u_mon  File: /run/media/sackb/Windows-SSD/Users/sackb/OneDrive/Desktop/University/Course_Work/2025-2026/Spring_2026/ECE_410/ECE410/project/post_m3_Minor_Redesign/tb/tb_top.sv Line: 257

Time: 9665 ns Started: 9655 ns Scope: /tb_top/u_mon File: /run/media/sackb/Windows-SSD/Users/sackb/OneDrive/Desktop/University/Course_Work/2025-2026/Spring_2026/ECE_410/ECE410/project/post_m3_Minor_Redesign/tb/tb_top.sv Line:256
Error: AXI MONITOR: core_C changed while core is idle
Time: 9665 ns  Iteration: 0  Process: /tb_top/u_mon//tb_top/u_mon  Scope: tb_top.u_mon  File: /run/media/sackb/Windows-SSD/Users/sackb/OneDrive/Desktop/University/Course_Work/2025-2026/Spring_2026/ECE_410/ECE410/project/post_m3_Minor_Redesign/tb/tb_top.sv Line: 257

Time: 9675 ns Started: 9665 ns Scope: /tb_top/u_mon File: /run/media/sackb/Windows-SSD/Users/sackb/OneDrive/Desktop/University/Course_Work/2025-2026/Spring_2026/ECE_410/ECE410/project/post_m3_Minor_Redesign/tb/tb_top.sv Line:256
Error: AXI MONITOR: core_C changed while core is idle
Time: 9675 ns  Iteration: 0  Process: /tb_top/u_mon//tb_top/u_mon  Scope: tb_top.u_mon  File: /run/media/sackb/Windows-SSD/Users/sackb/OneDrive/Desktop/University/Course_Work/2025-2026/Spring_2026/ECE_410/ECE410/project/post_m3_Minor_Redesign/tb/tb_top.sv Line: 257

Time: 9685 ns Started: 9675 ns Scope: /tb_top/u_mon File: /run/media/sackb/Windows-SSD/Users/sackb/OneDrive/Desktop/University/Course_Work/2025-2026/Spring_2026/ECE_410/ECE410/project/post_m3_Minor_Redesign/tb/tb_top.sv Line:256
Error: AXI MONITOR: core_C changed while core is idle
Time: 9685 ns  Iteration: 0  Process: /tb_top/u_mon//tb_top/u_mon  Scope: tb_top.u_mon  File: /run/media/sackb/Windows-SSD/Users/sackb/OneDrive/Desktop/University/Course_Work/2025-2026/Spring_2026/ECE_410/ECE410/project/post_m3_Minor_Redesign/tb/tb_top.sv Line: 257

Time: 9695 ns Started: 9685 ns Scope: /tb_top/u_mon File: /run/media/sackb/Windows-SSD/Users/sackb/OneDrive/Desktop/University/Course_Work/2025-2026/Spring_2026/ECE_410/ECE410/project/post_m3_Minor_Redesign/tb/tb_top.sv Line:256
Error: AXI MONITOR: core_C changed while core is idle
Time: 9695 ns  Iteration: 0  Process: /tb_top/u_mon//tb_top/u_mon  Scope: tb_top.u_mon  File: /run/media/sackb/Windows-SSD/Users/sackb/OneDrive/Desktop/University/Course_Work/2025-2026/Spring_2026/ECE_410/ECE410/project/post_m3_Minor_Redesign/tb/tb_top.sv Line: 257

Time: 9705 ns Started: 9695 ns Scope: /tb_top/u_mon File: /run/media/sackb/Windows-SSD/Users/sackb/OneDrive/Desktop/University/Course_Work/2025-2026/Spring_2026/ECE_410/ECE410/project/post_m3_Minor_Redesign/tb/tb_top.sv Line:256
Error: AXI MONITOR: core_C changed while core is idle
Time: 9705 ns  Iteration: 0  Process: /tb_top/u_mon//tb_top/u_mon  Scope: tb_top.u_mon  File: /run/media/sackb/Windows-SSD/Users/sackb/OneDrive/Desktop/University/Course_Work/2025-2026/Spring_2026/ECE_410/ECE410/project/post_m3_Minor_Redesign/tb/tb_top.sv Line: 257

Time: 9715 ns Started: 9705 ns Scope: /tb_top/u_mon File: /run/media/sackb/Windows-SSD/Users/sackb/OneDrive/Desktop/University/Course_Work/2025-2026/Spring_2026/ECE_410/ECE410/project/post_m3_Minor_Redesign/tb/tb_top.sv Line:256
Error: AXI MONITOR: core_C changed while core is idle
Time: 9715 ns  Iteration: 0  Process: /tb_top/u_mon//tb_top/u_mon  Scope: tb_top.u_mon  File: /run/media/sackb/Windows-SSD/Users/sackb/OneDrive/Desktop/University/Course_Work/2025-2026/Spring_2026/ECE_410/ECE410/project/post_m3_Minor_Redesign/tb/tb_top.sv Line: 257

Time: 9725 ns Started: 9715 ns Scope: /tb_top/u_mon File: /run/media/sackb/Windows-SSD/Users/sackb/OneDrive/Desktop/University/Course_Work/2025-2026/Spring_2026/ECE_410/ECE410/project/post_m3_Minor_Redesign/tb/tb_top.sv Line:256
Error: AXI MONITOR: core_C changed while core is idle
Time: 9725 ns  Iteration: 0  Process: /tb_top/u_mon//tb_top/u_mon  Scope: tb_top.u_mon  File: /run/media/sackb/Windows-SSD/Users/sackb/OneDrive/Desktop/University/Course_Work/2025-2026/Spring_2026/ECE_410/ECE410/project/post_m3_Minor_Redesign/tb/tb_top.sv Line: 257

Time: 9735 ns Started: 9725 ns Scope: /tb_top/u_mon File: /run/media/sackb/Windows-SSD/Users/sackb/OneDrive/Desktop/University/Course_Work/2025-2026/Spring_2026/ECE_410/ECE410/project/post_m3_Minor_Redesign/tb/tb_top.sv Line:256
Error: AXI MONITOR: core_C changed while core is idle
Time: 9735 ns  Iteration: 0  Process: /tb_top/u_mon//tb_top/u_mon  Scope: tb_top.u_mon  File: /run/media/sackb/Windows-SSD/Users/sackb/OneDrive/Desktop/University/Course_Work/2025-2026/Spring_2026/ECE_410/ECE410/project/post_m3_Minor_Redesign/tb/tb_top.sv Line: 257

Time: 9745 ns Started: 9735 ns Scope: /tb_top/u_mon File: /run/media/sackb/Windows-SSD/Users/sackb/OneDrive/Desktop/University/Course_Work/2025-2026/Spring_2026/ECE_410/ECE410/project/post_m3_Minor_Redesign/tb/tb_top.sv Line:256
Error: AXI MONITOR: core_C changed while core is idle
Time: 9745 ns  Iteration: 0  Process: /tb_top/u_mon//tb_top/u_mon  Scope: tb_top.u_mon  File: /run/media/sackb/Windows-SSD/Users/sackb/OneDrive/Desktop/University/Course_Work/2025-2026/Spring_2026/ECE_410/ECE410/project/post_m3_Minor_Redesign/tb/tb_top.sv Line: 257

Time: 9755 ns Started: 9745 ns Scope: /tb_top/u_mon File: /run/media/sackb/Windows-SSD/Users/sackb/OneDrive/Desktop/University/Course_Work/2025-2026/Spring_2026/ECE_410/ECE410/project/post_m3_Minor_Redesign/tb/tb_top.sv Line:256
Error: AXI MONITOR: core_C changed while core is idle
Time: 9755 ns  Iteration: 0  Process: /tb_top/u_mon//tb_top/u_mon  Scope: tb_top.u_mon  File: /run/media/sackb/Windows-SSD/Users/sackb/OneDrive/Desktop/University/Course_Work/2025-2026/Spring_2026/ECE_410/ECE410/project/post_m3_Minor_Redesign/tb/tb_top.sv Line: 257

Time: 9765 ns Started: 9755 ns Scope: /tb_top/u_mon File: /run/media/sackb/Windows-SSD/Users/sackb/OneDrive/Desktop/University/Course_Work/2025-2026/Spring_2026/ECE_410/ECE410/project/post_m3_Minor_Redesign/tb/tb_top.sv Line:256
Error: AXI MONITOR: core_C changed while core is idle
Time: 9765 ns  Iteration: 0  Process: /tb_top/u_mon//tb_top/u_mon  Scope: tb_top.u_mon  File: /run/media/sackb/Windows-SSD/Users/sackb/OneDrive/Desktop/University/Course_Work/2025-2026/Spring_2026/ECE_410/ECE410/project/post_m3_Minor_Redesign/tb/tb_top.sv Line: 257

Time: 9775 ns Started: 9765 ns Scope: /tb_top/u_mon File: /run/media/sackb/Windows-SSD/Users/sackb/OneDrive/Desktop/University/Course_Work/2025-2026/Spring_2026/ECE_410/ECE410/project/post_m3_Minor_Redesign/tb/tb_top.sv Line:256
Error: AXI MONITOR: core_C changed while core is idle
Time: 9775 ns  Iteration: 0  Process: /tb_top/u_mon//tb_top/u_mon  Scope: tb_top.u_mon  File: /run/media/sackb/Windows-SSD/Users/sackb/OneDrive/Desktop/University/Course_Work/2025-2026/Spring_2026/ECE_410/ECE410/project/post_m3_Minor_Redesign/tb/tb_top.sv Line: 257

Time: 9785 ns Started: 9775 ns Scope: /tb_top/u_mon File: /run/media/sackb/Windows-SSD/Users/sackb/OneDrive/Desktop/University/Course_Work/2025-2026/Spring_2026/ECE_410/ECE410/project/post_m3_Minor_Redesign/tb/tb_top.sv Line:256
Error: AXI MONITOR: core_C changed while core is idle
Time: 9785 ns  Iteration: 0  Process: /tb_top/u_mon//tb_top/u_mon  Scope: tb_top.u_mon  File: /run/media/sackb/Windows-SSD/Users/sackb/OneDrive/Desktop/University/Course_Work/2025-2026/Spring_2026/ECE_410/ECE410/project/post_m3_Minor_Redesign/tb/tb_top.sv Line: 257

Time: 9795 ns Started: 9785 ns Scope: /tb_top/u_mon File: /run/media/sackb/Windows-SSD/Users/sackb/OneDrive/Desktop/University/Course_Work/2025-2026/Spring_2026/ECE_410/ECE410/project/post_m3_Minor_Redesign/tb/tb_top.sv Line:256
Error: AXI MONITOR: core_C changed while core is idle
Time: 9795 ns  Iteration: 0  Process: /tb_top/u_mon//tb_top/u_mon  Scope: tb_top.u_mon  File: /run/media/sackb/Windows-SSD/Users/sackb/OneDrive/Desktop/University/Course_Work/2025-2026/Spring_2026/ECE_410/ECE410/project/post_m3_Minor_Redesign/tb/tb_top.sv Line: 257

Time: 9805 ns Started: 9795 ns Scope: /tb_top/u_mon File: /run/media/sackb/Windows-SSD/Users/sackb/OneDrive/Desktop/University/Course_Work/2025-2026/Spring_2026/ECE_410/ECE410/project/post_m3_Minor_Redesign/tb/tb_top.sv Line:256
Error: AXI MONITOR: core_C changed while core is idle
Time: 9805 ns  Iteration: 0  Process: /tb_top/u_mon//tb_top/u_mon  Scope: tb_top.u_mon  File: /run/media/sackb/Windows-SSD/Users/sackb/OneDrive/Desktop/University/Course_Work/2025-2026/Spring_2026/ECE_410/ECE410/project/post_m3_Minor_Redesign/tb/tb_top.sv Line: 257

Time: 9815 ns Started: 9805 ns Scope: /tb_top/u_mon File: /run/media/sackb/Windows-SSD/Users/sackb/OneDrive/Desktop/University/Course_Work/2025-2026/Spring_2026/ECE_410/ECE410/project/post_m3_Minor_Redesign/tb/tb_top.sv Line:256
Error: AXI MONITOR: core_C changed while core is idle
Time: 9815 ns  Iteration: 0  Process: /tb_top/u_mon//tb_top/u_mon  Scope: tb_top.u_mon  File: /run/media/sackb/Windows-SSD/Users/sackb/OneDrive/Desktop/University/Course_Work/2025-2026/Spring_2026/ECE_410/ECE410/project/post_m3_Minor_Redesign/tb/tb_top.sv Line: 257

Time: 9825 ns Started: 9815 ns Scope: /tb_top/u_mon File: /run/media/sackb/Windows-SSD/Users/sackb/OneDrive/Desktop/University/Course_Work/2025-2026/Spring_2026/ECE_410/ECE410/project/post_m3_Minor_Redesign/tb/tb_top.sv Line:256
Error: AXI MONITOR: core_C changed while core is idle
Time: 9825 ns  Iteration: 0  Process: /tb_top/u_mon//tb_top/u_mon  Scope: tb_top.u_mon  File: /run/media/sackb/Windows-SSD/Users/sackb/OneDrive/Desktop/University/Course_Work/2025-2026/Spring_2026/ECE_410/ECE410/project/post_m3_Minor_Redesign/tb/tb_top.sv Line: 257

Time: 9835 ns Started: 9825 ns Scope: /tb_top/u_mon File: /run/media/sackb/Windows-SSD/Users/sackb/OneDrive/Desktop/University/Course_Work/2025-2026/Spring_2026/ECE_410/ECE410/project/post_m3_Minor_Redesign/tb/tb_top.sv Line:256
Error: AXI MONITOR: core_C changed while core is idle
Time: 9835 ns  Iteration: 0  Process: /tb_top/u_mon//tb_top/u_mon  Scope: tb_top.u_mon  File: /run/media/sackb/Windows-SSD/Users/sackb/OneDrive/Desktop/University/Course_Work/2025-2026/Spring_2026/ECE_410/ECE410/project/post_m3_Minor_Redesign/tb/tb_top.sv Line: 257

Time: 9845 ns Started: 9835 ns Scope: /tb_top/u_mon File: /run/media/sackb/Windows-SSD/Users/sackb/OneDrive/Desktop/University/Course_Work/2025-2026/Spring_2026/ECE_410/ECE410/project/post_m3_Minor_Redesign/tb/tb_top.sv Line:256
Error: AXI MONITOR: core_C changed while core is idle
Time: 9845 ns  Iteration: 0  Process: /tb_top/u_mon//tb_top/u_mon  Scope: tb_top.u_mon  File: /run/media/sackb/Windows-SSD/Users/sackb/OneDrive/Desktop/University/Course_Work/2025-2026/Spring_2026/ECE_410/ECE410/project/post_m3_Minor_Redesign/tb/tb_top.sv Line: 257

Time: 9855 ns Started: 9845 ns Scope: /tb_top/u_mon File: /run/media/sackb/Windows-SSD/Users/sackb/OneDrive/Desktop/University/Course_Work/2025-2026/Spring_2026/ECE_410/ECE410/project/post_m3_Minor_Redesign/tb/tb_top.sv Line:256
Error: AXI MONITOR: core_C changed while core is idle
Time: 9855 ns  Iteration: 0  Process: /tb_top/u_mon//tb_top/u_mon  Scope: tb_top.u_mon  File: /run/media/sackb/Windows-SSD/Users/sackb/OneDrive/Desktop/University/Course_Work/2025-2026/Spring_2026/ECE_410/ECE410/project/post_m3_Minor_Redesign/tb/tb_top.sv Line: 257

Time: 9865 ns Started: 9855 ns Scope: /tb_top/u_mon File: /run/media/sackb/Windows-SSD/Users/sackb/OneDrive/Desktop/University/Course_Work/2025-2026/Spring_2026/ECE_410/ECE410/project/post_m3_Minor_Redesign/tb/tb_top.sv Line:256
Error: AXI MONITOR: core_C changed while core is idle
Time: 9865 ns  Iteration: 0  Process: /tb_top/u_mon//tb_top/u_mon  Scope: tb_top.u_mon  File: /run/media/sackb/Windows-SSD/Users/sackb/OneDrive/Desktop/University/Course_Work/2025-2026/Spring_2026/ECE_410/ECE410/project/post_m3_Minor_Redesign/tb/tb_top.sv Line: 257

Time: 9875 ns Started: 9865 ns Scope: /tb_top/u_mon File: /run/media/sackb/Windows-SSD/Users/sackb/OneDrive/Desktop/University/Course_Work/2025-2026/Spring_2026/ECE_410/ECE410/project/post_m3_Minor_Redesign/tb/tb_top.sv Line:256
Error: AXI MONITOR: core_C changed while core is idle
Time: 9875 ns  Iteration: 0  Process: /tb_top/u_mon//tb_top/u_mon  Scope: tb_top.u_mon  File: /run/media/sackb/Windows-SSD/Users/sackb/OneDrive/Desktop/University/Course_Work/2025-2026/Spring_2026/ECE_410/ECE410/project/post_m3_Minor_Redesign/tb/tb_top.sv Line: 257

Time: 9885 ns Started: 9875 ns Scope: /tb_top/u_mon File: /run/media/sackb/Windows-SSD/Users/sackb/OneDrive/Desktop/University/Course_Work/2025-2026/Spring_2026/ECE_410/ECE410/project/post_m3_Minor_Redesign/tb/tb_top.sv Line:256
Error: AXI MONITOR: core_C changed while core is idle
Time: 9885 ns  Iteration: 0  Process: /tb_top/u_mon//tb_top/u_mon  Scope: tb_top.u_mon  File: /run/media/sackb/Windows-SSD/Users/sackb/OneDrive/Desktop/University/Course_Work/2025-2026/Spring_2026/ECE_410/ECE410/project/post_m3_Minor_Redesign/tb/tb_top.sv Line: 257

Time: 9895 ns Started: 9885 ns Scope: /tb_top/u_mon File: /run/media/sackb/Windows-SSD/Users/sackb/OneDrive/Desktop/University/Course_Work/2025-2026/Spring_2026/ECE_410/ECE410/project/post_m3_Minor_Redesign/tb/tb_top.sv Line:256
Error: AXI MONITOR: core_C changed while core is idle
Time: 9895 ns  Iteration: 0  Process: /tb_top/u_mon//tb_top/u_mon  Scope: tb_top.u_mon  File: /run/media/sackb/Windows-SSD/Users/sackb/OneDrive/Desktop/University/Course_Work/2025-2026/Spring_2026/ECE_410/ECE410/project/post_m3_Minor_Redesign/tb/tb_top.sv Line: 257

Time: 9905 ns Started: 9895 ns Scope: /tb_top/u_mon File: /run/media/sackb/Windows-SSD/Users/sackb/OneDrive/Desktop/University/Course_Work/2025-2026/Spring_2026/ECE_410/ECE410/project/post_m3_Minor_Redesign/tb/tb_top.sv Line:256
Error: AXI MONITOR: core_C changed while core is idle
Time: 9905 ns  Iteration: 0  Process: /tb_top/u_mon//tb_top/u_mon  Scope: tb_top.u_mon  File: /run/media/sackb/Windows-SSD/Users/sackb/OneDrive/Desktop/University/Course_Work/2025-2026/Spring_2026/ECE_410/ECE410/project/post_m3_Minor_Redesign/tb/tb_top.sv Line: 257

Time: 9915 ns Started: 9905 ns Scope: /tb_top/u_mon File: /run/media/sackb/Windows-SSD/Users/sackb/OneDrive/Desktop/University/Course_Work/2025-2026/Spring_2026/ECE_410/ECE410/project/post_m3_Minor_Redesign/tb/tb_top.sv Line:256
Error: AXI MONITOR: core_C changed while core is idle
Time: 9915 ns  Iteration: 0  Process: /tb_top/u_mon//tb_top/u_mon  Scope: tb_top.u_mon  File: /run/media/sackb/Windows-SSD/Users/sackb/OneDrive/Desktop/University/Course_Work/2025-2026/Spring_2026/ECE_410/ECE410/project/post_m3_Minor_Redesign/tb/tb_top.sv Line: 257

Time: 9925 ns Started: 9915 ns Scope: /tb_top/u_mon File: /run/media/sackb/Windows-SSD/Users/sackb/OneDrive/Desktop/University/Course_Work/2025-2026/Spring_2026/ECE_410/ECE410/project/post_m3_Minor_Redesign/tb/tb_top.sv Line:256
Error: AXI MONITOR: core_C changed while core is idle
Time: 9925 ns  Iteration: 0  Process: /tb_top/u_mon//tb_top/u_mon  Scope: tb_top.u_mon  File: /run/media/sackb/Windows-SSD/Users/sackb/OneDrive/Desktop/University/Course_Work/2025-2026/Spring_2026/ECE_410/ECE410/project/post_m3_Minor_Redesign/tb/tb_top.sv Line: 257

Time: 9935 ns Started: 9925 ns Scope: /tb_top/u_mon File: /run/media/sackb/Windows-SSD/Users/sackb/OneDrive/Desktop/University/Course_Work/2025-2026/Spring_2026/ECE_410/ECE410/project/post_m3_Minor_Redesign/tb/tb_top.sv Line:256
Error: AXI MONITOR: core_C changed while core is idle
Time: 9935 ns  Iteration: 0  Process: /tb_top/u_mon//tb_top/u_mon  Scope: tb_top.u_mon  File: /run/media/sackb/Windows-SSD/Users/sackb/OneDrive/Desktop/University/Course_Work/2025-2026/Spring_2026/ECE_410/ECE410/project/post_m3_Minor_Redesign/tb/tb_top.sv Line: 257

Time: 9945 ns Started: 9935 ns Scope: /tb_top/u_mon File: /run/media/sackb/Windows-SSD/Users/sackb/OneDrive/Desktop/University/Course_Work/2025-2026/Spring_2026/ECE_410/ECE410/project/post_m3_Minor_Redesign/tb/tb_top.sv Line:256
Error: AXI MONITOR: core_C changed while core is idle
Time: 9945 ns  Iteration: 0  Process: /tb_top/u_mon//tb_top/u_mon  Scope: tb_top.u_mon  File: /run/media/sackb/Windows-SSD/Users/sackb/OneDrive/Desktop/University/Course_Work/2025-2026/Spring_2026/ECE_410/ECE410/project/post_m3_Minor_Redesign/tb/tb_top.sv Line: 257

Time: 9955 ns Started: 9945 ns Scope: /tb_top/u_mon File: /run/media/sackb/Windows-SSD/Users/sackb/OneDrive/Desktop/University/Course_Work/2025-2026/Spring_2026/ECE_410/ECE410/project/post_m3_Minor_Redesign/tb/tb_top.sv Line:256
Error: AXI MONITOR: core_C changed while core is idle
Time: 9955 ns  Iteration: 0  Process: /tb_top/u_mon//tb_top/u_mon  Scope: tb_top.u_mon  File: /run/media/sackb/Windows-SSD/Users/sackb/OneDrive/Desktop/University/Course_Work/2025-2026/Spring_2026/ECE_410/ECE410/project/post_m3_Minor_Redesign/tb/tb_top.sv Line: 257

Time: 9965 ns Started: 9955 ns Scope: /tb_top/u_mon File: /run/media/sackb/Windows-SSD/Users/sackb/OneDrive/Desktop/University/Course_Work/2025-2026/Spring_2026/ECE_410/ECE410/project/post_m3_Minor_Redesign/tb/tb_top.sv Line:256
Error: AXI MONITOR: core_C changed while core is idle
Time: 9965 ns  Iteration: 0  Process: /tb_top/u_mon//tb_top/u_mon  Scope: tb_top.u_mon  File: /run/media/sackb/Windows-SSD/Users/sackb/OneDrive/Desktop/University/Course_Work/2025-2026/Spring_2026/ECE_410/ECE410/project/post_m3_Minor_Redesign/tb/tb_top.sv Line: 257

Time: 9975 ns Started: 9965 ns Scope: /tb_top/u_mon File: /run/media/sackb/Windows-SSD/Users/sackb/OneDrive/Desktop/University/Course_Work/2025-2026/Spring_2026/ECE_410/ECE410/project/post_m3_Minor_Redesign/tb/tb_top.sv Line:256
Error: AXI MONITOR: core_C changed while core is idle
Time: 9975 ns  Iteration: 0  Process: /tb_top/u_mon//tb_top/u_mon  Scope: tb_top.u_mon  File: /run/media/sackb/Windows-SSD/Users/sackb/OneDrive/Desktop/University/Course_Work/2025-2026/Spring_2026/ECE_410/ECE410/project/post_m3_Minor_Redesign/tb/tb_top.sv Line: 257

Time: 9985 ns Started: 9975 ns Scope: /tb_top/u_mon File: /run/media/sackb/Windows-SSD/Users/sackb/OneDrive/Desktop/University/Course_Work/2025-2026/Spring_2026/ECE_410/ECE410/project/post_m3_Minor_Redesign/tb/tb_top.sv Line:256
Error: AXI MONITOR: core_C changed while core is idle
Time: 9985 ns  Iteration: 0  Process: /tb_top/u_mon//tb_top/u_mon  Scope: tb_top.u_mon  File: /run/media/sackb/Windows-SSD/Users/sackb/OneDrive/Desktop/University/Course_Work/2025-2026/Spring_2026/ECE_410/ECE410/project/post_m3_Minor_Redesign/tb/tb_top.sv Line: 257

Time: 9995 ns Started: 9985 ns Scope: /tb_top/u_mon File: /run/media/sackb/Windows-SSD/Users/sackb/OneDrive/Desktop/University/Course_Work/2025-2026/Spring_2026/ECE_410/ECE410/project/post_m3_Minor_Redesign/tb/tb_top.sv Line:256
Error: AXI MONITOR: core_C changed while core is idle
Time: 9995 ns  Iteration: 0  Process: /tb_top/u_mon//tb_top/u_mon  Scope: tb_top.u_mon  File: /run/media/sackb/Windows-SSD/Users/sackb/OneDrive/Desktop/University/Course_Work/2025-2026/Spring_2026/ECE_410/ECE410/project/post_m3_Minor_Redesign/tb/tb_top.sv Line: 257

Time: 10005 ns Started: 9995 ns Scope: /tb_top/u_mon File: /run/media/sackb/Windows-SSD/Users/sackb/OneDrive/Desktop/University/Course_Work/2025-2026/Spring_2026/ECE_410/ECE410/project/post_m3_Minor_Redesign/tb/tb_top.sv Line:256
Error: AXI MONITOR: core_C changed while core is idle
Time: 10005 ns  Iteration: 0  Process: /tb_top/u_mon//tb_top/u_mon  Scope: tb_top.u_mon  File: /run/media/sackb/Windows-SSD/Users/sackb/OneDrive/Desktop/University/Course_Work/2025-2026/Spring_2026/ECE_410/ECE410/project/post_m3_Minor_Redesign/tb/tb_top.sv Line: 257

Time: 10015 ns Started: 10005 ns Scope: /tb_top/u_mon File: /run/media/sackb/Windows-SSD/Users/sackb/OneDrive/Desktop/University/Course_Work/2025-2026/Spring_2026/ECE_410/ECE410/project/post_m3_Minor_Redesign/tb/tb_top.sv Line:256
Error: AXI MONITOR: core_C changed while core is idle
Time: 10015 ns  Iteration: 0  Process: /tb_top/u_mon//tb_top/u_mon  Scope: tb_top.u_mon  File: /run/media/sackb/Windows-SSD/Users/sackb/OneDrive/Desktop/University/Course_Work/2025-2026/Spring_2026/ECE_410/ECE410/project/post_m3_Minor_Redesign/tb/tb_top.sv Line: 257

Time: 10025 ns Started: 10015 ns Scope: /tb_top/u_mon File: /run/media/sackb/Windows-SSD/Users/sackb/OneDrive/Desktop/University/Course_Work/2025-2026/Spring_2026/ECE_410/ECE410/project/post_m3_Minor_Redesign/tb/tb_top.sv Line:256
Error: AXI MONITOR: core_C changed while core is idle
Time: 10025 ns  Iteration: 0  Process: /tb_top/u_mon//tb_top/u_mon  Scope: tb_top.u_mon  File: /run/media/sackb/Windows-SSD/Users/sackb/OneDrive/Desktop/University/Course_Work/2025-2026/Spring_2026/ECE_410/ECE410/project/post_m3_Minor_Redesign/tb/tb_top.sv Line: 257

Time: 10035 ns Started: 10025 ns Scope: /tb_top/u_mon File: /run/media/sackb/Windows-SSD/Users/sackb/OneDrive/Desktop/University/Course_Work/2025-2026/Spring_2026/ECE_410/ECE410/project/post_m3_Minor_Redesign/tb/tb_top.sv Line:256
Error: AXI MONITOR: core_C changed while core is idle
Time: 10035 ns  Iteration: 0  Process: /tb_top/u_mon//tb_top/u_mon  Scope: tb_top.u_mon  File: /run/media/sackb/Windows-SSD/Users/sackb/OneDrive/Desktop/University/Course_Work/2025-2026/Spring_2026/ECE_410/ECE410/project/post_m3_Minor_Redesign/tb/tb_top.sv Line: 257

Time: 10045 ns Started: 10035 ns Scope: /tb_top/u_mon File: /run/media/sackb/Windows-SSD/Users/sackb/OneDrive/Desktop/University/Course_Work/2025-2026/Spring_2026/ECE_410/ECE410/project/post_m3_Minor_Redesign/tb/tb_top.sv Line:256
Error: AXI MONITOR: core_C changed while core is idle
Time: 10045 ns  Iteration: 0  Process: /tb_top/u_mon//tb_top/u_mon  Scope: tb_top.u_mon  File: /run/media/sackb/Windows-SSD/Users/sackb/OneDrive/Desktop/University/Course_Work/2025-2026/Spring_2026/ECE_410/ECE410/project/post_m3_Minor_Redesign/tb/tb_top.sv Line: 257

Time: 10055 ns Started: 10045 ns Scope: /tb_top/u_mon File: /run/media/sackb/Windows-SSD/Users/sackb/OneDrive/Desktop/University/Course_Work/2025-2026/Spring_2026/ECE_410/ECE410/project/post_m3_Minor_Redesign/tb/tb_top.sv Line:256
Error: AXI MONITOR: core_C changed while core is idle
Time: 10055 ns  Iteration: 0  Process: /tb_top/u_mon//tb_top/u_mon  Scope: tb_top.u_mon  File: /run/media/sackb/Windows-SSD/Users/sackb/OneDrive/Desktop/University/Course_Work/2025-2026/Spring_2026/ECE_410/ECE410/project/post_m3_Minor_Redesign/tb/tb_top.sv Line: 257

Time: 10065 ns Started: 10055 ns Scope: /tb_top/u_mon File: /run/media/sackb/Windows-SSD/Users/sackb/OneDrive/Desktop/University/Course_Work/2025-2026/Spring_2026/ECE_410/ECE410/project/post_m3_Minor_Redesign/tb/tb_top.sv Line:256
Error: AXI MONITOR: core_C changed while core is idle
Time: 10065 ns  Iteration: 0  Process: /tb_top/u_mon//tb_top/u_mon  Scope: tb_top.u_mon  File: /run/media/sackb/Windows-SSD/Users/sackb/OneDrive/Desktop/University/Course_Work/2025-2026/Spring_2026/ECE_410/ECE410/project/post_m3_Minor_Redesign/tb/tb_top.sv Line: 257

Time: 10075 ns Started: 10065 ns Scope: /tb_top/u_mon File: /run/media/sackb/Windows-SSD/Users/sackb/OneDrive/Desktop/University/Course_Work/2025-2026/Spring_2026/ECE_410/ECE410/project/post_m3_Minor_Redesign/tb/tb_top.sv Line:256
Error: AXI MONITOR: core_C changed while core is idle
Time: 10075 ns  Iteration: 0  Process: /tb_top/u_mon//tb_top/u_mon  Scope: tb_top.u_mon  File: /run/media/sackb/Windows-SSD/Users/sackb/OneDrive/Desktop/University/Course_Work/2025-2026/Spring_2026/ECE_410/ECE410/project/post_m3_Minor_Redesign/tb/tb_top.sv Line: 257

Time: 10085 ns Started: 10075 ns Scope: /tb_top/u_mon File: /run/media/sackb/Windows-SSD/Users/sackb/OneDrive/Desktop/University/Course_Work/2025-2026/Spring_2026/ECE_410/ECE410/project/post_m3_Minor_Redesign/tb/tb_top.sv Line:256
Error: AXI MONITOR: core_C changed while core is idle
Time: 10085 ns  Iteration: 0  Process: /tb_top/u_mon//tb_top/u_mon  Scope: tb_top.u_mon  File: /run/media/sackb/Windows-SSD/Users/sackb/OneDrive/Desktop/University/Course_Work/2025-2026/Spring_2026/ECE_410/ECE410/project/post_m3_Minor_Redesign/tb/tb_top.sv Line: 257

Time: 10095 ns Started: 10085 ns Scope: /tb_top/u_mon File: /run/media/sackb/Windows-SSD/Users/sackb/OneDrive/Desktop/University/Course_Work/2025-2026/Spring_2026/ECE_410/ECE410/project/post_m3_Minor_Redesign/tb/tb_top.sv Line:256
Error: AXI MONITOR: core_C changed while core is idle
Time: 10095 ns  Iteration: 0  Process: /tb_top/u_mon//tb_top/u_mon  Scope: tb_top.u_mon  File: /run/media/sackb/Windows-SSD/Users/sackb/OneDrive/Desktop/University/Course_Work/2025-2026/Spring_2026/ECE_410/ECE410/project/post_m3_Minor_Redesign/tb/tb_top.sv Line: 257

Time: 10105 ns Started: 10095 ns Scope: /tb_top/u_mon File: /run/media/sackb/Windows-SSD/Users/sackb/OneDrive/Desktop/University/Course_Work/2025-2026/Spring_2026/ECE_410/ECE410/project/post_m3_Minor_Redesign/tb/tb_top.sv Line:256
Error: AXI MONITOR: core_C changed while core is idle
Time: 10105 ns  Iteration: 0  Process: /tb_top/u_mon//tb_top/u_mon  Scope: tb_top.u_mon  File: /run/media/sackb/Windows-SSD/Users/sackb/OneDrive/Desktop/University/Course_Work/2025-2026/Spring_2026/ECE_410/ECE410/project/post_m3_Minor_Redesign/tb/tb_top.sv Line: 257

Time: 10115 ns Started: 10105 ns Scope: /tb_top/u_mon File: /run/media/sackb/Windows-SSD/Users/sackb/OneDrive/Desktop/University/Course_Work/2025-2026/Spring_2026/ECE_410/ECE410/project/post_m3_Minor_Redesign/tb/tb_top.sv Line:256
Error: AXI MONITOR: core_C changed while core is idle
Time: 10115 ns  Iteration: 0  Process: /tb_top/u_mon//tb_top/u_mon  Scope: tb_top.u_mon  File: /run/media/sackb/Windows-SSD/Users/sackb/OneDrive/Desktop/University/Course_Work/2025-2026/Spring_2026/ECE_410/ECE410/project/post_m3_Minor_Redesign/tb/tb_top.sv Line: 257

Time: 10125 ns Started: 10115 ns Scope: /tb_top/u_mon File: /run/media/sackb/Windows-SSD/Users/sackb/OneDrive/Desktop/University/Course_Work/2025-2026/Spring_2026/ECE_410/ECE410/project/post_m3_Minor_Redesign/tb/tb_top.sv Line:256
Error: AXI MONITOR: core_C changed while core is idle
Time: 10125 ns  Iteration: 0  Process: /tb_top/u_mon//tb_top/u_mon  Scope: tb_top.u_mon  File: /run/media/sackb/Windows-SSD/Users/sackb/OneDrive/Desktop/University/Course_Work/2025-2026/Spring_2026/ECE_410/ECE410/project/post_m3_Minor_Redesign/tb/tb_top.sv Line: 257

Time: 10135 ns Started: 10125 ns Scope: /tb_top/u_mon File: /run/media/sackb/Windows-SSD/Users/sackb/OneDrive/Desktop/University/Course_Work/2025-2026/Spring_2026/ECE_410/ECE410/project/post_m3_Minor_Redesign/tb/tb_top.sv Line:256
Error: AXI MONITOR: core_C changed while core is idle
Time: 10135 ns  Iteration: 0  Process: /tb_top/u_mon//tb_top/u_mon  Scope: tb_top.u_mon  File: /run/media/sackb/Windows-SSD/Users/sackb/OneDrive/Desktop/University/Course_Work/2025-2026/Spring_2026/ECE_410/ECE410/project/post_m3_Minor_Redesign/tb/tb_top.sv Line: 257

Time: 10145 ns Started: 10135 ns Scope: /tb_top/u_mon File: /run/media/sackb/Windows-SSD/Users/sackb/OneDrive/Desktop/University/Course_Work/2025-2026/Spring_2026/ECE_410/ECE410/project/post_m3_Minor_Redesign/tb/tb_top.sv Line:256
Error: AXI MONITOR: core_C changed while core is idle
Time: 10145 ns  Iteration: 0  Process: /tb_top/u_mon//tb_top/u_mon  Scope: tb_top.u_mon  File: /run/media/sackb/Windows-SSD/Users/sackb/OneDrive/Desktop/University/Course_Work/2025-2026/Spring_2026/ECE_410/ECE410/project/post_m3_Minor_Redesign/tb/tb_top.sv Line: 257

Time: 10155 ns Started: 10145 ns Scope: /tb_top/u_mon File: /run/media/sackb/Windows-SSD/Users/sackb/OneDrive/Desktop/University/Course_Work/2025-2026/Spring_2026/ECE_410/ECE410/project/post_m3_Minor_Redesign/tb/tb_top.sv Line:256
Error: AXI MONITOR: core_C changed while core is idle
Time: 10155 ns  Iteration: 0  Process: /tb_top/u_mon//tb_top/u_mon  Scope: tb_top.u_mon  File: /run/media/sackb/Windows-SSD/Users/sackb/OneDrive/Desktop/University/Course_Work/2025-2026/Spring_2026/ECE_410/ECE410/project/post_m3_Minor_Redesign/tb/tb_top.sv Line: 257

Time: 10165 ns Started: 10155 ns Scope: /tb_top/u_mon File: /run/media/sackb/Windows-SSD/Users/sackb/OneDrive/Desktop/University/Course_Work/2025-2026/Spring_2026/ECE_410/ECE410/project/post_m3_Minor_Redesign/tb/tb_top.sv Line:256
Error: AXI MONITOR: core_C changed while core is idle
Time: 10165 ns  Iteration: 0  Process: /tb_top/u_mon//tb_top/u_mon  Scope: tb_top.u_mon  File: /run/media/sackb/Windows-SSD/Users/sackb/OneDrive/Desktop/University/Course_Work/2025-2026/Spring_2026/ECE_410/ECE410/project/post_m3_Minor_Redesign/tb/tb_top.sv Line: 257

Time: 10175 ns Started: 10165 ns Scope: /tb_top/u_mon File: /run/media/sackb/Windows-SSD/Users/sackb/OneDrive/Desktop/University/Course_Work/2025-2026/Spring_2026/ECE_410/ECE410/project/post_m3_Minor_Redesign/tb/tb_top.sv Line:256
Error: AXI MONITOR: core_C changed while core is idle
Time: 10175 ns  Iteration: 0  Process: /tb_top/u_mon//tb_top/u_mon  Scope: tb_top.u_mon  File: /run/media/sackb/Windows-SSD/Users/sackb/OneDrive/Desktop/University/Course_Work/2025-2026/Spring_2026/ECE_410/ECE410/project/post_m3_Minor_Redesign/tb/tb_top.sv Line: 257

Time: 10185 ns Started: 10175 ns Scope: /tb_top/u_mon File: /run/media/sackb/Windows-SSD/Users/sackb/OneDrive/Desktop/University/Course_Work/2025-2026/Spring_2026/ECE_410/ECE410/project/post_m3_Minor_Redesign/tb/tb_top.sv Line:256
Error: AXI MONITOR: core_C changed while core is idle
Time: 10185 ns  Iteration: 0  Process: /tb_top/u_mon//tb_top/u_mon  Scope: tb_top.u_mon  File: /run/media/sackb/Windows-SSD/Users/sackb/OneDrive/Desktop/University/Course_Work/2025-2026/Spring_2026/ECE_410/ECE410/project/post_m3_Minor_Redesign/tb/tb_top.sv Line: 257

Time: 10195 ns Started: 10185 ns Scope: /tb_top/u_mon File: /run/media/sackb/Windows-SSD/Users/sackb/OneDrive/Desktop/University/Course_Work/2025-2026/Spring_2026/ECE_410/ECE410/project/post_m3_Minor_Redesign/tb/tb_top.sv Line:256
Error: AXI MONITOR: core_C changed while core is idle
Time: 10195 ns  Iteration: 0  Process: /tb_top/u_mon//tb_top/u_mon  Scope: tb_top.u_mon  File: /run/media/sackb/Windows-SSD/Users/sackb/OneDrive/Desktop/University/Course_Work/2025-2026/Spring_2026/ECE_410/ECE410/project/post_m3_Minor_Redesign/tb/tb_top.sv Line: 257

Time: 10205 ns Started: 10195 ns Scope: /tb_top/u_mon File: /run/media/sackb/Windows-SSD/Users/sackb/OneDrive/Desktop/University/Course_Work/2025-2026/Spring_2026/ECE_410/ECE410/project/post_m3_Minor_Redesign/tb/tb_top.sv Line:256
Error: AXI MONITOR: core_C changed while core is idle
Time: 10205 ns  Iteration: 0  Process: /tb_top/u_mon//tb_top/u_mon  Scope: tb_top.u_mon  File: /run/media/sackb/Windows-SSD/Users/sackb/OneDrive/Desktop/University/Course_Work/2025-2026/Spring_2026/ECE_410/ECE410/project/post_m3_Minor_Redesign/tb/tb_top.sv Line: 257

Time: 10215 ns Started: 10205 ns Scope: /tb_top/u_mon File: /run/media/sackb/Windows-SSD/Users/sackb/OneDrive/Desktop/University/Course_Work/2025-2026/Spring_2026/ECE_410/ECE410/project/post_m3_Minor_Redesign/tb/tb_top.sv Line:256
Error: AXI MONITOR: core_C changed while core is idle
Time: 10215 ns  Iteration: 0  Process: /tb_top/u_mon//tb_top/u_mon  Scope: tb_top.u_mon  File: /run/media/sackb/Windows-SSD/Users/sackb/OneDrive/Desktop/University/Course_Work/2025-2026/Spring_2026/ECE_410/ECE410/project/post_m3_Minor_Redesign/tb/tb_top.sv Line: 257

Time: 10225 ns Started: 10215 ns Scope: /tb_top/u_mon File: /run/media/sackb/Windows-SSD/Users/sackb/OneDrive/Desktop/University/Course_Work/2025-2026/Spring_2026/ECE_410/ECE410/project/post_m3_Minor_Redesign/tb/tb_top.sv Line:256
Error: AXI MONITOR: core_C changed while core is idle
Time: 10225 ns  Iteration: 0  Process: /tb_top/u_mon//tb_top/u_mon  Scope: tb_top.u_mon  File: /run/media/sackb/Windows-SSD/Users/sackb/OneDrive/Desktop/University/Course_Work/2025-2026/Spring_2026/ECE_410/ECE410/project/post_m3_Minor_Redesign/tb/tb_top.sv Line: 257

Time: 10235 ns Started: 10225 ns Scope: /tb_top/u_mon File: /run/media/sackb/Windows-SSD/Users/sackb/OneDrive/Desktop/University/Course_Work/2025-2026/Spring_2026/ECE_410/ECE410/project/post_m3_Minor_Redesign/tb/tb_top.sv Line:256
Error: AXI MONITOR: core_C changed while core is idle
Time: 10235 ns  Iteration: 0  Process: /tb_top/u_mon//tb_top/u_mon  Scope: tb_top.u_mon  File: /run/media/sackb/Windows-SSD/Users/sackb/OneDrive/Desktop/University/Course_Work/2025-2026/Spring_2026/ECE_410/ECE410/project/post_m3_Minor_Redesign/tb/tb_top.sv Line: 257

Time: 10245 ns Started: 10235 ns Scope: /tb_top/u_mon File: /run/media/sackb/Windows-SSD/Users/sackb/OneDrive/Desktop/University/Course_Work/2025-2026/Spring_2026/ECE_410/ECE410/project/post_m3_Minor_Redesign/tb/tb_top.sv Line:256
Error: AXI MONITOR: core_C changed while core is idle
Time: 10245 ns  Iteration: 0  Process: /tb_top/u_mon//tb_top/u_mon  Scope: tb_top.u_mon  File: /run/media/sackb/Windows-SSD/Users/sackb/OneDrive/Desktop/University/Course_Work/2025-2026/Spring_2026/ECE_410/ECE410/project/post_m3_Minor_Redesign/tb/tb_top.sv Line: 257

Time: 10255 ns Started: 10245 ns Scope: /tb_top/u_mon File: /run/media/sackb/Windows-SSD/Users/sackb/OneDrive/Desktop/University/Course_Work/2025-2026/Spring_2026/ECE_410/ECE410/project/post_m3_Minor_Redesign/tb/tb_top.sv Line:256
Error: AXI MONITOR: core_C changed while core is idle
Time: 10255 ns  Iteration: 0  Process: /tb_top/u_mon//tb_top/u_mon  Scope: tb_top.u_mon  File: /run/media/sackb/Windows-SSD/Users/sackb/OneDrive/Desktop/University/Course_Work/2025-2026/Spring_2026/ECE_410/ECE410/project/post_m3_Minor_Redesign/tb/tb_top.sv Line: 257

Time: 10265 ns Started: 10255 ns Scope: /tb_top/u_mon File: /run/media/sackb/Windows-SSD/Users/sackb/OneDrive/Desktop/University/Course_Work/2025-2026/Spring_2026/ECE_410/ECE410/project/post_m3_Minor_Redesign/tb/tb_top.sv Line:256
Error: AXI MONITOR: core_C changed while core is idle
Time: 10265 ns  Iteration: 0  Process: /tb_top/u_mon//tb_top/u_mon  Scope: tb_top.u_mon  File: /run/media/sackb/Windows-SSD/Users/sackb/OneDrive/Desktop/University/Course_Work/2025-2026/Spring_2026/ECE_410/ECE410/project/post_m3_Minor_Redesign/tb/tb_top.sv Line: 257

Time: 10275 ns Started: 10265 ns Scope: /tb_top/u_mon File: /run/media/sackb/Windows-SSD/Users/sackb/OneDrive/Desktop/University/Course_Work/2025-2026/Spring_2026/ECE_410/ECE410/project/post_m3_Minor_Redesign/tb/tb_top.sv Line:256
Error: AXI MONITOR: core_C changed while core is idle
Time: 10275 ns  Iteration: 0  Process: /tb_top/u_mon//tb_top/u_mon  Scope: tb_top.u_mon  File: /run/media/sackb/Windows-SSD/Users/sackb/OneDrive/Desktop/University/Course_Work/2025-2026/Spring_2026/ECE_410/ECE410/project/post_m3_Minor_Redesign/tb/tb_top.sv Line: 257

Time: 10285 ns Started: 10275 ns Scope: /tb_top/u_mon File: /run/media/sackb/Windows-SSD/Users/sackb/OneDrive/Desktop/University/Course_Work/2025-2026/Spring_2026/ECE_410/ECE410/project/post_m3_Minor_Redesign/tb/tb_top.sv Line:256
Error: AXI MONITOR: core_C changed while core is idle
Time: 10285 ns  Iteration: 0  Process: /tb_top/u_mon//tb_top/u_mon  Scope: tb_top.u_mon  File: /run/media/sackb/Windows-SSD/Users/sackb/OneDrive/Desktop/University/Course_Work/2025-2026/Spring_2026/ECE_410/ECE410/project/post_m3_Minor_Redesign/tb/tb_top.sv Line: 257

Time: 10295 ns Started: 10285 ns Scope: /tb_top/u_mon File: /run/media/sackb/Windows-SSD/Users/sackb/OneDrive/Desktop/University/Course_Work/2025-2026/Spring_2026/ECE_410/ECE410/project/post_m3_Minor_Redesign/tb/tb_top.sv Line:256
Error: AXI MONITOR: core_C changed while core is idle
Time: 10295 ns  Iteration: 0  Process: /tb_top/u_mon//tb_top/u_mon  Scope: tb_top.u_mon  File: /run/media/sackb/Windows-SSD/Users/sackb/OneDrive/Desktop/University/Course_Work/2025-2026/Spring_2026/ECE_410/ECE410/project/post_m3_Minor_Redesign/tb/tb_top.sv Line: 257

Time: 10305 ns Started: 10295 ns Scope: /tb_top/u_mon File: /run/media/sackb/Windows-SSD/Users/sackb/OneDrive/Desktop/University/Course_Work/2025-2026/Spring_2026/ECE_410/ECE410/project/post_m3_Minor_Redesign/tb/tb_top.sv Line:256
Error: AXI MONITOR: core_C changed while core is idle
Time: 10305 ns  Iteration: 0  Process: /tb_top/u_mon//tb_top/u_mon  Scope: tb_top.u_mon  File: /run/media/sackb/Windows-SSD/Users/sackb/OneDrive/Desktop/University/Course_Work/2025-2026/Spring_2026/ECE_410/ECE410/project/post_m3_Minor_Redesign/tb/tb_top.sv Line: 257

Time: 10315 ns Started: 10305 ns Scope: /tb_top/u_mon File: /run/media/sackb/Windows-SSD/Users/sackb/OneDrive/Desktop/University/Course_Work/2025-2026/Spring_2026/ECE_410/ECE410/project/post_m3_Minor_Redesign/tb/tb_top.sv Line:256
Error: AXI MONITOR: core_C changed while core is idle
Time: 10315 ns  Iteration: 0  Process: /tb_top/u_mon//tb_top/u_mon  Scope: tb_top.u_mon  File: /run/media/sackb/Windows-SSD/Users/sackb/OneDrive/Desktop/University/Course_Work/2025-2026/Spring_2026/ECE_410/ECE410/project/post_m3_Minor_Redesign/tb/tb_top.sv Line: 257

Time: 10325 ns Started: 10315 ns Scope: /tb_top/u_mon File: /run/media/sackb/Windows-SSD/Users/sackb/OneDrive/Desktop/University/Course_Work/2025-2026/Spring_2026/ECE_410/ECE410/project/post_m3_Minor_Redesign/tb/tb_top.sv Line:256
Error: AXI MONITOR: core_C changed while core is idle
Time: 10325 ns  Iteration: 0  Process: /tb_top/u_mon//tb_top/u_mon  Scope: tb_top.u_mon  File: /run/media/sackb/Windows-SSD/Users/sackb/OneDrive/Desktop/University/Course_Work/2025-2026/Spring_2026/ECE_410/ECE410/project/post_m3_Minor_Redesign/tb/tb_top.sv Line: 257

Time: 10335 ns Started: 10325 ns Scope: /tb_top/u_mon File: /run/media/sackb/Windows-SSD/Users/sackb/OneDrive/Desktop/University/Course_Work/2025-2026/Spring_2026/ECE_410/ECE410/project/post_m3_Minor_Redesign/tb/tb_top.sv Line:256
Error: AXI MONITOR: core_C changed while core is idle
Time: 10335 ns  Iteration: 0  Process: /tb_top/u_mon//tb_top/u_mon  Scope: tb_top.u_mon  File: /run/media/sackb/Windows-SSD/Users/sackb/OneDrive/Desktop/University/Course_Work/2025-2026/Spring_2026/ECE_410/ECE410/project/post_m3_Minor_Redesign/tb/tb_top.sv Line: 257

Time: 11075 ns Started: 11065 ns Scope: /tb_top/u_mon File: /run/media/sackb/Windows-SSD/Users/sackb/OneDrive/Desktop/University/Course_Work/2025-2026/Spring_2026/ECE_410/ECE410/project/post_m3_Minor_Redesign/tb/tb_top.sv Line:256
Error: AXI MONITOR: core_C changed while core is idle
Time: 11075 ns  Iteration: 0  Process: /tb_top/u_mon//tb_top/u_mon  Scope: tb_top.u_mon  File: /run/media/sackb/Windows-SSD/Users/sackb/OneDrive/Desktop/University/Course_Work/2025-2026/Spring_2026/ECE_410/ECE410/project/post_m3_Minor_Redesign/tb/tb_top.sv Line: 257

Time: 11085 ns Started: 11075 ns Scope: /tb_top/u_mon File: /run/media/sackb/Windows-SSD/Users/sackb/OneDrive/Desktop/University/Course_Work/2025-2026/Spring_2026/ECE_410/ECE410/project/post_m3_Minor_Redesign/tb/tb_top.sv Line:256
Error: AXI MONITOR: core_C changed while core is idle
Time: 11085 ns  Iteration: 0  Process: /tb_top/u_mon//tb_top/u_mon  Scope: tb_top.u_mon  File: /run/media/sackb/Windows-SSD/Users/sackb/OneDrive/Desktop/University/Course_Work/2025-2026/Spring_2026/ECE_410/ECE410/project/post_m3_Minor_Redesign/tb/tb_top.sv Line: 257

Time: 11095 ns Started: 11085 ns Scope: /tb_top/u_mon File: /run/media/sackb/Windows-SSD/Users/sackb/OneDrive/Desktop/University/Course_Work/2025-2026/Spring_2026/ECE_410/ECE410/project/post_m3_Minor_Redesign/tb/tb_top.sv Line:256
Error: AXI MONITOR: core_C changed while core is idle
Time: 11095 ns  Iteration: 0  Process: /tb_top/u_mon//tb_top/u_mon  Scope: tb_top.u_mon  File: /run/media/sackb/Windows-SSD/Users/sackb/OneDrive/Desktop/University/Course_Work/2025-2026/Spring_2026/ECE_410/ECE410/project/post_m3_Minor_Redesign/tb/tb_top.sv Line: 257

Time: 11105 ns Started: 11095 ns Scope: /tb_top/u_mon File: /run/media/sackb/Windows-SSD/Users/sackb/OneDrive/Desktop/University/Course_Work/2025-2026/Spring_2026/ECE_410/ECE410/project/post_m3_Minor_Redesign/tb/tb_top.sv Line:256
Error: AXI MONITOR: core_C changed while core is idle
Time: 11105 ns  Iteration: 0  Process: /tb_top/u_mon//tb_top/u_mon  Scope: tb_top.u_mon  File: /run/media/sackb/Windows-SSD/Users/sackb/OneDrive/Desktop/University/Course_Work/2025-2026/Spring_2026/ECE_410/ECE410/project/post_m3_Minor_Redesign/tb/tb_top.sv Line: 257

Time: 11115 ns Started: 11105 ns Scope: /tb_top/u_mon File: /run/media/sackb/Windows-SSD/Users/sackb/OneDrive/Desktop/University/Course_Work/2025-2026/Spring_2026/ECE_410/ECE410/project/post_m3_Minor_Redesign/tb/tb_top.sv Line:256
Error: AXI MONITOR: core_C changed while core is idle
Time: 11115 ns  Iteration: 0  Process: /tb_top/u_mon//tb_top/u_mon  Scope: tb_top.u_mon  File: /run/media/sackb/Windows-SSD/Users/sackb/OneDrive/Desktop/University/Course_Work/2025-2026/Spring_2026/ECE_410/ECE410/project/post_m3_Minor_Redesign/tb/tb_top.sv Line: 257

Time: 11125 ns Started: 11115 ns Scope: /tb_top/u_mon File: /run/media/sackb/Windows-SSD/Users/sackb/OneDrive/Desktop/University/Course_Work/2025-2026/Spring_2026/ECE_410/ECE410/project/post_m3_Minor_Redesign/tb/tb_top.sv Line:256
Error: AXI MONITOR: core_C changed while core is idle
Time: 11125 ns  Iteration: 0  Process: /tb_top/u_mon//tb_top/u_mon  Scope: tb_top.u_mon  File: /run/media/sackb/Windows-SSD/Users/sackb/OneDrive/Desktop/University/Course_Work/2025-2026/Spring_2026/ECE_410/ECE410/project/post_m3_Minor_Redesign/tb/tb_top.sv Line: 257

Time: 11135 ns Started: 11125 ns Scope: /tb_top/u_mon File: /run/media/sackb/Windows-SSD/Users/sackb/OneDrive/Desktop/University/Course_Work/2025-2026/Spring_2026/ECE_410/ECE410/project/post_m3_Minor_Redesign/tb/tb_top.sv Line:256
Error: AXI MONITOR: core_C changed while core is idle
Time: 11135 ns  Iteration: 0  Process: /tb_top/u_mon//tb_top/u_mon  Scope: tb_top.u_mon  File: /run/media/sackb/Windows-SSD/Users/sackb/OneDrive/Desktop/University/Course_Work/2025-2026/Spring_2026/ECE_410/ECE410/project/post_m3_Minor_Redesign/tb/tb_top.sv Line: 257

Time: 11145 ns Started: 11135 ns Scope: /tb_top/u_mon File: /run/media/sackb/Windows-SSD/Users/sackb/OneDrive/Desktop/University/Course_Work/2025-2026/Spring_2026/ECE_410/ECE410/project/post_m3_Minor_Redesign/tb/tb_top.sv Line:256
Error: AXI MONITOR: core_C changed while core is idle
Time: 11145 ns  Iteration: 0  Process: /tb_top/u_mon//tb_top/u_mon  Scope: tb_top.u_mon  File: /run/media/sackb/Windows-SSD/Users/sackb/OneDrive/Desktop/University/Course_Work/2025-2026/Spring_2026/ECE_410/ECE410/project/post_m3_Minor_Redesign/tb/tb_top.sv Line: 257

Time: 11155 ns Started: 11145 ns Scope: /tb_top/u_mon File: /run/media/sackb/Windows-SSD/Users/sackb/OneDrive/Desktop/University/Course_Work/2025-2026/Spring_2026/ECE_410/ECE410/project/post_m3_Minor_Redesign/tb/tb_top.sv Line:256
Error: AXI MONITOR: core_C changed while core is idle
Time: 11155 ns  Iteration: 0  Process: /tb_top/u_mon//tb_top/u_mon  Scope: tb_top.u_mon  File: /run/media/sackb/Windows-SSD/Users/sackb/OneDrive/Desktop/University/Course_Work/2025-2026/Spring_2026/ECE_410/ECE410/project/post_m3_Minor_Redesign/tb/tb_top.sv Line: 257

Time: 11165 ns Started: 11155 ns Scope: /tb_top/u_mon File: /run/media/sackb/Windows-SSD/Users/sackb/OneDrive/Desktop/University/Course_Work/2025-2026/Spring_2026/ECE_410/ECE410/project/post_m3_Minor_Redesign/tb/tb_top.sv Line:256
Error: AXI MONITOR: core_C changed while core is idle
Time: 11165 ns  Iteration: 0  Process: /tb_top/u_mon//tb_top/u_mon  Scope: tb_top.u_mon  File: /run/media/sackb/Windows-SSD/Users/sackb/OneDrive/Desktop/University/Course_Work/2025-2026/Spring_2026/ECE_410/ECE410/project/post_m3_Minor_Redesign/tb/tb_top.sv Line: 257

Time: 11175 ns Started: 11165 ns Scope: /tb_top/u_mon File: /run/media/sackb/Windows-SSD/Users/sackb/OneDrive/Desktop/University/Course_Work/2025-2026/Spring_2026/ECE_410/ECE410/project/post_m3_Minor_Redesign/tb/tb_top.sv Line:256
Error: AXI MONITOR: core_C changed while core is idle
Time: 11175 ns  Iteration: 0  Process: /tb_top/u_mon//tb_top/u_mon  Scope: tb_top.u_mon  File: /run/media/sackb/Windows-SSD/Users/sackb/OneDrive/Desktop/University/Course_Work/2025-2026/Spring_2026/ECE_410/ECE410/project/post_m3_Minor_Redesign/tb/tb_top.sv Line: 257

Time: 11185 ns Started: 11175 ns Scope: /tb_top/u_mon File: /run/media/sackb/Windows-SSD/Users/sackb/OneDrive/Desktop/University/Course_Work/2025-2026/Spring_2026/ECE_410/ECE410/project/post_m3_Minor_Redesign/tb/tb_top.sv Line:256
Error: AXI MONITOR: core_C changed while core is idle
Time: 11185 ns  Iteration: 0  Process: /tb_top/u_mon//tb_top/u_mon  Scope: tb_top.u_mon  File: /run/media/sackb/Windows-SSD/Users/sackb/OneDrive/Desktop/University/Course_Work/2025-2026/Spring_2026/ECE_410/ECE410/project/post_m3_Minor_Redesign/tb/tb_top.sv Line: 257

Time: 11195 ns Started: 11185 ns Scope: /tb_top/u_mon File: /run/media/sackb/Windows-SSD/Users/sackb/OneDrive/Desktop/University/Course_Work/2025-2026/Spring_2026/ECE_410/ECE410/project/post_m3_Minor_Redesign/tb/tb_top.sv Line:256
Error: AXI MONITOR: core_C changed while core is idle
Time: 11195 ns  Iteration: 0  Process: /tb_top/u_mon//tb_top/u_mon  Scope: tb_top.u_mon  File: /run/media/sackb/Windows-SSD/Users/sackb/OneDrive/Desktop/University/Course_Work/2025-2026/Spring_2026/ECE_410/ECE410/project/post_m3_Minor_Redesign/tb/tb_top.sv Line: 257

Time: 11205 ns Started: 11195 ns Scope: /tb_top/u_mon File: /run/media/sackb/Windows-SSD/Users/sackb/OneDrive/Desktop/University/Course_Work/2025-2026/Spring_2026/ECE_410/ECE410/project/post_m3_Minor_Redesign/tb/tb_top.sv Line:256
Error: AXI MONITOR: core_C changed while core is idle
Time: 11205 ns  Iteration: 0  Process: /tb_top/u_mon//tb_top/u_mon  Scope: tb_top.u_mon  File: /run/media/sackb/Windows-SSD/Users/sackb/OneDrive/Desktop/University/Course_Work/2025-2026/Spring_2026/ECE_410/ECE410/project/post_m3_Minor_Redesign/tb/tb_top.sv Line: 257

Time: 11215 ns Started: 11205 ns Scope: /tb_top/u_mon File: /run/media/sackb/Windows-SSD/Users/sackb/OneDrive/Desktop/University/Course_Work/2025-2026/Spring_2026/ECE_410/ECE410/project/post_m3_Minor_Redesign/tb/tb_top.sv Line:256
Error: AXI MONITOR: core_C changed while core is idle
Time: 11215 ns  Iteration: 0  Process: /tb_top/u_mon//tb_top/u_mon  Scope: tb_top.u_mon  File: /run/media/sackb/Windows-SSD/Users/sackb/OneDrive/Desktop/University/Course_Work/2025-2026/Spring_2026/ECE_410/ECE410/project/post_m3_Minor_Redesign/tb/tb_top.sv Line: 257

Time: 11225 ns Started: 11215 ns Scope: /tb_top/u_mon File: /run/media/sackb/Windows-SSD/Users/sackb/OneDrive/Desktop/University/Course_Work/2025-2026/Spring_2026/ECE_410/ECE410/project/post_m3_Minor_Redesign/tb/tb_top.sv Line:256
Error: AXI MONITOR: core_C changed while core is idle
Time: 11225 ns  Iteration: 0  Process: /tb_top/u_mon//tb_top/u_mon  Scope: tb_top.u_mon  File: /run/media/sackb/Windows-SSD/Users/sackb/OneDrive/Desktop/University/Course_Work/2025-2026/Spring_2026/ECE_410/ECE410/project/post_m3_Minor_Redesign/tb/tb_top.sv Line: 257

Time: 11235 ns Started: 11225 ns Scope: /tb_top/u_mon File: /run/media/sackb/Windows-SSD/Users/sackb/OneDrive/Desktop/University/Course_Work/2025-2026/Spring_2026/ECE_410/ECE410/project/post_m3_Minor_Redesign/tb/tb_top.sv Line:256
Error: AXI MONITOR: core_C changed while core is idle
Time: 11235 ns  Iteration: 0  Process: /tb_top/u_mon//tb_top/u_mon  Scope: tb_top.u_mon  File: /run/media/sackb/Windows-SSD/Users/sackb/OneDrive/Desktop/University/Course_Work/2025-2026/Spring_2026/ECE_410/ECE410/project/post_m3_Minor_Redesign/tb/tb_top.sv Line: 257

Time: 11245 ns Started: 11235 ns Scope: /tb_top/u_mon File: /run/media/sackb/Windows-SSD/Users/sackb/OneDrive/Desktop/University/Course_Work/2025-2026/Spring_2026/ECE_410/ECE410/project/post_m3_Minor_Redesign/tb/tb_top.sv Line:256
Error: AXI MONITOR: core_C changed while core is idle
Time: 11245 ns  Iteration: 0  Process: /tb_top/u_mon//tb_top/u_mon  Scope: tb_top.u_mon  File: /run/media/sackb/Windows-SSD/Users/sackb/OneDrive/Desktop/University/Course_Work/2025-2026/Spring_2026/ECE_410/ECE410/project/post_m3_Minor_Redesign/tb/tb_top.sv Line: 257

Time: 11255 ns Started: 11245 ns Scope: /tb_top/u_mon File: /run/media/sackb/Windows-SSD/Users/sackb/OneDrive/Desktop/University/Course_Work/2025-2026/Spring_2026/ECE_410/ECE410/project/post_m3_Minor_Redesign/tb/tb_top.sv Line:256
Error: AXI MONITOR: core_C changed while core is idle
Time: 11255 ns  Iteration: 0  Process: /tb_top/u_mon//tb_top/u_mon  Scope: tb_top.u_mon  File: /run/media/sackb/Windows-SSD/Users/sackb/OneDrive/Desktop/University/Course_Work/2025-2026/Spring_2026/ECE_410/ECE410/project/post_m3_Minor_Redesign/tb/tb_top.sv Line: 257

Time: 11265 ns Started: 11255 ns Scope: /tb_top/u_mon File: /run/media/sackb/Windows-SSD/Users/sackb/OneDrive/Desktop/University/Course_Work/2025-2026/Spring_2026/ECE_410/ECE410/project/post_m3_Minor_Redesign/tb/tb_top.sv Line:256
Error: AXI MONITOR: core_C changed while core is idle
Time: 11265 ns  Iteration: 0  Process: /tb_top/u_mon//tb_top/u_mon  Scope: tb_top.u_mon  File: /run/media/sackb/Windows-SSD/Users/sackb/OneDrive/Desktop/University/Course_Work/2025-2026/Spring_2026/ECE_410/ECE410/project/post_m3_Minor_Redesign/tb/tb_top.sv Line: 257

Time: 11275 ns Started: 11265 ns Scope: /tb_top/u_mon File: /run/media/sackb/Windows-SSD/Users/sackb/OneDrive/Desktop/University/Course_Work/2025-2026/Spring_2026/ECE_410/ECE410/project/post_m3_Minor_Redesign/tb/tb_top.sv Line:256
Error: AXI MONITOR: core_C changed while core is idle
Time: 11275 ns  Iteration: 0  Process: /tb_top/u_mon//tb_top/u_mon  Scope: tb_top.u_mon  File: /run/media/sackb/Windows-SSD/Users/sackb/OneDrive/Desktop/University/Course_Work/2025-2026/Spring_2026/ECE_410/ECE410/project/post_m3_Minor_Redesign/tb/tb_top.sv Line: 257

Time: 11285 ns Started: 11275 ns Scope: /tb_top/u_mon File: /run/media/sackb/Windows-SSD/Users/sackb/OneDrive/Desktop/University/Course_Work/2025-2026/Spring_2026/ECE_410/ECE410/project/post_m3_Minor_Redesign/tb/tb_top.sv Line:256
Error: AXI MONITOR: core_C changed while core is idle
Time: 11285 ns  Iteration: 0  Process: /tb_top/u_mon//tb_top/u_mon  Scope: tb_top.u_mon  File: /run/media/sackb/Windows-SSD/Users/sackb/OneDrive/Desktop/University/Course_Work/2025-2026/Spring_2026/ECE_410/ECE410/project/post_m3_Minor_Redesign/tb/tb_top.sv Line: 257

Time: 11295 ns Started: 11285 ns Scope: /tb_top/u_mon File: /run/media/sackb/Windows-SSD/Users/sackb/OneDrive/Desktop/University/Course_Work/2025-2026/Spring_2026/ECE_410/ECE410/project/post_m3_Minor_Redesign/tb/tb_top.sv Line:256
Error: AXI MONITOR: core_C changed while core is idle
Time: 11295 ns  Iteration: 0  Process: /tb_top/u_mon//tb_top/u_mon  Scope: tb_top.u_mon  File: /run/media/sackb/Windows-SSD/Users/sackb/OneDrive/Desktop/University/Course_Work/2025-2026/Spring_2026/ECE_410/ECE410/project/post_m3_Minor_Redesign/tb/tb_top.sv Line: 257

Time: 11305 ns Started: 11295 ns Scope: /tb_top/u_mon File: /run/media/sackb/Windows-SSD/Users/sackb/OneDrive/Desktop/University/Course_Work/2025-2026/Spring_2026/ECE_410/ECE410/project/post_m3_Minor_Redesign/tb/tb_top.sv Line:256
Error: AXI MONITOR: core_C changed while core is idle
Time: 11305 ns  Iteration: 0  Process: /tb_top/u_mon//tb_top/u_mon  Scope: tb_top.u_mon  File: /run/media/sackb/Windows-SSD/Users/sackb/OneDrive/Desktop/University/Course_Work/2025-2026/Spring_2026/ECE_410/ECE410/project/post_m3_Minor_Redesign/tb/tb_top.sv Line: 257

Time: 11315 ns Started: 11305 ns Scope: /tb_top/u_mon File: /run/media/sackb/Windows-SSD/Users/sackb/OneDrive/Desktop/University/Course_Work/2025-2026/Spring_2026/ECE_410/ECE410/project/post_m3_Minor_Redesign/tb/tb_top.sv Line:256
Error: AXI MONITOR: core_C changed while core is idle
Time: 11315 ns  Iteration: 0  Process: /tb_top/u_mon//tb_top/u_mon  Scope: tb_top.u_mon  File: /run/media/sackb/Windows-SSD/Users/sackb/OneDrive/Desktop/University/Course_Work/2025-2026/Spring_2026/ECE_410/ECE410/project/post_m3_Minor_Redesign/tb/tb_top.sv Line: 257

Time: 11325 ns Started: 11315 ns Scope: /tb_top/u_mon File: /run/media/sackb/Windows-SSD/Users/sackb/OneDrive/Desktop/University/Course_Work/2025-2026/Spring_2026/ECE_410/ECE410/project/post_m3_Minor_Redesign/tb/tb_top.sv Line:256
Error: AXI MONITOR: core_C changed while core is idle
Time: 11325 ns  Iteration: 0  Process: /tb_top/u_mon//tb_top/u_mon  Scope: tb_top.u_mon  File: /run/media/sackb/Windows-SSD/Users/sackb/OneDrive/Desktop/University/Course_Work/2025-2026/Spring_2026/ECE_410/ECE410/project/post_m3_Minor_Redesign/tb/tb_top.sv Line: 257

Time: 11335 ns Started: 11325 ns Scope: /tb_top/u_mon File: /run/media/sackb/Windows-SSD/Users/sackb/OneDrive/Desktop/University/Course_Work/2025-2026/Spring_2026/ECE_410/ECE410/project/post_m3_Minor_Redesign/tb/tb_top.sv Line:256
Error: AXI MONITOR: core_C changed while core is idle
Time: 11335 ns  Iteration: 0  Process: /tb_top/u_mon//tb_top/u_mon  Scope: tb_top.u_mon  File: /run/media/sackb/Windows-SSD/Users/sackb/OneDrive/Desktop/University/Course_Work/2025-2026/Spring_2026/ECE_410/ECE410/project/post_m3_Minor_Redesign/tb/tb_top.sv Line: 257

Time: 11345 ns Started: 11335 ns Scope: /tb_top/u_mon File: /run/media/sackb/Windows-SSD/Users/sackb/OneDrive/Desktop/University/Course_Work/2025-2026/Spring_2026/ECE_410/ECE410/project/post_m3_Minor_Redesign/tb/tb_top.sv Line:256
Error: AXI MONITOR: core_C changed while core is idle
Time: 11345 ns  Iteration: 0  Process: /tb_top/u_mon//tb_top/u_mon  Scope: tb_top.u_mon  File: /run/media/sackb/Windows-SSD/Users/sackb/OneDrive/Desktop/University/Course_Work/2025-2026/Spring_2026/ECE_410/ECE410/project/post_m3_Minor_Redesign/tb/tb_top.sv Line: 257

Time: 11355 ns Started: 11345 ns Scope: /tb_top/u_mon File: /run/media/sackb/Windows-SSD/Users/sackb/OneDrive/Desktop/University/Course_Work/2025-2026/Spring_2026/ECE_410/ECE410/project/post_m3_Minor_Redesign/tb/tb_top.sv Line:256
Error: AXI MONITOR: core_C changed while core is idle
Time: 11355 ns  Iteration: 0  Process: /tb_top/u_mon//tb_top/u_mon  Scope: tb_top.u_mon  File: /run/media/sackb/Windows-SSD/Users/sackb/OneDrive/Desktop/University/Course_Work/2025-2026/Spring_2026/ECE_410/ECE410/project/post_m3_Minor_Redesign/tb/tb_top.sv Line: 257

Time: 11365 ns Started: 11355 ns Scope: /tb_top/u_mon File: /run/media/sackb/Windows-SSD/Users/sackb/OneDrive/Desktop/University/Course_Work/2025-2026/Spring_2026/ECE_410/ECE410/project/post_m3_Minor_Redesign/tb/tb_top.sv Line:256
Error: AXI MONITOR: core_C changed while core is idle
Time: 11365 ns  Iteration: 0  Process: /tb_top/u_mon//tb_top/u_mon  Scope: tb_top.u_mon  File: /run/media/sackb/Windows-SSD/Users/sackb/OneDrive/Desktop/University/Course_Work/2025-2026/Spring_2026/ECE_410/ECE410/project/post_m3_Minor_Redesign/tb/tb_top.sv Line: 257

Time: 11375 ns Started: 11365 ns Scope: /tb_top/u_mon File: /run/media/sackb/Windows-SSD/Users/sackb/OneDrive/Desktop/University/Course_Work/2025-2026/Spring_2026/ECE_410/ECE410/project/post_m3_Minor_Redesign/tb/tb_top.sv Line:256
Error: AXI MONITOR: core_C changed while core is idle
Time: 11375 ns  Iteration: 0  Process: /tb_top/u_mon//tb_top/u_mon  Scope: tb_top.u_mon  File: /run/media/sackb/Windows-SSD/Users/sackb/OneDrive/Desktop/University/Course_Work/2025-2026/Spring_2026/ECE_410/ECE410/project/post_m3_Minor_Redesign/tb/tb_top.sv Line: 257

Time: 11385 ns Started: 11375 ns Scope: /tb_top/u_mon File: /run/media/sackb/Windows-SSD/Users/sackb/OneDrive/Desktop/University/Course_Work/2025-2026/Spring_2026/ECE_410/ECE410/project/post_m3_Minor_Redesign/tb/tb_top.sv Line:256
Error: AXI MONITOR: core_C changed while core is idle
Time: 11385 ns  Iteration: 0  Process: /tb_top/u_mon//tb_top/u_mon  Scope: tb_top.u_mon  File: /run/media/sackb/Windows-SSD/Users/sackb/OneDrive/Desktop/University/Course_Work/2025-2026/Spring_2026/ECE_410/ECE410/project/post_m3_Minor_Redesign/tb/tb_top.sv Line: 257

Time: 11395 ns Started: 11385 ns Scope: /tb_top/u_mon File: /run/media/sackb/Windows-SSD/Users/sackb/OneDrive/Desktop/University/Course_Work/2025-2026/Spring_2026/ECE_410/ECE410/project/post_m3_Minor_Redesign/tb/tb_top.sv Line:256
Error: AXI MONITOR: core_C changed while core is idle
Time: 11395 ns  Iteration: 0  Process: /tb_top/u_mon//tb_top/u_mon  Scope: tb_top.u_mon  File: /run/media/sackb/Windows-SSD/Users/sackb/OneDrive/Desktop/University/Course_Work/2025-2026/Spring_2026/ECE_410/ECE410/project/post_m3_Minor_Redesign/tb/tb_top.sv Line: 257

Time: 11405 ns Started: 11395 ns Scope: /tb_top/u_mon File: /run/media/sackb/Windows-SSD/Users/sackb/OneDrive/Desktop/University/Course_Work/2025-2026/Spring_2026/ECE_410/ECE410/project/post_m3_Minor_Redesign/tb/tb_top.sv Line:256
Error: AXI MONITOR: core_C changed while core is idle
Time: 11405 ns  Iteration: 0  Process: /tb_top/u_mon//tb_top/u_mon  Scope: tb_top.u_mon  File: /run/media/sackb/Windows-SSD/Users/sackb/OneDrive/Desktop/University/Course_Work/2025-2026/Spring_2026/ECE_410/ECE410/project/post_m3_Minor_Redesign/tb/tb_top.sv Line: 257

Time: 11415 ns Started: 11405 ns Scope: /tb_top/u_mon File: /run/media/sackb/Windows-SSD/Users/sackb/OneDrive/Desktop/University/Course_Work/2025-2026/Spring_2026/ECE_410/ECE410/project/post_m3_Minor_Redesign/tb/tb_top.sv Line:256
Error: AXI MONITOR: core_C changed while core is idle
Time: 11415 ns  Iteration: 0  Process: /tb_top/u_mon//tb_top/u_mon  Scope: tb_top.u_mon  File: /run/media/sackb/Windows-SSD/Users/sackb/OneDrive/Desktop/University/Course_Work/2025-2026/Spring_2026/ECE_410/ECE410/project/post_m3_Minor_Redesign/tb/tb_top.sv Line: 257

Time: 11425 ns Started: 11415 ns Scope: /tb_top/u_mon File: /run/media/sackb/Windows-SSD/Users/sackb/OneDrive/Desktop/University/Course_Work/2025-2026/Spring_2026/ECE_410/ECE410/project/post_m3_Minor_Redesign/tb/tb_top.sv Line:256
Error: AXI MONITOR: core_C changed while core is idle
Time: 11425 ns  Iteration: 0  Process: /tb_top/u_mon//tb_top/u_mon  Scope: tb_top.u_mon  File: /run/media/sackb/Windows-SSD/Users/sackb/OneDrive/Desktop/University/Course_Work/2025-2026/Spring_2026/ECE_410/ECE410/project/post_m3_Minor_Redesign/tb/tb_top.sv Line: 257

Time: 11435 ns Started: 11425 ns Scope: /tb_top/u_mon File: /run/media/sackb/Windows-SSD/Users/sackb/OneDrive/Desktop/University/Course_Work/2025-2026/Spring_2026/ECE_410/ECE410/project/post_m3_Minor_Redesign/tb/tb_top.sv Line:256
Error: AXI MONITOR: core_C changed while core is idle
Time: 11435 ns  Iteration: 0  Process: /tb_top/u_mon//tb_top/u_mon  Scope: tb_top.u_mon  File: /run/media/sackb/Windows-SSD/Users/sackb/OneDrive/Desktop/University/Course_Work/2025-2026/Spring_2026/ECE_410/ECE410/project/post_m3_Minor_Redesign/tb/tb_top.sv Line: 257

Time: 11445 ns Started: 11435 ns Scope: /tb_top/u_mon File: /run/media/sackb/Windows-SSD/Users/sackb/OneDrive/Desktop/University/Course_Work/2025-2026/Spring_2026/ECE_410/ECE410/project/post_m3_Minor_Redesign/tb/tb_top.sv Line:256
Error: AXI MONITOR: core_C changed while core is idle
Time: 11445 ns  Iteration: 0  Process: /tb_top/u_mon//tb_top/u_mon  Scope: tb_top.u_mon  File: /run/media/sackb/Windows-SSD/Users/sackb/OneDrive/Desktop/University/Course_Work/2025-2026/Spring_2026/ECE_410/ECE410/project/post_m3_Minor_Redesign/tb/tb_top.sv Line: 257
TB_TOP: Iteration 5 complete
TB_TOP: Starting iteration 6

Time: 11455 ns Started: 11445 ns Scope: /tb_top/u_mon File: /run/media/sackb/Windows-SSD/Users/sackb/OneDrive/Desktop/University/Course_Work/2025-2026/Spring_2026/ECE_410/ECE410/project/post_m3_Minor_Redesign/tb/tb_top.sv Line:256
Error: AXI MONITOR: core_C changed while core is idle
Time: 11455 ns  Iteration: 0  Process: /tb_top/u_mon//tb_top/u_mon  Scope: tb_top.u_mon  File: /run/media/sackb/Windows-SSD/Users/sackb/OneDrive/Desktop/University/Course_Work/2025-2026/Spring_2026/ECE_410/ECE410/project/post_m3_Minor_Redesign/tb/tb_top.sv Line: 257

Time: 11465 ns Started: 11455 ns Scope: /tb_top/u_mon File: /run/media/sackb/Windows-SSD/Users/sackb/OneDrive/Desktop/University/Course_Work/2025-2026/Spring_2026/ECE_410/ECE410/project/post_m3_Minor_Redesign/tb/tb_top.sv Line:256
Error: AXI MONITOR: core_C changed while core is idle
Time: 11465 ns  Iteration: 0  Process: /tb_top/u_mon//tb_top/u_mon  Scope: tb_top.u_mon  File: /run/media/sackb/Windows-SSD/Users/sackb/OneDrive/Desktop/University/Course_Work/2025-2026/Spring_2026/ECE_410/ECE410/project/post_m3_Minor_Redesign/tb/tb_top.sv Line: 257

Time: 11475 ns Started: 11465 ns Scope: /tb_top/u_mon File: /run/media/sackb/Windows-SSD/Users/sackb/OneDrive/Desktop/University/Course_Work/2025-2026/Spring_2026/ECE_410/ECE410/project/post_m3_Minor_Redesign/tb/tb_top.sv Line:256
Error: AXI MONITOR: core_C changed while core is idle
Time: 11475 ns  Iteration: 0  Process: /tb_top/u_mon//tb_top/u_mon  Scope: tb_top.u_mon  File: /run/media/sackb/Windows-SSD/Users/sackb/OneDrive/Desktop/University/Course_Work/2025-2026/Spring_2026/ECE_410/ECE410/project/post_m3_Minor_Redesign/tb/tb_top.sv Line: 257

Time: 11485 ns Started: 11475 ns Scope: /tb_top/u_mon File: /run/media/sackb/Windows-SSD/Users/sackb/OneDrive/Desktop/University/Course_Work/2025-2026/Spring_2026/ECE_410/ECE410/project/post_m3_Minor_Redesign/tb/tb_top.sv Line:256
Error: AXI MONITOR: core_C changed while core is idle
Time: 11485 ns  Iteration: 0  Process: /tb_top/u_mon//tb_top/u_mon  Scope: tb_top.u_mon  File: /run/media/sackb/Windows-SSD/Users/sackb/OneDrive/Desktop/University/Course_Work/2025-2026/Spring_2026/ECE_410/ECE410/project/post_m3_Minor_Redesign/tb/tb_top.sv Line: 257

Time: 11495 ns Started: 11485 ns Scope: /tb_top/u_mon File: /run/media/sackb/Windows-SSD/Users/sackb/OneDrive/Desktop/University/Course_Work/2025-2026/Spring_2026/ECE_410/ECE410/project/post_m3_Minor_Redesign/tb/tb_top.sv Line:256
Error: AXI MONITOR: core_C changed while core is idle
Time: 11495 ns  Iteration: 0  Process: /tb_top/u_mon//tb_top/u_mon  Scope: tb_top.u_mon  File: /run/media/sackb/Windows-SSD/Users/sackb/OneDrive/Desktop/University/Course_Work/2025-2026/Spring_2026/ECE_410/ECE410/project/post_m3_Minor_Redesign/tb/tb_top.sv Line: 257

Time: 11505 ns Started: 11495 ns Scope: /tb_top/u_mon File: /run/media/sackb/Windows-SSD/Users/sackb/OneDrive/Desktop/University/Course_Work/2025-2026/Spring_2026/ECE_410/ECE410/project/post_m3_Minor_Redesign/tb/tb_top.sv Line:256
Error: AXI MONITOR: core_C changed while core is idle
Time: 11505 ns  Iteration: 0  Process: /tb_top/u_mon//tb_top/u_mon  Scope: tb_top.u_mon  File: /run/media/sackb/Windows-SSD/Users/sackb/OneDrive/Desktop/University/Course_Work/2025-2026/Spring_2026/ECE_410/ECE410/project/post_m3_Minor_Redesign/tb/tb_top.sv Line: 257

Time: 11515 ns Started: 11505 ns Scope: /tb_top/u_mon File: /run/media/sackb/Windows-SSD/Users/sackb/OneDrive/Desktop/University/Course_Work/2025-2026/Spring_2026/ECE_410/ECE410/project/post_m3_Minor_Redesign/tb/tb_top.sv Line:256
Error: AXI MONITOR: core_C changed while core is idle
Time: 11515 ns  Iteration: 0  Process: /tb_top/u_mon//tb_top/u_mon  Scope: tb_top.u_mon  File: /run/media/sackb/Windows-SSD/Users/sackb/OneDrive/Desktop/University/Course_Work/2025-2026/Spring_2026/ECE_410/ECE410/project/post_m3_Minor_Redesign/tb/tb_top.sv Line: 257

Time: 11525 ns Started: 11515 ns Scope: /tb_top/u_mon File: /run/media/sackb/Windows-SSD/Users/sackb/OneDrive/Desktop/University/Course_Work/2025-2026/Spring_2026/ECE_410/ECE410/project/post_m3_Minor_Redesign/tb/tb_top.sv Line:256
Error: AXI MONITOR: core_C changed while core is idle
Time: 11525 ns  Iteration: 0  Process: /tb_top/u_mon//tb_top/u_mon  Scope: tb_top.u_mon  File: /run/media/sackb/Windows-SSD/Users/sackb/OneDrive/Desktop/University/Course_Work/2025-2026/Spring_2026/ECE_410/ECE410/project/post_m3_Minor_Redesign/tb/tb_top.sv Line: 257

Time: 11535 ns Started: 11525 ns Scope: /tb_top/u_mon File: /run/media/sackb/Windows-SSD/Users/sackb/OneDrive/Desktop/University/Course_Work/2025-2026/Spring_2026/ECE_410/ECE410/project/post_m3_Minor_Redesign/tb/tb_top.sv Line:256
Error: AXI MONITOR: core_C changed while core is idle
Time: 11535 ns  Iteration: 0  Process: /tb_top/u_mon//tb_top/u_mon  Scope: tb_top.u_mon  File: /run/media/sackb/Windows-SSD/Users/sackb/OneDrive/Desktop/University/Course_Work/2025-2026/Spring_2026/ECE_410/ECE410/project/post_m3_Minor_Redesign/tb/tb_top.sv Line: 257

Time: 11545 ns Started: 11535 ns Scope: /tb_top/u_mon File: /run/media/sackb/Windows-SSD/Users/sackb/OneDrive/Desktop/University/Course_Work/2025-2026/Spring_2026/ECE_410/ECE410/project/post_m3_Minor_Redesign/tb/tb_top.sv Line:256
Error: AXI MONITOR: core_C changed while core is idle
Time: 11545 ns  Iteration: 0  Process: /tb_top/u_mon//tb_top/u_mon  Scope: tb_top.u_mon  File: /run/media/sackb/Windows-SSD/Users/sackb/OneDrive/Desktop/University/Course_Work/2025-2026/Spring_2026/ECE_410/ECE410/project/post_m3_Minor_Redesign/tb/tb_top.sv Line: 257

Time: 11555 ns Started: 11545 ns Scope: /tb_top/u_mon File: /run/media/sackb/Windows-SSD/Users/sackb/OneDrive/Desktop/University/Course_Work/2025-2026/Spring_2026/ECE_410/ECE410/project/post_m3_Minor_Redesign/tb/tb_top.sv Line:256
Error: AXI MONITOR: core_C changed while core is idle
Time: 11555 ns  Iteration: 0  Process: /tb_top/u_mon//tb_top/u_mon  Scope: tb_top.u_mon  File: /run/media/sackb/Windows-SSD/Users/sackb/OneDrive/Desktop/University/Course_Work/2025-2026/Spring_2026/ECE_410/ECE410/project/post_m3_Minor_Redesign/tb/tb_top.sv Line: 257

Time: 11565 ns Started: 11555 ns Scope: /tb_top/u_mon File: /run/media/sackb/Windows-SSD/Users/sackb/OneDrive/Desktop/University/Course_Work/2025-2026/Spring_2026/ECE_410/ECE410/project/post_m3_Minor_Redesign/tb/tb_top.sv Line:256
Error: AXI MONITOR: core_C changed while core is idle
Time: 11565 ns  Iteration: 0  Process: /tb_top/u_mon//tb_top/u_mon  Scope: tb_top.u_mon  File: /run/media/sackb/Windows-SSD/Users/sackb/OneDrive/Desktop/University/Course_Work/2025-2026/Spring_2026/ECE_410/ECE410/project/post_m3_Minor_Redesign/tb/tb_top.sv Line: 257

Time: 11575 ns Started: 11565 ns Scope: /tb_top/u_mon File: /run/media/sackb/Windows-SSD/Users/sackb/OneDrive/Desktop/University/Course_Work/2025-2026/Spring_2026/ECE_410/ECE410/project/post_m3_Minor_Redesign/tb/tb_top.sv Line:256
Error: AXI MONITOR: core_C changed while core is idle
Time: 11575 ns  Iteration: 0  Process: /tb_top/u_mon//tb_top/u_mon  Scope: tb_top.u_mon  File: /run/media/sackb/Windows-SSD/Users/sackb/OneDrive/Desktop/University/Course_Work/2025-2026/Spring_2026/ECE_410/ECE410/project/post_m3_Minor_Redesign/tb/tb_top.sv Line: 257

Time: 11585 ns Started: 11575 ns Scope: /tb_top/u_mon File: /run/media/sackb/Windows-SSD/Users/sackb/OneDrive/Desktop/University/Course_Work/2025-2026/Spring_2026/ECE_410/ECE410/project/post_m3_Minor_Redesign/tb/tb_top.sv Line:256
Error: AXI MONITOR: core_C changed while core is idle
Time: 11585 ns  Iteration: 0  Process: /tb_top/u_mon//tb_top/u_mon  Scope: tb_top.u_mon  File: /run/media/sackb/Windows-SSD/Users/sackb/OneDrive/Desktop/University/Course_Work/2025-2026/Spring_2026/ECE_410/ECE410/project/post_m3_Minor_Redesign/tb/tb_top.sv Line: 257

Time: 11595 ns Started: 11585 ns Scope: /tb_top/u_mon File: /run/media/sackb/Windows-SSD/Users/sackb/OneDrive/Desktop/University/Course_Work/2025-2026/Spring_2026/ECE_410/ECE410/project/post_m3_Minor_Redesign/tb/tb_top.sv Line:256
Error: AXI MONITOR: core_C changed while core is idle
Time: 11595 ns  Iteration: 0  Process: /tb_top/u_mon//tb_top/u_mon  Scope: tb_top.u_mon  File: /run/media/sackb/Windows-SSD/Users/sackb/OneDrive/Desktop/University/Course_Work/2025-2026/Spring_2026/ECE_410/ECE410/project/post_m3_Minor_Redesign/tb/tb_top.sv Line: 257

Time: 11605 ns Started: 11595 ns Scope: /tb_top/u_mon File: /run/media/sackb/Windows-SSD/Users/sackb/OneDrive/Desktop/University/Course_Work/2025-2026/Spring_2026/ECE_410/ECE410/project/post_m3_Minor_Redesign/tb/tb_top.sv Line:256
Error: AXI MONITOR: core_C changed while core is idle
Time: 11605 ns  Iteration: 0  Process: /tb_top/u_mon//tb_top/u_mon  Scope: tb_top.u_mon  File: /run/media/sackb/Windows-SSD/Users/sackb/OneDrive/Desktop/University/Course_Work/2025-2026/Spring_2026/ECE_410/ECE410/project/post_m3_Minor_Redesign/tb/tb_top.sv Line: 257

Time: 11615 ns Started: 11605 ns Scope: /tb_top/u_mon File: /run/media/sackb/Windows-SSD/Users/sackb/OneDrive/Desktop/University/Course_Work/2025-2026/Spring_2026/ECE_410/ECE410/project/post_m3_Minor_Redesign/tb/tb_top.sv Line:256
Error: AXI MONITOR: core_C changed while core is idle
Time: 11615 ns  Iteration: 0  Process: /tb_top/u_mon//tb_top/u_mon  Scope: tb_top.u_mon  File: /run/media/sackb/Windows-SSD/Users/sackb/OneDrive/Desktop/University/Course_Work/2025-2026/Spring_2026/ECE_410/ECE410/project/post_m3_Minor_Redesign/tb/tb_top.sv Line: 257

Time: 11625 ns Started: 11615 ns Scope: /tb_top/u_mon File: /run/media/sackb/Windows-SSD/Users/sackb/OneDrive/Desktop/University/Course_Work/2025-2026/Spring_2026/ECE_410/ECE410/project/post_m3_Minor_Redesign/tb/tb_top.sv Line:256
Error: AXI MONITOR: core_C changed while core is idle
Time: 11625 ns  Iteration: 0  Process: /tb_top/u_mon//tb_top/u_mon  Scope: tb_top.u_mon  File: /run/media/sackb/Windows-SSD/Users/sackb/OneDrive/Desktop/University/Course_Work/2025-2026/Spring_2026/ECE_410/ECE410/project/post_m3_Minor_Redesign/tb/tb_top.sv Line: 257

Time: 11635 ns Started: 11625 ns Scope: /tb_top/u_mon File: /run/media/sackb/Windows-SSD/Users/sackb/OneDrive/Desktop/University/Course_Work/2025-2026/Spring_2026/ECE_410/ECE410/project/post_m3_Minor_Redesign/tb/tb_top.sv Line:256
Error: AXI MONITOR: core_C changed while core is idle
Time: 11635 ns  Iteration: 0  Process: /tb_top/u_mon//tb_top/u_mon  Scope: tb_top.u_mon  File: /run/media/sackb/Windows-SSD/Users/sackb/OneDrive/Desktop/University/Course_Work/2025-2026/Spring_2026/ECE_410/ECE410/project/post_m3_Minor_Redesign/tb/tb_top.sv Line: 257

Time: 11645 ns Started: 11635 ns Scope: /tb_top/u_mon File: /run/media/sackb/Windows-SSD/Users/sackb/OneDrive/Desktop/University/Course_Work/2025-2026/Spring_2026/ECE_410/ECE410/project/post_m3_Minor_Redesign/tb/tb_top.sv Line:256
Error: AXI MONITOR: core_C changed while core is idle
Time: 11645 ns  Iteration: 0  Process: /tb_top/u_mon//tb_top/u_mon  Scope: tb_top.u_mon  File: /run/media/sackb/Windows-SSD/Users/sackb/OneDrive/Desktop/University/Course_Work/2025-2026/Spring_2026/ECE_410/ECE410/project/post_m3_Minor_Redesign/tb/tb_top.sv Line: 257

Time: 11655 ns Started: 11645 ns Scope: /tb_top/u_mon File: /run/media/sackb/Windows-SSD/Users/sackb/OneDrive/Desktop/University/Course_Work/2025-2026/Spring_2026/ECE_410/ECE410/project/post_m3_Minor_Redesign/tb/tb_top.sv Line:256
Error: AXI MONITOR: core_C changed while core is idle
Time: 11655 ns  Iteration: 0  Process: /tb_top/u_mon//tb_top/u_mon  Scope: tb_top.u_mon  File: /run/media/sackb/Windows-SSD/Users/sackb/OneDrive/Desktop/University/Course_Work/2025-2026/Spring_2026/ECE_410/ECE410/project/post_m3_Minor_Redesign/tb/tb_top.sv Line: 257

Time: 11665 ns Started: 11655 ns Scope: /tb_top/u_mon File: /run/media/sackb/Windows-SSD/Users/sackb/OneDrive/Desktop/University/Course_Work/2025-2026/Spring_2026/ECE_410/ECE410/project/post_m3_Minor_Redesign/tb/tb_top.sv Line:256
Error: AXI MONITOR: core_C changed while core is idle
Time: 11665 ns  Iteration: 0  Process: /tb_top/u_mon//tb_top/u_mon  Scope: tb_top.u_mon  File: /run/media/sackb/Windows-SSD/Users/sackb/OneDrive/Desktop/University/Course_Work/2025-2026/Spring_2026/ECE_410/ECE410/project/post_m3_Minor_Redesign/tb/tb_top.sv Line: 257

Time: 11675 ns Started: 11665 ns Scope: /tb_top/u_mon File: /run/media/sackb/Windows-SSD/Users/sackb/OneDrive/Desktop/University/Course_Work/2025-2026/Spring_2026/ECE_410/ECE410/project/post_m3_Minor_Redesign/tb/tb_top.sv Line:256
Error: AXI MONITOR: core_C changed while core is idle
Time: 11675 ns  Iteration: 0  Process: /tb_top/u_mon//tb_top/u_mon  Scope: tb_top.u_mon  File: /run/media/sackb/Windows-SSD/Users/sackb/OneDrive/Desktop/University/Course_Work/2025-2026/Spring_2026/ECE_410/ECE410/project/post_m3_Minor_Redesign/tb/tb_top.sv Line: 257

Time: 11685 ns Started: 11675 ns Scope: /tb_top/u_mon File: /run/media/sackb/Windows-SSD/Users/sackb/OneDrive/Desktop/University/Course_Work/2025-2026/Spring_2026/ECE_410/ECE410/project/post_m3_Minor_Redesign/tb/tb_top.sv Line:256
Error: AXI MONITOR: core_C changed while core is idle
Time: 11685 ns  Iteration: 0  Process: /tb_top/u_mon//tb_top/u_mon  Scope: tb_top.u_mon  File: /run/media/sackb/Windows-SSD/Users/sackb/OneDrive/Desktop/University/Course_Work/2025-2026/Spring_2026/ECE_410/ECE410/project/post_m3_Minor_Redesign/tb/tb_top.sv Line: 257

Time: 11695 ns Started: 11685 ns Scope: /tb_top/u_mon File: /run/media/sackb/Windows-SSD/Users/sackb/OneDrive/Desktop/University/Course_Work/2025-2026/Spring_2026/ECE_410/ECE410/project/post_m3_Minor_Redesign/tb/tb_top.sv Line:256
Error: AXI MONITOR: core_C changed while core is idle
Time: 11695 ns  Iteration: 0  Process: /tb_top/u_mon//tb_top/u_mon  Scope: tb_top.u_mon  File: /run/media/sackb/Windows-SSD/Users/sackb/OneDrive/Desktop/University/Course_Work/2025-2026/Spring_2026/ECE_410/ECE410/project/post_m3_Minor_Redesign/tb/tb_top.sv Line: 257

Time: 11705 ns Started: 11695 ns Scope: /tb_top/u_mon File: /run/media/sackb/Windows-SSD/Users/sackb/OneDrive/Desktop/University/Course_Work/2025-2026/Spring_2026/ECE_410/ECE410/project/post_m3_Minor_Redesign/tb/tb_top.sv Line:256
Error: AXI MONITOR: core_C changed while core is idle
Time: 11705 ns  Iteration: 0  Process: /tb_top/u_mon//tb_top/u_mon  Scope: tb_top.u_mon  File: /run/media/sackb/Windows-SSD/Users/sackb/OneDrive/Desktop/University/Course_Work/2025-2026/Spring_2026/ECE_410/ECE410/project/post_m3_Minor_Redesign/tb/tb_top.sv Line: 257

Time: 11715 ns Started: 11705 ns Scope: /tb_top/u_mon File: /run/media/sackb/Windows-SSD/Users/sackb/OneDrive/Desktop/University/Course_Work/2025-2026/Spring_2026/ECE_410/ECE410/project/post_m3_Minor_Redesign/tb/tb_top.sv Line:256
Error: AXI MONITOR: core_C changed while core is idle
Time: 11715 ns  Iteration: 0  Process: /tb_top/u_mon//tb_top/u_mon  Scope: tb_top.u_mon  File: /run/media/sackb/Windows-SSD/Users/sackb/OneDrive/Desktop/University/Course_Work/2025-2026/Spring_2026/ECE_410/ECE410/project/post_m3_Minor_Redesign/tb/tb_top.sv Line: 257

Time: 11725 ns Started: 11715 ns Scope: /tb_top/u_mon File: /run/media/sackb/Windows-SSD/Users/sackb/OneDrive/Desktop/University/Course_Work/2025-2026/Spring_2026/ECE_410/ECE410/project/post_m3_Minor_Redesign/tb/tb_top.sv Line:256
Error: AXI MONITOR: core_C changed while core is idle
Time: 11725 ns  Iteration: 0  Process: /tb_top/u_mon//tb_top/u_mon  Scope: tb_top.u_mon  File: /run/media/sackb/Windows-SSD/Users/sackb/OneDrive/Desktop/University/Course_Work/2025-2026/Spring_2026/ECE_410/ECE410/project/post_m3_Minor_Redesign/tb/tb_top.sv Line: 257

Time: 11735 ns Started: 11725 ns Scope: /tb_top/u_mon File: /run/media/sackb/Windows-SSD/Users/sackb/OneDrive/Desktop/University/Course_Work/2025-2026/Spring_2026/ECE_410/ECE410/project/post_m3_Minor_Redesign/tb/tb_top.sv Line:256
Error: AXI MONITOR: core_C changed while core is idle
Time: 11735 ns  Iteration: 0  Process: /tb_top/u_mon//tb_top/u_mon  Scope: tb_top.u_mon  File: /run/media/sackb/Windows-SSD/Users/sackb/OneDrive/Desktop/University/Course_Work/2025-2026/Spring_2026/ECE_410/ECE410/project/post_m3_Minor_Redesign/tb/tb_top.sv Line: 257

Time: 11745 ns Started: 11735 ns Scope: /tb_top/u_mon File: /run/media/sackb/Windows-SSD/Users/sackb/OneDrive/Desktop/University/Course_Work/2025-2026/Spring_2026/ECE_410/ECE410/project/post_m3_Minor_Redesign/tb/tb_top.sv Line:256
Error: AXI MONITOR: core_C changed while core is idle
Time: 11745 ns  Iteration: 0  Process: /tb_top/u_mon//tb_top/u_mon  Scope: tb_top.u_mon  File: /run/media/sackb/Windows-SSD/Users/sackb/OneDrive/Desktop/University/Course_Work/2025-2026/Spring_2026/ECE_410/ECE410/project/post_m3_Minor_Redesign/tb/tb_top.sv Line: 257

Time: 11755 ns Started: 11745 ns Scope: /tb_top/u_mon File: /run/media/sackb/Windows-SSD/Users/sackb/OneDrive/Desktop/University/Course_Work/2025-2026/Spring_2026/ECE_410/ECE410/project/post_m3_Minor_Redesign/tb/tb_top.sv Line:256
Error: AXI MONITOR: core_C changed while core is idle
Time: 11755 ns  Iteration: 0  Process: /tb_top/u_mon//tb_top/u_mon  Scope: tb_top.u_mon  File: /run/media/sackb/Windows-SSD/Users/sackb/OneDrive/Desktop/University/Course_Work/2025-2026/Spring_2026/ECE_410/ECE410/project/post_m3_Minor_Redesign/tb/tb_top.sv Line: 257

Time: 11765 ns Started: 11755 ns Scope: /tb_top/u_mon File: /run/media/sackb/Windows-SSD/Users/sackb/OneDrive/Desktop/University/Course_Work/2025-2026/Spring_2026/ECE_410/ECE410/project/post_m3_Minor_Redesign/tb/tb_top.sv Line:256
Error: AXI MONITOR: core_C changed while core is idle
Time: 11765 ns  Iteration: 0  Process: /tb_top/u_mon//tb_top/u_mon  Scope: tb_top.u_mon  File: /run/media/sackb/Windows-SSD/Users/sackb/OneDrive/Desktop/University/Course_Work/2025-2026/Spring_2026/ECE_410/ECE410/project/post_m3_Minor_Redesign/tb/tb_top.sv Line: 257

Time: 11775 ns Started: 11765 ns Scope: /tb_top/u_mon File: /run/media/sackb/Windows-SSD/Users/sackb/OneDrive/Desktop/University/Course_Work/2025-2026/Spring_2026/ECE_410/ECE410/project/post_m3_Minor_Redesign/tb/tb_top.sv Line:256
Error: AXI MONITOR: core_C changed while core is idle
Time: 11775 ns  Iteration: 0  Process: /tb_top/u_mon//tb_top/u_mon  Scope: tb_top.u_mon  File: /run/media/sackb/Windows-SSD/Users/sackb/OneDrive/Desktop/University/Course_Work/2025-2026/Spring_2026/ECE_410/ECE410/project/post_m3_Minor_Redesign/tb/tb_top.sv Line: 257

Time: 11785 ns Started: 11775 ns Scope: /tb_top/u_mon File: /run/media/sackb/Windows-SSD/Users/sackb/OneDrive/Desktop/University/Course_Work/2025-2026/Spring_2026/ECE_410/ECE410/project/post_m3_Minor_Redesign/tb/tb_top.sv Line:256
Error: AXI MONITOR: core_C changed while core is idle
Time: 11785 ns  Iteration: 0  Process: /tb_top/u_mon//tb_top/u_mon  Scope: tb_top.u_mon  File: /run/media/sackb/Windows-SSD/Users/sackb/OneDrive/Desktop/University/Course_Work/2025-2026/Spring_2026/ECE_410/ECE410/project/post_m3_Minor_Redesign/tb/tb_top.sv Line: 257

Time: 11795 ns Started: 11785 ns Scope: /tb_top/u_mon File: /run/media/sackb/Windows-SSD/Users/sackb/OneDrive/Desktop/University/Course_Work/2025-2026/Spring_2026/ECE_410/ECE410/project/post_m3_Minor_Redesign/tb/tb_top.sv Line:256
Error: AXI MONITOR: core_C changed while core is idle
Time: 11795 ns  Iteration: 0  Process: /tb_top/u_mon//tb_top/u_mon  Scope: tb_top.u_mon  File: /run/media/sackb/Windows-SSD/Users/sackb/OneDrive/Desktop/University/Course_Work/2025-2026/Spring_2026/ECE_410/ECE410/project/post_m3_Minor_Redesign/tb/tb_top.sv Line: 257

Time: 11805 ns Started: 11795 ns Scope: /tb_top/u_mon File: /run/media/sackb/Windows-SSD/Users/sackb/OneDrive/Desktop/University/Course_Work/2025-2026/Spring_2026/ECE_410/ECE410/project/post_m3_Minor_Redesign/tb/tb_top.sv Line:256
Error: AXI MONITOR: core_C changed while core is idle
Time: 11805 ns  Iteration: 0  Process: /tb_top/u_mon//tb_top/u_mon  Scope: tb_top.u_mon  File: /run/media/sackb/Windows-SSD/Users/sackb/OneDrive/Desktop/University/Course_Work/2025-2026/Spring_2026/ECE_410/ECE410/project/post_m3_Minor_Redesign/tb/tb_top.sv Line: 257

Time: 11815 ns Started: 11805 ns Scope: /tb_top/u_mon File: /run/media/sackb/Windows-SSD/Users/sackb/OneDrive/Desktop/University/Course_Work/2025-2026/Spring_2026/ECE_410/ECE410/project/post_m3_Minor_Redesign/tb/tb_top.sv Line:256
Error: AXI MONITOR: core_C changed while core is idle
Time: 11815 ns  Iteration: 0  Process: /tb_top/u_mon//tb_top/u_mon  Scope: tb_top.u_mon  File: /run/media/sackb/Windows-SSD/Users/sackb/OneDrive/Desktop/University/Course_Work/2025-2026/Spring_2026/ECE_410/ECE410/project/post_m3_Minor_Redesign/tb/tb_top.sv Line: 257

Time: 11825 ns Started: 11815 ns Scope: /tb_top/u_mon File: /run/media/sackb/Windows-SSD/Users/sackb/OneDrive/Desktop/University/Course_Work/2025-2026/Spring_2026/ECE_410/ECE410/project/post_m3_Minor_Redesign/tb/tb_top.sv Line:256
Error: AXI MONITOR: core_C changed while core is idle
Time: 11825 ns  Iteration: 0  Process: /tb_top/u_mon//tb_top/u_mon  Scope: tb_top.u_mon  File: /run/media/sackb/Windows-SSD/Users/sackb/OneDrive/Desktop/University/Course_Work/2025-2026/Spring_2026/ECE_410/ECE410/project/post_m3_Minor_Redesign/tb/tb_top.sv Line: 257

Time: 11835 ns Started: 11825 ns Scope: /tb_top/u_mon File: /run/media/sackb/Windows-SSD/Users/sackb/OneDrive/Desktop/University/Course_Work/2025-2026/Spring_2026/ECE_410/ECE410/project/post_m3_Minor_Redesign/tb/tb_top.sv Line:256
Error: AXI MONITOR: core_C changed while core is idle
Time: 11835 ns  Iteration: 0  Process: /tb_top/u_mon//tb_top/u_mon  Scope: tb_top.u_mon  File: /run/media/sackb/Windows-SSD/Users/sackb/OneDrive/Desktop/University/Course_Work/2025-2026/Spring_2026/ECE_410/ECE410/project/post_m3_Minor_Redesign/tb/tb_top.sv Line: 257

Time: 11845 ns Started: 11835 ns Scope: /tb_top/u_mon File: /run/media/sackb/Windows-SSD/Users/sackb/OneDrive/Desktop/University/Course_Work/2025-2026/Spring_2026/ECE_410/ECE410/project/post_m3_Minor_Redesign/tb/tb_top.sv Line:256
Error: AXI MONITOR: core_C changed while core is idle
Time: 11845 ns  Iteration: 0  Process: /tb_top/u_mon//tb_top/u_mon  Scope: tb_top.u_mon  File: /run/media/sackb/Windows-SSD/Users/sackb/OneDrive/Desktop/University/Course_Work/2025-2026/Spring_2026/ECE_410/ECE410/project/post_m3_Minor_Redesign/tb/tb_top.sv Line: 257

Time: 11855 ns Started: 11845 ns Scope: /tb_top/u_mon File: /run/media/sackb/Windows-SSD/Users/sackb/OneDrive/Desktop/University/Course_Work/2025-2026/Spring_2026/ECE_410/ECE410/project/post_m3_Minor_Redesign/tb/tb_top.sv Line:256
Error: AXI MONITOR: core_C changed while core is idle
Time: 11855 ns  Iteration: 0  Process: /tb_top/u_mon//tb_top/u_mon  Scope: tb_top.u_mon  File: /run/media/sackb/Windows-SSD/Users/sackb/OneDrive/Desktop/University/Course_Work/2025-2026/Spring_2026/ECE_410/ECE410/project/post_m3_Minor_Redesign/tb/tb_top.sv Line: 257

Time: 11865 ns Started: 11855 ns Scope: /tb_top/u_mon File: /run/media/sackb/Windows-SSD/Users/sackb/OneDrive/Desktop/University/Course_Work/2025-2026/Spring_2026/ECE_410/ECE410/project/post_m3_Minor_Redesign/tb/tb_top.sv Line:256
Error: AXI MONITOR: core_C changed while core is idle
Time: 11865 ns  Iteration: 0  Process: /tb_top/u_mon//tb_top/u_mon  Scope: tb_top.u_mon  File: /run/media/sackb/Windows-SSD/Users/sackb/OneDrive/Desktop/University/Course_Work/2025-2026/Spring_2026/ECE_410/ECE410/project/post_m3_Minor_Redesign/tb/tb_top.sv Line: 257

Time: 11875 ns Started: 11865 ns Scope: /tb_top/u_mon File: /run/media/sackb/Windows-SSD/Users/sackb/OneDrive/Desktop/University/Course_Work/2025-2026/Spring_2026/ECE_410/ECE410/project/post_m3_Minor_Redesign/tb/tb_top.sv Line:256
Error: AXI MONITOR: core_C changed while core is idle
Time: 11875 ns  Iteration: 0  Process: /tb_top/u_mon//tb_top/u_mon  Scope: tb_top.u_mon  File: /run/media/sackb/Windows-SSD/Users/sackb/OneDrive/Desktop/University/Course_Work/2025-2026/Spring_2026/ECE_410/ECE410/project/post_m3_Minor_Redesign/tb/tb_top.sv Line: 257

Time: 11885 ns Started: 11875 ns Scope: /tb_top/u_mon File: /run/media/sackb/Windows-SSD/Users/sackb/OneDrive/Desktop/University/Course_Work/2025-2026/Spring_2026/ECE_410/ECE410/project/post_m3_Minor_Redesign/tb/tb_top.sv Line:256
Error: AXI MONITOR: core_C changed while core is idle
Time: 11885 ns  Iteration: 0  Process: /tb_top/u_mon//tb_top/u_mon  Scope: tb_top.u_mon  File: /run/media/sackb/Windows-SSD/Users/sackb/OneDrive/Desktop/University/Course_Work/2025-2026/Spring_2026/ECE_410/ECE410/project/post_m3_Minor_Redesign/tb/tb_top.sv Line: 257

Time: 11895 ns Started: 11885 ns Scope: /tb_top/u_mon File: /run/media/sackb/Windows-SSD/Users/sackb/OneDrive/Desktop/University/Course_Work/2025-2026/Spring_2026/ECE_410/ECE410/project/post_m3_Minor_Redesign/tb/tb_top.sv Line:256
Error: AXI MONITOR: core_C changed while core is idle
Time: 11895 ns  Iteration: 0  Process: /tb_top/u_mon//tb_top/u_mon  Scope: tb_top.u_mon  File: /run/media/sackb/Windows-SSD/Users/sackb/OneDrive/Desktop/University/Course_Work/2025-2026/Spring_2026/ECE_410/ECE410/project/post_m3_Minor_Redesign/tb/tb_top.sv Line: 257

Time: 11905 ns Started: 11895 ns Scope: /tb_top/u_mon File: /run/media/sackb/Windows-SSD/Users/sackb/OneDrive/Desktop/University/Course_Work/2025-2026/Spring_2026/ECE_410/ECE410/project/post_m3_Minor_Redesign/tb/tb_top.sv Line:256
Error: AXI MONITOR: core_C changed while core is idle
Time: 11905 ns  Iteration: 0  Process: /tb_top/u_mon//tb_top/u_mon  Scope: tb_top.u_mon  File: /run/media/sackb/Windows-SSD/Users/sackb/OneDrive/Desktop/University/Course_Work/2025-2026/Spring_2026/ECE_410/ECE410/project/post_m3_Minor_Redesign/tb/tb_top.sv Line: 257

Time: 11915 ns Started: 11905 ns Scope: /tb_top/u_mon File: /run/media/sackb/Windows-SSD/Users/sackb/OneDrive/Desktop/University/Course_Work/2025-2026/Spring_2026/ECE_410/ECE410/project/post_m3_Minor_Redesign/tb/tb_top.sv Line:256
Error: AXI MONITOR: core_C changed while core is idle
Time: 11915 ns  Iteration: 0  Process: /tb_top/u_mon//tb_top/u_mon  Scope: tb_top.u_mon  File: /run/media/sackb/Windows-SSD/Users/sackb/OneDrive/Desktop/University/Course_Work/2025-2026/Spring_2026/ECE_410/ECE410/project/post_m3_Minor_Redesign/tb/tb_top.sv Line: 257

Time: 11925 ns Started: 11915 ns Scope: /tb_top/u_mon File: /run/media/sackb/Windows-SSD/Users/sackb/OneDrive/Desktop/University/Course_Work/2025-2026/Spring_2026/ECE_410/ECE410/project/post_m3_Minor_Redesign/tb/tb_top.sv Line:256
Error: AXI MONITOR: core_C changed while core is idle
Time: 11925 ns  Iteration: 0  Process: /tb_top/u_mon//tb_top/u_mon  Scope: tb_top.u_mon  File: /run/media/sackb/Windows-SSD/Users/sackb/OneDrive/Desktop/University/Course_Work/2025-2026/Spring_2026/ECE_410/ECE410/project/post_m3_Minor_Redesign/tb/tb_top.sv Line: 257

Time: 11935 ns Started: 11925 ns Scope: /tb_top/u_mon File: /run/media/sackb/Windows-SSD/Users/sackb/OneDrive/Desktop/University/Course_Work/2025-2026/Spring_2026/ECE_410/ECE410/project/post_m3_Minor_Redesign/tb/tb_top.sv Line:256
Error: AXI MONITOR: core_C changed while core is idle
Time: 11935 ns  Iteration: 0  Process: /tb_top/u_mon//tb_top/u_mon  Scope: tb_top.u_mon  File: /run/media/sackb/Windows-SSD/Users/sackb/OneDrive/Desktop/University/Course_Work/2025-2026/Spring_2026/ECE_410/ECE410/project/post_m3_Minor_Redesign/tb/tb_top.sv Line: 257

Time: 11945 ns Started: 11935 ns Scope: /tb_top/u_mon File: /run/media/sackb/Windows-SSD/Users/sackb/OneDrive/Desktop/University/Course_Work/2025-2026/Spring_2026/ECE_410/ECE410/project/post_m3_Minor_Redesign/tb/tb_top.sv Line:256
Error: AXI MONITOR: core_C changed while core is idle
Time: 11945 ns  Iteration: 0  Process: /tb_top/u_mon//tb_top/u_mon  Scope: tb_top.u_mon  File: /run/media/sackb/Windows-SSD/Users/sackb/OneDrive/Desktop/University/Course_Work/2025-2026/Spring_2026/ECE_410/ECE410/project/post_m3_Minor_Redesign/tb/tb_top.sv Line: 257

Time: 11955 ns Started: 11945 ns Scope: /tb_top/u_mon File: /run/media/sackb/Windows-SSD/Users/sackb/OneDrive/Desktop/University/Course_Work/2025-2026/Spring_2026/ECE_410/ECE410/project/post_m3_Minor_Redesign/tb/tb_top.sv Line:256
Error: AXI MONITOR: core_C changed while core is idle
Time: 11955 ns  Iteration: 0  Process: /tb_top/u_mon//tb_top/u_mon  Scope: tb_top.u_mon  File: /run/media/sackb/Windows-SSD/Users/sackb/OneDrive/Desktop/University/Course_Work/2025-2026/Spring_2026/ECE_410/ECE410/project/post_m3_Minor_Redesign/tb/tb_top.sv Line: 257

Time: 11965 ns Started: 11955 ns Scope: /tb_top/u_mon File: /run/media/sackb/Windows-SSD/Users/sackb/OneDrive/Desktop/University/Course_Work/2025-2026/Spring_2026/ECE_410/ECE410/project/post_m3_Minor_Redesign/tb/tb_top.sv Line:256
Error: AXI MONITOR: core_C changed while core is idle
Time: 11965 ns  Iteration: 0  Process: /tb_top/u_mon//tb_top/u_mon  Scope: tb_top.u_mon  File: /run/media/sackb/Windows-SSD/Users/sackb/OneDrive/Desktop/University/Course_Work/2025-2026/Spring_2026/ECE_410/ECE410/project/post_m3_Minor_Redesign/tb/tb_top.sv Line: 257

Time: 11975 ns Started: 11965 ns Scope: /tb_top/u_mon File: /run/media/sackb/Windows-SSD/Users/sackb/OneDrive/Desktop/University/Course_Work/2025-2026/Spring_2026/ECE_410/ECE410/project/post_m3_Minor_Redesign/tb/tb_top.sv Line:256
Error: AXI MONITOR: core_C changed while core is idle
Time: 11975 ns  Iteration: 0  Process: /tb_top/u_mon//tb_top/u_mon  Scope: tb_top.u_mon  File: /run/media/sackb/Windows-SSD/Users/sackb/OneDrive/Desktop/University/Course_Work/2025-2026/Spring_2026/ECE_410/ECE410/project/post_m3_Minor_Redesign/tb/tb_top.sv Line: 257

Time: 11985 ns Started: 11975 ns Scope: /tb_top/u_mon File: /run/media/sackb/Windows-SSD/Users/sackb/OneDrive/Desktop/University/Course_Work/2025-2026/Spring_2026/ECE_410/ECE410/project/post_m3_Minor_Redesign/tb/tb_top.sv Line:256
Error: AXI MONITOR: core_C changed while core is idle
Time: 11985 ns  Iteration: 0  Process: /tb_top/u_mon//tb_top/u_mon  Scope: tb_top.u_mon  File: /run/media/sackb/Windows-SSD/Users/sackb/OneDrive/Desktop/University/Course_Work/2025-2026/Spring_2026/ECE_410/ECE410/project/post_m3_Minor_Redesign/tb/tb_top.sv Line: 257

Time: 11995 ns Started: 11985 ns Scope: /tb_top/u_mon File: /run/media/sackb/Windows-SSD/Users/sackb/OneDrive/Desktop/University/Course_Work/2025-2026/Spring_2026/ECE_410/ECE410/project/post_m3_Minor_Redesign/tb/tb_top.sv Line:256
Error: AXI MONITOR: core_C changed while core is idle
Time: 11995 ns  Iteration: 0  Process: /tb_top/u_mon//tb_top/u_mon  Scope: tb_top.u_mon  File: /run/media/sackb/Windows-SSD/Users/sackb/OneDrive/Desktop/University/Course_Work/2025-2026/Spring_2026/ECE_410/ECE410/project/post_m3_Minor_Redesign/tb/tb_top.sv Line: 257

Time: 12005 ns Started: 11995 ns Scope: /tb_top/u_mon File: /run/media/sackb/Windows-SSD/Users/sackb/OneDrive/Desktop/University/Course_Work/2025-2026/Spring_2026/ECE_410/ECE410/project/post_m3_Minor_Redesign/tb/tb_top.sv Line:256
Error: AXI MONITOR: core_C changed while core is idle
Time: 12005 ns  Iteration: 0  Process: /tb_top/u_mon//tb_top/u_mon  Scope: tb_top.u_mon  File: /run/media/sackb/Windows-SSD/Users/sackb/OneDrive/Desktop/University/Course_Work/2025-2026/Spring_2026/ECE_410/ECE410/project/post_m3_Minor_Redesign/tb/tb_top.sv Line: 257

Time: 12015 ns Started: 12005 ns Scope: /tb_top/u_mon File: /run/media/sackb/Windows-SSD/Users/sackb/OneDrive/Desktop/University/Course_Work/2025-2026/Spring_2026/ECE_410/ECE410/project/post_m3_Minor_Redesign/tb/tb_top.sv Line:256
Error: AXI MONITOR: core_C changed while core is idle
Time: 12015 ns  Iteration: 0  Process: /tb_top/u_mon//tb_top/u_mon  Scope: tb_top.u_mon  File: /run/media/sackb/Windows-SSD/Users/sackb/OneDrive/Desktop/University/Course_Work/2025-2026/Spring_2026/ECE_410/ECE410/project/post_m3_Minor_Redesign/tb/tb_top.sv Line: 257

Time: 12025 ns Started: 12015 ns Scope: /tb_top/u_mon File: /run/media/sackb/Windows-SSD/Users/sackb/OneDrive/Desktop/University/Course_Work/2025-2026/Spring_2026/ECE_410/ECE410/project/post_m3_Minor_Redesign/tb/tb_top.sv Line:256
Error: AXI MONITOR: core_C changed while core is idle
Time: 12025 ns  Iteration: 0  Process: /tb_top/u_mon//tb_top/u_mon  Scope: tb_top.u_mon  File: /run/media/sackb/Windows-SSD/Users/sackb/OneDrive/Desktop/University/Course_Work/2025-2026/Spring_2026/ECE_410/ECE410/project/post_m3_Minor_Redesign/tb/tb_top.sv Line: 257

Time: 12035 ns Started: 12025 ns Scope: /tb_top/u_mon File: /run/media/sackb/Windows-SSD/Users/sackb/OneDrive/Desktop/University/Course_Work/2025-2026/Spring_2026/ECE_410/ECE410/project/post_m3_Minor_Redesign/tb/tb_top.sv Line:256
Error: AXI MONITOR: core_C changed while core is idle
Time: 12035 ns  Iteration: 0  Process: /tb_top/u_mon//tb_top/u_mon  Scope: tb_top.u_mon  File: /run/media/sackb/Windows-SSD/Users/sackb/OneDrive/Desktop/University/Course_Work/2025-2026/Spring_2026/ECE_410/ECE410/project/post_m3_Minor_Redesign/tb/tb_top.sv Line: 257

Time: 12045 ns Started: 12035 ns Scope: /tb_top/u_mon File: /run/media/sackb/Windows-SSD/Users/sackb/OneDrive/Desktop/University/Course_Work/2025-2026/Spring_2026/ECE_410/ECE410/project/post_m3_Minor_Redesign/tb/tb_top.sv Line:256
Error: AXI MONITOR: core_C changed while core is idle
Time: 12045 ns  Iteration: 0  Process: /tb_top/u_mon//tb_top/u_mon  Scope: tb_top.u_mon  File: /run/media/sackb/Windows-SSD/Users/sackb/OneDrive/Desktop/University/Course_Work/2025-2026/Spring_2026/ECE_410/ECE410/project/post_m3_Minor_Redesign/tb/tb_top.sv Line: 257

Time: 12055 ns Started: 12045 ns Scope: /tb_top/u_mon File: /run/media/sackb/Windows-SSD/Users/sackb/OneDrive/Desktop/University/Course_Work/2025-2026/Spring_2026/ECE_410/ECE410/project/post_m3_Minor_Redesign/tb/tb_top.sv Line:256
Error: AXI MONITOR: core_C changed while core is idle
Time: 12055 ns  Iteration: 0  Process: /tb_top/u_mon//tb_top/u_mon  Scope: tb_top.u_mon  File: /run/media/sackb/Windows-SSD/Users/sackb/OneDrive/Desktop/University/Course_Work/2025-2026/Spring_2026/ECE_410/ECE410/project/post_m3_Minor_Redesign/tb/tb_top.sv Line: 257

Time: 12065 ns Started: 12055 ns Scope: /tb_top/u_mon File: /run/media/sackb/Windows-SSD/Users/sackb/OneDrive/Desktop/University/Course_Work/2025-2026/Spring_2026/ECE_410/ECE410/project/post_m3_Minor_Redesign/tb/tb_top.sv Line:256
Error: AXI MONITOR: core_C changed while core is idle
Time: 12065 ns  Iteration: 0  Process: /tb_top/u_mon//tb_top/u_mon  Scope: tb_top.u_mon  File: /run/media/sackb/Windows-SSD/Users/sackb/OneDrive/Desktop/University/Course_Work/2025-2026/Spring_2026/ECE_410/ECE410/project/post_m3_Minor_Redesign/tb/tb_top.sv Line: 257

Time: 12075 ns Started: 12065 ns Scope: /tb_top/u_mon File: /run/media/sackb/Windows-SSD/Users/sackb/OneDrive/Desktop/University/Course_Work/2025-2026/Spring_2026/ECE_410/ECE410/project/post_m3_Minor_Redesign/tb/tb_top.sv Line:256
Error: AXI MONITOR: core_C changed while core is idle
Time: 12075 ns  Iteration: 0  Process: /tb_top/u_mon//tb_top/u_mon  Scope: tb_top.u_mon  File: /run/media/sackb/Windows-SSD/Users/sackb/OneDrive/Desktop/University/Course_Work/2025-2026/Spring_2026/ECE_410/ECE410/project/post_m3_Minor_Redesign/tb/tb_top.sv Line: 257

Time: 12085 ns Started: 12075 ns Scope: /tb_top/u_mon File: /run/media/sackb/Windows-SSD/Users/sackb/OneDrive/Desktop/University/Course_Work/2025-2026/Spring_2026/ECE_410/ECE410/project/post_m3_Minor_Redesign/tb/tb_top.sv Line:256
Error: AXI MONITOR: core_C changed while core is idle
Time: 12085 ns  Iteration: 0  Process: /tb_top/u_mon//tb_top/u_mon  Scope: tb_top.u_mon  File: /run/media/sackb/Windows-SSD/Users/sackb/OneDrive/Desktop/University/Course_Work/2025-2026/Spring_2026/ECE_410/ECE410/project/post_m3_Minor_Redesign/tb/tb_top.sv Line: 257

Time: 12095 ns Started: 12085 ns Scope: /tb_top/u_mon File: /run/media/sackb/Windows-SSD/Users/sackb/OneDrive/Desktop/University/Course_Work/2025-2026/Spring_2026/ECE_410/ECE410/project/post_m3_Minor_Redesign/tb/tb_top.sv Line:256
Error: AXI MONITOR: core_C changed while core is idle
Time: 12095 ns  Iteration: 0  Process: /tb_top/u_mon//tb_top/u_mon  Scope: tb_top.u_mon  File: /run/media/sackb/Windows-SSD/Users/sackb/OneDrive/Desktop/University/Course_Work/2025-2026/Spring_2026/ECE_410/ECE410/project/post_m3_Minor_Redesign/tb/tb_top.sv Line: 257

Time: 12105 ns Started: 12095 ns Scope: /tb_top/u_mon File: /run/media/sackb/Windows-SSD/Users/sackb/OneDrive/Desktop/University/Course_Work/2025-2026/Spring_2026/ECE_410/ECE410/project/post_m3_Minor_Redesign/tb/tb_top.sv Line:256
Error: AXI MONITOR: core_C changed while core is idle
Time: 12105 ns  Iteration: 0  Process: /tb_top/u_mon//tb_top/u_mon  Scope: tb_top.u_mon  File: /run/media/sackb/Windows-SSD/Users/sackb/OneDrive/Desktop/University/Course_Work/2025-2026/Spring_2026/ECE_410/ECE410/project/post_m3_Minor_Redesign/tb/tb_top.sv Line: 257

Time: 12115 ns Started: 12105 ns Scope: /tb_top/u_mon File: /run/media/sackb/Windows-SSD/Users/sackb/OneDrive/Desktop/University/Course_Work/2025-2026/Spring_2026/ECE_410/ECE410/project/post_m3_Minor_Redesign/tb/tb_top.sv Line:256
Error: AXI MONITOR: core_C changed while core is idle
Time: 12115 ns  Iteration: 0  Process: /tb_top/u_mon//tb_top/u_mon  Scope: tb_top.u_mon  File: /run/media/sackb/Windows-SSD/Users/sackb/OneDrive/Desktop/University/Course_Work/2025-2026/Spring_2026/ECE_410/ECE410/project/post_m3_Minor_Redesign/tb/tb_top.sv Line: 257

Time: 12125 ns Started: 12115 ns Scope: /tb_top/u_mon File: /run/media/sackb/Windows-SSD/Users/sackb/OneDrive/Desktop/University/Course_Work/2025-2026/Spring_2026/ECE_410/ECE410/project/post_m3_Minor_Redesign/tb/tb_top.sv Line:256
Error: AXI MONITOR: core_C changed while core is idle
Time: 12125 ns  Iteration: 0  Process: /tb_top/u_mon//tb_top/u_mon  Scope: tb_top.u_mon  File: /run/media/sackb/Windows-SSD/Users/sackb/OneDrive/Desktop/University/Course_Work/2025-2026/Spring_2026/ECE_410/ECE410/project/post_m3_Minor_Redesign/tb/tb_top.sv Line: 257

Time: 12135 ns Started: 12125 ns Scope: /tb_top/u_mon File: /run/media/sackb/Windows-SSD/Users/sackb/OneDrive/Desktop/University/Course_Work/2025-2026/Spring_2026/ECE_410/ECE410/project/post_m3_Minor_Redesign/tb/tb_top.sv Line:256
Error: AXI MONITOR: core_C changed while core is idle
Time: 12135 ns  Iteration: 0  Process: /tb_top/u_mon//tb_top/u_mon  Scope: tb_top.u_mon  File: /run/media/sackb/Windows-SSD/Users/sackb/OneDrive/Desktop/University/Course_Work/2025-2026/Spring_2026/ECE_410/ECE410/project/post_m3_Minor_Redesign/tb/tb_top.sv Line: 257

Time: 12145 ns Started: 12135 ns Scope: /tb_top/u_mon File: /run/media/sackb/Windows-SSD/Users/sackb/OneDrive/Desktop/University/Course_Work/2025-2026/Spring_2026/ECE_410/ECE410/project/post_m3_Minor_Redesign/tb/tb_top.sv Line:256
Error: AXI MONITOR: core_C changed while core is idle
Time: 12145 ns  Iteration: 0  Process: /tb_top/u_mon//tb_top/u_mon  Scope: tb_top.u_mon  File: /run/media/sackb/Windows-SSD/Users/sackb/OneDrive/Desktop/University/Course_Work/2025-2026/Spring_2026/ECE_410/ECE410/project/post_m3_Minor_Redesign/tb/tb_top.sv Line: 257

Time: 12155 ns Started: 12145 ns Scope: /tb_top/u_mon File: /run/media/sackb/Windows-SSD/Users/sackb/OneDrive/Desktop/University/Course_Work/2025-2026/Spring_2026/ECE_410/ECE410/project/post_m3_Minor_Redesign/tb/tb_top.sv Line:256
Error: AXI MONITOR: core_C changed while core is idle
Time: 12155 ns  Iteration: 0  Process: /tb_top/u_mon//tb_top/u_mon  Scope: tb_top.u_mon  File: /run/media/sackb/Windows-SSD/Users/sackb/OneDrive/Desktop/University/Course_Work/2025-2026/Spring_2026/ECE_410/ECE410/project/post_m3_Minor_Redesign/tb/tb_top.sv Line: 257

Time: 12165 ns Started: 12155 ns Scope: /tb_top/u_mon File: /run/media/sackb/Windows-SSD/Users/sackb/OneDrive/Desktop/University/Course_Work/2025-2026/Spring_2026/ECE_410/ECE410/project/post_m3_Minor_Redesign/tb/tb_top.sv Line:256
Error: AXI MONITOR: core_C changed while core is idle
Time: 12165 ns  Iteration: 0  Process: /tb_top/u_mon//tb_top/u_mon  Scope: tb_top.u_mon  File: /run/media/sackb/Windows-SSD/Users/sackb/OneDrive/Desktop/University/Course_Work/2025-2026/Spring_2026/ECE_410/ECE410/project/post_m3_Minor_Redesign/tb/tb_top.sv Line: 257

Time: 12175 ns Started: 12165 ns Scope: /tb_top/u_mon File: /run/media/sackb/Windows-SSD/Users/sackb/OneDrive/Desktop/University/Course_Work/2025-2026/Spring_2026/ECE_410/ECE410/project/post_m3_Minor_Redesign/tb/tb_top.sv Line:256
Error: AXI MONITOR: core_C changed while core is idle
Time: 12175 ns  Iteration: 0  Process: /tb_top/u_mon//tb_top/u_mon  Scope: tb_top.u_mon  File: /run/media/sackb/Windows-SSD/Users/sackb/OneDrive/Desktop/University/Course_Work/2025-2026/Spring_2026/ECE_410/ECE410/project/post_m3_Minor_Redesign/tb/tb_top.sv Line: 257

Time: 12185 ns Started: 12175 ns Scope: /tb_top/u_mon File: /run/media/sackb/Windows-SSD/Users/sackb/OneDrive/Desktop/University/Course_Work/2025-2026/Spring_2026/ECE_410/ECE410/project/post_m3_Minor_Redesign/tb/tb_top.sv Line:256
Error: AXI MONITOR: core_C changed while core is idle
Time: 12185 ns  Iteration: 0  Process: /tb_top/u_mon//tb_top/u_mon  Scope: tb_top.u_mon  File: /run/media/sackb/Windows-SSD/Users/sackb/OneDrive/Desktop/University/Course_Work/2025-2026/Spring_2026/ECE_410/ECE410/project/post_m3_Minor_Redesign/tb/tb_top.sv Line: 257

Time: 12195 ns Started: 12185 ns Scope: /tb_top/u_mon File: /run/media/sackb/Windows-SSD/Users/sackb/OneDrive/Desktop/University/Course_Work/2025-2026/Spring_2026/ECE_410/ECE410/project/post_m3_Minor_Redesign/tb/tb_top.sv Line:256
Error: AXI MONITOR: core_C changed while core is idle
Time: 12195 ns  Iteration: 0  Process: /tb_top/u_mon//tb_top/u_mon  Scope: tb_top.u_mon  File: /run/media/sackb/Windows-SSD/Users/sackb/OneDrive/Desktop/University/Course_Work/2025-2026/Spring_2026/ECE_410/ECE410/project/post_m3_Minor_Redesign/tb/tb_top.sv Line: 257

Time: 12205 ns Started: 12195 ns Scope: /tb_top/u_mon File: /run/media/sackb/Windows-SSD/Users/sackb/OneDrive/Desktop/University/Course_Work/2025-2026/Spring_2026/ECE_410/ECE410/project/post_m3_Minor_Redesign/tb/tb_top.sv Line:256
Error: AXI MONITOR: core_C changed while core is idle
Time: 12205 ns  Iteration: 0  Process: /tb_top/u_mon//tb_top/u_mon  Scope: tb_top.u_mon  File: /run/media/sackb/Windows-SSD/Users/sackb/OneDrive/Desktop/University/Course_Work/2025-2026/Spring_2026/ECE_410/ECE410/project/post_m3_Minor_Redesign/tb/tb_top.sv Line: 257

Time: 12215 ns Started: 12205 ns Scope: /tb_top/u_mon File: /run/media/sackb/Windows-SSD/Users/sackb/OneDrive/Desktop/University/Course_Work/2025-2026/Spring_2026/ECE_410/ECE410/project/post_m3_Minor_Redesign/tb/tb_top.sv Line:256
Error: AXI MONITOR: core_C changed while core is idle
Time: 12215 ns  Iteration: 0  Process: /tb_top/u_mon//tb_top/u_mon  Scope: tb_top.u_mon  File: /run/media/sackb/Windows-SSD/Users/sackb/OneDrive/Desktop/University/Course_Work/2025-2026/Spring_2026/ECE_410/ECE410/project/post_m3_Minor_Redesign/tb/tb_top.sv Line: 257

Time: 12225 ns Started: 12215 ns Scope: /tb_top/u_mon File: /run/media/sackb/Windows-SSD/Users/sackb/OneDrive/Desktop/University/Course_Work/2025-2026/Spring_2026/ECE_410/ECE410/project/post_m3_Minor_Redesign/tb/tb_top.sv Line:256
Error: AXI MONITOR: core_C changed while core is idle
Time: 12225 ns  Iteration: 0  Process: /tb_top/u_mon//tb_top/u_mon  Scope: tb_top.u_mon  File: /run/media/sackb/Windows-SSD/Users/sackb/OneDrive/Desktop/University/Course_Work/2025-2026/Spring_2026/ECE_410/ECE410/project/post_m3_Minor_Redesign/tb/tb_top.sv Line: 257

Time: 12965 ns Started: 12955 ns Scope: /tb_top/u_mon File: /run/media/sackb/Windows-SSD/Users/sackb/OneDrive/Desktop/University/Course_Work/2025-2026/Spring_2026/ECE_410/ECE410/project/post_m3_Minor_Redesign/tb/tb_top.sv Line:256
Error: AXI MONITOR: core_C changed while core is idle
Time: 12965 ns  Iteration: 0  Process: /tb_top/u_mon//tb_top/u_mon  Scope: tb_top.u_mon  File: /run/media/sackb/Windows-SSD/Users/sackb/OneDrive/Desktop/University/Course_Work/2025-2026/Spring_2026/ECE_410/ECE410/project/post_m3_Minor_Redesign/tb/tb_top.sv Line: 257

Time: 12975 ns Started: 12965 ns Scope: /tb_top/u_mon File: /run/media/sackb/Windows-SSD/Users/sackb/OneDrive/Desktop/University/Course_Work/2025-2026/Spring_2026/ECE_410/ECE410/project/post_m3_Minor_Redesign/tb/tb_top.sv Line:256
Error: AXI MONITOR: core_C changed while core is idle
Time: 12975 ns  Iteration: 0  Process: /tb_top/u_mon//tb_top/u_mon  Scope: tb_top.u_mon  File: /run/media/sackb/Windows-SSD/Users/sackb/OneDrive/Desktop/University/Course_Work/2025-2026/Spring_2026/ECE_410/ECE410/project/post_m3_Minor_Redesign/tb/tb_top.sv Line: 257

Time: 12985 ns Started: 12975 ns Scope: /tb_top/u_mon File: /run/media/sackb/Windows-SSD/Users/sackb/OneDrive/Desktop/University/Course_Work/2025-2026/Spring_2026/ECE_410/ECE410/project/post_m3_Minor_Redesign/tb/tb_top.sv Line:256
Error: AXI MONITOR: core_C changed while core is idle
Time: 12985 ns  Iteration: 0  Process: /tb_top/u_mon//tb_top/u_mon  Scope: tb_top.u_mon  File: /run/media/sackb/Windows-SSD/Users/sackb/OneDrive/Desktop/University/Course_Work/2025-2026/Spring_2026/ECE_410/ECE410/project/post_m3_Minor_Redesign/tb/tb_top.sv Line: 257

Time: 12995 ns Started: 12985 ns Scope: /tb_top/u_mon File: /run/media/sackb/Windows-SSD/Users/sackb/OneDrive/Desktop/University/Course_Work/2025-2026/Spring_2026/ECE_410/ECE410/project/post_m3_Minor_Redesign/tb/tb_top.sv Line:256
Error: AXI MONITOR: core_C changed while core is idle
Time: 12995 ns  Iteration: 0  Process: /tb_top/u_mon//tb_top/u_mon  Scope: tb_top.u_mon  File: /run/media/sackb/Windows-SSD/Users/sackb/OneDrive/Desktop/University/Course_Work/2025-2026/Spring_2026/ECE_410/ECE410/project/post_m3_Minor_Redesign/tb/tb_top.sv Line: 257

Time: 13005 ns Started: 12995 ns Scope: /tb_top/u_mon File: /run/media/sackb/Windows-SSD/Users/sackb/OneDrive/Desktop/University/Course_Work/2025-2026/Spring_2026/ECE_410/ECE410/project/post_m3_Minor_Redesign/tb/tb_top.sv Line:256
Error: AXI MONITOR: core_C changed while core is idle
Time: 13005 ns  Iteration: 0  Process: /tb_top/u_mon//tb_top/u_mon  Scope: tb_top.u_mon  File: /run/media/sackb/Windows-SSD/Users/sackb/OneDrive/Desktop/University/Course_Work/2025-2026/Spring_2026/ECE_410/ECE410/project/post_m3_Minor_Redesign/tb/tb_top.sv Line: 257

Time: 13015 ns Started: 13005 ns Scope: /tb_top/u_mon File: /run/media/sackb/Windows-SSD/Users/sackb/OneDrive/Desktop/University/Course_Work/2025-2026/Spring_2026/ECE_410/ECE410/project/post_m3_Minor_Redesign/tb/tb_top.sv Line:256
Error: AXI MONITOR: core_C changed while core is idle
Time: 13015 ns  Iteration: 0  Process: /tb_top/u_mon//tb_top/u_mon  Scope: tb_top.u_mon  File: /run/media/sackb/Windows-SSD/Users/sackb/OneDrive/Desktop/University/Course_Work/2025-2026/Spring_2026/ECE_410/ECE410/project/post_m3_Minor_Redesign/tb/tb_top.sv Line: 257

Time: 13025 ns Started: 13015 ns Scope: /tb_top/u_mon File: /run/media/sackb/Windows-SSD/Users/sackb/OneDrive/Desktop/University/Course_Work/2025-2026/Spring_2026/ECE_410/ECE410/project/post_m3_Minor_Redesign/tb/tb_top.sv Line:256
Error: AXI MONITOR: core_C changed while core is idle
Time: 13025 ns  Iteration: 0  Process: /tb_top/u_mon//tb_top/u_mon  Scope: tb_top.u_mon  File: /run/media/sackb/Windows-SSD/Users/sackb/OneDrive/Desktop/University/Course_Work/2025-2026/Spring_2026/ECE_410/ECE410/project/post_m3_Minor_Redesign/tb/tb_top.sv Line: 257

Time: 13035 ns Started: 13025 ns Scope: /tb_top/u_mon File: /run/media/sackb/Windows-SSD/Users/sackb/OneDrive/Desktop/University/Course_Work/2025-2026/Spring_2026/ECE_410/ECE410/project/post_m3_Minor_Redesign/tb/tb_top.sv Line:256
Error: AXI MONITOR: core_C changed while core is idle
Time: 13035 ns  Iteration: 0  Process: /tb_top/u_mon//tb_top/u_mon  Scope: tb_top.u_mon  File: /run/media/sackb/Windows-SSD/Users/sackb/OneDrive/Desktop/University/Course_Work/2025-2026/Spring_2026/ECE_410/ECE410/project/post_m3_Minor_Redesign/tb/tb_top.sv Line: 257

Time: 13045 ns Started: 13035 ns Scope: /tb_top/u_mon File: /run/media/sackb/Windows-SSD/Users/sackb/OneDrive/Desktop/University/Course_Work/2025-2026/Spring_2026/ECE_410/ECE410/project/post_m3_Minor_Redesign/tb/tb_top.sv Line:256
Error: AXI MONITOR: core_C changed while core is idle
Time: 13045 ns  Iteration: 0  Process: /tb_top/u_mon//tb_top/u_mon  Scope: tb_top.u_mon  File: /run/media/sackb/Windows-SSD/Users/sackb/OneDrive/Desktop/University/Course_Work/2025-2026/Spring_2026/ECE_410/ECE410/project/post_m3_Minor_Redesign/tb/tb_top.sv Line: 257

Time: 13055 ns Started: 13045 ns Scope: /tb_top/u_mon File: /run/media/sackb/Windows-SSD/Users/sackb/OneDrive/Desktop/University/Course_Work/2025-2026/Spring_2026/ECE_410/ECE410/project/post_m3_Minor_Redesign/tb/tb_top.sv Line:256
Error: AXI MONITOR: core_C changed while core is idle
Time: 13055 ns  Iteration: 0  Process: /tb_top/u_mon//tb_top/u_mon  Scope: tb_top.u_mon  File: /run/media/sackb/Windows-SSD/Users/sackb/OneDrive/Desktop/University/Course_Work/2025-2026/Spring_2026/ECE_410/ECE410/project/post_m3_Minor_Redesign/tb/tb_top.sv Line: 257

Time: 13065 ns Started: 13055 ns Scope: /tb_top/u_mon File: /run/media/sackb/Windows-SSD/Users/sackb/OneDrive/Desktop/University/Course_Work/2025-2026/Spring_2026/ECE_410/ECE410/project/post_m3_Minor_Redesign/tb/tb_top.sv Line:256
Error: AXI MONITOR: core_C changed while core is idle
Time: 13065 ns  Iteration: 0  Process: /tb_top/u_mon//tb_top/u_mon  Scope: tb_top.u_mon  File: /run/media/sackb/Windows-SSD/Users/sackb/OneDrive/Desktop/University/Course_Work/2025-2026/Spring_2026/ECE_410/ECE410/project/post_m3_Minor_Redesign/tb/tb_top.sv Line: 257

Time: 13075 ns Started: 13065 ns Scope: /tb_top/u_mon File: /run/media/sackb/Windows-SSD/Users/sackb/OneDrive/Desktop/University/Course_Work/2025-2026/Spring_2026/ECE_410/ECE410/project/post_m3_Minor_Redesign/tb/tb_top.sv Line:256
Error: AXI MONITOR: core_C changed while core is idle
Time: 13075 ns  Iteration: 0  Process: /tb_top/u_mon//tb_top/u_mon  Scope: tb_top.u_mon  File: /run/media/sackb/Windows-SSD/Users/sackb/OneDrive/Desktop/University/Course_Work/2025-2026/Spring_2026/ECE_410/ECE410/project/post_m3_Minor_Redesign/tb/tb_top.sv Line: 257

Time: 13085 ns Started: 13075 ns Scope: /tb_top/u_mon File: /run/media/sackb/Windows-SSD/Users/sackb/OneDrive/Desktop/University/Course_Work/2025-2026/Spring_2026/ECE_410/ECE410/project/post_m3_Minor_Redesign/tb/tb_top.sv Line:256
Error: AXI MONITOR: core_C changed while core is idle
Time: 13085 ns  Iteration: 0  Process: /tb_top/u_mon//tb_top/u_mon  Scope: tb_top.u_mon  File: /run/media/sackb/Windows-SSD/Users/sackb/OneDrive/Desktop/University/Course_Work/2025-2026/Spring_2026/ECE_410/ECE410/project/post_m3_Minor_Redesign/tb/tb_top.sv Line: 257

Time: 13095 ns Started: 13085 ns Scope: /tb_top/u_mon File: /run/media/sackb/Windows-SSD/Users/sackb/OneDrive/Desktop/University/Course_Work/2025-2026/Spring_2026/ECE_410/ECE410/project/post_m3_Minor_Redesign/tb/tb_top.sv Line:256
Error: AXI MONITOR: core_C changed while core is idle
Time: 13095 ns  Iteration: 0  Process: /tb_top/u_mon//tb_top/u_mon  Scope: tb_top.u_mon  File: /run/media/sackb/Windows-SSD/Users/sackb/OneDrive/Desktop/University/Course_Work/2025-2026/Spring_2026/ECE_410/ECE410/project/post_m3_Minor_Redesign/tb/tb_top.sv Line: 257

Time: 13105 ns Started: 13095 ns Scope: /tb_top/u_mon File: /run/media/sackb/Windows-SSD/Users/sackb/OneDrive/Desktop/University/Course_Work/2025-2026/Spring_2026/ECE_410/ECE410/project/post_m3_Minor_Redesign/tb/tb_top.sv Line:256
Error: AXI MONITOR: core_C changed while core is idle
Time: 13105 ns  Iteration: 0  Process: /tb_top/u_mon//tb_top/u_mon  Scope: tb_top.u_mon  File: /run/media/sackb/Windows-SSD/Users/sackb/OneDrive/Desktop/University/Course_Work/2025-2026/Spring_2026/ECE_410/ECE410/project/post_m3_Minor_Redesign/tb/tb_top.sv Line: 257

Time: 13115 ns Started: 13105 ns Scope: /tb_top/u_mon File: /run/media/sackb/Windows-SSD/Users/sackb/OneDrive/Desktop/University/Course_Work/2025-2026/Spring_2026/ECE_410/ECE410/project/post_m3_Minor_Redesign/tb/tb_top.sv Line:256
Error: AXI MONITOR: core_C changed while core is idle
Time: 13115 ns  Iteration: 0  Process: /tb_top/u_mon//tb_top/u_mon  Scope: tb_top.u_mon  File: /run/media/sackb/Windows-SSD/Users/sackb/OneDrive/Desktop/University/Course_Work/2025-2026/Spring_2026/ECE_410/ECE410/project/post_m3_Minor_Redesign/tb/tb_top.sv Line: 257

Time: 13125 ns Started: 13115 ns Scope: /tb_top/u_mon File: /run/media/sackb/Windows-SSD/Users/sackb/OneDrive/Desktop/University/Course_Work/2025-2026/Spring_2026/ECE_410/ECE410/project/post_m3_Minor_Redesign/tb/tb_top.sv Line:256
Error: AXI MONITOR: core_C changed while core is idle
Time: 13125 ns  Iteration: 0  Process: /tb_top/u_mon//tb_top/u_mon  Scope: tb_top.u_mon  File: /run/media/sackb/Windows-SSD/Users/sackb/OneDrive/Desktop/University/Course_Work/2025-2026/Spring_2026/ECE_410/ECE410/project/post_m3_Minor_Redesign/tb/tb_top.sv Line: 257

Time: 13135 ns Started: 13125 ns Scope: /tb_top/u_mon File: /run/media/sackb/Windows-SSD/Users/sackb/OneDrive/Desktop/University/Course_Work/2025-2026/Spring_2026/ECE_410/ECE410/project/post_m3_Minor_Redesign/tb/tb_top.sv Line:256
Error: AXI MONITOR: core_C changed while core is idle
Time: 13135 ns  Iteration: 0  Process: /tb_top/u_mon//tb_top/u_mon  Scope: tb_top.u_mon  File: /run/media/sackb/Windows-SSD/Users/sackb/OneDrive/Desktop/University/Course_Work/2025-2026/Spring_2026/ECE_410/ECE410/project/post_m3_Minor_Redesign/tb/tb_top.sv Line: 257

Time: 13145 ns Started: 13135 ns Scope: /tb_top/u_mon File: /run/media/sackb/Windows-SSD/Users/sackb/OneDrive/Desktop/University/Course_Work/2025-2026/Spring_2026/ECE_410/ECE410/project/post_m3_Minor_Redesign/tb/tb_top.sv Line:256
Error: AXI MONITOR: core_C changed while core is idle
Time: 13145 ns  Iteration: 0  Process: /tb_top/u_mon//tb_top/u_mon  Scope: tb_top.u_mon  File: /run/media/sackb/Windows-SSD/Users/sackb/OneDrive/Desktop/University/Course_Work/2025-2026/Spring_2026/ECE_410/ECE410/project/post_m3_Minor_Redesign/tb/tb_top.sv Line: 257

Time: 13155 ns Started: 13145 ns Scope: /tb_top/u_mon File: /run/media/sackb/Windows-SSD/Users/sackb/OneDrive/Desktop/University/Course_Work/2025-2026/Spring_2026/ECE_410/ECE410/project/post_m3_Minor_Redesign/tb/tb_top.sv Line:256
Error: AXI MONITOR: core_C changed while core is idle
Time: 13155 ns  Iteration: 0  Process: /tb_top/u_mon//tb_top/u_mon  Scope: tb_top.u_mon  File: /run/media/sackb/Windows-SSD/Users/sackb/OneDrive/Desktop/University/Course_Work/2025-2026/Spring_2026/ECE_410/ECE410/project/post_m3_Minor_Redesign/tb/tb_top.sv Line: 257

Time: 13165 ns Started: 13155 ns Scope: /tb_top/u_mon File: /run/media/sackb/Windows-SSD/Users/sackb/OneDrive/Desktop/University/Course_Work/2025-2026/Spring_2026/ECE_410/ECE410/project/post_m3_Minor_Redesign/tb/tb_top.sv Line:256
Error: AXI MONITOR: core_C changed while core is idle
Time: 13165 ns  Iteration: 0  Process: /tb_top/u_mon//tb_top/u_mon  Scope: tb_top.u_mon  File: /run/media/sackb/Windows-SSD/Users/sackb/OneDrive/Desktop/University/Course_Work/2025-2026/Spring_2026/ECE_410/ECE410/project/post_m3_Minor_Redesign/tb/tb_top.sv Line: 257

Time: 13175 ns Started: 13165 ns Scope: /tb_top/u_mon File: /run/media/sackb/Windows-SSD/Users/sackb/OneDrive/Desktop/University/Course_Work/2025-2026/Spring_2026/ECE_410/ECE410/project/post_m3_Minor_Redesign/tb/tb_top.sv Line:256
Error: AXI MONITOR: core_C changed while core is idle
Time: 13175 ns  Iteration: 0  Process: /tb_top/u_mon//tb_top/u_mon  Scope: tb_top.u_mon  File: /run/media/sackb/Windows-SSD/Users/sackb/OneDrive/Desktop/University/Course_Work/2025-2026/Spring_2026/ECE_410/ECE410/project/post_m3_Minor_Redesign/tb/tb_top.sv Line: 257

Time: 13185 ns Started: 13175 ns Scope: /tb_top/u_mon File: /run/media/sackb/Windows-SSD/Users/sackb/OneDrive/Desktop/University/Course_Work/2025-2026/Spring_2026/ECE_410/ECE410/project/post_m3_Minor_Redesign/tb/tb_top.sv Line:256
Error: AXI MONITOR: core_C changed while core is idle
Time: 13185 ns  Iteration: 0  Process: /tb_top/u_mon//tb_top/u_mon  Scope: tb_top.u_mon  File: /run/media/sackb/Windows-SSD/Users/sackb/OneDrive/Desktop/University/Course_Work/2025-2026/Spring_2026/ECE_410/ECE410/project/post_m3_Minor_Redesign/tb/tb_top.sv Line: 257

Time: 13195 ns Started: 13185 ns Scope: /tb_top/u_mon File: /run/media/sackb/Windows-SSD/Users/sackb/OneDrive/Desktop/University/Course_Work/2025-2026/Spring_2026/ECE_410/ECE410/project/post_m3_Minor_Redesign/tb/tb_top.sv Line:256
Error: AXI MONITOR: core_C changed while core is idle
Time: 13195 ns  Iteration: 0  Process: /tb_top/u_mon//tb_top/u_mon  Scope: tb_top.u_mon  File: /run/media/sackb/Windows-SSD/Users/sackb/OneDrive/Desktop/University/Course_Work/2025-2026/Spring_2026/ECE_410/ECE410/project/post_m3_Minor_Redesign/tb/tb_top.sv Line: 257

Time: 13205 ns Started: 13195 ns Scope: /tb_top/u_mon File: /run/media/sackb/Windows-SSD/Users/sackb/OneDrive/Desktop/University/Course_Work/2025-2026/Spring_2026/ECE_410/ECE410/project/post_m3_Minor_Redesign/tb/tb_top.sv Line:256
Error: AXI MONITOR: core_C changed while core is idle
Time: 13205 ns  Iteration: 0  Process: /tb_top/u_mon//tb_top/u_mon  Scope: tb_top.u_mon  File: /run/media/sackb/Windows-SSD/Users/sackb/OneDrive/Desktop/University/Course_Work/2025-2026/Spring_2026/ECE_410/ECE410/project/post_m3_Minor_Redesign/tb/tb_top.sv Line: 257

Time: 13215 ns Started: 13205 ns Scope: /tb_top/u_mon File: /run/media/sackb/Windows-SSD/Users/sackb/OneDrive/Desktop/University/Course_Work/2025-2026/Spring_2026/ECE_410/ECE410/project/post_m3_Minor_Redesign/tb/tb_top.sv Line:256
Error: AXI MONITOR: core_C changed while core is idle
Time: 13215 ns  Iteration: 0  Process: /tb_top/u_mon//tb_top/u_mon  Scope: tb_top.u_mon  File: /run/media/sackb/Windows-SSD/Users/sackb/OneDrive/Desktop/University/Course_Work/2025-2026/Spring_2026/ECE_410/ECE410/project/post_m3_Minor_Redesign/tb/tb_top.sv Line: 257

Time: 13225 ns Started: 13215 ns Scope: /tb_top/u_mon File: /run/media/sackb/Windows-SSD/Users/sackb/OneDrive/Desktop/University/Course_Work/2025-2026/Spring_2026/ECE_410/ECE410/project/post_m3_Minor_Redesign/tb/tb_top.sv Line:256
Error: AXI MONITOR: core_C changed while core is idle
Time: 13225 ns  Iteration: 0  Process: /tb_top/u_mon//tb_top/u_mon  Scope: tb_top.u_mon  File: /run/media/sackb/Windows-SSD/Users/sackb/OneDrive/Desktop/University/Course_Work/2025-2026/Spring_2026/ECE_410/ECE410/project/post_m3_Minor_Redesign/tb/tb_top.sv Line: 257

Time: 13235 ns Started: 13225 ns Scope: /tb_top/u_mon File: /run/media/sackb/Windows-SSD/Users/sackb/OneDrive/Desktop/University/Course_Work/2025-2026/Spring_2026/ECE_410/ECE410/project/post_m3_Minor_Redesign/tb/tb_top.sv Line:256
Error: AXI MONITOR: core_C changed while core is idle
Time: 13235 ns  Iteration: 0  Process: /tb_top/u_mon//tb_top/u_mon  Scope: tb_top.u_mon  File: /run/media/sackb/Windows-SSD/Users/sackb/OneDrive/Desktop/University/Course_Work/2025-2026/Spring_2026/ECE_410/ECE410/project/post_m3_Minor_Redesign/tb/tb_top.sv Line: 257

Time: 13245 ns Started: 13235 ns Scope: /tb_top/u_mon File: /run/media/sackb/Windows-SSD/Users/sackb/OneDrive/Desktop/University/Course_Work/2025-2026/Spring_2026/ECE_410/ECE410/project/post_m3_Minor_Redesign/tb/tb_top.sv Line:256
Error: AXI MONITOR: core_C changed while core is idle
Time: 13245 ns  Iteration: 0  Process: /tb_top/u_mon//tb_top/u_mon  Scope: tb_top.u_mon  File: /run/media/sackb/Windows-SSD/Users/sackb/OneDrive/Desktop/University/Course_Work/2025-2026/Spring_2026/ECE_410/ECE410/project/post_m3_Minor_Redesign/tb/tb_top.sv Line: 257

Time: 13255 ns Started: 13245 ns Scope: /tb_top/u_mon File: /run/media/sackb/Windows-SSD/Users/sackb/OneDrive/Desktop/University/Course_Work/2025-2026/Spring_2026/ECE_410/ECE410/project/post_m3_Minor_Redesign/tb/tb_top.sv Line:256
Error: AXI MONITOR: core_C changed while core is idle
Time: 13255 ns  Iteration: 0  Process: /tb_top/u_mon//tb_top/u_mon  Scope: tb_top.u_mon  File: /run/media/sackb/Windows-SSD/Users/sackb/OneDrive/Desktop/University/Course_Work/2025-2026/Spring_2026/ECE_410/ECE410/project/post_m3_Minor_Redesign/tb/tb_top.sv Line: 257

Time: 13265 ns Started: 13255 ns Scope: /tb_top/u_mon File: /run/media/sackb/Windows-SSD/Users/sackb/OneDrive/Desktop/University/Course_Work/2025-2026/Spring_2026/ECE_410/ECE410/project/post_m3_Minor_Redesign/tb/tb_top.sv Line:256
Error: AXI MONITOR: core_C changed while core is idle
Time: 13265 ns  Iteration: 0  Process: /tb_top/u_mon//tb_top/u_mon  Scope: tb_top.u_mon  File: /run/media/sackb/Windows-SSD/Users/sackb/OneDrive/Desktop/University/Course_Work/2025-2026/Spring_2026/ECE_410/ECE410/project/post_m3_Minor_Redesign/tb/tb_top.sv Line: 257

Time: 13275 ns Started: 13265 ns Scope: /tb_top/u_mon File: /run/media/sackb/Windows-SSD/Users/sackb/OneDrive/Desktop/University/Course_Work/2025-2026/Spring_2026/ECE_410/ECE410/project/post_m3_Minor_Redesign/tb/tb_top.sv Line:256
Error: AXI MONITOR: core_C changed while core is idle
Time: 13275 ns  Iteration: 0  Process: /tb_top/u_mon//tb_top/u_mon  Scope: tb_top.u_mon  File: /run/media/sackb/Windows-SSD/Users/sackb/OneDrive/Desktop/University/Course_Work/2025-2026/Spring_2026/ECE_410/ECE410/project/post_m3_Minor_Redesign/tb/tb_top.sv Line: 257

Time: 13285 ns Started: 13275 ns Scope: /tb_top/u_mon File: /run/media/sackb/Windows-SSD/Users/sackb/OneDrive/Desktop/University/Course_Work/2025-2026/Spring_2026/ECE_410/ECE410/project/post_m3_Minor_Redesign/tb/tb_top.sv Line:256
Error: AXI MONITOR: core_C changed while core is idle
Time: 13285 ns  Iteration: 0  Process: /tb_top/u_mon//tb_top/u_mon  Scope: tb_top.u_mon  File: /run/media/sackb/Windows-SSD/Users/sackb/OneDrive/Desktop/University/Course_Work/2025-2026/Spring_2026/ECE_410/ECE410/project/post_m3_Minor_Redesign/tb/tb_top.sv Line: 257

Time: 13295 ns Started: 13285 ns Scope: /tb_top/u_mon File: /run/media/sackb/Windows-SSD/Users/sackb/OneDrive/Desktop/University/Course_Work/2025-2026/Spring_2026/ECE_410/ECE410/project/post_m3_Minor_Redesign/tb/tb_top.sv Line:256
Error: AXI MONITOR: core_C changed while core is idle
Time: 13295 ns  Iteration: 0  Process: /tb_top/u_mon//tb_top/u_mon  Scope: tb_top.u_mon  File: /run/media/sackb/Windows-SSD/Users/sackb/OneDrive/Desktop/University/Course_Work/2025-2026/Spring_2026/ECE_410/ECE410/project/post_m3_Minor_Redesign/tb/tb_top.sv Line: 257

Time: 13305 ns Started: 13295 ns Scope: /tb_top/u_mon File: /run/media/sackb/Windows-SSD/Users/sackb/OneDrive/Desktop/University/Course_Work/2025-2026/Spring_2026/ECE_410/ECE410/project/post_m3_Minor_Redesign/tb/tb_top.sv Line:256
Error: AXI MONITOR: core_C changed while core is idle
Time: 13305 ns  Iteration: 0  Process: /tb_top/u_mon//tb_top/u_mon  Scope: tb_top.u_mon  File: /run/media/sackb/Windows-SSD/Users/sackb/OneDrive/Desktop/University/Course_Work/2025-2026/Spring_2026/ECE_410/ECE410/project/post_m3_Minor_Redesign/tb/tb_top.sv Line: 257

Time: 13315 ns Started: 13305 ns Scope: /tb_top/u_mon File: /run/media/sackb/Windows-SSD/Users/sackb/OneDrive/Desktop/University/Course_Work/2025-2026/Spring_2026/ECE_410/ECE410/project/post_m3_Minor_Redesign/tb/tb_top.sv Line:256
Error: AXI MONITOR: core_C changed while core is idle
Time: 13315 ns  Iteration: 0  Process: /tb_top/u_mon//tb_top/u_mon  Scope: tb_top.u_mon  File: /run/media/sackb/Windows-SSD/Users/sackb/OneDrive/Desktop/University/Course_Work/2025-2026/Spring_2026/ECE_410/ECE410/project/post_m3_Minor_Redesign/tb/tb_top.sv Line: 257

Time: 13325 ns Started: 13315 ns Scope: /tb_top/u_mon File: /run/media/sackb/Windows-SSD/Users/sackb/OneDrive/Desktop/University/Course_Work/2025-2026/Spring_2026/ECE_410/ECE410/project/post_m3_Minor_Redesign/tb/tb_top.sv Line:256
Error: AXI MONITOR: core_C changed while core is idle
Time: 13325 ns  Iteration: 0  Process: /tb_top/u_mon//tb_top/u_mon  Scope: tb_top.u_mon  File: /run/media/sackb/Windows-SSD/Users/sackb/OneDrive/Desktop/University/Course_Work/2025-2026/Spring_2026/ECE_410/ECE410/project/post_m3_Minor_Redesign/tb/tb_top.sv Line: 257

Time: 13335 ns Started: 13325 ns Scope: /tb_top/u_mon File: /run/media/sackb/Windows-SSD/Users/sackb/OneDrive/Desktop/University/Course_Work/2025-2026/Spring_2026/ECE_410/ECE410/project/post_m3_Minor_Redesign/tb/tb_top.sv Line:256
Error: AXI MONITOR: core_C changed while core is idle
Time: 13335 ns  Iteration: 0  Process: /tb_top/u_mon//tb_top/u_mon  Scope: tb_top.u_mon  File: /run/media/sackb/Windows-SSD/Users/sackb/OneDrive/Desktop/University/Course_Work/2025-2026/Spring_2026/ECE_410/ECE410/project/post_m3_Minor_Redesign/tb/tb_top.sv Line: 257
TB_TOP: Iteration 6 complete
TB_TOP: Starting iteration 7

Time: 13345 ns Started: 13335 ns Scope: /tb_top/u_mon File: /run/media/sackb/Windows-SSD/Users/sackb/OneDrive/Desktop/University/Course_Work/2025-2026/Spring_2026/ECE_410/ECE410/project/post_m3_Minor_Redesign/tb/tb_top.sv Line:256
Error: AXI MONITOR: core_C changed while core is idle
Time: 13345 ns  Iteration: 0  Process: /tb_top/u_mon//tb_top/u_mon  Scope: tb_top.u_mon  File: /run/media/sackb/Windows-SSD/Users/sackb/OneDrive/Desktop/University/Course_Work/2025-2026/Spring_2026/ECE_410/ECE410/project/post_m3_Minor_Redesign/tb/tb_top.sv Line: 257

Time: 13355 ns Started: 13345 ns Scope: /tb_top/u_mon File: /run/media/sackb/Windows-SSD/Users/sackb/OneDrive/Desktop/University/Course_Work/2025-2026/Spring_2026/ECE_410/ECE410/project/post_m3_Minor_Redesign/tb/tb_top.sv Line:256
Error: AXI MONITOR: core_C changed while core is idle
Time: 13355 ns  Iteration: 0  Process: /tb_top/u_mon//tb_top/u_mon  Scope: tb_top.u_mon  File: /run/media/sackb/Windows-SSD/Users/sackb/OneDrive/Desktop/University/Course_Work/2025-2026/Spring_2026/ECE_410/ECE410/project/post_m3_Minor_Redesign/tb/tb_top.sv Line: 257

Time: 13365 ns Started: 13355 ns Scope: /tb_top/u_mon File: /run/media/sackb/Windows-SSD/Users/sackb/OneDrive/Desktop/University/Course_Work/2025-2026/Spring_2026/ECE_410/ECE410/project/post_m3_Minor_Redesign/tb/tb_top.sv Line:256
Error: AXI MONITOR: core_C changed while core is idle
Time: 13365 ns  Iteration: 0  Process: /tb_top/u_mon//tb_top/u_mon  Scope: tb_top.u_mon  File: /run/media/sackb/Windows-SSD/Users/sackb/OneDrive/Desktop/University/Course_Work/2025-2026/Spring_2026/ECE_410/ECE410/project/post_m3_Minor_Redesign/tb/tb_top.sv Line: 257

Time: 13375 ns Started: 13365 ns Scope: /tb_top/u_mon File: /run/media/sackb/Windows-SSD/Users/sackb/OneDrive/Desktop/University/Course_Work/2025-2026/Spring_2026/ECE_410/ECE410/project/post_m3_Minor_Redesign/tb/tb_top.sv Line:256
Error: AXI MONITOR: core_C changed while core is idle
Time: 13375 ns  Iteration: 0  Process: /tb_top/u_mon//tb_top/u_mon  Scope: tb_top.u_mon  File: /run/media/sackb/Windows-SSD/Users/sackb/OneDrive/Desktop/University/Course_Work/2025-2026/Spring_2026/ECE_410/ECE410/project/post_m3_Minor_Redesign/tb/tb_top.sv Line: 257

Time: 13385 ns Started: 13375 ns Scope: /tb_top/u_mon File: /run/media/sackb/Windows-SSD/Users/sackb/OneDrive/Desktop/University/Course_Work/2025-2026/Spring_2026/ECE_410/ECE410/project/post_m3_Minor_Redesign/tb/tb_top.sv Line:256
Error: AXI MONITOR: core_C changed while core is idle
Time: 13385 ns  Iteration: 0  Process: /tb_top/u_mon//tb_top/u_mon  Scope: tb_top.u_mon  File: /run/media/sackb/Windows-SSD/Users/sackb/OneDrive/Desktop/University/Course_Work/2025-2026/Spring_2026/ECE_410/ECE410/project/post_m3_Minor_Redesign/tb/tb_top.sv Line: 257

Time: 13395 ns Started: 13385 ns Scope: /tb_top/u_mon File: /run/media/sackb/Windows-SSD/Users/sackb/OneDrive/Desktop/University/Course_Work/2025-2026/Spring_2026/ECE_410/ECE410/project/post_m3_Minor_Redesign/tb/tb_top.sv Line:256
Error: AXI MONITOR: core_C changed while core is idle
Time: 13395 ns  Iteration: 0  Process: /tb_top/u_mon//tb_top/u_mon  Scope: tb_top.u_mon  File: /run/media/sackb/Windows-SSD/Users/sackb/OneDrive/Desktop/University/Course_Work/2025-2026/Spring_2026/ECE_410/ECE410/project/post_m3_Minor_Redesign/tb/tb_top.sv Line: 257

Time: 13405 ns Started: 13395 ns Scope: /tb_top/u_mon File: /run/media/sackb/Windows-SSD/Users/sackb/OneDrive/Desktop/University/Course_Work/2025-2026/Spring_2026/ECE_410/ECE410/project/post_m3_Minor_Redesign/tb/tb_top.sv Line:256
Error: AXI MONITOR: core_C changed while core is idle
Time: 13405 ns  Iteration: 0  Process: /tb_top/u_mon//tb_top/u_mon  Scope: tb_top.u_mon  File: /run/media/sackb/Windows-SSD/Users/sackb/OneDrive/Desktop/University/Course_Work/2025-2026/Spring_2026/ECE_410/ECE410/project/post_m3_Minor_Redesign/tb/tb_top.sv Line: 257

Time: 13415 ns Started: 13405 ns Scope: /tb_top/u_mon File: /run/media/sackb/Windows-SSD/Users/sackb/OneDrive/Desktop/University/Course_Work/2025-2026/Spring_2026/ECE_410/ECE410/project/post_m3_Minor_Redesign/tb/tb_top.sv Line:256
Error: AXI MONITOR: core_C changed while core is idle
Time: 13415 ns  Iteration: 0  Process: /tb_top/u_mon//tb_top/u_mon  Scope: tb_top.u_mon  File: /run/media/sackb/Windows-SSD/Users/sackb/OneDrive/Desktop/University/Course_Work/2025-2026/Spring_2026/ECE_410/ECE410/project/post_m3_Minor_Redesign/tb/tb_top.sv Line: 257

Time: 13425 ns Started: 13415 ns Scope: /tb_top/u_mon File: /run/media/sackb/Windows-SSD/Users/sackb/OneDrive/Desktop/University/Course_Work/2025-2026/Spring_2026/ECE_410/ECE410/project/post_m3_Minor_Redesign/tb/tb_top.sv Line:256
Error: AXI MONITOR: core_C changed while core is idle
Time: 13425 ns  Iteration: 0  Process: /tb_top/u_mon//tb_top/u_mon  Scope: tb_top.u_mon  File: /run/media/sackb/Windows-SSD/Users/sackb/OneDrive/Desktop/University/Course_Work/2025-2026/Spring_2026/ECE_410/ECE410/project/post_m3_Minor_Redesign/tb/tb_top.sv Line: 257

Time: 13435 ns Started: 13425 ns Scope: /tb_top/u_mon File: /run/media/sackb/Windows-SSD/Users/sackb/OneDrive/Desktop/University/Course_Work/2025-2026/Spring_2026/ECE_410/ECE410/project/post_m3_Minor_Redesign/tb/tb_top.sv Line:256
Error: AXI MONITOR: core_C changed while core is idle
Time: 13435 ns  Iteration: 0  Process: /tb_top/u_mon//tb_top/u_mon  Scope: tb_top.u_mon  File: /run/media/sackb/Windows-SSD/Users/sackb/OneDrive/Desktop/University/Course_Work/2025-2026/Spring_2026/ECE_410/ECE410/project/post_m3_Minor_Redesign/tb/tb_top.sv Line: 257

Time: 13445 ns Started: 13435 ns Scope: /tb_top/u_mon File: /run/media/sackb/Windows-SSD/Users/sackb/OneDrive/Desktop/University/Course_Work/2025-2026/Spring_2026/ECE_410/ECE410/project/post_m3_Minor_Redesign/tb/tb_top.sv Line:256
Error: AXI MONITOR: core_C changed while core is idle
Time: 13445 ns  Iteration: 0  Process: /tb_top/u_mon//tb_top/u_mon  Scope: tb_top.u_mon  File: /run/media/sackb/Windows-SSD/Users/sackb/OneDrive/Desktop/University/Course_Work/2025-2026/Spring_2026/ECE_410/ECE410/project/post_m3_Minor_Redesign/tb/tb_top.sv Line: 257

Time: 13455 ns Started: 13445 ns Scope: /tb_top/u_mon File: /run/media/sackb/Windows-SSD/Users/sackb/OneDrive/Desktop/University/Course_Work/2025-2026/Spring_2026/ECE_410/ECE410/project/post_m3_Minor_Redesign/tb/tb_top.sv Line:256
Error: AXI MONITOR: core_C changed while core is idle
Time: 13455 ns  Iteration: 0  Process: /tb_top/u_mon//tb_top/u_mon  Scope: tb_top.u_mon  File: /run/media/sackb/Windows-SSD/Users/sackb/OneDrive/Desktop/University/Course_Work/2025-2026/Spring_2026/ECE_410/ECE410/project/post_m3_Minor_Redesign/tb/tb_top.sv Line: 257

Time: 13465 ns Started: 13455 ns Scope: /tb_top/u_mon File: /run/media/sackb/Windows-SSD/Users/sackb/OneDrive/Desktop/University/Course_Work/2025-2026/Spring_2026/ECE_410/ECE410/project/post_m3_Minor_Redesign/tb/tb_top.sv Line:256
Error: AXI MONITOR: core_C changed while core is idle
Time: 13465 ns  Iteration: 0  Process: /tb_top/u_mon//tb_top/u_mon  Scope: tb_top.u_mon  File: /run/media/sackb/Windows-SSD/Users/sackb/OneDrive/Desktop/University/Course_Work/2025-2026/Spring_2026/ECE_410/ECE410/project/post_m3_Minor_Redesign/tb/tb_top.sv Line: 257

Time: 13475 ns Started: 13465 ns Scope: /tb_top/u_mon File: /run/media/sackb/Windows-SSD/Users/sackb/OneDrive/Desktop/University/Course_Work/2025-2026/Spring_2026/ECE_410/ECE410/project/post_m3_Minor_Redesign/tb/tb_top.sv Line:256
Error: AXI MONITOR: core_C changed while core is idle
Time: 13475 ns  Iteration: 0  Process: /tb_top/u_mon//tb_top/u_mon  Scope: tb_top.u_mon  File: /run/media/sackb/Windows-SSD/Users/sackb/OneDrive/Desktop/University/Course_Work/2025-2026/Spring_2026/ECE_410/ECE410/project/post_m3_Minor_Redesign/tb/tb_top.sv Line: 257

Time: 13485 ns Started: 13475 ns Scope: /tb_top/u_mon File: /run/media/sackb/Windows-SSD/Users/sackb/OneDrive/Desktop/University/Course_Work/2025-2026/Spring_2026/ECE_410/ECE410/project/post_m3_Minor_Redesign/tb/tb_top.sv Line:256
Error: AXI MONITOR: core_C changed while core is idle
Time: 13485 ns  Iteration: 0  Process: /tb_top/u_mon//tb_top/u_mon  Scope: tb_top.u_mon  File: /run/media/sackb/Windows-SSD/Users/sackb/OneDrive/Desktop/University/Course_Work/2025-2026/Spring_2026/ECE_410/ECE410/project/post_m3_Minor_Redesign/tb/tb_top.sv Line: 257

Time: 13495 ns Started: 13485 ns Scope: /tb_top/u_mon File: /run/media/sackb/Windows-SSD/Users/sackb/OneDrive/Desktop/University/Course_Work/2025-2026/Spring_2026/ECE_410/ECE410/project/post_m3_Minor_Redesign/tb/tb_top.sv Line:256
Error: AXI MONITOR: core_C changed while core is idle
Time: 13495 ns  Iteration: 0  Process: /tb_top/u_mon//tb_top/u_mon  Scope: tb_top.u_mon  File: /run/media/sackb/Windows-SSD/Users/sackb/OneDrive/Desktop/University/Course_Work/2025-2026/Spring_2026/ECE_410/ECE410/project/post_m3_Minor_Redesign/tb/tb_top.sv Line: 257

Time: 13505 ns Started: 13495 ns Scope: /tb_top/u_mon File: /run/media/sackb/Windows-SSD/Users/sackb/OneDrive/Desktop/University/Course_Work/2025-2026/Spring_2026/ECE_410/ECE410/project/post_m3_Minor_Redesign/tb/tb_top.sv Line:256
Error: AXI MONITOR: core_C changed while core is idle
Time: 13505 ns  Iteration: 0  Process: /tb_top/u_mon//tb_top/u_mon  Scope: tb_top.u_mon  File: /run/media/sackb/Windows-SSD/Users/sackb/OneDrive/Desktop/University/Course_Work/2025-2026/Spring_2026/ECE_410/ECE410/project/post_m3_Minor_Redesign/tb/tb_top.sv Line: 257

Time: 13515 ns Started: 13505 ns Scope: /tb_top/u_mon File: /run/media/sackb/Windows-SSD/Users/sackb/OneDrive/Desktop/University/Course_Work/2025-2026/Spring_2026/ECE_410/ECE410/project/post_m3_Minor_Redesign/tb/tb_top.sv Line:256
Error: AXI MONITOR: core_C changed while core is idle
Time: 13515 ns  Iteration: 0  Process: /tb_top/u_mon//tb_top/u_mon  Scope: tb_top.u_mon  File: /run/media/sackb/Windows-SSD/Users/sackb/OneDrive/Desktop/University/Course_Work/2025-2026/Spring_2026/ECE_410/ECE410/project/post_m3_Minor_Redesign/tb/tb_top.sv Line: 257

Time: 13525 ns Started: 13515 ns Scope: /tb_top/u_mon File: /run/media/sackb/Windows-SSD/Users/sackb/OneDrive/Desktop/University/Course_Work/2025-2026/Spring_2026/ECE_410/ECE410/project/post_m3_Minor_Redesign/tb/tb_top.sv Line:256
Error: AXI MONITOR: core_C changed while core is idle
Time: 13525 ns  Iteration: 0  Process: /tb_top/u_mon//tb_top/u_mon  Scope: tb_top.u_mon  File: /run/media/sackb/Windows-SSD/Users/sackb/OneDrive/Desktop/University/Course_Work/2025-2026/Spring_2026/ECE_410/ECE410/project/post_m3_Minor_Redesign/tb/tb_top.sv Line: 257

Time: 13535 ns Started: 13525 ns Scope: /tb_top/u_mon File: /run/media/sackb/Windows-SSD/Users/sackb/OneDrive/Desktop/University/Course_Work/2025-2026/Spring_2026/ECE_410/ECE410/project/post_m3_Minor_Redesign/tb/tb_top.sv Line:256
Error: AXI MONITOR: core_C changed while core is idle
Time: 13535 ns  Iteration: 0  Process: /tb_top/u_mon//tb_top/u_mon  Scope: tb_top.u_mon  File: /run/media/sackb/Windows-SSD/Users/sackb/OneDrive/Desktop/University/Course_Work/2025-2026/Spring_2026/ECE_410/ECE410/project/post_m3_Minor_Redesign/tb/tb_top.sv Line: 257

Time: 13545 ns Started: 13535 ns Scope: /tb_top/u_mon File: /run/media/sackb/Windows-SSD/Users/sackb/OneDrive/Desktop/University/Course_Work/2025-2026/Spring_2026/ECE_410/ECE410/project/post_m3_Minor_Redesign/tb/tb_top.sv Line:256
Error: AXI MONITOR: core_C changed while core is idle
Time: 13545 ns  Iteration: 0  Process: /tb_top/u_mon//tb_top/u_mon  Scope: tb_top.u_mon  File: /run/media/sackb/Windows-SSD/Users/sackb/OneDrive/Desktop/University/Course_Work/2025-2026/Spring_2026/ECE_410/ECE410/project/post_m3_Minor_Redesign/tb/tb_top.sv Line: 257

Time: 13555 ns Started: 13545 ns Scope: /tb_top/u_mon File: /run/media/sackb/Windows-SSD/Users/sackb/OneDrive/Desktop/University/Course_Work/2025-2026/Spring_2026/ECE_410/ECE410/project/post_m3_Minor_Redesign/tb/tb_top.sv Line:256
Error: AXI MONITOR: core_C changed while core is idle
Time: 13555 ns  Iteration: 0  Process: /tb_top/u_mon//tb_top/u_mon  Scope: tb_top.u_mon  File: /run/media/sackb/Windows-SSD/Users/sackb/OneDrive/Desktop/University/Course_Work/2025-2026/Spring_2026/ECE_410/ECE410/project/post_m3_Minor_Redesign/tb/tb_top.sv Line: 257

Time: 13565 ns Started: 13555 ns Scope: /tb_top/u_mon File: /run/media/sackb/Windows-SSD/Users/sackb/OneDrive/Desktop/University/Course_Work/2025-2026/Spring_2026/ECE_410/ECE410/project/post_m3_Minor_Redesign/tb/tb_top.sv Line:256
Error: AXI MONITOR: core_C changed while core is idle
Time: 13565 ns  Iteration: 0  Process: /tb_top/u_mon//tb_top/u_mon  Scope: tb_top.u_mon  File: /run/media/sackb/Windows-SSD/Users/sackb/OneDrive/Desktop/University/Course_Work/2025-2026/Spring_2026/ECE_410/ECE410/project/post_m3_Minor_Redesign/tb/tb_top.sv Line: 257

Time: 13575 ns Started: 13565 ns Scope: /tb_top/u_mon File: /run/media/sackb/Windows-SSD/Users/sackb/OneDrive/Desktop/University/Course_Work/2025-2026/Spring_2026/ECE_410/ECE410/project/post_m3_Minor_Redesign/tb/tb_top.sv Line:256
Error: AXI MONITOR: core_C changed while core is idle
Time: 13575 ns  Iteration: 0  Process: /tb_top/u_mon//tb_top/u_mon  Scope: tb_top.u_mon  File: /run/media/sackb/Windows-SSD/Users/sackb/OneDrive/Desktop/University/Course_Work/2025-2026/Spring_2026/ECE_410/ECE410/project/post_m3_Minor_Redesign/tb/tb_top.sv Line: 257

Time: 13585 ns Started: 13575 ns Scope: /tb_top/u_mon File: /run/media/sackb/Windows-SSD/Users/sackb/OneDrive/Desktop/University/Course_Work/2025-2026/Spring_2026/ECE_410/ECE410/project/post_m3_Minor_Redesign/tb/tb_top.sv Line:256
Error: AXI MONITOR: core_C changed while core is idle
Time: 13585 ns  Iteration: 0  Process: /tb_top/u_mon//tb_top/u_mon  Scope: tb_top.u_mon  File: /run/media/sackb/Windows-SSD/Users/sackb/OneDrive/Desktop/University/Course_Work/2025-2026/Spring_2026/ECE_410/ECE410/project/post_m3_Minor_Redesign/tb/tb_top.sv Line: 257

Time: 13595 ns Started: 13585 ns Scope: /tb_top/u_mon File: /run/media/sackb/Windows-SSD/Users/sackb/OneDrive/Desktop/University/Course_Work/2025-2026/Spring_2026/ECE_410/ECE410/project/post_m3_Minor_Redesign/tb/tb_top.sv Line:256
Error: AXI MONITOR: core_C changed while core is idle
Time: 13595 ns  Iteration: 0  Process: /tb_top/u_mon//tb_top/u_mon  Scope: tb_top.u_mon  File: /run/media/sackb/Windows-SSD/Users/sackb/OneDrive/Desktop/University/Course_Work/2025-2026/Spring_2026/ECE_410/ECE410/project/post_m3_Minor_Redesign/tb/tb_top.sv Line: 257

Time: 13605 ns Started: 13595 ns Scope: /tb_top/u_mon File: /run/media/sackb/Windows-SSD/Users/sackb/OneDrive/Desktop/University/Course_Work/2025-2026/Spring_2026/ECE_410/ECE410/project/post_m3_Minor_Redesign/tb/tb_top.sv Line:256
Error: AXI MONITOR: core_C changed while core is idle
Time: 13605 ns  Iteration: 0  Process: /tb_top/u_mon//tb_top/u_mon  Scope: tb_top.u_mon  File: /run/media/sackb/Windows-SSD/Users/sackb/OneDrive/Desktop/University/Course_Work/2025-2026/Spring_2026/ECE_410/ECE410/project/post_m3_Minor_Redesign/tb/tb_top.sv Line: 257

Time: 13615 ns Started: 13605 ns Scope: /tb_top/u_mon File: /run/media/sackb/Windows-SSD/Users/sackb/OneDrive/Desktop/University/Course_Work/2025-2026/Spring_2026/ECE_410/ECE410/project/post_m3_Minor_Redesign/tb/tb_top.sv Line:256
Error: AXI MONITOR: core_C changed while core is idle
Time: 13615 ns  Iteration: 0  Process: /tb_top/u_mon//tb_top/u_mon  Scope: tb_top.u_mon  File: /run/media/sackb/Windows-SSD/Users/sackb/OneDrive/Desktop/University/Course_Work/2025-2026/Spring_2026/ECE_410/ECE410/project/post_m3_Minor_Redesign/tb/tb_top.sv Line: 257

Time: 13625 ns Started: 13615 ns Scope: /tb_top/u_mon File: /run/media/sackb/Windows-SSD/Users/sackb/OneDrive/Desktop/University/Course_Work/2025-2026/Spring_2026/ECE_410/ECE410/project/post_m3_Minor_Redesign/tb/tb_top.sv Line:256
Error: AXI MONITOR: core_C changed while core is idle
Time: 13625 ns  Iteration: 0  Process: /tb_top/u_mon//tb_top/u_mon  Scope: tb_top.u_mon  File: /run/media/sackb/Windows-SSD/Users/sackb/OneDrive/Desktop/University/Course_Work/2025-2026/Spring_2026/ECE_410/ECE410/project/post_m3_Minor_Redesign/tb/tb_top.sv Line: 257

Time: 13635 ns Started: 13625 ns Scope: /tb_top/u_mon File: /run/media/sackb/Windows-SSD/Users/sackb/OneDrive/Desktop/University/Course_Work/2025-2026/Spring_2026/ECE_410/ECE410/project/post_m3_Minor_Redesign/tb/tb_top.sv Line:256
Error: AXI MONITOR: core_C changed while core is idle
Time: 13635 ns  Iteration: 0  Process: /tb_top/u_mon//tb_top/u_mon  Scope: tb_top.u_mon  File: /run/media/sackb/Windows-SSD/Users/sackb/OneDrive/Desktop/University/Course_Work/2025-2026/Spring_2026/ECE_410/ECE410/project/post_m3_Minor_Redesign/tb/tb_top.sv Line: 257

Time: 13645 ns Started: 13635 ns Scope: /tb_top/u_mon File: /run/media/sackb/Windows-SSD/Users/sackb/OneDrive/Desktop/University/Course_Work/2025-2026/Spring_2026/ECE_410/ECE410/project/post_m3_Minor_Redesign/tb/tb_top.sv Line:256
Error: AXI MONITOR: core_C changed while core is idle
Time: 13645 ns  Iteration: 0  Process: /tb_top/u_mon//tb_top/u_mon  Scope: tb_top.u_mon  File: /run/media/sackb/Windows-SSD/Users/sackb/OneDrive/Desktop/University/Course_Work/2025-2026/Spring_2026/ECE_410/ECE410/project/post_m3_Minor_Redesign/tb/tb_top.sv Line: 257

Time: 13655 ns Started: 13645 ns Scope: /tb_top/u_mon File: /run/media/sackb/Windows-SSD/Users/sackb/OneDrive/Desktop/University/Course_Work/2025-2026/Spring_2026/ECE_410/ECE410/project/post_m3_Minor_Redesign/tb/tb_top.sv Line:256
Error: AXI MONITOR: core_C changed while core is idle
Time: 13655 ns  Iteration: 0  Process: /tb_top/u_mon//tb_top/u_mon  Scope: tb_top.u_mon  File: /run/media/sackb/Windows-SSD/Users/sackb/OneDrive/Desktop/University/Course_Work/2025-2026/Spring_2026/ECE_410/ECE410/project/post_m3_Minor_Redesign/tb/tb_top.sv Line: 257

Time: 13665 ns Started: 13655 ns Scope: /tb_top/u_mon File: /run/media/sackb/Windows-SSD/Users/sackb/OneDrive/Desktop/University/Course_Work/2025-2026/Spring_2026/ECE_410/ECE410/project/post_m3_Minor_Redesign/tb/tb_top.sv Line:256
Error: AXI MONITOR: core_C changed while core is idle
Time: 13665 ns  Iteration: 0  Process: /tb_top/u_mon//tb_top/u_mon  Scope: tb_top.u_mon  File: /run/media/sackb/Windows-SSD/Users/sackb/OneDrive/Desktop/University/Course_Work/2025-2026/Spring_2026/ECE_410/ECE410/project/post_m3_Minor_Redesign/tb/tb_top.sv Line: 257

Time: 13675 ns Started: 13665 ns Scope: /tb_top/u_mon File: /run/media/sackb/Windows-SSD/Users/sackb/OneDrive/Desktop/University/Course_Work/2025-2026/Spring_2026/ECE_410/ECE410/project/post_m3_Minor_Redesign/tb/tb_top.sv Line:256
Error: AXI MONITOR: core_C changed while core is idle
Time: 13675 ns  Iteration: 0  Process: /tb_top/u_mon//tb_top/u_mon  Scope: tb_top.u_mon  File: /run/media/sackb/Windows-SSD/Users/sackb/OneDrive/Desktop/University/Course_Work/2025-2026/Spring_2026/ECE_410/ECE410/project/post_m3_Minor_Redesign/tb/tb_top.sv Line: 257

Time: 13685 ns Started: 13675 ns Scope: /tb_top/u_mon File: /run/media/sackb/Windows-SSD/Users/sackb/OneDrive/Desktop/University/Course_Work/2025-2026/Spring_2026/ECE_410/ECE410/project/post_m3_Minor_Redesign/tb/tb_top.sv Line:256
Error: AXI MONITOR: core_C changed while core is idle
Time: 13685 ns  Iteration: 0  Process: /tb_top/u_mon//tb_top/u_mon  Scope: tb_top.u_mon  File: /run/media/sackb/Windows-SSD/Users/sackb/OneDrive/Desktop/University/Course_Work/2025-2026/Spring_2026/ECE_410/ECE410/project/post_m3_Minor_Redesign/tb/tb_top.sv Line: 257

Time: 13695 ns Started: 13685 ns Scope: /tb_top/u_mon File: /run/media/sackb/Windows-SSD/Users/sackb/OneDrive/Desktop/University/Course_Work/2025-2026/Spring_2026/ECE_410/ECE410/project/post_m3_Minor_Redesign/tb/tb_top.sv Line:256
Error: AXI MONITOR: core_C changed while core is idle
Time: 13695 ns  Iteration: 0  Process: /tb_top/u_mon//tb_top/u_mon  Scope: tb_top.u_mon  File: /run/media/sackb/Windows-SSD/Users/sackb/OneDrive/Desktop/University/Course_Work/2025-2026/Spring_2026/ECE_410/ECE410/project/post_m3_Minor_Redesign/tb/tb_top.sv Line: 257

Time: 13705 ns Started: 13695 ns Scope: /tb_top/u_mon File: /run/media/sackb/Windows-SSD/Users/sackb/OneDrive/Desktop/University/Course_Work/2025-2026/Spring_2026/ECE_410/ECE410/project/post_m3_Minor_Redesign/tb/tb_top.sv Line:256
Error: AXI MONITOR: core_C changed while core is idle
Time: 13705 ns  Iteration: 0  Process: /tb_top/u_mon//tb_top/u_mon  Scope: tb_top.u_mon  File: /run/media/sackb/Windows-SSD/Users/sackb/OneDrive/Desktop/University/Course_Work/2025-2026/Spring_2026/ECE_410/ECE410/project/post_m3_Minor_Redesign/tb/tb_top.sv Line: 257

Time: 13715 ns Started: 13705 ns Scope: /tb_top/u_mon File: /run/media/sackb/Windows-SSD/Users/sackb/OneDrive/Desktop/University/Course_Work/2025-2026/Spring_2026/ECE_410/ECE410/project/post_m3_Minor_Redesign/tb/tb_top.sv Line:256
Error: AXI MONITOR: core_C changed while core is idle
Time: 13715 ns  Iteration: 0  Process: /tb_top/u_mon//tb_top/u_mon  Scope: tb_top.u_mon  File: /run/media/sackb/Windows-SSD/Users/sackb/OneDrive/Desktop/University/Course_Work/2025-2026/Spring_2026/ECE_410/ECE410/project/post_m3_Minor_Redesign/tb/tb_top.sv Line: 257

Time: 13725 ns Started: 13715 ns Scope: /tb_top/u_mon File: /run/media/sackb/Windows-SSD/Users/sackb/OneDrive/Desktop/University/Course_Work/2025-2026/Spring_2026/ECE_410/ECE410/project/post_m3_Minor_Redesign/tb/tb_top.sv Line:256
Error: AXI MONITOR: core_C changed while core is idle
Time: 13725 ns  Iteration: 0  Process: /tb_top/u_mon//tb_top/u_mon  Scope: tb_top.u_mon  File: /run/media/sackb/Windows-SSD/Users/sackb/OneDrive/Desktop/University/Course_Work/2025-2026/Spring_2026/ECE_410/ECE410/project/post_m3_Minor_Redesign/tb/tb_top.sv Line: 257

Time: 13735 ns Started: 13725 ns Scope: /tb_top/u_mon File: /run/media/sackb/Windows-SSD/Users/sackb/OneDrive/Desktop/University/Course_Work/2025-2026/Spring_2026/ECE_410/ECE410/project/post_m3_Minor_Redesign/tb/tb_top.sv Line:256
Error: AXI MONITOR: core_C changed while core is idle
Time: 13735 ns  Iteration: 0  Process: /tb_top/u_mon//tb_top/u_mon  Scope: tb_top.u_mon  File: /run/media/sackb/Windows-SSD/Users/sackb/OneDrive/Desktop/University/Course_Work/2025-2026/Spring_2026/ECE_410/ECE410/project/post_m3_Minor_Redesign/tb/tb_top.sv Line: 257

Time: 13745 ns Started: 13735 ns Scope: /tb_top/u_mon File: /run/media/sackb/Windows-SSD/Users/sackb/OneDrive/Desktop/University/Course_Work/2025-2026/Spring_2026/ECE_410/ECE410/project/post_m3_Minor_Redesign/tb/tb_top.sv Line:256
Error: AXI MONITOR: core_C changed while core is idle
Time: 13745 ns  Iteration: 0  Process: /tb_top/u_mon//tb_top/u_mon  Scope: tb_top.u_mon  File: /run/media/sackb/Windows-SSD/Users/sackb/OneDrive/Desktop/University/Course_Work/2025-2026/Spring_2026/ECE_410/ECE410/project/post_m3_Minor_Redesign/tb/tb_top.sv Line: 257

Time: 13755 ns Started: 13745 ns Scope: /tb_top/u_mon File: /run/media/sackb/Windows-SSD/Users/sackb/OneDrive/Desktop/University/Course_Work/2025-2026/Spring_2026/ECE_410/ECE410/project/post_m3_Minor_Redesign/tb/tb_top.sv Line:256
Error: AXI MONITOR: core_C changed while core is idle
Time: 13755 ns  Iteration: 0  Process: /tb_top/u_mon//tb_top/u_mon  Scope: tb_top.u_mon  File: /run/media/sackb/Windows-SSD/Users/sackb/OneDrive/Desktop/University/Course_Work/2025-2026/Spring_2026/ECE_410/ECE410/project/post_m3_Minor_Redesign/tb/tb_top.sv Line: 257

Time: 13765 ns Started: 13755 ns Scope: /tb_top/u_mon File: /run/media/sackb/Windows-SSD/Users/sackb/OneDrive/Desktop/University/Course_Work/2025-2026/Spring_2026/ECE_410/ECE410/project/post_m3_Minor_Redesign/tb/tb_top.sv Line:256
Error: AXI MONITOR: core_C changed while core is idle
Time: 13765 ns  Iteration: 0  Process: /tb_top/u_mon//tb_top/u_mon  Scope: tb_top.u_mon  File: /run/media/sackb/Windows-SSD/Users/sackb/OneDrive/Desktop/University/Course_Work/2025-2026/Spring_2026/ECE_410/ECE410/project/post_m3_Minor_Redesign/tb/tb_top.sv Line: 257

Time: 13775 ns Started: 13765 ns Scope: /tb_top/u_mon File: /run/media/sackb/Windows-SSD/Users/sackb/OneDrive/Desktop/University/Course_Work/2025-2026/Spring_2026/ECE_410/ECE410/project/post_m3_Minor_Redesign/tb/tb_top.sv Line:256
Error: AXI MONITOR: core_C changed while core is idle
Time: 13775 ns  Iteration: 0  Process: /tb_top/u_mon//tb_top/u_mon  Scope: tb_top.u_mon  File: /run/media/sackb/Windows-SSD/Users/sackb/OneDrive/Desktop/University/Course_Work/2025-2026/Spring_2026/ECE_410/ECE410/project/post_m3_Minor_Redesign/tb/tb_top.sv Line: 257

Time: 13785 ns Started: 13775 ns Scope: /tb_top/u_mon File: /run/media/sackb/Windows-SSD/Users/sackb/OneDrive/Desktop/University/Course_Work/2025-2026/Spring_2026/ECE_410/ECE410/project/post_m3_Minor_Redesign/tb/tb_top.sv Line:256
Error: AXI MONITOR: core_C changed while core is idle
Time: 13785 ns  Iteration: 0  Process: /tb_top/u_mon//tb_top/u_mon  Scope: tb_top.u_mon  File: /run/media/sackb/Windows-SSD/Users/sackb/OneDrive/Desktop/University/Course_Work/2025-2026/Spring_2026/ECE_410/ECE410/project/post_m3_Minor_Redesign/tb/tb_top.sv Line: 257

Time: 13795 ns Started: 13785 ns Scope: /tb_top/u_mon File: /run/media/sackb/Windows-SSD/Users/sackb/OneDrive/Desktop/University/Course_Work/2025-2026/Spring_2026/ECE_410/ECE410/project/post_m3_Minor_Redesign/tb/tb_top.sv Line:256
Error: AXI MONITOR: core_C changed while core is idle
Time: 13795 ns  Iteration: 0  Process: /tb_top/u_mon//tb_top/u_mon  Scope: tb_top.u_mon  File: /run/media/sackb/Windows-SSD/Users/sackb/OneDrive/Desktop/University/Course_Work/2025-2026/Spring_2026/ECE_410/ECE410/project/post_m3_Minor_Redesign/tb/tb_top.sv Line: 257

Time: 13805 ns Started: 13795 ns Scope: /tb_top/u_mon File: /run/media/sackb/Windows-SSD/Users/sackb/OneDrive/Desktop/University/Course_Work/2025-2026/Spring_2026/ECE_410/ECE410/project/post_m3_Minor_Redesign/tb/tb_top.sv Line:256
Error: AXI MONITOR: core_C changed while core is idle
Time: 13805 ns  Iteration: 0  Process: /tb_top/u_mon//tb_top/u_mon  Scope: tb_top.u_mon  File: /run/media/sackb/Windows-SSD/Users/sackb/OneDrive/Desktop/University/Course_Work/2025-2026/Spring_2026/ECE_410/ECE410/project/post_m3_Minor_Redesign/tb/tb_top.sv Line: 257

Time: 13815 ns Started: 13805 ns Scope: /tb_top/u_mon File: /run/media/sackb/Windows-SSD/Users/sackb/OneDrive/Desktop/University/Course_Work/2025-2026/Spring_2026/ECE_410/ECE410/project/post_m3_Minor_Redesign/tb/tb_top.sv Line:256
Error: AXI MONITOR: core_C changed while core is idle
Time: 13815 ns  Iteration: 0  Process: /tb_top/u_mon//tb_top/u_mon  Scope: tb_top.u_mon  File: /run/media/sackb/Windows-SSD/Users/sackb/OneDrive/Desktop/University/Course_Work/2025-2026/Spring_2026/ECE_410/ECE410/project/post_m3_Minor_Redesign/tb/tb_top.sv Line: 257

Time: 13825 ns Started: 13815 ns Scope: /tb_top/u_mon File: /run/media/sackb/Windows-SSD/Users/sackb/OneDrive/Desktop/University/Course_Work/2025-2026/Spring_2026/ECE_410/ECE410/project/post_m3_Minor_Redesign/tb/tb_top.sv Line:256
Error: AXI MONITOR: core_C changed while core is idle
Time: 13825 ns  Iteration: 0  Process: /tb_top/u_mon//tb_top/u_mon  Scope: tb_top.u_mon  File: /run/media/sackb/Windows-SSD/Users/sackb/OneDrive/Desktop/University/Course_Work/2025-2026/Spring_2026/ECE_410/ECE410/project/post_m3_Minor_Redesign/tb/tb_top.sv Line: 257

Time: 13835 ns Started: 13825 ns Scope: /tb_top/u_mon File: /run/media/sackb/Windows-SSD/Users/sackb/OneDrive/Desktop/University/Course_Work/2025-2026/Spring_2026/ECE_410/ECE410/project/post_m3_Minor_Redesign/tb/tb_top.sv Line:256
Error: AXI MONITOR: core_C changed while core is idle
Time: 13835 ns  Iteration: 0  Process: /tb_top/u_mon//tb_top/u_mon  Scope: tb_top.u_mon  File: /run/media/sackb/Windows-SSD/Users/sackb/OneDrive/Desktop/University/Course_Work/2025-2026/Spring_2026/ECE_410/ECE410/project/post_m3_Minor_Redesign/tb/tb_top.sv Line: 257

Time: 13845 ns Started: 13835 ns Scope: /tb_top/u_mon File: /run/media/sackb/Windows-SSD/Users/sackb/OneDrive/Desktop/University/Course_Work/2025-2026/Spring_2026/ECE_410/ECE410/project/post_m3_Minor_Redesign/tb/tb_top.sv Line:256
Error: AXI MONITOR: core_C changed while core is idle
Time: 13845 ns  Iteration: 0  Process: /tb_top/u_mon//tb_top/u_mon  Scope: tb_top.u_mon  File: /run/media/sackb/Windows-SSD/Users/sackb/OneDrive/Desktop/University/Course_Work/2025-2026/Spring_2026/ECE_410/ECE410/project/post_m3_Minor_Redesign/tb/tb_top.sv Line: 257

Time: 13855 ns Started: 13845 ns Scope: /tb_top/u_mon File: /run/media/sackb/Windows-SSD/Users/sackb/OneDrive/Desktop/University/Course_Work/2025-2026/Spring_2026/ECE_410/ECE410/project/post_m3_Minor_Redesign/tb/tb_top.sv Line:256
Error: AXI MONITOR: core_C changed while core is idle
Time: 13855 ns  Iteration: 0  Process: /tb_top/u_mon//tb_top/u_mon  Scope: tb_top.u_mon  File: /run/media/sackb/Windows-SSD/Users/sackb/OneDrive/Desktop/University/Course_Work/2025-2026/Spring_2026/ECE_410/ECE410/project/post_m3_Minor_Redesign/tb/tb_top.sv Line: 257

Time: 13865 ns Started: 13855 ns Scope: /tb_top/u_mon File: /run/media/sackb/Windows-SSD/Users/sackb/OneDrive/Desktop/University/Course_Work/2025-2026/Spring_2026/ECE_410/ECE410/project/post_m3_Minor_Redesign/tb/tb_top.sv Line:256
Error: AXI MONITOR: core_C changed while core is idle
Time: 13865 ns  Iteration: 0  Process: /tb_top/u_mon//tb_top/u_mon  Scope: tb_top.u_mon  File: /run/media/sackb/Windows-SSD/Users/sackb/OneDrive/Desktop/University/Course_Work/2025-2026/Spring_2026/ECE_410/ECE410/project/post_m3_Minor_Redesign/tb/tb_top.sv Line: 257

Time: 13875 ns Started: 13865 ns Scope: /tb_top/u_mon File: /run/media/sackb/Windows-SSD/Users/sackb/OneDrive/Desktop/University/Course_Work/2025-2026/Spring_2026/ECE_410/ECE410/project/post_m3_Minor_Redesign/tb/tb_top.sv Line:256
Error: AXI MONITOR: core_C changed while core is idle
Time: 13875 ns  Iteration: 0  Process: /tb_top/u_mon//tb_top/u_mon  Scope: tb_top.u_mon  File: /run/media/sackb/Windows-SSD/Users/sackb/OneDrive/Desktop/University/Course_Work/2025-2026/Spring_2026/ECE_410/ECE410/project/post_m3_Minor_Redesign/tb/tb_top.sv Line: 257

Time: 13885 ns Started: 13875 ns Scope: /tb_top/u_mon File: /run/media/sackb/Windows-SSD/Users/sackb/OneDrive/Desktop/University/Course_Work/2025-2026/Spring_2026/ECE_410/ECE410/project/post_m3_Minor_Redesign/tb/tb_top.sv Line:256
Error: AXI MONITOR: core_C changed while core is idle
Time: 13885 ns  Iteration: 0  Process: /tb_top/u_mon//tb_top/u_mon  Scope: tb_top.u_mon  File: /run/media/sackb/Windows-SSD/Users/sackb/OneDrive/Desktop/University/Course_Work/2025-2026/Spring_2026/ECE_410/ECE410/project/post_m3_Minor_Redesign/tb/tb_top.sv Line: 257

Time: 13895 ns Started: 13885 ns Scope: /tb_top/u_mon File: /run/media/sackb/Windows-SSD/Users/sackb/OneDrive/Desktop/University/Course_Work/2025-2026/Spring_2026/ECE_410/ECE410/project/post_m3_Minor_Redesign/tb/tb_top.sv Line:256
Error: AXI MONITOR: core_C changed while core is idle
Time: 13895 ns  Iteration: 0  Process: /tb_top/u_mon//tb_top/u_mon  Scope: tb_top.u_mon  File: /run/media/sackb/Windows-SSD/Users/sackb/OneDrive/Desktop/University/Course_Work/2025-2026/Spring_2026/ECE_410/ECE410/project/post_m3_Minor_Redesign/tb/tb_top.sv Line: 257

Time: 13905 ns Started: 13895 ns Scope: /tb_top/u_mon File: /run/media/sackb/Windows-SSD/Users/sackb/OneDrive/Desktop/University/Course_Work/2025-2026/Spring_2026/ECE_410/ECE410/project/post_m3_Minor_Redesign/tb/tb_top.sv Line:256
Error: AXI MONITOR: core_C changed while core is idle
Time: 13905 ns  Iteration: 0  Process: /tb_top/u_mon//tb_top/u_mon  Scope: tb_top.u_mon  File: /run/media/sackb/Windows-SSD/Users/sackb/OneDrive/Desktop/University/Course_Work/2025-2026/Spring_2026/ECE_410/ECE410/project/post_m3_Minor_Redesign/tb/tb_top.sv Line: 257

Time: 13915 ns Started: 13905 ns Scope: /tb_top/u_mon File: /run/media/sackb/Windows-SSD/Users/sackb/OneDrive/Desktop/University/Course_Work/2025-2026/Spring_2026/ECE_410/ECE410/project/post_m3_Minor_Redesign/tb/tb_top.sv Line:256
Error: AXI MONITOR: core_C changed while core is idle
Time: 13915 ns  Iteration: 0  Process: /tb_top/u_mon//tb_top/u_mon  Scope: tb_top.u_mon  File: /run/media/sackb/Windows-SSD/Users/sackb/OneDrive/Desktop/University/Course_Work/2025-2026/Spring_2026/ECE_410/ECE410/project/post_m3_Minor_Redesign/tb/tb_top.sv Line: 257

Time: 13925 ns Started: 13915 ns Scope: /tb_top/u_mon File: /run/media/sackb/Windows-SSD/Users/sackb/OneDrive/Desktop/University/Course_Work/2025-2026/Spring_2026/ECE_410/ECE410/project/post_m3_Minor_Redesign/tb/tb_top.sv Line:256
Error: AXI MONITOR: core_C changed while core is idle
Time: 13925 ns  Iteration: 0  Process: /tb_top/u_mon//tb_top/u_mon  Scope: tb_top.u_mon  File: /run/media/sackb/Windows-SSD/Users/sackb/OneDrive/Desktop/University/Course_Work/2025-2026/Spring_2026/ECE_410/ECE410/project/post_m3_Minor_Redesign/tb/tb_top.sv Line: 257

Time: 13935 ns Started: 13925 ns Scope: /tb_top/u_mon File: /run/media/sackb/Windows-SSD/Users/sackb/OneDrive/Desktop/University/Course_Work/2025-2026/Spring_2026/ECE_410/ECE410/project/post_m3_Minor_Redesign/tb/tb_top.sv Line:256
Error: AXI MONITOR: core_C changed while core is idle
Time: 13935 ns  Iteration: 0  Process: /tb_top/u_mon//tb_top/u_mon  Scope: tb_top.u_mon  File: /run/media/sackb/Windows-SSD/Users/sackb/OneDrive/Desktop/University/Course_Work/2025-2026/Spring_2026/ECE_410/ECE410/project/post_m3_Minor_Redesign/tb/tb_top.sv Line: 257

Time: 13945 ns Started: 13935 ns Scope: /tb_top/u_mon File: /run/media/sackb/Windows-SSD/Users/sackb/OneDrive/Desktop/University/Course_Work/2025-2026/Spring_2026/ECE_410/ECE410/project/post_m3_Minor_Redesign/tb/tb_top.sv Line:256
Error: AXI MONITOR: core_C changed while core is idle
Time: 13945 ns  Iteration: 0  Process: /tb_top/u_mon//tb_top/u_mon  Scope: tb_top.u_mon  File: /run/media/sackb/Windows-SSD/Users/sackb/OneDrive/Desktop/University/Course_Work/2025-2026/Spring_2026/ECE_410/ECE410/project/post_m3_Minor_Redesign/tb/tb_top.sv Line: 257

Time: 13955 ns Started: 13945 ns Scope: /tb_top/u_mon File: /run/media/sackb/Windows-SSD/Users/sackb/OneDrive/Desktop/University/Course_Work/2025-2026/Spring_2026/ECE_410/ECE410/project/post_m3_Minor_Redesign/tb/tb_top.sv Line:256
Error: AXI MONITOR: core_C changed while core is idle
Time: 13955 ns  Iteration: 0  Process: /tb_top/u_mon//tb_top/u_mon  Scope: tb_top.u_mon  File: /run/media/sackb/Windows-SSD/Users/sackb/OneDrive/Desktop/University/Course_Work/2025-2026/Spring_2026/ECE_410/ECE410/project/post_m3_Minor_Redesign/tb/tb_top.sv Line: 257

Time: 13965 ns Started: 13955 ns Scope: /tb_top/u_mon File: /run/media/sackb/Windows-SSD/Users/sackb/OneDrive/Desktop/University/Course_Work/2025-2026/Spring_2026/ECE_410/ECE410/project/post_m3_Minor_Redesign/tb/tb_top.sv Line:256
Error: AXI MONITOR: core_C changed while core is idle
Time: 13965 ns  Iteration: 0  Process: /tb_top/u_mon//tb_top/u_mon  Scope: tb_top.u_mon  File: /run/media/sackb/Windows-SSD/Users/sackb/OneDrive/Desktop/University/Course_Work/2025-2026/Spring_2026/ECE_410/ECE410/project/post_m3_Minor_Redesign/tb/tb_top.sv Line: 257

Time: 13975 ns Started: 13965 ns Scope: /tb_top/u_mon File: /run/media/sackb/Windows-SSD/Users/sackb/OneDrive/Desktop/University/Course_Work/2025-2026/Spring_2026/ECE_410/ECE410/project/post_m3_Minor_Redesign/tb/tb_top.sv Line:256
Error: AXI MONITOR: core_C changed while core is idle
Time: 13975 ns  Iteration: 0  Process: /tb_top/u_mon//tb_top/u_mon  Scope: tb_top.u_mon  File: /run/media/sackb/Windows-SSD/Users/sackb/OneDrive/Desktop/University/Course_Work/2025-2026/Spring_2026/ECE_410/ECE410/project/post_m3_Minor_Redesign/tb/tb_top.sv Line: 257

Time: 13985 ns Started: 13975 ns Scope: /tb_top/u_mon File: /run/media/sackb/Windows-SSD/Users/sackb/OneDrive/Desktop/University/Course_Work/2025-2026/Spring_2026/ECE_410/ECE410/project/post_m3_Minor_Redesign/tb/tb_top.sv Line:256
Error: AXI MONITOR: core_C changed while core is idle
Time: 13985 ns  Iteration: 0  Process: /tb_top/u_mon//tb_top/u_mon  Scope: tb_top.u_mon  File: /run/media/sackb/Windows-SSD/Users/sackb/OneDrive/Desktop/University/Course_Work/2025-2026/Spring_2026/ECE_410/ECE410/project/post_m3_Minor_Redesign/tb/tb_top.sv Line: 257

Time: 13995 ns Started: 13985 ns Scope: /tb_top/u_mon File: /run/media/sackb/Windows-SSD/Users/sackb/OneDrive/Desktop/University/Course_Work/2025-2026/Spring_2026/ECE_410/ECE410/project/post_m3_Minor_Redesign/tb/tb_top.sv Line:256
Error: AXI MONITOR: core_C changed while core is idle
Time: 13995 ns  Iteration: 0  Process: /tb_top/u_mon//tb_top/u_mon  Scope: tb_top.u_mon  File: /run/media/sackb/Windows-SSD/Users/sackb/OneDrive/Desktop/University/Course_Work/2025-2026/Spring_2026/ECE_410/ECE410/project/post_m3_Minor_Redesign/tb/tb_top.sv Line: 257

Time: 14005 ns Started: 13995 ns Scope: /tb_top/u_mon File: /run/media/sackb/Windows-SSD/Users/sackb/OneDrive/Desktop/University/Course_Work/2025-2026/Spring_2026/ECE_410/ECE410/project/post_m3_Minor_Redesign/tb/tb_top.sv Line:256
Error: AXI MONITOR: core_C changed while core is idle
Time: 14005 ns  Iteration: 0  Process: /tb_top/u_mon//tb_top/u_mon  Scope: tb_top.u_mon  File: /run/media/sackb/Windows-SSD/Users/sackb/OneDrive/Desktop/University/Course_Work/2025-2026/Spring_2026/ECE_410/ECE410/project/post_m3_Minor_Redesign/tb/tb_top.sv Line: 257

Time: 14015 ns Started: 14005 ns Scope: /tb_top/u_mon File: /run/media/sackb/Windows-SSD/Users/sackb/OneDrive/Desktop/University/Course_Work/2025-2026/Spring_2026/ECE_410/ECE410/project/post_m3_Minor_Redesign/tb/tb_top.sv Line:256
Error: AXI MONITOR: core_C changed while core is idle
Time: 14015 ns  Iteration: 0  Process: /tb_top/u_mon//tb_top/u_mon  Scope: tb_top.u_mon  File: /run/media/sackb/Windows-SSD/Users/sackb/OneDrive/Desktop/University/Course_Work/2025-2026/Spring_2026/ECE_410/ECE410/project/post_m3_Minor_Redesign/tb/tb_top.sv Line: 257

Time: 14025 ns Started: 14015 ns Scope: /tb_top/u_mon File: /run/media/sackb/Windows-SSD/Users/sackb/OneDrive/Desktop/University/Course_Work/2025-2026/Spring_2026/ECE_410/ECE410/project/post_m3_Minor_Redesign/tb/tb_top.sv Line:256
Error: AXI MONITOR: core_C changed while core is idle
Time: 14025 ns  Iteration: 0  Process: /tb_top/u_mon//tb_top/u_mon  Scope: tb_top.u_mon  File: /run/media/sackb/Windows-SSD/Users/sackb/OneDrive/Desktop/University/Course_Work/2025-2026/Spring_2026/ECE_410/ECE410/project/post_m3_Minor_Redesign/tb/tb_top.sv Line: 257

Time: 14035 ns Started: 14025 ns Scope: /tb_top/u_mon File: /run/media/sackb/Windows-SSD/Users/sackb/OneDrive/Desktop/University/Course_Work/2025-2026/Spring_2026/ECE_410/ECE410/project/post_m3_Minor_Redesign/tb/tb_top.sv Line:256
Error: AXI MONITOR: core_C changed while core is idle
Time: 14035 ns  Iteration: 0  Process: /tb_top/u_mon//tb_top/u_mon  Scope: tb_top.u_mon  File: /run/media/sackb/Windows-SSD/Users/sackb/OneDrive/Desktop/University/Course_Work/2025-2026/Spring_2026/ECE_410/ECE410/project/post_m3_Minor_Redesign/tb/tb_top.sv Line: 257

Time: 14045 ns Started: 14035 ns Scope: /tb_top/u_mon File: /run/media/sackb/Windows-SSD/Users/sackb/OneDrive/Desktop/University/Course_Work/2025-2026/Spring_2026/ECE_410/ECE410/project/post_m3_Minor_Redesign/tb/tb_top.sv Line:256
Error: AXI MONITOR: core_C changed while core is idle
Time: 14045 ns  Iteration: 0  Process: /tb_top/u_mon//tb_top/u_mon  Scope: tb_top.u_mon  File: /run/media/sackb/Windows-SSD/Users/sackb/OneDrive/Desktop/University/Course_Work/2025-2026/Spring_2026/ECE_410/ECE410/project/post_m3_Minor_Redesign/tb/tb_top.sv Line: 257

Time: 14055 ns Started: 14045 ns Scope: /tb_top/u_mon File: /run/media/sackb/Windows-SSD/Users/sackb/OneDrive/Desktop/University/Course_Work/2025-2026/Spring_2026/ECE_410/ECE410/project/post_m3_Minor_Redesign/tb/tb_top.sv Line:256
Error: AXI MONITOR: core_C changed while core is idle
Time: 14055 ns  Iteration: 0  Process: /tb_top/u_mon//tb_top/u_mon  Scope: tb_top.u_mon  File: /run/media/sackb/Windows-SSD/Users/sackb/OneDrive/Desktop/University/Course_Work/2025-2026/Spring_2026/ECE_410/ECE410/project/post_m3_Minor_Redesign/tb/tb_top.sv Line: 257

Time: 14065 ns Started: 14055 ns Scope: /tb_top/u_mon File: /run/media/sackb/Windows-SSD/Users/sackb/OneDrive/Desktop/University/Course_Work/2025-2026/Spring_2026/ECE_410/ECE410/project/post_m3_Minor_Redesign/tb/tb_top.sv Line:256
Error: AXI MONITOR: core_C changed while core is idle
Time: 14065 ns  Iteration: 0  Process: /tb_top/u_mon//tb_top/u_mon  Scope: tb_top.u_mon  File: /run/media/sackb/Windows-SSD/Users/sackb/OneDrive/Desktop/University/Course_Work/2025-2026/Spring_2026/ECE_410/ECE410/project/post_m3_Minor_Redesign/tb/tb_top.sv Line: 257

Time: 14075 ns Started: 14065 ns Scope: /tb_top/u_mon File: /run/media/sackb/Windows-SSD/Users/sackb/OneDrive/Desktop/University/Course_Work/2025-2026/Spring_2026/ECE_410/ECE410/project/post_m3_Minor_Redesign/tb/tb_top.sv Line:256
Error: AXI MONITOR: core_C changed while core is idle
Time: 14075 ns  Iteration: 0  Process: /tb_top/u_mon//tb_top/u_mon  Scope: tb_top.u_mon  File: /run/media/sackb/Windows-SSD/Users/sackb/OneDrive/Desktop/University/Course_Work/2025-2026/Spring_2026/ECE_410/ECE410/project/post_m3_Minor_Redesign/tb/tb_top.sv Line: 257

Time: 14085 ns Started: 14075 ns Scope: /tb_top/u_mon File: /run/media/sackb/Windows-SSD/Users/sackb/OneDrive/Desktop/University/Course_Work/2025-2026/Spring_2026/ECE_410/ECE410/project/post_m3_Minor_Redesign/tb/tb_top.sv Line:256
Error: AXI MONITOR: core_C changed while core is idle
Time: 14085 ns  Iteration: 0  Process: /tb_top/u_mon//tb_top/u_mon  Scope: tb_top.u_mon  File: /run/media/sackb/Windows-SSD/Users/sackb/OneDrive/Desktop/University/Course_Work/2025-2026/Spring_2026/ECE_410/ECE410/project/post_m3_Minor_Redesign/tb/tb_top.sv Line: 257

Time: 14095 ns Started: 14085 ns Scope: /tb_top/u_mon File: /run/media/sackb/Windows-SSD/Users/sackb/OneDrive/Desktop/University/Course_Work/2025-2026/Spring_2026/ECE_410/ECE410/project/post_m3_Minor_Redesign/tb/tb_top.sv Line:256
Error: AXI MONITOR: core_C changed while core is idle
Time: 14095 ns  Iteration: 0  Process: /tb_top/u_mon//tb_top/u_mon  Scope: tb_top.u_mon  File: /run/media/sackb/Windows-SSD/Users/sackb/OneDrive/Desktop/University/Course_Work/2025-2026/Spring_2026/ECE_410/ECE410/project/post_m3_Minor_Redesign/tb/tb_top.sv Line: 257

Time: 14105 ns Started: 14095 ns Scope: /tb_top/u_mon File: /run/media/sackb/Windows-SSD/Users/sackb/OneDrive/Desktop/University/Course_Work/2025-2026/Spring_2026/ECE_410/ECE410/project/post_m3_Minor_Redesign/tb/tb_top.sv Line:256
Error: AXI MONITOR: core_C changed while core is idle
Time: 14105 ns  Iteration: 0  Process: /tb_top/u_mon//tb_top/u_mon  Scope: tb_top.u_mon  File: /run/media/sackb/Windows-SSD/Users/sackb/OneDrive/Desktop/University/Course_Work/2025-2026/Spring_2026/ECE_410/ECE410/project/post_m3_Minor_Redesign/tb/tb_top.sv Line: 257

Time: 14115 ns Started: 14105 ns Scope: /tb_top/u_mon File: /run/media/sackb/Windows-SSD/Users/sackb/OneDrive/Desktop/University/Course_Work/2025-2026/Spring_2026/ECE_410/ECE410/project/post_m3_Minor_Redesign/tb/tb_top.sv Line:256
Error: AXI MONITOR: core_C changed while core is idle
Time: 14115 ns  Iteration: 0  Process: /tb_top/u_mon//tb_top/u_mon  Scope: tb_top.u_mon  File: /run/media/sackb/Windows-SSD/Users/sackb/OneDrive/Desktop/University/Course_Work/2025-2026/Spring_2026/ECE_410/ECE410/project/post_m3_Minor_Redesign/tb/tb_top.sv Line: 257

Time: 14855 ns Started: 14845 ns Scope: /tb_top/u_mon File: /run/media/sackb/Windows-SSD/Users/sackb/OneDrive/Desktop/University/Course_Work/2025-2026/Spring_2026/ECE_410/ECE410/project/post_m3_Minor_Redesign/tb/tb_top.sv Line:256
Error: AXI MONITOR: core_C changed while core is idle
Time: 14855 ns  Iteration: 0  Process: /tb_top/u_mon//tb_top/u_mon  Scope: tb_top.u_mon  File: /run/media/sackb/Windows-SSD/Users/sackb/OneDrive/Desktop/University/Course_Work/2025-2026/Spring_2026/ECE_410/ECE410/project/post_m3_Minor_Redesign/tb/tb_top.sv Line: 257

Time: 14865 ns Started: 14855 ns Scope: /tb_top/u_mon File: /run/media/sackb/Windows-SSD/Users/sackb/OneDrive/Desktop/University/Course_Work/2025-2026/Spring_2026/ECE_410/ECE410/project/post_m3_Minor_Redesign/tb/tb_top.sv Line:256
Error: AXI MONITOR: core_C changed while core is idle
Time: 14865 ns  Iteration: 0  Process: /tb_top/u_mon//tb_top/u_mon  Scope: tb_top.u_mon  File: /run/media/sackb/Windows-SSD/Users/sackb/OneDrive/Desktop/University/Course_Work/2025-2026/Spring_2026/ECE_410/ECE410/project/post_m3_Minor_Redesign/tb/tb_top.sv Line: 257

Time: 14875 ns Started: 14865 ns Scope: /tb_top/u_mon File: /run/media/sackb/Windows-SSD/Users/sackb/OneDrive/Desktop/University/Course_Work/2025-2026/Spring_2026/ECE_410/ECE410/project/post_m3_Minor_Redesign/tb/tb_top.sv Line:256
Error: AXI MONITOR: core_C changed while core is idle
Time: 14875 ns  Iteration: 0  Process: /tb_top/u_mon//tb_top/u_mon  Scope: tb_top.u_mon  File: /run/media/sackb/Windows-SSD/Users/sackb/OneDrive/Desktop/University/Course_Work/2025-2026/Spring_2026/ECE_410/ECE410/project/post_m3_Minor_Redesign/tb/tb_top.sv Line: 257

Time: 14885 ns Started: 14875 ns Scope: /tb_top/u_mon File: /run/media/sackb/Windows-SSD/Users/sackb/OneDrive/Desktop/University/Course_Work/2025-2026/Spring_2026/ECE_410/ECE410/project/post_m3_Minor_Redesign/tb/tb_top.sv Line:256
Error: AXI MONITOR: core_C changed while core is idle
Time: 14885 ns  Iteration: 0  Process: /tb_top/u_mon//tb_top/u_mon  Scope: tb_top.u_mon  File: /run/media/sackb/Windows-SSD/Users/sackb/OneDrive/Desktop/University/Course_Work/2025-2026/Spring_2026/ECE_410/ECE410/project/post_m3_Minor_Redesign/tb/tb_top.sv Line: 257

Time: 14895 ns Started: 14885 ns Scope: /tb_top/u_mon File: /run/media/sackb/Windows-SSD/Users/sackb/OneDrive/Desktop/University/Course_Work/2025-2026/Spring_2026/ECE_410/ECE410/project/post_m3_Minor_Redesign/tb/tb_top.sv Line:256
Error: AXI MONITOR: core_C changed while core is idle
Time: 14895 ns  Iteration: 0  Process: /tb_top/u_mon//tb_top/u_mon  Scope: tb_top.u_mon  File: /run/media/sackb/Windows-SSD/Users/sackb/OneDrive/Desktop/University/Course_Work/2025-2026/Spring_2026/ECE_410/ECE410/project/post_m3_Minor_Redesign/tb/tb_top.sv Line: 257

Time: 14905 ns Started: 14895 ns Scope: /tb_top/u_mon File: /run/media/sackb/Windows-SSD/Users/sackb/OneDrive/Desktop/University/Course_Work/2025-2026/Spring_2026/ECE_410/ECE410/project/post_m3_Minor_Redesign/tb/tb_top.sv Line:256
Error: AXI MONITOR: core_C changed while core is idle
Time: 14905 ns  Iteration: 0  Process: /tb_top/u_mon//tb_top/u_mon  Scope: tb_top.u_mon  File: /run/media/sackb/Windows-SSD/Users/sackb/OneDrive/Desktop/University/Course_Work/2025-2026/Spring_2026/ECE_410/ECE410/project/post_m3_Minor_Redesign/tb/tb_top.sv Line: 257

Time: 14915 ns Started: 14905 ns Scope: /tb_top/u_mon File: /run/media/sackb/Windows-SSD/Users/sackb/OneDrive/Desktop/University/Course_Work/2025-2026/Spring_2026/ECE_410/ECE410/project/post_m3_Minor_Redesign/tb/tb_top.sv Line:256
Error: AXI MONITOR: core_C changed while core is idle
Time: 14915 ns  Iteration: 0  Process: /tb_top/u_mon//tb_top/u_mon  Scope: tb_top.u_mon  File: /run/media/sackb/Windows-SSD/Users/sackb/OneDrive/Desktop/University/Course_Work/2025-2026/Spring_2026/ECE_410/ECE410/project/post_m3_Minor_Redesign/tb/tb_top.sv Line: 257

Time: 14925 ns Started: 14915 ns Scope: /tb_top/u_mon File: /run/media/sackb/Windows-SSD/Users/sackb/OneDrive/Desktop/University/Course_Work/2025-2026/Spring_2026/ECE_410/ECE410/project/post_m3_Minor_Redesign/tb/tb_top.sv Line:256
Error: AXI MONITOR: core_C changed while core is idle
Time: 14925 ns  Iteration: 0  Process: /tb_top/u_mon//tb_top/u_mon  Scope: tb_top.u_mon  File: /run/media/sackb/Windows-SSD/Users/sackb/OneDrive/Desktop/University/Course_Work/2025-2026/Spring_2026/ECE_410/ECE410/project/post_m3_Minor_Redesign/tb/tb_top.sv Line: 257

Time: 14935 ns Started: 14925 ns Scope: /tb_top/u_mon File: /run/media/sackb/Windows-SSD/Users/sackb/OneDrive/Desktop/University/Course_Work/2025-2026/Spring_2026/ECE_410/ECE410/project/post_m3_Minor_Redesign/tb/tb_top.sv Line:256
Error: AXI MONITOR: core_C changed while core is idle
Time: 14935 ns  Iteration: 0  Process: /tb_top/u_mon//tb_top/u_mon  Scope: tb_top.u_mon  File: /run/media/sackb/Windows-SSD/Users/sackb/OneDrive/Desktop/University/Course_Work/2025-2026/Spring_2026/ECE_410/ECE410/project/post_m3_Minor_Redesign/tb/tb_top.sv Line: 257

Time: 14945 ns Started: 14935 ns Scope: /tb_top/u_mon File: /run/media/sackb/Windows-SSD/Users/sackb/OneDrive/Desktop/University/Course_Work/2025-2026/Spring_2026/ECE_410/ECE410/project/post_m3_Minor_Redesign/tb/tb_top.sv Line:256
Error: AXI MONITOR: core_C changed while core is idle
Time: 14945 ns  Iteration: 0  Process: /tb_top/u_mon//tb_top/u_mon  Scope: tb_top.u_mon  File: /run/media/sackb/Windows-SSD/Users/sackb/OneDrive/Desktop/University/Course_Work/2025-2026/Spring_2026/ECE_410/ECE410/project/post_m3_Minor_Redesign/tb/tb_top.sv Line: 257

Time: 14955 ns Started: 14945 ns Scope: /tb_top/u_mon File: /run/media/sackb/Windows-SSD/Users/sackb/OneDrive/Desktop/University/Course_Work/2025-2026/Spring_2026/ECE_410/ECE410/project/post_m3_Minor_Redesign/tb/tb_top.sv Line:256
Error: AXI MONITOR: core_C changed while core is idle
Time: 14955 ns  Iteration: 0  Process: /tb_top/u_mon//tb_top/u_mon  Scope: tb_top.u_mon  File: /run/media/sackb/Windows-SSD/Users/sackb/OneDrive/Desktop/University/Course_Work/2025-2026/Spring_2026/ECE_410/ECE410/project/post_m3_Minor_Redesign/tb/tb_top.sv Line: 257

Time: 14965 ns Started: 14955 ns Scope: /tb_top/u_mon File: /run/media/sackb/Windows-SSD/Users/sackb/OneDrive/Desktop/University/Course_Work/2025-2026/Spring_2026/ECE_410/ECE410/project/post_m3_Minor_Redesign/tb/tb_top.sv Line:256
Error: AXI MONITOR: core_C changed while core is idle
Time: 14965 ns  Iteration: 0  Process: /tb_top/u_mon//tb_top/u_mon  Scope: tb_top.u_mon  File: /run/media/sackb/Windows-SSD/Users/sackb/OneDrive/Desktop/University/Course_Work/2025-2026/Spring_2026/ECE_410/ECE410/project/post_m3_Minor_Redesign/tb/tb_top.sv Line: 257

Time: 14975 ns Started: 14965 ns Scope: /tb_top/u_mon File: /run/media/sackb/Windows-SSD/Users/sackb/OneDrive/Desktop/University/Course_Work/2025-2026/Spring_2026/ECE_410/ECE410/project/post_m3_Minor_Redesign/tb/tb_top.sv Line:256
Error: AXI MONITOR: core_C changed while core is idle
Time: 14975 ns  Iteration: 0  Process: /tb_top/u_mon//tb_top/u_mon  Scope: tb_top.u_mon  File: /run/media/sackb/Windows-SSD/Users/sackb/OneDrive/Desktop/University/Course_Work/2025-2026/Spring_2026/ECE_410/ECE410/project/post_m3_Minor_Redesign/tb/tb_top.sv Line: 257

Time: 14985 ns Started: 14975 ns Scope: /tb_top/u_mon File: /run/media/sackb/Windows-SSD/Users/sackb/OneDrive/Desktop/University/Course_Work/2025-2026/Spring_2026/ECE_410/ECE410/project/post_m3_Minor_Redesign/tb/tb_top.sv Line:256
Error: AXI MONITOR: core_C changed while core is idle
Time: 14985 ns  Iteration: 0  Process: /tb_top/u_mon//tb_top/u_mon  Scope: tb_top.u_mon  File: /run/media/sackb/Windows-SSD/Users/sackb/OneDrive/Desktop/University/Course_Work/2025-2026/Spring_2026/ECE_410/ECE410/project/post_m3_Minor_Redesign/tb/tb_top.sv Line: 257

Time: 14995 ns Started: 14985 ns Scope: /tb_top/u_mon File: /run/media/sackb/Windows-SSD/Users/sackb/OneDrive/Desktop/University/Course_Work/2025-2026/Spring_2026/ECE_410/ECE410/project/post_m3_Minor_Redesign/tb/tb_top.sv Line:256
Error: AXI MONITOR: core_C changed while core is idle
Time: 14995 ns  Iteration: 0  Process: /tb_top/u_mon//tb_top/u_mon  Scope: tb_top.u_mon  File: /run/media/sackb/Windows-SSD/Users/sackb/OneDrive/Desktop/University/Course_Work/2025-2026/Spring_2026/ECE_410/ECE410/project/post_m3_Minor_Redesign/tb/tb_top.sv Line: 257

Time: 15005 ns Started: 14995 ns Scope: /tb_top/u_mon File: /run/media/sackb/Windows-SSD/Users/sackb/OneDrive/Desktop/University/Course_Work/2025-2026/Spring_2026/ECE_410/ECE410/project/post_m3_Minor_Redesign/tb/tb_top.sv Line:256
Error: AXI MONITOR: core_C changed while core is idle
Time: 15005 ns  Iteration: 0  Process: /tb_top/u_mon//tb_top/u_mon  Scope: tb_top.u_mon  File: /run/media/sackb/Windows-SSD/Users/sackb/OneDrive/Desktop/University/Course_Work/2025-2026/Spring_2026/ECE_410/ECE410/project/post_m3_Minor_Redesign/tb/tb_top.sv Line: 257

Time: 15015 ns Started: 15005 ns Scope: /tb_top/u_mon File: /run/media/sackb/Windows-SSD/Users/sackb/OneDrive/Desktop/University/Course_Work/2025-2026/Spring_2026/ECE_410/ECE410/project/post_m3_Minor_Redesign/tb/tb_top.sv Line:256
Error: AXI MONITOR: core_C changed while core is idle
Time: 15015 ns  Iteration: 0  Process: /tb_top/u_mon//tb_top/u_mon  Scope: tb_top.u_mon  File: /run/media/sackb/Windows-SSD/Users/sackb/OneDrive/Desktop/University/Course_Work/2025-2026/Spring_2026/ECE_410/ECE410/project/post_m3_Minor_Redesign/tb/tb_top.sv Line: 257

Time: 15025 ns Started: 15015 ns Scope: /tb_top/u_mon File: /run/media/sackb/Windows-SSD/Users/sackb/OneDrive/Desktop/University/Course_Work/2025-2026/Spring_2026/ECE_410/ECE410/project/post_m3_Minor_Redesign/tb/tb_top.sv Line:256
Error: AXI MONITOR: core_C changed while core is idle
Time: 15025 ns  Iteration: 0  Process: /tb_top/u_mon//tb_top/u_mon  Scope: tb_top.u_mon  File: /run/media/sackb/Windows-SSD/Users/sackb/OneDrive/Desktop/University/Course_Work/2025-2026/Spring_2026/ECE_410/ECE410/project/post_m3_Minor_Redesign/tb/tb_top.sv Line: 257

Time: 15035 ns Started: 15025 ns Scope: /tb_top/u_mon File: /run/media/sackb/Windows-SSD/Users/sackb/OneDrive/Desktop/University/Course_Work/2025-2026/Spring_2026/ECE_410/ECE410/project/post_m3_Minor_Redesign/tb/tb_top.sv Line:256
Error: AXI MONITOR: core_C changed while core is idle
Time: 15035 ns  Iteration: 0  Process: /tb_top/u_mon//tb_top/u_mon  Scope: tb_top.u_mon  File: /run/media/sackb/Windows-SSD/Users/sackb/OneDrive/Desktop/University/Course_Work/2025-2026/Spring_2026/ECE_410/ECE410/project/post_m3_Minor_Redesign/tb/tb_top.sv Line: 257

Time: 15045 ns Started: 15035 ns Scope: /tb_top/u_mon File: /run/media/sackb/Windows-SSD/Users/sackb/OneDrive/Desktop/University/Course_Work/2025-2026/Spring_2026/ECE_410/ECE410/project/post_m3_Minor_Redesign/tb/tb_top.sv Line:256
Error: AXI MONITOR: core_C changed while core is idle
Time: 15045 ns  Iteration: 0  Process: /tb_top/u_mon//tb_top/u_mon  Scope: tb_top.u_mon  File: /run/media/sackb/Windows-SSD/Users/sackb/OneDrive/Desktop/University/Course_Work/2025-2026/Spring_2026/ECE_410/ECE410/project/post_m3_Minor_Redesign/tb/tb_top.sv Line: 257

Time: 15055 ns Started: 15045 ns Scope: /tb_top/u_mon File: /run/media/sackb/Windows-SSD/Users/sackb/OneDrive/Desktop/University/Course_Work/2025-2026/Spring_2026/ECE_410/ECE410/project/post_m3_Minor_Redesign/tb/tb_top.sv Line:256
Error: AXI MONITOR: core_C changed while core is idle
Time: 15055 ns  Iteration: 0  Process: /tb_top/u_mon//tb_top/u_mon  Scope: tb_top.u_mon  File: /run/media/sackb/Windows-SSD/Users/sackb/OneDrive/Desktop/University/Course_Work/2025-2026/Spring_2026/ECE_410/ECE410/project/post_m3_Minor_Redesign/tb/tb_top.sv Line: 257

Time: 15065 ns Started: 15055 ns Scope: /tb_top/u_mon File: /run/media/sackb/Windows-SSD/Users/sackb/OneDrive/Desktop/University/Course_Work/2025-2026/Spring_2026/ECE_410/ECE410/project/post_m3_Minor_Redesign/tb/tb_top.sv Line:256
Error: AXI MONITOR: core_C changed while core is idle
Time: 15065 ns  Iteration: 0  Process: /tb_top/u_mon//tb_top/u_mon  Scope: tb_top.u_mon  File: /run/media/sackb/Windows-SSD/Users/sackb/OneDrive/Desktop/University/Course_Work/2025-2026/Spring_2026/ECE_410/ECE410/project/post_m3_Minor_Redesign/tb/tb_top.sv Line: 257

Time: 15075 ns Started: 15065 ns Scope: /tb_top/u_mon File: /run/media/sackb/Windows-SSD/Users/sackb/OneDrive/Desktop/University/Course_Work/2025-2026/Spring_2026/ECE_410/ECE410/project/post_m3_Minor_Redesign/tb/tb_top.sv Line:256
Error: AXI MONITOR: core_C changed while core is idle
Time: 15075 ns  Iteration: 0  Process: /tb_top/u_mon//tb_top/u_mon  Scope: tb_top.u_mon  File: /run/media/sackb/Windows-SSD/Users/sackb/OneDrive/Desktop/University/Course_Work/2025-2026/Spring_2026/ECE_410/ECE410/project/post_m3_Minor_Redesign/tb/tb_top.sv Line: 257

Time: 15085 ns Started: 15075 ns Scope: /tb_top/u_mon File: /run/media/sackb/Windows-SSD/Users/sackb/OneDrive/Desktop/University/Course_Work/2025-2026/Spring_2026/ECE_410/ECE410/project/post_m3_Minor_Redesign/tb/tb_top.sv Line:256
Error: AXI MONITOR: core_C changed while core is idle
Time: 15085 ns  Iteration: 0  Process: /tb_top/u_mon//tb_top/u_mon  Scope: tb_top.u_mon  File: /run/media/sackb/Windows-SSD/Users/sackb/OneDrive/Desktop/University/Course_Work/2025-2026/Spring_2026/ECE_410/ECE410/project/post_m3_Minor_Redesign/tb/tb_top.sv Line: 257

Time: 15095 ns Started: 15085 ns Scope: /tb_top/u_mon File: /run/media/sackb/Windows-SSD/Users/sackb/OneDrive/Desktop/University/Course_Work/2025-2026/Spring_2026/ECE_410/ECE410/project/post_m3_Minor_Redesign/tb/tb_top.sv Line:256
Error: AXI MONITOR: core_C changed while core is idle
Time: 15095 ns  Iteration: 0  Process: /tb_top/u_mon//tb_top/u_mon  Scope: tb_top.u_mon  File: /run/media/sackb/Windows-SSD/Users/sackb/OneDrive/Desktop/University/Course_Work/2025-2026/Spring_2026/ECE_410/ECE410/project/post_m3_Minor_Redesign/tb/tb_top.sv Line: 257

Time: 15105 ns Started: 15095 ns Scope: /tb_top/u_mon File: /run/media/sackb/Windows-SSD/Users/sackb/OneDrive/Desktop/University/Course_Work/2025-2026/Spring_2026/ECE_410/ECE410/project/post_m3_Minor_Redesign/tb/tb_top.sv Line:256
Error: AXI MONITOR: core_C changed while core is idle
Time: 15105 ns  Iteration: 0  Process: /tb_top/u_mon//tb_top/u_mon  Scope: tb_top.u_mon  File: /run/media/sackb/Windows-SSD/Users/sackb/OneDrive/Desktop/University/Course_Work/2025-2026/Spring_2026/ECE_410/ECE410/project/post_m3_Minor_Redesign/tb/tb_top.sv Line: 257

Time: 15115 ns Started: 15105 ns Scope: /tb_top/u_mon File: /run/media/sackb/Windows-SSD/Users/sackb/OneDrive/Desktop/University/Course_Work/2025-2026/Spring_2026/ECE_410/ECE410/project/post_m3_Minor_Redesign/tb/tb_top.sv Line:256
Error: AXI MONITOR: core_C changed while core is idle
Time: 15115 ns  Iteration: 0  Process: /tb_top/u_mon//tb_top/u_mon  Scope: tb_top.u_mon  File: /run/media/sackb/Windows-SSD/Users/sackb/OneDrive/Desktop/University/Course_Work/2025-2026/Spring_2026/ECE_410/ECE410/project/post_m3_Minor_Redesign/tb/tb_top.sv Line: 257

Time: 15125 ns Started: 15115 ns Scope: /tb_top/u_mon File: /run/media/sackb/Windows-SSD/Users/sackb/OneDrive/Desktop/University/Course_Work/2025-2026/Spring_2026/ECE_410/ECE410/project/post_m3_Minor_Redesign/tb/tb_top.sv Line:256
Error: AXI MONITOR: core_C changed while core is idle
Time: 15125 ns  Iteration: 0  Process: /tb_top/u_mon//tb_top/u_mon  Scope: tb_top.u_mon  File: /run/media/sackb/Windows-SSD/Users/sackb/OneDrive/Desktop/University/Course_Work/2025-2026/Spring_2026/ECE_410/ECE410/project/post_m3_Minor_Redesign/tb/tb_top.sv Line: 257

Time: 15135 ns Started: 15125 ns Scope: /tb_top/u_mon File: /run/media/sackb/Windows-SSD/Users/sackb/OneDrive/Desktop/University/Course_Work/2025-2026/Spring_2026/ECE_410/ECE410/project/post_m3_Minor_Redesign/tb/tb_top.sv Line:256
Error: AXI MONITOR: core_C changed while core is idle
Time: 15135 ns  Iteration: 0  Process: /tb_top/u_mon//tb_top/u_mon  Scope: tb_top.u_mon  File: /run/media/sackb/Windows-SSD/Users/sackb/OneDrive/Desktop/University/Course_Work/2025-2026/Spring_2026/ECE_410/ECE410/project/post_m3_Minor_Redesign/tb/tb_top.sv Line: 257

Time: 15145 ns Started: 15135 ns Scope: /tb_top/u_mon File: /run/media/sackb/Windows-SSD/Users/sackb/OneDrive/Desktop/University/Course_Work/2025-2026/Spring_2026/ECE_410/ECE410/project/post_m3_Minor_Redesign/tb/tb_top.sv Line:256
Error: AXI MONITOR: core_C changed while core is idle
Time: 15145 ns  Iteration: 0  Process: /tb_top/u_mon//tb_top/u_mon  Scope: tb_top.u_mon  File: /run/media/sackb/Windows-SSD/Users/sackb/OneDrive/Desktop/University/Course_Work/2025-2026/Spring_2026/ECE_410/ECE410/project/post_m3_Minor_Redesign/tb/tb_top.sv Line: 257

Time: 15155 ns Started: 15145 ns Scope: /tb_top/u_mon File: /run/media/sackb/Windows-SSD/Users/sackb/OneDrive/Desktop/University/Course_Work/2025-2026/Spring_2026/ECE_410/ECE410/project/post_m3_Minor_Redesign/tb/tb_top.sv Line:256
Error: AXI MONITOR: core_C changed while core is idle
Time: 15155 ns  Iteration: 0  Process: /tb_top/u_mon//tb_top/u_mon  Scope: tb_top.u_mon  File: /run/media/sackb/Windows-SSD/Users/sackb/OneDrive/Desktop/University/Course_Work/2025-2026/Spring_2026/ECE_410/ECE410/project/post_m3_Minor_Redesign/tb/tb_top.sv Line: 257

Time: 15165 ns Started: 15155 ns Scope: /tb_top/u_mon File: /run/media/sackb/Windows-SSD/Users/sackb/OneDrive/Desktop/University/Course_Work/2025-2026/Spring_2026/ECE_410/ECE410/project/post_m3_Minor_Redesign/tb/tb_top.sv Line:256
Error: AXI MONITOR: core_C changed while core is idle
Time: 15165 ns  Iteration: 0  Process: /tb_top/u_mon//tb_top/u_mon  Scope: tb_top.u_mon  File: /run/media/sackb/Windows-SSD/Users/sackb/OneDrive/Desktop/University/Course_Work/2025-2026/Spring_2026/ECE_410/ECE410/project/post_m3_Minor_Redesign/tb/tb_top.sv Line: 257

Time: 15175 ns Started: 15165 ns Scope: /tb_top/u_mon File: /run/media/sackb/Windows-SSD/Users/sackb/OneDrive/Desktop/University/Course_Work/2025-2026/Spring_2026/ECE_410/ECE410/project/post_m3_Minor_Redesign/tb/tb_top.sv Line:256
Error: AXI MONITOR: core_C changed while core is idle
Time: 15175 ns  Iteration: 0  Process: /tb_top/u_mon//tb_top/u_mon  Scope: tb_top.u_mon  File: /run/media/sackb/Windows-SSD/Users/sackb/OneDrive/Desktop/University/Course_Work/2025-2026/Spring_2026/ECE_410/ECE410/project/post_m3_Minor_Redesign/tb/tb_top.sv Line: 257

Time: 15185 ns Started: 15175 ns Scope: /tb_top/u_mon File: /run/media/sackb/Windows-SSD/Users/sackb/OneDrive/Desktop/University/Course_Work/2025-2026/Spring_2026/ECE_410/ECE410/project/post_m3_Minor_Redesign/tb/tb_top.sv Line:256
Error: AXI MONITOR: core_C changed while core is idle
Time: 15185 ns  Iteration: 0  Process: /tb_top/u_mon//tb_top/u_mon  Scope: tb_top.u_mon  File: /run/media/sackb/Windows-SSD/Users/sackb/OneDrive/Desktop/University/Course_Work/2025-2026/Spring_2026/ECE_410/ECE410/project/post_m3_Minor_Redesign/tb/tb_top.sv Line: 257

Time: 15195 ns Started: 15185 ns Scope: /tb_top/u_mon File: /run/media/sackb/Windows-SSD/Users/sackb/OneDrive/Desktop/University/Course_Work/2025-2026/Spring_2026/ECE_410/ECE410/project/post_m3_Minor_Redesign/tb/tb_top.sv Line:256
Error: AXI MONITOR: core_C changed while core is idle
Time: 15195 ns  Iteration: 0  Process: /tb_top/u_mon//tb_top/u_mon  Scope: tb_top.u_mon  File: /run/media/sackb/Windows-SSD/Users/sackb/OneDrive/Desktop/University/Course_Work/2025-2026/Spring_2026/ECE_410/ECE410/project/post_m3_Minor_Redesign/tb/tb_top.sv Line: 257

Time: 15205 ns Started: 15195 ns Scope: /tb_top/u_mon File: /run/media/sackb/Windows-SSD/Users/sackb/OneDrive/Desktop/University/Course_Work/2025-2026/Spring_2026/ECE_410/ECE410/project/post_m3_Minor_Redesign/tb/tb_top.sv Line:256
Error: AXI MONITOR: core_C changed while core is idle
Time: 15205 ns  Iteration: 0  Process: /tb_top/u_mon//tb_top/u_mon  Scope: tb_top.u_mon  File: /run/media/sackb/Windows-SSD/Users/sackb/OneDrive/Desktop/University/Course_Work/2025-2026/Spring_2026/ECE_410/ECE410/project/post_m3_Minor_Redesign/tb/tb_top.sv Line: 257

Time: 15215 ns Started: 15205 ns Scope: /tb_top/u_mon File: /run/media/sackb/Windows-SSD/Users/sackb/OneDrive/Desktop/University/Course_Work/2025-2026/Spring_2026/ECE_410/ECE410/project/post_m3_Minor_Redesign/tb/tb_top.sv Line:256
Error: AXI MONITOR: core_C changed while core is idle
Time: 15215 ns  Iteration: 0  Process: /tb_top/u_mon//tb_top/u_mon  Scope: tb_top.u_mon  File: /run/media/sackb/Windows-SSD/Users/sackb/OneDrive/Desktop/University/Course_Work/2025-2026/Spring_2026/ECE_410/ECE410/project/post_m3_Minor_Redesign/tb/tb_top.sv Line: 257

Time: 15225 ns Started: 15215 ns Scope: /tb_top/u_mon File: /run/media/sackb/Windows-SSD/Users/sackb/OneDrive/Desktop/University/Course_Work/2025-2026/Spring_2026/ECE_410/ECE410/project/post_m3_Minor_Redesign/tb/tb_top.sv Line:256
Error: AXI MONITOR: core_C changed while core is idle
Time: 15225 ns  Iteration: 0  Process: /tb_top/u_mon//tb_top/u_mon  Scope: tb_top.u_mon  File: /run/media/sackb/Windows-SSD/Users/sackb/OneDrive/Desktop/University/Course_Work/2025-2026/Spring_2026/ECE_410/ECE410/project/post_m3_Minor_Redesign/tb/tb_top.sv Line: 257
TB_TOP: Iteration 7 complete
TB_TOP: Starting iteration 8

Time: 15235 ns Started: 15225 ns Scope: /tb_top/u_mon File: /run/media/sackb/Windows-SSD/Users/sackb/OneDrive/Desktop/University/Course_Work/2025-2026/Spring_2026/ECE_410/ECE410/project/post_m3_Minor_Redesign/tb/tb_top.sv Line:256
Error: AXI MONITOR: core_C changed while core is idle
Time: 15235 ns  Iteration: 0  Process: /tb_top/u_mon//tb_top/u_mon  Scope: tb_top.u_mon  File: /run/media/sackb/Windows-SSD/Users/sackb/OneDrive/Desktop/University/Course_Work/2025-2026/Spring_2026/ECE_410/ECE410/project/post_m3_Minor_Redesign/tb/tb_top.sv Line: 257

Time: 15245 ns Started: 15235 ns Scope: /tb_top/u_mon File: /run/media/sackb/Windows-SSD/Users/sackb/OneDrive/Desktop/University/Course_Work/2025-2026/Spring_2026/ECE_410/ECE410/project/post_m3_Minor_Redesign/tb/tb_top.sv Line:256
Error: AXI MONITOR: core_C changed while core is idle
Time: 15245 ns  Iteration: 0  Process: /tb_top/u_mon//tb_top/u_mon  Scope: tb_top.u_mon  File: /run/media/sackb/Windows-SSD/Users/sackb/OneDrive/Desktop/University/Course_Work/2025-2026/Spring_2026/ECE_410/ECE410/project/post_m3_Minor_Redesign/tb/tb_top.sv Line: 257

Time: 15255 ns Started: 15245 ns Scope: /tb_top/u_mon File: /run/media/sackb/Windows-SSD/Users/sackb/OneDrive/Desktop/University/Course_Work/2025-2026/Spring_2026/ECE_410/ECE410/project/post_m3_Minor_Redesign/tb/tb_top.sv Line:256
Error: AXI MONITOR: core_C changed while core is idle
Time: 15255 ns  Iteration: 0  Process: /tb_top/u_mon//tb_top/u_mon  Scope: tb_top.u_mon  File: /run/media/sackb/Windows-SSD/Users/sackb/OneDrive/Desktop/University/Course_Work/2025-2026/Spring_2026/ECE_410/ECE410/project/post_m3_Minor_Redesign/tb/tb_top.sv Line: 257

Time: 15265 ns Started: 15255 ns Scope: /tb_top/u_mon File: /run/media/sackb/Windows-SSD/Users/sackb/OneDrive/Desktop/University/Course_Work/2025-2026/Spring_2026/ECE_410/ECE410/project/post_m3_Minor_Redesign/tb/tb_top.sv Line:256
Error: AXI MONITOR: core_C changed while core is idle
Time: 15265 ns  Iteration: 0  Process: /tb_top/u_mon//tb_top/u_mon  Scope: tb_top.u_mon  File: /run/media/sackb/Windows-SSD/Users/sackb/OneDrive/Desktop/University/Course_Work/2025-2026/Spring_2026/ECE_410/ECE410/project/post_m3_Minor_Redesign/tb/tb_top.sv Line: 257

Time: 15275 ns Started: 15265 ns Scope: /tb_top/u_mon File: /run/media/sackb/Windows-SSD/Users/sackb/OneDrive/Desktop/University/Course_Work/2025-2026/Spring_2026/ECE_410/ECE410/project/post_m3_Minor_Redesign/tb/tb_top.sv Line:256
Error: AXI MONITOR: core_C changed while core is idle
Time: 15275 ns  Iteration: 0  Process: /tb_top/u_mon//tb_top/u_mon  Scope: tb_top.u_mon  File: /run/media/sackb/Windows-SSD/Users/sackb/OneDrive/Desktop/University/Course_Work/2025-2026/Spring_2026/ECE_410/ECE410/project/post_m3_Minor_Redesign/tb/tb_top.sv Line: 257

Time: 15285 ns Started: 15275 ns Scope: /tb_top/u_mon File: /run/media/sackb/Windows-SSD/Users/sackb/OneDrive/Desktop/University/Course_Work/2025-2026/Spring_2026/ECE_410/ECE410/project/post_m3_Minor_Redesign/tb/tb_top.sv Line:256
Error: AXI MONITOR: core_C changed while core is idle
Time: 15285 ns  Iteration: 0  Process: /tb_top/u_mon//tb_top/u_mon  Scope: tb_top.u_mon  File: /run/media/sackb/Windows-SSD/Users/sackb/OneDrive/Desktop/University/Course_Work/2025-2026/Spring_2026/ECE_410/ECE410/project/post_m3_Minor_Redesign/tb/tb_top.sv Line: 257

Time: 15295 ns Started: 15285 ns Scope: /tb_top/u_mon File: /run/media/sackb/Windows-SSD/Users/sackb/OneDrive/Desktop/University/Course_Work/2025-2026/Spring_2026/ECE_410/ECE410/project/post_m3_Minor_Redesign/tb/tb_top.sv Line:256
Error: AXI MONITOR: core_C changed while core is idle
Time: 15295 ns  Iteration: 0  Process: /tb_top/u_mon//tb_top/u_mon  Scope: tb_top.u_mon  File: /run/media/sackb/Windows-SSD/Users/sackb/OneDrive/Desktop/University/Course_Work/2025-2026/Spring_2026/ECE_410/ECE410/project/post_m3_Minor_Redesign/tb/tb_top.sv Line: 257

Time: 15305 ns Started: 15295 ns Scope: /tb_top/u_mon File: /run/media/sackb/Windows-SSD/Users/sackb/OneDrive/Desktop/University/Course_Work/2025-2026/Spring_2026/ECE_410/ECE410/project/post_m3_Minor_Redesign/tb/tb_top.sv Line:256
Error: AXI MONITOR: core_C changed while core is idle
Time: 15305 ns  Iteration: 0  Process: /tb_top/u_mon//tb_top/u_mon  Scope: tb_top.u_mon  File: /run/media/sackb/Windows-SSD/Users/sackb/OneDrive/Desktop/University/Course_Work/2025-2026/Spring_2026/ECE_410/ECE410/project/post_m3_Minor_Redesign/tb/tb_top.sv Line: 257

Time: 15315 ns Started: 15305 ns Scope: /tb_top/u_mon File: /run/media/sackb/Windows-SSD/Users/sackb/OneDrive/Desktop/University/Course_Work/2025-2026/Spring_2026/ECE_410/ECE410/project/post_m3_Minor_Redesign/tb/tb_top.sv Line:256
Error: AXI MONITOR: core_C changed while core is idle
Time: 15315 ns  Iteration: 0  Process: /tb_top/u_mon//tb_top/u_mon  Scope: tb_top.u_mon  File: /run/media/sackb/Windows-SSD/Users/sackb/OneDrive/Desktop/University/Course_Work/2025-2026/Spring_2026/ECE_410/ECE410/project/post_m3_Minor_Redesign/tb/tb_top.sv Line: 257

Time: 15325 ns Started: 15315 ns Scope: /tb_top/u_mon File: /run/media/sackb/Windows-SSD/Users/sackb/OneDrive/Desktop/University/Course_Work/2025-2026/Spring_2026/ECE_410/ECE410/project/post_m3_Minor_Redesign/tb/tb_top.sv Line:256
Error: AXI MONITOR: core_C changed while core is idle
Time: 15325 ns  Iteration: 0  Process: /tb_top/u_mon//tb_top/u_mon  Scope: tb_top.u_mon  File: /run/media/sackb/Windows-SSD/Users/sackb/OneDrive/Desktop/University/Course_Work/2025-2026/Spring_2026/ECE_410/ECE410/project/post_m3_Minor_Redesign/tb/tb_top.sv Line: 257

Time: 15335 ns Started: 15325 ns Scope: /tb_top/u_mon File: /run/media/sackb/Windows-SSD/Users/sackb/OneDrive/Desktop/University/Course_Work/2025-2026/Spring_2026/ECE_410/ECE410/project/post_m3_Minor_Redesign/tb/tb_top.sv Line:256
Error: AXI MONITOR: core_C changed while core is idle
Time: 15335 ns  Iteration: 0  Process: /tb_top/u_mon//tb_top/u_mon  Scope: tb_top.u_mon  File: /run/media/sackb/Windows-SSD/Users/sackb/OneDrive/Desktop/University/Course_Work/2025-2026/Spring_2026/ECE_410/ECE410/project/post_m3_Minor_Redesign/tb/tb_top.sv Line: 257

Time: 15345 ns Started: 15335 ns Scope: /tb_top/u_mon File: /run/media/sackb/Windows-SSD/Users/sackb/OneDrive/Desktop/University/Course_Work/2025-2026/Spring_2026/ECE_410/ECE410/project/post_m3_Minor_Redesign/tb/tb_top.sv Line:256
Error: AXI MONITOR: core_C changed while core is idle
Time: 15345 ns  Iteration: 0  Process: /tb_top/u_mon//tb_top/u_mon  Scope: tb_top.u_mon  File: /run/media/sackb/Windows-SSD/Users/sackb/OneDrive/Desktop/University/Course_Work/2025-2026/Spring_2026/ECE_410/ECE410/project/post_m3_Minor_Redesign/tb/tb_top.sv Line: 257

Time: 15355 ns Started: 15345 ns Scope: /tb_top/u_mon File: /run/media/sackb/Windows-SSD/Users/sackb/OneDrive/Desktop/University/Course_Work/2025-2026/Spring_2026/ECE_410/ECE410/project/post_m3_Minor_Redesign/tb/tb_top.sv Line:256
Error: AXI MONITOR: core_C changed while core is idle
Time: 15355 ns  Iteration: 0  Process: /tb_top/u_mon//tb_top/u_mon  Scope: tb_top.u_mon  File: /run/media/sackb/Windows-SSD/Users/sackb/OneDrive/Desktop/University/Course_Work/2025-2026/Spring_2026/ECE_410/ECE410/project/post_m3_Minor_Redesign/tb/tb_top.sv Line: 257

Time: 15365 ns Started: 15355 ns Scope: /tb_top/u_mon File: /run/media/sackb/Windows-SSD/Users/sackb/OneDrive/Desktop/University/Course_Work/2025-2026/Spring_2026/ECE_410/ECE410/project/post_m3_Minor_Redesign/tb/tb_top.sv Line:256
Error: AXI MONITOR: core_C changed while core is idle
Time: 15365 ns  Iteration: 0  Process: /tb_top/u_mon//tb_top/u_mon  Scope: tb_top.u_mon  File: /run/media/sackb/Windows-SSD/Users/sackb/OneDrive/Desktop/University/Course_Work/2025-2026/Spring_2026/ECE_410/ECE410/project/post_m3_Minor_Redesign/tb/tb_top.sv Line: 257

Time: 15375 ns Started: 15365 ns Scope: /tb_top/u_mon File: /run/media/sackb/Windows-SSD/Users/sackb/OneDrive/Desktop/University/Course_Work/2025-2026/Spring_2026/ECE_410/ECE410/project/post_m3_Minor_Redesign/tb/tb_top.sv Line:256
Error: AXI MONITOR: core_C changed while core is idle
Time: 15375 ns  Iteration: 0  Process: /tb_top/u_mon//tb_top/u_mon  Scope: tb_top.u_mon  File: /run/media/sackb/Windows-SSD/Users/sackb/OneDrive/Desktop/University/Course_Work/2025-2026/Spring_2026/ECE_410/ECE410/project/post_m3_Minor_Redesign/tb/tb_top.sv Line: 257

Time: 15385 ns Started: 15375 ns Scope: /tb_top/u_mon File: /run/media/sackb/Windows-SSD/Users/sackb/OneDrive/Desktop/University/Course_Work/2025-2026/Spring_2026/ECE_410/ECE410/project/post_m3_Minor_Redesign/tb/tb_top.sv Line:256
Error: AXI MONITOR: core_C changed while core is idle
Time: 15385 ns  Iteration: 0  Process: /tb_top/u_mon//tb_top/u_mon  Scope: tb_top.u_mon  File: /run/media/sackb/Windows-SSD/Users/sackb/OneDrive/Desktop/University/Course_Work/2025-2026/Spring_2026/ECE_410/ECE410/project/post_m3_Minor_Redesign/tb/tb_top.sv Line: 257

Time: 15395 ns Started: 15385 ns Scope: /tb_top/u_mon File: /run/media/sackb/Windows-SSD/Users/sackb/OneDrive/Desktop/University/Course_Work/2025-2026/Spring_2026/ECE_410/ECE410/project/post_m3_Minor_Redesign/tb/tb_top.sv Line:256
Error: AXI MONITOR: core_C changed while core is idle
Time: 15395 ns  Iteration: 0  Process: /tb_top/u_mon//tb_top/u_mon  Scope: tb_top.u_mon  File: /run/media/sackb/Windows-SSD/Users/sackb/OneDrive/Desktop/University/Course_Work/2025-2026/Spring_2026/ECE_410/ECE410/project/post_m3_Minor_Redesign/tb/tb_top.sv Line: 257

Time: 15405 ns Started: 15395 ns Scope: /tb_top/u_mon File: /run/media/sackb/Windows-SSD/Users/sackb/OneDrive/Desktop/University/Course_Work/2025-2026/Spring_2026/ECE_410/ECE410/project/post_m3_Minor_Redesign/tb/tb_top.sv Line:256
Error: AXI MONITOR: core_C changed while core is idle
Time: 15405 ns  Iteration: 0  Process: /tb_top/u_mon//tb_top/u_mon  Scope: tb_top.u_mon  File: /run/media/sackb/Windows-SSD/Users/sackb/OneDrive/Desktop/University/Course_Work/2025-2026/Spring_2026/ECE_410/ECE410/project/post_m3_Minor_Redesign/tb/tb_top.sv Line: 257

Time: 15415 ns Started: 15405 ns Scope: /tb_top/u_mon File: /run/media/sackb/Windows-SSD/Users/sackb/OneDrive/Desktop/University/Course_Work/2025-2026/Spring_2026/ECE_410/ECE410/project/post_m3_Minor_Redesign/tb/tb_top.sv Line:256
Error: AXI MONITOR: core_C changed while core is idle
Time: 15415 ns  Iteration: 0  Process: /tb_top/u_mon//tb_top/u_mon  Scope: tb_top.u_mon  File: /run/media/sackb/Windows-SSD/Users/sackb/OneDrive/Desktop/University/Course_Work/2025-2026/Spring_2026/ECE_410/ECE410/project/post_m3_Minor_Redesign/tb/tb_top.sv Line: 257

Time: 15425 ns Started: 15415 ns Scope: /tb_top/u_mon File: /run/media/sackb/Windows-SSD/Users/sackb/OneDrive/Desktop/University/Course_Work/2025-2026/Spring_2026/ECE_410/ECE410/project/post_m3_Minor_Redesign/tb/tb_top.sv Line:256
Error: AXI MONITOR: core_C changed while core is idle
Time: 15425 ns  Iteration: 0  Process: /tb_top/u_mon//tb_top/u_mon  Scope: tb_top.u_mon  File: /run/media/sackb/Windows-SSD/Users/sackb/OneDrive/Desktop/University/Course_Work/2025-2026/Spring_2026/ECE_410/ECE410/project/post_m3_Minor_Redesign/tb/tb_top.sv Line: 257

Time: 15435 ns Started: 15425 ns Scope: /tb_top/u_mon File: /run/media/sackb/Windows-SSD/Users/sackb/OneDrive/Desktop/University/Course_Work/2025-2026/Spring_2026/ECE_410/ECE410/project/post_m3_Minor_Redesign/tb/tb_top.sv Line:256
Error: AXI MONITOR: core_C changed while core is idle
Time: 15435 ns  Iteration: 0  Process: /tb_top/u_mon//tb_top/u_mon  Scope: tb_top.u_mon  File: /run/media/sackb/Windows-SSD/Users/sackb/OneDrive/Desktop/University/Course_Work/2025-2026/Spring_2026/ECE_410/ECE410/project/post_m3_Minor_Redesign/tb/tb_top.sv Line: 257

Time: 15445 ns Started: 15435 ns Scope: /tb_top/u_mon File: /run/media/sackb/Windows-SSD/Users/sackb/OneDrive/Desktop/University/Course_Work/2025-2026/Spring_2026/ECE_410/ECE410/project/post_m3_Minor_Redesign/tb/tb_top.sv Line:256
Error: AXI MONITOR: core_C changed while core is idle
Time: 15445 ns  Iteration: 0  Process: /tb_top/u_mon//tb_top/u_mon  Scope: tb_top.u_mon  File: /run/media/sackb/Windows-SSD/Users/sackb/OneDrive/Desktop/University/Course_Work/2025-2026/Spring_2026/ECE_410/ECE410/project/post_m3_Minor_Redesign/tb/tb_top.sv Line: 257

Time: 15455 ns Started: 15445 ns Scope: /tb_top/u_mon File: /run/media/sackb/Windows-SSD/Users/sackb/OneDrive/Desktop/University/Course_Work/2025-2026/Spring_2026/ECE_410/ECE410/project/post_m3_Minor_Redesign/tb/tb_top.sv Line:256
Error: AXI MONITOR: core_C changed while core is idle
Time: 15455 ns  Iteration: 0  Process: /tb_top/u_mon//tb_top/u_mon  Scope: tb_top.u_mon  File: /run/media/sackb/Windows-SSD/Users/sackb/OneDrive/Desktop/University/Course_Work/2025-2026/Spring_2026/ECE_410/ECE410/project/post_m3_Minor_Redesign/tb/tb_top.sv Line: 257

Time: 15465 ns Started: 15455 ns Scope: /tb_top/u_mon File: /run/media/sackb/Windows-SSD/Users/sackb/OneDrive/Desktop/University/Course_Work/2025-2026/Spring_2026/ECE_410/ECE410/project/post_m3_Minor_Redesign/tb/tb_top.sv Line:256
Error: AXI MONITOR: core_C changed while core is idle
Time: 15465 ns  Iteration: 0  Process: /tb_top/u_mon//tb_top/u_mon  Scope: tb_top.u_mon  File: /run/media/sackb/Windows-SSD/Users/sackb/OneDrive/Desktop/University/Course_Work/2025-2026/Spring_2026/ECE_410/ECE410/project/post_m3_Minor_Redesign/tb/tb_top.sv Line: 257

Time: 15475 ns Started: 15465 ns Scope: /tb_top/u_mon File: /run/media/sackb/Windows-SSD/Users/sackb/OneDrive/Desktop/University/Course_Work/2025-2026/Spring_2026/ECE_410/ECE410/project/post_m3_Minor_Redesign/tb/tb_top.sv Line:256
Error: AXI MONITOR: core_C changed while core is idle
Time: 15475 ns  Iteration: 0  Process: /tb_top/u_mon//tb_top/u_mon  Scope: tb_top.u_mon  File: /run/media/sackb/Windows-SSD/Users/sackb/OneDrive/Desktop/University/Course_Work/2025-2026/Spring_2026/ECE_410/ECE410/project/post_m3_Minor_Redesign/tb/tb_top.sv Line: 257

Time: 15485 ns Started: 15475 ns Scope: /tb_top/u_mon File: /run/media/sackb/Windows-SSD/Users/sackb/OneDrive/Desktop/University/Course_Work/2025-2026/Spring_2026/ECE_410/ECE410/project/post_m3_Minor_Redesign/tb/tb_top.sv Line:256
Error: AXI MONITOR: core_C changed while core is idle
Time: 15485 ns  Iteration: 0  Process: /tb_top/u_mon//tb_top/u_mon  Scope: tb_top.u_mon  File: /run/media/sackb/Windows-SSD/Users/sackb/OneDrive/Desktop/University/Course_Work/2025-2026/Spring_2026/ECE_410/ECE410/project/post_m3_Minor_Redesign/tb/tb_top.sv Line: 257

Time: 15495 ns Started: 15485 ns Scope: /tb_top/u_mon File: /run/media/sackb/Windows-SSD/Users/sackb/OneDrive/Desktop/University/Course_Work/2025-2026/Spring_2026/ECE_410/ECE410/project/post_m3_Minor_Redesign/tb/tb_top.sv Line:256
Error: AXI MONITOR: core_C changed while core is idle
Time: 15495 ns  Iteration: 0  Process: /tb_top/u_mon//tb_top/u_mon  Scope: tb_top.u_mon  File: /run/media/sackb/Windows-SSD/Users/sackb/OneDrive/Desktop/University/Course_Work/2025-2026/Spring_2026/ECE_410/ECE410/project/post_m3_Minor_Redesign/tb/tb_top.sv Line: 257

Time: 15505 ns Started: 15495 ns Scope: /tb_top/u_mon File: /run/media/sackb/Windows-SSD/Users/sackb/OneDrive/Desktop/University/Course_Work/2025-2026/Spring_2026/ECE_410/ECE410/project/post_m3_Minor_Redesign/tb/tb_top.sv Line:256
Error: AXI MONITOR: core_C changed while core is idle
Time: 15505 ns  Iteration: 0  Process: /tb_top/u_mon//tb_top/u_mon  Scope: tb_top.u_mon  File: /run/media/sackb/Windows-SSD/Users/sackb/OneDrive/Desktop/University/Course_Work/2025-2026/Spring_2026/ECE_410/ECE410/project/post_m3_Minor_Redesign/tb/tb_top.sv Line: 257

Time: 15515 ns Started: 15505 ns Scope: /tb_top/u_mon File: /run/media/sackb/Windows-SSD/Users/sackb/OneDrive/Desktop/University/Course_Work/2025-2026/Spring_2026/ECE_410/ECE410/project/post_m3_Minor_Redesign/tb/tb_top.sv Line:256
Error: AXI MONITOR: core_C changed while core is idle
Time: 15515 ns  Iteration: 0  Process: /tb_top/u_mon//tb_top/u_mon  Scope: tb_top.u_mon  File: /run/media/sackb/Windows-SSD/Users/sackb/OneDrive/Desktop/University/Course_Work/2025-2026/Spring_2026/ECE_410/ECE410/project/post_m3_Minor_Redesign/tb/tb_top.sv Line: 257

Time: 15525 ns Started: 15515 ns Scope: /tb_top/u_mon File: /run/media/sackb/Windows-SSD/Users/sackb/OneDrive/Desktop/University/Course_Work/2025-2026/Spring_2026/ECE_410/ECE410/project/post_m3_Minor_Redesign/tb/tb_top.sv Line:256
Error: AXI MONITOR: core_C changed while core is idle
Time: 15525 ns  Iteration: 0  Process: /tb_top/u_mon//tb_top/u_mon  Scope: tb_top.u_mon  File: /run/media/sackb/Windows-SSD/Users/sackb/OneDrive/Desktop/University/Course_Work/2025-2026/Spring_2026/ECE_410/ECE410/project/post_m3_Minor_Redesign/tb/tb_top.sv Line: 257

Time: 15535 ns Started: 15525 ns Scope: /tb_top/u_mon File: /run/media/sackb/Windows-SSD/Users/sackb/OneDrive/Desktop/University/Course_Work/2025-2026/Spring_2026/ECE_410/ECE410/project/post_m3_Minor_Redesign/tb/tb_top.sv Line:256
Error: AXI MONITOR: core_C changed while core is idle
Time: 15535 ns  Iteration: 0  Process: /tb_top/u_mon//tb_top/u_mon  Scope: tb_top.u_mon  File: /run/media/sackb/Windows-SSD/Users/sackb/OneDrive/Desktop/University/Course_Work/2025-2026/Spring_2026/ECE_410/ECE410/project/post_m3_Minor_Redesign/tb/tb_top.sv Line: 257

Time: 15545 ns Started: 15535 ns Scope: /tb_top/u_mon File: /run/media/sackb/Windows-SSD/Users/sackb/OneDrive/Desktop/University/Course_Work/2025-2026/Spring_2026/ECE_410/ECE410/project/post_m3_Minor_Redesign/tb/tb_top.sv Line:256
Error: AXI MONITOR: core_C changed while core is idle
Time: 15545 ns  Iteration: 0  Process: /tb_top/u_mon//tb_top/u_mon  Scope: tb_top.u_mon  File: /run/media/sackb/Windows-SSD/Users/sackb/OneDrive/Desktop/University/Course_Work/2025-2026/Spring_2026/ECE_410/ECE410/project/post_m3_Minor_Redesign/tb/tb_top.sv Line: 257

Time: 15555 ns Started: 15545 ns Scope: /tb_top/u_mon File: /run/media/sackb/Windows-SSD/Users/sackb/OneDrive/Desktop/University/Course_Work/2025-2026/Spring_2026/ECE_410/ECE410/project/post_m3_Minor_Redesign/tb/tb_top.sv Line:256
Error: AXI MONITOR: core_C changed while core is idle
Time: 15555 ns  Iteration: 0  Process: /tb_top/u_mon//tb_top/u_mon  Scope: tb_top.u_mon  File: /run/media/sackb/Windows-SSD/Users/sackb/OneDrive/Desktop/University/Course_Work/2025-2026/Spring_2026/ECE_410/ECE410/project/post_m3_Minor_Redesign/tb/tb_top.sv Line: 257

Time: 15565 ns Started: 15555 ns Scope: /tb_top/u_mon File: /run/media/sackb/Windows-SSD/Users/sackb/OneDrive/Desktop/University/Course_Work/2025-2026/Spring_2026/ECE_410/ECE410/project/post_m3_Minor_Redesign/tb/tb_top.sv Line:256
Error: AXI MONITOR: core_C changed while core is idle
Time: 15565 ns  Iteration: 0  Process: /tb_top/u_mon//tb_top/u_mon  Scope: tb_top.u_mon  File: /run/media/sackb/Windows-SSD/Users/sackb/OneDrive/Desktop/University/Course_Work/2025-2026/Spring_2026/ECE_410/ECE410/project/post_m3_Minor_Redesign/tb/tb_top.sv Line: 257

Time: 15575 ns Started: 15565 ns Scope: /tb_top/u_mon File: /run/media/sackb/Windows-SSD/Users/sackb/OneDrive/Desktop/University/Course_Work/2025-2026/Spring_2026/ECE_410/ECE410/project/post_m3_Minor_Redesign/tb/tb_top.sv Line:256
Error: AXI MONITOR: core_C changed while core is idle
Time: 15575 ns  Iteration: 0  Process: /tb_top/u_mon//tb_top/u_mon  Scope: tb_top.u_mon  File: /run/media/sackb/Windows-SSD/Users/sackb/OneDrive/Desktop/University/Course_Work/2025-2026/Spring_2026/ECE_410/ECE410/project/post_m3_Minor_Redesign/tb/tb_top.sv Line: 257

Time: 15585 ns Started: 15575 ns Scope: /tb_top/u_mon File: /run/media/sackb/Windows-SSD/Users/sackb/OneDrive/Desktop/University/Course_Work/2025-2026/Spring_2026/ECE_410/ECE410/project/post_m3_Minor_Redesign/tb/tb_top.sv Line:256
Error: AXI MONITOR: core_C changed while core is idle
Time: 15585 ns  Iteration: 0  Process: /tb_top/u_mon//tb_top/u_mon  Scope: tb_top.u_mon  File: /run/media/sackb/Windows-SSD/Users/sackb/OneDrive/Desktop/University/Course_Work/2025-2026/Spring_2026/ECE_410/ECE410/project/post_m3_Minor_Redesign/tb/tb_top.sv Line: 257

Time: 15595 ns Started: 15585 ns Scope: /tb_top/u_mon File: /run/media/sackb/Windows-SSD/Users/sackb/OneDrive/Desktop/University/Course_Work/2025-2026/Spring_2026/ECE_410/ECE410/project/post_m3_Minor_Redesign/tb/tb_top.sv Line:256
Error: AXI MONITOR: core_C changed while core is idle
Time: 15595 ns  Iteration: 0  Process: /tb_top/u_mon//tb_top/u_mon  Scope: tb_top.u_mon  File: /run/media/sackb/Windows-SSD/Users/sackb/OneDrive/Desktop/University/Course_Work/2025-2026/Spring_2026/ECE_410/ECE410/project/post_m3_Minor_Redesign/tb/tb_top.sv Line: 257

Time: 15605 ns Started: 15595 ns Scope: /tb_top/u_mon File: /run/media/sackb/Windows-SSD/Users/sackb/OneDrive/Desktop/University/Course_Work/2025-2026/Spring_2026/ECE_410/ECE410/project/post_m3_Minor_Redesign/tb/tb_top.sv Line:256
Error: AXI MONITOR: core_C changed while core is idle
Time: 15605 ns  Iteration: 0  Process: /tb_top/u_mon//tb_top/u_mon  Scope: tb_top.u_mon  File: /run/media/sackb/Windows-SSD/Users/sackb/OneDrive/Desktop/University/Course_Work/2025-2026/Spring_2026/ECE_410/ECE410/project/post_m3_Minor_Redesign/tb/tb_top.sv Line: 257

Time: 15615 ns Started: 15605 ns Scope: /tb_top/u_mon File: /run/media/sackb/Windows-SSD/Users/sackb/OneDrive/Desktop/University/Course_Work/2025-2026/Spring_2026/ECE_410/ECE410/project/post_m3_Minor_Redesign/tb/tb_top.sv Line:256
Error: AXI MONITOR: core_C changed while core is idle
Time: 15615 ns  Iteration: 0  Process: /tb_top/u_mon//tb_top/u_mon  Scope: tb_top.u_mon  File: /run/media/sackb/Windows-SSD/Users/sackb/OneDrive/Desktop/University/Course_Work/2025-2026/Spring_2026/ECE_410/ECE410/project/post_m3_Minor_Redesign/tb/tb_top.sv Line: 257

Time: 15625 ns Started: 15615 ns Scope: /tb_top/u_mon File: /run/media/sackb/Windows-SSD/Users/sackb/OneDrive/Desktop/University/Course_Work/2025-2026/Spring_2026/ECE_410/ECE410/project/post_m3_Minor_Redesign/tb/tb_top.sv Line:256
Error: AXI MONITOR: core_C changed while core is idle
Time: 15625 ns  Iteration: 0  Process: /tb_top/u_mon//tb_top/u_mon  Scope: tb_top.u_mon  File: /run/media/sackb/Windows-SSD/Users/sackb/OneDrive/Desktop/University/Course_Work/2025-2026/Spring_2026/ECE_410/ECE410/project/post_m3_Minor_Redesign/tb/tb_top.sv Line: 257

Time: 15635 ns Started: 15625 ns Scope: /tb_top/u_mon File: /run/media/sackb/Windows-SSD/Users/sackb/OneDrive/Desktop/University/Course_Work/2025-2026/Spring_2026/ECE_410/ECE410/project/post_m3_Minor_Redesign/tb/tb_top.sv Line:256
Error: AXI MONITOR: core_C changed while core is idle
Time: 15635 ns  Iteration: 0  Process: /tb_top/u_mon//tb_top/u_mon  Scope: tb_top.u_mon  File: /run/media/sackb/Windows-SSD/Users/sackb/OneDrive/Desktop/University/Course_Work/2025-2026/Spring_2026/ECE_410/ECE410/project/post_m3_Minor_Redesign/tb/tb_top.sv Line: 257

Time: 15645 ns Started: 15635 ns Scope: /tb_top/u_mon File: /run/media/sackb/Windows-SSD/Users/sackb/OneDrive/Desktop/University/Course_Work/2025-2026/Spring_2026/ECE_410/ECE410/project/post_m3_Minor_Redesign/tb/tb_top.sv Line:256
Error: AXI MONITOR: core_C changed while core is idle
Time: 15645 ns  Iteration: 0  Process: /tb_top/u_mon//tb_top/u_mon  Scope: tb_top.u_mon  File: /run/media/sackb/Windows-SSD/Users/sackb/OneDrive/Desktop/University/Course_Work/2025-2026/Spring_2026/ECE_410/ECE410/project/post_m3_Minor_Redesign/tb/tb_top.sv Line: 257

Time: 15655 ns Started: 15645 ns Scope: /tb_top/u_mon File: /run/media/sackb/Windows-SSD/Users/sackb/OneDrive/Desktop/University/Course_Work/2025-2026/Spring_2026/ECE_410/ECE410/project/post_m3_Minor_Redesign/tb/tb_top.sv Line:256
Error: AXI MONITOR: core_C changed while core is idle
Time: 15655 ns  Iteration: 0  Process: /tb_top/u_mon//tb_top/u_mon  Scope: tb_top.u_mon  File: /run/media/sackb/Windows-SSD/Users/sackb/OneDrive/Desktop/University/Course_Work/2025-2026/Spring_2026/ECE_410/ECE410/project/post_m3_Minor_Redesign/tb/tb_top.sv Line: 257

Time: 15665 ns Started: 15655 ns Scope: /tb_top/u_mon File: /run/media/sackb/Windows-SSD/Users/sackb/OneDrive/Desktop/University/Course_Work/2025-2026/Spring_2026/ECE_410/ECE410/project/post_m3_Minor_Redesign/tb/tb_top.sv Line:256
Error: AXI MONITOR: core_C changed while core is idle
Time: 15665 ns  Iteration: 0  Process: /tb_top/u_mon//tb_top/u_mon  Scope: tb_top.u_mon  File: /run/media/sackb/Windows-SSD/Users/sackb/OneDrive/Desktop/University/Course_Work/2025-2026/Spring_2026/ECE_410/ECE410/project/post_m3_Minor_Redesign/tb/tb_top.sv Line: 257

Time: 15675 ns Started: 15665 ns Scope: /tb_top/u_mon File: /run/media/sackb/Windows-SSD/Users/sackb/OneDrive/Desktop/University/Course_Work/2025-2026/Spring_2026/ECE_410/ECE410/project/post_m3_Minor_Redesign/tb/tb_top.sv Line:256
Error: AXI MONITOR: core_C changed while core is idle
Time: 15675 ns  Iteration: 0  Process: /tb_top/u_mon//tb_top/u_mon  Scope: tb_top.u_mon  File: /run/media/sackb/Windows-SSD/Users/sackb/OneDrive/Desktop/University/Course_Work/2025-2026/Spring_2026/ECE_410/ECE410/project/post_m3_Minor_Redesign/tb/tb_top.sv Line: 257

Time: 15685 ns Started: 15675 ns Scope: /tb_top/u_mon File: /run/media/sackb/Windows-SSD/Users/sackb/OneDrive/Desktop/University/Course_Work/2025-2026/Spring_2026/ECE_410/ECE410/project/post_m3_Minor_Redesign/tb/tb_top.sv Line:256
Error: AXI MONITOR: core_C changed while core is idle
Time: 15685 ns  Iteration: 0  Process: /tb_top/u_mon//tb_top/u_mon  Scope: tb_top.u_mon  File: /run/media/sackb/Windows-SSD/Users/sackb/OneDrive/Desktop/University/Course_Work/2025-2026/Spring_2026/ECE_410/ECE410/project/post_m3_Minor_Redesign/tb/tb_top.sv Line: 257

Time: 15695 ns Started: 15685 ns Scope: /tb_top/u_mon File: /run/media/sackb/Windows-SSD/Users/sackb/OneDrive/Desktop/University/Course_Work/2025-2026/Spring_2026/ECE_410/ECE410/project/post_m3_Minor_Redesign/tb/tb_top.sv Line:256
Error: AXI MONITOR: core_C changed while core is idle
Time: 15695 ns  Iteration: 0  Process: /tb_top/u_mon//tb_top/u_mon  Scope: tb_top.u_mon  File: /run/media/sackb/Windows-SSD/Users/sackb/OneDrive/Desktop/University/Course_Work/2025-2026/Spring_2026/ECE_410/ECE410/project/post_m3_Minor_Redesign/tb/tb_top.sv Line: 257

Time: 15705 ns Started: 15695 ns Scope: /tb_top/u_mon File: /run/media/sackb/Windows-SSD/Users/sackb/OneDrive/Desktop/University/Course_Work/2025-2026/Spring_2026/ECE_410/ECE410/project/post_m3_Minor_Redesign/tb/tb_top.sv Line:256
Error: AXI MONITOR: core_C changed while core is idle
Time: 15705 ns  Iteration: 0  Process: /tb_top/u_mon//tb_top/u_mon  Scope: tb_top.u_mon  File: /run/media/sackb/Windows-SSD/Users/sackb/OneDrive/Desktop/University/Course_Work/2025-2026/Spring_2026/ECE_410/ECE410/project/post_m3_Minor_Redesign/tb/tb_top.sv Line: 257

Time: 15715 ns Started: 15705 ns Scope: /tb_top/u_mon File: /run/media/sackb/Windows-SSD/Users/sackb/OneDrive/Desktop/University/Course_Work/2025-2026/Spring_2026/ECE_410/ECE410/project/post_m3_Minor_Redesign/tb/tb_top.sv Line:256
Error: AXI MONITOR: core_C changed while core is idle
Time: 15715 ns  Iteration: 0  Process: /tb_top/u_mon//tb_top/u_mon  Scope: tb_top.u_mon  File: /run/media/sackb/Windows-SSD/Users/sackb/OneDrive/Desktop/University/Course_Work/2025-2026/Spring_2026/ECE_410/ECE410/project/post_m3_Minor_Redesign/tb/tb_top.sv Line: 257

Time: 15725 ns Started: 15715 ns Scope: /tb_top/u_mon File: /run/media/sackb/Windows-SSD/Users/sackb/OneDrive/Desktop/University/Course_Work/2025-2026/Spring_2026/ECE_410/ECE410/project/post_m3_Minor_Redesign/tb/tb_top.sv Line:256
Error: AXI MONITOR: core_C changed while core is idle
Time: 15725 ns  Iteration: 0  Process: /tb_top/u_mon//tb_top/u_mon  Scope: tb_top.u_mon  File: /run/media/sackb/Windows-SSD/Users/sackb/OneDrive/Desktop/University/Course_Work/2025-2026/Spring_2026/ECE_410/ECE410/project/post_m3_Minor_Redesign/tb/tb_top.sv Line: 257

Time: 15735 ns Started: 15725 ns Scope: /tb_top/u_mon File: /run/media/sackb/Windows-SSD/Users/sackb/OneDrive/Desktop/University/Course_Work/2025-2026/Spring_2026/ECE_410/ECE410/project/post_m3_Minor_Redesign/tb/tb_top.sv Line:256
Error: AXI MONITOR: core_C changed while core is idle
Time: 15735 ns  Iteration: 0  Process: /tb_top/u_mon//tb_top/u_mon  Scope: tb_top.u_mon  File: /run/media/sackb/Windows-SSD/Users/sackb/OneDrive/Desktop/University/Course_Work/2025-2026/Spring_2026/ECE_410/ECE410/project/post_m3_Minor_Redesign/tb/tb_top.sv Line: 257

Time: 15745 ns Started: 15735 ns Scope: /tb_top/u_mon File: /run/media/sackb/Windows-SSD/Users/sackb/OneDrive/Desktop/University/Course_Work/2025-2026/Spring_2026/ECE_410/ECE410/project/post_m3_Minor_Redesign/tb/tb_top.sv Line:256
Error: AXI MONITOR: core_C changed while core is idle
Time: 15745 ns  Iteration: 0  Process: /tb_top/u_mon//tb_top/u_mon  Scope: tb_top.u_mon  File: /run/media/sackb/Windows-SSD/Users/sackb/OneDrive/Desktop/University/Course_Work/2025-2026/Spring_2026/ECE_410/ECE410/project/post_m3_Minor_Redesign/tb/tb_top.sv Line: 257

Time: 15755 ns Started: 15745 ns Scope: /tb_top/u_mon File: /run/media/sackb/Windows-SSD/Users/sackb/OneDrive/Desktop/University/Course_Work/2025-2026/Spring_2026/ECE_410/ECE410/project/post_m3_Minor_Redesign/tb/tb_top.sv Line:256
Error: AXI MONITOR: core_C changed while core is idle
Time: 15755 ns  Iteration: 0  Process: /tb_top/u_mon//tb_top/u_mon  Scope: tb_top.u_mon  File: /run/media/sackb/Windows-SSD/Users/sackb/OneDrive/Desktop/University/Course_Work/2025-2026/Spring_2026/ECE_410/ECE410/project/post_m3_Minor_Redesign/tb/tb_top.sv Line: 257

Time: 15765 ns Started: 15755 ns Scope: /tb_top/u_mon File: /run/media/sackb/Windows-SSD/Users/sackb/OneDrive/Desktop/University/Course_Work/2025-2026/Spring_2026/ECE_410/ECE410/project/post_m3_Minor_Redesign/tb/tb_top.sv Line:256
Error: AXI MONITOR: core_C changed while core is idle
Time: 15765 ns  Iteration: 0  Process: /tb_top/u_mon//tb_top/u_mon  Scope: tb_top.u_mon  File: /run/media/sackb/Windows-SSD/Users/sackb/OneDrive/Desktop/University/Course_Work/2025-2026/Spring_2026/ECE_410/ECE410/project/post_m3_Minor_Redesign/tb/tb_top.sv Line: 257

Time: 15775 ns Started: 15765 ns Scope: /tb_top/u_mon File: /run/media/sackb/Windows-SSD/Users/sackb/OneDrive/Desktop/University/Course_Work/2025-2026/Spring_2026/ECE_410/ECE410/project/post_m3_Minor_Redesign/tb/tb_top.sv Line:256
Error: AXI MONITOR: core_C changed while core is idle
Time: 15775 ns  Iteration: 0  Process: /tb_top/u_mon//tb_top/u_mon  Scope: tb_top.u_mon  File: /run/media/sackb/Windows-SSD/Users/sackb/OneDrive/Desktop/University/Course_Work/2025-2026/Spring_2026/ECE_410/ECE410/project/post_m3_Minor_Redesign/tb/tb_top.sv Line: 257

Time: 15785 ns Started: 15775 ns Scope: /tb_top/u_mon File: /run/media/sackb/Windows-SSD/Users/sackb/OneDrive/Desktop/University/Course_Work/2025-2026/Spring_2026/ECE_410/ECE410/project/post_m3_Minor_Redesign/tb/tb_top.sv Line:256
Error: AXI MONITOR: core_C changed while core is idle
Time: 15785 ns  Iteration: 0  Process: /tb_top/u_mon//tb_top/u_mon  Scope: tb_top.u_mon  File: /run/media/sackb/Windows-SSD/Users/sackb/OneDrive/Desktop/University/Course_Work/2025-2026/Spring_2026/ECE_410/ECE410/project/post_m3_Minor_Redesign/tb/tb_top.sv Line: 257

Time: 15795 ns Started: 15785 ns Scope: /tb_top/u_mon File: /run/media/sackb/Windows-SSD/Users/sackb/OneDrive/Desktop/University/Course_Work/2025-2026/Spring_2026/ECE_410/ECE410/project/post_m3_Minor_Redesign/tb/tb_top.sv Line:256
Error: AXI MONITOR: core_C changed while core is idle
Time: 15795 ns  Iteration: 0  Process: /tb_top/u_mon//tb_top/u_mon  Scope: tb_top.u_mon  File: /run/media/sackb/Windows-SSD/Users/sackb/OneDrive/Desktop/University/Course_Work/2025-2026/Spring_2026/ECE_410/ECE410/project/post_m3_Minor_Redesign/tb/tb_top.sv Line: 257

Time: 15805 ns Started: 15795 ns Scope: /tb_top/u_mon File: /run/media/sackb/Windows-SSD/Users/sackb/OneDrive/Desktop/University/Course_Work/2025-2026/Spring_2026/ECE_410/ECE410/project/post_m3_Minor_Redesign/tb/tb_top.sv Line:256
Error: AXI MONITOR: core_C changed while core is idle
Time: 15805 ns  Iteration: 0  Process: /tb_top/u_mon//tb_top/u_mon  Scope: tb_top.u_mon  File: /run/media/sackb/Windows-SSD/Users/sackb/OneDrive/Desktop/University/Course_Work/2025-2026/Spring_2026/ECE_410/ECE410/project/post_m3_Minor_Redesign/tb/tb_top.sv Line: 257

Time: 15815 ns Started: 15805 ns Scope: /tb_top/u_mon File: /run/media/sackb/Windows-SSD/Users/sackb/OneDrive/Desktop/University/Course_Work/2025-2026/Spring_2026/ECE_410/ECE410/project/post_m3_Minor_Redesign/tb/tb_top.sv Line:256
Error: AXI MONITOR: core_C changed while core is idle
Time: 15815 ns  Iteration: 0  Process: /tb_top/u_mon//tb_top/u_mon  Scope: tb_top.u_mon  File: /run/media/sackb/Windows-SSD/Users/sackb/OneDrive/Desktop/University/Course_Work/2025-2026/Spring_2026/ECE_410/ECE410/project/post_m3_Minor_Redesign/tb/tb_top.sv Line: 257

Time: 15825 ns Started: 15815 ns Scope: /tb_top/u_mon File: /run/media/sackb/Windows-SSD/Users/sackb/OneDrive/Desktop/University/Course_Work/2025-2026/Spring_2026/ECE_410/ECE410/project/post_m3_Minor_Redesign/tb/tb_top.sv Line:256
Error: AXI MONITOR: core_C changed while core is idle
Time: 15825 ns  Iteration: 0  Process: /tb_top/u_mon//tb_top/u_mon  Scope: tb_top.u_mon  File: /run/media/sackb/Windows-SSD/Users/sackb/OneDrive/Desktop/University/Course_Work/2025-2026/Spring_2026/ECE_410/ECE410/project/post_m3_Minor_Redesign/tb/tb_top.sv Line: 257

Time: 15835 ns Started: 15825 ns Scope: /tb_top/u_mon File: /run/media/sackb/Windows-SSD/Users/sackb/OneDrive/Desktop/University/Course_Work/2025-2026/Spring_2026/ECE_410/ECE410/project/post_m3_Minor_Redesign/tb/tb_top.sv Line:256
Error: AXI MONITOR: core_C changed while core is idle
Time: 15835 ns  Iteration: 0  Process: /tb_top/u_mon//tb_top/u_mon  Scope: tb_top.u_mon  File: /run/media/sackb/Windows-SSD/Users/sackb/OneDrive/Desktop/University/Course_Work/2025-2026/Spring_2026/ECE_410/ECE410/project/post_m3_Minor_Redesign/tb/tb_top.sv Line: 257

Time: 15845 ns Started: 15835 ns Scope: /tb_top/u_mon File: /run/media/sackb/Windows-SSD/Users/sackb/OneDrive/Desktop/University/Course_Work/2025-2026/Spring_2026/ECE_410/ECE410/project/post_m3_Minor_Redesign/tb/tb_top.sv Line:256
Error: AXI MONITOR: core_C changed while core is idle
Time: 15845 ns  Iteration: 0  Process: /tb_top/u_mon//tb_top/u_mon  Scope: tb_top.u_mon  File: /run/media/sackb/Windows-SSD/Users/sackb/OneDrive/Desktop/University/Course_Work/2025-2026/Spring_2026/ECE_410/ECE410/project/post_m3_Minor_Redesign/tb/tb_top.sv Line: 257

Time: 15855 ns Started: 15845 ns Scope: /tb_top/u_mon File: /run/media/sackb/Windows-SSD/Users/sackb/OneDrive/Desktop/University/Course_Work/2025-2026/Spring_2026/ECE_410/ECE410/project/post_m3_Minor_Redesign/tb/tb_top.sv Line:256
Error: AXI MONITOR: core_C changed while core is idle
Time: 15855 ns  Iteration: 0  Process: /tb_top/u_mon//tb_top/u_mon  Scope: tb_top.u_mon  File: /run/media/sackb/Windows-SSD/Users/sackb/OneDrive/Desktop/University/Course_Work/2025-2026/Spring_2026/ECE_410/ECE410/project/post_m3_Minor_Redesign/tb/tb_top.sv Line: 257

Time: 15865 ns Started: 15855 ns Scope: /tb_top/u_mon File: /run/media/sackb/Windows-SSD/Users/sackb/OneDrive/Desktop/University/Course_Work/2025-2026/Spring_2026/ECE_410/ECE410/project/post_m3_Minor_Redesign/tb/tb_top.sv Line:256
Error: AXI MONITOR: core_C changed while core is idle
Time: 15865 ns  Iteration: 0  Process: /tb_top/u_mon//tb_top/u_mon  Scope: tb_top.u_mon  File: /run/media/sackb/Windows-SSD/Users/sackb/OneDrive/Desktop/University/Course_Work/2025-2026/Spring_2026/ECE_410/ECE410/project/post_m3_Minor_Redesign/tb/tb_top.sv Line: 257

Time: 15875 ns Started: 15865 ns Scope: /tb_top/u_mon File: /run/media/sackb/Windows-SSD/Users/sackb/OneDrive/Desktop/University/Course_Work/2025-2026/Spring_2026/ECE_410/ECE410/project/post_m3_Minor_Redesign/tb/tb_top.sv Line:256
Error: AXI MONITOR: core_C changed while core is idle
Time: 15875 ns  Iteration: 0  Process: /tb_top/u_mon//tb_top/u_mon  Scope: tb_top.u_mon  File: /run/media/sackb/Windows-SSD/Users/sackb/OneDrive/Desktop/University/Course_Work/2025-2026/Spring_2026/ECE_410/ECE410/project/post_m3_Minor_Redesign/tb/tb_top.sv Line: 257

Time: 15885 ns Started: 15875 ns Scope: /tb_top/u_mon File: /run/media/sackb/Windows-SSD/Users/sackb/OneDrive/Desktop/University/Course_Work/2025-2026/Spring_2026/ECE_410/ECE410/project/post_m3_Minor_Redesign/tb/tb_top.sv Line:256
Error: AXI MONITOR: core_C changed while core is idle
Time: 15885 ns  Iteration: 0  Process: /tb_top/u_mon//tb_top/u_mon  Scope: tb_top.u_mon  File: /run/media/sackb/Windows-SSD/Users/sackb/OneDrive/Desktop/University/Course_Work/2025-2026/Spring_2026/ECE_410/ECE410/project/post_m3_Minor_Redesign/tb/tb_top.sv Line: 257

Time: 15895 ns Started: 15885 ns Scope: /tb_top/u_mon File: /run/media/sackb/Windows-SSD/Users/sackb/OneDrive/Desktop/University/Course_Work/2025-2026/Spring_2026/ECE_410/ECE410/project/post_m3_Minor_Redesign/tb/tb_top.sv Line:256
Error: AXI MONITOR: core_C changed while core is idle
Time: 15895 ns  Iteration: 0  Process: /tb_top/u_mon//tb_top/u_mon  Scope: tb_top.u_mon  File: /run/media/sackb/Windows-SSD/Users/sackb/OneDrive/Desktop/University/Course_Work/2025-2026/Spring_2026/ECE_410/ECE410/project/post_m3_Minor_Redesign/tb/tb_top.sv Line: 257

Time: 15905 ns Started: 15895 ns Scope: /tb_top/u_mon File: /run/media/sackb/Windows-SSD/Users/sackb/OneDrive/Desktop/University/Course_Work/2025-2026/Spring_2026/ECE_410/ECE410/project/post_m3_Minor_Redesign/tb/tb_top.sv Line:256
Error: AXI MONITOR: core_C changed while core is idle
Time: 15905 ns  Iteration: 0  Process: /tb_top/u_mon//tb_top/u_mon  Scope: tb_top.u_mon  File: /run/media/sackb/Windows-SSD/Users/sackb/OneDrive/Desktop/University/Course_Work/2025-2026/Spring_2026/ECE_410/ECE410/project/post_m3_Minor_Redesign/tb/tb_top.sv Line: 257

Time: 15915 ns Started: 15905 ns Scope: /tb_top/u_mon File: /run/media/sackb/Windows-SSD/Users/sackb/OneDrive/Desktop/University/Course_Work/2025-2026/Spring_2026/ECE_410/ECE410/project/post_m3_Minor_Redesign/tb/tb_top.sv Line:256
Error: AXI MONITOR: core_C changed while core is idle
Time: 15915 ns  Iteration: 0  Process: /tb_top/u_mon//tb_top/u_mon  Scope: tb_top.u_mon  File: /run/media/sackb/Windows-SSD/Users/sackb/OneDrive/Desktop/University/Course_Work/2025-2026/Spring_2026/ECE_410/ECE410/project/post_m3_Minor_Redesign/tb/tb_top.sv Line: 257

Time: 15925 ns Started: 15915 ns Scope: /tb_top/u_mon File: /run/media/sackb/Windows-SSD/Users/sackb/OneDrive/Desktop/University/Course_Work/2025-2026/Spring_2026/ECE_410/ECE410/project/post_m3_Minor_Redesign/tb/tb_top.sv Line:256
Error: AXI MONITOR: core_C changed while core is idle
Time: 15925 ns  Iteration: 0  Process: /tb_top/u_mon//tb_top/u_mon  Scope: tb_top.u_mon  File: /run/media/sackb/Windows-SSD/Users/sackb/OneDrive/Desktop/University/Course_Work/2025-2026/Spring_2026/ECE_410/ECE410/project/post_m3_Minor_Redesign/tb/tb_top.sv Line: 257

Time: 15935 ns Started: 15925 ns Scope: /tb_top/u_mon File: /run/media/sackb/Windows-SSD/Users/sackb/OneDrive/Desktop/University/Course_Work/2025-2026/Spring_2026/ECE_410/ECE410/project/post_m3_Minor_Redesign/tb/tb_top.sv Line:256
Error: AXI MONITOR: core_C changed while core is idle
Time: 15935 ns  Iteration: 0  Process: /tb_top/u_mon//tb_top/u_mon  Scope: tb_top.u_mon  File: /run/media/sackb/Windows-SSD/Users/sackb/OneDrive/Desktop/University/Course_Work/2025-2026/Spring_2026/ECE_410/ECE410/project/post_m3_Minor_Redesign/tb/tb_top.sv Line: 257

Time: 15945 ns Started: 15935 ns Scope: /tb_top/u_mon File: /run/media/sackb/Windows-SSD/Users/sackb/OneDrive/Desktop/University/Course_Work/2025-2026/Spring_2026/ECE_410/ECE410/project/post_m3_Minor_Redesign/tb/tb_top.sv Line:256
Error: AXI MONITOR: core_C changed while core is idle
Time: 15945 ns  Iteration: 0  Process: /tb_top/u_mon//tb_top/u_mon  Scope: tb_top.u_mon  File: /run/media/sackb/Windows-SSD/Users/sackb/OneDrive/Desktop/University/Course_Work/2025-2026/Spring_2026/ECE_410/ECE410/project/post_m3_Minor_Redesign/tb/tb_top.sv Line: 257

Time: 15955 ns Started: 15945 ns Scope: /tb_top/u_mon File: /run/media/sackb/Windows-SSD/Users/sackb/OneDrive/Desktop/University/Course_Work/2025-2026/Spring_2026/ECE_410/ECE410/project/post_m3_Minor_Redesign/tb/tb_top.sv Line:256
Error: AXI MONITOR: core_C changed while core is idle
Time: 15955 ns  Iteration: 0  Process: /tb_top/u_mon//tb_top/u_mon  Scope: tb_top.u_mon  File: /run/media/sackb/Windows-SSD/Users/sackb/OneDrive/Desktop/University/Course_Work/2025-2026/Spring_2026/ECE_410/ECE410/project/post_m3_Minor_Redesign/tb/tb_top.sv Line: 257

Time: 15965 ns Started: 15955 ns Scope: /tb_top/u_mon File: /run/media/sackb/Windows-SSD/Users/sackb/OneDrive/Desktop/University/Course_Work/2025-2026/Spring_2026/ECE_410/ECE410/project/post_m3_Minor_Redesign/tb/tb_top.sv Line:256
Error: AXI MONITOR: core_C changed while core is idle
Time: 15965 ns  Iteration: 0  Process: /tb_top/u_mon//tb_top/u_mon  Scope: tb_top.u_mon  File: /run/media/sackb/Windows-SSD/Users/sackb/OneDrive/Desktop/University/Course_Work/2025-2026/Spring_2026/ECE_410/ECE410/project/post_m3_Minor_Redesign/tb/tb_top.sv Line: 257

Time: 15975 ns Started: 15965 ns Scope: /tb_top/u_mon File: /run/media/sackb/Windows-SSD/Users/sackb/OneDrive/Desktop/University/Course_Work/2025-2026/Spring_2026/ECE_410/ECE410/project/post_m3_Minor_Redesign/tb/tb_top.sv Line:256
Error: AXI MONITOR: core_C changed while core is idle
Time: 15975 ns  Iteration: 0  Process: /tb_top/u_mon//tb_top/u_mon  Scope: tb_top.u_mon  File: /run/media/sackb/Windows-SSD/Users/sackb/OneDrive/Desktop/University/Course_Work/2025-2026/Spring_2026/ECE_410/ECE410/project/post_m3_Minor_Redesign/tb/tb_top.sv Line: 257

Time: 15985 ns Started: 15975 ns Scope: /tb_top/u_mon File: /run/media/sackb/Windows-SSD/Users/sackb/OneDrive/Desktop/University/Course_Work/2025-2026/Spring_2026/ECE_410/ECE410/project/post_m3_Minor_Redesign/tb/tb_top.sv Line:256
Error: AXI MONITOR: core_C changed while core is idle
Time: 15985 ns  Iteration: 0  Process: /tb_top/u_mon//tb_top/u_mon  Scope: tb_top.u_mon  File: /run/media/sackb/Windows-SSD/Users/sackb/OneDrive/Desktop/University/Course_Work/2025-2026/Spring_2026/ECE_410/ECE410/project/post_m3_Minor_Redesign/tb/tb_top.sv Line: 257

Time: 15995 ns Started: 15985 ns Scope: /tb_top/u_mon File: /run/media/sackb/Windows-SSD/Users/sackb/OneDrive/Desktop/University/Course_Work/2025-2026/Spring_2026/ECE_410/ECE410/project/post_m3_Minor_Redesign/tb/tb_top.sv Line:256
Error: AXI MONITOR: core_C changed while core is idle
Time: 15995 ns  Iteration: 0  Process: /tb_top/u_mon//tb_top/u_mon  Scope: tb_top.u_mon  File: /run/media/sackb/Windows-SSD/Users/sackb/OneDrive/Desktop/University/Course_Work/2025-2026/Spring_2026/ECE_410/ECE410/project/post_m3_Minor_Redesign/tb/tb_top.sv Line: 257

Time: 16005 ns Started: 15995 ns Scope: /tb_top/u_mon File: /run/media/sackb/Windows-SSD/Users/sackb/OneDrive/Desktop/University/Course_Work/2025-2026/Spring_2026/ECE_410/ECE410/project/post_m3_Minor_Redesign/tb/tb_top.sv Line:256
Error: AXI MONITOR: core_C changed while core is idle
Time: 16005 ns  Iteration: 0  Process: /tb_top/u_mon//tb_top/u_mon  Scope: tb_top.u_mon  File: /run/media/sackb/Windows-SSD/Users/sackb/OneDrive/Desktop/University/Course_Work/2025-2026/Spring_2026/ECE_410/ECE410/project/post_m3_Minor_Redesign/tb/tb_top.sv Line: 257

Time: 16745 ns Started: 16735 ns Scope: /tb_top/u_mon File: /run/media/sackb/Windows-SSD/Users/sackb/OneDrive/Desktop/University/Course_Work/2025-2026/Spring_2026/ECE_410/ECE410/project/post_m3_Minor_Redesign/tb/tb_top.sv Line:256
Error: AXI MONITOR: core_C changed while core is idle
Time: 16745 ns  Iteration: 0  Process: /tb_top/u_mon//tb_top/u_mon  Scope: tb_top.u_mon  File: /run/media/sackb/Windows-SSD/Users/sackb/OneDrive/Desktop/University/Course_Work/2025-2026/Spring_2026/ECE_410/ECE410/project/post_m3_Minor_Redesign/tb/tb_top.sv Line: 257

Time: 16755 ns Started: 16745 ns Scope: /tb_top/u_mon File: /run/media/sackb/Windows-SSD/Users/sackb/OneDrive/Desktop/University/Course_Work/2025-2026/Spring_2026/ECE_410/ECE410/project/post_m3_Minor_Redesign/tb/tb_top.sv Line:256
Error: AXI MONITOR: core_C changed while core is idle
Time: 16755 ns  Iteration: 0  Process: /tb_top/u_mon//tb_top/u_mon  Scope: tb_top.u_mon  File: /run/media/sackb/Windows-SSD/Users/sackb/OneDrive/Desktop/University/Course_Work/2025-2026/Spring_2026/ECE_410/ECE410/project/post_m3_Minor_Redesign/tb/tb_top.sv Line: 257

Time: 16765 ns Started: 16755 ns Scope: /tb_top/u_mon File: /run/media/sackb/Windows-SSD/Users/sackb/OneDrive/Desktop/University/Course_Work/2025-2026/Spring_2026/ECE_410/ECE410/project/post_m3_Minor_Redesign/tb/tb_top.sv Line:256
Error: AXI MONITOR: core_C changed while core is idle
Time: 16765 ns  Iteration: 0  Process: /tb_top/u_mon//tb_top/u_mon  Scope: tb_top.u_mon  File: /run/media/sackb/Windows-SSD/Users/sackb/OneDrive/Desktop/University/Course_Work/2025-2026/Spring_2026/ECE_410/ECE410/project/post_m3_Minor_Redesign/tb/tb_top.sv Line: 257

Time: 16775 ns Started: 16765 ns Scope: /tb_top/u_mon File: /run/media/sackb/Windows-SSD/Users/sackb/OneDrive/Desktop/University/Course_Work/2025-2026/Spring_2026/ECE_410/ECE410/project/post_m3_Minor_Redesign/tb/tb_top.sv Line:256
Error: AXI MONITOR: core_C changed while core is idle
Time: 16775 ns  Iteration: 0  Process: /tb_top/u_mon//tb_top/u_mon  Scope: tb_top.u_mon  File: /run/media/sackb/Windows-SSD/Users/sackb/OneDrive/Desktop/University/Course_Work/2025-2026/Spring_2026/ECE_410/ECE410/project/post_m3_Minor_Redesign/tb/tb_top.sv Line: 257

Time: 16785 ns Started: 16775 ns Scope: /tb_top/u_mon File: /run/media/sackb/Windows-SSD/Users/sackb/OneDrive/Desktop/University/Course_Work/2025-2026/Spring_2026/ECE_410/ECE410/project/post_m3_Minor_Redesign/tb/tb_top.sv Line:256
Error: AXI MONITOR: core_C changed while core is idle
Time: 16785 ns  Iteration: 0  Process: /tb_top/u_mon//tb_top/u_mon  Scope: tb_top.u_mon  File: /run/media/sackb/Windows-SSD/Users/sackb/OneDrive/Desktop/University/Course_Work/2025-2026/Spring_2026/ECE_410/ECE410/project/post_m3_Minor_Redesign/tb/tb_top.sv Line: 257

Time: 16795 ns Started: 16785 ns Scope: /tb_top/u_mon File: /run/media/sackb/Windows-SSD/Users/sackb/OneDrive/Desktop/University/Course_Work/2025-2026/Spring_2026/ECE_410/ECE410/project/post_m3_Minor_Redesign/tb/tb_top.sv Line:256
Error: AXI MONITOR: core_C changed while core is idle
Time: 16795 ns  Iteration: 0  Process: /tb_top/u_mon//tb_top/u_mon  Scope: tb_top.u_mon  File: /run/media/sackb/Windows-SSD/Users/sackb/OneDrive/Desktop/University/Course_Work/2025-2026/Spring_2026/ECE_410/ECE410/project/post_m3_Minor_Redesign/tb/tb_top.sv Line: 257

Time: 16805 ns Started: 16795 ns Scope: /tb_top/u_mon File: /run/media/sackb/Windows-SSD/Users/sackb/OneDrive/Desktop/University/Course_Work/2025-2026/Spring_2026/ECE_410/ECE410/project/post_m3_Minor_Redesign/tb/tb_top.sv Line:256
Error: AXI MONITOR: core_C changed while core is idle
Time: 16805 ns  Iteration: 0  Process: /tb_top/u_mon//tb_top/u_mon  Scope: tb_top.u_mon  File: /run/media/sackb/Windows-SSD/Users/sackb/OneDrive/Desktop/University/Course_Work/2025-2026/Spring_2026/ECE_410/ECE410/project/post_m3_Minor_Redesign/tb/tb_top.sv Line: 257

Time: 16815 ns Started: 16805 ns Scope: /tb_top/u_mon File: /run/media/sackb/Windows-SSD/Users/sackb/OneDrive/Desktop/University/Course_Work/2025-2026/Spring_2026/ECE_410/ECE410/project/post_m3_Minor_Redesign/tb/tb_top.sv Line:256
Error: AXI MONITOR: core_C changed while core is idle
Time: 16815 ns  Iteration: 0  Process: /tb_top/u_mon//tb_top/u_mon  Scope: tb_top.u_mon  File: /run/media/sackb/Windows-SSD/Users/sackb/OneDrive/Desktop/University/Course_Work/2025-2026/Spring_2026/ECE_410/ECE410/project/post_m3_Minor_Redesign/tb/tb_top.sv Line: 257

Time: 16825 ns Started: 16815 ns Scope: /tb_top/u_mon File: /run/media/sackb/Windows-SSD/Users/sackb/OneDrive/Desktop/University/Course_Work/2025-2026/Spring_2026/ECE_410/ECE410/project/post_m3_Minor_Redesign/tb/tb_top.sv Line:256
Error: AXI MONITOR: core_C changed while core is idle
Time: 16825 ns  Iteration: 0  Process: /tb_top/u_mon//tb_top/u_mon  Scope: tb_top.u_mon  File: /run/media/sackb/Windows-SSD/Users/sackb/OneDrive/Desktop/University/Course_Work/2025-2026/Spring_2026/ECE_410/ECE410/project/post_m3_Minor_Redesign/tb/tb_top.sv Line: 257

Time: 16835 ns Started: 16825 ns Scope: /tb_top/u_mon File: /run/media/sackb/Windows-SSD/Users/sackb/OneDrive/Desktop/University/Course_Work/2025-2026/Spring_2026/ECE_410/ECE410/project/post_m3_Minor_Redesign/tb/tb_top.sv Line:256
Error: AXI MONITOR: core_C changed while core is idle
Time: 16835 ns  Iteration: 0  Process: /tb_top/u_mon//tb_top/u_mon  Scope: tb_top.u_mon  File: /run/media/sackb/Windows-SSD/Users/sackb/OneDrive/Desktop/University/Course_Work/2025-2026/Spring_2026/ECE_410/ECE410/project/post_m3_Minor_Redesign/tb/tb_top.sv Line: 257

Time: 16845 ns Started: 16835 ns Scope: /tb_top/u_mon File: /run/media/sackb/Windows-SSD/Users/sackb/OneDrive/Desktop/University/Course_Work/2025-2026/Spring_2026/ECE_410/ECE410/project/post_m3_Minor_Redesign/tb/tb_top.sv Line:256
Error: AXI MONITOR: core_C changed while core is idle
Time: 16845 ns  Iteration: 0  Process: /tb_top/u_mon//tb_top/u_mon  Scope: tb_top.u_mon  File: /run/media/sackb/Windows-SSD/Users/sackb/OneDrive/Desktop/University/Course_Work/2025-2026/Spring_2026/ECE_410/ECE410/project/post_m3_Minor_Redesign/tb/tb_top.sv Line: 257

Time: 16855 ns Started: 16845 ns Scope: /tb_top/u_mon File: /run/media/sackb/Windows-SSD/Users/sackb/OneDrive/Desktop/University/Course_Work/2025-2026/Spring_2026/ECE_410/ECE410/project/post_m3_Minor_Redesign/tb/tb_top.sv Line:256
Error: AXI MONITOR: core_C changed while core is idle
Time: 16855 ns  Iteration: 0  Process: /tb_top/u_mon//tb_top/u_mon  Scope: tb_top.u_mon  File: /run/media/sackb/Windows-SSD/Users/sackb/OneDrive/Desktop/University/Course_Work/2025-2026/Spring_2026/ECE_410/ECE410/project/post_m3_Minor_Redesign/tb/tb_top.sv Line: 257

Time: 16865 ns Started: 16855 ns Scope: /tb_top/u_mon File: /run/media/sackb/Windows-SSD/Users/sackb/OneDrive/Desktop/University/Course_Work/2025-2026/Spring_2026/ECE_410/ECE410/project/post_m3_Minor_Redesign/tb/tb_top.sv Line:256
Error: AXI MONITOR: core_C changed while core is idle
Time: 16865 ns  Iteration: 0  Process: /tb_top/u_mon//tb_top/u_mon  Scope: tb_top.u_mon  File: /run/media/sackb/Windows-SSD/Users/sackb/OneDrive/Desktop/University/Course_Work/2025-2026/Spring_2026/ECE_410/ECE410/project/post_m3_Minor_Redesign/tb/tb_top.sv Line: 257

Time: 16875 ns Started: 16865 ns Scope: /tb_top/u_mon File: /run/media/sackb/Windows-SSD/Users/sackb/OneDrive/Desktop/University/Course_Work/2025-2026/Spring_2026/ECE_410/ECE410/project/post_m3_Minor_Redesign/tb/tb_top.sv Line:256
Error: AXI MONITOR: core_C changed while core is idle
Time: 16875 ns  Iteration: 0  Process: /tb_top/u_mon//tb_top/u_mon  Scope: tb_top.u_mon  File: /run/media/sackb/Windows-SSD/Users/sackb/OneDrive/Desktop/University/Course_Work/2025-2026/Spring_2026/ECE_410/ECE410/project/post_m3_Minor_Redesign/tb/tb_top.sv Line: 257

Time: 16885 ns Started: 16875 ns Scope: /tb_top/u_mon File: /run/media/sackb/Windows-SSD/Users/sackb/OneDrive/Desktop/University/Course_Work/2025-2026/Spring_2026/ECE_410/ECE410/project/post_m3_Minor_Redesign/tb/tb_top.sv Line:256
Error: AXI MONITOR: core_C changed while core is idle
Time: 16885 ns  Iteration: 0  Process: /tb_top/u_mon//tb_top/u_mon  Scope: tb_top.u_mon  File: /run/media/sackb/Windows-SSD/Users/sackb/OneDrive/Desktop/University/Course_Work/2025-2026/Spring_2026/ECE_410/ECE410/project/post_m3_Minor_Redesign/tb/tb_top.sv Line: 257

Time: 16895 ns Started: 16885 ns Scope: /tb_top/u_mon File: /run/media/sackb/Windows-SSD/Users/sackb/OneDrive/Desktop/University/Course_Work/2025-2026/Spring_2026/ECE_410/ECE410/project/post_m3_Minor_Redesign/tb/tb_top.sv Line:256
Error: AXI MONITOR: core_C changed while core is idle
Time: 16895 ns  Iteration: 0  Process: /tb_top/u_mon//tb_top/u_mon  Scope: tb_top.u_mon  File: /run/media/sackb/Windows-SSD/Users/sackb/OneDrive/Desktop/University/Course_Work/2025-2026/Spring_2026/ECE_410/ECE410/project/post_m3_Minor_Redesign/tb/tb_top.sv Line: 257

Time: 16905 ns Started: 16895 ns Scope: /tb_top/u_mon File: /run/media/sackb/Windows-SSD/Users/sackb/OneDrive/Desktop/University/Course_Work/2025-2026/Spring_2026/ECE_410/ECE410/project/post_m3_Minor_Redesign/tb/tb_top.sv Line:256
Error: AXI MONITOR: core_C changed while core is idle
Time: 16905 ns  Iteration: 0  Process: /tb_top/u_mon//tb_top/u_mon  Scope: tb_top.u_mon  File: /run/media/sackb/Windows-SSD/Users/sackb/OneDrive/Desktop/University/Course_Work/2025-2026/Spring_2026/ECE_410/ECE410/project/post_m3_Minor_Redesign/tb/tb_top.sv Line: 257

Time: 16915 ns Started: 16905 ns Scope: /tb_top/u_mon File: /run/media/sackb/Windows-SSD/Users/sackb/OneDrive/Desktop/University/Course_Work/2025-2026/Spring_2026/ECE_410/ECE410/project/post_m3_Minor_Redesign/tb/tb_top.sv Line:256
Error: AXI MONITOR: core_C changed while core is idle
Time: 16915 ns  Iteration: 0  Process: /tb_top/u_mon//tb_top/u_mon  Scope: tb_top.u_mon  File: /run/media/sackb/Windows-SSD/Users/sackb/OneDrive/Desktop/University/Course_Work/2025-2026/Spring_2026/ECE_410/ECE410/project/post_m3_Minor_Redesign/tb/tb_top.sv Line: 257

Time: 16925 ns Started: 16915 ns Scope: /tb_top/u_mon File: /run/media/sackb/Windows-SSD/Users/sackb/OneDrive/Desktop/University/Course_Work/2025-2026/Spring_2026/ECE_410/ECE410/project/post_m3_Minor_Redesign/tb/tb_top.sv Line:256
Error: AXI MONITOR: core_C changed while core is idle
Time: 16925 ns  Iteration: 0  Process: /tb_top/u_mon//tb_top/u_mon  Scope: tb_top.u_mon  File: /run/media/sackb/Windows-SSD/Users/sackb/OneDrive/Desktop/University/Course_Work/2025-2026/Spring_2026/ECE_410/ECE410/project/post_m3_Minor_Redesign/tb/tb_top.sv Line: 257

Time: 16935 ns Started: 16925 ns Scope: /tb_top/u_mon File: /run/media/sackb/Windows-SSD/Users/sackb/OneDrive/Desktop/University/Course_Work/2025-2026/Spring_2026/ECE_410/ECE410/project/post_m3_Minor_Redesign/tb/tb_top.sv Line:256
Error: AXI MONITOR: core_C changed while core is idle
Time: 16935 ns  Iteration: 0  Process: /tb_top/u_mon//tb_top/u_mon  Scope: tb_top.u_mon  File: /run/media/sackb/Windows-SSD/Users/sackb/OneDrive/Desktop/University/Course_Work/2025-2026/Spring_2026/ECE_410/ECE410/project/post_m3_Minor_Redesign/tb/tb_top.sv Line: 257

Time: 16945 ns Started: 16935 ns Scope: /tb_top/u_mon File: /run/media/sackb/Windows-SSD/Users/sackb/OneDrive/Desktop/University/Course_Work/2025-2026/Spring_2026/ECE_410/ECE410/project/post_m3_Minor_Redesign/tb/tb_top.sv Line:256
Error: AXI MONITOR: core_C changed while core is idle
Time: 16945 ns  Iteration: 0  Process: /tb_top/u_mon//tb_top/u_mon  Scope: tb_top.u_mon  File: /run/media/sackb/Windows-SSD/Users/sackb/OneDrive/Desktop/University/Course_Work/2025-2026/Spring_2026/ECE_410/ECE410/project/post_m3_Minor_Redesign/tb/tb_top.sv Line: 257

Time: 16955 ns Started: 16945 ns Scope: /tb_top/u_mon File: /run/media/sackb/Windows-SSD/Users/sackb/OneDrive/Desktop/University/Course_Work/2025-2026/Spring_2026/ECE_410/ECE410/project/post_m3_Minor_Redesign/tb/tb_top.sv Line:256
Error: AXI MONITOR: core_C changed while core is idle
Time: 16955 ns  Iteration: 0  Process: /tb_top/u_mon//tb_top/u_mon  Scope: tb_top.u_mon  File: /run/media/sackb/Windows-SSD/Users/sackb/OneDrive/Desktop/University/Course_Work/2025-2026/Spring_2026/ECE_410/ECE410/project/post_m3_Minor_Redesign/tb/tb_top.sv Line: 257

Time: 16965 ns Started: 16955 ns Scope: /tb_top/u_mon File: /run/media/sackb/Windows-SSD/Users/sackb/OneDrive/Desktop/University/Course_Work/2025-2026/Spring_2026/ECE_410/ECE410/project/post_m3_Minor_Redesign/tb/tb_top.sv Line:256
Error: AXI MONITOR: core_C changed while core is idle
Time: 16965 ns  Iteration: 0  Process: /tb_top/u_mon//tb_top/u_mon  Scope: tb_top.u_mon  File: /run/media/sackb/Windows-SSD/Users/sackb/OneDrive/Desktop/University/Course_Work/2025-2026/Spring_2026/ECE_410/ECE410/project/post_m3_Minor_Redesign/tb/tb_top.sv Line: 257

Time: 16975 ns Started: 16965 ns Scope: /tb_top/u_mon File: /run/media/sackb/Windows-SSD/Users/sackb/OneDrive/Desktop/University/Course_Work/2025-2026/Spring_2026/ECE_410/ECE410/project/post_m3_Minor_Redesign/tb/tb_top.sv Line:256
Error: AXI MONITOR: core_C changed while core is idle
Time: 16975 ns  Iteration: 0  Process: /tb_top/u_mon//tb_top/u_mon  Scope: tb_top.u_mon  File: /run/media/sackb/Windows-SSD/Users/sackb/OneDrive/Desktop/University/Course_Work/2025-2026/Spring_2026/ECE_410/ECE410/project/post_m3_Minor_Redesign/tb/tb_top.sv Line: 257

Time: 16985 ns Started: 16975 ns Scope: /tb_top/u_mon File: /run/media/sackb/Windows-SSD/Users/sackb/OneDrive/Desktop/University/Course_Work/2025-2026/Spring_2026/ECE_410/ECE410/project/post_m3_Minor_Redesign/tb/tb_top.sv Line:256
Error: AXI MONITOR: core_C changed while core is idle
Time: 16985 ns  Iteration: 0  Process: /tb_top/u_mon//tb_top/u_mon  Scope: tb_top.u_mon  File: /run/media/sackb/Windows-SSD/Users/sackb/OneDrive/Desktop/University/Course_Work/2025-2026/Spring_2026/ECE_410/ECE410/project/post_m3_Minor_Redesign/tb/tb_top.sv Line: 257

Time: 16995 ns Started: 16985 ns Scope: /tb_top/u_mon File: /run/media/sackb/Windows-SSD/Users/sackb/OneDrive/Desktop/University/Course_Work/2025-2026/Spring_2026/ECE_410/ECE410/project/post_m3_Minor_Redesign/tb/tb_top.sv Line:256
Error: AXI MONITOR: core_C changed while core is idle
Time: 16995 ns  Iteration: 0  Process: /tb_top/u_mon//tb_top/u_mon  Scope: tb_top.u_mon  File: /run/media/sackb/Windows-SSD/Users/sackb/OneDrive/Desktop/University/Course_Work/2025-2026/Spring_2026/ECE_410/ECE410/project/post_m3_Minor_Redesign/tb/tb_top.sv Line: 257

Time: 17005 ns Started: 16995 ns Scope: /tb_top/u_mon File: /run/media/sackb/Windows-SSD/Users/sackb/OneDrive/Desktop/University/Course_Work/2025-2026/Spring_2026/ECE_410/ECE410/project/post_m3_Minor_Redesign/tb/tb_top.sv Line:256
Error: AXI MONITOR: core_C changed while core is idle
Time: 17005 ns  Iteration: 0  Process: /tb_top/u_mon//tb_top/u_mon  Scope: tb_top.u_mon  File: /run/media/sackb/Windows-SSD/Users/sackb/OneDrive/Desktop/University/Course_Work/2025-2026/Spring_2026/ECE_410/ECE410/project/post_m3_Minor_Redesign/tb/tb_top.sv Line: 257

Time: 17015 ns Started: 17005 ns Scope: /tb_top/u_mon File: /run/media/sackb/Windows-SSD/Users/sackb/OneDrive/Desktop/University/Course_Work/2025-2026/Spring_2026/ECE_410/ECE410/project/post_m3_Minor_Redesign/tb/tb_top.sv Line:256
Error: AXI MONITOR: core_C changed while core is idle
Time: 17015 ns  Iteration: 0  Process: /tb_top/u_mon//tb_top/u_mon  Scope: tb_top.u_mon  File: /run/media/sackb/Windows-SSD/Users/sackb/OneDrive/Desktop/University/Course_Work/2025-2026/Spring_2026/ECE_410/ECE410/project/post_m3_Minor_Redesign/tb/tb_top.sv Line: 257

Time: 17025 ns Started: 17015 ns Scope: /tb_top/u_mon File: /run/media/sackb/Windows-SSD/Users/sackb/OneDrive/Desktop/University/Course_Work/2025-2026/Spring_2026/ECE_410/ECE410/project/post_m3_Minor_Redesign/tb/tb_top.sv Line:256
Error: AXI MONITOR: core_C changed while core is idle
Time: 17025 ns  Iteration: 0  Process: /tb_top/u_mon//tb_top/u_mon  Scope: tb_top.u_mon  File: /run/media/sackb/Windows-SSD/Users/sackb/OneDrive/Desktop/University/Course_Work/2025-2026/Spring_2026/ECE_410/ECE410/project/post_m3_Minor_Redesign/tb/tb_top.sv Line: 257

Time: 17035 ns Started: 17025 ns Scope: /tb_top/u_mon File: /run/media/sackb/Windows-SSD/Users/sackb/OneDrive/Desktop/University/Course_Work/2025-2026/Spring_2026/ECE_410/ECE410/project/post_m3_Minor_Redesign/tb/tb_top.sv Line:256
Error: AXI MONITOR: core_C changed while core is idle
Time: 17035 ns  Iteration: 0  Process: /tb_top/u_mon//tb_top/u_mon  Scope: tb_top.u_mon  File: /run/media/sackb/Windows-SSD/Users/sackb/OneDrive/Desktop/University/Course_Work/2025-2026/Spring_2026/ECE_410/ECE410/project/post_m3_Minor_Redesign/tb/tb_top.sv Line: 257

Time: 17045 ns Started: 17035 ns Scope: /tb_top/u_mon File: /run/media/sackb/Windows-SSD/Users/sackb/OneDrive/Desktop/University/Course_Work/2025-2026/Spring_2026/ECE_410/ECE410/project/post_m3_Minor_Redesign/tb/tb_top.sv Line:256
Error: AXI MONITOR: core_C changed while core is idle
Time: 17045 ns  Iteration: 0  Process: /tb_top/u_mon//tb_top/u_mon  Scope: tb_top.u_mon  File: /run/media/sackb/Windows-SSD/Users/sackb/OneDrive/Desktop/University/Course_Work/2025-2026/Spring_2026/ECE_410/ECE410/project/post_m3_Minor_Redesign/tb/tb_top.sv Line: 257

Time: 17055 ns Started: 17045 ns Scope: /tb_top/u_mon File: /run/media/sackb/Windows-SSD/Users/sackb/OneDrive/Desktop/University/Course_Work/2025-2026/Spring_2026/ECE_410/ECE410/project/post_m3_Minor_Redesign/tb/tb_top.sv Line:256
Error: AXI MONITOR: core_C changed while core is idle
Time: 17055 ns  Iteration: 0  Process: /tb_top/u_mon//tb_top/u_mon  Scope: tb_top.u_mon  File: /run/media/sackb/Windows-SSD/Users/sackb/OneDrive/Desktop/University/Course_Work/2025-2026/Spring_2026/ECE_410/ECE410/project/post_m3_Minor_Redesign/tb/tb_top.sv Line: 257

Time: 17065 ns Started: 17055 ns Scope: /tb_top/u_mon File: /run/media/sackb/Windows-SSD/Users/sackb/OneDrive/Desktop/University/Course_Work/2025-2026/Spring_2026/ECE_410/ECE410/project/post_m3_Minor_Redesign/tb/tb_top.sv Line:256
Error: AXI MONITOR: core_C changed while core is idle
Time: 17065 ns  Iteration: 0  Process: /tb_top/u_mon//tb_top/u_mon  Scope: tb_top.u_mon  File: /run/media/sackb/Windows-SSD/Users/sackb/OneDrive/Desktop/University/Course_Work/2025-2026/Spring_2026/ECE_410/ECE410/project/post_m3_Minor_Redesign/tb/tb_top.sv Line: 257

Time: 17075 ns Started: 17065 ns Scope: /tb_top/u_mon File: /run/media/sackb/Windows-SSD/Users/sackb/OneDrive/Desktop/University/Course_Work/2025-2026/Spring_2026/ECE_410/ECE410/project/post_m3_Minor_Redesign/tb/tb_top.sv Line:256
Error: AXI MONITOR: core_C changed while core is idle
Time: 17075 ns  Iteration: 0  Process: /tb_top/u_mon//tb_top/u_mon  Scope: tb_top.u_mon  File: /run/media/sackb/Windows-SSD/Users/sackb/OneDrive/Desktop/University/Course_Work/2025-2026/Spring_2026/ECE_410/ECE410/project/post_m3_Minor_Redesign/tb/tb_top.sv Line: 257

Time: 17085 ns Started: 17075 ns Scope: /tb_top/u_mon File: /run/media/sackb/Windows-SSD/Users/sackb/OneDrive/Desktop/University/Course_Work/2025-2026/Spring_2026/ECE_410/ECE410/project/post_m3_Minor_Redesign/tb/tb_top.sv Line:256
Error: AXI MONITOR: core_C changed while core is idle
Time: 17085 ns  Iteration: 0  Process: /tb_top/u_mon//tb_top/u_mon  Scope: tb_top.u_mon  File: /run/media/sackb/Windows-SSD/Users/sackb/OneDrive/Desktop/University/Course_Work/2025-2026/Spring_2026/ECE_410/ECE410/project/post_m3_Minor_Redesign/tb/tb_top.sv Line: 257

Time: 17095 ns Started: 17085 ns Scope: /tb_top/u_mon File: /run/media/sackb/Windows-SSD/Users/sackb/OneDrive/Desktop/University/Course_Work/2025-2026/Spring_2026/ECE_410/ECE410/project/post_m3_Minor_Redesign/tb/tb_top.sv Line:256
Error: AXI MONITOR: core_C changed while core is idle
Time: 17095 ns  Iteration: 0  Process: /tb_top/u_mon//tb_top/u_mon  Scope: tb_top.u_mon  File: /run/media/sackb/Windows-SSD/Users/sackb/OneDrive/Desktop/University/Course_Work/2025-2026/Spring_2026/ECE_410/ECE410/project/post_m3_Minor_Redesign/tb/tb_top.sv Line: 257

Time: 17105 ns Started: 17095 ns Scope: /tb_top/u_mon File: /run/media/sackb/Windows-SSD/Users/sackb/OneDrive/Desktop/University/Course_Work/2025-2026/Spring_2026/ECE_410/ECE410/project/post_m3_Minor_Redesign/tb/tb_top.sv Line:256
Error: AXI MONITOR: core_C changed while core is idle
Time: 17105 ns  Iteration: 0  Process: /tb_top/u_mon//tb_top/u_mon  Scope: tb_top.u_mon  File: /run/media/sackb/Windows-SSD/Users/sackb/OneDrive/Desktop/University/Course_Work/2025-2026/Spring_2026/ECE_410/ECE410/project/post_m3_Minor_Redesign/tb/tb_top.sv Line: 257

Time: 17115 ns Started: 17105 ns Scope: /tb_top/u_mon File: /run/media/sackb/Windows-SSD/Users/sackb/OneDrive/Desktop/University/Course_Work/2025-2026/Spring_2026/ECE_410/ECE410/project/post_m3_Minor_Redesign/tb/tb_top.sv Line:256
Error: AXI MONITOR: core_C changed while core is idle
Time: 17115 ns  Iteration: 0  Process: /tb_top/u_mon//tb_top/u_mon  Scope: tb_top.u_mon  File: /run/media/sackb/Windows-SSD/Users/sackb/OneDrive/Desktop/University/Course_Work/2025-2026/Spring_2026/ECE_410/ECE410/project/post_m3_Minor_Redesign/tb/tb_top.sv Line: 257
TB_TOP: Iteration 8 complete
TB_TOP: Starting iteration 9

Time: 17125 ns Started: 17115 ns Scope: /tb_top/u_mon File: /run/media/sackb/Windows-SSD/Users/sackb/OneDrive/Desktop/University/Course_Work/2025-2026/Spring_2026/ECE_410/ECE410/project/post_m3_Minor_Redesign/tb/tb_top.sv Line:256
Error: AXI MONITOR: core_C changed while core is idle
Time: 17125 ns  Iteration: 0  Process: /tb_top/u_mon//tb_top/u_mon  Scope: tb_top.u_mon  File: /run/media/sackb/Windows-SSD/Users/sackb/OneDrive/Desktop/University/Course_Work/2025-2026/Spring_2026/ECE_410/ECE410/project/post_m3_Minor_Redesign/tb/tb_top.sv Line: 257

Time: 17135 ns Started: 17125 ns Scope: /tb_top/u_mon File: /run/media/sackb/Windows-SSD/Users/sackb/OneDrive/Desktop/University/Course_Work/2025-2026/Spring_2026/ECE_410/ECE410/project/post_m3_Minor_Redesign/tb/tb_top.sv Line:256
Error: AXI MONITOR: core_C changed while core is idle
Time: 17135 ns  Iteration: 0  Process: /tb_top/u_mon//tb_top/u_mon  Scope: tb_top.u_mon  File: /run/media/sackb/Windows-SSD/Users/sackb/OneDrive/Desktop/University/Course_Work/2025-2026/Spring_2026/ECE_410/ECE410/project/post_m3_Minor_Redesign/tb/tb_top.sv Line: 257

Time: 17145 ns Started: 17135 ns Scope: /tb_top/u_mon File: /run/media/sackb/Windows-SSD/Users/sackb/OneDrive/Desktop/University/Course_Work/2025-2026/Spring_2026/ECE_410/ECE410/project/post_m3_Minor_Redesign/tb/tb_top.sv Line:256
Error: AXI MONITOR: core_C changed while core is idle
Time: 17145 ns  Iteration: 0  Process: /tb_top/u_mon//tb_top/u_mon  Scope: tb_top.u_mon  File: /run/media/sackb/Windows-SSD/Users/sackb/OneDrive/Desktop/University/Course_Work/2025-2026/Spring_2026/ECE_410/ECE410/project/post_m3_Minor_Redesign/tb/tb_top.sv Line: 257

Time: 17155 ns Started: 17145 ns Scope: /tb_top/u_mon File: /run/media/sackb/Windows-SSD/Users/sackb/OneDrive/Desktop/University/Course_Work/2025-2026/Spring_2026/ECE_410/ECE410/project/post_m3_Minor_Redesign/tb/tb_top.sv Line:256
Error: AXI MONITOR: core_C changed while core is idle
Time: 17155 ns  Iteration: 0  Process: /tb_top/u_mon//tb_top/u_mon  Scope: tb_top.u_mon  File: /run/media/sackb/Windows-SSD/Users/sackb/OneDrive/Desktop/University/Course_Work/2025-2026/Spring_2026/ECE_410/ECE410/project/post_m3_Minor_Redesign/tb/tb_top.sv Line: 257

Time: 17165 ns Started: 17155 ns Scope: /tb_top/u_mon File: /run/media/sackb/Windows-SSD/Users/sackb/OneDrive/Desktop/University/Course_Work/2025-2026/Spring_2026/ECE_410/ECE410/project/post_m3_Minor_Redesign/tb/tb_top.sv Line:256
Error: AXI MONITOR: core_C changed while core is idle
Time: 17165 ns  Iteration: 0  Process: /tb_top/u_mon//tb_top/u_mon  Scope: tb_top.u_mon  File: /run/media/sackb/Windows-SSD/Users/sackb/OneDrive/Desktop/University/Course_Work/2025-2026/Spring_2026/ECE_410/ECE410/project/post_m3_Minor_Redesign/tb/tb_top.sv Line: 257

Time: 17175 ns Started: 17165 ns Scope: /tb_top/u_mon File: /run/media/sackb/Windows-SSD/Users/sackb/OneDrive/Desktop/University/Course_Work/2025-2026/Spring_2026/ECE_410/ECE410/project/post_m3_Minor_Redesign/tb/tb_top.sv Line:256
Error: AXI MONITOR: core_C changed while core is idle
Time: 17175 ns  Iteration: 0  Process: /tb_top/u_mon//tb_top/u_mon  Scope: tb_top.u_mon  File: /run/media/sackb/Windows-SSD/Users/sackb/OneDrive/Desktop/University/Course_Work/2025-2026/Spring_2026/ECE_410/ECE410/project/post_m3_Minor_Redesign/tb/tb_top.sv Line: 257

Time: 17185 ns Started: 17175 ns Scope: /tb_top/u_mon File: /run/media/sackb/Windows-SSD/Users/sackb/OneDrive/Desktop/University/Course_Work/2025-2026/Spring_2026/ECE_410/ECE410/project/post_m3_Minor_Redesign/tb/tb_top.sv Line:256
Error: AXI MONITOR: core_C changed while core is idle
Time: 17185 ns  Iteration: 0  Process: /tb_top/u_mon//tb_top/u_mon  Scope: tb_top.u_mon  File: /run/media/sackb/Windows-SSD/Users/sackb/OneDrive/Desktop/University/Course_Work/2025-2026/Spring_2026/ECE_410/ECE410/project/post_m3_Minor_Redesign/tb/tb_top.sv Line: 257

Time: 17195 ns Started: 17185 ns Scope: /tb_top/u_mon File: /run/media/sackb/Windows-SSD/Users/sackb/OneDrive/Desktop/University/Course_Work/2025-2026/Spring_2026/ECE_410/ECE410/project/post_m3_Minor_Redesign/tb/tb_top.sv Line:256
Error: AXI MONITOR: core_C changed while core is idle
Time: 17195 ns  Iteration: 0  Process: /tb_top/u_mon//tb_top/u_mon  Scope: tb_top.u_mon  File: /run/media/sackb/Windows-SSD/Users/sackb/OneDrive/Desktop/University/Course_Work/2025-2026/Spring_2026/ECE_410/ECE410/project/post_m3_Minor_Redesign/tb/tb_top.sv Line: 257

Time: 17205 ns Started: 17195 ns Scope: /tb_top/u_mon File: /run/media/sackb/Windows-SSD/Users/sackb/OneDrive/Desktop/University/Course_Work/2025-2026/Spring_2026/ECE_410/ECE410/project/post_m3_Minor_Redesign/tb/tb_top.sv Line:256
Error: AXI MONITOR: core_C changed while core is idle
Time: 17205 ns  Iteration: 0  Process: /tb_top/u_mon//tb_top/u_mon  Scope: tb_top.u_mon  File: /run/media/sackb/Windows-SSD/Users/sackb/OneDrive/Desktop/University/Course_Work/2025-2026/Spring_2026/ECE_410/ECE410/project/post_m3_Minor_Redesign/tb/tb_top.sv Line: 257

Time: 17215 ns Started: 17205 ns Scope: /tb_top/u_mon File: /run/media/sackb/Windows-SSD/Users/sackb/OneDrive/Desktop/University/Course_Work/2025-2026/Spring_2026/ECE_410/ECE410/project/post_m3_Minor_Redesign/tb/tb_top.sv Line:256
Error: AXI MONITOR: core_C changed while core is idle
Time: 17215 ns  Iteration: 0  Process: /tb_top/u_mon//tb_top/u_mon  Scope: tb_top.u_mon  File: /run/media/sackb/Windows-SSD/Users/sackb/OneDrive/Desktop/University/Course_Work/2025-2026/Spring_2026/ECE_410/ECE410/project/post_m3_Minor_Redesign/tb/tb_top.sv Line: 257

Time: 17225 ns Started: 17215 ns Scope: /tb_top/u_mon File: /run/media/sackb/Windows-SSD/Users/sackb/OneDrive/Desktop/University/Course_Work/2025-2026/Spring_2026/ECE_410/ECE410/project/post_m3_Minor_Redesign/tb/tb_top.sv Line:256
Error: AXI MONITOR: core_C changed while core is idle
Time: 17225 ns  Iteration: 0  Process: /tb_top/u_mon//tb_top/u_mon  Scope: tb_top.u_mon  File: /run/media/sackb/Windows-SSD/Users/sackb/OneDrive/Desktop/University/Course_Work/2025-2026/Spring_2026/ECE_410/ECE410/project/post_m3_Minor_Redesign/tb/tb_top.sv Line: 257

Time: 17235 ns Started: 17225 ns Scope: /tb_top/u_mon File: /run/media/sackb/Windows-SSD/Users/sackb/OneDrive/Desktop/University/Course_Work/2025-2026/Spring_2026/ECE_410/ECE410/project/post_m3_Minor_Redesign/tb/tb_top.sv Line:256
Error: AXI MONITOR: core_C changed while core is idle
Time: 17235 ns  Iteration: 0  Process: /tb_top/u_mon//tb_top/u_mon  Scope: tb_top.u_mon  File: /run/media/sackb/Windows-SSD/Users/sackb/OneDrive/Desktop/University/Course_Work/2025-2026/Spring_2026/ECE_410/ECE410/project/post_m3_Minor_Redesign/tb/tb_top.sv Line: 257

Time: 17245 ns Started: 17235 ns Scope: /tb_top/u_mon File: /run/media/sackb/Windows-SSD/Users/sackb/OneDrive/Desktop/University/Course_Work/2025-2026/Spring_2026/ECE_410/ECE410/project/post_m3_Minor_Redesign/tb/tb_top.sv Line:256
Error: AXI MONITOR: core_C changed while core is idle
Time: 17245 ns  Iteration: 0  Process: /tb_top/u_mon//tb_top/u_mon  Scope: tb_top.u_mon  File: /run/media/sackb/Windows-SSD/Users/sackb/OneDrive/Desktop/University/Course_Work/2025-2026/Spring_2026/ECE_410/ECE410/project/post_m3_Minor_Redesign/tb/tb_top.sv Line: 257

Time: 17255 ns Started: 17245 ns Scope: /tb_top/u_mon File: /run/media/sackb/Windows-SSD/Users/sackb/OneDrive/Desktop/University/Course_Work/2025-2026/Spring_2026/ECE_410/ECE410/project/post_m3_Minor_Redesign/tb/tb_top.sv Line:256
Error: AXI MONITOR: core_C changed while core is idle
Time: 17255 ns  Iteration: 0  Process: /tb_top/u_mon//tb_top/u_mon  Scope: tb_top.u_mon  File: /run/media/sackb/Windows-SSD/Users/sackb/OneDrive/Desktop/University/Course_Work/2025-2026/Spring_2026/ECE_410/ECE410/project/post_m3_Minor_Redesign/tb/tb_top.sv Line: 257

Time: 17265 ns Started: 17255 ns Scope: /tb_top/u_mon File: /run/media/sackb/Windows-SSD/Users/sackb/OneDrive/Desktop/University/Course_Work/2025-2026/Spring_2026/ECE_410/ECE410/project/post_m3_Minor_Redesign/tb/tb_top.sv Line:256
Error: AXI MONITOR: core_C changed while core is idle
Time: 17265 ns  Iteration: 0  Process: /tb_top/u_mon//tb_top/u_mon  Scope: tb_top.u_mon  File: /run/media/sackb/Windows-SSD/Users/sackb/OneDrive/Desktop/University/Course_Work/2025-2026/Spring_2026/ECE_410/ECE410/project/post_m3_Minor_Redesign/tb/tb_top.sv Line: 257

Time: 17275 ns Started: 17265 ns Scope: /tb_top/u_mon File: /run/media/sackb/Windows-SSD/Users/sackb/OneDrive/Desktop/University/Course_Work/2025-2026/Spring_2026/ECE_410/ECE410/project/post_m3_Minor_Redesign/tb/tb_top.sv Line:256
Error: AXI MONITOR: core_C changed while core is idle
Time: 17275 ns  Iteration: 0  Process: /tb_top/u_mon//tb_top/u_mon  Scope: tb_top.u_mon  File: /run/media/sackb/Windows-SSD/Users/sackb/OneDrive/Desktop/University/Course_Work/2025-2026/Spring_2026/ECE_410/ECE410/project/post_m3_Minor_Redesign/tb/tb_top.sv Line: 257

Time: 17285 ns Started: 17275 ns Scope: /tb_top/u_mon File: /run/media/sackb/Windows-SSD/Users/sackb/OneDrive/Desktop/University/Course_Work/2025-2026/Spring_2026/ECE_410/ECE410/project/post_m3_Minor_Redesign/tb/tb_top.sv Line:256
Error: AXI MONITOR: core_C changed while core is idle
Time: 17285 ns  Iteration: 0  Process: /tb_top/u_mon//tb_top/u_mon  Scope: tb_top.u_mon  File: /run/media/sackb/Windows-SSD/Users/sackb/OneDrive/Desktop/University/Course_Work/2025-2026/Spring_2026/ECE_410/ECE410/project/post_m3_Minor_Redesign/tb/tb_top.sv Line: 257

Time: 17295 ns Started: 17285 ns Scope: /tb_top/u_mon File: /run/media/sackb/Windows-SSD/Users/sackb/OneDrive/Desktop/University/Course_Work/2025-2026/Spring_2026/ECE_410/ECE410/project/post_m3_Minor_Redesign/tb/tb_top.sv Line:256
Error: AXI MONITOR: core_C changed while core is idle
Time: 17295 ns  Iteration: 0  Process: /tb_top/u_mon//tb_top/u_mon  Scope: tb_top.u_mon  File: /run/media/sackb/Windows-SSD/Users/sackb/OneDrive/Desktop/University/Course_Work/2025-2026/Spring_2026/ECE_410/ECE410/project/post_m3_Minor_Redesign/tb/tb_top.sv Line: 257

Time: 17305 ns Started: 17295 ns Scope: /tb_top/u_mon File: /run/media/sackb/Windows-SSD/Users/sackb/OneDrive/Desktop/University/Course_Work/2025-2026/Spring_2026/ECE_410/ECE410/project/post_m3_Minor_Redesign/tb/tb_top.sv Line:256
Error: AXI MONITOR: core_C changed while core is idle
Time: 17305 ns  Iteration: 0  Process: /tb_top/u_mon//tb_top/u_mon  Scope: tb_top.u_mon  File: /run/media/sackb/Windows-SSD/Users/sackb/OneDrive/Desktop/University/Course_Work/2025-2026/Spring_2026/ECE_410/ECE410/project/post_m3_Minor_Redesign/tb/tb_top.sv Line: 257

Time: 17315 ns Started: 17305 ns Scope: /tb_top/u_mon File: /run/media/sackb/Windows-SSD/Users/sackb/OneDrive/Desktop/University/Course_Work/2025-2026/Spring_2026/ECE_410/ECE410/project/post_m3_Minor_Redesign/tb/tb_top.sv Line:256
Error: AXI MONITOR: core_C changed while core is idle
Time: 17315 ns  Iteration: 0  Process: /tb_top/u_mon//tb_top/u_mon  Scope: tb_top.u_mon  File: /run/media/sackb/Windows-SSD/Users/sackb/OneDrive/Desktop/University/Course_Work/2025-2026/Spring_2026/ECE_410/ECE410/project/post_m3_Minor_Redesign/tb/tb_top.sv Line: 257

Time: 17325 ns Started: 17315 ns Scope: /tb_top/u_mon File: /run/media/sackb/Windows-SSD/Users/sackb/OneDrive/Desktop/University/Course_Work/2025-2026/Spring_2026/ECE_410/ECE410/project/post_m3_Minor_Redesign/tb/tb_top.sv Line:256
Error: AXI MONITOR: core_C changed while core is idle
Time: 17325 ns  Iteration: 0  Process: /tb_top/u_mon//tb_top/u_mon  Scope: tb_top.u_mon  File: /run/media/sackb/Windows-SSD/Users/sackb/OneDrive/Desktop/University/Course_Work/2025-2026/Spring_2026/ECE_410/ECE410/project/post_m3_Minor_Redesign/tb/tb_top.sv Line: 257

Time: 17335 ns Started: 17325 ns Scope: /tb_top/u_mon File: /run/media/sackb/Windows-SSD/Users/sackb/OneDrive/Desktop/University/Course_Work/2025-2026/Spring_2026/ECE_410/ECE410/project/post_m3_Minor_Redesign/tb/tb_top.sv Line:256
Error: AXI MONITOR: core_C changed while core is idle
Time: 17335 ns  Iteration: 0  Process: /tb_top/u_mon//tb_top/u_mon  Scope: tb_top.u_mon  File: /run/media/sackb/Windows-SSD/Users/sackb/OneDrive/Desktop/University/Course_Work/2025-2026/Spring_2026/ECE_410/ECE410/project/post_m3_Minor_Redesign/tb/tb_top.sv Line: 257

Time: 17345 ns Started: 17335 ns Scope: /tb_top/u_mon File: /run/media/sackb/Windows-SSD/Users/sackb/OneDrive/Desktop/University/Course_Work/2025-2026/Spring_2026/ECE_410/ECE410/project/post_m3_Minor_Redesign/tb/tb_top.sv Line:256
Error: AXI MONITOR: core_C changed while core is idle
Time: 17345 ns  Iteration: 0  Process: /tb_top/u_mon//tb_top/u_mon  Scope: tb_top.u_mon  File: /run/media/sackb/Windows-SSD/Users/sackb/OneDrive/Desktop/University/Course_Work/2025-2026/Spring_2026/ECE_410/ECE410/project/post_m3_Minor_Redesign/tb/tb_top.sv Line: 257

Time: 17355 ns Started: 17345 ns Scope: /tb_top/u_mon File: /run/media/sackb/Windows-SSD/Users/sackb/OneDrive/Desktop/University/Course_Work/2025-2026/Spring_2026/ECE_410/ECE410/project/post_m3_Minor_Redesign/tb/tb_top.sv Line:256
Error: AXI MONITOR: core_C changed while core is idle
Time: 17355 ns  Iteration: 0  Process: /tb_top/u_mon//tb_top/u_mon  Scope: tb_top.u_mon  File: /run/media/sackb/Windows-SSD/Users/sackb/OneDrive/Desktop/University/Course_Work/2025-2026/Spring_2026/ECE_410/ECE410/project/post_m3_Minor_Redesign/tb/tb_top.sv Line: 257

Time: 17365 ns Started: 17355 ns Scope: /tb_top/u_mon File: /run/media/sackb/Windows-SSD/Users/sackb/OneDrive/Desktop/University/Course_Work/2025-2026/Spring_2026/ECE_410/ECE410/project/post_m3_Minor_Redesign/tb/tb_top.sv Line:256
Error: AXI MONITOR: core_C changed while core is idle
Time: 17365 ns  Iteration: 0  Process: /tb_top/u_mon//tb_top/u_mon  Scope: tb_top.u_mon  File: /run/media/sackb/Windows-SSD/Users/sackb/OneDrive/Desktop/University/Course_Work/2025-2026/Spring_2026/ECE_410/ECE410/project/post_m3_Minor_Redesign/tb/tb_top.sv Line: 257

Time: 17375 ns Started: 17365 ns Scope: /tb_top/u_mon File: /run/media/sackb/Windows-SSD/Users/sackb/OneDrive/Desktop/University/Course_Work/2025-2026/Spring_2026/ECE_410/ECE410/project/post_m3_Minor_Redesign/tb/tb_top.sv Line:256
Error: AXI MONITOR: core_C changed while core is idle
Time: 17375 ns  Iteration: 0  Process: /tb_top/u_mon//tb_top/u_mon  Scope: tb_top.u_mon  File: /run/media/sackb/Windows-SSD/Users/sackb/OneDrive/Desktop/University/Course_Work/2025-2026/Spring_2026/ECE_410/ECE410/project/post_m3_Minor_Redesign/tb/tb_top.sv Line: 257

Time: 17385 ns Started: 17375 ns Scope: /tb_top/u_mon File: /run/media/sackb/Windows-SSD/Users/sackb/OneDrive/Desktop/University/Course_Work/2025-2026/Spring_2026/ECE_410/ECE410/project/post_m3_Minor_Redesign/tb/tb_top.sv Line:256
Error: AXI MONITOR: core_C changed while core is idle
Time: 17385 ns  Iteration: 0  Process: /tb_top/u_mon//tb_top/u_mon  Scope: tb_top.u_mon  File: /run/media/sackb/Windows-SSD/Users/sackb/OneDrive/Desktop/University/Course_Work/2025-2026/Spring_2026/ECE_410/ECE410/project/post_m3_Minor_Redesign/tb/tb_top.sv Line: 257

Time: 17395 ns Started: 17385 ns Scope: /tb_top/u_mon File: /run/media/sackb/Windows-SSD/Users/sackb/OneDrive/Desktop/University/Course_Work/2025-2026/Spring_2026/ECE_410/ECE410/project/post_m3_Minor_Redesign/tb/tb_top.sv Line:256
Error: AXI MONITOR: core_C changed while core is idle
Time: 17395 ns  Iteration: 0  Process: /tb_top/u_mon//tb_top/u_mon  Scope: tb_top.u_mon  File: /run/media/sackb/Windows-SSD/Users/sackb/OneDrive/Desktop/University/Course_Work/2025-2026/Spring_2026/ECE_410/ECE410/project/post_m3_Minor_Redesign/tb/tb_top.sv Line: 257

Time: 17405 ns Started: 17395 ns Scope: /tb_top/u_mon File: /run/media/sackb/Windows-SSD/Users/sackb/OneDrive/Desktop/University/Course_Work/2025-2026/Spring_2026/ECE_410/ECE410/project/post_m3_Minor_Redesign/tb/tb_top.sv Line:256
Error: AXI MONITOR: core_C changed while core is idle
Time: 17405 ns  Iteration: 0  Process: /tb_top/u_mon//tb_top/u_mon  Scope: tb_top.u_mon  File: /run/media/sackb/Windows-SSD/Users/sackb/OneDrive/Desktop/University/Course_Work/2025-2026/Spring_2026/ECE_410/ECE410/project/post_m3_Minor_Redesign/tb/tb_top.sv Line: 257

Time: 17415 ns Started: 17405 ns Scope: /tb_top/u_mon File: /run/media/sackb/Windows-SSD/Users/sackb/OneDrive/Desktop/University/Course_Work/2025-2026/Spring_2026/ECE_410/ECE410/project/post_m3_Minor_Redesign/tb/tb_top.sv Line:256
Error: AXI MONITOR: core_C changed while core is idle
Time: 17415 ns  Iteration: 0  Process: /tb_top/u_mon//tb_top/u_mon  Scope: tb_top.u_mon  File: /run/media/sackb/Windows-SSD/Users/sackb/OneDrive/Desktop/University/Course_Work/2025-2026/Spring_2026/ECE_410/ECE410/project/post_m3_Minor_Redesign/tb/tb_top.sv Line: 257

Time: 17425 ns Started: 17415 ns Scope: /tb_top/u_mon File: /run/media/sackb/Windows-SSD/Users/sackb/OneDrive/Desktop/University/Course_Work/2025-2026/Spring_2026/ECE_410/ECE410/project/post_m3_Minor_Redesign/tb/tb_top.sv Line:256
Error: AXI MONITOR: core_C changed while core is idle
Time: 17425 ns  Iteration: 0  Process: /tb_top/u_mon//tb_top/u_mon  Scope: tb_top.u_mon  File: /run/media/sackb/Windows-SSD/Users/sackb/OneDrive/Desktop/University/Course_Work/2025-2026/Spring_2026/ECE_410/ECE410/project/post_m3_Minor_Redesign/tb/tb_top.sv Line: 257

Time: 17435 ns Started: 17425 ns Scope: /tb_top/u_mon File: /run/media/sackb/Windows-SSD/Users/sackb/OneDrive/Desktop/University/Course_Work/2025-2026/Spring_2026/ECE_410/ECE410/project/post_m3_Minor_Redesign/tb/tb_top.sv Line:256
Error: AXI MONITOR: core_C changed while core is idle
Time: 17435 ns  Iteration: 0  Process: /tb_top/u_mon//tb_top/u_mon  Scope: tb_top.u_mon  File: /run/media/sackb/Windows-SSD/Users/sackb/OneDrive/Desktop/University/Course_Work/2025-2026/Spring_2026/ECE_410/ECE410/project/post_m3_Minor_Redesign/tb/tb_top.sv Line: 257

Time: 17445 ns Started: 17435 ns Scope: /tb_top/u_mon File: /run/media/sackb/Windows-SSD/Users/sackb/OneDrive/Desktop/University/Course_Work/2025-2026/Spring_2026/ECE_410/ECE410/project/post_m3_Minor_Redesign/tb/tb_top.sv Line:256
Error: AXI MONITOR: core_C changed while core is idle
Time: 17445 ns  Iteration: 0  Process: /tb_top/u_mon//tb_top/u_mon  Scope: tb_top.u_mon  File: /run/media/sackb/Windows-SSD/Users/sackb/OneDrive/Desktop/University/Course_Work/2025-2026/Spring_2026/ECE_410/ECE410/project/post_m3_Minor_Redesign/tb/tb_top.sv Line: 257

Time: 17455 ns Started: 17445 ns Scope: /tb_top/u_mon File: /run/media/sackb/Windows-SSD/Users/sackb/OneDrive/Desktop/University/Course_Work/2025-2026/Spring_2026/ECE_410/ECE410/project/post_m3_Minor_Redesign/tb/tb_top.sv Line:256
Error: AXI MONITOR: core_C changed while core is idle
Time: 17455 ns  Iteration: 0  Process: /tb_top/u_mon//tb_top/u_mon  Scope: tb_top.u_mon  File: /run/media/sackb/Windows-SSD/Users/sackb/OneDrive/Desktop/University/Course_Work/2025-2026/Spring_2026/ECE_410/ECE410/project/post_m3_Minor_Redesign/tb/tb_top.sv Line: 257

Time: 17465 ns Started: 17455 ns Scope: /tb_top/u_mon File: /run/media/sackb/Windows-SSD/Users/sackb/OneDrive/Desktop/University/Course_Work/2025-2026/Spring_2026/ECE_410/ECE410/project/post_m3_Minor_Redesign/tb/tb_top.sv Line:256
Error: AXI MONITOR: core_C changed while core is idle
Time: 17465 ns  Iteration: 0  Process: /tb_top/u_mon//tb_top/u_mon  Scope: tb_top.u_mon  File: /run/media/sackb/Windows-SSD/Users/sackb/OneDrive/Desktop/University/Course_Work/2025-2026/Spring_2026/ECE_410/ECE410/project/post_m3_Minor_Redesign/tb/tb_top.sv Line: 257

Time: 17475 ns Started: 17465 ns Scope: /tb_top/u_mon File: /run/media/sackb/Windows-SSD/Users/sackb/OneDrive/Desktop/University/Course_Work/2025-2026/Spring_2026/ECE_410/ECE410/project/post_m3_Minor_Redesign/tb/tb_top.sv Line:256
Error: AXI MONITOR: core_C changed while core is idle
Time: 17475 ns  Iteration: 0  Process: /tb_top/u_mon//tb_top/u_mon  Scope: tb_top.u_mon  File: /run/media/sackb/Windows-SSD/Users/sackb/OneDrive/Desktop/University/Course_Work/2025-2026/Spring_2026/ECE_410/ECE410/project/post_m3_Minor_Redesign/tb/tb_top.sv Line: 257

Time: 17485 ns Started: 17475 ns Scope: /tb_top/u_mon File: /run/media/sackb/Windows-SSD/Users/sackb/OneDrive/Desktop/University/Course_Work/2025-2026/Spring_2026/ECE_410/ECE410/project/post_m3_Minor_Redesign/tb/tb_top.sv Line:256
Error: AXI MONITOR: core_C changed while core is idle
Time: 17485 ns  Iteration: 0  Process: /tb_top/u_mon//tb_top/u_mon  Scope: tb_top.u_mon  File: /run/media/sackb/Windows-SSD/Users/sackb/OneDrive/Desktop/University/Course_Work/2025-2026/Spring_2026/ECE_410/ECE410/project/post_m3_Minor_Redesign/tb/tb_top.sv Line: 257

Time: 17495 ns Started: 17485 ns Scope: /tb_top/u_mon File: /run/media/sackb/Windows-SSD/Users/sackb/OneDrive/Desktop/University/Course_Work/2025-2026/Spring_2026/ECE_410/ECE410/project/post_m3_Minor_Redesign/tb/tb_top.sv Line:256
Error: AXI MONITOR: core_C changed while core is idle
Time: 17495 ns  Iteration: 0  Process: /tb_top/u_mon//tb_top/u_mon  Scope: tb_top.u_mon  File: /run/media/sackb/Windows-SSD/Users/sackb/OneDrive/Desktop/University/Course_Work/2025-2026/Spring_2026/ECE_410/ECE410/project/post_m3_Minor_Redesign/tb/tb_top.sv Line: 257

Time: 17505 ns Started: 17495 ns Scope: /tb_top/u_mon File: /run/media/sackb/Windows-SSD/Users/sackb/OneDrive/Desktop/University/Course_Work/2025-2026/Spring_2026/ECE_410/ECE410/project/post_m3_Minor_Redesign/tb/tb_top.sv Line:256
Error: AXI MONITOR: core_C changed while core is idle
Time: 17505 ns  Iteration: 0  Process: /tb_top/u_mon//tb_top/u_mon  Scope: tb_top.u_mon  File: /run/media/sackb/Windows-SSD/Users/sackb/OneDrive/Desktop/University/Course_Work/2025-2026/Spring_2026/ECE_410/ECE410/project/post_m3_Minor_Redesign/tb/tb_top.sv Line: 257

Time: 17515 ns Started: 17505 ns Scope: /tb_top/u_mon File: /run/media/sackb/Windows-SSD/Users/sackb/OneDrive/Desktop/University/Course_Work/2025-2026/Spring_2026/ECE_410/ECE410/project/post_m3_Minor_Redesign/tb/tb_top.sv Line:256
Error: AXI MONITOR: core_C changed while core is idle
Time: 17515 ns  Iteration: 0  Process: /tb_top/u_mon//tb_top/u_mon  Scope: tb_top.u_mon  File: /run/media/sackb/Windows-SSD/Users/sackb/OneDrive/Desktop/University/Course_Work/2025-2026/Spring_2026/ECE_410/ECE410/project/post_m3_Minor_Redesign/tb/tb_top.sv Line: 257

Time: 17525 ns Started: 17515 ns Scope: /tb_top/u_mon File: /run/media/sackb/Windows-SSD/Users/sackb/OneDrive/Desktop/University/Course_Work/2025-2026/Spring_2026/ECE_410/ECE410/project/post_m3_Minor_Redesign/tb/tb_top.sv Line:256
Error: AXI MONITOR: core_C changed while core is idle
Time: 17525 ns  Iteration: 0  Process: /tb_top/u_mon//tb_top/u_mon  Scope: tb_top.u_mon  File: /run/media/sackb/Windows-SSD/Users/sackb/OneDrive/Desktop/University/Course_Work/2025-2026/Spring_2026/ECE_410/ECE410/project/post_m3_Minor_Redesign/tb/tb_top.sv Line: 257

Time: 17535 ns Started: 17525 ns Scope: /tb_top/u_mon File: /run/media/sackb/Windows-SSD/Users/sackb/OneDrive/Desktop/University/Course_Work/2025-2026/Spring_2026/ECE_410/ECE410/project/post_m3_Minor_Redesign/tb/tb_top.sv Line:256
Error: AXI MONITOR: core_C changed while core is idle
Time: 17535 ns  Iteration: 0  Process: /tb_top/u_mon//tb_top/u_mon  Scope: tb_top.u_mon  File: /run/media/sackb/Windows-SSD/Users/sackb/OneDrive/Desktop/University/Course_Work/2025-2026/Spring_2026/ECE_410/ECE410/project/post_m3_Minor_Redesign/tb/tb_top.sv Line: 257

Time: 17545 ns Started: 17535 ns Scope: /tb_top/u_mon File: /run/media/sackb/Windows-SSD/Users/sackb/OneDrive/Desktop/University/Course_Work/2025-2026/Spring_2026/ECE_410/ECE410/project/post_m3_Minor_Redesign/tb/tb_top.sv Line:256
Error: AXI MONITOR: core_C changed while core is idle
Time: 17545 ns  Iteration: 0  Process: /tb_top/u_mon//tb_top/u_mon  Scope: tb_top.u_mon  File: /run/media/sackb/Windows-SSD/Users/sackb/OneDrive/Desktop/University/Course_Work/2025-2026/Spring_2026/ECE_410/ECE410/project/post_m3_Minor_Redesign/tb/tb_top.sv Line: 257

Time: 17555 ns Started: 17545 ns Scope: /tb_top/u_mon File: /run/media/sackb/Windows-SSD/Users/sackb/OneDrive/Desktop/University/Course_Work/2025-2026/Spring_2026/ECE_410/ECE410/project/post_m3_Minor_Redesign/tb/tb_top.sv Line:256
Error: AXI MONITOR: core_C changed while core is idle
Time: 17555 ns  Iteration: 0  Process: /tb_top/u_mon//tb_top/u_mon  Scope: tb_top.u_mon  File: /run/media/sackb/Windows-SSD/Users/sackb/OneDrive/Desktop/University/Course_Work/2025-2026/Spring_2026/ECE_410/ECE410/project/post_m3_Minor_Redesign/tb/tb_top.sv Line: 257

Time: 17565 ns Started: 17555 ns Scope: /tb_top/u_mon File: /run/media/sackb/Windows-SSD/Users/sackb/OneDrive/Desktop/University/Course_Work/2025-2026/Spring_2026/ECE_410/ECE410/project/post_m3_Minor_Redesign/tb/tb_top.sv Line:256
Error: AXI MONITOR: core_C changed while core is idle
Time: 17565 ns  Iteration: 0  Process: /tb_top/u_mon//tb_top/u_mon  Scope: tb_top.u_mon  File: /run/media/sackb/Windows-SSD/Users/sackb/OneDrive/Desktop/University/Course_Work/2025-2026/Spring_2026/ECE_410/ECE410/project/post_m3_Minor_Redesign/tb/tb_top.sv Line: 257

Time: 17575 ns Started: 17565 ns Scope: /tb_top/u_mon File: /run/media/sackb/Windows-SSD/Users/sackb/OneDrive/Desktop/University/Course_Work/2025-2026/Spring_2026/ECE_410/ECE410/project/post_m3_Minor_Redesign/tb/tb_top.sv Line:256
Error: AXI MONITOR: core_C changed while core is idle
Time: 17575 ns  Iteration: 0  Process: /tb_top/u_mon//tb_top/u_mon  Scope: tb_top.u_mon  File: /run/media/sackb/Windows-SSD/Users/sackb/OneDrive/Desktop/University/Course_Work/2025-2026/Spring_2026/ECE_410/ECE410/project/post_m3_Minor_Redesign/tb/tb_top.sv Line: 257

Time: 17585 ns Started: 17575 ns Scope: /tb_top/u_mon File: /run/media/sackb/Windows-SSD/Users/sackb/OneDrive/Desktop/University/Course_Work/2025-2026/Spring_2026/ECE_410/ECE410/project/post_m3_Minor_Redesign/tb/tb_top.sv Line:256
Error: AXI MONITOR: core_C changed while core is idle
Time: 17585 ns  Iteration: 0  Process: /tb_top/u_mon//tb_top/u_mon  Scope: tb_top.u_mon  File: /run/media/sackb/Windows-SSD/Users/sackb/OneDrive/Desktop/University/Course_Work/2025-2026/Spring_2026/ECE_410/ECE410/project/post_m3_Minor_Redesign/tb/tb_top.sv Line: 257

Time: 17595 ns Started: 17585 ns Scope: /tb_top/u_mon File: /run/media/sackb/Windows-SSD/Users/sackb/OneDrive/Desktop/University/Course_Work/2025-2026/Spring_2026/ECE_410/ECE410/project/post_m3_Minor_Redesign/tb/tb_top.sv Line:256
Error: AXI MONITOR: core_C changed while core is idle
Time: 17595 ns  Iteration: 0  Process: /tb_top/u_mon//tb_top/u_mon  Scope: tb_top.u_mon  File: /run/media/sackb/Windows-SSD/Users/sackb/OneDrive/Desktop/University/Course_Work/2025-2026/Spring_2026/ECE_410/ECE410/project/post_m3_Minor_Redesign/tb/tb_top.sv Line: 257

Time: 17605 ns Started: 17595 ns Scope: /tb_top/u_mon File: /run/media/sackb/Windows-SSD/Users/sackb/OneDrive/Desktop/University/Course_Work/2025-2026/Spring_2026/ECE_410/ECE410/project/post_m3_Minor_Redesign/tb/tb_top.sv Line:256
Error: AXI MONITOR: core_C changed while core is idle
Time: 17605 ns  Iteration: 0  Process: /tb_top/u_mon//tb_top/u_mon  Scope: tb_top.u_mon  File: /run/media/sackb/Windows-SSD/Users/sackb/OneDrive/Desktop/University/Course_Work/2025-2026/Spring_2026/ECE_410/ECE410/project/post_m3_Minor_Redesign/tb/tb_top.sv Line: 257

Time: 17615 ns Started: 17605 ns Scope: /tb_top/u_mon File: /run/media/sackb/Windows-SSD/Users/sackb/OneDrive/Desktop/University/Course_Work/2025-2026/Spring_2026/ECE_410/ECE410/project/post_m3_Minor_Redesign/tb/tb_top.sv Line:256
Error: AXI MONITOR: core_C changed while core is idle
Time: 17615 ns  Iteration: 0  Process: /tb_top/u_mon//tb_top/u_mon  Scope: tb_top.u_mon  File: /run/media/sackb/Windows-SSD/Users/sackb/OneDrive/Desktop/University/Course_Work/2025-2026/Spring_2026/ECE_410/ECE410/project/post_m3_Minor_Redesign/tb/tb_top.sv Line: 257

Time: 17625 ns Started: 17615 ns Scope: /tb_top/u_mon File: /run/media/sackb/Windows-SSD/Users/sackb/OneDrive/Desktop/University/Course_Work/2025-2026/Spring_2026/ECE_410/ECE410/project/post_m3_Minor_Redesign/tb/tb_top.sv Line:256
Error: AXI MONITOR: core_C changed while core is idle
Time: 17625 ns  Iteration: 0  Process: /tb_top/u_mon//tb_top/u_mon  Scope: tb_top.u_mon  File: /run/media/sackb/Windows-SSD/Users/sackb/OneDrive/Desktop/University/Course_Work/2025-2026/Spring_2026/ECE_410/ECE410/project/post_m3_Minor_Redesign/tb/tb_top.sv Line: 257

Time: 17635 ns Started: 17625 ns Scope: /tb_top/u_mon File: /run/media/sackb/Windows-SSD/Users/sackb/OneDrive/Desktop/University/Course_Work/2025-2026/Spring_2026/ECE_410/ECE410/project/post_m3_Minor_Redesign/tb/tb_top.sv Line:256
Error: AXI MONITOR: core_C changed while core is idle
Time: 17635 ns  Iteration: 0  Process: /tb_top/u_mon//tb_top/u_mon  Scope: tb_top.u_mon  File: /run/media/sackb/Windows-SSD/Users/sackb/OneDrive/Desktop/University/Course_Work/2025-2026/Spring_2026/ECE_410/ECE410/project/post_m3_Minor_Redesign/tb/tb_top.sv Line: 257

Time: 17645 ns Started: 17635 ns Scope: /tb_top/u_mon File: /run/media/sackb/Windows-SSD/Users/sackb/OneDrive/Desktop/University/Course_Work/2025-2026/Spring_2026/ECE_410/ECE410/project/post_m3_Minor_Redesign/tb/tb_top.sv Line:256
Error: AXI MONITOR: core_C changed while core is idle
Time: 17645 ns  Iteration: 0  Process: /tb_top/u_mon//tb_top/u_mon  Scope: tb_top.u_mon  File: /run/media/sackb/Windows-SSD/Users/sackb/OneDrive/Desktop/University/Course_Work/2025-2026/Spring_2026/ECE_410/ECE410/project/post_m3_Minor_Redesign/tb/tb_top.sv Line: 257

Time: 17655 ns Started: 17645 ns Scope: /tb_top/u_mon File: /run/media/sackb/Windows-SSD/Users/sackb/OneDrive/Desktop/University/Course_Work/2025-2026/Spring_2026/ECE_410/ECE410/project/post_m3_Minor_Redesign/tb/tb_top.sv Line:256
Error: AXI MONITOR: core_C changed while core is idle
Time: 17655 ns  Iteration: 0  Process: /tb_top/u_mon//tb_top/u_mon  Scope: tb_top.u_mon  File: /run/media/sackb/Windows-SSD/Users/sackb/OneDrive/Desktop/University/Course_Work/2025-2026/Spring_2026/ECE_410/ECE410/project/post_m3_Minor_Redesign/tb/tb_top.sv Line: 257

Time: 17665 ns Started: 17655 ns Scope: /tb_top/u_mon File: /run/media/sackb/Windows-SSD/Users/sackb/OneDrive/Desktop/University/Course_Work/2025-2026/Spring_2026/ECE_410/ECE410/project/post_m3_Minor_Redesign/tb/tb_top.sv Line:256
Error: AXI MONITOR: core_C changed while core is idle
Time: 17665 ns  Iteration: 0  Process: /tb_top/u_mon//tb_top/u_mon  Scope: tb_top.u_mon  File: /run/media/sackb/Windows-SSD/Users/sackb/OneDrive/Desktop/University/Course_Work/2025-2026/Spring_2026/ECE_410/ECE410/project/post_m3_Minor_Redesign/tb/tb_top.sv Line: 257

Time: 17675 ns Started: 17665 ns Scope: /tb_top/u_mon File: /run/media/sackb/Windows-SSD/Users/sackb/OneDrive/Desktop/University/Course_Work/2025-2026/Spring_2026/ECE_410/ECE410/project/post_m3_Minor_Redesign/tb/tb_top.sv Line:256
Error: AXI MONITOR: core_C changed while core is idle
Time: 17675 ns  Iteration: 0  Process: /tb_top/u_mon//tb_top/u_mon  Scope: tb_top.u_mon  File: /run/media/sackb/Windows-SSD/Users/sackb/OneDrive/Desktop/University/Course_Work/2025-2026/Spring_2026/ECE_410/ECE410/project/post_m3_Minor_Redesign/tb/tb_top.sv Line: 257

Time: 17685 ns Started: 17675 ns Scope: /tb_top/u_mon File: /run/media/sackb/Windows-SSD/Users/sackb/OneDrive/Desktop/University/Course_Work/2025-2026/Spring_2026/ECE_410/ECE410/project/post_m3_Minor_Redesign/tb/tb_top.sv Line:256
Error: AXI MONITOR: core_C changed while core is idle
Time: 17685 ns  Iteration: 0  Process: /tb_top/u_mon//tb_top/u_mon  Scope: tb_top.u_mon  File: /run/media/sackb/Windows-SSD/Users/sackb/OneDrive/Desktop/University/Course_Work/2025-2026/Spring_2026/ECE_410/ECE410/project/post_m3_Minor_Redesign/tb/tb_top.sv Line: 257

Time: 17695 ns Started: 17685 ns Scope: /tb_top/u_mon File: /run/media/sackb/Windows-SSD/Users/sackb/OneDrive/Desktop/University/Course_Work/2025-2026/Spring_2026/ECE_410/ECE410/project/post_m3_Minor_Redesign/tb/tb_top.sv Line:256
Error: AXI MONITOR: core_C changed while core is idle
Time: 17695 ns  Iteration: 0  Process: /tb_top/u_mon//tb_top/u_mon  Scope: tb_top.u_mon  File: /run/media/sackb/Windows-SSD/Users/sackb/OneDrive/Desktop/University/Course_Work/2025-2026/Spring_2026/ECE_410/ECE410/project/post_m3_Minor_Redesign/tb/tb_top.sv Line: 257

Time: 17705 ns Started: 17695 ns Scope: /tb_top/u_mon File: /run/media/sackb/Windows-SSD/Users/sackb/OneDrive/Desktop/University/Course_Work/2025-2026/Spring_2026/ECE_410/ECE410/project/post_m3_Minor_Redesign/tb/tb_top.sv Line:256
Error: AXI MONITOR: core_C changed while core is idle
Time: 17705 ns  Iteration: 0  Process: /tb_top/u_mon//tb_top/u_mon  Scope: tb_top.u_mon  File: /run/media/sackb/Windows-SSD/Users/sackb/OneDrive/Desktop/University/Course_Work/2025-2026/Spring_2026/ECE_410/ECE410/project/post_m3_Minor_Redesign/tb/tb_top.sv Line: 257

Time: 17715 ns Started: 17705 ns Scope: /tb_top/u_mon File: /run/media/sackb/Windows-SSD/Users/sackb/OneDrive/Desktop/University/Course_Work/2025-2026/Spring_2026/ECE_410/ECE410/project/post_m3_Minor_Redesign/tb/tb_top.sv Line:256
Error: AXI MONITOR: core_C changed while core is idle
Time: 17715 ns  Iteration: 0  Process: /tb_top/u_mon//tb_top/u_mon  Scope: tb_top.u_mon  File: /run/media/sackb/Windows-SSD/Users/sackb/OneDrive/Desktop/University/Course_Work/2025-2026/Spring_2026/ECE_410/ECE410/project/post_m3_Minor_Redesign/tb/tb_top.sv Line: 257

Time: 17725 ns Started: 17715 ns Scope: /tb_top/u_mon File: /run/media/sackb/Windows-SSD/Users/sackb/OneDrive/Desktop/University/Course_Work/2025-2026/Spring_2026/ECE_410/ECE410/project/post_m3_Minor_Redesign/tb/tb_top.sv Line:256
Error: AXI MONITOR: core_C changed while core is idle
Time: 17725 ns  Iteration: 0  Process: /tb_top/u_mon//tb_top/u_mon  Scope: tb_top.u_mon  File: /run/media/sackb/Windows-SSD/Users/sackb/OneDrive/Desktop/University/Course_Work/2025-2026/Spring_2026/ECE_410/ECE410/project/post_m3_Minor_Redesign/tb/tb_top.sv Line: 257

Time: 17735 ns Started: 17725 ns Scope: /tb_top/u_mon File: /run/media/sackb/Windows-SSD/Users/sackb/OneDrive/Desktop/University/Course_Work/2025-2026/Spring_2026/ECE_410/ECE410/project/post_m3_Minor_Redesign/tb/tb_top.sv Line:256
Error: AXI MONITOR: core_C changed while core is idle
Time: 17735 ns  Iteration: 0  Process: /tb_top/u_mon//tb_top/u_mon  Scope: tb_top.u_mon  File: /run/media/sackb/Windows-SSD/Users/sackb/OneDrive/Desktop/University/Course_Work/2025-2026/Spring_2026/ECE_410/ECE410/project/post_m3_Minor_Redesign/tb/tb_top.sv Line: 257

Time: 17745 ns Started: 17735 ns Scope: /tb_top/u_mon File: /run/media/sackb/Windows-SSD/Users/sackb/OneDrive/Desktop/University/Course_Work/2025-2026/Spring_2026/ECE_410/ECE410/project/post_m3_Minor_Redesign/tb/tb_top.sv Line:256
Error: AXI MONITOR: core_C changed while core is idle
Time: 17745 ns  Iteration: 0  Process: /tb_top/u_mon//tb_top/u_mon  Scope: tb_top.u_mon  File: /run/media/sackb/Windows-SSD/Users/sackb/OneDrive/Desktop/University/Course_Work/2025-2026/Spring_2026/ECE_410/ECE410/project/post_m3_Minor_Redesign/tb/tb_top.sv Line: 257

Time: 17755 ns Started: 17745 ns Scope: /tb_top/u_mon File: /run/media/sackb/Windows-SSD/Users/sackb/OneDrive/Desktop/University/Course_Work/2025-2026/Spring_2026/ECE_410/ECE410/project/post_m3_Minor_Redesign/tb/tb_top.sv Line:256
Error: AXI MONITOR: core_C changed while core is idle
Time: 17755 ns  Iteration: 0  Process: /tb_top/u_mon//tb_top/u_mon  Scope: tb_top.u_mon  File: /run/media/sackb/Windows-SSD/Users/sackb/OneDrive/Desktop/University/Course_Work/2025-2026/Spring_2026/ECE_410/ECE410/project/post_m3_Minor_Redesign/tb/tb_top.sv Line: 257

Time: 17765 ns Started: 17755 ns Scope: /tb_top/u_mon File: /run/media/sackb/Windows-SSD/Users/sackb/OneDrive/Desktop/University/Course_Work/2025-2026/Spring_2026/ECE_410/ECE410/project/post_m3_Minor_Redesign/tb/tb_top.sv Line:256
Error: AXI MONITOR: core_C changed while core is idle
Time: 17765 ns  Iteration: 0  Process: /tb_top/u_mon//tb_top/u_mon  Scope: tb_top.u_mon  File: /run/media/sackb/Windows-SSD/Users/sackb/OneDrive/Desktop/University/Course_Work/2025-2026/Spring_2026/ECE_410/ECE410/project/post_m3_Minor_Redesign/tb/tb_top.sv Line: 257

Time: 17775 ns Started: 17765 ns Scope: /tb_top/u_mon File: /run/media/sackb/Windows-SSD/Users/sackb/OneDrive/Desktop/University/Course_Work/2025-2026/Spring_2026/ECE_410/ECE410/project/post_m3_Minor_Redesign/tb/tb_top.sv Line:256
Error: AXI MONITOR: core_C changed while core is idle
Time: 17775 ns  Iteration: 0  Process: /tb_top/u_mon//tb_top/u_mon  Scope: tb_top.u_mon  File: /run/media/sackb/Windows-SSD/Users/sackb/OneDrive/Desktop/University/Course_Work/2025-2026/Spring_2026/ECE_410/ECE410/project/post_m3_Minor_Redesign/tb/tb_top.sv Line: 257

Time: 17785 ns Started: 17775 ns Scope: /tb_top/u_mon File: /run/media/sackb/Windows-SSD/Users/sackb/OneDrive/Desktop/University/Course_Work/2025-2026/Spring_2026/ECE_410/ECE410/project/post_m3_Minor_Redesign/tb/tb_top.sv Line:256
Error: AXI MONITOR: core_C changed while core is idle
Time: 17785 ns  Iteration: 0  Process: /tb_top/u_mon//tb_top/u_mon  Scope: tb_top.u_mon  File: /run/media/sackb/Windows-SSD/Users/sackb/OneDrive/Desktop/University/Course_Work/2025-2026/Spring_2026/ECE_410/ECE410/project/post_m3_Minor_Redesign/tb/tb_top.sv Line: 257

Time: 17795 ns Started: 17785 ns Scope: /tb_top/u_mon File: /run/media/sackb/Windows-SSD/Users/sackb/OneDrive/Desktop/University/Course_Work/2025-2026/Spring_2026/ECE_410/ECE410/project/post_m3_Minor_Redesign/tb/tb_top.sv Line:256
Error: AXI MONITOR: core_C changed while core is idle
Time: 17795 ns  Iteration: 0  Process: /tb_top/u_mon//tb_top/u_mon  Scope: tb_top.u_mon  File: /run/media/sackb/Windows-SSD/Users/sackb/OneDrive/Desktop/University/Course_Work/2025-2026/Spring_2026/ECE_410/ECE410/project/post_m3_Minor_Redesign/tb/tb_top.sv Line: 257

Time: 17805 ns Started: 17795 ns Scope: /tb_top/u_mon File: /run/media/sackb/Windows-SSD/Users/sackb/OneDrive/Desktop/University/Course_Work/2025-2026/Spring_2026/ECE_410/ECE410/project/post_m3_Minor_Redesign/tb/tb_top.sv Line:256
Error: AXI MONITOR: core_C changed while core is idle
Time: 17805 ns  Iteration: 0  Process: /tb_top/u_mon//tb_top/u_mon  Scope: tb_top.u_mon  File: /run/media/sackb/Windows-SSD/Users/sackb/OneDrive/Desktop/University/Course_Work/2025-2026/Spring_2026/ECE_410/ECE410/project/post_m3_Minor_Redesign/tb/tb_top.sv Line: 257

Time: 17815 ns Started: 17805 ns Scope: /tb_top/u_mon File: /run/media/sackb/Windows-SSD/Users/sackb/OneDrive/Desktop/University/Course_Work/2025-2026/Spring_2026/ECE_410/ECE410/project/post_m3_Minor_Redesign/tb/tb_top.sv Line:256
Error: AXI MONITOR: core_C changed while core is idle
Time: 17815 ns  Iteration: 0  Process: /tb_top/u_mon//tb_top/u_mon  Scope: tb_top.u_mon  File: /run/media/sackb/Windows-SSD/Users/sackb/OneDrive/Desktop/University/Course_Work/2025-2026/Spring_2026/ECE_410/ECE410/project/post_m3_Minor_Redesign/tb/tb_top.sv Line: 257

Time: 17825 ns Started: 17815 ns Scope: /tb_top/u_mon File: /run/media/sackb/Windows-SSD/Users/sackb/OneDrive/Desktop/University/Course_Work/2025-2026/Spring_2026/ECE_410/ECE410/project/post_m3_Minor_Redesign/tb/tb_top.sv Line:256
Error: AXI MONITOR: core_C changed while core is idle
Time: 17825 ns  Iteration: 0  Process: /tb_top/u_mon//tb_top/u_mon  Scope: tb_top.u_mon  File: /run/media/sackb/Windows-SSD/Users/sackb/OneDrive/Desktop/University/Course_Work/2025-2026/Spring_2026/ECE_410/ECE410/project/post_m3_Minor_Redesign/tb/tb_top.sv Line: 257

Time: 17835 ns Started: 17825 ns Scope: /tb_top/u_mon File: /run/media/sackb/Windows-SSD/Users/sackb/OneDrive/Desktop/University/Course_Work/2025-2026/Spring_2026/ECE_410/ECE410/project/post_m3_Minor_Redesign/tb/tb_top.sv Line:256
Error: AXI MONITOR: core_C changed while core is idle
Time: 17835 ns  Iteration: 0  Process: /tb_top/u_mon//tb_top/u_mon  Scope: tb_top.u_mon  File: /run/media/sackb/Windows-SSD/Users/sackb/OneDrive/Desktop/University/Course_Work/2025-2026/Spring_2026/ECE_410/ECE410/project/post_m3_Minor_Redesign/tb/tb_top.sv Line: 257

Time: 17845 ns Started: 17835 ns Scope: /tb_top/u_mon File: /run/media/sackb/Windows-SSD/Users/sackb/OneDrive/Desktop/University/Course_Work/2025-2026/Spring_2026/ECE_410/ECE410/project/post_m3_Minor_Redesign/tb/tb_top.sv Line:256
Error: AXI MONITOR: core_C changed while core is idle
Time: 17845 ns  Iteration: 0  Process: /tb_top/u_mon//tb_top/u_mon  Scope: tb_top.u_mon  File: /run/media/sackb/Windows-SSD/Users/sackb/OneDrive/Desktop/University/Course_Work/2025-2026/Spring_2026/ECE_410/ECE410/project/post_m3_Minor_Redesign/tb/tb_top.sv Line: 257

Time: 17855 ns Started: 17845 ns Scope: /tb_top/u_mon File: /run/media/sackb/Windows-SSD/Users/sackb/OneDrive/Desktop/University/Course_Work/2025-2026/Spring_2026/ECE_410/ECE410/project/post_m3_Minor_Redesign/tb/tb_top.sv Line:256
Error: AXI MONITOR: core_C changed while core is idle
Time: 17855 ns  Iteration: 0  Process: /tb_top/u_mon//tb_top/u_mon  Scope: tb_top.u_mon  File: /run/media/sackb/Windows-SSD/Users/sackb/OneDrive/Desktop/University/Course_Work/2025-2026/Spring_2026/ECE_410/ECE410/project/post_m3_Minor_Redesign/tb/tb_top.sv Line: 257

Time: 17865 ns Started: 17855 ns Scope: /tb_top/u_mon File: /run/media/sackb/Windows-SSD/Users/sackb/OneDrive/Desktop/University/Course_Work/2025-2026/Spring_2026/ECE_410/ECE410/project/post_m3_Minor_Redesign/tb/tb_top.sv Line:256
Error: AXI MONITOR: core_C changed while core is idle
Time: 17865 ns  Iteration: 0  Process: /tb_top/u_mon//tb_top/u_mon  Scope: tb_top.u_mon  File: /run/media/sackb/Windows-SSD/Users/sackb/OneDrive/Desktop/University/Course_Work/2025-2026/Spring_2026/ECE_410/ECE410/project/post_m3_Minor_Redesign/tb/tb_top.sv Line: 257

Time: 17875 ns Started: 17865 ns Scope: /tb_top/u_mon File: /run/media/sackb/Windows-SSD/Users/sackb/OneDrive/Desktop/University/Course_Work/2025-2026/Spring_2026/ECE_410/ECE410/project/post_m3_Minor_Redesign/tb/tb_top.sv Line:256
Error: AXI MONITOR: core_C changed while core is idle
Time: 17875 ns  Iteration: 0  Process: /tb_top/u_mon//tb_top/u_mon  Scope: tb_top.u_mon  File: /run/media/sackb/Windows-SSD/Users/sackb/OneDrive/Desktop/University/Course_Work/2025-2026/Spring_2026/ECE_410/ECE410/project/post_m3_Minor_Redesign/tb/tb_top.sv Line: 257

Time: 17885 ns Started: 17875 ns Scope: /tb_top/u_mon File: /run/media/sackb/Windows-SSD/Users/sackb/OneDrive/Desktop/University/Course_Work/2025-2026/Spring_2026/ECE_410/ECE410/project/post_m3_Minor_Redesign/tb/tb_top.sv Line:256
Error: AXI MONITOR: core_C changed while core is idle
Time: 17885 ns  Iteration: 0  Process: /tb_top/u_mon//tb_top/u_mon  Scope: tb_top.u_mon  File: /run/media/sackb/Windows-SSD/Users/sackb/OneDrive/Desktop/University/Course_Work/2025-2026/Spring_2026/ECE_410/ECE410/project/post_m3_Minor_Redesign/tb/tb_top.sv Line: 257

Time: 17895 ns Started: 17885 ns Scope: /tb_top/u_mon File: /run/media/sackb/Windows-SSD/Users/sackb/OneDrive/Desktop/University/Course_Work/2025-2026/Spring_2026/ECE_410/ECE410/project/post_m3_Minor_Redesign/tb/tb_top.sv Line:256
Error: AXI MONITOR: core_C changed while core is idle
Time: 17895 ns  Iteration: 0  Process: /tb_top/u_mon//tb_top/u_mon  Scope: tb_top.u_mon  File: /run/media/sackb/Windows-SSD/Users/sackb/OneDrive/Desktop/University/Course_Work/2025-2026/Spring_2026/ECE_410/ECE410/project/post_m3_Minor_Redesign/tb/tb_top.sv Line: 257

Time: 18635 ns Started: 18625 ns Scope: /tb_top/u_mon File: /run/media/sackb/Windows-SSD/Users/sackb/OneDrive/Desktop/University/Course_Work/2025-2026/Spring_2026/ECE_410/ECE410/project/post_m3_Minor_Redesign/tb/tb_top.sv Line:256
Error: AXI MONITOR: core_C changed while core is idle
Time: 18635 ns  Iteration: 0  Process: /tb_top/u_mon//tb_top/u_mon  Scope: tb_top.u_mon  File: /run/media/sackb/Windows-SSD/Users/sackb/OneDrive/Desktop/University/Course_Work/2025-2026/Spring_2026/ECE_410/ECE410/project/post_m3_Minor_Redesign/tb/tb_top.sv Line: 257

Time: 18645 ns Started: 18635 ns Scope: /tb_top/u_mon File: /run/media/sackb/Windows-SSD/Users/sackb/OneDrive/Desktop/University/Course_Work/2025-2026/Spring_2026/ECE_410/ECE410/project/post_m3_Minor_Redesign/tb/tb_top.sv Line:256
Error: AXI MONITOR: core_C changed while core is idle
Time: 18645 ns  Iteration: 0  Process: /tb_top/u_mon//tb_top/u_mon  Scope: tb_top.u_mon  File: /run/media/sackb/Windows-SSD/Users/sackb/OneDrive/Desktop/University/Course_Work/2025-2026/Spring_2026/ECE_410/ECE410/project/post_m3_Minor_Redesign/tb/tb_top.sv Line: 257

Time: 18655 ns Started: 18645 ns Scope: /tb_top/u_mon File: /run/media/sackb/Windows-SSD/Users/sackb/OneDrive/Desktop/University/Course_Work/2025-2026/Spring_2026/ECE_410/ECE410/project/post_m3_Minor_Redesign/tb/tb_top.sv Line:256
Error: AXI MONITOR: core_C changed while core is idle
Time: 18655 ns  Iteration: 0  Process: /tb_top/u_mon//tb_top/u_mon  Scope: tb_top.u_mon  File: /run/media/sackb/Windows-SSD/Users/sackb/OneDrive/Desktop/University/Course_Work/2025-2026/Spring_2026/ECE_410/ECE410/project/post_m3_Minor_Redesign/tb/tb_top.sv Line: 257

Time: 18665 ns Started: 18655 ns Scope: /tb_top/u_mon File: /run/media/sackb/Windows-SSD/Users/sackb/OneDrive/Desktop/University/Course_Work/2025-2026/Spring_2026/ECE_410/ECE410/project/post_m3_Minor_Redesign/tb/tb_top.sv Line:256
Error: AXI MONITOR: core_C changed while core is idle
Time: 18665 ns  Iteration: 0  Process: /tb_top/u_mon//tb_top/u_mon  Scope: tb_top.u_mon  File: /run/media/sackb/Windows-SSD/Users/sackb/OneDrive/Desktop/University/Course_Work/2025-2026/Spring_2026/ECE_410/ECE410/project/post_m3_Minor_Redesign/tb/tb_top.sv Line: 257

Time: 18675 ns Started: 18665 ns Scope: /tb_top/u_mon File: /run/media/sackb/Windows-SSD/Users/sackb/OneDrive/Desktop/University/Course_Work/2025-2026/Spring_2026/ECE_410/ECE410/project/post_m3_Minor_Redesign/tb/tb_top.sv Line:256
Error: AXI MONITOR: core_C changed while core is idle
Time: 18675 ns  Iteration: 0  Process: /tb_top/u_mon//tb_top/u_mon  Scope: tb_top.u_mon  File: /run/media/sackb/Windows-SSD/Users/sackb/OneDrive/Desktop/University/Course_Work/2025-2026/Spring_2026/ECE_410/ECE410/project/post_m3_Minor_Redesign/tb/tb_top.sv Line: 257

Time: 18685 ns Started: 18675 ns Scope: /tb_top/u_mon File: /run/media/sackb/Windows-SSD/Users/sackb/OneDrive/Desktop/University/Course_Work/2025-2026/Spring_2026/ECE_410/ECE410/project/post_m3_Minor_Redesign/tb/tb_top.sv Line:256
Error: AXI MONITOR: core_C changed while core is idle
Time: 18685 ns  Iteration: 0  Process: /tb_top/u_mon//tb_top/u_mon  Scope: tb_top.u_mon  File: /run/media/sackb/Windows-SSD/Users/sackb/OneDrive/Desktop/University/Course_Work/2025-2026/Spring_2026/ECE_410/ECE410/project/post_m3_Minor_Redesign/tb/tb_top.sv Line: 257

Time: 18695 ns Started: 18685 ns Scope: /tb_top/u_mon File: /run/media/sackb/Windows-SSD/Users/sackb/OneDrive/Desktop/University/Course_Work/2025-2026/Spring_2026/ECE_410/ECE410/project/post_m3_Minor_Redesign/tb/tb_top.sv Line:256
Error: AXI MONITOR: core_C changed while core is idle
Time: 18695 ns  Iteration: 0  Process: /tb_top/u_mon//tb_top/u_mon  Scope: tb_top.u_mon  File: /run/media/sackb/Windows-SSD/Users/sackb/OneDrive/Desktop/University/Course_Work/2025-2026/Spring_2026/ECE_410/ECE410/project/post_m3_Minor_Redesign/tb/tb_top.sv Line: 257

Time: 18705 ns Started: 18695 ns Scope: /tb_top/u_mon File: /run/media/sackb/Windows-SSD/Users/sackb/OneDrive/Desktop/University/Course_Work/2025-2026/Spring_2026/ECE_410/ECE410/project/post_m3_Minor_Redesign/tb/tb_top.sv Line:256
Error: AXI MONITOR: core_C changed while core is idle
Time: 18705 ns  Iteration: 0  Process: /tb_top/u_mon//tb_top/u_mon  Scope: tb_top.u_mon  File: /run/media/sackb/Windows-SSD/Users/sackb/OneDrive/Desktop/University/Course_Work/2025-2026/Spring_2026/ECE_410/ECE410/project/post_m3_Minor_Redesign/tb/tb_top.sv Line: 257

Time: 18715 ns Started: 18705 ns Scope: /tb_top/u_mon File: /run/media/sackb/Windows-SSD/Users/sackb/OneDrive/Desktop/University/Course_Work/2025-2026/Spring_2026/ECE_410/ECE410/project/post_m3_Minor_Redesign/tb/tb_top.sv Line:256
Error: AXI MONITOR: core_C changed while core is idle
Time: 18715 ns  Iteration: 0  Process: /tb_top/u_mon//tb_top/u_mon  Scope: tb_top.u_mon  File: /run/media/sackb/Windows-SSD/Users/sackb/OneDrive/Desktop/University/Course_Work/2025-2026/Spring_2026/ECE_410/ECE410/project/post_m3_Minor_Redesign/tb/tb_top.sv Line: 257

Time: 18725 ns Started: 18715 ns Scope: /tb_top/u_mon File: /run/media/sackb/Windows-SSD/Users/sackb/OneDrive/Desktop/University/Course_Work/2025-2026/Spring_2026/ECE_410/ECE410/project/post_m3_Minor_Redesign/tb/tb_top.sv Line:256
Error: AXI MONITOR: core_C changed while core is idle
Time: 18725 ns  Iteration: 0  Process: /tb_top/u_mon//tb_top/u_mon  Scope: tb_top.u_mon  File: /run/media/sackb/Windows-SSD/Users/sackb/OneDrive/Desktop/University/Course_Work/2025-2026/Spring_2026/ECE_410/ECE410/project/post_m3_Minor_Redesign/tb/tb_top.sv Line: 257

Time: 18735 ns Started: 18725 ns Scope: /tb_top/u_mon File: /run/media/sackb/Windows-SSD/Users/sackb/OneDrive/Desktop/University/Course_Work/2025-2026/Spring_2026/ECE_410/ECE410/project/post_m3_Minor_Redesign/tb/tb_top.sv Line:256
Error: AXI MONITOR: core_C changed while core is idle
Time: 18735 ns  Iteration: 0  Process: /tb_top/u_mon//tb_top/u_mon  Scope: tb_top.u_mon  File: /run/media/sackb/Windows-SSD/Users/sackb/OneDrive/Desktop/University/Course_Work/2025-2026/Spring_2026/ECE_410/ECE410/project/post_m3_Minor_Redesign/tb/tb_top.sv Line: 257

Time: 18745 ns Started: 18735 ns Scope: /tb_top/u_mon File: /run/media/sackb/Windows-SSD/Users/sackb/OneDrive/Desktop/University/Course_Work/2025-2026/Spring_2026/ECE_410/ECE410/project/post_m3_Minor_Redesign/tb/tb_top.sv Line:256
Error: AXI MONITOR: core_C changed while core is idle
Time: 18745 ns  Iteration: 0  Process: /tb_top/u_mon//tb_top/u_mon  Scope: tb_top.u_mon  File: /run/media/sackb/Windows-SSD/Users/sackb/OneDrive/Desktop/University/Course_Work/2025-2026/Spring_2026/ECE_410/ECE410/project/post_m3_Minor_Redesign/tb/tb_top.sv Line: 257

Time: 18755 ns Started: 18745 ns Scope: /tb_top/u_mon File: /run/media/sackb/Windows-SSD/Users/sackb/OneDrive/Desktop/University/Course_Work/2025-2026/Spring_2026/ECE_410/ECE410/project/post_m3_Minor_Redesign/tb/tb_top.sv Line:256
Error: AXI MONITOR: core_C changed while core is idle
Time: 18755 ns  Iteration: 0  Process: /tb_top/u_mon//tb_top/u_mon  Scope: tb_top.u_mon  File: /run/media/sackb/Windows-SSD/Users/sackb/OneDrive/Desktop/University/Course_Work/2025-2026/Spring_2026/ECE_410/ECE410/project/post_m3_Minor_Redesign/tb/tb_top.sv Line: 257

Time: 18765 ns Started: 18755 ns Scope: /tb_top/u_mon File: /run/media/sackb/Windows-SSD/Users/sackb/OneDrive/Desktop/University/Course_Work/2025-2026/Spring_2026/ECE_410/ECE410/project/post_m3_Minor_Redesign/tb/tb_top.sv Line:256
Error: AXI MONITOR: core_C changed while core is idle
Time: 18765 ns  Iteration: 0  Process: /tb_top/u_mon//tb_top/u_mon  Scope: tb_top.u_mon  File: /run/media/sackb/Windows-SSD/Users/sackb/OneDrive/Desktop/University/Course_Work/2025-2026/Spring_2026/ECE_410/ECE410/project/post_m3_Minor_Redesign/tb/tb_top.sv Line: 257

Time: 18775 ns Started: 18765 ns Scope: /tb_top/u_mon File: /run/media/sackb/Windows-SSD/Users/sackb/OneDrive/Desktop/University/Course_Work/2025-2026/Spring_2026/ECE_410/ECE410/project/post_m3_Minor_Redesign/tb/tb_top.sv Line:256
Error: AXI MONITOR: core_C changed while core is idle
Time: 18775 ns  Iteration: 0  Process: /tb_top/u_mon//tb_top/u_mon  Scope: tb_top.u_mon  File: /run/media/sackb/Windows-SSD/Users/sackb/OneDrive/Desktop/University/Course_Work/2025-2026/Spring_2026/ECE_410/ECE410/project/post_m3_Minor_Redesign/tb/tb_top.sv Line: 257

Time: 18785 ns Started: 18775 ns Scope: /tb_top/u_mon File: /run/media/sackb/Windows-SSD/Users/sackb/OneDrive/Desktop/University/Course_Work/2025-2026/Spring_2026/ECE_410/ECE410/project/post_m3_Minor_Redesign/tb/tb_top.sv Line:256
Error: AXI MONITOR: core_C changed while core is idle
Time: 18785 ns  Iteration: 0  Process: /tb_top/u_mon//tb_top/u_mon  Scope: tb_top.u_mon  File: /run/media/sackb/Windows-SSD/Users/sackb/OneDrive/Desktop/University/Course_Work/2025-2026/Spring_2026/ECE_410/ECE410/project/post_m3_Minor_Redesign/tb/tb_top.sv Line: 257

Time: 18795 ns Started: 18785 ns Scope: /tb_top/u_mon File: /run/media/sackb/Windows-SSD/Users/sackb/OneDrive/Desktop/University/Course_Work/2025-2026/Spring_2026/ECE_410/ECE410/project/post_m3_Minor_Redesign/tb/tb_top.sv Line:256
Error: AXI MONITOR: core_C changed while core is idle
Time: 18795 ns  Iteration: 0  Process: /tb_top/u_mon//tb_top/u_mon  Scope: tb_top.u_mon  File: /run/media/sackb/Windows-SSD/Users/sackb/OneDrive/Desktop/University/Course_Work/2025-2026/Spring_2026/ECE_410/ECE410/project/post_m3_Minor_Redesign/tb/tb_top.sv Line: 257

Time: 18805 ns Started: 18795 ns Scope: /tb_top/u_mon File: /run/media/sackb/Windows-SSD/Users/sackb/OneDrive/Desktop/University/Course_Work/2025-2026/Spring_2026/ECE_410/ECE410/project/post_m3_Minor_Redesign/tb/tb_top.sv Line:256
Error: AXI MONITOR: core_C changed while core is idle
Time: 18805 ns  Iteration: 0  Process: /tb_top/u_mon//tb_top/u_mon  Scope: tb_top.u_mon  File: /run/media/sackb/Windows-SSD/Users/sackb/OneDrive/Desktop/University/Course_Work/2025-2026/Spring_2026/ECE_410/ECE410/project/post_m3_Minor_Redesign/tb/tb_top.sv Line: 257

Time: 18815 ns Started: 18805 ns Scope: /tb_top/u_mon File: /run/media/sackb/Windows-SSD/Users/sackb/OneDrive/Desktop/University/Course_Work/2025-2026/Spring_2026/ECE_410/ECE410/project/post_m3_Minor_Redesign/tb/tb_top.sv Line:256
Error: AXI MONITOR: core_C changed while core is idle
Time: 18815 ns  Iteration: 0  Process: /tb_top/u_mon//tb_top/u_mon  Scope: tb_top.u_mon  File: /run/media/sackb/Windows-SSD/Users/sackb/OneDrive/Desktop/University/Course_Work/2025-2026/Spring_2026/ECE_410/ECE410/project/post_m3_Minor_Redesign/tb/tb_top.sv Line: 257

Time: 18825 ns Started: 18815 ns Scope: /tb_top/u_mon File: /run/media/sackb/Windows-SSD/Users/sackb/OneDrive/Desktop/University/Course_Work/2025-2026/Spring_2026/ECE_410/ECE410/project/post_m3_Minor_Redesign/tb/tb_top.sv Line:256
Error: AXI MONITOR: core_C changed while core is idle
Time: 18825 ns  Iteration: 0  Process: /tb_top/u_mon//tb_top/u_mon  Scope: tb_top.u_mon  File: /run/media/sackb/Windows-SSD/Users/sackb/OneDrive/Desktop/University/Course_Work/2025-2026/Spring_2026/ECE_410/ECE410/project/post_m3_Minor_Redesign/tb/tb_top.sv Line: 257

Time: 18835 ns Started: 18825 ns Scope: /tb_top/u_mon File: /run/media/sackb/Windows-SSD/Users/sackb/OneDrive/Desktop/University/Course_Work/2025-2026/Spring_2026/ECE_410/ECE410/project/post_m3_Minor_Redesign/tb/tb_top.sv Line:256
Error: AXI MONITOR: core_C changed while core is idle
Time: 18835 ns  Iteration: 0  Process: /tb_top/u_mon//tb_top/u_mon  Scope: tb_top.u_mon  File: /run/media/sackb/Windows-SSD/Users/sackb/OneDrive/Desktop/University/Course_Work/2025-2026/Spring_2026/ECE_410/ECE410/project/post_m3_Minor_Redesign/tb/tb_top.sv Line: 257

Time: 18845 ns Started: 18835 ns Scope: /tb_top/u_mon File: /run/media/sackb/Windows-SSD/Users/sackb/OneDrive/Desktop/University/Course_Work/2025-2026/Spring_2026/ECE_410/ECE410/project/post_m3_Minor_Redesign/tb/tb_top.sv Line:256
Error: AXI MONITOR: core_C changed while core is idle
Time: 18845 ns  Iteration: 0  Process: /tb_top/u_mon//tb_top/u_mon  Scope: tb_top.u_mon  File: /run/media/sackb/Windows-SSD/Users/sackb/OneDrive/Desktop/University/Course_Work/2025-2026/Spring_2026/ECE_410/ECE410/project/post_m3_Minor_Redesign/tb/tb_top.sv Line: 257

Time: 18855 ns Started: 18845 ns Scope: /tb_top/u_mon File: /run/media/sackb/Windows-SSD/Users/sackb/OneDrive/Desktop/University/Course_Work/2025-2026/Spring_2026/ECE_410/ECE410/project/post_m3_Minor_Redesign/tb/tb_top.sv Line:256
Error: AXI MONITOR: core_C changed while core is idle
Time: 18855 ns  Iteration: 0  Process: /tb_top/u_mon//tb_top/u_mon  Scope: tb_top.u_mon  File: /run/media/sackb/Windows-SSD/Users/sackb/OneDrive/Desktop/University/Course_Work/2025-2026/Spring_2026/ECE_410/ECE410/project/post_m3_Minor_Redesign/tb/tb_top.sv Line: 257

Time: 18865 ns Started: 18855 ns Scope: /tb_top/u_mon File: /run/media/sackb/Windows-SSD/Users/sackb/OneDrive/Desktop/University/Course_Work/2025-2026/Spring_2026/ECE_410/ECE410/project/post_m3_Minor_Redesign/tb/tb_top.sv Line:256
Error: AXI MONITOR: core_C changed while core is idle
Time: 18865 ns  Iteration: 0  Process: /tb_top/u_mon//tb_top/u_mon  Scope: tb_top.u_mon  File: /run/media/sackb/Windows-SSD/Users/sackb/OneDrive/Desktop/University/Course_Work/2025-2026/Spring_2026/ECE_410/ECE410/project/post_m3_Minor_Redesign/tb/tb_top.sv Line: 257

Time: 18875 ns Started: 18865 ns Scope: /tb_top/u_mon File: /run/media/sackb/Windows-SSD/Users/sackb/OneDrive/Desktop/University/Course_Work/2025-2026/Spring_2026/ECE_410/ECE410/project/post_m3_Minor_Redesign/tb/tb_top.sv Line:256
Error: AXI MONITOR: core_C changed while core is idle
Time: 18875 ns  Iteration: 0  Process: /tb_top/u_mon//tb_top/u_mon  Scope: tb_top.u_mon  File: /run/media/sackb/Windows-SSD/Users/sackb/OneDrive/Desktop/University/Course_Work/2025-2026/Spring_2026/ECE_410/ECE410/project/post_m3_Minor_Redesign/tb/tb_top.sv Line: 257

Time: 18885 ns Started: 18875 ns Scope: /tb_top/u_mon File: /run/media/sackb/Windows-SSD/Users/sackb/OneDrive/Desktop/University/Course_Work/2025-2026/Spring_2026/ECE_410/ECE410/project/post_m3_Minor_Redesign/tb/tb_top.sv Line:256
Error: AXI MONITOR: core_C changed while core is idle
Time: 18885 ns  Iteration: 0  Process: /tb_top/u_mon//tb_top/u_mon  Scope: tb_top.u_mon  File: /run/media/sackb/Windows-SSD/Users/sackb/OneDrive/Desktop/University/Course_Work/2025-2026/Spring_2026/ECE_410/ECE410/project/post_m3_Minor_Redesign/tb/tb_top.sv Line: 257

Time: 18895 ns Started: 18885 ns Scope: /tb_top/u_mon File: /run/media/sackb/Windows-SSD/Users/sackb/OneDrive/Desktop/University/Course_Work/2025-2026/Spring_2026/ECE_410/ECE410/project/post_m3_Minor_Redesign/tb/tb_top.sv Line:256
Error: AXI MONITOR: core_C changed while core is idle
Time: 18895 ns  Iteration: 0  Process: /tb_top/u_mon//tb_top/u_mon  Scope: tb_top.u_mon  File: /run/media/sackb/Windows-SSD/Users/sackb/OneDrive/Desktop/University/Course_Work/2025-2026/Spring_2026/ECE_410/ECE410/project/post_m3_Minor_Redesign/tb/tb_top.sv Line: 257

Time: 18905 ns Started: 18895 ns Scope: /tb_top/u_mon File: /run/media/sackb/Windows-SSD/Users/sackb/OneDrive/Desktop/University/Course_Work/2025-2026/Spring_2026/ECE_410/ECE410/project/post_m3_Minor_Redesign/tb/tb_top.sv Line:256
Error: AXI MONITOR: core_C changed while core is idle
Time: 18905 ns  Iteration: 0  Process: /tb_top/u_mon//tb_top/u_mon  Scope: tb_top.u_mon  File: /run/media/sackb/Windows-SSD/Users/sackb/OneDrive/Desktop/University/Course_Work/2025-2026/Spring_2026/ECE_410/ECE410/project/post_m3_Minor_Redesign/tb/tb_top.sv Line: 257

Time: 18915 ns Started: 18905 ns Scope: /tb_top/u_mon File: /run/media/sackb/Windows-SSD/Users/sackb/OneDrive/Desktop/University/Course_Work/2025-2026/Spring_2026/ECE_410/ECE410/project/post_m3_Minor_Redesign/tb/tb_top.sv Line:256
Error: AXI MONITOR: core_C changed while core is idle
Time: 18915 ns  Iteration: 0  Process: /tb_top/u_mon//tb_top/u_mon  Scope: tb_top.u_mon  File: /run/media/sackb/Windows-SSD/Users/sackb/OneDrive/Desktop/University/Course_Work/2025-2026/Spring_2026/ECE_410/ECE410/project/post_m3_Minor_Redesign/tb/tb_top.sv Line: 257

Time: 18925 ns Started: 18915 ns Scope: /tb_top/u_mon File: /run/media/sackb/Windows-SSD/Users/sackb/OneDrive/Desktop/University/Course_Work/2025-2026/Spring_2026/ECE_410/ECE410/project/post_m3_Minor_Redesign/tb/tb_top.sv Line:256
Error: AXI MONITOR: core_C changed while core is idle
Time: 18925 ns  Iteration: 0  Process: /tb_top/u_mon//tb_top/u_mon  Scope: tb_top.u_mon  File: /run/media/sackb/Windows-SSD/Users/sackb/OneDrive/Desktop/University/Course_Work/2025-2026/Spring_2026/ECE_410/ECE410/project/post_m3_Minor_Redesign/tb/tb_top.sv Line: 257

Time: 18935 ns Started: 18925 ns Scope: /tb_top/u_mon File: /run/media/sackb/Windows-SSD/Users/sackb/OneDrive/Desktop/University/Course_Work/2025-2026/Spring_2026/ECE_410/ECE410/project/post_m3_Minor_Redesign/tb/tb_top.sv Line:256
Error: AXI MONITOR: core_C changed while core is idle
Time: 18935 ns  Iteration: 0  Process: /tb_top/u_mon//tb_top/u_mon  Scope: tb_top.u_mon  File: /run/media/sackb/Windows-SSD/Users/sackb/OneDrive/Desktop/University/Course_Work/2025-2026/Spring_2026/ECE_410/ECE410/project/post_m3_Minor_Redesign/tb/tb_top.sv Line: 257

Time: 18945 ns Started: 18935 ns Scope: /tb_top/u_mon File: /run/media/sackb/Windows-SSD/Users/sackb/OneDrive/Desktop/University/Course_Work/2025-2026/Spring_2026/ECE_410/ECE410/project/post_m3_Minor_Redesign/tb/tb_top.sv Line:256
Error: AXI MONITOR: core_C changed while core is idle
Time: 18945 ns  Iteration: 0  Process: /tb_top/u_mon//tb_top/u_mon  Scope: tb_top.u_mon  File: /run/media/sackb/Windows-SSD/Users/sackb/OneDrive/Desktop/University/Course_Work/2025-2026/Spring_2026/ECE_410/ECE410/project/post_m3_Minor_Redesign/tb/tb_top.sv Line: 257

Time: 18955 ns Started: 18945 ns Scope: /tb_top/u_mon File: /run/media/sackb/Windows-SSD/Users/sackb/OneDrive/Desktop/University/Course_Work/2025-2026/Spring_2026/ECE_410/ECE410/project/post_m3_Minor_Redesign/tb/tb_top.sv Line:256
Error: AXI MONITOR: core_C changed while core is idle
Time: 18955 ns  Iteration: 0  Process: /tb_top/u_mon//tb_top/u_mon  Scope: tb_top.u_mon  File: /run/media/sackb/Windows-SSD/Users/sackb/OneDrive/Desktop/University/Course_Work/2025-2026/Spring_2026/ECE_410/ECE410/project/post_m3_Minor_Redesign/tb/tb_top.sv Line: 257

Time: 18965 ns Started: 18955 ns Scope: /tb_top/u_mon File: /run/media/sackb/Windows-SSD/Users/sackb/OneDrive/Desktop/University/Course_Work/2025-2026/Spring_2026/ECE_410/ECE410/project/post_m3_Minor_Redesign/tb/tb_top.sv Line:256
Error: AXI MONITOR: core_C changed while core is idle
Time: 18965 ns  Iteration: 0  Process: /tb_top/u_mon//tb_top/u_mon  Scope: tb_top.u_mon  File: /run/media/sackb/Windows-SSD/Users/sackb/OneDrive/Desktop/University/Course_Work/2025-2026/Spring_2026/ECE_410/ECE410/project/post_m3_Minor_Redesign/tb/tb_top.sv Line: 257

Time: 18975 ns Started: 18965 ns Scope: /tb_top/u_mon File: /run/media/sackb/Windows-SSD/Users/sackb/OneDrive/Desktop/University/Course_Work/2025-2026/Spring_2026/ECE_410/ECE410/project/post_m3_Minor_Redesign/tb/tb_top.sv Line:256
Error: AXI MONITOR: core_C changed while core is idle
Time: 18975 ns  Iteration: 0  Process: /tb_top/u_mon//tb_top/u_mon  Scope: tb_top.u_mon  File: /run/media/sackb/Windows-SSD/Users/sackb/OneDrive/Desktop/University/Course_Work/2025-2026/Spring_2026/ECE_410/ECE410/project/post_m3_Minor_Redesign/tb/tb_top.sv Line: 257

Time: 18985 ns Started: 18975 ns Scope: /tb_top/u_mon File: /run/media/sackb/Windows-SSD/Users/sackb/OneDrive/Desktop/University/Course_Work/2025-2026/Spring_2026/ECE_410/ECE410/project/post_m3_Minor_Redesign/tb/tb_top.sv Line:256
Error: AXI MONITOR: core_C changed while core is idle
Time: 18985 ns  Iteration: 0  Process: /tb_top/u_mon//tb_top/u_mon  Scope: tb_top.u_mon  File: /run/media/sackb/Windows-SSD/Users/sackb/OneDrive/Desktop/University/Course_Work/2025-2026/Spring_2026/ECE_410/ECE410/project/post_m3_Minor_Redesign/tb/tb_top.sv Line: 257

Time: 18995 ns Started: 18985 ns Scope: /tb_top/u_mon File: /run/media/sackb/Windows-SSD/Users/sackb/OneDrive/Desktop/University/Course_Work/2025-2026/Spring_2026/ECE_410/ECE410/project/post_m3_Minor_Redesign/tb/tb_top.sv Line:256
Error: AXI MONITOR: core_C changed while core is idle
Time: 18995 ns  Iteration: 0  Process: /tb_top/u_mon//tb_top/u_mon  Scope: tb_top.u_mon  File: /run/media/sackb/Windows-SSD/Users/sackb/OneDrive/Desktop/University/Course_Work/2025-2026/Spring_2026/ECE_410/ECE410/project/post_m3_Minor_Redesign/tb/tb_top.sv Line: 257

Time: 19005 ns Started: 18995 ns Scope: /tb_top/u_mon File: /run/media/sackb/Windows-SSD/Users/sackb/OneDrive/Desktop/University/Course_Work/2025-2026/Spring_2026/ECE_410/ECE410/project/post_m3_Minor_Redesign/tb/tb_top.sv Line:256
Error: AXI MONITOR: core_C changed while core is idle
Time: 19005 ns  Iteration: 0  Process: /tb_top/u_mon//tb_top/u_mon  Scope: tb_top.u_mon  File: /run/media/sackb/Windows-SSD/Users/sackb/OneDrive/Desktop/University/Course_Work/2025-2026/Spring_2026/ECE_410/ECE410/project/post_m3_Minor_Redesign/tb/tb_top.sv Line: 257
TB_TOP: Iteration 9 complete
TB_TOP: Starting iteration 10

Time: 19015 ns Started: 19005 ns Scope: /tb_top/u_mon File: /run/media/sackb/Windows-SSD/Users/sackb/OneDrive/Desktop/University/Course_Work/2025-2026/Spring_2026/ECE_410/ECE410/project/post_m3_Minor_Redesign/tb/tb_top.sv Line:256
Error: AXI MONITOR: core_C changed while core is idle
Time: 19015 ns  Iteration: 0  Process: /tb_top/u_mon//tb_top/u_mon  Scope: tb_top.u_mon  File: /run/media/sackb/Windows-SSD/Users/sackb/OneDrive/Desktop/University/Course_Work/2025-2026/Spring_2026/ECE_410/ECE410/project/post_m3_Minor_Redesign/tb/tb_top.sv Line: 257

Time: 19025 ns Started: 19015 ns Scope: /tb_top/u_mon File: /run/media/sackb/Windows-SSD/Users/sackb/OneDrive/Desktop/University/Course_Work/2025-2026/Spring_2026/ECE_410/ECE410/project/post_m3_Minor_Redesign/tb/tb_top.sv Line:256
Error: AXI MONITOR: core_C changed while core is idle
Time: 19025 ns  Iteration: 0  Process: /tb_top/u_mon//tb_top/u_mon  Scope: tb_top.u_mon  File: /run/media/sackb/Windows-SSD/Users/sackb/OneDrive/Desktop/University/Course_Work/2025-2026/Spring_2026/ECE_410/ECE410/project/post_m3_Minor_Redesign/tb/tb_top.sv Line: 257

Time: 19035 ns Started: 19025 ns Scope: /tb_top/u_mon File: /run/media/sackb/Windows-SSD/Users/sackb/OneDrive/Desktop/University/Course_Work/2025-2026/Spring_2026/ECE_410/ECE410/project/post_m3_Minor_Redesign/tb/tb_top.sv Line:256
Error: AXI MONITOR: core_C changed while core is idle
Time: 19035 ns  Iteration: 0  Process: /tb_top/u_mon//tb_top/u_mon  Scope: tb_top.u_mon  File: /run/media/sackb/Windows-SSD/Users/sackb/OneDrive/Desktop/University/Course_Work/2025-2026/Spring_2026/ECE_410/ECE410/project/post_m3_Minor_Redesign/tb/tb_top.sv Line: 257

Time: 19045 ns Started: 19035 ns Scope: /tb_top/u_mon File: /run/media/sackb/Windows-SSD/Users/sackb/OneDrive/Desktop/University/Course_Work/2025-2026/Spring_2026/ECE_410/ECE410/project/post_m3_Minor_Redesign/tb/tb_top.sv Line:256
Error: AXI MONITOR: core_C changed while core is idle
Time: 19045 ns  Iteration: 0  Process: /tb_top/u_mon//tb_top/u_mon  Scope: tb_top.u_mon  File: /run/media/sackb/Windows-SSD/Users/sackb/OneDrive/Desktop/University/Course_Work/2025-2026/Spring_2026/ECE_410/ECE410/project/post_m3_Minor_Redesign/tb/tb_top.sv Line: 257

Time: 19055 ns Started: 19045 ns Scope: /tb_top/u_mon File: /run/media/sackb/Windows-SSD/Users/sackb/OneDrive/Desktop/University/Course_Work/2025-2026/Spring_2026/ECE_410/ECE410/project/post_m3_Minor_Redesign/tb/tb_top.sv Line:256
Error: AXI MONITOR: core_C changed while core is idle
Time: 19055 ns  Iteration: 0  Process: /tb_top/u_mon//tb_top/u_mon  Scope: tb_top.u_mon  File: /run/media/sackb/Windows-SSD/Users/sackb/OneDrive/Desktop/University/Course_Work/2025-2026/Spring_2026/ECE_410/ECE410/project/post_m3_Minor_Redesign/tb/tb_top.sv Line: 257

Time: 19065 ns Started: 19055 ns Scope: /tb_top/u_mon File: /run/media/sackb/Windows-SSD/Users/sackb/OneDrive/Desktop/University/Course_Work/2025-2026/Spring_2026/ECE_410/ECE410/project/post_m3_Minor_Redesign/tb/tb_top.sv Line:256
Error: AXI MONITOR: core_C changed while core is idle
Time: 19065 ns  Iteration: 0  Process: /tb_top/u_mon//tb_top/u_mon  Scope: tb_top.u_mon  File: /run/media/sackb/Windows-SSD/Users/sackb/OneDrive/Desktop/University/Course_Work/2025-2026/Spring_2026/ECE_410/ECE410/project/post_m3_Minor_Redesign/tb/tb_top.sv Line: 257

Time: 19075 ns Started: 19065 ns Scope: /tb_top/u_mon File: /run/media/sackb/Windows-SSD/Users/sackb/OneDrive/Desktop/University/Course_Work/2025-2026/Spring_2026/ECE_410/ECE410/project/post_m3_Minor_Redesign/tb/tb_top.sv Line:256
Error: AXI MONITOR: core_C changed while core is idle
Time: 19075 ns  Iteration: 0  Process: /tb_top/u_mon//tb_top/u_mon  Scope: tb_top.u_mon  File: /run/media/sackb/Windows-SSD/Users/sackb/OneDrive/Desktop/University/Course_Work/2025-2026/Spring_2026/ECE_410/ECE410/project/post_m3_Minor_Redesign/tb/tb_top.sv Line: 257

Time: 19085 ns Started: 19075 ns Scope: /tb_top/u_mon File: /run/media/sackb/Windows-SSD/Users/sackb/OneDrive/Desktop/University/Course_Work/2025-2026/Spring_2026/ECE_410/ECE410/project/post_m3_Minor_Redesign/tb/tb_top.sv Line:256
Error: AXI MONITOR: core_C changed while core is idle
Time: 19085 ns  Iteration: 0  Process: /tb_top/u_mon//tb_top/u_mon  Scope: tb_top.u_mon  File: /run/media/sackb/Windows-SSD/Users/sackb/OneDrive/Desktop/University/Course_Work/2025-2026/Spring_2026/ECE_410/ECE410/project/post_m3_Minor_Redesign/tb/tb_top.sv Line: 257

Time: 19095 ns Started: 19085 ns Scope: /tb_top/u_mon File: /run/media/sackb/Windows-SSD/Users/sackb/OneDrive/Desktop/University/Course_Work/2025-2026/Spring_2026/ECE_410/ECE410/project/post_m3_Minor_Redesign/tb/tb_top.sv Line:256
Error: AXI MONITOR: core_C changed while core is idle
Time: 19095 ns  Iteration: 0  Process: /tb_top/u_mon//tb_top/u_mon  Scope: tb_top.u_mon  File: /run/media/sackb/Windows-SSD/Users/sackb/OneDrive/Desktop/University/Course_Work/2025-2026/Spring_2026/ECE_410/ECE410/project/post_m3_Minor_Redesign/tb/tb_top.sv Line: 257

Time: 19105 ns Started: 19095 ns Scope: /tb_top/u_mon File: /run/media/sackb/Windows-SSD/Users/sackb/OneDrive/Desktop/University/Course_Work/2025-2026/Spring_2026/ECE_410/ECE410/project/post_m3_Minor_Redesign/tb/tb_top.sv Line:256
Error: AXI MONITOR: core_C changed while core is idle
Time: 19105 ns  Iteration: 0  Process: /tb_top/u_mon//tb_top/u_mon  Scope: tb_top.u_mon  File: /run/media/sackb/Windows-SSD/Users/sackb/OneDrive/Desktop/University/Course_Work/2025-2026/Spring_2026/ECE_410/ECE410/project/post_m3_Minor_Redesign/tb/tb_top.sv Line: 257

Time: 19115 ns Started: 19105 ns Scope: /tb_top/u_mon File: /run/media/sackb/Windows-SSD/Users/sackb/OneDrive/Desktop/University/Course_Work/2025-2026/Spring_2026/ECE_410/ECE410/project/post_m3_Minor_Redesign/tb/tb_top.sv Line:256
Error: AXI MONITOR: core_C changed while core is idle
Time: 19115 ns  Iteration: 0  Process: /tb_top/u_mon//tb_top/u_mon  Scope: tb_top.u_mon  File: /run/media/sackb/Windows-SSD/Users/sackb/OneDrive/Desktop/University/Course_Work/2025-2026/Spring_2026/ECE_410/ECE410/project/post_m3_Minor_Redesign/tb/tb_top.sv Line: 257

Time: 19125 ns Started: 19115 ns Scope: /tb_top/u_mon File: /run/media/sackb/Windows-SSD/Users/sackb/OneDrive/Desktop/University/Course_Work/2025-2026/Spring_2026/ECE_410/ECE410/project/post_m3_Minor_Redesign/tb/tb_top.sv Line:256
Error: AXI MONITOR: core_C changed while core is idle
Time: 19125 ns  Iteration: 0  Process: /tb_top/u_mon//tb_top/u_mon  Scope: tb_top.u_mon  File: /run/media/sackb/Windows-SSD/Users/sackb/OneDrive/Desktop/University/Course_Work/2025-2026/Spring_2026/ECE_410/ECE410/project/post_m3_Minor_Redesign/tb/tb_top.sv Line: 257

Time: 19135 ns Started: 19125 ns Scope: /tb_top/u_mon File: /run/media/sackb/Windows-SSD/Users/sackb/OneDrive/Desktop/University/Course_Work/2025-2026/Spring_2026/ECE_410/ECE410/project/post_m3_Minor_Redesign/tb/tb_top.sv Line:256
Error: AXI MONITOR: core_C changed while core is idle
Time: 19135 ns  Iteration: 0  Process: /tb_top/u_mon//tb_top/u_mon  Scope: tb_top.u_mon  File: /run/media/sackb/Windows-SSD/Users/sackb/OneDrive/Desktop/University/Course_Work/2025-2026/Spring_2026/ECE_410/ECE410/project/post_m3_Minor_Redesign/tb/tb_top.sv Line: 257

Time: 19145 ns Started: 19135 ns Scope: /tb_top/u_mon File: /run/media/sackb/Windows-SSD/Users/sackb/OneDrive/Desktop/University/Course_Work/2025-2026/Spring_2026/ECE_410/ECE410/project/post_m3_Minor_Redesign/tb/tb_top.sv Line:256
Error: AXI MONITOR: core_C changed while core is idle
Time: 19145 ns  Iteration: 0  Process: /tb_top/u_mon//tb_top/u_mon  Scope: tb_top.u_mon  File: /run/media/sackb/Windows-SSD/Users/sackb/OneDrive/Desktop/University/Course_Work/2025-2026/Spring_2026/ECE_410/ECE410/project/post_m3_Minor_Redesign/tb/tb_top.sv Line: 257

Time: 19155 ns Started: 19145 ns Scope: /tb_top/u_mon File: /run/media/sackb/Windows-SSD/Users/sackb/OneDrive/Desktop/University/Course_Work/2025-2026/Spring_2026/ECE_410/ECE410/project/post_m3_Minor_Redesign/tb/tb_top.sv Line:256
Error: AXI MONITOR: core_C changed while core is idle
Time: 19155 ns  Iteration: 0  Process: /tb_top/u_mon//tb_top/u_mon  Scope: tb_top.u_mon  File: /run/media/sackb/Windows-SSD/Users/sackb/OneDrive/Desktop/University/Course_Work/2025-2026/Spring_2026/ECE_410/ECE410/project/post_m3_Minor_Redesign/tb/tb_top.sv Line: 257

Time: 19165 ns Started: 19155 ns Scope: /tb_top/u_mon File: /run/media/sackb/Windows-SSD/Users/sackb/OneDrive/Desktop/University/Course_Work/2025-2026/Spring_2026/ECE_410/ECE410/project/post_m3_Minor_Redesign/tb/tb_top.sv Line:256
Error: AXI MONITOR: core_C changed while core is idle
Time: 19165 ns  Iteration: 0  Process: /tb_top/u_mon//tb_top/u_mon  Scope: tb_top.u_mon  File: /run/media/sackb/Windows-SSD/Users/sackb/OneDrive/Desktop/University/Course_Work/2025-2026/Spring_2026/ECE_410/ECE410/project/post_m3_Minor_Redesign/tb/tb_top.sv Line: 257

Time: 19175 ns Started: 19165 ns Scope: /tb_top/u_mon File: /run/media/sackb/Windows-SSD/Users/sackb/OneDrive/Desktop/University/Course_Work/2025-2026/Spring_2026/ECE_410/ECE410/project/post_m3_Minor_Redesign/tb/tb_top.sv Line:256
Error: AXI MONITOR: core_C changed while core is idle
Time: 19175 ns  Iteration: 0  Process: /tb_top/u_mon//tb_top/u_mon  Scope: tb_top.u_mon  File: /run/media/sackb/Windows-SSD/Users/sackb/OneDrive/Desktop/University/Course_Work/2025-2026/Spring_2026/ECE_410/ECE410/project/post_m3_Minor_Redesign/tb/tb_top.sv Line: 257

Time: 19185 ns Started: 19175 ns Scope: /tb_top/u_mon File: /run/media/sackb/Windows-SSD/Users/sackb/OneDrive/Desktop/University/Course_Work/2025-2026/Spring_2026/ECE_410/ECE410/project/post_m3_Minor_Redesign/tb/tb_top.sv Line:256
Error: AXI MONITOR: core_C changed while core is idle
Time: 19185 ns  Iteration: 0  Process: /tb_top/u_mon//tb_top/u_mon  Scope: tb_top.u_mon  File: /run/media/sackb/Windows-SSD/Users/sackb/OneDrive/Desktop/University/Course_Work/2025-2026/Spring_2026/ECE_410/ECE410/project/post_m3_Minor_Redesign/tb/tb_top.sv Line: 257

Time: 19195 ns Started: 19185 ns Scope: /tb_top/u_mon File: /run/media/sackb/Windows-SSD/Users/sackb/OneDrive/Desktop/University/Course_Work/2025-2026/Spring_2026/ECE_410/ECE410/project/post_m3_Minor_Redesign/tb/tb_top.sv Line:256
Error: AXI MONITOR: core_C changed while core is idle
Time: 19195 ns  Iteration: 0  Process: /tb_top/u_mon//tb_top/u_mon  Scope: tb_top.u_mon  File: /run/media/sackb/Windows-SSD/Users/sackb/OneDrive/Desktop/University/Course_Work/2025-2026/Spring_2026/ECE_410/ECE410/project/post_m3_Minor_Redesign/tb/tb_top.sv Line: 257

Time: 19205 ns Started: 19195 ns Scope: /tb_top/u_mon File: /run/media/sackb/Windows-SSD/Users/sackb/OneDrive/Desktop/University/Course_Work/2025-2026/Spring_2026/ECE_410/ECE410/project/post_m3_Minor_Redesign/tb/tb_top.sv Line:256
Error: AXI MONITOR: core_C changed while core is idle
Time: 19205 ns  Iteration: 0  Process: /tb_top/u_mon//tb_top/u_mon  Scope: tb_top.u_mon  File: /run/media/sackb/Windows-SSD/Users/sackb/OneDrive/Desktop/University/Course_Work/2025-2026/Spring_2026/ECE_410/ECE410/project/post_m3_Minor_Redesign/tb/tb_top.sv Line: 257

Time: 19215 ns Started: 19205 ns Scope: /tb_top/u_mon File: /run/media/sackb/Windows-SSD/Users/sackb/OneDrive/Desktop/University/Course_Work/2025-2026/Spring_2026/ECE_410/ECE410/project/post_m3_Minor_Redesign/tb/tb_top.sv Line:256
Error: AXI MONITOR: core_C changed while core is idle
Time: 19215 ns  Iteration: 0  Process: /tb_top/u_mon//tb_top/u_mon  Scope: tb_top.u_mon  File: /run/media/sackb/Windows-SSD/Users/sackb/OneDrive/Desktop/University/Course_Work/2025-2026/Spring_2026/ECE_410/ECE410/project/post_m3_Minor_Redesign/tb/tb_top.sv Line: 257

Time: 19225 ns Started: 19215 ns Scope: /tb_top/u_mon File: /run/media/sackb/Windows-SSD/Users/sackb/OneDrive/Desktop/University/Course_Work/2025-2026/Spring_2026/ECE_410/ECE410/project/post_m3_Minor_Redesign/tb/tb_top.sv Line:256
Error: AXI MONITOR: core_C changed while core is idle
Time: 19225 ns  Iteration: 0  Process: /tb_top/u_mon//tb_top/u_mon  Scope: tb_top.u_mon  File: /run/media/sackb/Windows-SSD/Users/sackb/OneDrive/Desktop/University/Course_Work/2025-2026/Spring_2026/ECE_410/ECE410/project/post_m3_Minor_Redesign/tb/tb_top.sv Line: 257

Time: 19235 ns Started: 19225 ns Scope: /tb_top/u_mon File: /run/media/sackb/Windows-SSD/Users/sackb/OneDrive/Desktop/University/Course_Work/2025-2026/Spring_2026/ECE_410/ECE410/project/post_m3_Minor_Redesign/tb/tb_top.sv Line:256
Error: AXI MONITOR: core_C changed while core is idle
Time: 19235 ns  Iteration: 0  Process: /tb_top/u_mon//tb_top/u_mon  Scope: tb_top.u_mon  File: /run/media/sackb/Windows-SSD/Users/sackb/OneDrive/Desktop/University/Course_Work/2025-2026/Spring_2026/ECE_410/ECE410/project/post_m3_Minor_Redesign/tb/tb_top.sv Line: 257

Time: 19245 ns Started: 19235 ns Scope: /tb_top/u_mon File: /run/media/sackb/Windows-SSD/Users/sackb/OneDrive/Desktop/University/Course_Work/2025-2026/Spring_2026/ECE_410/ECE410/project/post_m3_Minor_Redesign/tb/tb_top.sv Line:256
Error: AXI MONITOR: core_C changed while core is idle
Time: 19245 ns  Iteration: 0  Process: /tb_top/u_mon//tb_top/u_mon  Scope: tb_top.u_mon  File: /run/media/sackb/Windows-SSD/Users/sackb/OneDrive/Desktop/University/Course_Work/2025-2026/Spring_2026/ECE_410/ECE410/project/post_m3_Minor_Redesign/tb/tb_top.sv Line: 257

Time: 19255 ns Started: 19245 ns Scope: /tb_top/u_mon File: /run/media/sackb/Windows-SSD/Users/sackb/OneDrive/Desktop/University/Course_Work/2025-2026/Spring_2026/ECE_410/ECE410/project/post_m3_Minor_Redesign/tb/tb_top.sv Line:256
Error: AXI MONITOR: core_C changed while core is idle
Time: 19255 ns  Iteration: 0  Process: /tb_top/u_mon//tb_top/u_mon  Scope: tb_top.u_mon  File: /run/media/sackb/Windows-SSD/Users/sackb/OneDrive/Desktop/University/Course_Work/2025-2026/Spring_2026/ECE_410/ECE410/project/post_m3_Minor_Redesign/tb/tb_top.sv Line: 257

Time: 19265 ns Started: 19255 ns Scope: /tb_top/u_mon File: /run/media/sackb/Windows-SSD/Users/sackb/OneDrive/Desktop/University/Course_Work/2025-2026/Spring_2026/ECE_410/ECE410/project/post_m3_Minor_Redesign/tb/tb_top.sv Line:256
Error: AXI MONITOR: core_C changed while core is idle
Time: 19265 ns  Iteration: 0  Process: /tb_top/u_mon//tb_top/u_mon  Scope: tb_top.u_mon  File: /run/media/sackb/Windows-SSD/Users/sackb/OneDrive/Desktop/University/Course_Work/2025-2026/Spring_2026/ECE_410/ECE410/project/post_m3_Minor_Redesign/tb/tb_top.sv Line: 257

Time: 19275 ns Started: 19265 ns Scope: /tb_top/u_mon File: /run/media/sackb/Windows-SSD/Users/sackb/OneDrive/Desktop/University/Course_Work/2025-2026/Spring_2026/ECE_410/ECE410/project/post_m3_Minor_Redesign/tb/tb_top.sv Line:256
Error: AXI MONITOR: core_C changed while core is idle
Time: 19275 ns  Iteration: 0  Process: /tb_top/u_mon//tb_top/u_mon  Scope: tb_top.u_mon  File: /run/media/sackb/Windows-SSD/Users/sackb/OneDrive/Desktop/University/Course_Work/2025-2026/Spring_2026/ECE_410/ECE410/project/post_m3_Minor_Redesign/tb/tb_top.sv Line: 257

Time: 19285 ns Started: 19275 ns Scope: /tb_top/u_mon File: /run/media/sackb/Windows-SSD/Users/sackb/OneDrive/Desktop/University/Course_Work/2025-2026/Spring_2026/ECE_410/ECE410/project/post_m3_Minor_Redesign/tb/tb_top.sv Line:256
Error: AXI MONITOR: core_C changed while core is idle
Time: 19285 ns  Iteration: 0  Process: /tb_top/u_mon//tb_top/u_mon  Scope: tb_top.u_mon  File: /run/media/sackb/Windows-SSD/Users/sackb/OneDrive/Desktop/University/Course_Work/2025-2026/Spring_2026/ECE_410/ECE410/project/post_m3_Minor_Redesign/tb/tb_top.sv Line: 257

Time: 19295 ns Started: 19285 ns Scope: /tb_top/u_mon File: /run/media/sackb/Windows-SSD/Users/sackb/OneDrive/Desktop/University/Course_Work/2025-2026/Spring_2026/ECE_410/ECE410/project/post_m3_Minor_Redesign/tb/tb_top.sv Line:256
Error: AXI MONITOR: core_C changed while core is idle
Time: 19295 ns  Iteration: 0  Process: /tb_top/u_mon//tb_top/u_mon  Scope: tb_top.u_mon  File: /run/media/sackb/Windows-SSD/Users/sackb/OneDrive/Desktop/University/Course_Work/2025-2026/Spring_2026/ECE_410/ECE410/project/post_m3_Minor_Redesign/tb/tb_top.sv Line: 257

Time: 19305 ns Started: 19295 ns Scope: /tb_top/u_mon File: /run/media/sackb/Windows-SSD/Users/sackb/OneDrive/Desktop/University/Course_Work/2025-2026/Spring_2026/ECE_410/ECE410/project/post_m3_Minor_Redesign/tb/tb_top.sv Line:256
Error: AXI MONITOR: core_C changed while core is idle
Time: 19305 ns  Iteration: 0  Process: /tb_top/u_mon//tb_top/u_mon  Scope: tb_top.u_mon  File: /run/media/sackb/Windows-SSD/Users/sackb/OneDrive/Desktop/University/Course_Work/2025-2026/Spring_2026/ECE_410/ECE410/project/post_m3_Minor_Redesign/tb/tb_top.sv Line: 257

Time: 19315 ns Started: 19305 ns Scope: /tb_top/u_mon File: /run/media/sackb/Windows-SSD/Users/sackb/OneDrive/Desktop/University/Course_Work/2025-2026/Spring_2026/ECE_410/ECE410/project/post_m3_Minor_Redesign/tb/tb_top.sv Line:256
Error: AXI MONITOR: core_C changed while core is idle
Time: 19315 ns  Iteration: 0  Process: /tb_top/u_mon//tb_top/u_mon  Scope: tb_top.u_mon  File: /run/media/sackb/Windows-SSD/Users/sackb/OneDrive/Desktop/University/Course_Work/2025-2026/Spring_2026/ECE_410/ECE410/project/post_m3_Minor_Redesign/tb/tb_top.sv Line: 257

Time: 19325 ns Started: 19315 ns Scope: /tb_top/u_mon File: /run/media/sackb/Windows-SSD/Users/sackb/OneDrive/Desktop/University/Course_Work/2025-2026/Spring_2026/ECE_410/ECE410/project/post_m3_Minor_Redesign/tb/tb_top.sv Line:256
Error: AXI MONITOR: core_C changed while core is idle
Time: 19325 ns  Iteration: 0  Process: /tb_top/u_mon//tb_top/u_mon  Scope: tb_top.u_mon  File: /run/media/sackb/Windows-SSD/Users/sackb/OneDrive/Desktop/University/Course_Work/2025-2026/Spring_2026/ECE_410/ECE410/project/post_m3_Minor_Redesign/tb/tb_top.sv Line: 257

Time: 19335 ns Started: 19325 ns Scope: /tb_top/u_mon File: /run/media/sackb/Windows-SSD/Users/sackb/OneDrive/Desktop/University/Course_Work/2025-2026/Spring_2026/ECE_410/ECE410/project/post_m3_Minor_Redesign/tb/tb_top.sv Line:256
Error: AXI MONITOR: core_C changed while core is idle
Time: 19335 ns  Iteration: 0  Process: /tb_top/u_mon//tb_top/u_mon  Scope: tb_top.u_mon  File: /run/media/sackb/Windows-SSD/Users/sackb/OneDrive/Desktop/University/Course_Work/2025-2026/Spring_2026/ECE_410/ECE410/project/post_m3_Minor_Redesign/tb/tb_top.sv Line: 257

Time: 19345 ns Started: 19335 ns Scope: /tb_top/u_mon File: /run/media/sackb/Windows-SSD/Users/sackb/OneDrive/Desktop/University/Course_Work/2025-2026/Spring_2026/ECE_410/ECE410/project/post_m3_Minor_Redesign/tb/tb_top.sv Line:256
Error: AXI MONITOR: core_C changed while core is idle
Time: 19345 ns  Iteration: 0  Process: /tb_top/u_mon//tb_top/u_mon  Scope: tb_top.u_mon  File: /run/media/sackb/Windows-SSD/Users/sackb/OneDrive/Desktop/University/Course_Work/2025-2026/Spring_2026/ECE_410/ECE410/project/post_m3_Minor_Redesign/tb/tb_top.sv Line: 257

Time: 19355 ns Started: 19345 ns Scope: /tb_top/u_mon File: /run/media/sackb/Windows-SSD/Users/sackb/OneDrive/Desktop/University/Course_Work/2025-2026/Spring_2026/ECE_410/ECE410/project/post_m3_Minor_Redesign/tb/tb_top.sv Line:256
Error: AXI MONITOR: core_C changed while core is idle
Time: 19355 ns  Iteration: 0  Process: /tb_top/u_mon//tb_top/u_mon  Scope: tb_top.u_mon  File: /run/media/sackb/Windows-SSD/Users/sackb/OneDrive/Desktop/University/Course_Work/2025-2026/Spring_2026/ECE_410/ECE410/project/post_m3_Minor_Redesign/tb/tb_top.sv Line: 257

Time: 19365 ns Started: 19355 ns Scope: /tb_top/u_mon File: /run/media/sackb/Windows-SSD/Users/sackb/OneDrive/Desktop/University/Course_Work/2025-2026/Spring_2026/ECE_410/ECE410/project/post_m3_Minor_Redesign/tb/tb_top.sv Line:256
Error: AXI MONITOR: core_C changed while core is idle
Time: 19365 ns  Iteration: 0  Process: /tb_top/u_mon//tb_top/u_mon  Scope: tb_top.u_mon  File: /run/media/sackb/Windows-SSD/Users/sackb/OneDrive/Desktop/University/Course_Work/2025-2026/Spring_2026/ECE_410/ECE410/project/post_m3_Minor_Redesign/tb/tb_top.sv Line: 257

Time: 19375 ns Started: 19365 ns Scope: /tb_top/u_mon File: /run/media/sackb/Windows-SSD/Users/sackb/OneDrive/Desktop/University/Course_Work/2025-2026/Spring_2026/ECE_410/ECE410/project/post_m3_Minor_Redesign/tb/tb_top.sv Line:256
Error: AXI MONITOR: core_C changed while core is idle
Time: 19375 ns  Iteration: 0  Process: /tb_top/u_mon//tb_top/u_mon  Scope: tb_top.u_mon  File: /run/media/sackb/Windows-SSD/Users/sackb/OneDrive/Desktop/University/Course_Work/2025-2026/Spring_2026/ECE_410/ECE410/project/post_m3_Minor_Redesign/tb/tb_top.sv Line: 257

Time: 19385 ns Started: 19375 ns Scope: /tb_top/u_mon File: /run/media/sackb/Windows-SSD/Users/sackb/OneDrive/Desktop/University/Course_Work/2025-2026/Spring_2026/ECE_410/ECE410/project/post_m3_Minor_Redesign/tb/tb_top.sv Line:256
Error: AXI MONITOR: core_C changed while core is idle
Time: 19385 ns  Iteration: 0  Process: /tb_top/u_mon//tb_top/u_mon  Scope: tb_top.u_mon  File: /run/media/sackb/Windows-SSD/Users/sackb/OneDrive/Desktop/University/Course_Work/2025-2026/Spring_2026/ECE_410/ECE410/project/post_m3_Minor_Redesign/tb/tb_top.sv Line: 257

Time: 19395 ns Started: 19385 ns Scope: /tb_top/u_mon File: /run/media/sackb/Windows-SSD/Users/sackb/OneDrive/Desktop/University/Course_Work/2025-2026/Spring_2026/ECE_410/ECE410/project/post_m3_Minor_Redesign/tb/tb_top.sv Line:256
Error: AXI MONITOR: core_C changed while core is idle
Time: 19395 ns  Iteration: 0  Process: /tb_top/u_mon//tb_top/u_mon  Scope: tb_top.u_mon  File: /run/media/sackb/Windows-SSD/Users/sackb/OneDrive/Desktop/University/Course_Work/2025-2026/Spring_2026/ECE_410/ECE410/project/post_m3_Minor_Redesign/tb/tb_top.sv Line: 257

Time: 19405 ns Started: 19395 ns Scope: /tb_top/u_mon File: /run/media/sackb/Windows-SSD/Users/sackb/OneDrive/Desktop/University/Course_Work/2025-2026/Spring_2026/ECE_410/ECE410/project/post_m3_Minor_Redesign/tb/tb_top.sv Line:256
Error: AXI MONITOR: core_C changed while core is idle
Time: 19405 ns  Iteration: 0  Process: /tb_top/u_mon//tb_top/u_mon  Scope: tb_top.u_mon  File: /run/media/sackb/Windows-SSD/Users/sackb/OneDrive/Desktop/University/Course_Work/2025-2026/Spring_2026/ECE_410/ECE410/project/post_m3_Minor_Redesign/tb/tb_top.sv Line: 257

Time: 19415 ns Started: 19405 ns Scope: /tb_top/u_mon File: /run/media/sackb/Windows-SSD/Users/sackb/OneDrive/Desktop/University/Course_Work/2025-2026/Spring_2026/ECE_410/ECE410/project/post_m3_Minor_Redesign/tb/tb_top.sv Line:256
Error: AXI MONITOR: core_C changed while core is idle
Time: 19415 ns  Iteration: 0  Process: /tb_top/u_mon//tb_top/u_mon  Scope: tb_top.u_mon  File: /run/media/sackb/Windows-SSD/Users/sackb/OneDrive/Desktop/University/Course_Work/2025-2026/Spring_2026/ECE_410/ECE410/project/post_m3_Minor_Redesign/tb/tb_top.sv Line: 257

Time: 19425 ns Started: 19415 ns Scope: /tb_top/u_mon File: /run/media/sackb/Windows-SSD/Users/sackb/OneDrive/Desktop/University/Course_Work/2025-2026/Spring_2026/ECE_410/ECE410/project/post_m3_Minor_Redesign/tb/tb_top.sv Line:256
Error: AXI MONITOR: core_C changed while core is idle
Time: 19425 ns  Iteration: 0  Process: /tb_top/u_mon//tb_top/u_mon  Scope: tb_top.u_mon  File: /run/media/sackb/Windows-SSD/Users/sackb/OneDrive/Desktop/University/Course_Work/2025-2026/Spring_2026/ECE_410/ECE410/project/post_m3_Minor_Redesign/tb/tb_top.sv Line: 257

Time: 19435 ns Started: 19425 ns Scope: /tb_top/u_mon File: /run/media/sackb/Windows-SSD/Users/sackb/OneDrive/Desktop/University/Course_Work/2025-2026/Spring_2026/ECE_410/ECE410/project/post_m3_Minor_Redesign/tb/tb_top.sv Line:256
Error: AXI MONITOR: core_C changed while core is idle
Time: 19435 ns  Iteration: 0  Process: /tb_top/u_mon//tb_top/u_mon  Scope: tb_top.u_mon  File: /run/media/sackb/Windows-SSD/Users/sackb/OneDrive/Desktop/University/Course_Work/2025-2026/Spring_2026/ECE_410/ECE410/project/post_m3_Minor_Redesign/tb/tb_top.sv Line: 257

Time: 19445 ns Started: 19435 ns Scope: /tb_top/u_mon File: /run/media/sackb/Windows-SSD/Users/sackb/OneDrive/Desktop/University/Course_Work/2025-2026/Spring_2026/ECE_410/ECE410/project/post_m3_Minor_Redesign/tb/tb_top.sv Line:256
Error: AXI MONITOR: core_C changed while core is idle
Time: 19445 ns  Iteration: 0  Process: /tb_top/u_mon//tb_top/u_mon  Scope: tb_top.u_mon  File: /run/media/sackb/Windows-SSD/Users/sackb/OneDrive/Desktop/University/Course_Work/2025-2026/Spring_2026/ECE_410/ECE410/project/post_m3_Minor_Redesign/tb/tb_top.sv Line: 257

Time: 19455 ns Started: 19445 ns Scope: /tb_top/u_mon File: /run/media/sackb/Windows-SSD/Users/sackb/OneDrive/Desktop/University/Course_Work/2025-2026/Spring_2026/ECE_410/ECE410/project/post_m3_Minor_Redesign/tb/tb_top.sv Line:256
Error: AXI MONITOR: core_C changed while core is idle
Time: 19455 ns  Iteration: 0  Process: /tb_top/u_mon//tb_top/u_mon  Scope: tb_top.u_mon  File: /run/media/sackb/Windows-SSD/Users/sackb/OneDrive/Desktop/University/Course_Work/2025-2026/Spring_2026/ECE_410/ECE410/project/post_m3_Minor_Redesign/tb/tb_top.sv Line: 257

Time: 19465 ns Started: 19455 ns Scope: /tb_top/u_mon File: /run/media/sackb/Windows-SSD/Users/sackb/OneDrive/Desktop/University/Course_Work/2025-2026/Spring_2026/ECE_410/ECE410/project/post_m3_Minor_Redesign/tb/tb_top.sv Line:256
Error: AXI MONITOR: core_C changed while core is idle
Time: 19465 ns  Iteration: 0  Process: /tb_top/u_mon//tb_top/u_mon  Scope: tb_top.u_mon  File: /run/media/sackb/Windows-SSD/Users/sackb/OneDrive/Desktop/University/Course_Work/2025-2026/Spring_2026/ECE_410/ECE410/project/post_m3_Minor_Redesign/tb/tb_top.sv Line: 257

Time: 19475 ns Started: 19465 ns Scope: /tb_top/u_mon File: /run/media/sackb/Windows-SSD/Users/sackb/OneDrive/Desktop/University/Course_Work/2025-2026/Spring_2026/ECE_410/ECE410/project/post_m3_Minor_Redesign/tb/tb_top.sv Line:256
Error: AXI MONITOR: core_C changed while core is idle
Time: 19475 ns  Iteration: 0  Process: /tb_top/u_mon//tb_top/u_mon  Scope: tb_top.u_mon  File: /run/media/sackb/Windows-SSD/Users/sackb/OneDrive/Desktop/University/Course_Work/2025-2026/Spring_2026/ECE_410/ECE410/project/post_m3_Minor_Redesign/tb/tb_top.sv Line: 257

Time: 19485 ns Started: 19475 ns Scope: /tb_top/u_mon File: /run/media/sackb/Windows-SSD/Users/sackb/OneDrive/Desktop/University/Course_Work/2025-2026/Spring_2026/ECE_410/ECE410/project/post_m3_Minor_Redesign/tb/tb_top.sv Line:256
Error: AXI MONITOR: core_C changed while core is idle
Time: 19485 ns  Iteration: 0  Process: /tb_top/u_mon//tb_top/u_mon  Scope: tb_top.u_mon  File: /run/media/sackb/Windows-SSD/Users/sackb/OneDrive/Desktop/University/Course_Work/2025-2026/Spring_2026/ECE_410/ECE410/project/post_m3_Minor_Redesign/tb/tb_top.sv Line: 257

Time: 19495 ns Started: 19485 ns Scope: /tb_top/u_mon File: /run/media/sackb/Windows-SSD/Users/sackb/OneDrive/Desktop/University/Course_Work/2025-2026/Spring_2026/ECE_410/ECE410/project/post_m3_Minor_Redesign/tb/tb_top.sv Line:256
Error: AXI MONITOR: core_C changed while core is idle
Time: 19495 ns  Iteration: 0  Process: /tb_top/u_mon//tb_top/u_mon  Scope: tb_top.u_mon  File: /run/media/sackb/Windows-SSD/Users/sackb/OneDrive/Desktop/University/Course_Work/2025-2026/Spring_2026/ECE_410/ECE410/project/post_m3_Minor_Redesign/tb/tb_top.sv Line: 257

Time: 19505 ns Started: 19495 ns Scope: /tb_top/u_mon File: /run/media/sackb/Windows-SSD/Users/sackb/OneDrive/Desktop/University/Course_Work/2025-2026/Spring_2026/ECE_410/ECE410/project/post_m3_Minor_Redesign/tb/tb_top.sv Line:256
Error: AXI MONITOR: core_C changed while core is idle
Time: 19505 ns  Iteration: 0  Process: /tb_top/u_mon//tb_top/u_mon  Scope: tb_top.u_mon  File: /run/media/sackb/Windows-SSD/Users/sackb/OneDrive/Desktop/University/Course_Work/2025-2026/Spring_2026/ECE_410/ECE410/project/post_m3_Minor_Redesign/tb/tb_top.sv Line: 257

Time: 19515 ns Started: 19505 ns Scope: /tb_top/u_mon File: /run/media/sackb/Windows-SSD/Users/sackb/OneDrive/Desktop/University/Course_Work/2025-2026/Spring_2026/ECE_410/ECE410/project/post_m3_Minor_Redesign/tb/tb_top.sv Line:256
Error: AXI MONITOR: core_C changed while core is idle
Time: 19515 ns  Iteration: 0  Process: /tb_top/u_mon//tb_top/u_mon  Scope: tb_top.u_mon  File: /run/media/sackb/Windows-SSD/Users/sackb/OneDrive/Desktop/University/Course_Work/2025-2026/Spring_2026/ECE_410/ECE410/project/post_m3_Minor_Redesign/tb/tb_top.sv Line: 257

Time: 19525 ns Started: 19515 ns Scope: /tb_top/u_mon File: /run/media/sackb/Windows-SSD/Users/sackb/OneDrive/Desktop/University/Course_Work/2025-2026/Spring_2026/ECE_410/ECE410/project/post_m3_Minor_Redesign/tb/tb_top.sv Line:256
Error: AXI MONITOR: core_C changed while core is idle
Time: 19525 ns  Iteration: 0  Process: /tb_top/u_mon//tb_top/u_mon  Scope: tb_top.u_mon  File: /run/media/sackb/Windows-SSD/Users/sackb/OneDrive/Desktop/University/Course_Work/2025-2026/Spring_2026/ECE_410/ECE410/project/post_m3_Minor_Redesign/tb/tb_top.sv Line: 257

Time: 19535 ns Started: 19525 ns Scope: /tb_top/u_mon File: /run/media/sackb/Windows-SSD/Users/sackb/OneDrive/Desktop/University/Course_Work/2025-2026/Spring_2026/ECE_410/ECE410/project/post_m3_Minor_Redesign/tb/tb_top.sv Line:256
Error: AXI MONITOR: core_C changed while core is idle
Time: 19535 ns  Iteration: 0  Process: /tb_top/u_mon//tb_top/u_mon  Scope: tb_top.u_mon  File: /run/media/sackb/Windows-SSD/Users/sackb/OneDrive/Desktop/University/Course_Work/2025-2026/Spring_2026/ECE_410/ECE410/project/post_m3_Minor_Redesign/tb/tb_top.sv Line: 257

Time: 19545 ns Started: 19535 ns Scope: /tb_top/u_mon File: /run/media/sackb/Windows-SSD/Users/sackb/OneDrive/Desktop/University/Course_Work/2025-2026/Spring_2026/ECE_410/ECE410/project/post_m3_Minor_Redesign/tb/tb_top.sv Line:256
Error: AXI MONITOR: core_C changed while core is idle
Time: 19545 ns  Iteration: 0  Process: /tb_top/u_mon//tb_top/u_mon  Scope: tb_top.u_mon  File: /run/media/sackb/Windows-SSD/Users/sackb/OneDrive/Desktop/University/Course_Work/2025-2026/Spring_2026/ECE_410/ECE410/project/post_m3_Minor_Redesign/tb/tb_top.sv Line: 257

Time: 19555 ns Started: 19545 ns Scope: /tb_top/u_mon File: /run/media/sackb/Windows-SSD/Users/sackb/OneDrive/Desktop/University/Course_Work/2025-2026/Spring_2026/ECE_410/ECE410/project/post_m3_Minor_Redesign/tb/tb_top.sv Line:256
Error: AXI MONITOR: core_C changed while core is idle
Time: 19555 ns  Iteration: 0  Process: /tb_top/u_mon//tb_top/u_mon  Scope: tb_top.u_mon  File: /run/media/sackb/Windows-SSD/Users/sackb/OneDrive/Desktop/University/Course_Work/2025-2026/Spring_2026/ECE_410/ECE410/project/post_m3_Minor_Redesign/tb/tb_top.sv Line: 257

Time: 19565 ns Started: 19555 ns Scope: /tb_top/u_mon File: /run/media/sackb/Windows-SSD/Users/sackb/OneDrive/Desktop/University/Course_Work/2025-2026/Spring_2026/ECE_410/ECE410/project/post_m3_Minor_Redesign/tb/tb_top.sv Line:256
Error: AXI MONITOR: core_C changed while core is idle
Time: 19565 ns  Iteration: 0  Process: /tb_top/u_mon//tb_top/u_mon  Scope: tb_top.u_mon  File: /run/media/sackb/Windows-SSD/Users/sackb/OneDrive/Desktop/University/Course_Work/2025-2026/Spring_2026/ECE_410/ECE410/project/post_m3_Minor_Redesign/tb/tb_top.sv Line: 257

Time: 19575 ns Started: 19565 ns Scope: /tb_top/u_mon File: /run/media/sackb/Windows-SSD/Users/sackb/OneDrive/Desktop/University/Course_Work/2025-2026/Spring_2026/ECE_410/ECE410/project/post_m3_Minor_Redesign/tb/tb_top.sv Line:256
Error: AXI MONITOR: core_C changed while core is idle
Time: 19575 ns  Iteration: 0  Process: /tb_top/u_mon//tb_top/u_mon  Scope: tb_top.u_mon  File: /run/media/sackb/Windows-SSD/Users/sackb/OneDrive/Desktop/University/Course_Work/2025-2026/Spring_2026/ECE_410/ECE410/project/post_m3_Minor_Redesign/tb/tb_top.sv Line: 257

Time: 19585 ns Started: 19575 ns Scope: /tb_top/u_mon File: /run/media/sackb/Windows-SSD/Users/sackb/OneDrive/Desktop/University/Course_Work/2025-2026/Spring_2026/ECE_410/ECE410/project/post_m3_Minor_Redesign/tb/tb_top.sv Line:256
Error: AXI MONITOR: core_C changed while core is idle
Time: 19585 ns  Iteration: 0  Process: /tb_top/u_mon//tb_top/u_mon  Scope: tb_top.u_mon  File: /run/media/sackb/Windows-SSD/Users/sackb/OneDrive/Desktop/University/Course_Work/2025-2026/Spring_2026/ECE_410/ECE410/project/post_m3_Minor_Redesign/tb/tb_top.sv Line: 257

Time: 19595 ns Started: 19585 ns Scope: /tb_top/u_mon File: /run/media/sackb/Windows-SSD/Users/sackb/OneDrive/Desktop/University/Course_Work/2025-2026/Spring_2026/ECE_410/ECE410/project/post_m3_Minor_Redesign/tb/tb_top.sv Line:256
Error: AXI MONITOR: core_C changed while core is idle
Time: 19595 ns  Iteration: 0  Process: /tb_top/u_mon//tb_top/u_mon  Scope: tb_top.u_mon  File: /run/media/sackb/Windows-SSD/Users/sackb/OneDrive/Desktop/University/Course_Work/2025-2026/Spring_2026/ECE_410/ECE410/project/post_m3_Minor_Redesign/tb/tb_top.sv Line: 257

Time: 19605 ns Started: 19595 ns Scope: /tb_top/u_mon File: /run/media/sackb/Windows-SSD/Users/sackb/OneDrive/Desktop/University/Course_Work/2025-2026/Spring_2026/ECE_410/ECE410/project/post_m3_Minor_Redesign/tb/tb_top.sv Line:256
Error: AXI MONITOR: core_C changed while core is idle
Time: 19605 ns  Iteration: 0  Process: /tb_top/u_mon//tb_top/u_mon  Scope: tb_top.u_mon  File: /run/media/sackb/Windows-SSD/Users/sackb/OneDrive/Desktop/University/Course_Work/2025-2026/Spring_2026/ECE_410/ECE410/project/post_m3_Minor_Redesign/tb/tb_top.sv Line: 257

Time: 19615 ns Started: 19605 ns Scope: /tb_top/u_mon File: /run/media/sackb/Windows-SSD/Users/sackb/OneDrive/Desktop/University/Course_Work/2025-2026/Spring_2026/ECE_410/ECE410/project/post_m3_Minor_Redesign/tb/tb_top.sv Line:256
Error: AXI MONITOR: core_C changed while core is idle
Time: 19615 ns  Iteration: 0  Process: /tb_top/u_mon//tb_top/u_mon  Scope: tb_top.u_mon  File: /run/media/sackb/Windows-SSD/Users/sackb/OneDrive/Desktop/University/Course_Work/2025-2026/Spring_2026/ECE_410/ECE410/project/post_m3_Minor_Redesign/tb/tb_top.sv Line: 257

Time: 19625 ns Started: 19615 ns Scope: /tb_top/u_mon File: /run/media/sackb/Windows-SSD/Users/sackb/OneDrive/Desktop/University/Course_Work/2025-2026/Spring_2026/ECE_410/ECE410/project/post_m3_Minor_Redesign/tb/tb_top.sv Line:256
Error: AXI MONITOR: core_C changed while core is idle
Time: 19625 ns  Iteration: 0  Process: /tb_top/u_mon//tb_top/u_mon  Scope: tb_top.u_mon  File: /run/media/sackb/Windows-SSD/Users/sackb/OneDrive/Desktop/University/Course_Work/2025-2026/Spring_2026/ECE_410/ECE410/project/post_m3_Minor_Redesign/tb/tb_top.sv Line: 257

Time: 19635 ns Started: 19625 ns Scope: /tb_top/u_mon File: /run/media/sackb/Windows-SSD/Users/sackb/OneDrive/Desktop/University/Course_Work/2025-2026/Spring_2026/ECE_410/ECE410/project/post_m3_Minor_Redesign/tb/tb_top.sv Line:256
Error: AXI MONITOR: core_C changed while core is idle
Time: 19635 ns  Iteration: 0  Process: /tb_top/u_mon//tb_top/u_mon  Scope: tb_top.u_mon  File: /run/media/sackb/Windows-SSD/Users/sackb/OneDrive/Desktop/University/Course_Work/2025-2026/Spring_2026/ECE_410/ECE410/project/post_m3_Minor_Redesign/tb/tb_top.sv Line: 257

Time: 19645 ns Started: 19635 ns Scope: /tb_top/u_mon File: /run/media/sackb/Windows-SSD/Users/sackb/OneDrive/Desktop/University/Course_Work/2025-2026/Spring_2026/ECE_410/ECE410/project/post_m3_Minor_Redesign/tb/tb_top.sv Line:256
Error: AXI MONITOR: core_C changed while core is idle
Time: 19645 ns  Iteration: 0  Process: /tb_top/u_mon//tb_top/u_mon  Scope: tb_top.u_mon  File: /run/media/sackb/Windows-SSD/Users/sackb/OneDrive/Desktop/University/Course_Work/2025-2026/Spring_2026/ECE_410/ECE410/project/post_m3_Minor_Redesign/tb/tb_top.sv Line: 257

Time: 19655 ns Started: 19645 ns Scope: /tb_top/u_mon File: /run/media/sackb/Windows-SSD/Users/sackb/OneDrive/Desktop/University/Course_Work/2025-2026/Spring_2026/ECE_410/ECE410/project/post_m3_Minor_Redesign/tb/tb_top.sv Line:256
Error: AXI MONITOR: core_C changed while core is idle
Time: 19655 ns  Iteration: 0  Process: /tb_top/u_mon//tb_top/u_mon  Scope: tb_top.u_mon  File: /run/media/sackb/Windows-SSD/Users/sackb/OneDrive/Desktop/University/Course_Work/2025-2026/Spring_2026/ECE_410/ECE410/project/post_m3_Minor_Redesign/tb/tb_top.sv Line: 257

Time: 19665 ns Started: 19655 ns Scope: /tb_top/u_mon File: /run/media/sackb/Windows-SSD/Users/sackb/OneDrive/Desktop/University/Course_Work/2025-2026/Spring_2026/ECE_410/ECE410/project/post_m3_Minor_Redesign/tb/tb_top.sv Line:256
Error: AXI MONITOR: core_C changed while core is idle
Time: 19665 ns  Iteration: 0  Process: /tb_top/u_mon//tb_top/u_mon  Scope: tb_top.u_mon  File: /run/media/sackb/Windows-SSD/Users/sackb/OneDrive/Desktop/University/Course_Work/2025-2026/Spring_2026/ECE_410/ECE410/project/post_m3_Minor_Redesign/tb/tb_top.sv Line: 257

Time: 19675 ns Started: 19665 ns Scope: /tb_top/u_mon File: /run/media/sackb/Windows-SSD/Users/sackb/OneDrive/Desktop/University/Course_Work/2025-2026/Spring_2026/ECE_410/ECE410/project/post_m3_Minor_Redesign/tb/tb_top.sv Line:256
Error: AXI MONITOR: core_C changed while core is idle
Time: 19675 ns  Iteration: 0  Process: /tb_top/u_mon//tb_top/u_mon  Scope: tb_top.u_mon  File: /run/media/sackb/Windows-SSD/Users/sackb/OneDrive/Desktop/University/Course_Work/2025-2026/Spring_2026/ECE_410/ECE410/project/post_m3_Minor_Redesign/tb/tb_top.sv Line: 257

Time: 19685 ns Started: 19675 ns Scope: /tb_top/u_mon File: /run/media/sackb/Windows-SSD/Users/sackb/OneDrive/Desktop/University/Course_Work/2025-2026/Spring_2026/ECE_410/ECE410/project/post_m3_Minor_Redesign/tb/tb_top.sv Line:256
Error: AXI MONITOR: core_C changed while core is idle
Time: 19685 ns  Iteration: 0  Process: /tb_top/u_mon//tb_top/u_mon  Scope: tb_top.u_mon  File: /run/media/sackb/Windows-SSD/Users/sackb/OneDrive/Desktop/University/Course_Work/2025-2026/Spring_2026/ECE_410/ECE410/project/post_m3_Minor_Redesign/tb/tb_top.sv Line: 257

Time: 19695 ns Started: 19685 ns Scope: /tb_top/u_mon File: /run/media/sackb/Windows-SSD/Users/sackb/OneDrive/Desktop/University/Course_Work/2025-2026/Spring_2026/ECE_410/ECE410/project/post_m3_Minor_Redesign/tb/tb_top.sv Line:256
Error: AXI MONITOR: core_C changed while core is idle
Time: 19695 ns  Iteration: 0  Process: /tb_top/u_mon//tb_top/u_mon  Scope: tb_top.u_mon  File: /run/media/sackb/Windows-SSD/Users/sackb/OneDrive/Desktop/University/Course_Work/2025-2026/Spring_2026/ECE_410/ECE410/project/post_m3_Minor_Redesign/tb/tb_top.sv Line: 257

Time: 19705 ns Started: 19695 ns Scope: /tb_top/u_mon File: /run/media/sackb/Windows-SSD/Users/sackb/OneDrive/Desktop/University/Course_Work/2025-2026/Spring_2026/ECE_410/ECE410/project/post_m3_Minor_Redesign/tb/tb_top.sv Line:256
Error: AXI MONITOR: core_C changed while core is idle
Time: 19705 ns  Iteration: 0  Process: /tb_top/u_mon//tb_top/u_mon  Scope: tb_top.u_mon  File: /run/media/sackb/Windows-SSD/Users/sackb/OneDrive/Desktop/University/Course_Work/2025-2026/Spring_2026/ECE_410/ECE410/project/post_m3_Minor_Redesign/tb/tb_top.sv Line: 257

Time: 19715 ns Started: 19705 ns Scope: /tb_top/u_mon File: /run/media/sackb/Windows-SSD/Users/sackb/OneDrive/Desktop/University/Course_Work/2025-2026/Spring_2026/ECE_410/ECE410/project/post_m3_Minor_Redesign/tb/tb_top.sv Line:256
Error: AXI MONITOR: core_C changed while core is idle
Time: 19715 ns  Iteration: 0  Process: /tb_top/u_mon//tb_top/u_mon  Scope: tb_top.u_mon  File: /run/media/sackb/Windows-SSD/Users/sackb/OneDrive/Desktop/University/Course_Work/2025-2026/Spring_2026/ECE_410/ECE410/project/post_m3_Minor_Redesign/tb/tb_top.sv Line: 257

Time: 19725 ns Started: 19715 ns Scope: /tb_top/u_mon File: /run/media/sackb/Windows-SSD/Users/sackb/OneDrive/Desktop/University/Course_Work/2025-2026/Spring_2026/ECE_410/ECE410/project/post_m3_Minor_Redesign/tb/tb_top.sv Line:256
Error: AXI MONITOR: core_C changed while core is idle
Time: 19725 ns  Iteration: 0  Process: /tb_top/u_mon//tb_top/u_mon  Scope: tb_top.u_mon  File: /run/media/sackb/Windows-SSD/Users/sackb/OneDrive/Desktop/University/Course_Work/2025-2026/Spring_2026/ECE_410/ECE410/project/post_m3_Minor_Redesign/tb/tb_top.sv Line: 257

Time: 19735 ns Started: 19725 ns Scope: /tb_top/u_mon File: /run/media/sackb/Windows-SSD/Users/sackb/OneDrive/Desktop/University/Course_Work/2025-2026/Spring_2026/ECE_410/ECE410/project/post_m3_Minor_Redesign/tb/tb_top.sv Line:256
Error: AXI MONITOR: core_C changed while core is idle
Time: 19735 ns  Iteration: 0  Process: /tb_top/u_mon//tb_top/u_mon  Scope: tb_top.u_mon  File: /run/media/sackb/Windows-SSD/Users/sackb/OneDrive/Desktop/University/Course_Work/2025-2026/Spring_2026/ECE_410/ECE410/project/post_m3_Minor_Redesign/tb/tb_top.sv Line: 257

Time: 19745 ns Started: 19735 ns Scope: /tb_top/u_mon File: /run/media/sackb/Windows-SSD/Users/sackb/OneDrive/Desktop/University/Course_Work/2025-2026/Spring_2026/ECE_410/ECE410/project/post_m3_Minor_Redesign/tb/tb_top.sv Line:256
Error: AXI MONITOR: core_C changed while core is idle
Time: 19745 ns  Iteration: 0  Process: /tb_top/u_mon//tb_top/u_mon  Scope: tb_top.u_mon  File: /run/media/sackb/Windows-SSD/Users/sackb/OneDrive/Desktop/University/Course_Work/2025-2026/Spring_2026/ECE_410/ECE410/project/post_m3_Minor_Redesign/tb/tb_top.sv Line: 257

Time: 19755 ns Started: 19745 ns Scope: /tb_top/u_mon File: /run/media/sackb/Windows-SSD/Users/sackb/OneDrive/Desktop/University/Course_Work/2025-2026/Spring_2026/ECE_410/ECE410/project/post_m3_Minor_Redesign/tb/tb_top.sv Line:256
Error: AXI MONITOR: core_C changed while core is idle
Time: 19755 ns  Iteration: 0  Process: /tb_top/u_mon//tb_top/u_mon  Scope: tb_top.u_mon  File: /run/media/sackb/Windows-SSD/Users/sackb/OneDrive/Desktop/University/Course_Work/2025-2026/Spring_2026/ECE_410/ECE410/project/post_m3_Minor_Redesign/tb/tb_top.sv Line: 257

Time: 19765 ns Started: 19755 ns Scope: /tb_top/u_mon File: /run/media/sackb/Windows-SSD/Users/sackb/OneDrive/Desktop/University/Course_Work/2025-2026/Spring_2026/ECE_410/ECE410/project/post_m3_Minor_Redesign/tb/tb_top.sv Line:256
Error: AXI MONITOR: core_C changed while core is idle
Time: 19765 ns  Iteration: 0  Process: /tb_top/u_mon//tb_top/u_mon  Scope: tb_top.u_mon  File: /run/media/sackb/Windows-SSD/Users/sackb/OneDrive/Desktop/University/Course_Work/2025-2026/Spring_2026/ECE_410/ECE410/project/post_m3_Minor_Redesign/tb/tb_top.sv Line: 257

Time: 19775 ns Started: 19765 ns Scope: /tb_top/u_mon File: /run/media/sackb/Windows-SSD/Users/sackb/OneDrive/Desktop/University/Course_Work/2025-2026/Spring_2026/ECE_410/ECE410/project/post_m3_Minor_Redesign/tb/tb_top.sv Line:256
Error: AXI MONITOR: core_C changed while core is idle
Time: 19775 ns  Iteration: 0  Process: /tb_top/u_mon//tb_top/u_mon  Scope: tb_top.u_mon  File: /run/media/sackb/Windows-SSD/Users/sackb/OneDrive/Desktop/University/Course_Work/2025-2026/Spring_2026/ECE_410/ECE410/project/post_m3_Minor_Redesign/tb/tb_top.sv Line: 257

Time: 19785 ns Started: 19775 ns Scope: /tb_top/u_mon File: /run/media/sackb/Windows-SSD/Users/sackb/OneDrive/Desktop/University/Course_Work/2025-2026/Spring_2026/ECE_410/ECE410/project/post_m3_Minor_Redesign/tb/tb_top.sv Line:256
Error: AXI MONITOR: core_C changed while core is idle
Time: 19785 ns  Iteration: 0  Process: /tb_top/u_mon//tb_top/u_mon  Scope: tb_top.u_mon  File: /run/media/sackb/Windows-SSD/Users/sackb/OneDrive/Desktop/University/Course_Work/2025-2026/Spring_2026/ECE_410/ECE410/project/post_m3_Minor_Redesign/tb/tb_top.sv Line: 257

Time: 20525 ns Started: 20515 ns Scope: /tb_top/u_mon File: /run/media/sackb/Windows-SSD/Users/sackb/OneDrive/Desktop/University/Course_Work/2025-2026/Spring_2026/ECE_410/ECE410/project/post_m3_Minor_Redesign/tb/tb_top.sv Line:256
Error: AXI MONITOR: core_C changed while core is idle
Time: 20525 ns  Iteration: 0  Process: /tb_top/u_mon//tb_top/u_mon  Scope: tb_top.u_mon  File: /run/media/sackb/Windows-SSD/Users/sackb/OneDrive/Desktop/University/Course_Work/2025-2026/Spring_2026/ECE_410/ECE410/project/post_m3_Minor_Redesign/tb/tb_top.sv Line: 257

Time: 20535 ns Started: 20525 ns Scope: /tb_top/u_mon File: /run/media/sackb/Windows-SSD/Users/sackb/OneDrive/Desktop/University/Course_Work/2025-2026/Spring_2026/ECE_410/ECE410/project/post_m3_Minor_Redesign/tb/tb_top.sv Line:256
Error: AXI MONITOR: core_C changed while core is idle
Time: 20535 ns  Iteration: 0  Process: /tb_top/u_mon//tb_top/u_mon  Scope: tb_top.u_mon  File: /run/media/sackb/Windows-SSD/Users/sackb/OneDrive/Desktop/University/Course_Work/2025-2026/Spring_2026/ECE_410/ECE410/project/post_m3_Minor_Redesign/tb/tb_top.sv Line: 257

Time: 20545 ns Started: 20535 ns Scope: /tb_top/u_mon File: /run/media/sackb/Windows-SSD/Users/sackb/OneDrive/Desktop/University/Course_Work/2025-2026/Spring_2026/ECE_410/ECE410/project/post_m3_Minor_Redesign/tb/tb_top.sv Line:256
Error: AXI MONITOR: core_C changed while core is idle
Time: 20545 ns  Iteration: 0  Process: /tb_top/u_mon//tb_top/u_mon  Scope: tb_top.u_mon  File: /run/media/sackb/Windows-SSD/Users/sackb/OneDrive/Desktop/University/Course_Work/2025-2026/Spring_2026/ECE_410/ECE410/project/post_m3_Minor_Redesign/tb/tb_top.sv Line: 257

Time: 20555 ns Started: 20545 ns Scope: /tb_top/u_mon File: /run/media/sackb/Windows-SSD/Users/sackb/OneDrive/Desktop/University/Course_Work/2025-2026/Spring_2026/ECE_410/ECE410/project/post_m3_Minor_Redesign/tb/tb_top.sv Line:256
Error: AXI MONITOR: core_C changed while core is idle
Time: 20555 ns  Iteration: 0  Process: /tb_top/u_mon//tb_top/u_mon  Scope: tb_top.u_mon  File: /run/media/sackb/Windows-SSD/Users/sackb/OneDrive/Desktop/University/Course_Work/2025-2026/Spring_2026/ECE_410/ECE410/project/post_m3_Minor_Redesign/tb/tb_top.sv Line: 257

Time: 20565 ns Started: 20555 ns Scope: /tb_top/u_mon File: /run/media/sackb/Windows-SSD/Users/sackb/OneDrive/Desktop/University/Course_Work/2025-2026/Spring_2026/ECE_410/ECE410/project/post_m3_Minor_Redesign/tb/tb_top.sv Line:256
Error: AXI MONITOR: core_C changed while core is idle
Time: 20565 ns  Iteration: 0  Process: /tb_top/u_mon//tb_top/u_mon  Scope: tb_top.u_mon  File: /run/media/sackb/Windows-SSD/Users/sackb/OneDrive/Desktop/University/Course_Work/2025-2026/Spring_2026/ECE_410/ECE410/project/post_m3_Minor_Redesign/tb/tb_top.sv Line: 257

Time: 20575 ns Started: 20565 ns Scope: /tb_top/u_mon File: /run/media/sackb/Windows-SSD/Users/sackb/OneDrive/Desktop/University/Course_Work/2025-2026/Spring_2026/ECE_410/ECE410/project/post_m3_Minor_Redesign/tb/tb_top.sv Line:256
Error: AXI MONITOR: core_C changed while core is idle
Time: 20575 ns  Iteration: 0  Process: /tb_top/u_mon//tb_top/u_mon  Scope: tb_top.u_mon  File: /run/media/sackb/Windows-SSD/Users/sackb/OneDrive/Desktop/University/Course_Work/2025-2026/Spring_2026/ECE_410/ECE410/project/post_m3_Minor_Redesign/tb/tb_top.sv Line: 257

Time: 20585 ns Started: 20575 ns Scope: /tb_top/u_mon File: /run/media/sackb/Windows-SSD/Users/sackb/OneDrive/Desktop/University/Course_Work/2025-2026/Spring_2026/ECE_410/ECE410/project/post_m3_Minor_Redesign/tb/tb_top.sv Line:256
Error: AXI MONITOR: core_C changed while core is idle
Time: 20585 ns  Iteration: 0  Process: /tb_top/u_mon//tb_top/u_mon  Scope: tb_top.u_mon  File: /run/media/sackb/Windows-SSD/Users/sackb/OneDrive/Desktop/University/Course_Work/2025-2026/Spring_2026/ECE_410/ECE410/project/post_m3_Minor_Redesign/tb/tb_top.sv Line: 257

Time: 20595 ns Started: 20585 ns Scope: /tb_top/u_mon File: /run/media/sackb/Windows-SSD/Users/sackb/OneDrive/Desktop/University/Course_Work/2025-2026/Spring_2026/ECE_410/ECE410/project/post_m3_Minor_Redesign/tb/tb_top.sv Line:256
Error: AXI MONITOR: core_C changed while core is idle
Time: 20595 ns  Iteration: 0  Process: /tb_top/u_mon//tb_top/u_mon  Scope: tb_top.u_mon  File: /run/media/sackb/Windows-SSD/Users/sackb/OneDrive/Desktop/University/Course_Work/2025-2026/Spring_2026/ECE_410/ECE410/project/post_m3_Minor_Redesign/tb/tb_top.sv Line: 257

Time: 20605 ns Started: 20595 ns Scope: /tb_top/u_mon File: /run/media/sackb/Windows-SSD/Users/sackb/OneDrive/Desktop/University/Course_Work/2025-2026/Spring_2026/ECE_410/ECE410/project/post_m3_Minor_Redesign/tb/tb_top.sv Line:256
Error: AXI MONITOR: core_C changed while core is idle
Time: 20605 ns  Iteration: 0  Process: /tb_top/u_mon//tb_top/u_mon  Scope: tb_top.u_mon  File: /run/media/sackb/Windows-SSD/Users/sackb/OneDrive/Desktop/University/Course_Work/2025-2026/Spring_2026/ECE_410/ECE410/project/post_m3_Minor_Redesign/tb/tb_top.sv Line: 257

Time: 20615 ns Started: 20605 ns Scope: /tb_top/u_mon File: /run/media/sackb/Windows-SSD/Users/sackb/OneDrive/Desktop/University/Course_Work/2025-2026/Spring_2026/ECE_410/ECE410/project/post_m3_Minor_Redesign/tb/tb_top.sv Line:256
Error: AXI MONITOR: core_C changed while core is idle
Time: 20615 ns  Iteration: 0  Process: /tb_top/u_mon//tb_top/u_mon  Scope: tb_top.u_mon  File: /run/media/sackb/Windows-SSD/Users/sackb/OneDrive/Desktop/University/Course_Work/2025-2026/Spring_2026/ECE_410/ECE410/project/post_m3_Minor_Redesign/tb/tb_top.sv Line: 257

Time: 20625 ns Started: 20615 ns Scope: /tb_top/u_mon File: /run/media/sackb/Windows-SSD/Users/sackb/OneDrive/Desktop/University/Course_Work/2025-2026/Spring_2026/ECE_410/ECE410/project/post_m3_Minor_Redesign/tb/tb_top.sv Line:256
Error: AXI MONITOR: core_C changed while core is idle
Time: 20625 ns  Iteration: 0  Process: /tb_top/u_mon//tb_top/u_mon  Scope: tb_top.u_mon  File: /run/media/sackb/Windows-SSD/Users/sackb/OneDrive/Desktop/University/Course_Work/2025-2026/Spring_2026/ECE_410/ECE410/project/post_m3_Minor_Redesign/tb/tb_top.sv Line: 257

Time: 20635 ns Started: 20625 ns Scope: /tb_top/u_mon File: /run/media/sackb/Windows-SSD/Users/sackb/OneDrive/Desktop/University/Course_Work/2025-2026/Spring_2026/ECE_410/ECE410/project/post_m3_Minor_Redesign/tb/tb_top.sv Line:256
Error: AXI MONITOR: core_C changed while core is idle
Time: 20635 ns  Iteration: 0  Process: /tb_top/u_mon//tb_top/u_mon  Scope: tb_top.u_mon  File: /run/media/sackb/Windows-SSD/Users/sackb/OneDrive/Desktop/University/Course_Work/2025-2026/Spring_2026/ECE_410/ECE410/project/post_m3_Minor_Redesign/tb/tb_top.sv Line: 257

Time: 20645 ns Started: 20635 ns Scope: /tb_top/u_mon File: /run/media/sackb/Windows-SSD/Users/sackb/OneDrive/Desktop/University/Course_Work/2025-2026/Spring_2026/ECE_410/ECE410/project/post_m3_Minor_Redesign/tb/tb_top.sv Line:256
Error: AXI MONITOR: core_C changed while core is idle
Time: 20645 ns  Iteration: 0  Process: /tb_top/u_mon//tb_top/u_mon  Scope: tb_top.u_mon  File: /run/media/sackb/Windows-SSD/Users/sackb/OneDrive/Desktop/University/Course_Work/2025-2026/Spring_2026/ECE_410/ECE410/project/post_m3_Minor_Redesign/tb/tb_top.sv Line: 257

Time: 20655 ns Started: 20645 ns Scope: /tb_top/u_mon File: /run/media/sackb/Windows-SSD/Users/sackb/OneDrive/Desktop/University/Course_Work/2025-2026/Spring_2026/ECE_410/ECE410/project/post_m3_Minor_Redesign/tb/tb_top.sv Line:256
Error: AXI MONITOR: core_C changed while core is idle
Time: 20655 ns  Iteration: 0  Process: /tb_top/u_mon//tb_top/u_mon  Scope: tb_top.u_mon  File: /run/media/sackb/Windows-SSD/Users/sackb/OneDrive/Desktop/University/Course_Work/2025-2026/Spring_2026/ECE_410/ECE410/project/post_m3_Minor_Redesign/tb/tb_top.sv Line: 257

Time: 20665 ns Started: 20655 ns Scope: /tb_top/u_mon File: /run/media/sackb/Windows-SSD/Users/sackb/OneDrive/Desktop/University/Course_Work/2025-2026/Spring_2026/ECE_410/ECE410/project/post_m3_Minor_Redesign/tb/tb_top.sv Line:256
Error: AXI MONITOR: core_C changed while core is idle
Time: 20665 ns  Iteration: 0  Process: /tb_top/u_mon//tb_top/u_mon  Scope: tb_top.u_mon  File: /run/media/sackb/Windows-SSD/Users/sackb/OneDrive/Desktop/University/Course_Work/2025-2026/Spring_2026/ECE_410/ECE410/project/post_m3_Minor_Redesign/tb/tb_top.sv Line: 257

Time: 20675 ns Started: 20665 ns Scope: /tb_top/u_mon File: /run/media/sackb/Windows-SSD/Users/sackb/OneDrive/Desktop/University/Course_Work/2025-2026/Spring_2026/ECE_410/ECE410/project/post_m3_Minor_Redesign/tb/tb_top.sv Line:256
Error: AXI MONITOR: core_C changed while core is idle
Time: 20675 ns  Iteration: 0  Process: /tb_top/u_mon//tb_top/u_mon  Scope: tb_top.u_mon  File: /run/media/sackb/Windows-SSD/Users/sackb/OneDrive/Desktop/University/Course_Work/2025-2026/Spring_2026/ECE_410/ECE410/project/post_m3_Minor_Redesign/tb/tb_top.sv Line: 257

Time: 20685 ns Started: 20675 ns Scope: /tb_top/u_mon File: /run/media/sackb/Windows-SSD/Users/sackb/OneDrive/Desktop/University/Course_Work/2025-2026/Spring_2026/ECE_410/ECE410/project/post_m3_Minor_Redesign/tb/tb_top.sv Line:256
Error: AXI MONITOR: core_C changed while core is idle
Time: 20685 ns  Iteration: 0  Process: /tb_top/u_mon//tb_top/u_mon  Scope: tb_top.u_mon  File: /run/media/sackb/Windows-SSD/Users/sackb/OneDrive/Desktop/University/Course_Work/2025-2026/Spring_2026/ECE_410/ECE410/project/post_m3_Minor_Redesign/tb/tb_top.sv Line: 257

Time: 20695 ns Started: 20685 ns Scope: /tb_top/u_mon File: /run/media/sackb/Windows-SSD/Users/sackb/OneDrive/Desktop/University/Course_Work/2025-2026/Spring_2026/ECE_410/ECE410/project/post_m3_Minor_Redesign/tb/tb_top.sv Line:256
Error: AXI MONITOR: core_C changed while core is idle
Time: 20695 ns  Iteration: 0  Process: /tb_top/u_mon//tb_top/u_mon  Scope: tb_top.u_mon  File: /run/media/sackb/Windows-SSD/Users/sackb/OneDrive/Desktop/University/Course_Work/2025-2026/Spring_2026/ECE_410/ECE410/project/post_m3_Minor_Redesign/tb/tb_top.sv Line: 257

Time: 20705 ns Started: 20695 ns Scope: /tb_top/u_mon File: /run/media/sackb/Windows-SSD/Users/sackb/OneDrive/Desktop/University/Course_Work/2025-2026/Spring_2026/ECE_410/ECE410/project/post_m3_Minor_Redesign/tb/tb_top.sv Line:256
Error: AXI MONITOR: core_C changed while core is idle
Time: 20705 ns  Iteration: 0  Process: /tb_top/u_mon//tb_top/u_mon  Scope: tb_top.u_mon  File: /run/media/sackb/Windows-SSD/Users/sackb/OneDrive/Desktop/University/Course_Work/2025-2026/Spring_2026/ECE_410/ECE410/project/post_m3_Minor_Redesign/tb/tb_top.sv Line: 257

Time: 20715 ns Started: 20705 ns Scope: /tb_top/u_mon File: /run/media/sackb/Windows-SSD/Users/sackb/OneDrive/Desktop/University/Course_Work/2025-2026/Spring_2026/ECE_410/ECE410/project/post_m3_Minor_Redesign/tb/tb_top.sv Line:256
Error: AXI MONITOR: core_C changed while core is idle
Time: 20715 ns  Iteration: 0  Process: /tb_top/u_mon//tb_top/u_mon  Scope: tb_top.u_mon  File: /run/media/sackb/Windows-SSD/Users/sackb/OneDrive/Desktop/University/Course_Work/2025-2026/Spring_2026/ECE_410/ECE410/project/post_m3_Minor_Redesign/tb/tb_top.sv Line: 257

Time: 20725 ns Started: 20715 ns Scope: /tb_top/u_mon File: /run/media/sackb/Windows-SSD/Users/sackb/OneDrive/Desktop/University/Course_Work/2025-2026/Spring_2026/ECE_410/ECE410/project/post_m3_Minor_Redesign/tb/tb_top.sv Line:256
Error: AXI MONITOR: core_C changed while core is idle
Time: 20725 ns  Iteration: 0  Process: /tb_top/u_mon//tb_top/u_mon  Scope: tb_top.u_mon  File: /run/media/sackb/Windows-SSD/Users/sackb/OneDrive/Desktop/University/Course_Work/2025-2026/Spring_2026/ECE_410/ECE410/project/post_m3_Minor_Redesign/tb/tb_top.sv Line: 257

Time: 20735 ns Started: 20725 ns Scope: /tb_top/u_mon File: /run/media/sackb/Windows-SSD/Users/sackb/OneDrive/Desktop/University/Course_Work/2025-2026/Spring_2026/ECE_410/ECE410/project/post_m3_Minor_Redesign/tb/tb_top.sv Line:256
Error: AXI MONITOR: core_C changed while core is idle
Time: 20735 ns  Iteration: 0  Process: /tb_top/u_mon//tb_top/u_mon  Scope: tb_top.u_mon  File: /run/media/sackb/Windows-SSD/Users/sackb/OneDrive/Desktop/University/Course_Work/2025-2026/Spring_2026/ECE_410/ECE410/project/post_m3_Minor_Redesign/tb/tb_top.sv Line: 257

Time: 20745 ns Started: 20735 ns Scope: /tb_top/u_mon File: /run/media/sackb/Windows-SSD/Users/sackb/OneDrive/Desktop/University/Course_Work/2025-2026/Spring_2026/ECE_410/ECE410/project/post_m3_Minor_Redesign/tb/tb_top.sv Line:256
Error: AXI MONITOR: core_C changed while core is idle
Time: 20745 ns  Iteration: 0  Process: /tb_top/u_mon//tb_top/u_mon  Scope: tb_top.u_mon  File: /run/media/sackb/Windows-SSD/Users/sackb/OneDrive/Desktop/University/Course_Work/2025-2026/Spring_2026/ECE_410/ECE410/project/post_m3_Minor_Redesign/tb/tb_top.sv Line: 257

Time: 20755 ns Started: 20745 ns Scope: /tb_top/u_mon File: /run/media/sackb/Windows-SSD/Users/sackb/OneDrive/Desktop/University/Course_Work/2025-2026/Spring_2026/ECE_410/ECE410/project/post_m3_Minor_Redesign/tb/tb_top.sv Line:256
Error: AXI MONITOR: core_C changed while core is idle
Time: 20755 ns  Iteration: 0  Process: /tb_top/u_mon//tb_top/u_mon  Scope: tb_top.u_mon  File: /run/media/sackb/Windows-SSD/Users/sackb/OneDrive/Desktop/University/Course_Work/2025-2026/Spring_2026/ECE_410/ECE410/project/post_m3_Minor_Redesign/tb/tb_top.sv Line: 257

Time: 20765 ns Started: 20755 ns Scope: /tb_top/u_mon File: /run/media/sackb/Windows-SSD/Users/sackb/OneDrive/Desktop/University/Course_Work/2025-2026/Spring_2026/ECE_410/ECE410/project/post_m3_Minor_Redesign/tb/tb_top.sv Line:256
Error: AXI MONITOR: core_C changed while core is idle
Time: 20765 ns  Iteration: 0  Process: /tb_top/u_mon//tb_top/u_mon  Scope: tb_top.u_mon  File: /run/media/sackb/Windows-SSD/Users/sackb/OneDrive/Desktop/University/Course_Work/2025-2026/Spring_2026/ECE_410/ECE410/project/post_m3_Minor_Redesign/tb/tb_top.sv Line: 257

Time: 20775 ns Started: 20765 ns Scope: /tb_top/u_mon File: /run/media/sackb/Windows-SSD/Users/sackb/OneDrive/Desktop/University/Course_Work/2025-2026/Spring_2026/ECE_410/ECE410/project/post_m3_Minor_Redesign/tb/tb_top.sv Line:256
Error: AXI MONITOR: core_C changed while core is idle
Time: 20775 ns  Iteration: 0  Process: /tb_top/u_mon//tb_top/u_mon  Scope: tb_top.u_mon  File: /run/media/sackb/Windows-SSD/Users/sackb/OneDrive/Desktop/University/Course_Work/2025-2026/Spring_2026/ECE_410/ECE410/project/post_m3_Minor_Redesign/tb/tb_top.sv Line: 257

Time: 20785 ns Started: 20775 ns Scope: /tb_top/u_mon File: /run/media/sackb/Windows-SSD/Users/sackb/OneDrive/Desktop/University/Course_Work/2025-2026/Spring_2026/ECE_410/ECE410/project/post_m3_Minor_Redesign/tb/tb_top.sv Line:256
Error: AXI MONITOR: core_C changed while core is idle
Time: 20785 ns  Iteration: 0  Process: /tb_top/u_mon//tb_top/u_mon  Scope: tb_top.u_mon  File: /run/media/sackb/Windows-SSD/Users/sackb/OneDrive/Desktop/University/Course_Work/2025-2026/Spring_2026/ECE_410/ECE410/project/post_m3_Minor_Redesign/tb/tb_top.sv Line: 257

Time: 20795 ns Started: 20785 ns Scope: /tb_top/u_mon File: /run/media/sackb/Windows-SSD/Users/sackb/OneDrive/Desktop/University/Course_Work/2025-2026/Spring_2026/ECE_410/ECE410/project/post_m3_Minor_Redesign/tb/tb_top.sv Line:256
Error: AXI MONITOR: core_C changed while core is idle
Time: 20795 ns  Iteration: 0  Process: /tb_top/u_mon//tb_top/u_mon  Scope: tb_top.u_mon  File: /run/media/sackb/Windows-SSD/Users/sackb/OneDrive/Desktop/University/Course_Work/2025-2026/Spring_2026/ECE_410/ECE410/project/post_m3_Minor_Redesign/tb/tb_top.sv Line: 257

Time: 20805 ns Started: 20795 ns Scope: /tb_top/u_mon File: /run/media/sackb/Windows-SSD/Users/sackb/OneDrive/Desktop/University/Course_Work/2025-2026/Spring_2026/ECE_410/ECE410/project/post_m3_Minor_Redesign/tb/tb_top.sv Line:256
Error: AXI MONITOR: core_C changed while core is idle
Time: 20805 ns  Iteration: 0  Process: /tb_top/u_mon//tb_top/u_mon  Scope: tb_top.u_mon  File: /run/media/sackb/Windows-SSD/Users/sackb/OneDrive/Desktop/University/Course_Work/2025-2026/Spring_2026/ECE_410/ECE410/project/post_m3_Minor_Redesign/tb/tb_top.sv Line: 257

Time: 20815 ns Started: 20805 ns Scope: /tb_top/u_mon File: /run/media/sackb/Windows-SSD/Users/sackb/OneDrive/Desktop/University/Course_Work/2025-2026/Spring_2026/ECE_410/ECE410/project/post_m3_Minor_Redesign/tb/tb_top.sv Line:256
Error: AXI MONITOR: core_C changed while core is idle
Time: 20815 ns  Iteration: 0  Process: /tb_top/u_mon//tb_top/u_mon  Scope: tb_top.u_mon  File: /run/media/sackb/Windows-SSD/Users/sackb/OneDrive/Desktop/University/Course_Work/2025-2026/Spring_2026/ECE_410/ECE410/project/post_m3_Minor_Redesign/tb/tb_top.sv Line: 257

Time: 20825 ns Started: 20815 ns Scope: /tb_top/u_mon File: /run/media/sackb/Windows-SSD/Users/sackb/OneDrive/Desktop/University/Course_Work/2025-2026/Spring_2026/ECE_410/ECE410/project/post_m3_Minor_Redesign/tb/tb_top.sv Line:256
Error: AXI MONITOR: core_C changed while core is idle
Time: 20825 ns  Iteration: 0  Process: /tb_top/u_mon//tb_top/u_mon  Scope: tb_top.u_mon  File: /run/media/sackb/Windows-SSD/Users/sackb/OneDrive/Desktop/University/Course_Work/2025-2026/Spring_2026/ECE_410/ECE410/project/post_m3_Minor_Redesign/tb/tb_top.sv Line: 257

Time: 20835 ns Started: 20825 ns Scope: /tb_top/u_mon File: /run/media/sackb/Windows-SSD/Users/sackb/OneDrive/Desktop/University/Course_Work/2025-2026/Spring_2026/ECE_410/ECE410/project/post_m3_Minor_Redesign/tb/tb_top.sv Line:256
Error: AXI MONITOR: core_C changed while core is idle
Time: 20835 ns  Iteration: 0  Process: /tb_top/u_mon//tb_top/u_mon  Scope: tb_top.u_mon  File: /run/media/sackb/Windows-SSD/Users/sackb/OneDrive/Desktop/University/Course_Work/2025-2026/Spring_2026/ECE_410/ECE410/project/post_m3_Minor_Redesign/tb/tb_top.sv Line: 257

Time: 20845 ns Started: 20835 ns Scope: /tb_top/u_mon File: /run/media/sackb/Windows-SSD/Users/sackb/OneDrive/Desktop/University/Course_Work/2025-2026/Spring_2026/ECE_410/ECE410/project/post_m3_Minor_Redesign/tb/tb_top.sv Line:256
Error: AXI MONITOR: core_C changed while core is idle
Time: 20845 ns  Iteration: 0  Process: /tb_top/u_mon//tb_top/u_mon  Scope: tb_top.u_mon  File: /run/media/sackb/Windows-SSD/Users/sackb/OneDrive/Desktop/University/Course_Work/2025-2026/Spring_2026/ECE_410/ECE410/project/post_m3_Minor_Redesign/tb/tb_top.sv Line: 257

Time: 20855 ns Started: 20845 ns Scope: /tb_top/u_mon File: /run/media/sackb/Windows-SSD/Users/sackb/OneDrive/Desktop/University/Course_Work/2025-2026/Spring_2026/ECE_410/ECE410/project/post_m3_Minor_Redesign/tb/tb_top.sv Line:256
Error: AXI MONITOR: core_C changed while core is idle
Time: 20855 ns  Iteration: 0  Process: /tb_top/u_mon//tb_top/u_mon  Scope: tb_top.u_mon  File: /run/media/sackb/Windows-SSD/Users/sackb/OneDrive/Desktop/University/Course_Work/2025-2026/Spring_2026/ECE_410/ECE410/project/post_m3_Minor_Redesign/tb/tb_top.sv Line: 257

Time: 20865 ns Started: 20855 ns Scope: /tb_top/u_mon File: /run/media/sackb/Windows-SSD/Users/sackb/OneDrive/Desktop/University/Course_Work/2025-2026/Spring_2026/ECE_410/ECE410/project/post_m3_Minor_Redesign/tb/tb_top.sv Line:256
Error: AXI MONITOR: core_C changed while core is idle
Time: 20865 ns  Iteration: 0  Process: /tb_top/u_mon//tb_top/u_mon  Scope: tb_top.u_mon  File: /run/media/sackb/Windows-SSD/Users/sackb/OneDrive/Desktop/University/Course_Work/2025-2026/Spring_2026/ECE_410/ECE410/project/post_m3_Minor_Redesign/tb/tb_top.sv Line: 257

Time: 20875 ns Started: 20865 ns Scope: /tb_top/u_mon File: /run/media/sackb/Windows-SSD/Users/sackb/OneDrive/Desktop/University/Course_Work/2025-2026/Spring_2026/ECE_410/ECE410/project/post_m3_Minor_Redesign/tb/tb_top.sv Line:256
Error: AXI MONITOR: core_C changed while core is idle
Time: 20875 ns  Iteration: 0  Process: /tb_top/u_mon//tb_top/u_mon  Scope: tb_top.u_mon  File: /run/media/sackb/Windows-SSD/Users/sackb/OneDrive/Desktop/University/Course_Work/2025-2026/Spring_2026/ECE_410/ECE410/project/post_m3_Minor_Redesign/tb/tb_top.sv Line: 257

Time: 20885 ns Started: 20875 ns Scope: /tb_top/u_mon File: /run/media/sackb/Windows-SSD/Users/sackb/OneDrive/Desktop/University/Course_Work/2025-2026/Spring_2026/ECE_410/ECE410/project/post_m3_Minor_Redesign/tb/tb_top.sv Line:256
Error: AXI MONITOR: core_C changed while core is idle
Time: 20885 ns  Iteration: 0  Process: /tb_top/u_mon//tb_top/u_mon  Scope: tb_top.u_mon  File: /run/media/sackb/Windows-SSD/Users/sackb/OneDrive/Desktop/University/Course_Work/2025-2026/Spring_2026/ECE_410/ECE410/project/post_m3_Minor_Redesign/tb/tb_top.sv Line: 257

Time: 20895 ns Started: 20885 ns Scope: /tb_top/u_mon File: /run/media/sackb/Windows-SSD/Users/sackb/OneDrive/Desktop/University/Course_Work/2025-2026/Spring_2026/ECE_410/ECE410/project/post_m3_Minor_Redesign/tb/tb_top.sv Line:256
Error: AXI MONITOR: core_C changed while core is idle
Time: 20895 ns  Iteration: 0  Process: /tb_top/u_mon//tb_top/u_mon  Scope: tb_top.u_mon  File: /run/media/sackb/Windows-SSD/Users/sackb/OneDrive/Desktop/University/Course_Work/2025-2026/Spring_2026/ECE_410/ECE410/project/post_m3_Minor_Redesign/tb/tb_top.sv Line: 257
TB_TOP: Iteration 10 complete
TB_TOP: Starting iteration 11

Time: 20905 ns Started: 20895 ns Scope: /tb_top/u_mon File: /run/media/sackb/Windows-SSD/Users/sackb/OneDrive/Desktop/University/Course_Work/2025-2026/Spring_2026/ECE_410/ECE410/project/post_m3_Minor_Redesign/tb/tb_top.sv Line:256
Error: AXI MONITOR: core_C changed while core is idle
Time: 20905 ns  Iteration: 0  Process: /tb_top/u_mon//tb_top/u_mon  Scope: tb_top.u_mon  File: /run/media/sackb/Windows-SSD/Users/sackb/OneDrive/Desktop/University/Course_Work/2025-2026/Spring_2026/ECE_410/ECE410/project/post_m3_Minor_Redesign/tb/tb_top.sv Line: 257

Time: 20915 ns Started: 20905 ns Scope: /tb_top/u_mon File: /run/media/sackb/Windows-SSD/Users/sackb/OneDrive/Desktop/University/Course_Work/2025-2026/Spring_2026/ECE_410/ECE410/project/post_m3_Minor_Redesign/tb/tb_top.sv Line:256
Error: AXI MONITOR: core_C changed while core is idle
Time: 20915 ns  Iteration: 0  Process: /tb_top/u_mon//tb_top/u_mon  Scope: tb_top.u_mon  File: /run/media/sackb/Windows-SSD/Users/sackb/OneDrive/Desktop/University/Course_Work/2025-2026/Spring_2026/ECE_410/ECE410/project/post_m3_Minor_Redesign/tb/tb_top.sv Line: 257

Time: 20925 ns Started: 20915 ns Scope: /tb_top/u_mon File: /run/media/sackb/Windows-SSD/Users/sackb/OneDrive/Desktop/University/Course_Work/2025-2026/Spring_2026/ECE_410/ECE410/project/post_m3_Minor_Redesign/tb/tb_top.sv Line:256
Error: AXI MONITOR: core_C changed while core is idle
Time: 20925 ns  Iteration: 0  Process: /tb_top/u_mon//tb_top/u_mon  Scope: tb_top.u_mon  File: /run/media/sackb/Windows-SSD/Users/sackb/OneDrive/Desktop/University/Course_Work/2025-2026/Spring_2026/ECE_410/ECE410/project/post_m3_Minor_Redesign/tb/tb_top.sv Line: 257

Time: 20935 ns Started: 20925 ns Scope: /tb_top/u_mon File: /run/media/sackb/Windows-SSD/Users/sackb/OneDrive/Desktop/University/Course_Work/2025-2026/Spring_2026/ECE_410/ECE410/project/post_m3_Minor_Redesign/tb/tb_top.sv Line:256
Error: AXI MONITOR: core_C changed while core is idle
Time: 20935 ns  Iteration: 0  Process: /tb_top/u_mon//tb_top/u_mon  Scope: tb_top.u_mon  File: /run/media/sackb/Windows-SSD/Users/sackb/OneDrive/Desktop/University/Course_Work/2025-2026/Spring_2026/ECE_410/ECE410/project/post_m3_Minor_Redesign/tb/tb_top.sv Line: 257

Time: 20945 ns Started: 20935 ns Scope: /tb_top/u_mon File: /run/media/sackb/Windows-SSD/Users/sackb/OneDrive/Desktop/University/Course_Work/2025-2026/Spring_2026/ECE_410/ECE410/project/post_m3_Minor_Redesign/tb/tb_top.sv Line:256
Error: AXI MONITOR: core_C changed while core is idle
Time: 20945 ns  Iteration: 0  Process: /tb_top/u_mon//tb_top/u_mon  Scope: tb_top.u_mon  File: /run/media/sackb/Windows-SSD/Users/sackb/OneDrive/Desktop/University/Course_Work/2025-2026/Spring_2026/ECE_410/ECE410/project/post_m3_Minor_Redesign/tb/tb_top.sv Line: 257

Time: 20955 ns Started: 20945 ns Scope: /tb_top/u_mon File: /run/media/sackb/Windows-SSD/Users/sackb/OneDrive/Desktop/University/Course_Work/2025-2026/Spring_2026/ECE_410/ECE410/project/post_m3_Minor_Redesign/tb/tb_top.sv Line:256
Error: AXI MONITOR: core_C changed while core is idle
Time: 20955 ns  Iteration: 0  Process: /tb_top/u_mon//tb_top/u_mon  Scope: tb_top.u_mon  File: /run/media/sackb/Windows-SSD/Users/sackb/OneDrive/Desktop/University/Course_Work/2025-2026/Spring_2026/ECE_410/ECE410/project/post_m3_Minor_Redesign/tb/tb_top.sv Line: 257

Time: 20965 ns Started: 20955 ns Scope: /tb_top/u_mon File: /run/media/sackb/Windows-SSD/Users/sackb/OneDrive/Desktop/University/Course_Work/2025-2026/Spring_2026/ECE_410/ECE410/project/post_m3_Minor_Redesign/tb/tb_top.sv Line:256
Error: AXI MONITOR: core_C changed while core is idle
Time: 20965 ns  Iteration: 0  Process: /tb_top/u_mon//tb_top/u_mon  Scope: tb_top.u_mon  File: /run/media/sackb/Windows-SSD/Users/sackb/OneDrive/Desktop/University/Course_Work/2025-2026/Spring_2026/ECE_410/ECE410/project/post_m3_Minor_Redesign/tb/tb_top.sv Line: 257

Time: 20975 ns Started: 20965 ns Scope: /tb_top/u_mon File: /run/media/sackb/Windows-SSD/Users/sackb/OneDrive/Desktop/University/Course_Work/2025-2026/Spring_2026/ECE_410/ECE410/project/post_m3_Minor_Redesign/tb/tb_top.sv Line:256
Error: AXI MONITOR: core_C changed while core is idle
Time: 20975 ns  Iteration: 0  Process: /tb_top/u_mon//tb_top/u_mon  Scope: tb_top.u_mon  File: /run/media/sackb/Windows-SSD/Users/sackb/OneDrive/Desktop/University/Course_Work/2025-2026/Spring_2026/ECE_410/ECE410/project/post_m3_Minor_Redesign/tb/tb_top.sv Line: 257

Time: 20985 ns Started: 20975 ns Scope: /tb_top/u_mon File: /run/media/sackb/Windows-SSD/Users/sackb/OneDrive/Desktop/University/Course_Work/2025-2026/Spring_2026/ECE_410/ECE410/project/post_m3_Minor_Redesign/tb/tb_top.sv Line:256
Error: AXI MONITOR: core_C changed while core is idle
Time: 20985 ns  Iteration: 0  Process: /tb_top/u_mon//tb_top/u_mon  Scope: tb_top.u_mon  File: /run/media/sackb/Windows-SSD/Users/sackb/OneDrive/Desktop/University/Course_Work/2025-2026/Spring_2026/ECE_410/ECE410/project/post_m3_Minor_Redesign/tb/tb_top.sv Line: 257

Time: 20995 ns Started: 20985 ns Scope: /tb_top/u_mon File: /run/media/sackb/Windows-SSD/Users/sackb/OneDrive/Desktop/University/Course_Work/2025-2026/Spring_2026/ECE_410/ECE410/project/post_m3_Minor_Redesign/tb/tb_top.sv Line:256
Error: AXI MONITOR: core_C changed while core is idle
Time: 20995 ns  Iteration: 0  Process: /tb_top/u_mon//tb_top/u_mon  Scope: tb_top.u_mon  File: /run/media/sackb/Windows-SSD/Users/sackb/OneDrive/Desktop/University/Course_Work/2025-2026/Spring_2026/ECE_410/ECE410/project/post_m3_Minor_Redesign/tb/tb_top.sv Line: 257

Time: 21005 ns Started: 20995 ns Scope: /tb_top/u_mon File: /run/media/sackb/Windows-SSD/Users/sackb/OneDrive/Desktop/University/Course_Work/2025-2026/Spring_2026/ECE_410/ECE410/project/post_m3_Minor_Redesign/tb/tb_top.sv Line:256
Error: AXI MONITOR: core_C changed while core is idle
Time: 21005 ns  Iteration: 0  Process: /tb_top/u_mon//tb_top/u_mon  Scope: tb_top.u_mon  File: /run/media/sackb/Windows-SSD/Users/sackb/OneDrive/Desktop/University/Course_Work/2025-2026/Spring_2026/ECE_410/ECE410/project/post_m3_Minor_Redesign/tb/tb_top.sv Line: 257

Time: 21015 ns Started: 21005 ns Scope: /tb_top/u_mon File: /run/media/sackb/Windows-SSD/Users/sackb/OneDrive/Desktop/University/Course_Work/2025-2026/Spring_2026/ECE_410/ECE410/project/post_m3_Minor_Redesign/tb/tb_top.sv Line:256
Error: AXI MONITOR: core_C changed while core is idle
Time: 21015 ns  Iteration: 0  Process: /tb_top/u_mon//tb_top/u_mon  Scope: tb_top.u_mon  File: /run/media/sackb/Windows-SSD/Users/sackb/OneDrive/Desktop/University/Course_Work/2025-2026/Spring_2026/ECE_410/ECE410/project/post_m3_Minor_Redesign/tb/tb_top.sv Line: 257

Time: 21025 ns Started: 21015 ns Scope: /tb_top/u_mon File: /run/media/sackb/Windows-SSD/Users/sackb/OneDrive/Desktop/University/Course_Work/2025-2026/Spring_2026/ECE_410/ECE410/project/post_m3_Minor_Redesign/tb/tb_top.sv Line:256
Error: AXI MONITOR: core_C changed while core is idle
Time: 21025 ns  Iteration: 0  Process: /tb_top/u_mon//tb_top/u_mon  Scope: tb_top.u_mon  File: /run/media/sackb/Windows-SSD/Users/sackb/OneDrive/Desktop/University/Course_Work/2025-2026/Spring_2026/ECE_410/ECE410/project/post_m3_Minor_Redesign/tb/tb_top.sv Line: 257

Time: 21035 ns Started: 21025 ns Scope: /tb_top/u_mon File: /run/media/sackb/Windows-SSD/Users/sackb/OneDrive/Desktop/University/Course_Work/2025-2026/Spring_2026/ECE_410/ECE410/project/post_m3_Minor_Redesign/tb/tb_top.sv Line:256
Error: AXI MONITOR: core_C changed while core is idle
Time: 21035 ns  Iteration: 0  Process: /tb_top/u_mon//tb_top/u_mon  Scope: tb_top.u_mon  File: /run/media/sackb/Windows-SSD/Users/sackb/OneDrive/Desktop/University/Course_Work/2025-2026/Spring_2026/ECE_410/ECE410/project/post_m3_Minor_Redesign/tb/tb_top.sv Line: 257

Time: 21045 ns Started: 21035 ns Scope: /tb_top/u_mon File: /run/media/sackb/Windows-SSD/Users/sackb/OneDrive/Desktop/University/Course_Work/2025-2026/Spring_2026/ECE_410/ECE410/project/post_m3_Minor_Redesign/tb/tb_top.sv Line:256
Error: AXI MONITOR: core_C changed while core is idle
Time: 21045 ns  Iteration: 0  Process: /tb_top/u_mon//tb_top/u_mon  Scope: tb_top.u_mon  File: /run/media/sackb/Windows-SSD/Users/sackb/OneDrive/Desktop/University/Course_Work/2025-2026/Spring_2026/ECE_410/ECE410/project/post_m3_Minor_Redesign/tb/tb_top.sv Line: 257

Time: 21055 ns Started: 21045 ns Scope: /tb_top/u_mon File: /run/media/sackb/Windows-SSD/Users/sackb/OneDrive/Desktop/University/Course_Work/2025-2026/Spring_2026/ECE_410/ECE410/project/post_m3_Minor_Redesign/tb/tb_top.sv Line:256
Error: AXI MONITOR: core_C changed while core is idle
Time: 21055 ns  Iteration: 0  Process: /tb_top/u_mon//tb_top/u_mon  Scope: tb_top.u_mon  File: /run/media/sackb/Windows-SSD/Users/sackb/OneDrive/Desktop/University/Course_Work/2025-2026/Spring_2026/ECE_410/ECE410/project/post_m3_Minor_Redesign/tb/tb_top.sv Line: 257

Time: 21065 ns Started: 21055 ns Scope: /tb_top/u_mon File: /run/media/sackb/Windows-SSD/Users/sackb/OneDrive/Desktop/University/Course_Work/2025-2026/Spring_2026/ECE_410/ECE410/project/post_m3_Minor_Redesign/tb/tb_top.sv Line:256
Error: AXI MONITOR: core_C changed while core is idle
Time: 21065 ns  Iteration: 0  Process: /tb_top/u_mon//tb_top/u_mon  Scope: tb_top.u_mon  File: /run/media/sackb/Windows-SSD/Users/sackb/OneDrive/Desktop/University/Course_Work/2025-2026/Spring_2026/ECE_410/ECE410/project/post_m3_Minor_Redesign/tb/tb_top.sv Line: 257

Time: 21075 ns Started: 21065 ns Scope: /tb_top/u_mon File: /run/media/sackb/Windows-SSD/Users/sackb/OneDrive/Desktop/University/Course_Work/2025-2026/Spring_2026/ECE_410/ECE410/project/post_m3_Minor_Redesign/tb/tb_top.sv Line:256
Error: AXI MONITOR: core_C changed while core is idle
Time: 21075 ns  Iteration: 0  Process: /tb_top/u_mon//tb_top/u_mon  Scope: tb_top.u_mon  File: /run/media/sackb/Windows-SSD/Users/sackb/OneDrive/Desktop/University/Course_Work/2025-2026/Spring_2026/ECE_410/ECE410/project/post_m3_Minor_Redesign/tb/tb_top.sv Line: 257

Time: 21085 ns Started: 21075 ns Scope: /tb_top/u_mon File: /run/media/sackb/Windows-SSD/Users/sackb/OneDrive/Desktop/University/Course_Work/2025-2026/Spring_2026/ECE_410/ECE410/project/post_m3_Minor_Redesign/tb/tb_top.sv Line:256
Error: AXI MONITOR: core_C changed while core is idle
Time: 21085 ns  Iteration: 0  Process: /tb_top/u_mon//tb_top/u_mon  Scope: tb_top.u_mon  File: /run/media/sackb/Windows-SSD/Users/sackb/OneDrive/Desktop/University/Course_Work/2025-2026/Spring_2026/ECE_410/ECE410/project/post_m3_Minor_Redesign/tb/tb_top.sv Line: 257

Time: 21095 ns Started: 21085 ns Scope: /tb_top/u_mon File: /run/media/sackb/Windows-SSD/Users/sackb/OneDrive/Desktop/University/Course_Work/2025-2026/Spring_2026/ECE_410/ECE410/project/post_m3_Minor_Redesign/tb/tb_top.sv Line:256
Error: AXI MONITOR: core_C changed while core is idle
Time: 21095 ns  Iteration: 0  Process: /tb_top/u_mon//tb_top/u_mon  Scope: tb_top.u_mon  File: /run/media/sackb/Windows-SSD/Users/sackb/OneDrive/Desktop/University/Course_Work/2025-2026/Spring_2026/ECE_410/ECE410/project/post_m3_Minor_Redesign/tb/tb_top.sv Line: 257

Time: 21105 ns Started: 21095 ns Scope: /tb_top/u_mon File: /run/media/sackb/Windows-SSD/Users/sackb/OneDrive/Desktop/University/Course_Work/2025-2026/Spring_2026/ECE_410/ECE410/project/post_m3_Minor_Redesign/tb/tb_top.sv Line:256
Error: AXI MONITOR: core_C changed while core is idle
Time: 21105 ns  Iteration: 0  Process: /tb_top/u_mon//tb_top/u_mon  Scope: tb_top.u_mon  File: /run/media/sackb/Windows-SSD/Users/sackb/OneDrive/Desktop/University/Course_Work/2025-2026/Spring_2026/ECE_410/ECE410/project/post_m3_Minor_Redesign/tb/tb_top.sv Line: 257

Time: 21115 ns Started: 21105 ns Scope: /tb_top/u_mon File: /run/media/sackb/Windows-SSD/Users/sackb/OneDrive/Desktop/University/Course_Work/2025-2026/Spring_2026/ECE_410/ECE410/project/post_m3_Minor_Redesign/tb/tb_top.sv Line:256
Error: AXI MONITOR: core_C changed while core is idle
Time: 21115 ns  Iteration: 0  Process: /tb_top/u_mon//tb_top/u_mon  Scope: tb_top.u_mon  File: /run/media/sackb/Windows-SSD/Users/sackb/OneDrive/Desktop/University/Course_Work/2025-2026/Spring_2026/ECE_410/ECE410/project/post_m3_Minor_Redesign/tb/tb_top.sv Line: 257

Time: 21125 ns Started: 21115 ns Scope: /tb_top/u_mon File: /run/media/sackb/Windows-SSD/Users/sackb/OneDrive/Desktop/University/Course_Work/2025-2026/Spring_2026/ECE_410/ECE410/project/post_m3_Minor_Redesign/tb/tb_top.sv Line:256
Error: AXI MONITOR: core_C changed while core is idle
Time: 21125 ns  Iteration: 0  Process: /tb_top/u_mon//tb_top/u_mon  Scope: tb_top.u_mon  File: /run/media/sackb/Windows-SSD/Users/sackb/OneDrive/Desktop/University/Course_Work/2025-2026/Spring_2026/ECE_410/ECE410/project/post_m3_Minor_Redesign/tb/tb_top.sv Line: 257

Time: 21135 ns Started: 21125 ns Scope: /tb_top/u_mon File: /run/media/sackb/Windows-SSD/Users/sackb/OneDrive/Desktop/University/Course_Work/2025-2026/Spring_2026/ECE_410/ECE410/project/post_m3_Minor_Redesign/tb/tb_top.sv Line:256
Error: AXI MONITOR: core_C changed while core is idle
Time: 21135 ns  Iteration: 0  Process: /tb_top/u_mon//tb_top/u_mon  Scope: tb_top.u_mon  File: /run/media/sackb/Windows-SSD/Users/sackb/OneDrive/Desktop/University/Course_Work/2025-2026/Spring_2026/ECE_410/ECE410/project/post_m3_Minor_Redesign/tb/tb_top.sv Line: 257

Time: 21145 ns Started: 21135 ns Scope: /tb_top/u_mon File: /run/media/sackb/Windows-SSD/Users/sackb/OneDrive/Desktop/University/Course_Work/2025-2026/Spring_2026/ECE_410/ECE410/project/post_m3_Minor_Redesign/tb/tb_top.sv Line:256
Error: AXI MONITOR: core_C changed while core is idle
Time: 21145 ns  Iteration: 0  Process: /tb_top/u_mon//tb_top/u_mon  Scope: tb_top.u_mon  File: /run/media/sackb/Windows-SSD/Users/sackb/OneDrive/Desktop/University/Course_Work/2025-2026/Spring_2026/ECE_410/ECE410/project/post_m3_Minor_Redesign/tb/tb_top.sv Line: 257

Time: 21155 ns Started: 21145 ns Scope: /tb_top/u_mon File: /run/media/sackb/Windows-SSD/Users/sackb/OneDrive/Desktop/University/Course_Work/2025-2026/Spring_2026/ECE_410/ECE410/project/post_m3_Minor_Redesign/tb/tb_top.sv Line:256
Error: AXI MONITOR: core_C changed while core is idle
Time: 21155 ns  Iteration: 0  Process: /tb_top/u_mon//tb_top/u_mon  Scope: tb_top.u_mon  File: /run/media/sackb/Windows-SSD/Users/sackb/OneDrive/Desktop/University/Course_Work/2025-2026/Spring_2026/ECE_410/ECE410/project/post_m3_Minor_Redesign/tb/tb_top.sv Line: 257

Time: 21165 ns Started: 21155 ns Scope: /tb_top/u_mon File: /run/media/sackb/Windows-SSD/Users/sackb/OneDrive/Desktop/University/Course_Work/2025-2026/Spring_2026/ECE_410/ECE410/project/post_m3_Minor_Redesign/tb/tb_top.sv Line:256
Error: AXI MONITOR: core_C changed while core is idle
Time: 21165 ns  Iteration: 0  Process: /tb_top/u_mon//tb_top/u_mon  Scope: tb_top.u_mon  File: /run/media/sackb/Windows-SSD/Users/sackb/OneDrive/Desktop/University/Course_Work/2025-2026/Spring_2026/ECE_410/ECE410/project/post_m3_Minor_Redesign/tb/tb_top.sv Line: 257

Time: 21175 ns Started: 21165 ns Scope: /tb_top/u_mon File: /run/media/sackb/Windows-SSD/Users/sackb/OneDrive/Desktop/University/Course_Work/2025-2026/Spring_2026/ECE_410/ECE410/project/post_m3_Minor_Redesign/tb/tb_top.sv Line:256
Error: AXI MONITOR: core_C changed while core is idle
Time: 21175 ns  Iteration: 0  Process: /tb_top/u_mon//tb_top/u_mon  Scope: tb_top.u_mon  File: /run/media/sackb/Windows-SSD/Users/sackb/OneDrive/Desktop/University/Course_Work/2025-2026/Spring_2026/ECE_410/ECE410/project/post_m3_Minor_Redesign/tb/tb_top.sv Line: 257

Time: 21185 ns Started: 21175 ns Scope: /tb_top/u_mon File: /run/media/sackb/Windows-SSD/Users/sackb/OneDrive/Desktop/University/Course_Work/2025-2026/Spring_2026/ECE_410/ECE410/project/post_m3_Minor_Redesign/tb/tb_top.sv Line:256
Error: AXI MONITOR: core_C changed while core is idle
Time: 21185 ns  Iteration: 0  Process: /tb_top/u_mon//tb_top/u_mon  Scope: tb_top.u_mon  File: /run/media/sackb/Windows-SSD/Users/sackb/OneDrive/Desktop/University/Course_Work/2025-2026/Spring_2026/ECE_410/ECE410/project/post_m3_Minor_Redesign/tb/tb_top.sv Line: 257

Time: 21195 ns Started: 21185 ns Scope: /tb_top/u_mon File: /run/media/sackb/Windows-SSD/Users/sackb/OneDrive/Desktop/University/Course_Work/2025-2026/Spring_2026/ECE_410/ECE410/project/post_m3_Minor_Redesign/tb/tb_top.sv Line:256
Error: AXI MONITOR: core_C changed while core is idle
Time: 21195 ns  Iteration: 0  Process: /tb_top/u_mon//tb_top/u_mon  Scope: tb_top.u_mon  File: /run/media/sackb/Windows-SSD/Users/sackb/OneDrive/Desktop/University/Course_Work/2025-2026/Spring_2026/ECE_410/ECE410/project/post_m3_Minor_Redesign/tb/tb_top.sv Line: 257

Time: 21205 ns Started: 21195 ns Scope: /tb_top/u_mon File: /run/media/sackb/Windows-SSD/Users/sackb/OneDrive/Desktop/University/Course_Work/2025-2026/Spring_2026/ECE_410/ECE410/project/post_m3_Minor_Redesign/tb/tb_top.sv Line:256
Error: AXI MONITOR: core_C changed while core is idle
Time: 21205 ns  Iteration: 0  Process: /tb_top/u_mon//tb_top/u_mon  Scope: tb_top.u_mon  File: /run/media/sackb/Windows-SSD/Users/sackb/OneDrive/Desktop/University/Course_Work/2025-2026/Spring_2026/ECE_410/ECE410/project/post_m3_Minor_Redesign/tb/tb_top.sv Line: 257

Time: 21215 ns Started: 21205 ns Scope: /tb_top/u_mon File: /run/media/sackb/Windows-SSD/Users/sackb/OneDrive/Desktop/University/Course_Work/2025-2026/Spring_2026/ECE_410/ECE410/project/post_m3_Minor_Redesign/tb/tb_top.sv Line:256
Error: AXI MONITOR: core_C changed while core is idle
Time: 21215 ns  Iteration: 0  Process: /tb_top/u_mon//tb_top/u_mon  Scope: tb_top.u_mon  File: /run/media/sackb/Windows-SSD/Users/sackb/OneDrive/Desktop/University/Course_Work/2025-2026/Spring_2026/ECE_410/ECE410/project/post_m3_Minor_Redesign/tb/tb_top.sv Line: 257

Time: 21225 ns Started: 21215 ns Scope: /tb_top/u_mon File: /run/media/sackb/Windows-SSD/Users/sackb/OneDrive/Desktop/University/Course_Work/2025-2026/Spring_2026/ECE_410/ECE410/project/post_m3_Minor_Redesign/tb/tb_top.sv Line:256
Error: AXI MONITOR: core_C changed while core is idle
Time: 21225 ns  Iteration: 0  Process: /tb_top/u_mon//tb_top/u_mon  Scope: tb_top.u_mon  File: /run/media/sackb/Windows-SSD/Users/sackb/OneDrive/Desktop/University/Course_Work/2025-2026/Spring_2026/ECE_410/ECE410/project/post_m3_Minor_Redesign/tb/tb_top.sv Line: 257

Time: 21235 ns Started: 21225 ns Scope: /tb_top/u_mon File: /run/media/sackb/Windows-SSD/Users/sackb/OneDrive/Desktop/University/Course_Work/2025-2026/Spring_2026/ECE_410/ECE410/project/post_m3_Minor_Redesign/tb/tb_top.sv Line:256
Error: AXI MONITOR: core_C changed while core is idle
Time: 21235 ns  Iteration: 0  Process: /tb_top/u_mon//tb_top/u_mon  Scope: tb_top.u_mon  File: /run/media/sackb/Windows-SSD/Users/sackb/OneDrive/Desktop/University/Course_Work/2025-2026/Spring_2026/ECE_410/ECE410/project/post_m3_Minor_Redesign/tb/tb_top.sv Line: 257

Time: 21245 ns Started: 21235 ns Scope: /tb_top/u_mon File: /run/media/sackb/Windows-SSD/Users/sackb/OneDrive/Desktop/University/Course_Work/2025-2026/Spring_2026/ECE_410/ECE410/project/post_m3_Minor_Redesign/tb/tb_top.sv Line:256
Error: AXI MONITOR: core_C changed while core is idle
Time: 21245 ns  Iteration: 0  Process: /tb_top/u_mon//tb_top/u_mon  Scope: tb_top.u_mon  File: /run/media/sackb/Windows-SSD/Users/sackb/OneDrive/Desktop/University/Course_Work/2025-2026/Spring_2026/ECE_410/ECE410/project/post_m3_Minor_Redesign/tb/tb_top.sv Line: 257

Time: 21255 ns Started: 21245 ns Scope: /tb_top/u_mon File: /run/media/sackb/Windows-SSD/Users/sackb/OneDrive/Desktop/University/Course_Work/2025-2026/Spring_2026/ECE_410/ECE410/project/post_m3_Minor_Redesign/tb/tb_top.sv Line:256
Error: AXI MONITOR: core_C changed while core is idle
Time: 21255 ns  Iteration: 0  Process: /tb_top/u_mon//tb_top/u_mon  Scope: tb_top.u_mon  File: /run/media/sackb/Windows-SSD/Users/sackb/OneDrive/Desktop/University/Course_Work/2025-2026/Spring_2026/ECE_410/ECE410/project/post_m3_Minor_Redesign/tb/tb_top.sv Line: 257

Time: 21265 ns Started: 21255 ns Scope: /tb_top/u_mon File: /run/media/sackb/Windows-SSD/Users/sackb/OneDrive/Desktop/University/Course_Work/2025-2026/Spring_2026/ECE_410/ECE410/project/post_m3_Minor_Redesign/tb/tb_top.sv Line:256
Error: AXI MONITOR: core_C changed while core is idle
Time: 21265 ns  Iteration: 0  Process: /tb_top/u_mon//tb_top/u_mon  Scope: tb_top.u_mon  File: /run/media/sackb/Windows-SSD/Users/sackb/OneDrive/Desktop/University/Course_Work/2025-2026/Spring_2026/ECE_410/ECE410/project/post_m3_Minor_Redesign/tb/tb_top.sv Line: 257

Time: 21275 ns Started: 21265 ns Scope: /tb_top/u_mon File: /run/media/sackb/Windows-SSD/Users/sackb/OneDrive/Desktop/University/Course_Work/2025-2026/Spring_2026/ECE_410/ECE410/project/post_m3_Minor_Redesign/tb/tb_top.sv Line:256
Error: AXI MONITOR: core_C changed while core is idle
Time: 21275 ns  Iteration: 0  Process: /tb_top/u_mon//tb_top/u_mon  Scope: tb_top.u_mon  File: /run/media/sackb/Windows-SSD/Users/sackb/OneDrive/Desktop/University/Course_Work/2025-2026/Spring_2026/ECE_410/ECE410/project/post_m3_Minor_Redesign/tb/tb_top.sv Line: 257

Time: 21285 ns Started: 21275 ns Scope: /tb_top/u_mon File: /run/media/sackb/Windows-SSD/Users/sackb/OneDrive/Desktop/University/Course_Work/2025-2026/Spring_2026/ECE_410/ECE410/project/post_m3_Minor_Redesign/tb/tb_top.sv Line:256
Error: AXI MONITOR: core_C changed while core is idle
Time: 21285 ns  Iteration: 0  Process: /tb_top/u_mon//tb_top/u_mon  Scope: tb_top.u_mon  File: /run/media/sackb/Windows-SSD/Users/sackb/OneDrive/Desktop/University/Course_Work/2025-2026/Spring_2026/ECE_410/ECE410/project/post_m3_Minor_Redesign/tb/tb_top.sv Line: 257

Time: 21295 ns Started: 21285 ns Scope: /tb_top/u_mon File: /run/media/sackb/Windows-SSD/Users/sackb/OneDrive/Desktop/University/Course_Work/2025-2026/Spring_2026/ECE_410/ECE410/project/post_m3_Minor_Redesign/tb/tb_top.sv Line:256
Error: AXI MONITOR: core_C changed while core is idle
Time: 21295 ns  Iteration: 0  Process: /tb_top/u_mon//tb_top/u_mon  Scope: tb_top.u_mon  File: /run/media/sackb/Windows-SSD/Users/sackb/OneDrive/Desktop/University/Course_Work/2025-2026/Spring_2026/ECE_410/ECE410/project/post_m3_Minor_Redesign/tb/tb_top.sv Line: 257

Time: 21305 ns Started: 21295 ns Scope: /tb_top/u_mon File: /run/media/sackb/Windows-SSD/Users/sackb/OneDrive/Desktop/University/Course_Work/2025-2026/Spring_2026/ECE_410/ECE410/project/post_m3_Minor_Redesign/tb/tb_top.sv Line:256
Error: AXI MONITOR: core_C changed while core is idle
Time: 21305 ns  Iteration: 0  Process: /tb_top/u_mon//tb_top/u_mon  Scope: tb_top.u_mon  File: /run/media/sackb/Windows-SSD/Users/sackb/OneDrive/Desktop/University/Course_Work/2025-2026/Spring_2026/ECE_410/ECE410/project/post_m3_Minor_Redesign/tb/tb_top.sv Line: 257

Time: 21315 ns Started: 21305 ns Scope: /tb_top/u_mon File: /run/media/sackb/Windows-SSD/Users/sackb/OneDrive/Desktop/University/Course_Work/2025-2026/Spring_2026/ECE_410/ECE410/project/post_m3_Minor_Redesign/tb/tb_top.sv Line:256
Error: AXI MONITOR: core_C changed while core is idle
Time: 21315 ns  Iteration: 0  Process: /tb_top/u_mon//tb_top/u_mon  Scope: tb_top.u_mon  File: /run/media/sackb/Windows-SSD/Users/sackb/OneDrive/Desktop/University/Course_Work/2025-2026/Spring_2026/ECE_410/ECE410/project/post_m3_Minor_Redesign/tb/tb_top.sv Line: 257

Time: 21325 ns Started: 21315 ns Scope: /tb_top/u_mon File: /run/media/sackb/Windows-SSD/Users/sackb/OneDrive/Desktop/University/Course_Work/2025-2026/Spring_2026/ECE_410/ECE410/project/post_m3_Minor_Redesign/tb/tb_top.sv Line:256
Error: AXI MONITOR: core_C changed while core is idle
Time: 21325 ns  Iteration: 0  Process: /tb_top/u_mon//tb_top/u_mon  Scope: tb_top.u_mon  File: /run/media/sackb/Windows-SSD/Users/sackb/OneDrive/Desktop/University/Course_Work/2025-2026/Spring_2026/ECE_410/ECE410/project/post_m3_Minor_Redesign/tb/tb_top.sv Line: 257

Time: 21335 ns Started: 21325 ns Scope: /tb_top/u_mon File: /run/media/sackb/Windows-SSD/Users/sackb/OneDrive/Desktop/University/Course_Work/2025-2026/Spring_2026/ECE_410/ECE410/project/post_m3_Minor_Redesign/tb/tb_top.sv Line:256
Error: AXI MONITOR: core_C changed while core is idle
Time: 21335 ns  Iteration: 0  Process: /tb_top/u_mon//tb_top/u_mon  Scope: tb_top.u_mon  File: /run/media/sackb/Windows-SSD/Users/sackb/OneDrive/Desktop/University/Course_Work/2025-2026/Spring_2026/ECE_410/ECE410/project/post_m3_Minor_Redesign/tb/tb_top.sv Line: 257

Time: 21345 ns Started: 21335 ns Scope: /tb_top/u_mon File: /run/media/sackb/Windows-SSD/Users/sackb/OneDrive/Desktop/University/Course_Work/2025-2026/Spring_2026/ECE_410/ECE410/project/post_m3_Minor_Redesign/tb/tb_top.sv Line:256
Error: AXI MONITOR: core_C changed while core is idle
Time: 21345 ns  Iteration: 0  Process: /tb_top/u_mon//tb_top/u_mon  Scope: tb_top.u_mon  File: /run/media/sackb/Windows-SSD/Users/sackb/OneDrive/Desktop/University/Course_Work/2025-2026/Spring_2026/ECE_410/ECE410/project/post_m3_Minor_Redesign/tb/tb_top.sv Line: 257

Time: 21355 ns Started: 21345 ns Scope: /tb_top/u_mon File: /run/media/sackb/Windows-SSD/Users/sackb/OneDrive/Desktop/University/Course_Work/2025-2026/Spring_2026/ECE_410/ECE410/project/post_m3_Minor_Redesign/tb/tb_top.sv Line:256
Error: AXI MONITOR: core_C changed while core is idle
Time: 21355 ns  Iteration: 0  Process: /tb_top/u_mon//tb_top/u_mon  Scope: tb_top.u_mon  File: /run/media/sackb/Windows-SSD/Users/sackb/OneDrive/Desktop/University/Course_Work/2025-2026/Spring_2026/ECE_410/ECE410/project/post_m3_Minor_Redesign/tb/tb_top.sv Line: 257

Time: 21365 ns Started: 21355 ns Scope: /tb_top/u_mon File: /run/media/sackb/Windows-SSD/Users/sackb/OneDrive/Desktop/University/Course_Work/2025-2026/Spring_2026/ECE_410/ECE410/project/post_m3_Minor_Redesign/tb/tb_top.sv Line:256
Error: AXI MONITOR: core_C changed while core is idle
Time: 21365 ns  Iteration: 0  Process: /tb_top/u_mon//tb_top/u_mon  Scope: tb_top.u_mon  File: /run/media/sackb/Windows-SSD/Users/sackb/OneDrive/Desktop/University/Course_Work/2025-2026/Spring_2026/ECE_410/ECE410/project/post_m3_Minor_Redesign/tb/tb_top.sv Line: 257

Time: 21375 ns Started: 21365 ns Scope: /tb_top/u_mon File: /run/media/sackb/Windows-SSD/Users/sackb/OneDrive/Desktop/University/Course_Work/2025-2026/Spring_2026/ECE_410/ECE410/project/post_m3_Minor_Redesign/tb/tb_top.sv Line:256
Error: AXI MONITOR: core_C changed while core is idle
Time: 21375 ns  Iteration: 0  Process: /tb_top/u_mon//tb_top/u_mon  Scope: tb_top.u_mon  File: /run/media/sackb/Windows-SSD/Users/sackb/OneDrive/Desktop/University/Course_Work/2025-2026/Spring_2026/ECE_410/ECE410/project/post_m3_Minor_Redesign/tb/tb_top.sv Line: 257

Time: 21385 ns Started: 21375 ns Scope: /tb_top/u_mon File: /run/media/sackb/Windows-SSD/Users/sackb/OneDrive/Desktop/University/Course_Work/2025-2026/Spring_2026/ECE_410/ECE410/project/post_m3_Minor_Redesign/tb/tb_top.sv Line:256
Error: AXI MONITOR: core_C changed while core is idle
Time: 21385 ns  Iteration: 0  Process: /tb_top/u_mon//tb_top/u_mon  Scope: tb_top.u_mon  File: /run/media/sackb/Windows-SSD/Users/sackb/OneDrive/Desktop/University/Course_Work/2025-2026/Spring_2026/ECE_410/ECE410/project/post_m3_Minor_Redesign/tb/tb_top.sv Line: 257

Time: 21395 ns Started: 21385 ns Scope: /tb_top/u_mon File: /run/media/sackb/Windows-SSD/Users/sackb/OneDrive/Desktop/University/Course_Work/2025-2026/Spring_2026/ECE_410/ECE410/project/post_m3_Minor_Redesign/tb/tb_top.sv Line:256
Error: AXI MONITOR: core_C changed while core is idle
Time: 21395 ns  Iteration: 0  Process: /tb_top/u_mon//tb_top/u_mon  Scope: tb_top.u_mon  File: /run/media/sackb/Windows-SSD/Users/sackb/OneDrive/Desktop/University/Course_Work/2025-2026/Spring_2026/ECE_410/ECE410/project/post_m3_Minor_Redesign/tb/tb_top.sv Line: 257

Time: 21405 ns Started: 21395 ns Scope: /tb_top/u_mon File: /run/media/sackb/Windows-SSD/Users/sackb/OneDrive/Desktop/University/Course_Work/2025-2026/Spring_2026/ECE_410/ECE410/project/post_m3_Minor_Redesign/tb/tb_top.sv Line:256
Error: AXI MONITOR: core_C changed while core is idle
Time: 21405 ns  Iteration: 0  Process: /tb_top/u_mon//tb_top/u_mon  Scope: tb_top.u_mon  File: /run/media/sackb/Windows-SSD/Users/sackb/OneDrive/Desktop/University/Course_Work/2025-2026/Spring_2026/ECE_410/ECE410/project/post_m3_Minor_Redesign/tb/tb_top.sv Line: 257

Time: 21415 ns Started: 21405 ns Scope: /tb_top/u_mon File: /run/media/sackb/Windows-SSD/Users/sackb/OneDrive/Desktop/University/Course_Work/2025-2026/Spring_2026/ECE_410/ECE410/project/post_m3_Minor_Redesign/tb/tb_top.sv Line:256
Error: AXI MONITOR: core_C changed while core is idle
Time: 21415 ns  Iteration: 0  Process: /tb_top/u_mon//tb_top/u_mon  Scope: tb_top.u_mon  File: /run/media/sackb/Windows-SSD/Users/sackb/OneDrive/Desktop/University/Course_Work/2025-2026/Spring_2026/ECE_410/ECE410/project/post_m3_Minor_Redesign/tb/tb_top.sv Line: 257

Time: 21425 ns Started: 21415 ns Scope: /tb_top/u_mon File: /run/media/sackb/Windows-SSD/Users/sackb/OneDrive/Desktop/University/Course_Work/2025-2026/Spring_2026/ECE_410/ECE410/project/post_m3_Minor_Redesign/tb/tb_top.sv Line:256
Error: AXI MONITOR: core_C changed while core is idle
Time: 21425 ns  Iteration: 0  Process: /tb_top/u_mon//tb_top/u_mon  Scope: tb_top.u_mon  File: /run/media/sackb/Windows-SSD/Users/sackb/OneDrive/Desktop/University/Course_Work/2025-2026/Spring_2026/ECE_410/ECE410/project/post_m3_Minor_Redesign/tb/tb_top.sv Line: 257

Time: 21435 ns Started: 21425 ns Scope: /tb_top/u_mon File: /run/media/sackb/Windows-SSD/Users/sackb/OneDrive/Desktop/University/Course_Work/2025-2026/Spring_2026/ECE_410/ECE410/project/post_m3_Minor_Redesign/tb/tb_top.sv Line:256
Error: AXI MONITOR: core_C changed while core is idle
Time: 21435 ns  Iteration: 0  Process: /tb_top/u_mon//tb_top/u_mon  Scope: tb_top.u_mon  File: /run/media/sackb/Windows-SSD/Users/sackb/OneDrive/Desktop/University/Course_Work/2025-2026/Spring_2026/ECE_410/ECE410/project/post_m3_Minor_Redesign/tb/tb_top.sv Line: 257

Time: 21445 ns Started: 21435 ns Scope: /tb_top/u_mon File: /run/media/sackb/Windows-SSD/Users/sackb/OneDrive/Desktop/University/Course_Work/2025-2026/Spring_2026/ECE_410/ECE410/project/post_m3_Minor_Redesign/tb/tb_top.sv Line:256
Error: AXI MONITOR: core_C changed while core is idle
Time: 21445 ns  Iteration: 0  Process: /tb_top/u_mon//tb_top/u_mon  Scope: tb_top.u_mon  File: /run/media/sackb/Windows-SSD/Users/sackb/OneDrive/Desktop/University/Course_Work/2025-2026/Spring_2026/ECE_410/ECE410/project/post_m3_Minor_Redesign/tb/tb_top.sv Line: 257

Time: 21455 ns Started: 21445 ns Scope: /tb_top/u_mon File: /run/media/sackb/Windows-SSD/Users/sackb/OneDrive/Desktop/University/Course_Work/2025-2026/Spring_2026/ECE_410/ECE410/project/post_m3_Minor_Redesign/tb/tb_top.sv Line:256
Error: AXI MONITOR: core_C changed while core is idle
Time: 21455 ns  Iteration: 0  Process: /tb_top/u_mon//tb_top/u_mon  Scope: tb_top.u_mon  File: /run/media/sackb/Windows-SSD/Users/sackb/OneDrive/Desktop/University/Course_Work/2025-2026/Spring_2026/ECE_410/ECE410/project/post_m3_Minor_Redesign/tb/tb_top.sv Line: 257

Time: 21465 ns Started: 21455 ns Scope: /tb_top/u_mon File: /run/media/sackb/Windows-SSD/Users/sackb/OneDrive/Desktop/University/Course_Work/2025-2026/Spring_2026/ECE_410/ECE410/project/post_m3_Minor_Redesign/tb/tb_top.sv Line:256
Error: AXI MONITOR: core_C changed while core is idle
Time: 21465 ns  Iteration: 0  Process: /tb_top/u_mon//tb_top/u_mon  Scope: tb_top.u_mon  File: /run/media/sackb/Windows-SSD/Users/sackb/OneDrive/Desktop/University/Course_Work/2025-2026/Spring_2026/ECE_410/ECE410/project/post_m3_Minor_Redesign/tb/tb_top.sv Line: 257

Time: 21475 ns Started: 21465 ns Scope: /tb_top/u_mon File: /run/media/sackb/Windows-SSD/Users/sackb/OneDrive/Desktop/University/Course_Work/2025-2026/Spring_2026/ECE_410/ECE410/project/post_m3_Minor_Redesign/tb/tb_top.sv Line:256
Error: AXI MONITOR: core_C changed while core is idle
Time: 21475 ns  Iteration: 0  Process: /tb_top/u_mon//tb_top/u_mon  Scope: tb_top.u_mon  File: /run/media/sackb/Windows-SSD/Users/sackb/OneDrive/Desktop/University/Course_Work/2025-2026/Spring_2026/ECE_410/ECE410/project/post_m3_Minor_Redesign/tb/tb_top.sv Line: 257

Time: 21485 ns Started: 21475 ns Scope: /tb_top/u_mon File: /run/media/sackb/Windows-SSD/Users/sackb/OneDrive/Desktop/University/Course_Work/2025-2026/Spring_2026/ECE_410/ECE410/project/post_m3_Minor_Redesign/tb/tb_top.sv Line:256
Error: AXI MONITOR: core_C changed while core is idle
Time: 21485 ns  Iteration: 0  Process: /tb_top/u_mon//tb_top/u_mon  Scope: tb_top.u_mon  File: /run/media/sackb/Windows-SSD/Users/sackb/OneDrive/Desktop/University/Course_Work/2025-2026/Spring_2026/ECE_410/ECE410/project/post_m3_Minor_Redesign/tb/tb_top.sv Line: 257

Time: 21495 ns Started: 21485 ns Scope: /tb_top/u_mon File: /run/media/sackb/Windows-SSD/Users/sackb/OneDrive/Desktop/University/Course_Work/2025-2026/Spring_2026/ECE_410/ECE410/project/post_m3_Minor_Redesign/tb/tb_top.sv Line:256
Error: AXI MONITOR: core_C changed while core is idle
Time: 21495 ns  Iteration: 0  Process: /tb_top/u_mon//tb_top/u_mon  Scope: tb_top.u_mon  File: /run/media/sackb/Windows-SSD/Users/sackb/OneDrive/Desktop/University/Course_Work/2025-2026/Spring_2026/ECE_410/ECE410/project/post_m3_Minor_Redesign/tb/tb_top.sv Line: 257

Time: 21505 ns Started: 21495 ns Scope: /tb_top/u_mon File: /run/media/sackb/Windows-SSD/Users/sackb/OneDrive/Desktop/University/Course_Work/2025-2026/Spring_2026/ECE_410/ECE410/project/post_m3_Minor_Redesign/tb/tb_top.sv Line:256
Error: AXI MONITOR: core_C changed while core is idle
Time: 21505 ns  Iteration: 0  Process: /tb_top/u_mon//tb_top/u_mon  Scope: tb_top.u_mon  File: /run/media/sackb/Windows-SSD/Users/sackb/OneDrive/Desktop/University/Course_Work/2025-2026/Spring_2026/ECE_410/ECE410/project/post_m3_Minor_Redesign/tb/tb_top.sv Line: 257

Time: 21515 ns Started: 21505 ns Scope: /tb_top/u_mon File: /run/media/sackb/Windows-SSD/Users/sackb/OneDrive/Desktop/University/Course_Work/2025-2026/Spring_2026/ECE_410/ECE410/project/post_m3_Minor_Redesign/tb/tb_top.sv Line:256
Error: AXI MONITOR: core_C changed while core is idle
Time: 21515 ns  Iteration: 0  Process: /tb_top/u_mon//tb_top/u_mon  Scope: tb_top.u_mon  File: /run/media/sackb/Windows-SSD/Users/sackb/OneDrive/Desktop/University/Course_Work/2025-2026/Spring_2026/ECE_410/ECE410/project/post_m3_Minor_Redesign/tb/tb_top.sv Line: 257

Time: 21525 ns Started: 21515 ns Scope: /tb_top/u_mon File: /run/media/sackb/Windows-SSD/Users/sackb/OneDrive/Desktop/University/Course_Work/2025-2026/Spring_2026/ECE_410/ECE410/project/post_m3_Minor_Redesign/tb/tb_top.sv Line:256
Error: AXI MONITOR: core_C changed while core is idle
Time: 21525 ns  Iteration: 0  Process: /tb_top/u_mon//tb_top/u_mon  Scope: tb_top.u_mon  File: /run/media/sackb/Windows-SSD/Users/sackb/OneDrive/Desktop/University/Course_Work/2025-2026/Spring_2026/ECE_410/ECE410/project/post_m3_Minor_Redesign/tb/tb_top.sv Line: 257

Time: 21535 ns Started: 21525 ns Scope: /tb_top/u_mon File: /run/media/sackb/Windows-SSD/Users/sackb/OneDrive/Desktop/University/Course_Work/2025-2026/Spring_2026/ECE_410/ECE410/project/post_m3_Minor_Redesign/tb/tb_top.sv Line:256
Error: AXI MONITOR: core_C changed while core is idle
Time: 21535 ns  Iteration: 0  Process: /tb_top/u_mon//tb_top/u_mon  Scope: tb_top.u_mon  File: /run/media/sackb/Windows-SSD/Users/sackb/OneDrive/Desktop/University/Course_Work/2025-2026/Spring_2026/ECE_410/ECE410/project/post_m3_Minor_Redesign/tb/tb_top.sv Line: 257

Time: 21545 ns Started: 21535 ns Scope: /tb_top/u_mon File: /run/media/sackb/Windows-SSD/Users/sackb/OneDrive/Desktop/University/Course_Work/2025-2026/Spring_2026/ECE_410/ECE410/project/post_m3_Minor_Redesign/tb/tb_top.sv Line:256
Error: AXI MONITOR: core_C changed while core is idle
Time: 21545 ns  Iteration: 0  Process: /tb_top/u_mon//tb_top/u_mon  Scope: tb_top.u_mon  File: /run/media/sackb/Windows-SSD/Users/sackb/OneDrive/Desktop/University/Course_Work/2025-2026/Spring_2026/ECE_410/ECE410/project/post_m3_Minor_Redesign/tb/tb_top.sv Line: 257

Time: 21555 ns Started: 21545 ns Scope: /tb_top/u_mon File: /run/media/sackb/Windows-SSD/Users/sackb/OneDrive/Desktop/University/Course_Work/2025-2026/Spring_2026/ECE_410/ECE410/project/post_m3_Minor_Redesign/tb/tb_top.sv Line:256
Error: AXI MONITOR: core_C changed while core is idle
Time: 21555 ns  Iteration: 0  Process: /tb_top/u_mon//tb_top/u_mon  Scope: tb_top.u_mon  File: /run/media/sackb/Windows-SSD/Users/sackb/OneDrive/Desktop/University/Course_Work/2025-2026/Spring_2026/ECE_410/ECE410/project/post_m3_Minor_Redesign/tb/tb_top.sv Line: 257

Time: 21565 ns Started: 21555 ns Scope: /tb_top/u_mon File: /run/media/sackb/Windows-SSD/Users/sackb/OneDrive/Desktop/University/Course_Work/2025-2026/Spring_2026/ECE_410/ECE410/project/post_m3_Minor_Redesign/tb/tb_top.sv Line:256
Error: AXI MONITOR: core_C changed while core is idle
Time: 21565 ns  Iteration: 0  Process: /tb_top/u_mon//tb_top/u_mon  Scope: tb_top.u_mon  File: /run/media/sackb/Windows-SSD/Users/sackb/OneDrive/Desktop/University/Course_Work/2025-2026/Spring_2026/ECE_410/ECE410/project/post_m3_Minor_Redesign/tb/tb_top.sv Line: 257

Time: 21575 ns Started: 21565 ns Scope: /tb_top/u_mon File: /run/media/sackb/Windows-SSD/Users/sackb/OneDrive/Desktop/University/Course_Work/2025-2026/Spring_2026/ECE_410/ECE410/project/post_m3_Minor_Redesign/tb/tb_top.sv Line:256
Error: AXI MONITOR: core_C changed while core is idle
Time: 21575 ns  Iteration: 0  Process: /tb_top/u_mon//tb_top/u_mon  Scope: tb_top.u_mon  File: /run/media/sackb/Windows-SSD/Users/sackb/OneDrive/Desktop/University/Course_Work/2025-2026/Spring_2026/ECE_410/ECE410/project/post_m3_Minor_Redesign/tb/tb_top.sv Line: 257

Time: 21585 ns Started: 21575 ns Scope: /tb_top/u_mon File: /run/media/sackb/Windows-SSD/Users/sackb/OneDrive/Desktop/University/Course_Work/2025-2026/Spring_2026/ECE_410/ECE410/project/post_m3_Minor_Redesign/tb/tb_top.sv Line:256
Error: AXI MONITOR: core_C changed while core is idle
Time: 21585 ns  Iteration: 0  Process: /tb_top/u_mon//tb_top/u_mon  Scope: tb_top.u_mon  File: /run/media/sackb/Windows-SSD/Users/sackb/OneDrive/Desktop/University/Course_Work/2025-2026/Spring_2026/ECE_410/ECE410/project/post_m3_Minor_Redesign/tb/tb_top.sv Line: 257

Time: 21595 ns Started: 21585 ns Scope: /tb_top/u_mon File: /run/media/sackb/Windows-SSD/Users/sackb/OneDrive/Desktop/University/Course_Work/2025-2026/Spring_2026/ECE_410/ECE410/project/post_m3_Minor_Redesign/tb/tb_top.sv Line:256
Error: AXI MONITOR: core_C changed while core is idle
Time: 21595 ns  Iteration: 0  Process: /tb_top/u_mon//tb_top/u_mon  Scope: tb_top.u_mon  File: /run/media/sackb/Windows-SSD/Users/sackb/OneDrive/Desktop/University/Course_Work/2025-2026/Spring_2026/ECE_410/ECE410/project/post_m3_Minor_Redesign/tb/tb_top.sv Line: 257

Time: 21605 ns Started: 21595 ns Scope: /tb_top/u_mon File: /run/media/sackb/Windows-SSD/Users/sackb/OneDrive/Desktop/University/Course_Work/2025-2026/Spring_2026/ECE_410/ECE410/project/post_m3_Minor_Redesign/tb/tb_top.sv Line:256
Error: AXI MONITOR: core_C changed while core is idle
Time: 21605 ns  Iteration: 0  Process: /tb_top/u_mon//tb_top/u_mon  Scope: tb_top.u_mon  File: /run/media/sackb/Windows-SSD/Users/sackb/OneDrive/Desktop/University/Course_Work/2025-2026/Spring_2026/ECE_410/ECE410/project/post_m3_Minor_Redesign/tb/tb_top.sv Line: 257

Time: 21615 ns Started: 21605 ns Scope: /tb_top/u_mon File: /run/media/sackb/Windows-SSD/Users/sackb/OneDrive/Desktop/University/Course_Work/2025-2026/Spring_2026/ECE_410/ECE410/project/post_m3_Minor_Redesign/tb/tb_top.sv Line:256
Error: AXI MONITOR: core_C changed while core is idle
Time: 21615 ns  Iteration: 0  Process: /tb_top/u_mon//tb_top/u_mon  Scope: tb_top.u_mon  File: /run/media/sackb/Windows-SSD/Users/sackb/OneDrive/Desktop/University/Course_Work/2025-2026/Spring_2026/ECE_410/ECE410/project/post_m3_Minor_Redesign/tb/tb_top.sv Line: 257

Time: 21625 ns Started: 21615 ns Scope: /tb_top/u_mon File: /run/media/sackb/Windows-SSD/Users/sackb/OneDrive/Desktop/University/Course_Work/2025-2026/Spring_2026/ECE_410/ECE410/project/post_m3_Minor_Redesign/tb/tb_top.sv Line:256
Error: AXI MONITOR: core_C changed while core is idle
Time: 21625 ns  Iteration: 0  Process: /tb_top/u_mon//tb_top/u_mon  Scope: tb_top.u_mon  File: /run/media/sackb/Windows-SSD/Users/sackb/OneDrive/Desktop/University/Course_Work/2025-2026/Spring_2026/ECE_410/ECE410/project/post_m3_Minor_Redesign/tb/tb_top.sv Line: 257

Time: 21635 ns Started: 21625 ns Scope: /tb_top/u_mon File: /run/media/sackb/Windows-SSD/Users/sackb/OneDrive/Desktop/University/Course_Work/2025-2026/Spring_2026/ECE_410/ECE410/project/post_m3_Minor_Redesign/tb/tb_top.sv Line:256
Error: AXI MONITOR: core_C changed while core is idle
Time: 21635 ns  Iteration: 0  Process: /tb_top/u_mon//tb_top/u_mon  Scope: tb_top.u_mon  File: /run/media/sackb/Windows-SSD/Users/sackb/OneDrive/Desktop/University/Course_Work/2025-2026/Spring_2026/ECE_410/ECE410/project/post_m3_Minor_Redesign/tb/tb_top.sv Line: 257

Time: 21645 ns Started: 21635 ns Scope: /tb_top/u_mon File: /run/media/sackb/Windows-SSD/Users/sackb/OneDrive/Desktop/University/Course_Work/2025-2026/Spring_2026/ECE_410/ECE410/project/post_m3_Minor_Redesign/tb/tb_top.sv Line:256
Error: AXI MONITOR: core_C changed while core is idle
Time: 21645 ns  Iteration: 0  Process: /tb_top/u_mon//tb_top/u_mon  Scope: tb_top.u_mon  File: /run/media/sackb/Windows-SSD/Users/sackb/OneDrive/Desktop/University/Course_Work/2025-2026/Spring_2026/ECE_410/ECE410/project/post_m3_Minor_Redesign/tb/tb_top.sv Line: 257

Time: 21655 ns Started: 21645 ns Scope: /tb_top/u_mon File: /run/media/sackb/Windows-SSD/Users/sackb/OneDrive/Desktop/University/Course_Work/2025-2026/Spring_2026/ECE_410/ECE410/project/post_m3_Minor_Redesign/tb/tb_top.sv Line:256
Error: AXI MONITOR: core_C changed while core is idle
Time: 21655 ns  Iteration: 0  Process: /tb_top/u_mon//tb_top/u_mon  Scope: tb_top.u_mon  File: /run/media/sackb/Windows-SSD/Users/sackb/OneDrive/Desktop/University/Course_Work/2025-2026/Spring_2026/ECE_410/ECE410/project/post_m3_Minor_Redesign/tb/tb_top.sv Line: 257

Time: 21665 ns Started: 21655 ns Scope: /tb_top/u_mon File: /run/media/sackb/Windows-SSD/Users/sackb/OneDrive/Desktop/University/Course_Work/2025-2026/Spring_2026/ECE_410/ECE410/project/post_m3_Minor_Redesign/tb/tb_top.sv Line:256
Error: AXI MONITOR: core_C changed while core is idle
Time: 21665 ns  Iteration: 0  Process: /tb_top/u_mon//tb_top/u_mon  Scope: tb_top.u_mon  File: /run/media/sackb/Windows-SSD/Users/sackb/OneDrive/Desktop/University/Course_Work/2025-2026/Spring_2026/ECE_410/ECE410/project/post_m3_Minor_Redesign/tb/tb_top.sv Line: 257

Time: 21675 ns Started: 21665 ns Scope: /tb_top/u_mon File: /run/media/sackb/Windows-SSD/Users/sackb/OneDrive/Desktop/University/Course_Work/2025-2026/Spring_2026/ECE_410/ECE410/project/post_m3_Minor_Redesign/tb/tb_top.sv Line:256
Error: AXI MONITOR: core_C changed while core is idle
Time: 21675 ns  Iteration: 0  Process: /tb_top/u_mon//tb_top/u_mon  Scope: tb_top.u_mon  File: /run/media/sackb/Windows-SSD/Users/sackb/OneDrive/Desktop/University/Course_Work/2025-2026/Spring_2026/ECE_410/ECE410/project/post_m3_Minor_Redesign/tb/tb_top.sv Line: 257

Time: 22415 ns Started: 22405 ns Scope: /tb_top/u_mon File: /run/media/sackb/Windows-SSD/Users/sackb/OneDrive/Desktop/University/Course_Work/2025-2026/Spring_2026/ECE_410/ECE410/project/post_m3_Minor_Redesign/tb/tb_top.sv Line:256
Error: AXI MONITOR: core_C changed while core is idle
Time: 22415 ns  Iteration: 0  Process: /tb_top/u_mon//tb_top/u_mon  Scope: tb_top.u_mon  File: /run/media/sackb/Windows-SSD/Users/sackb/OneDrive/Desktop/University/Course_Work/2025-2026/Spring_2026/ECE_410/ECE410/project/post_m3_Minor_Redesign/tb/tb_top.sv Line: 257

Time: 22425 ns Started: 22415 ns Scope: /tb_top/u_mon File: /run/media/sackb/Windows-SSD/Users/sackb/OneDrive/Desktop/University/Course_Work/2025-2026/Spring_2026/ECE_410/ECE410/project/post_m3_Minor_Redesign/tb/tb_top.sv Line:256
Error: AXI MONITOR: core_C changed while core is idle
Time: 22425 ns  Iteration: 0  Process: /tb_top/u_mon//tb_top/u_mon  Scope: tb_top.u_mon  File: /run/media/sackb/Windows-SSD/Users/sackb/OneDrive/Desktop/University/Course_Work/2025-2026/Spring_2026/ECE_410/ECE410/project/post_m3_Minor_Redesign/tb/tb_top.sv Line: 257

Time: 22435 ns Started: 22425 ns Scope: /tb_top/u_mon File: /run/media/sackb/Windows-SSD/Users/sackb/OneDrive/Desktop/University/Course_Work/2025-2026/Spring_2026/ECE_410/ECE410/project/post_m3_Minor_Redesign/tb/tb_top.sv Line:256
Error: AXI MONITOR: core_C changed while core is idle
Time: 22435 ns  Iteration: 0  Process: /tb_top/u_mon//tb_top/u_mon  Scope: tb_top.u_mon  File: /run/media/sackb/Windows-SSD/Users/sackb/OneDrive/Desktop/University/Course_Work/2025-2026/Spring_2026/ECE_410/ECE410/project/post_m3_Minor_Redesign/tb/tb_top.sv Line: 257

Time: 22445 ns Started: 22435 ns Scope: /tb_top/u_mon File: /run/media/sackb/Windows-SSD/Users/sackb/OneDrive/Desktop/University/Course_Work/2025-2026/Spring_2026/ECE_410/ECE410/project/post_m3_Minor_Redesign/tb/tb_top.sv Line:256
Error: AXI MONITOR: core_C changed while core is idle
Time: 22445 ns  Iteration: 0  Process: /tb_top/u_mon//tb_top/u_mon  Scope: tb_top.u_mon  File: /run/media/sackb/Windows-SSD/Users/sackb/OneDrive/Desktop/University/Course_Work/2025-2026/Spring_2026/ECE_410/ECE410/project/post_m3_Minor_Redesign/tb/tb_top.sv Line: 257

Time: 22455 ns Started: 22445 ns Scope: /tb_top/u_mon File: /run/media/sackb/Windows-SSD/Users/sackb/OneDrive/Desktop/University/Course_Work/2025-2026/Spring_2026/ECE_410/ECE410/project/post_m3_Minor_Redesign/tb/tb_top.sv Line:256
Error: AXI MONITOR: core_C changed while core is idle
Time: 22455 ns  Iteration: 0  Process: /tb_top/u_mon//tb_top/u_mon  Scope: tb_top.u_mon  File: /run/media/sackb/Windows-SSD/Users/sackb/OneDrive/Desktop/University/Course_Work/2025-2026/Spring_2026/ECE_410/ECE410/project/post_m3_Minor_Redesign/tb/tb_top.sv Line: 257

Time: 22465 ns Started: 22455 ns Scope: /tb_top/u_mon File: /run/media/sackb/Windows-SSD/Users/sackb/OneDrive/Desktop/University/Course_Work/2025-2026/Spring_2026/ECE_410/ECE410/project/post_m3_Minor_Redesign/tb/tb_top.sv Line:256
Error: AXI MONITOR: core_C changed while core is idle
Time: 22465 ns  Iteration: 0  Process: /tb_top/u_mon//tb_top/u_mon  Scope: tb_top.u_mon  File: /run/media/sackb/Windows-SSD/Users/sackb/OneDrive/Desktop/University/Course_Work/2025-2026/Spring_2026/ECE_410/ECE410/project/post_m3_Minor_Redesign/tb/tb_top.sv Line: 257

Time: 22475 ns Started: 22465 ns Scope: /tb_top/u_mon File: /run/media/sackb/Windows-SSD/Users/sackb/OneDrive/Desktop/University/Course_Work/2025-2026/Spring_2026/ECE_410/ECE410/project/post_m3_Minor_Redesign/tb/tb_top.sv Line:256
Error: AXI MONITOR: core_C changed while core is idle
Time: 22475 ns  Iteration: 0  Process: /tb_top/u_mon//tb_top/u_mon  Scope: tb_top.u_mon  File: /run/media/sackb/Windows-SSD/Users/sackb/OneDrive/Desktop/University/Course_Work/2025-2026/Spring_2026/ECE_410/ECE410/project/post_m3_Minor_Redesign/tb/tb_top.sv Line: 257

Time: 22485 ns Started: 22475 ns Scope: /tb_top/u_mon File: /run/media/sackb/Windows-SSD/Users/sackb/OneDrive/Desktop/University/Course_Work/2025-2026/Spring_2026/ECE_410/ECE410/project/post_m3_Minor_Redesign/tb/tb_top.sv Line:256
Error: AXI MONITOR: core_C changed while core is idle
Time: 22485 ns  Iteration: 0  Process: /tb_top/u_mon//tb_top/u_mon  Scope: tb_top.u_mon  File: /run/media/sackb/Windows-SSD/Users/sackb/OneDrive/Desktop/University/Course_Work/2025-2026/Spring_2026/ECE_410/ECE410/project/post_m3_Minor_Redesign/tb/tb_top.sv Line: 257

Time: 22495 ns Started: 22485 ns Scope: /tb_top/u_mon File: /run/media/sackb/Windows-SSD/Users/sackb/OneDrive/Desktop/University/Course_Work/2025-2026/Spring_2026/ECE_410/ECE410/project/post_m3_Minor_Redesign/tb/tb_top.sv Line:256
Error: AXI MONITOR: core_C changed while core is idle
Time: 22495 ns  Iteration: 0  Process: /tb_top/u_mon//tb_top/u_mon  Scope: tb_top.u_mon  File: /run/media/sackb/Windows-SSD/Users/sackb/OneDrive/Desktop/University/Course_Work/2025-2026/Spring_2026/ECE_410/ECE410/project/post_m3_Minor_Redesign/tb/tb_top.sv Line: 257

Time: 22505 ns Started: 22495 ns Scope: /tb_top/u_mon File: /run/media/sackb/Windows-SSD/Users/sackb/OneDrive/Desktop/University/Course_Work/2025-2026/Spring_2026/ECE_410/ECE410/project/post_m3_Minor_Redesign/tb/tb_top.sv Line:256
Error: AXI MONITOR: core_C changed while core is idle
Time: 22505 ns  Iteration: 0  Process: /tb_top/u_mon//tb_top/u_mon  Scope: tb_top.u_mon  File: /run/media/sackb/Windows-SSD/Users/sackb/OneDrive/Desktop/University/Course_Work/2025-2026/Spring_2026/ECE_410/ECE410/project/post_m3_Minor_Redesign/tb/tb_top.sv Line: 257

Time: 22515 ns Started: 22505 ns Scope: /tb_top/u_mon File: /run/media/sackb/Windows-SSD/Users/sackb/OneDrive/Desktop/University/Course_Work/2025-2026/Spring_2026/ECE_410/ECE410/project/post_m3_Minor_Redesign/tb/tb_top.sv Line:256
Error: AXI MONITOR: core_C changed while core is idle
Time: 22515 ns  Iteration: 0  Process: /tb_top/u_mon//tb_top/u_mon  Scope: tb_top.u_mon  File: /run/media/sackb/Windows-SSD/Users/sackb/OneDrive/Desktop/University/Course_Work/2025-2026/Spring_2026/ECE_410/ECE410/project/post_m3_Minor_Redesign/tb/tb_top.sv Line: 257

Time: 22525 ns Started: 22515 ns Scope: /tb_top/u_mon File: /run/media/sackb/Windows-SSD/Users/sackb/OneDrive/Desktop/University/Course_Work/2025-2026/Spring_2026/ECE_410/ECE410/project/post_m3_Minor_Redesign/tb/tb_top.sv Line:256
Error: AXI MONITOR: core_C changed while core is idle
Time: 22525 ns  Iteration: 0  Process: /tb_top/u_mon//tb_top/u_mon  Scope: tb_top.u_mon  File: /run/media/sackb/Windows-SSD/Users/sackb/OneDrive/Desktop/University/Course_Work/2025-2026/Spring_2026/ECE_410/ECE410/project/post_m3_Minor_Redesign/tb/tb_top.sv Line: 257

Time: 22535 ns Started: 22525 ns Scope: /tb_top/u_mon File: /run/media/sackb/Windows-SSD/Users/sackb/OneDrive/Desktop/University/Course_Work/2025-2026/Spring_2026/ECE_410/ECE410/project/post_m3_Minor_Redesign/tb/tb_top.sv Line:256
Error: AXI MONITOR: core_C changed while core is idle
Time: 22535 ns  Iteration: 0  Process: /tb_top/u_mon//tb_top/u_mon  Scope: tb_top.u_mon  File: /run/media/sackb/Windows-SSD/Users/sackb/OneDrive/Desktop/University/Course_Work/2025-2026/Spring_2026/ECE_410/ECE410/project/post_m3_Minor_Redesign/tb/tb_top.sv Line: 257

Time: 22545 ns Started: 22535 ns Scope: /tb_top/u_mon File: /run/media/sackb/Windows-SSD/Users/sackb/OneDrive/Desktop/University/Course_Work/2025-2026/Spring_2026/ECE_410/ECE410/project/post_m3_Minor_Redesign/tb/tb_top.sv Line:256
Error: AXI MONITOR: core_C changed while core is idle
Time: 22545 ns  Iteration: 0  Process: /tb_top/u_mon//tb_top/u_mon  Scope: tb_top.u_mon  File: /run/media/sackb/Windows-SSD/Users/sackb/OneDrive/Desktop/University/Course_Work/2025-2026/Spring_2026/ECE_410/ECE410/project/post_m3_Minor_Redesign/tb/tb_top.sv Line: 257

Time: 22555 ns Started: 22545 ns Scope: /tb_top/u_mon File: /run/media/sackb/Windows-SSD/Users/sackb/OneDrive/Desktop/University/Course_Work/2025-2026/Spring_2026/ECE_410/ECE410/project/post_m3_Minor_Redesign/tb/tb_top.sv Line:256
Error: AXI MONITOR: core_C changed while core is idle
Time: 22555 ns  Iteration: 0  Process: /tb_top/u_mon//tb_top/u_mon  Scope: tb_top.u_mon  File: /run/media/sackb/Windows-SSD/Users/sackb/OneDrive/Desktop/University/Course_Work/2025-2026/Spring_2026/ECE_410/ECE410/project/post_m3_Minor_Redesign/tb/tb_top.sv Line: 257

Time: 22565 ns Started: 22555 ns Scope: /tb_top/u_mon File: /run/media/sackb/Windows-SSD/Users/sackb/OneDrive/Desktop/University/Course_Work/2025-2026/Spring_2026/ECE_410/ECE410/project/post_m3_Minor_Redesign/tb/tb_top.sv Line:256
Error: AXI MONITOR: core_C changed while core is idle
Time: 22565 ns  Iteration: 0  Process: /tb_top/u_mon//tb_top/u_mon  Scope: tb_top.u_mon  File: /run/media/sackb/Windows-SSD/Users/sackb/OneDrive/Desktop/University/Course_Work/2025-2026/Spring_2026/ECE_410/ECE410/project/post_m3_Minor_Redesign/tb/tb_top.sv Line: 257

Time: 22575 ns Started: 22565 ns Scope: /tb_top/u_mon File: /run/media/sackb/Windows-SSD/Users/sackb/OneDrive/Desktop/University/Course_Work/2025-2026/Spring_2026/ECE_410/ECE410/project/post_m3_Minor_Redesign/tb/tb_top.sv Line:256
Error: AXI MONITOR: core_C changed while core is idle
Time: 22575 ns  Iteration: 0  Process: /tb_top/u_mon//tb_top/u_mon  Scope: tb_top.u_mon  File: /run/media/sackb/Windows-SSD/Users/sackb/OneDrive/Desktop/University/Course_Work/2025-2026/Spring_2026/ECE_410/ECE410/project/post_m3_Minor_Redesign/tb/tb_top.sv Line: 257

Time: 22585 ns Started: 22575 ns Scope: /tb_top/u_mon File: /run/media/sackb/Windows-SSD/Users/sackb/OneDrive/Desktop/University/Course_Work/2025-2026/Spring_2026/ECE_410/ECE410/project/post_m3_Minor_Redesign/tb/tb_top.sv Line:256
Error: AXI MONITOR: core_C changed while core is idle
Time: 22585 ns  Iteration: 0  Process: /tb_top/u_mon//tb_top/u_mon  Scope: tb_top.u_mon  File: /run/media/sackb/Windows-SSD/Users/sackb/OneDrive/Desktop/University/Course_Work/2025-2026/Spring_2026/ECE_410/ECE410/project/post_m3_Minor_Redesign/tb/tb_top.sv Line: 257

Time: 22595 ns Started: 22585 ns Scope: /tb_top/u_mon File: /run/media/sackb/Windows-SSD/Users/sackb/OneDrive/Desktop/University/Course_Work/2025-2026/Spring_2026/ECE_410/ECE410/project/post_m3_Minor_Redesign/tb/tb_top.sv Line:256
Error: AXI MONITOR: core_C changed while core is idle
Time: 22595 ns  Iteration: 0  Process: /tb_top/u_mon//tb_top/u_mon  Scope: tb_top.u_mon  File: /run/media/sackb/Windows-SSD/Users/sackb/OneDrive/Desktop/University/Course_Work/2025-2026/Spring_2026/ECE_410/ECE410/project/post_m3_Minor_Redesign/tb/tb_top.sv Line: 257

Time: 22605 ns Started: 22595 ns Scope: /tb_top/u_mon File: /run/media/sackb/Windows-SSD/Users/sackb/OneDrive/Desktop/University/Course_Work/2025-2026/Spring_2026/ECE_410/ECE410/project/post_m3_Minor_Redesign/tb/tb_top.sv Line:256
Error: AXI MONITOR: core_C changed while core is idle
Time: 22605 ns  Iteration: 0  Process: /tb_top/u_mon//tb_top/u_mon  Scope: tb_top.u_mon  File: /run/media/sackb/Windows-SSD/Users/sackb/OneDrive/Desktop/University/Course_Work/2025-2026/Spring_2026/ECE_410/ECE410/project/post_m3_Minor_Redesign/tb/tb_top.sv Line: 257

Time: 22615 ns Started: 22605 ns Scope: /tb_top/u_mon File: /run/media/sackb/Windows-SSD/Users/sackb/OneDrive/Desktop/University/Course_Work/2025-2026/Spring_2026/ECE_410/ECE410/project/post_m3_Minor_Redesign/tb/tb_top.sv Line:256
Error: AXI MONITOR: core_C changed while core is idle
Time: 22615 ns  Iteration: 0  Process: /tb_top/u_mon//tb_top/u_mon  Scope: tb_top.u_mon  File: /run/media/sackb/Windows-SSD/Users/sackb/OneDrive/Desktop/University/Course_Work/2025-2026/Spring_2026/ECE_410/ECE410/project/post_m3_Minor_Redesign/tb/tb_top.sv Line: 257

Time: 22625 ns Started: 22615 ns Scope: /tb_top/u_mon File: /run/media/sackb/Windows-SSD/Users/sackb/OneDrive/Desktop/University/Course_Work/2025-2026/Spring_2026/ECE_410/ECE410/project/post_m3_Minor_Redesign/tb/tb_top.sv Line:256
Error: AXI MONITOR: core_C changed while core is idle
Time: 22625 ns  Iteration: 0  Process: /tb_top/u_mon//tb_top/u_mon  Scope: tb_top.u_mon  File: /run/media/sackb/Windows-SSD/Users/sackb/OneDrive/Desktop/University/Course_Work/2025-2026/Spring_2026/ECE_410/ECE410/project/post_m3_Minor_Redesign/tb/tb_top.sv Line: 257

Time: 22635 ns Started: 22625 ns Scope: /tb_top/u_mon File: /run/media/sackb/Windows-SSD/Users/sackb/OneDrive/Desktop/University/Course_Work/2025-2026/Spring_2026/ECE_410/ECE410/project/post_m3_Minor_Redesign/tb/tb_top.sv Line:256
Error: AXI MONITOR: core_C changed while core is idle
Time: 22635 ns  Iteration: 0  Process: /tb_top/u_mon//tb_top/u_mon  Scope: tb_top.u_mon  File: /run/media/sackb/Windows-SSD/Users/sackb/OneDrive/Desktop/University/Course_Work/2025-2026/Spring_2026/ECE_410/ECE410/project/post_m3_Minor_Redesign/tb/tb_top.sv Line: 257

Time: 22645 ns Started: 22635 ns Scope: /tb_top/u_mon File: /run/media/sackb/Windows-SSD/Users/sackb/OneDrive/Desktop/University/Course_Work/2025-2026/Spring_2026/ECE_410/ECE410/project/post_m3_Minor_Redesign/tb/tb_top.sv Line:256
Error: AXI MONITOR: core_C changed while core is idle
Time: 22645 ns  Iteration: 0  Process: /tb_top/u_mon//tb_top/u_mon  Scope: tb_top.u_mon  File: /run/media/sackb/Windows-SSD/Users/sackb/OneDrive/Desktop/University/Course_Work/2025-2026/Spring_2026/ECE_410/ECE410/project/post_m3_Minor_Redesign/tb/tb_top.sv Line: 257

Time: 22655 ns Started: 22645 ns Scope: /tb_top/u_mon File: /run/media/sackb/Windows-SSD/Users/sackb/OneDrive/Desktop/University/Course_Work/2025-2026/Spring_2026/ECE_410/ECE410/project/post_m3_Minor_Redesign/tb/tb_top.sv Line:256
Error: AXI MONITOR: core_C changed while core is idle
Time: 22655 ns  Iteration: 0  Process: /tb_top/u_mon//tb_top/u_mon  Scope: tb_top.u_mon  File: /run/media/sackb/Windows-SSD/Users/sackb/OneDrive/Desktop/University/Course_Work/2025-2026/Spring_2026/ECE_410/ECE410/project/post_m3_Minor_Redesign/tb/tb_top.sv Line: 257

Time: 22665 ns Started: 22655 ns Scope: /tb_top/u_mon File: /run/media/sackb/Windows-SSD/Users/sackb/OneDrive/Desktop/University/Course_Work/2025-2026/Spring_2026/ECE_410/ECE410/project/post_m3_Minor_Redesign/tb/tb_top.sv Line:256
Error: AXI MONITOR: core_C changed while core is idle
Time: 22665 ns  Iteration: 0  Process: /tb_top/u_mon//tb_top/u_mon  Scope: tb_top.u_mon  File: /run/media/sackb/Windows-SSD/Users/sackb/OneDrive/Desktop/University/Course_Work/2025-2026/Spring_2026/ECE_410/ECE410/project/post_m3_Minor_Redesign/tb/tb_top.sv Line: 257

Time: 22675 ns Started: 22665 ns Scope: /tb_top/u_mon File: /run/media/sackb/Windows-SSD/Users/sackb/OneDrive/Desktop/University/Course_Work/2025-2026/Spring_2026/ECE_410/ECE410/project/post_m3_Minor_Redesign/tb/tb_top.sv Line:256
Error: AXI MONITOR: core_C changed while core is idle
Time: 22675 ns  Iteration: 0  Process: /tb_top/u_mon//tb_top/u_mon  Scope: tb_top.u_mon  File: /run/media/sackb/Windows-SSD/Users/sackb/OneDrive/Desktop/University/Course_Work/2025-2026/Spring_2026/ECE_410/ECE410/project/post_m3_Minor_Redesign/tb/tb_top.sv Line: 257

Time: 22685 ns Started: 22675 ns Scope: /tb_top/u_mon File: /run/media/sackb/Windows-SSD/Users/sackb/OneDrive/Desktop/University/Course_Work/2025-2026/Spring_2026/ECE_410/ECE410/project/post_m3_Minor_Redesign/tb/tb_top.sv Line:256
Error: AXI MONITOR: core_C changed while core is idle
Time: 22685 ns  Iteration: 0  Process: /tb_top/u_mon//tb_top/u_mon  Scope: tb_top.u_mon  File: /run/media/sackb/Windows-SSD/Users/sackb/OneDrive/Desktop/University/Course_Work/2025-2026/Spring_2026/ECE_410/ECE410/project/post_m3_Minor_Redesign/tb/tb_top.sv Line: 257

Time: 22695 ns Started: 22685 ns Scope: /tb_top/u_mon File: /run/media/sackb/Windows-SSD/Users/sackb/OneDrive/Desktop/University/Course_Work/2025-2026/Spring_2026/ECE_410/ECE410/project/post_m3_Minor_Redesign/tb/tb_top.sv Line:256
Error: AXI MONITOR: core_C changed while core is idle
Time: 22695 ns  Iteration: 0  Process: /tb_top/u_mon//tb_top/u_mon  Scope: tb_top.u_mon  File: /run/media/sackb/Windows-SSD/Users/sackb/OneDrive/Desktop/University/Course_Work/2025-2026/Spring_2026/ECE_410/ECE410/project/post_m3_Minor_Redesign/tb/tb_top.sv Line: 257

Time: 22705 ns Started: 22695 ns Scope: /tb_top/u_mon File: /run/media/sackb/Windows-SSD/Users/sackb/OneDrive/Desktop/University/Course_Work/2025-2026/Spring_2026/ECE_410/ECE410/project/post_m3_Minor_Redesign/tb/tb_top.sv Line:256
Error: AXI MONITOR: core_C changed while core is idle
Time: 22705 ns  Iteration: 0  Process: /tb_top/u_mon//tb_top/u_mon  Scope: tb_top.u_mon  File: /run/media/sackb/Windows-SSD/Users/sackb/OneDrive/Desktop/University/Course_Work/2025-2026/Spring_2026/ECE_410/ECE410/project/post_m3_Minor_Redesign/tb/tb_top.sv Line: 257

Time: 22715 ns Started: 22705 ns Scope: /tb_top/u_mon File: /run/media/sackb/Windows-SSD/Users/sackb/OneDrive/Desktop/University/Course_Work/2025-2026/Spring_2026/ECE_410/ECE410/project/post_m3_Minor_Redesign/tb/tb_top.sv Line:256
Error: AXI MONITOR: core_C changed while core is idle
Time: 22715 ns  Iteration: 0  Process: /tb_top/u_mon//tb_top/u_mon  Scope: tb_top.u_mon  File: /run/media/sackb/Windows-SSD/Users/sackb/OneDrive/Desktop/University/Course_Work/2025-2026/Spring_2026/ECE_410/ECE410/project/post_m3_Minor_Redesign/tb/tb_top.sv Line: 257

Time: 22725 ns Started: 22715 ns Scope: /tb_top/u_mon File: /run/media/sackb/Windows-SSD/Users/sackb/OneDrive/Desktop/University/Course_Work/2025-2026/Spring_2026/ECE_410/ECE410/project/post_m3_Minor_Redesign/tb/tb_top.sv Line:256
Error: AXI MONITOR: core_C changed while core is idle
Time: 22725 ns  Iteration: 0  Process: /tb_top/u_mon//tb_top/u_mon  Scope: tb_top.u_mon  File: /run/media/sackb/Windows-SSD/Users/sackb/OneDrive/Desktop/University/Course_Work/2025-2026/Spring_2026/ECE_410/ECE410/project/post_m3_Minor_Redesign/tb/tb_top.sv Line: 257

Time: 22735 ns Started: 22725 ns Scope: /tb_top/u_mon File: /run/media/sackb/Windows-SSD/Users/sackb/OneDrive/Desktop/University/Course_Work/2025-2026/Spring_2026/ECE_410/ECE410/project/post_m3_Minor_Redesign/tb/tb_top.sv Line:256
Error: AXI MONITOR: core_C changed while core is idle
Time: 22735 ns  Iteration: 0  Process: /tb_top/u_mon//tb_top/u_mon  Scope: tb_top.u_mon  File: /run/media/sackb/Windows-SSD/Users/sackb/OneDrive/Desktop/University/Course_Work/2025-2026/Spring_2026/ECE_410/ECE410/project/post_m3_Minor_Redesign/tb/tb_top.sv Line: 257

Time: 22745 ns Started: 22735 ns Scope: /tb_top/u_mon File: /run/media/sackb/Windows-SSD/Users/sackb/OneDrive/Desktop/University/Course_Work/2025-2026/Spring_2026/ECE_410/ECE410/project/post_m3_Minor_Redesign/tb/tb_top.sv Line:256
Error: AXI MONITOR: core_C changed while core is idle
Time: 22745 ns  Iteration: 0  Process: /tb_top/u_mon//tb_top/u_mon  Scope: tb_top.u_mon  File: /run/media/sackb/Windows-SSD/Users/sackb/OneDrive/Desktop/University/Course_Work/2025-2026/Spring_2026/ECE_410/ECE410/project/post_m3_Minor_Redesign/tb/tb_top.sv Line: 257

Time: 22755 ns Started: 22745 ns Scope: /tb_top/u_mon File: /run/media/sackb/Windows-SSD/Users/sackb/OneDrive/Desktop/University/Course_Work/2025-2026/Spring_2026/ECE_410/ECE410/project/post_m3_Minor_Redesign/tb/tb_top.sv Line:256
Error: AXI MONITOR: core_C changed while core is idle
Time: 22755 ns  Iteration: 0  Process: /tb_top/u_mon//tb_top/u_mon  Scope: tb_top.u_mon  File: /run/media/sackb/Windows-SSD/Users/sackb/OneDrive/Desktop/University/Course_Work/2025-2026/Spring_2026/ECE_410/ECE410/project/post_m3_Minor_Redesign/tb/tb_top.sv Line: 257

Time: 22765 ns Started: 22755 ns Scope: /tb_top/u_mon File: /run/media/sackb/Windows-SSD/Users/sackb/OneDrive/Desktop/University/Course_Work/2025-2026/Spring_2026/ECE_410/ECE410/project/post_m3_Minor_Redesign/tb/tb_top.sv Line:256
Error: AXI MONITOR: core_C changed while core is idle
Time: 22765 ns  Iteration: 0  Process: /tb_top/u_mon//tb_top/u_mon  Scope: tb_top.u_mon  File: /run/media/sackb/Windows-SSD/Users/sackb/OneDrive/Desktop/University/Course_Work/2025-2026/Spring_2026/ECE_410/ECE410/project/post_m3_Minor_Redesign/tb/tb_top.sv Line: 257

Time: 22775 ns Started: 22765 ns Scope: /tb_top/u_mon File: /run/media/sackb/Windows-SSD/Users/sackb/OneDrive/Desktop/University/Course_Work/2025-2026/Spring_2026/ECE_410/ECE410/project/post_m3_Minor_Redesign/tb/tb_top.sv Line:256
Error: AXI MONITOR: core_C changed while core is idle
Time: 22775 ns  Iteration: 0  Process: /tb_top/u_mon//tb_top/u_mon  Scope: tb_top.u_mon  File: /run/media/sackb/Windows-SSD/Users/sackb/OneDrive/Desktop/University/Course_Work/2025-2026/Spring_2026/ECE_410/ECE410/project/post_m3_Minor_Redesign/tb/tb_top.sv Line: 257

Time: 22785 ns Started: 22775 ns Scope: /tb_top/u_mon File: /run/media/sackb/Windows-SSD/Users/sackb/OneDrive/Desktop/University/Course_Work/2025-2026/Spring_2026/ECE_410/ECE410/project/post_m3_Minor_Redesign/tb/tb_top.sv Line:256
Error: AXI MONITOR: core_C changed while core is idle
Time: 22785 ns  Iteration: 0  Process: /tb_top/u_mon//tb_top/u_mon  Scope: tb_top.u_mon  File: /run/media/sackb/Windows-SSD/Users/sackb/OneDrive/Desktop/University/Course_Work/2025-2026/Spring_2026/ECE_410/ECE410/project/post_m3_Minor_Redesign/tb/tb_top.sv Line: 257
TB_TOP: Iteration 11 complete
TB_TOP: Starting iteration 12

Time: 22795 ns Started: 22785 ns Scope: /tb_top/u_mon File: /run/media/sackb/Windows-SSD/Users/sackb/OneDrive/Desktop/University/Course_Work/2025-2026/Spring_2026/ECE_410/ECE410/project/post_m3_Minor_Redesign/tb/tb_top.sv Line:256
Error: AXI MONITOR: core_C changed while core is idle
Time: 22795 ns  Iteration: 0  Process: /tb_top/u_mon//tb_top/u_mon  Scope: tb_top.u_mon  File: /run/media/sackb/Windows-SSD/Users/sackb/OneDrive/Desktop/University/Course_Work/2025-2026/Spring_2026/ECE_410/ECE410/project/post_m3_Minor_Redesign/tb/tb_top.sv Line: 257

Time: 22805 ns Started: 22795 ns Scope: /tb_top/u_mon File: /run/media/sackb/Windows-SSD/Users/sackb/OneDrive/Desktop/University/Course_Work/2025-2026/Spring_2026/ECE_410/ECE410/project/post_m3_Minor_Redesign/tb/tb_top.sv Line:256
Error: AXI MONITOR: core_C changed while core is idle
Time: 22805 ns  Iteration: 0  Process: /tb_top/u_mon//tb_top/u_mon  Scope: tb_top.u_mon  File: /run/media/sackb/Windows-SSD/Users/sackb/OneDrive/Desktop/University/Course_Work/2025-2026/Spring_2026/ECE_410/ECE410/project/post_m3_Minor_Redesign/tb/tb_top.sv Line: 257

Time: 22815 ns Started: 22805 ns Scope: /tb_top/u_mon File: /run/media/sackb/Windows-SSD/Users/sackb/OneDrive/Desktop/University/Course_Work/2025-2026/Spring_2026/ECE_410/ECE410/project/post_m3_Minor_Redesign/tb/tb_top.sv Line:256
Error: AXI MONITOR: core_C changed while core is idle
Time: 22815 ns  Iteration: 0  Process: /tb_top/u_mon//tb_top/u_mon  Scope: tb_top.u_mon  File: /run/media/sackb/Windows-SSD/Users/sackb/OneDrive/Desktop/University/Course_Work/2025-2026/Spring_2026/ECE_410/ECE410/project/post_m3_Minor_Redesign/tb/tb_top.sv Line: 257

Time: 22825 ns Started: 22815 ns Scope: /tb_top/u_mon File: /run/media/sackb/Windows-SSD/Users/sackb/OneDrive/Desktop/University/Course_Work/2025-2026/Spring_2026/ECE_410/ECE410/project/post_m3_Minor_Redesign/tb/tb_top.sv Line:256
Error: AXI MONITOR: core_C changed while core is idle
Time: 22825 ns  Iteration: 0  Process: /tb_top/u_mon//tb_top/u_mon  Scope: tb_top.u_mon  File: /run/media/sackb/Windows-SSD/Users/sackb/OneDrive/Desktop/University/Course_Work/2025-2026/Spring_2026/ECE_410/ECE410/project/post_m3_Minor_Redesign/tb/tb_top.sv Line: 257

Time: 22835 ns Started: 22825 ns Scope: /tb_top/u_mon File: /run/media/sackb/Windows-SSD/Users/sackb/OneDrive/Desktop/University/Course_Work/2025-2026/Spring_2026/ECE_410/ECE410/project/post_m3_Minor_Redesign/tb/tb_top.sv Line:256
Error: AXI MONITOR: core_C changed while core is idle
Time: 22835 ns  Iteration: 0  Process: /tb_top/u_mon//tb_top/u_mon  Scope: tb_top.u_mon  File: /run/media/sackb/Windows-SSD/Users/sackb/OneDrive/Desktop/University/Course_Work/2025-2026/Spring_2026/ECE_410/ECE410/project/post_m3_Minor_Redesign/tb/tb_top.sv Line: 257

Time: 22845 ns Started: 22835 ns Scope: /tb_top/u_mon File: /run/media/sackb/Windows-SSD/Users/sackb/OneDrive/Desktop/University/Course_Work/2025-2026/Spring_2026/ECE_410/ECE410/project/post_m3_Minor_Redesign/tb/tb_top.sv Line:256
Error: AXI MONITOR: core_C changed while core is idle
Time: 22845 ns  Iteration: 0  Process: /tb_top/u_mon//tb_top/u_mon  Scope: tb_top.u_mon  File: /run/media/sackb/Windows-SSD/Users/sackb/OneDrive/Desktop/University/Course_Work/2025-2026/Spring_2026/ECE_410/ECE410/project/post_m3_Minor_Redesign/tb/tb_top.sv Line: 257

Time: 22855 ns Started: 22845 ns Scope: /tb_top/u_mon File: /run/media/sackb/Windows-SSD/Users/sackb/OneDrive/Desktop/University/Course_Work/2025-2026/Spring_2026/ECE_410/ECE410/project/post_m3_Minor_Redesign/tb/tb_top.sv Line:256
Error: AXI MONITOR: core_C changed while core is idle
Time: 22855 ns  Iteration: 0  Process: /tb_top/u_mon//tb_top/u_mon  Scope: tb_top.u_mon  File: /run/media/sackb/Windows-SSD/Users/sackb/OneDrive/Desktop/University/Course_Work/2025-2026/Spring_2026/ECE_410/ECE410/project/post_m3_Minor_Redesign/tb/tb_top.sv Line: 257

Time: 22865 ns Started: 22855 ns Scope: /tb_top/u_mon File: /run/media/sackb/Windows-SSD/Users/sackb/OneDrive/Desktop/University/Course_Work/2025-2026/Spring_2026/ECE_410/ECE410/project/post_m3_Minor_Redesign/tb/tb_top.sv Line:256
Error: AXI MONITOR: core_C changed while core is idle
Time: 22865 ns  Iteration: 0  Process: /tb_top/u_mon//tb_top/u_mon  Scope: tb_top.u_mon  File: /run/media/sackb/Windows-SSD/Users/sackb/OneDrive/Desktop/University/Course_Work/2025-2026/Spring_2026/ECE_410/ECE410/project/post_m3_Minor_Redesign/tb/tb_top.sv Line: 257

Time: 22875 ns Started: 22865 ns Scope: /tb_top/u_mon File: /run/media/sackb/Windows-SSD/Users/sackb/OneDrive/Desktop/University/Course_Work/2025-2026/Spring_2026/ECE_410/ECE410/project/post_m3_Minor_Redesign/tb/tb_top.sv Line:256
Error: AXI MONITOR: core_C changed while core is idle
Time: 22875 ns  Iteration: 0  Process: /tb_top/u_mon//tb_top/u_mon  Scope: tb_top.u_mon  File: /run/media/sackb/Windows-SSD/Users/sackb/OneDrive/Desktop/University/Course_Work/2025-2026/Spring_2026/ECE_410/ECE410/project/post_m3_Minor_Redesign/tb/tb_top.sv Line: 257

Time: 22885 ns Started: 22875 ns Scope: /tb_top/u_mon File: /run/media/sackb/Windows-SSD/Users/sackb/OneDrive/Desktop/University/Course_Work/2025-2026/Spring_2026/ECE_410/ECE410/project/post_m3_Minor_Redesign/tb/tb_top.sv Line:256
Error: AXI MONITOR: core_C changed while core is idle
Time: 22885 ns  Iteration: 0  Process: /tb_top/u_mon//tb_top/u_mon  Scope: tb_top.u_mon  File: /run/media/sackb/Windows-SSD/Users/sackb/OneDrive/Desktop/University/Course_Work/2025-2026/Spring_2026/ECE_410/ECE410/project/post_m3_Minor_Redesign/tb/tb_top.sv Line: 257

Time: 22895 ns Started: 22885 ns Scope: /tb_top/u_mon File: /run/media/sackb/Windows-SSD/Users/sackb/OneDrive/Desktop/University/Course_Work/2025-2026/Spring_2026/ECE_410/ECE410/project/post_m3_Minor_Redesign/tb/tb_top.sv Line:256
Error: AXI MONITOR: core_C changed while core is idle
Time: 22895 ns  Iteration: 0  Process: /tb_top/u_mon//tb_top/u_mon  Scope: tb_top.u_mon  File: /run/media/sackb/Windows-SSD/Users/sackb/OneDrive/Desktop/University/Course_Work/2025-2026/Spring_2026/ECE_410/ECE410/project/post_m3_Minor_Redesign/tb/tb_top.sv Line: 257

Time: 22905 ns Started: 22895 ns Scope: /tb_top/u_mon File: /run/media/sackb/Windows-SSD/Users/sackb/OneDrive/Desktop/University/Course_Work/2025-2026/Spring_2026/ECE_410/ECE410/project/post_m3_Minor_Redesign/tb/tb_top.sv Line:256
Error: AXI MONITOR: core_C changed while core is idle
Time: 22905 ns  Iteration: 0  Process: /tb_top/u_mon//tb_top/u_mon  Scope: tb_top.u_mon  File: /run/media/sackb/Windows-SSD/Users/sackb/OneDrive/Desktop/University/Course_Work/2025-2026/Spring_2026/ECE_410/ECE410/project/post_m3_Minor_Redesign/tb/tb_top.sv Line: 257

Time: 22915 ns Started: 22905 ns Scope: /tb_top/u_mon File: /run/media/sackb/Windows-SSD/Users/sackb/OneDrive/Desktop/University/Course_Work/2025-2026/Spring_2026/ECE_410/ECE410/project/post_m3_Minor_Redesign/tb/tb_top.sv Line:256
Error: AXI MONITOR: core_C changed while core is idle
Time: 22915 ns  Iteration: 0  Process: /tb_top/u_mon//tb_top/u_mon  Scope: tb_top.u_mon  File: /run/media/sackb/Windows-SSD/Users/sackb/OneDrive/Desktop/University/Course_Work/2025-2026/Spring_2026/ECE_410/ECE410/project/post_m3_Minor_Redesign/tb/tb_top.sv Line: 257

Time: 22925 ns Started: 22915 ns Scope: /tb_top/u_mon File: /run/media/sackb/Windows-SSD/Users/sackb/OneDrive/Desktop/University/Course_Work/2025-2026/Spring_2026/ECE_410/ECE410/project/post_m3_Minor_Redesign/tb/tb_top.sv Line:256
Error: AXI MONITOR: core_C changed while core is idle
Time: 22925 ns  Iteration: 0  Process: /tb_top/u_mon//tb_top/u_mon  Scope: tb_top.u_mon  File: /run/media/sackb/Windows-SSD/Users/sackb/OneDrive/Desktop/University/Course_Work/2025-2026/Spring_2026/ECE_410/ECE410/project/post_m3_Minor_Redesign/tb/tb_top.sv Line: 257

Time: 22935 ns Started: 22925 ns Scope: /tb_top/u_mon File: /run/media/sackb/Windows-SSD/Users/sackb/OneDrive/Desktop/University/Course_Work/2025-2026/Spring_2026/ECE_410/ECE410/project/post_m3_Minor_Redesign/tb/tb_top.sv Line:256
Error: AXI MONITOR: core_C changed while core is idle
Time: 22935 ns  Iteration: 0  Process: /tb_top/u_mon//tb_top/u_mon  Scope: tb_top.u_mon  File: /run/media/sackb/Windows-SSD/Users/sackb/OneDrive/Desktop/University/Course_Work/2025-2026/Spring_2026/ECE_410/ECE410/project/post_m3_Minor_Redesign/tb/tb_top.sv Line: 257

Time: 22945 ns Started: 22935 ns Scope: /tb_top/u_mon File: /run/media/sackb/Windows-SSD/Users/sackb/OneDrive/Desktop/University/Course_Work/2025-2026/Spring_2026/ECE_410/ECE410/project/post_m3_Minor_Redesign/tb/tb_top.sv Line:256
Error: AXI MONITOR: core_C changed while core is idle
Time: 22945 ns  Iteration: 0  Process: /tb_top/u_mon//tb_top/u_mon  Scope: tb_top.u_mon  File: /run/media/sackb/Windows-SSD/Users/sackb/OneDrive/Desktop/University/Course_Work/2025-2026/Spring_2026/ECE_410/ECE410/project/post_m3_Minor_Redesign/tb/tb_top.sv Line: 257

Time: 22955 ns Started: 22945 ns Scope: /tb_top/u_mon File: /run/media/sackb/Windows-SSD/Users/sackb/OneDrive/Desktop/University/Course_Work/2025-2026/Spring_2026/ECE_410/ECE410/project/post_m3_Minor_Redesign/tb/tb_top.sv Line:256
Error: AXI MONITOR: core_C changed while core is idle
Time: 22955 ns  Iteration: 0  Process: /tb_top/u_mon//tb_top/u_mon  Scope: tb_top.u_mon  File: /run/media/sackb/Windows-SSD/Users/sackb/OneDrive/Desktop/University/Course_Work/2025-2026/Spring_2026/ECE_410/ECE410/project/post_m3_Minor_Redesign/tb/tb_top.sv Line: 257

Time: 22965 ns Started: 22955 ns Scope: /tb_top/u_mon File: /run/media/sackb/Windows-SSD/Users/sackb/OneDrive/Desktop/University/Course_Work/2025-2026/Spring_2026/ECE_410/ECE410/project/post_m3_Minor_Redesign/tb/tb_top.sv Line:256
Error: AXI MONITOR: core_C changed while core is idle
Time: 22965 ns  Iteration: 0  Process: /tb_top/u_mon//tb_top/u_mon  Scope: tb_top.u_mon  File: /run/media/sackb/Windows-SSD/Users/sackb/OneDrive/Desktop/University/Course_Work/2025-2026/Spring_2026/ECE_410/ECE410/project/post_m3_Minor_Redesign/tb/tb_top.sv Line: 257

Time: 22975 ns Started: 22965 ns Scope: /tb_top/u_mon File: /run/media/sackb/Windows-SSD/Users/sackb/OneDrive/Desktop/University/Course_Work/2025-2026/Spring_2026/ECE_410/ECE410/project/post_m3_Minor_Redesign/tb/tb_top.sv Line:256
Error: AXI MONITOR: core_C changed while core is idle
Time: 22975 ns  Iteration: 0  Process: /tb_top/u_mon//tb_top/u_mon  Scope: tb_top.u_mon  File: /run/media/sackb/Windows-SSD/Users/sackb/OneDrive/Desktop/University/Course_Work/2025-2026/Spring_2026/ECE_410/ECE410/project/post_m3_Minor_Redesign/tb/tb_top.sv Line: 257

Time: 22985 ns Started: 22975 ns Scope: /tb_top/u_mon File: /run/media/sackb/Windows-SSD/Users/sackb/OneDrive/Desktop/University/Course_Work/2025-2026/Spring_2026/ECE_410/ECE410/project/post_m3_Minor_Redesign/tb/tb_top.sv Line:256
Error: AXI MONITOR: core_C changed while core is idle
Time: 22985 ns  Iteration: 0  Process: /tb_top/u_mon//tb_top/u_mon  Scope: tb_top.u_mon  File: /run/media/sackb/Windows-SSD/Users/sackb/OneDrive/Desktop/University/Course_Work/2025-2026/Spring_2026/ECE_410/ECE410/project/post_m3_Minor_Redesign/tb/tb_top.sv Line: 257

Time: 22995 ns Started: 22985 ns Scope: /tb_top/u_mon File: /run/media/sackb/Windows-SSD/Users/sackb/OneDrive/Desktop/University/Course_Work/2025-2026/Spring_2026/ECE_410/ECE410/project/post_m3_Minor_Redesign/tb/tb_top.sv Line:256
Error: AXI MONITOR: core_C changed while core is idle
Time: 22995 ns  Iteration: 0  Process: /tb_top/u_mon//tb_top/u_mon  Scope: tb_top.u_mon  File: /run/media/sackb/Windows-SSD/Users/sackb/OneDrive/Desktop/University/Course_Work/2025-2026/Spring_2026/ECE_410/ECE410/project/post_m3_Minor_Redesign/tb/tb_top.sv Line: 257

Time: 23005 ns Started: 22995 ns Scope: /tb_top/u_mon File: /run/media/sackb/Windows-SSD/Users/sackb/OneDrive/Desktop/University/Course_Work/2025-2026/Spring_2026/ECE_410/ECE410/project/post_m3_Minor_Redesign/tb/tb_top.sv Line:256
Error: AXI MONITOR: core_C changed while core is idle
Time: 23005 ns  Iteration: 0  Process: /tb_top/u_mon//tb_top/u_mon  Scope: tb_top.u_mon  File: /run/media/sackb/Windows-SSD/Users/sackb/OneDrive/Desktop/University/Course_Work/2025-2026/Spring_2026/ECE_410/ECE410/project/post_m3_Minor_Redesign/tb/tb_top.sv Line: 257

Time: 23015 ns Started: 23005 ns Scope: /tb_top/u_mon File: /run/media/sackb/Windows-SSD/Users/sackb/OneDrive/Desktop/University/Course_Work/2025-2026/Spring_2026/ECE_410/ECE410/project/post_m3_Minor_Redesign/tb/tb_top.sv Line:256
Error: AXI MONITOR: core_C changed while core is idle
Time: 23015 ns  Iteration: 0  Process: /tb_top/u_mon//tb_top/u_mon  Scope: tb_top.u_mon  File: /run/media/sackb/Windows-SSD/Users/sackb/OneDrive/Desktop/University/Course_Work/2025-2026/Spring_2026/ECE_410/ECE410/project/post_m3_Minor_Redesign/tb/tb_top.sv Line: 257

Time: 23025 ns Started: 23015 ns Scope: /tb_top/u_mon File: /run/media/sackb/Windows-SSD/Users/sackb/OneDrive/Desktop/University/Course_Work/2025-2026/Spring_2026/ECE_410/ECE410/project/post_m3_Minor_Redesign/tb/tb_top.sv Line:256
Error: AXI MONITOR: core_C changed while core is idle
Time: 23025 ns  Iteration: 0  Process: /tb_top/u_mon//tb_top/u_mon  Scope: tb_top.u_mon  File: /run/media/sackb/Windows-SSD/Users/sackb/OneDrive/Desktop/University/Course_Work/2025-2026/Spring_2026/ECE_410/ECE410/project/post_m3_Minor_Redesign/tb/tb_top.sv Line: 257

Time: 23035 ns Started: 23025 ns Scope: /tb_top/u_mon File: /run/media/sackb/Windows-SSD/Users/sackb/OneDrive/Desktop/University/Course_Work/2025-2026/Spring_2026/ECE_410/ECE410/project/post_m3_Minor_Redesign/tb/tb_top.sv Line:256
Error: AXI MONITOR: core_C changed while core is idle
Time: 23035 ns  Iteration: 0  Process: /tb_top/u_mon//tb_top/u_mon  Scope: tb_top.u_mon  File: /run/media/sackb/Windows-SSD/Users/sackb/OneDrive/Desktop/University/Course_Work/2025-2026/Spring_2026/ECE_410/ECE410/project/post_m3_Minor_Redesign/tb/tb_top.sv Line: 257

Time: 23045 ns Started: 23035 ns Scope: /tb_top/u_mon File: /run/media/sackb/Windows-SSD/Users/sackb/OneDrive/Desktop/University/Course_Work/2025-2026/Spring_2026/ECE_410/ECE410/project/post_m3_Minor_Redesign/tb/tb_top.sv Line:256
Error: AXI MONITOR: core_C changed while core is idle
Time: 23045 ns  Iteration: 0  Process: /tb_top/u_mon//tb_top/u_mon  Scope: tb_top.u_mon  File: /run/media/sackb/Windows-SSD/Users/sackb/OneDrive/Desktop/University/Course_Work/2025-2026/Spring_2026/ECE_410/ECE410/project/post_m3_Minor_Redesign/tb/tb_top.sv Line: 257

Time: 23055 ns Started: 23045 ns Scope: /tb_top/u_mon File: /run/media/sackb/Windows-SSD/Users/sackb/OneDrive/Desktop/University/Course_Work/2025-2026/Spring_2026/ECE_410/ECE410/project/post_m3_Minor_Redesign/tb/tb_top.sv Line:256
Error: AXI MONITOR: core_C changed while core is idle
Time: 23055 ns  Iteration: 0  Process: /tb_top/u_mon//tb_top/u_mon  Scope: tb_top.u_mon  File: /run/media/sackb/Windows-SSD/Users/sackb/OneDrive/Desktop/University/Course_Work/2025-2026/Spring_2026/ECE_410/ECE410/project/post_m3_Minor_Redesign/tb/tb_top.sv Line: 257

Time: 23065 ns Started: 23055 ns Scope: /tb_top/u_mon File: /run/media/sackb/Windows-SSD/Users/sackb/OneDrive/Desktop/University/Course_Work/2025-2026/Spring_2026/ECE_410/ECE410/project/post_m3_Minor_Redesign/tb/tb_top.sv Line:256
Error: AXI MONITOR: core_C changed while core is idle
Time: 23065 ns  Iteration: 0  Process: /tb_top/u_mon//tb_top/u_mon  Scope: tb_top.u_mon  File: /run/media/sackb/Windows-SSD/Users/sackb/OneDrive/Desktop/University/Course_Work/2025-2026/Spring_2026/ECE_410/ECE410/project/post_m3_Minor_Redesign/tb/tb_top.sv Line: 257

Time: 23075 ns Started: 23065 ns Scope: /tb_top/u_mon File: /run/media/sackb/Windows-SSD/Users/sackb/OneDrive/Desktop/University/Course_Work/2025-2026/Spring_2026/ECE_410/ECE410/project/post_m3_Minor_Redesign/tb/tb_top.sv Line:256
Error: AXI MONITOR: core_C changed while core is idle
Time: 23075 ns  Iteration: 0  Process: /tb_top/u_mon//tb_top/u_mon  Scope: tb_top.u_mon  File: /run/media/sackb/Windows-SSD/Users/sackb/OneDrive/Desktop/University/Course_Work/2025-2026/Spring_2026/ECE_410/ECE410/project/post_m3_Minor_Redesign/tb/tb_top.sv Line: 257

Time: 23085 ns Started: 23075 ns Scope: /tb_top/u_mon File: /run/media/sackb/Windows-SSD/Users/sackb/OneDrive/Desktop/University/Course_Work/2025-2026/Spring_2026/ECE_410/ECE410/project/post_m3_Minor_Redesign/tb/tb_top.sv Line:256
Error: AXI MONITOR: core_C changed while core is idle
Time: 23085 ns  Iteration: 0  Process: /tb_top/u_mon//tb_top/u_mon  Scope: tb_top.u_mon  File: /run/media/sackb/Windows-SSD/Users/sackb/OneDrive/Desktop/University/Course_Work/2025-2026/Spring_2026/ECE_410/ECE410/project/post_m3_Minor_Redesign/tb/tb_top.sv Line: 257

Time: 23095 ns Started: 23085 ns Scope: /tb_top/u_mon File: /run/media/sackb/Windows-SSD/Users/sackb/OneDrive/Desktop/University/Course_Work/2025-2026/Spring_2026/ECE_410/ECE410/project/post_m3_Minor_Redesign/tb/tb_top.sv Line:256
Error: AXI MONITOR: core_C changed while core is idle
Time: 23095 ns  Iteration: 0  Process: /tb_top/u_mon//tb_top/u_mon  Scope: tb_top.u_mon  File: /run/media/sackb/Windows-SSD/Users/sackb/OneDrive/Desktop/University/Course_Work/2025-2026/Spring_2026/ECE_410/ECE410/project/post_m3_Minor_Redesign/tb/tb_top.sv Line: 257

Time: 23105 ns Started: 23095 ns Scope: /tb_top/u_mon File: /run/media/sackb/Windows-SSD/Users/sackb/OneDrive/Desktop/University/Course_Work/2025-2026/Spring_2026/ECE_410/ECE410/project/post_m3_Minor_Redesign/tb/tb_top.sv Line:256
Error: AXI MONITOR: core_C changed while core is idle
Time: 23105 ns  Iteration: 0  Process: /tb_top/u_mon//tb_top/u_mon  Scope: tb_top.u_mon  File: /run/media/sackb/Windows-SSD/Users/sackb/OneDrive/Desktop/University/Course_Work/2025-2026/Spring_2026/ECE_410/ECE410/project/post_m3_Minor_Redesign/tb/tb_top.sv Line: 257

Time: 23115 ns Started: 23105 ns Scope: /tb_top/u_mon File: /run/media/sackb/Windows-SSD/Users/sackb/OneDrive/Desktop/University/Course_Work/2025-2026/Spring_2026/ECE_410/ECE410/project/post_m3_Minor_Redesign/tb/tb_top.sv Line:256
Error: AXI MONITOR: core_C changed while core is idle
Time: 23115 ns  Iteration: 0  Process: /tb_top/u_mon//tb_top/u_mon  Scope: tb_top.u_mon  File: /run/media/sackb/Windows-SSD/Users/sackb/OneDrive/Desktop/University/Course_Work/2025-2026/Spring_2026/ECE_410/ECE410/project/post_m3_Minor_Redesign/tb/tb_top.sv Line: 257

Time: 23125 ns Started: 23115 ns Scope: /tb_top/u_mon File: /run/media/sackb/Windows-SSD/Users/sackb/OneDrive/Desktop/University/Course_Work/2025-2026/Spring_2026/ECE_410/ECE410/project/post_m3_Minor_Redesign/tb/tb_top.sv Line:256
Error: AXI MONITOR: core_C changed while core is idle
Time: 23125 ns  Iteration: 0  Process: /tb_top/u_mon//tb_top/u_mon  Scope: tb_top.u_mon  File: /run/media/sackb/Windows-SSD/Users/sackb/OneDrive/Desktop/University/Course_Work/2025-2026/Spring_2026/ECE_410/ECE410/project/post_m3_Minor_Redesign/tb/tb_top.sv Line: 257

Time: 23135 ns Started: 23125 ns Scope: /tb_top/u_mon File: /run/media/sackb/Windows-SSD/Users/sackb/OneDrive/Desktop/University/Course_Work/2025-2026/Spring_2026/ECE_410/ECE410/project/post_m3_Minor_Redesign/tb/tb_top.sv Line:256
Error: AXI MONITOR: core_C changed while core is idle
Time: 23135 ns  Iteration: 0  Process: /tb_top/u_mon//tb_top/u_mon  Scope: tb_top.u_mon  File: /run/media/sackb/Windows-SSD/Users/sackb/OneDrive/Desktop/University/Course_Work/2025-2026/Spring_2026/ECE_410/ECE410/project/post_m3_Minor_Redesign/tb/tb_top.sv Line: 257

Time: 23145 ns Started: 23135 ns Scope: /tb_top/u_mon File: /run/media/sackb/Windows-SSD/Users/sackb/OneDrive/Desktop/University/Course_Work/2025-2026/Spring_2026/ECE_410/ECE410/project/post_m3_Minor_Redesign/tb/tb_top.sv Line:256
Error: AXI MONITOR: core_C changed while core is idle
Time: 23145 ns  Iteration: 0  Process: /tb_top/u_mon//tb_top/u_mon  Scope: tb_top.u_mon  File: /run/media/sackb/Windows-SSD/Users/sackb/OneDrive/Desktop/University/Course_Work/2025-2026/Spring_2026/ECE_410/ECE410/project/post_m3_Minor_Redesign/tb/tb_top.sv Line: 257

Time: 23155 ns Started: 23145 ns Scope: /tb_top/u_mon File: /run/media/sackb/Windows-SSD/Users/sackb/OneDrive/Desktop/University/Course_Work/2025-2026/Spring_2026/ECE_410/ECE410/project/post_m3_Minor_Redesign/tb/tb_top.sv Line:256
Error: AXI MONITOR: core_C changed while core is idle
Time: 23155 ns  Iteration: 0  Process: /tb_top/u_mon//tb_top/u_mon  Scope: tb_top.u_mon  File: /run/media/sackb/Windows-SSD/Users/sackb/OneDrive/Desktop/University/Course_Work/2025-2026/Spring_2026/ECE_410/ECE410/project/post_m3_Minor_Redesign/tb/tb_top.sv Line: 257

Time: 23165 ns Started: 23155 ns Scope: /tb_top/u_mon File: /run/media/sackb/Windows-SSD/Users/sackb/OneDrive/Desktop/University/Course_Work/2025-2026/Spring_2026/ECE_410/ECE410/project/post_m3_Minor_Redesign/tb/tb_top.sv Line:256
Error: AXI MONITOR: core_C changed while core is idle
Time: 23165 ns  Iteration: 0  Process: /tb_top/u_mon//tb_top/u_mon  Scope: tb_top.u_mon  File: /run/media/sackb/Windows-SSD/Users/sackb/OneDrive/Desktop/University/Course_Work/2025-2026/Spring_2026/ECE_410/ECE410/project/post_m3_Minor_Redesign/tb/tb_top.sv Line: 257

Time: 23175 ns Started: 23165 ns Scope: /tb_top/u_mon File: /run/media/sackb/Windows-SSD/Users/sackb/OneDrive/Desktop/University/Course_Work/2025-2026/Spring_2026/ECE_410/ECE410/project/post_m3_Minor_Redesign/tb/tb_top.sv Line:256
Error: AXI MONITOR: core_C changed while core is idle
Time: 23175 ns  Iteration: 0  Process: /tb_top/u_mon//tb_top/u_mon  Scope: tb_top.u_mon  File: /run/media/sackb/Windows-SSD/Users/sackb/OneDrive/Desktop/University/Course_Work/2025-2026/Spring_2026/ECE_410/ECE410/project/post_m3_Minor_Redesign/tb/tb_top.sv Line: 257

Time: 23185 ns Started: 23175 ns Scope: /tb_top/u_mon File: /run/media/sackb/Windows-SSD/Users/sackb/OneDrive/Desktop/University/Course_Work/2025-2026/Spring_2026/ECE_410/ECE410/project/post_m3_Minor_Redesign/tb/tb_top.sv Line:256
Error: AXI MONITOR: core_C changed while core is idle
Time: 23185 ns  Iteration: 0  Process: /tb_top/u_mon//tb_top/u_mon  Scope: tb_top.u_mon  File: /run/media/sackb/Windows-SSD/Users/sackb/OneDrive/Desktop/University/Course_Work/2025-2026/Spring_2026/ECE_410/ECE410/project/post_m3_Minor_Redesign/tb/tb_top.sv Line: 257

Time: 23195 ns Started: 23185 ns Scope: /tb_top/u_mon File: /run/media/sackb/Windows-SSD/Users/sackb/OneDrive/Desktop/University/Course_Work/2025-2026/Spring_2026/ECE_410/ECE410/project/post_m3_Minor_Redesign/tb/tb_top.sv Line:256
Error: AXI MONITOR: core_C changed while core is idle
Time: 23195 ns  Iteration: 0  Process: /tb_top/u_mon//tb_top/u_mon  Scope: tb_top.u_mon  File: /run/media/sackb/Windows-SSD/Users/sackb/OneDrive/Desktop/University/Course_Work/2025-2026/Spring_2026/ECE_410/ECE410/project/post_m3_Minor_Redesign/tb/tb_top.sv Line: 257

Time: 23205 ns Started: 23195 ns Scope: /tb_top/u_mon File: /run/media/sackb/Windows-SSD/Users/sackb/OneDrive/Desktop/University/Course_Work/2025-2026/Spring_2026/ECE_410/ECE410/project/post_m3_Minor_Redesign/tb/tb_top.sv Line:256
Error: AXI MONITOR: core_C changed while core is idle
Time: 23205 ns  Iteration: 0  Process: /tb_top/u_mon//tb_top/u_mon  Scope: tb_top.u_mon  File: /run/media/sackb/Windows-SSD/Users/sackb/OneDrive/Desktop/University/Course_Work/2025-2026/Spring_2026/ECE_410/ECE410/project/post_m3_Minor_Redesign/tb/tb_top.sv Line: 257

Time: 23215 ns Started: 23205 ns Scope: /tb_top/u_mon File: /run/media/sackb/Windows-SSD/Users/sackb/OneDrive/Desktop/University/Course_Work/2025-2026/Spring_2026/ECE_410/ECE410/project/post_m3_Minor_Redesign/tb/tb_top.sv Line:256
Error: AXI MONITOR: core_C changed while core is idle
Time: 23215 ns  Iteration: 0  Process: /tb_top/u_mon//tb_top/u_mon  Scope: tb_top.u_mon  File: /run/media/sackb/Windows-SSD/Users/sackb/OneDrive/Desktop/University/Course_Work/2025-2026/Spring_2026/ECE_410/ECE410/project/post_m3_Minor_Redesign/tb/tb_top.sv Line: 257

Time: 23225 ns Started: 23215 ns Scope: /tb_top/u_mon File: /run/media/sackb/Windows-SSD/Users/sackb/OneDrive/Desktop/University/Course_Work/2025-2026/Spring_2026/ECE_410/ECE410/project/post_m3_Minor_Redesign/tb/tb_top.sv Line:256
Error: AXI MONITOR: core_C changed while core is idle
Time: 23225 ns  Iteration: 0  Process: /tb_top/u_mon//tb_top/u_mon  Scope: tb_top.u_mon  File: /run/media/sackb/Windows-SSD/Users/sackb/OneDrive/Desktop/University/Course_Work/2025-2026/Spring_2026/ECE_410/ECE410/project/post_m3_Minor_Redesign/tb/tb_top.sv Line: 257

Time: 23235 ns Started: 23225 ns Scope: /tb_top/u_mon File: /run/media/sackb/Windows-SSD/Users/sackb/OneDrive/Desktop/University/Course_Work/2025-2026/Spring_2026/ECE_410/ECE410/project/post_m3_Minor_Redesign/tb/tb_top.sv Line:256
Error: AXI MONITOR: core_C changed while core is idle
Time: 23235 ns  Iteration: 0  Process: /tb_top/u_mon//tb_top/u_mon  Scope: tb_top.u_mon  File: /run/media/sackb/Windows-SSD/Users/sackb/OneDrive/Desktop/University/Course_Work/2025-2026/Spring_2026/ECE_410/ECE410/project/post_m3_Minor_Redesign/tb/tb_top.sv Line: 257

Time: 23245 ns Started: 23235 ns Scope: /tb_top/u_mon File: /run/media/sackb/Windows-SSD/Users/sackb/OneDrive/Desktop/University/Course_Work/2025-2026/Spring_2026/ECE_410/ECE410/project/post_m3_Minor_Redesign/tb/tb_top.sv Line:256
Error: AXI MONITOR: core_C changed while core is idle
Time: 23245 ns  Iteration: 0  Process: /tb_top/u_mon//tb_top/u_mon  Scope: tb_top.u_mon  File: /run/media/sackb/Windows-SSD/Users/sackb/OneDrive/Desktop/University/Course_Work/2025-2026/Spring_2026/ECE_410/ECE410/project/post_m3_Minor_Redesign/tb/tb_top.sv Line: 257

Time: 23255 ns Started: 23245 ns Scope: /tb_top/u_mon File: /run/media/sackb/Windows-SSD/Users/sackb/OneDrive/Desktop/University/Course_Work/2025-2026/Spring_2026/ECE_410/ECE410/project/post_m3_Minor_Redesign/tb/tb_top.sv Line:256
Error: AXI MONITOR: core_C changed while core is idle
Time: 23255 ns  Iteration: 0  Process: /tb_top/u_mon//tb_top/u_mon  Scope: tb_top.u_mon  File: /run/media/sackb/Windows-SSD/Users/sackb/OneDrive/Desktop/University/Course_Work/2025-2026/Spring_2026/ECE_410/ECE410/project/post_m3_Minor_Redesign/tb/tb_top.sv Line: 257

Time: 23265 ns Started: 23255 ns Scope: /tb_top/u_mon File: /run/media/sackb/Windows-SSD/Users/sackb/OneDrive/Desktop/University/Course_Work/2025-2026/Spring_2026/ECE_410/ECE410/project/post_m3_Minor_Redesign/tb/tb_top.sv Line:256
Error: AXI MONITOR: core_C changed while core is idle
Time: 23265 ns  Iteration: 0  Process: /tb_top/u_mon//tb_top/u_mon  Scope: tb_top.u_mon  File: /run/media/sackb/Windows-SSD/Users/sackb/OneDrive/Desktop/University/Course_Work/2025-2026/Spring_2026/ECE_410/ECE410/project/post_m3_Minor_Redesign/tb/tb_top.sv Line: 257

Time: 23275 ns Started: 23265 ns Scope: /tb_top/u_mon File: /run/media/sackb/Windows-SSD/Users/sackb/OneDrive/Desktop/University/Course_Work/2025-2026/Spring_2026/ECE_410/ECE410/project/post_m3_Minor_Redesign/tb/tb_top.sv Line:256
Error: AXI MONITOR: core_C changed while core is idle
Time: 23275 ns  Iteration: 0  Process: /tb_top/u_mon//tb_top/u_mon  Scope: tb_top.u_mon  File: /run/media/sackb/Windows-SSD/Users/sackb/OneDrive/Desktop/University/Course_Work/2025-2026/Spring_2026/ECE_410/ECE410/project/post_m3_Minor_Redesign/tb/tb_top.sv Line: 257

Time: 23285 ns Started: 23275 ns Scope: /tb_top/u_mon File: /run/media/sackb/Windows-SSD/Users/sackb/OneDrive/Desktop/University/Course_Work/2025-2026/Spring_2026/ECE_410/ECE410/project/post_m3_Minor_Redesign/tb/tb_top.sv Line:256
Error: AXI MONITOR: core_C changed while core is idle
Time: 23285 ns  Iteration: 0  Process: /tb_top/u_mon//tb_top/u_mon  Scope: tb_top.u_mon  File: /run/media/sackb/Windows-SSD/Users/sackb/OneDrive/Desktop/University/Course_Work/2025-2026/Spring_2026/ECE_410/ECE410/project/post_m3_Minor_Redesign/tb/tb_top.sv Line: 257

Time: 23295 ns Started: 23285 ns Scope: /tb_top/u_mon File: /run/media/sackb/Windows-SSD/Users/sackb/OneDrive/Desktop/University/Course_Work/2025-2026/Spring_2026/ECE_410/ECE410/project/post_m3_Minor_Redesign/tb/tb_top.sv Line:256
Error: AXI MONITOR: core_C changed while core is idle
Time: 23295 ns  Iteration: 0  Process: /tb_top/u_mon//tb_top/u_mon  Scope: tb_top.u_mon  File: /run/media/sackb/Windows-SSD/Users/sackb/OneDrive/Desktop/University/Course_Work/2025-2026/Spring_2026/ECE_410/ECE410/project/post_m3_Minor_Redesign/tb/tb_top.sv Line: 257

Time: 23305 ns Started: 23295 ns Scope: /tb_top/u_mon File: /run/media/sackb/Windows-SSD/Users/sackb/OneDrive/Desktop/University/Course_Work/2025-2026/Spring_2026/ECE_410/ECE410/project/post_m3_Minor_Redesign/tb/tb_top.sv Line:256
Error: AXI MONITOR: core_C changed while core is idle
Time: 23305 ns  Iteration: 0  Process: /tb_top/u_mon//tb_top/u_mon  Scope: tb_top.u_mon  File: /run/media/sackb/Windows-SSD/Users/sackb/OneDrive/Desktop/University/Course_Work/2025-2026/Spring_2026/ECE_410/ECE410/project/post_m3_Minor_Redesign/tb/tb_top.sv Line: 257

Time: 23315 ns Started: 23305 ns Scope: /tb_top/u_mon File: /run/media/sackb/Windows-SSD/Users/sackb/OneDrive/Desktop/University/Course_Work/2025-2026/Spring_2026/ECE_410/ECE410/project/post_m3_Minor_Redesign/tb/tb_top.sv Line:256
Error: AXI MONITOR: core_C changed while core is idle
Time: 23315 ns  Iteration: 0  Process: /tb_top/u_mon//tb_top/u_mon  Scope: tb_top.u_mon  File: /run/media/sackb/Windows-SSD/Users/sackb/OneDrive/Desktop/University/Course_Work/2025-2026/Spring_2026/ECE_410/ECE410/project/post_m3_Minor_Redesign/tb/tb_top.sv Line: 257

Time: 23325 ns Started: 23315 ns Scope: /tb_top/u_mon File: /run/media/sackb/Windows-SSD/Users/sackb/OneDrive/Desktop/University/Course_Work/2025-2026/Spring_2026/ECE_410/ECE410/project/post_m3_Minor_Redesign/tb/tb_top.sv Line:256
Error: AXI MONITOR: core_C changed while core is idle
Time: 23325 ns  Iteration: 0  Process: /tb_top/u_mon//tb_top/u_mon  Scope: tb_top.u_mon  File: /run/media/sackb/Windows-SSD/Users/sackb/OneDrive/Desktop/University/Course_Work/2025-2026/Spring_2026/ECE_410/ECE410/project/post_m3_Minor_Redesign/tb/tb_top.sv Line: 257

Time: 23335 ns Started: 23325 ns Scope: /tb_top/u_mon File: /run/media/sackb/Windows-SSD/Users/sackb/OneDrive/Desktop/University/Course_Work/2025-2026/Spring_2026/ECE_410/ECE410/project/post_m3_Minor_Redesign/tb/tb_top.sv Line:256
Error: AXI MONITOR: core_C changed while core is idle
Time: 23335 ns  Iteration: 0  Process: /tb_top/u_mon//tb_top/u_mon  Scope: tb_top.u_mon  File: /run/media/sackb/Windows-SSD/Users/sackb/OneDrive/Desktop/University/Course_Work/2025-2026/Spring_2026/ECE_410/ECE410/project/post_m3_Minor_Redesign/tb/tb_top.sv Line: 257

Time: 23345 ns Started: 23335 ns Scope: /tb_top/u_mon File: /run/media/sackb/Windows-SSD/Users/sackb/OneDrive/Desktop/University/Course_Work/2025-2026/Spring_2026/ECE_410/ECE410/project/post_m3_Minor_Redesign/tb/tb_top.sv Line:256
Error: AXI MONITOR: core_C changed while core is idle
Time: 23345 ns  Iteration: 0  Process: /tb_top/u_mon//tb_top/u_mon  Scope: tb_top.u_mon  File: /run/media/sackb/Windows-SSD/Users/sackb/OneDrive/Desktop/University/Course_Work/2025-2026/Spring_2026/ECE_410/ECE410/project/post_m3_Minor_Redesign/tb/tb_top.sv Line: 257

Time: 23355 ns Started: 23345 ns Scope: /tb_top/u_mon File: /run/media/sackb/Windows-SSD/Users/sackb/OneDrive/Desktop/University/Course_Work/2025-2026/Spring_2026/ECE_410/ECE410/project/post_m3_Minor_Redesign/tb/tb_top.sv Line:256
Error: AXI MONITOR: core_C changed while core is idle
Time: 23355 ns  Iteration: 0  Process: /tb_top/u_mon//tb_top/u_mon  Scope: tb_top.u_mon  File: /run/media/sackb/Windows-SSD/Users/sackb/OneDrive/Desktop/University/Course_Work/2025-2026/Spring_2026/ECE_410/ECE410/project/post_m3_Minor_Redesign/tb/tb_top.sv Line: 257

Time: 23365 ns Started: 23355 ns Scope: /tb_top/u_mon File: /run/media/sackb/Windows-SSD/Users/sackb/OneDrive/Desktop/University/Course_Work/2025-2026/Spring_2026/ECE_410/ECE410/project/post_m3_Minor_Redesign/tb/tb_top.sv Line:256
Error: AXI MONITOR: core_C changed while core is idle
Time: 23365 ns  Iteration: 0  Process: /tb_top/u_mon//tb_top/u_mon  Scope: tb_top.u_mon  File: /run/media/sackb/Windows-SSD/Users/sackb/OneDrive/Desktop/University/Course_Work/2025-2026/Spring_2026/ECE_410/ECE410/project/post_m3_Minor_Redesign/tb/tb_top.sv Line: 257

Time: 23375 ns Started: 23365 ns Scope: /tb_top/u_mon File: /run/media/sackb/Windows-SSD/Users/sackb/OneDrive/Desktop/University/Course_Work/2025-2026/Spring_2026/ECE_410/ECE410/project/post_m3_Minor_Redesign/tb/tb_top.sv Line:256
Error: AXI MONITOR: core_C changed while core is idle
Time: 23375 ns  Iteration: 0  Process: /tb_top/u_mon//tb_top/u_mon  Scope: tb_top.u_mon  File: /run/media/sackb/Windows-SSD/Users/sackb/OneDrive/Desktop/University/Course_Work/2025-2026/Spring_2026/ECE_410/ECE410/project/post_m3_Minor_Redesign/tb/tb_top.sv Line: 257

Time: 23385 ns Started: 23375 ns Scope: /tb_top/u_mon File: /run/media/sackb/Windows-SSD/Users/sackb/OneDrive/Desktop/University/Course_Work/2025-2026/Spring_2026/ECE_410/ECE410/project/post_m3_Minor_Redesign/tb/tb_top.sv Line:256
Error: AXI MONITOR: core_C changed while core is idle
Time: 23385 ns  Iteration: 0  Process: /tb_top/u_mon//tb_top/u_mon  Scope: tb_top.u_mon  File: /run/media/sackb/Windows-SSD/Users/sackb/OneDrive/Desktop/University/Course_Work/2025-2026/Spring_2026/ECE_410/ECE410/project/post_m3_Minor_Redesign/tb/tb_top.sv Line: 257

Time: 23395 ns Started: 23385 ns Scope: /tb_top/u_mon File: /run/media/sackb/Windows-SSD/Users/sackb/OneDrive/Desktop/University/Course_Work/2025-2026/Spring_2026/ECE_410/ECE410/project/post_m3_Minor_Redesign/tb/tb_top.sv Line:256
Error: AXI MONITOR: core_C changed while core is idle
Time: 23395 ns  Iteration: 0  Process: /tb_top/u_mon//tb_top/u_mon  Scope: tb_top.u_mon  File: /run/media/sackb/Windows-SSD/Users/sackb/OneDrive/Desktop/University/Course_Work/2025-2026/Spring_2026/ECE_410/ECE410/project/post_m3_Minor_Redesign/tb/tb_top.sv Line: 257

Time: 23405 ns Started: 23395 ns Scope: /tb_top/u_mon File: /run/media/sackb/Windows-SSD/Users/sackb/OneDrive/Desktop/University/Course_Work/2025-2026/Spring_2026/ECE_410/ECE410/project/post_m3_Minor_Redesign/tb/tb_top.sv Line:256
Error: AXI MONITOR: core_C changed while core is idle
Time: 23405 ns  Iteration: 0  Process: /tb_top/u_mon//tb_top/u_mon  Scope: tb_top.u_mon  File: /run/media/sackb/Windows-SSD/Users/sackb/OneDrive/Desktop/University/Course_Work/2025-2026/Spring_2026/ECE_410/ECE410/project/post_m3_Minor_Redesign/tb/tb_top.sv Line: 257

Time: 23415 ns Started: 23405 ns Scope: /tb_top/u_mon File: /run/media/sackb/Windows-SSD/Users/sackb/OneDrive/Desktop/University/Course_Work/2025-2026/Spring_2026/ECE_410/ECE410/project/post_m3_Minor_Redesign/tb/tb_top.sv Line:256
Error: AXI MONITOR: core_C changed while core is idle
Time: 23415 ns  Iteration: 0  Process: /tb_top/u_mon//tb_top/u_mon  Scope: tb_top.u_mon  File: /run/media/sackb/Windows-SSD/Users/sackb/OneDrive/Desktop/University/Course_Work/2025-2026/Spring_2026/ECE_410/ECE410/project/post_m3_Minor_Redesign/tb/tb_top.sv Line: 257

Time: 23425 ns Started: 23415 ns Scope: /tb_top/u_mon File: /run/media/sackb/Windows-SSD/Users/sackb/OneDrive/Desktop/University/Course_Work/2025-2026/Spring_2026/ECE_410/ECE410/project/post_m3_Minor_Redesign/tb/tb_top.sv Line:256
Error: AXI MONITOR: core_C changed while core is idle
Time: 23425 ns  Iteration: 0  Process: /tb_top/u_mon//tb_top/u_mon  Scope: tb_top.u_mon  File: /run/media/sackb/Windows-SSD/Users/sackb/OneDrive/Desktop/University/Course_Work/2025-2026/Spring_2026/ECE_410/ECE410/project/post_m3_Minor_Redesign/tb/tb_top.sv Line: 257

Time: 23435 ns Started: 23425 ns Scope: /tb_top/u_mon File: /run/media/sackb/Windows-SSD/Users/sackb/OneDrive/Desktop/University/Course_Work/2025-2026/Spring_2026/ECE_410/ECE410/project/post_m3_Minor_Redesign/tb/tb_top.sv Line:256
Error: AXI MONITOR: core_C changed while core is idle
Time: 23435 ns  Iteration: 0  Process: /tb_top/u_mon//tb_top/u_mon  Scope: tb_top.u_mon  File: /run/media/sackb/Windows-SSD/Users/sackb/OneDrive/Desktop/University/Course_Work/2025-2026/Spring_2026/ECE_410/ECE410/project/post_m3_Minor_Redesign/tb/tb_top.sv Line: 257

Time: 23445 ns Started: 23435 ns Scope: /tb_top/u_mon File: /run/media/sackb/Windows-SSD/Users/sackb/OneDrive/Desktop/University/Course_Work/2025-2026/Spring_2026/ECE_410/ECE410/project/post_m3_Minor_Redesign/tb/tb_top.sv Line:256
Error: AXI MONITOR: core_C changed while core is idle
Time: 23445 ns  Iteration: 0  Process: /tb_top/u_mon//tb_top/u_mon  Scope: tb_top.u_mon  File: /run/media/sackb/Windows-SSD/Users/sackb/OneDrive/Desktop/University/Course_Work/2025-2026/Spring_2026/ECE_410/ECE410/project/post_m3_Minor_Redesign/tb/tb_top.sv Line: 257

Time: 23455 ns Started: 23445 ns Scope: /tb_top/u_mon File: /run/media/sackb/Windows-SSD/Users/sackb/OneDrive/Desktop/University/Course_Work/2025-2026/Spring_2026/ECE_410/ECE410/project/post_m3_Minor_Redesign/tb/tb_top.sv Line:256
Error: AXI MONITOR: core_C changed while core is idle
Time: 23455 ns  Iteration: 0  Process: /tb_top/u_mon//tb_top/u_mon  Scope: tb_top.u_mon  File: /run/media/sackb/Windows-SSD/Users/sackb/OneDrive/Desktop/University/Course_Work/2025-2026/Spring_2026/ECE_410/ECE410/project/post_m3_Minor_Redesign/tb/tb_top.sv Line: 257

Time: 23465 ns Started: 23455 ns Scope: /tb_top/u_mon File: /run/media/sackb/Windows-SSD/Users/sackb/OneDrive/Desktop/University/Course_Work/2025-2026/Spring_2026/ECE_410/ECE410/project/post_m3_Minor_Redesign/tb/tb_top.sv Line:256
Error: AXI MONITOR: core_C changed while core is idle
Time: 23465 ns  Iteration: 0  Process: /tb_top/u_mon//tb_top/u_mon  Scope: tb_top.u_mon  File: /run/media/sackb/Windows-SSD/Users/sackb/OneDrive/Desktop/University/Course_Work/2025-2026/Spring_2026/ECE_410/ECE410/project/post_m3_Minor_Redesign/tb/tb_top.sv Line: 257

Time: 23475 ns Started: 23465 ns Scope: /tb_top/u_mon File: /run/media/sackb/Windows-SSD/Users/sackb/OneDrive/Desktop/University/Course_Work/2025-2026/Spring_2026/ECE_410/ECE410/project/post_m3_Minor_Redesign/tb/tb_top.sv Line:256
Error: AXI MONITOR: core_C changed while core is idle
Time: 23475 ns  Iteration: 0  Process: /tb_top/u_mon//tb_top/u_mon  Scope: tb_top.u_mon  File: /run/media/sackb/Windows-SSD/Users/sackb/OneDrive/Desktop/University/Course_Work/2025-2026/Spring_2026/ECE_410/ECE410/project/post_m3_Minor_Redesign/tb/tb_top.sv Line: 257

Time: 23485 ns Started: 23475 ns Scope: /tb_top/u_mon File: /run/media/sackb/Windows-SSD/Users/sackb/OneDrive/Desktop/University/Course_Work/2025-2026/Spring_2026/ECE_410/ECE410/project/post_m3_Minor_Redesign/tb/tb_top.sv Line:256
Error: AXI MONITOR: core_C changed while core is idle
Time: 23485 ns  Iteration: 0  Process: /tb_top/u_mon//tb_top/u_mon  Scope: tb_top.u_mon  File: /run/media/sackb/Windows-SSD/Users/sackb/OneDrive/Desktop/University/Course_Work/2025-2026/Spring_2026/ECE_410/ECE410/project/post_m3_Minor_Redesign/tb/tb_top.sv Line: 257

Time: 23495 ns Started: 23485 ns Scope: /tb_top/u_mon File: /run/media/sackb/Windows-SSD/Users/sackb/OneDrive/Desktop/University/Course_Work/2025-2026/Spring_2026/ECE_410/ECE410/project/post_m3_Minor_Redesign/tb/tb_top.sv Line:256
Error: AXI MONITOR: core_C changed while core is idle
Time: 23495 ns  Iteration: 0  Process: /tb_top/u_mon//tb_top/u_mon  Scope: tb_top.u_mon  File: /run/media/sackb/Windows-SSD/Users/sackb/OneDrive/Desktop/University/Course_Work/2025-2026/Spring_2026/ECE_410/ECE410/project/post_m3_Minor_Redesign/tb/tb_top.sv Line: 257

Time: 23505 ns Started: 23495 ns Scope: /tb_top/u_mon File: /run/media/sackb/Windows-SSD/Users/sackb/OneDrive/Desktop/University/Course_Work/2025-2026/Spring_2026/ECE_410/ECE410/project/post_m3_Minor_Redesign/tb/tb_top.sv Line:256
Error: AXI MONITOR: core_C changed while core is idle
Time: 23505 ns  Iteration: 0  Process: /tb_top/u_mon//tb_top/u_mon  Scope: tb_top.u_mon  File: /run/media/sackb/Windows-SSD/Users/sackb/OneDrive/Desktop/University/Course_Work/2025-2026/Spring_2026/ECE_410/ECE410/project/post_m3_Minor_Redesign/tb/tb_top.sv Line: 257

Time: 23515 ns Started: 23505 ns Scope: /tb_top/u_mon File: /run/media/sackb/Windows-SSD/Users/sackb/OneDrive/Desktop/University/Course_Work/2025-2026/Spring_2026/ECE_410/ECE410/project/post_m3_Minor_Redesign/tb/tb_top.sv Line:256
Error: AXI MONITOR: core_C changed while core is idle
Time: 23515 ns  Iteration: 0  Process: /tb_top/u_mon//tb_top/u_mon  Scope: tb_top.u_mon  File: /run/media/sackb/Windows-SSD/Users/sackb/OneDrive/Desktop/University/Course_Work/2025-2026/Spring_2026/ECE_410/ECE410/project/post_m3_Minor_Redesign/tb/tb_top.sv Line: 257

Time: 23525 ns Started: 23515 ns Scope: /tb_top/u_mon File: /run/media/sackb/Windows-SSD/Users/sackb/OneDrive/Desktop/University/Course_Work/2025-2026/Spring_2026/ECE_410/ECE410/project/post_m3_Minor_Redesign/tb/tb_top.sv Line:256
Error: AXI MONITOR: core_C changed while core is idle
Time: 23525 ns  Iteration: 0  Process: /tb_top/u_mon//tb_top/u_mon  Scope: tb_top.u_mon  File: /run/media/sackb/Windows-SSD/Users/sackb/OneDrive/Desktop/University/Course_Work/2025-2026/Spring_2026/ECE_410/ECE410/project/post_m3_Minor_Redesign/tb/tb_top.sv Line: 257

Time: 23535 ns Started: 23525 ns Scope: /tb_top/u_mon File: /run/media/sackb/Windows-SSD/Users/sackb/OneDrive/Desktop/University/Course_Work/2025-2026/Spring_2026/ECE_410/ECE410/project/post_m3_Minor_Redesign/tb/tb_top.sv Line:256
Error: AXI MONITOR: core_C changed while core is idle
Time: 23535 ns  Iteration: 0  Process: /tb_top/u_mon//tb_top/u_mon  Scope: tb_top.u_mon  File: /run/media/sackb/Windows-SSD/Users/sackb/OneDrive/Desktop/University/Course_Work/2025-2026/Spring_2026/ECE_410/ECE410/project/post_m3_Minor_Redesign/tb/tb_top.sv Line: 257

Time: 23545 ns Started: 23535 ns Scope: /tb_top/u_mon File: /run/media/sackb/Windows-SSD/Users/sackb/OneDrive/Desktop/University/Course_Work/2025-2026/Spring_2026/ECE_410/ECE410/project/post_m3_Minor_Redesign/tb/tb_top.sv Line:256
Error: AXI MONITOR: core_C changed while core is idle
Time: 23545 ns  Iteration: 0  Process: /tb_top/u_mon//tb_top/u_mon  Scope: tb_top.u_mon  File: /run/media/sackb/Windows-SSD/Users/sackb/OneDrive/Desktop/University/Course_Work/2025-2026/Spring_2026/ECE_410/ECE410/project/post_m3_Minor_Redesign/tb/tb_top.sv Line: 257

Time: 23555 ns Started: 23545 ns Scope: /tb_top/u_mon File: /run/media/sackb/Windows-SSD/Users/sackb/OneDrive/Desktop/University/Course_Work/2025-2026/Spring_2026/ECE_410/ECE410/project/post_m3_Minor_Redesign/tb/tb_top.sv Line:256
Error: AXI MONITOR: core_C changed while core is idle
Time: 23555 ns  Iteration: 0  Process: /tb_top/u_mon//tb_top/u_mon  Scope: tb_top.u_mon  File: /run/media/sackb/Windows-SSD/Users/sackb/OneDrive/Desktop/University/Course_Work/2025-2026/Spring_2026/ECE_410/ECE410/project/post_m3_Minor_Redesign/tb/tb_top.sv Line: 257

Time: 23565 ns Started: 23555 ns Scope: /tb_top/u_mon File: /run/media/sackb/Windows-SSD/Users/sackb/OneDrive/Desktop/University/Course_Work/2025-2026/Spring_2026/ECE_410/ECE410/project/post_m3_Minor_Redesign/tb/tb_top.sv Line:256
Error: AXI MONITOR: core_C changed while core is idle
Time: 23565 ns  Iteration: 0  Process: /tb_top/u_mon//tb_top/u_mon  Scope: tb_top.u_mon  File: /run/media/sackb/Windows-SSD/Users/sackb/OneDrive/Desktop/University/Course_Work/2025-2026/Spring_2026/ECE_410/ECE410/project/post_m3_Minor_Redesign/tb/tb_top.sv Line: 257

Time: 24305 ns Started: 24295 ns Scope: /tb_top/u_mon File: /run/media/sackb/Windows-SSD/Users/sackb/OneDrive/Desktop/University/Course_Work/2025-2026/Spring_2026/ECE_410/ECE410/project/post_m3_Minor_Redesign/tb/tb_top.sv Line:256
Error: AXI MONITOR: core_C changed while core is idle
Time: 24305 ns  Iteration: 0  Process: /tb_top/u_mon//tb_top/u_mon  Scope: tb_top.u_mon  File: /run/media/sackb/Windows-SSD/Users/sackb/OneDrive/Desktop/University/Course_Work/2025-2026/Spring_2026/ECE_410/ECE410/project/post_m3_Minor_Redesign/tb/tb_top.sv Line: 257

Time: 24315 ns Started: 24305 ns Scope: /tb_top/u_mon File: /run/media/sackb/Windows-SSD/Users/sackb/OneDrive/Desktop/University/Course_Work/2025-2026/Spring_2026/ECE_410/ECE410/project/post_m3_Minor_Redesign/tb/tb_top.sv Line:256
Error: AXI MONITOR: core_C changed while core is idle
Time: 24315 ns  Iteration: 0  Process: /tb_top/u_mon//tb_top/u_mon  Scope: tb_top.u_mon  File: /run/media/sackb/Windows-SSD/Users/sackb/OneDrive/Desktop/University/Course_Work/2025-2026/Spring_2026/ECE_410/ECE410/project/post_m3_Minor_Redesign/tb/tb_top.sv Line: 257

Time: 24325 ns Started: 24315 ns Scope: /tb_top/u_mon File: /run/media/sackb/Windows-SSD/Users/sackb/OneDrive/Desktop/University/Course_Work/2025-2026/Spring_2026/ECE_410/ECE410/project/post_m3_Minor_Redesign/tb/tb_top.sv Line:256
Error: AXI MONITOR: core_C changed while core is idle
Time: 24325 ns  Iteration: 0  Process: /tb_top/u_mon//tb_top/u_mon  Scope: tb_top.u_mon  File: /run/media/sackb/Windows-SSD/Users/sackb/OneDrive/Desktop/University/Course_Work/2025-2026/Spring_2026/ECE_410/ECE410/project/post_m3_Minor_Redesign/tb/tb_top.sv Line: 257

Time: 24335 ns Started: 24325 ns Scope: /tb_top/u_mon File: /run/media/sackb/Windows-SSD/Users/sackb/OneDrive/Desktop/University/Course_Work/2025-2026/Spring_2026/ECE_410/ECE410/project/post_m3_Minor_Redesign/tb/tb_top.sv Line:256
Error: AXI MONITOR: core_C changed while core is idle
Time: 24335 ns  Iteration: 0  Process: /tb_top/u_mon//tb_top/u_mon  Scope: tb_top.u_mon  File: /run/media/sackb/Windows-SSD/Users/sackb/OneDrive/Desktop/University/Course_Work/2025-2026/Spring_2026/ECE_410/ECE410/project/post_m3_Minor_Redesign/tb/tb_top.sv Line: 257

Time: 24345 ns Started: 24335 ns Scope: /tb_top/u_mon File: /run/media/sackb/Windows-SSD/Users/sackb/OneDrive/Desktop/University/Course_Work/2025-2026/Spring_2026/ECE_410/ECE410/project/post_m3_Minor_Redesign/tb/tb_top.sv Line:256
Error: AXI MONITOR: core_C changed while core is idle
Time: 24345 ns  Iteration: 0  Process: /tb_top/u_mon//tb_top/u_mon  Scope: tb_top.u_mon  File: /run/media/sackb/Windows-SSD/Users/sackb/OneDrive/Desktop/University/Course_Work/2025-2026/Spring_2026/ECE_410/ECE410/project/post_m3_Minor_Redesign/tb/tb_top.sv Line: 257

Time: 24355 ns Started: 24345 ns Scope: /tb_top/u_mon File: /run/media/sackb/Windows-SSD/Users/sackb/OneDrive/Desktop/University/Course_Work/2025-2026/Spring_2026/ECE_410/ECE410/project/post_m3_Minor_Redesign/tb/tb_top.sv Line:256
Error: AXI MONITOR: core_C changed while core is idle
Time: 24355 ns  Iteration: 0  Process: /tb_top/u_mon//tb_top/u_mon  Scope: tb_top.u_mon  File: /run/media/sackb/Windows-SSD/Users/sackb/OneDrive/Desktop/University/Course_Work/2025-2026/Spring_2026/ECE_410/ECE410/project/post_m3_Minor_Redesign/tb/tb_top.sv Line: 257

Time: 24365 ns Started: 24355 ns Scope: /tb_top/u_mon File: /run/media/sackb/Windows-SSD/Users/sackb/OneDrive/Desktop/University/Course_Work/2025-2026/Spring_2026/ECE_410/ECE410/project/post_m3_Minor_Redesign/tb/tb_top.sv Line:256
Error: AXI MONITOR: core_C changed while core is idle
Time: 24365 ns  Iteration: 0  Process: /tb_top/u_mon//tb_top/u_mon  Scope: tb_top.u_mon  File: /run/media/sackb/Windows-SSD/Users/sackb/OneDrive/Desktop/University/Course_Work/2025-2026/Spring_2026/ECE_410/ECE410/project/post_m3_Minor_Redesign/tb/tb_top.sv Line: 257

Time: 24375 ns Started: 24365 ns Scope: /tb_top/u_mon File: /run/media/sackb/Windows-SSD/Users/sackb/OneDrive/Desktop/University/Course_Work/2025-2026/Spring_2026/ECE_410/ECE410/project/post_m3_Minor_Redesign/tb/tb_top.sv Line:256
Error: AXI MONITOR: core_C changed while core is idle
Time: 24375 ns  Iteration: 0  Process: /tb_top/u_mon//tb_top/u_mon  Scope: tb_top.u_mon  File: /run/media/sackb/Windows-SSD/Users/sackb/OneDrive/Desktop/University/Course_Work/2025-2026/Spring_2026/ECE_410/ECE410/project/post_m3_Minor_Redesign/tb/tb_top.sv Line: 257

Time: 24385 ns Started: 24375 ns Scope: /tb_top/u_mon File: /run/media/sackb/Windows-SSD/Users/sackb/OneDrive/Desktop/University/Course_Work/2025-2026/Spring_2026/ECE_410/ECE410/project/post_m3_Minor_Redesign/tb/tb_top.sv Line:256
Error: AXI MONITOR: core_C changed while core is idle
Time: 24385 ns  Iteration: 0  Process: /tb_top/u_mon//tb_top/u_mon  Scope: tb_top.u_mon  File: /run/media/sackb/Windows-SSD/Users/sackb/OneDrive/Desktop/University/Course_Work/2025-2026/Spring_2026/ECE_410/ECE410/project/post_m3_Minor_Redesign/tb/tb_top.sv Line: 257

Time: 24395 ns Started: 24385 ns Scope: /tb_top/u_mon File: /run/media/sackb/Windows-SSD/Users/sackb/OneDrive/Desktop/University/Course_Work/2025-2026/Spring_2026/ECE_410/ECE410/project/post_m3_Minor_Redesign/tb/tb_top.sv Line:256
Error: AXI MONITOR: core_C changed while core is idle
Time: 24395 ns  Iteration: 0  Process: /tb_top/u_mon//tb_top/u_mon  Scope: tb_top.u_mon  File: /run/media/sackb/Windows-SSD/Users/sackb/OneDrive/Desktop/University/Course_Work/2025-2026/Spring_2026/ECE_410/ECE410/project/post_m3_Minor_Redesign/tb/tb_top.sv Line: 257

Time: 24405 ns Started: 24395 ns Scope: /tb_top/u_mon File: /run/media/sackb/Windows-SSD/Users/sackb/OneDrive/Desktop/University/Course_Work/2025-2026/Spring_2026/ECE_410/ECE410/project/post_m3_Minor_Redesign/tb/tb_top.sv Line:256
Error: AXI MONITOR: core_C changed while core is idle
Time: 24405 ns  Iteration: 0  Process: /tb_top/u_mon//tb_top/u_mon  Scope: tb_top.u_mon  File: /run/media/sackb/Windows-SSD/Users/sackb/OneDrive/Desktop/University/Course_Work/2025-2026/Spring_2026/ECE_410/ECE410/project/post_m3_Minor_Redesign/tb/tb_top.sv Line: 257

Time: 24415 ns Started: 24405 ns Scope: /tb_top/u_mon File: /run/media/sackb/Windows-SSD/Users/sackb/OneDrive/Desktop/University/Course_Work/2025-2026/Spring_2026/ECE_410/ECE410/project/post_m3_Minor_Redesign/tb/tb_top.sv Line:256
Error: AXI MONITOR: core_C changed while core is idle
Time: 24415 ns  Iteration: 0  Process: /tb_top/u_mon//tb_top/u_mon  Scope: tb_top.u_mon  File: /run/media/sackb/Windows-SSD/Users/sackb/OneDrive/Desktop/University/Course_Work/2025-2026/Spring_2026/ECE_410/ECE410/project/post_m3_Minor_Redesign/tb/tb_top.sv Line: 257

Time: 24425 ns Started: 24415 ns Scope: /tb_top/u_mon File: /run/media/sackb/Windows-SSD/Users/sackb/OneDrive/Desktop/University/Course_Work/2025-2026/Spring_2026/ECE_410/ECE410/project/post_m3_Minor_Redesign/tb/tb_top.sv Line:256
Error: AXI MONITOR: core_C changed while core is idle
Time: 24425 ns  Iteration: 0  Process: /tb_top/u_mon//tb_top/u_mon  Scope: tb_top.u_mon  File: /run/media/sackb/Windows-SSD/Users/sackb/OneDrive/Desktop/University/Course_Work/2025-2026/Spring_2026/ECE_410/ECE410/project/post_m3_Minor_Redesign/tb/tb_top.sv Line: 257

Time: 24435 ns Started: 24425 ns Scope: /tb_top/u_mon File: /run/media/sackb/Windows-SSD/Users/sackb/OneDrive/Desktop/University/Course_Work/2025-2026/Spring_2026/ECE_410/ECE410/project/post_m3_Minor_Redesign/tb/tb_top.sv Line:256
Error: AXI MONITOR: core_C changed while core is idle
Time: 24435 ns  Iteration: 0  Process: /tb_top/u_mon//tb_top/u_mon  Scope: tb_top.u_mon  File: /run/media/sackb/Windows-SSD/Users/sackb/OneDrive/Desktop/University/Course_Work/2025-2026/Spring_2026/ECE_410/ECE410/project/post_m3_Minor_Redesign/tb/tb_top.sv Line: 257

Time: 24445 ns Started: 24435 ns Scope: /tb_top/u_mon File: /run/media/sackb/Windows-SSD/Users/sackb/OneDrive/Desktop/University/Course_Work/2025-2026/Spring_2026/ECE_410/ECE410/project/post_m3_Minor_Redesign/tb/tb_top.sv Line:256
Error: AXI MONITOR: core_C changed while core is idle
Time: 24445 ns  Iteration: 0  Process: /tb_top/u_mon//tb_top/u_mon  Scope: tb_top.u_mon  File: /run/media/sackb/Windows-SSD/Users/sackb/OneDrive/Desktop/University/Course_Work/2025-2026/Spring_2026/ECE_410/ECE410/project/post_m3_Minor_Redesign/tb/tb_top.sv Line: 257

Time: 24455 ns Started: 24445 ns Scope: /tb_top/u_mon File: /run/media/sackb/Windows-SSD/Users/sackb/OneDrive/Desktop/University/Course_Work/2025-2026/Spring_2026/ECE_410/ECE410/project/post_m3_Minor_Redesign/tb/tb_top.sv Line:256
Error: AXI MONITOR: core_C changed while core is idle
Time: 24455 ns  Iteration: 0  Process: /tb_top/u_mon//tb_top/u_mon  Scope: tb_top.u_mon  File: /run/media/sackb/Windows-SSD/Users/sackb/OneDrive/Desktop/University/Course_Work/2025-2026/Spring_2026/ECE_410/ECE410/project/post_m3_Minor_Redesign/tb/tb_top.sv Line: 257

Time: 24465 ns Started: 24455 ns Scope: /tb_top/u_mon File: /run/media/sackb/Windows-SSD/Users/sackb/OneDrive/Desktop/University/Course_Work/2025-2026/Spring_2026/ECE_410/ECE410/project/post_m3_Minor_Redesign/tb/tb_top.sv Line:256
Error: AXI MONITOR: core_C changed while core is idle
Time: 24465 ns  Iteration: 0  Process: /tb_top/u_mon//tb_top/u_mon  Scope: tb_top.u_mon  File: /run/media/sackb/Windows-SSD/Users/sackb/OneDrive/Desktop/University/Course_Work/2025-2026/Spring_2026/ECE_410/ECE410/project/post_m3_Minor_Redesign/tb/tb_top.sv Line: 257

Time: 24475 ns Started: 24465 ns Scope: /tb_top/u_mon File: /run/media/sackb/Windows-SSD/Users/sackb/OneDrive/Desktop/University/Course_Work/2025-2026/Spring_2026/ECE_410/ECE410/project/post_m3_Minor_Redesign/tb/tb_top.sv Line:256
Error: AXI MONITOR: core_C changed while core is idle
Time: 24475 ns  Iteration: 0  Process: /tb_top/u_mon//tb_top/u_mon  Scope: tb_top.u_mon  File: /run/media/sackb/Windows-SSD/Users/sackb/OneDrive/Desktop/University/Course_Work/2025-2026/Spring_2026/ECE_410/ECE410/project/post_m3_Minor_Redesign/tb/tb_top.sv Line: 257

Time: 24485 ns Started: 24475 ns Scope: /tb_top/u_mon File: /run/media/sackb/Windows-SSD/Users/sackb/OneDrive/Desktop/University/Course_Work/2025-2026/Spring_2026/ECE_410/ECE410/project/post_m3_Minor_Redesign/tb/tb_top.sv Line:256
Error: AXI MONITOR: core_C changed while core is idle
Time: 24485 ns  Iteration: 0  Process: /tb_top/u_mon//tb_top/u_mon  Scope: tb_top.u_mon  File: /run/media/sackb/Windows-SSD/Users/sackb/OneDrive/Desktop/University/Course_Work/2025-2026/Spring_2026/ECE_410/ECE410/project/post_m3_Minor_Redesign/tb/tb_top.sv Line: 257

Time: 24495 ns Started: 24485 ns Scope: /tb_top/u_mon File: /run/media/sackb/Windows-SSD/Users/sackb/OneDrive/Desktop/University/Course_Work/2025-2026/Spring_2026/ECE_410/ECE410/project/post_m3_Minor_Redesign/tb/tb_top.sv Line:256
Error: AXI MONITOR: core_C changed while core is idle
Time: 24495 ns  Iteration: 0  Process: /tb_top/u_mon//tb_top/u_mon  Scope: tb_top.u_mon  File: /run/media/sackb/Windows-SSD/Users/sackb/OneDrive/Desktop/University/Course_Work/2025-2026/Spring_2026/ECE_410/ECE410/project/post_m3_Minor_Redesign/tb/tb_top.sv Line: 257

Time: 24505 ns Started: 24495 ns Scope: /tb_top/u_mon File: /run/media/sackb/Windows-SSD/Users/sackb/OneDrive/Desktop/University/Course_Work/2025-2026/Spring_2026/ECE_410/ECE410/project/post_m3_Minor_Redesign/tb/tb_top.sv Line:256
Error: AXI MONITOR: core_C changed while core is idle
Time: 24505 ns  Iteration: 0  Process: /tb_top/u_mon//tb_top/u_mon  Scope: tb_top.u_mon  File: /run/media/sackb/Windows-SSD/Users/sackb/OneDrive/Desktop/University/Course_Work/2025-2026/Spring_2026/ECE_410/ECE410/project/post_m3_Minor_Redesign/tb/tb_top.sv Line: 257

Time: 24515 ns Started: 24505 ns Scope: /tb_top/u_mon File: /run/media/sackb/Windows-SSD/Users/sackb/OneDrive/Desktop/University/Course_Work/2025-2026/Spring_2026/ECE_410/ECE410/project/post_m3_Minor_Redesign/tb/tb_top.sv Line:256
Error: AXI MONITOR: core_C changed while core is idle
Time: 24515 ns  Iteration: 0  Process: /tb_top/u_mon//tb_top/u_mon  Scope: tb_top.u_mon  File: /run/media/sackb/Windows-SSD/Users/sackb/OneDrive/Desktop/University/Course_Work/2025-2026/Spring_2026/ECE_410/ECE410/project/post_m3_Minor_Redesign/tb/tb_top.sv Line: 257

Time: 24525 ns Started: 24515 ns Scope: /tb_top/u_mon File: /run/media/sackb/Windows-SSD/Users/sackb/OneDrive/Desktop/University/Course_Work/2025-2026/Spring_2026/ECE_410/ECE410/project/post_m3_Minor_Redesign/tb/tb_top.sv Line:256
Error: AXI MONITOR: core_C changed while core is idle
Time: 24525 ns  Iteration: 0  Process: /tb_top/u_mon//tb_top/u_mon  Scope: tb_top.u_mon  File: /run/media/sackb/Windows-SSD/Users/sackb/OneDrive/Desktop/University/Course_Work/2025-2026/Spring_2026/ECE_410/ECE410/project/post_m3_Minor_Redesign/tb/tb_top.sv Line: 257

Time: 24535 ns Started: 24525 ns Scope: /tb_top/u_mon File: /run/media/sackb/Windows-SSD/Users/sackb/OneDrive/Desktop/University/Course_Work/2025-2026/Spring_2026/ECE_410/ECE410/project/post_m3_Minor_Redesign/tb/tb_top.sv Line:256
Error: AXI MONITOR: core_C changed while core is idle
Time: 24535 ns  Iteration: 0  Process: /tb_top/u_mon//tb_top/u_mon  Scope: tb_top.u_mon  File: /run/media/sackb/Windows-SSD/Users/sackb/OneDrive/Desktop/University/Course_Work/2025-2026/Spring_2026/ECE_410/ECE410/project/post_m3_Minor_Redesign/tb/tb_top.sv Line: 257

Time: 24545 ns Started: 24535 ns Scope: /tb_top/u_mon File: /run/media/sackb/Windows-SSD/Users/sackb/OneDrive/Desktop/University/Course_Work/2025-2026/Spring_2026/ECE_410/ECE410/project/post_m3_Minor_Redesign/tb/tb_top.sv Line:256
Error: AXI MONITOR: core_C changed while core is idle
Time: 24545 ns  Iteration: 0  Process: /tb_top/u_mon//tb_top/u_mon  Scope: tb_top.u_mon  File: /run/media/sackb/Windows-SSD/Users/sackb/OneDrive/Desktop/University/Course_Work/2025-2026/Spring_2026/ECE_410/ECE410/project/post_m3_Minor_Redesign/tb/tb_top.sv Line: 257

Time: 24555 ns Started: 24545 ns Scope: /tb_top/u_mon File: /run/media/sackb/Windows-SSD/Users/sackb/OneDrive/Desktop/University/Course_Work/2025-2026/Spring_2026/ECE_410/ECE410/project/post_m3_Minor_Redesign/tb/tb_top.sv Line:256
Error: AXI MONITOR: core_C changed while core is idle
Time: 24555 ns  Iteration: 0  Process: /tb_top/u_mon//tb_top/u_mon  Scope: tb_top.u_mon  File: /run/media/sackb/Windows-SSD/Users/sackb/OneDrive/Desktop/University/Course_Work/2025-2026/Spring_2026/ECE_410/ECE410/project/post_m3_Minor_Redesign/tb/tb_top.sv Line: 257

Time: 24565 ns Started: 24555 ns Scope: /tb_top/u_mon File: /run/media/sackb/Windows-SSD/Users/sackb/OneDrive/Desktop/University/Course_Work/2025-2026/Spring_2026/ECE_410/ECE410/project/post_m3_Minor_Redesign/tb/tb_top.sv Line:256
Error: AXI MONITOR: core_C changed while core is idle
Time: 24565 ns  Iteration: 0  Process: /tb_top/u_mon//tb_top/u_mon  Scope: tb_top.u_mon  File: /run/media/sackb/Windows-SSD/Users/sackb/OneDrive/Desktop/University/Course_Work/2025-2026/Spring_2026/ECE_410/ECE410/project/post_m3_Minor_Redesign/tb/tb_top.sv Line: 257

Time: 24575 ns Started: 24565 ns Scope: /tb_top/u_mon File: /run/media/sackb/Windows-SSD/Users/sackb/OneDrive/Desktop/University/Course_Work/2025-2026/Spring_2026/ECE_410/ECE410/project/post_m3_Minor_Redesign/tb/tb_top.sv Line:256
Error: AXI MONITOR: core_C changed while core is idle
Time: 24575 ns  Iteration: 0  Process: /tb_top/u_mon//tb_top/u_mon  Scope: tb_top.u_mon  File: /run/media/sackb/Windows-SSD/Users/sackb/OneDrive/Desktop/University/Course_Work/2025-2026/Spring_2026/ECE_410/ECE410/project/post_m3_Minor_Redesign/tb/tb_top.sv Line: 257

Time: 24585 ns Started: 24575 ns Scope: /tb_top/u_mon File: /run/media/sackb/Windows-SSD/Users/sackb/OneDrive/Desktop/University/Course_Work/2025-2026/Spring_2026/ECE_410/ECE410/project/post_m3_Minor_Redesign/tb/tb_top.sv Line:256
Error: AXI MONITOR: core_C changed while core is idle
Time: 24585 ns  Iteration: 0  Process: /tb_top/u_mon//tb_top/u_mon  Scope: tb_top.u_mon  File: /run/media/sackb/Windows-SSD/Users/sackb/OneDrive/Desktop/University/Course_Work/2025-2026/Spring_2026/ECE_410/ECE410/project/post_m3_Minor_Redesign/tb/tb_top.sv Line: 257

Time: 24595 ns Started: 24585 ns Scope: /tb_top/u_mon File: /run/media/sackb/Windows-SSD/Users/sackb/OneDrive/Desktop/University/Course_Work/2025-2026/Spring_2026/ECE_410/ECE410/project/post_m3_Minor_Redesign/tb/tb_top.sv Line:256
Error: AXI MONITOR: core_C changed while core is idle
Time: 24595 ns  Iteration: 0  Process: /tb_top/u_mon//tb_top/u_mon  Scope: tb_top.u_mon  File: /run/media/sackb/Windows-SSD/Users/sackb/OneDrive/Desktop/University/Course_Work/2025-2026/Spring_2026/ECE_410/ECE410/project/post_m3_Minor_Redesign/tb/tb_top.sv Line: 257

Time: 24605 ns Started: 24595 ns Scope: /tb_top/u_mon File: /run/media/sackb/Windows-SSD/Users/sackb/OneDrive/Desktop/University/Course_Work/2025-2026/Spring_2026/ECE_410/ECE410/project/post_m3_Minor_Redesign/tb/tb_top.sv Line:256
Error: AXI MONITOR: core_C changed while core is idle
Time: 24605 ns  Iteration: 0  Process: /tb_top/u_mon//tb_top/u_mon  Scope: tb_top.u_mon  File: /run/media/sackb/Windows-SSD/Users/sackb/OneDrive/Desktop/University/Course_Work/2025-2026/Spring_2026/ECE_410/ECE410/project/post_m3_Minor_Redesign/tb/tb_top.sv Line: 257

Time: 24615 ns Started: 24605 ns Scope: /tb_top/u_mon File: /run/media/sackb/Windows-SSD/Users/sackb/OneDrive/Desktop/University/Course_Work/2025-2026/Spring_2026/ECE_410/ECE410/project/post_m3_Minor_Redesign/tb/tb_top.sv Line:256
Error: AXI MONITOR: core_C changed while core is idle
Time: 24615 ns  Iteration: 0  Process: /tb_top/u_mon//tb_top/u_mon  Scope: tb_top.u_mon  File: /run/media/sackb/Windows-SSD/Users/sackb/OneDrive/Desktop/University/Course_Work/2025-2026/Spring_2026/ECE_410/ECE410/project/post_m3_Minor_Redesign/tb/tb_top.sv Line: 257

Time: 24625 ns Started: 24615 ns Scope: /tb_top/u_mon File: /run/media/sackb/Windows-SSD/Users/sackb/OneDrive/Desktop/University/Course_Work/2025-2026/Spring_2026/ECE_410/ECE410/project/post_m3_Minor_Redesign/tb/tb_top.sv Line:256
Error: AXI MONITOR: core_C changed while core is idle
Time: 24625 ns  Iteration: 0  Process: /tb_top/u_mon//tb_top/u_mon  Scope: tb_top.u_mon  File: /run/media/sackb/Windows-SSD/Users/sackb/OneDrive/Desktop/University/Course_Work/2025-2026/Spring_2026/ECE_410/ECE410/project/post_m3_Minor_Redesign/tb/tb_top.sv Line: 257

Time: 24635 ns Started: 24625 ns Scope: /tb_top/u_mon File: /run/media/sackb/Windows-SSD/Users/sackb/OneDrive/Desktop/University/Course_Work/2025-2026/Spring_2026/ECE_410/ECE410/project/post_m3_Minor_Redesign/tb/tb_top.sv Line:256
Error: AXI MONITOR: core_C changed while core is idle
Time: 24635 ns  Iteration: 0  Process: /tb_top/u_mon//tb_top/u_mon  Scope: tb_top.u_mon  File: /run/media/sackb/Windows-SSD/Users/sackb/OneDrive/Desktop/University/Course_Work/2025-2026/Spring_2026/ECE_410/ECE410/project/post_m3_Minor_Redesign/tb/tb_top.sv Line: 257

Time: 24645 ns Started: 24635 ns Scope: /tb_top/u_mon File: /run/media/sackb/Windows-SSD/Users/sackb/OneDrive/Desktop/University/Course_Work/2025-2026/Spring_2026/ECE_410/ECE410/project/post_m3_Minor_Redesign/tb/tb_top.sv Line:256
Error: AXI MONITOR: core_C changed while core is idle
Time: 24645 ns  Iteration: 0  Process: /tb_top/u_mon//tb_top/u_mon  Scope: tb_top.u_mon  File: /run/media/sackb/Windows-SSD/Users/sackb/OneDrive/Desktop/University/Course_Work/2025-2026/Spring_2026/ECE_410/ECE410/project/post_m3_Minor_Redesign/tb/tb_top.sv Line: 257

Time: 24655 ns Started: 24645 ns Scope: /tb_top/u_mon File: /run/media/sackb/Windows-SSD/Users/sackb/OneDrive/Desktop/University/Course_Work/2025-2026/Spring_2026/ECE_410/ECE410/project/post_m3_Minor_Redesign/tb/tb_top.sv Line:256
Error: AXI MONITOR: core_C changed while core is idle
Time: 24655 ns  Iteration: 0  Process: /tb_top/u_mon//tb_top/u_mon  Scope: tb_top.u_mon  File: /run/media/sackb/Windows-SSD/Users/sackb/OneDrive/Desktop/University/Course_Work/2025-2026/Spring_2026/ECE_410/ECE410/project/post_m3_Minor_Redesign/tb/tb_top.sv Line: 257

Time: 24665 ns Started: 24655 ns Scope: /tb_top/u_mon File: /run/media/sackb/Windows-SSD/Users/sackb/OneDrive/Desktop/University/Course_Work/2025-2026/Spring_2026/ECE_410/ECE410/project/post_m3_Minor_Redesign/tb/tb_top.sv Line:256
Error: AXI MONITOR: core_C changed while core is idle
Time: 24665 ns  Iteration: 0  Process: /tb_top/u_mon//tb_top/u_mon  Scope: tb_top.u_mon  File: /run/media/sackb/Windows-SSD/Users/sackb/OneDrive/Desktop/University/Course_Work/2025-2026/Spring_2026/ECE_410/ECE410/project/post_m3_Minor_Redesign/tb/tb_top.sv Line: 257

Time: 24675 ns Started: 24665 ns Scope: /tb_top/u_mon File: /run/media/sackb/Windows-SSD/Users/sackb/OneDrive/Desktop/University/Course_Work/2025-2026/Spring_2026/ECE_410/ECE410/project/post_m3_Minor_Redesign/tb/tb_top.sv Line:256
Error: AXI MONITOR: core_C changed while core is idle
Time: 24675 ns  Iteration: 0  Process: /tb_top/u_mon//tb_top/u_mon  Scope: tb_top.u_mon  File: /run/media/sackb/Windows-SSD/Users/sackb/OneDrive/Desktop/University/Course_Work/2025-2026/Spring_2026/ECE_410/ECE410/project/post_m3_Minor_Redesign/tb/tb_top.sv Line: 257
TB_TOP: Iteration 12 complete
TB_TOP: Starting iteration 13

Time: 24685 ns Started: 24675 ns Scope: /tb_top/u_mon File: /run/media/sackb/Windows-SSD/Users/sackb/OneDrive/Desktop/University/Course_Work/2025-2026/Spring_2026/ECE_410/ECE410/project/post_m3_Minor_Redesign/tb/tb_top.sv Line:256
Error: AXI MONITOR: core_C changed while core is idle
Time: 24685 ns  Iteration: 0  Process: /tb_top/u_mon//tb_top/u_mon  Scope: tb_top.u_mon  File: /run/media/sackb/Windows-SSD/Users/sackb/OneDrive/Desktop/University/Course_Work/2025-2026/Spring_2026/ECE_410/ECE410/project/post_m3_Minor_Redesign/tb/tb_top.sv Line: 257

Time: 24695 ns Started: 24685 ns Scope: /tb_top/u_mon File: /run/media/sackb/Windows-SSD/Users/sackb/OneDrive/Desktop/University/Course_Work/2025-2026/Spring_2026/ECE_410/ECE410/project/post_m3_Minor_Redesign/tb/tb_top.sv Line:256
Error: AXI MONITOR: core_C changed while core is idle
Time: 24695 ns  Iteration: 0  Process: /tb_top/u_mon//tb_top/u_mon  Scope: tb_top.u_mon  File: /run/media/sackb/Windows-SSD/Users/sackb/OneDrive/Desktop/University/Course_Work/2025-2026/Spring_2026/ECE_410/ECE410/project/post_m3_Minor_Redesign/tb/tb_top.sv Line: 257

Time: 24705 ns Started: 24695 ns Scope: /tb_top/u_mon File: /run/media/sackb/Windows-SSD/Users/sackb/OneDrive/Desktop/University/Course_Work/2025-2026/Spring_2026/ECE_410/ECE410/project/post_m3_Minor_Redesign/tb/tb_top.sv Line:256
Error: AXI MONITOR: core_C changed while core is idle
Time: 24705 ns  Iteration: 0  Process: /tb_top/u_mon//tb_top/u_mon  Scope: tb_top.u_mon  File: /run/media/sackb/Windows-SSD/Users/sackb/OneDrive/Desktop/University/Course_Work/2025-2026/Spring_2026/ECE_410/ECE410/project/post_m3_Minor_Redesign/tb/tb_top.sv Line: 257

Time: 24715 ns Started: 24705 ns Scope: /tb_top/u_mon File: /run/media/sackb/Windows-SSD/Users/sackb/OneDrive/Desktop/University/Course_Work/2025-2026/Spring_2026/ECE_410/ECE410/project/post_m3_Minor_Redesign/tb/tb_top.sv Line:256
Error: AXI MONITOR: core_C changed while core is idle
Time: 24715 ns  Iteration: 0  Process: /tb_top/u_mon//tb_top/u_mon  Scope: tb_top.u_mon  File: /run/media/sackb/Windows-SSD/Users/sackb/OneDrive/Desktop/University/Course_Work/2025-2026/Spring_2026/ECE_410/ECE410/project/post_m3_Minor_Redesign/tb/tb_top.sv Line: 257

Time: 24725 ns Started: 24715 ns Scope: /tb_top/u_mon File: /run/media/sackb/Windows-SSD/Users/sackb/OneDrive/Desktop/University/Course_Work/2025-2026/Spring_2026/ECE_410/ECE410/project/post_m3_Minor_Redesign/tb/tb_top.sv Line:256
Error: AXI MONITOR: core_C changed while core is idle
Time: 24725 ns  Iteration: 0  Process: /tb_top/u_mon//tb_top/u_mon  Scope: tb_top.u_mon  File: /run/media/sackb/Windows-SSD/Users/sackb/OneDrive/Desktop/University/Course_Work/2025-2026/Spring_2026/ECE_410/ECE410/project/post_m3_Minor_Redesign/tb/tb_top.sv Line: 257

Time: 24735 ns Started: 24725 ns Scope: /tb_top/u_mon File: /run/media/sackb/Windows-SSD/Users/sackb/OneDrive/Desktop/University/Course_Work/2025-2026/Spring_2026/ECE_410/ECE410/project/post_m3_Minor_Redesign/tb/tb_top.sv Line:256
Error: AXI MONITOR: core_C changed while core is idle
Time: 24735 ns  Iteration: 0  Process: /tb_top/u_mon//tb_top/u_mon  Scope: tb_top.u_mon  File: /run/media/sackb/Windows-SSD/Users/sackb/OneDrive/Desktop/University/Course_Work/2025-2026/Spring_2026/ECE_410/ECE410/project/post_m3_Minor_Redesign/tb/tb_top.sv Line: 257

Time: 24745 ns Started: 24735 ns Scope: /tb_top/u_mon File: /run/media/sackb/Windows-SSD/Users/sackb/OneDrive/Desktop/University/Course_Work/2025-2026/Spring_2026/ECE_410/ECE410/project/post_m3_Minor_Redesign/tb/tb_top.sv Line:256
Error: AXI MONITOR: core_C changed while core is idle
Time: 24745 ns  Iteration: 0  Process: /tb_top/u_mon//tb_top/u_mon  Scope: tb_top.u_mon  File: /run/media/sackb/Windows-SSD/Users/sackb/OneDrive/Desktop/University/Course_Work/2025-2026/Spring_2026/ECE_410/ECE410/project/post_m3_Minor_Redesign/tb/tb_top.sv Line: 257

Time: 24755 ns Started: 24745 ns Scope: /tb_top/u_mon File: /run/media/sackb/Windows-SSD/Users/sackb/OneDrive/Desktop/University/Course_Work/2025-2026/Spring_2026/ECE_410/ECE410/project/post_m3_Minor_Redesign/tb/tb_top.sv Line:256
Error: AXI MONITOR: core_C changed while core is idle
Time: 24755 ns  Iteration: 0  Process: /tb_top/u_mon//tb_top/u_mon  Scope: tb_top.u_mon  File: /run/media/sackb/Windows-SSD/Users/sackb/OneDrive/Desktop/University/Course_Work/2025-2026/Spring_2026/ECE_410/ECE410/project/post_m3_Minor_Redesign/tb/tb_top.sv Line: 257

Time: 24765 ns Started: 24755 ns Scope: /tb_top/u_mon File: /run/media/sackb/Windows-SSD/Users/sackb/OneDrive/Desktop/University/Course_Work/2025-2026/Spring_2026/ECE_410/ECE410/project/post_m3_Minor_Redesign/tb/tb_top.sv Line:256
Error: AXI MONITOR: core_C changed while core is idle
Time: 24765 ns  Iteration: 0  Process: /tb_top/u_mon//tb_top/u_mon  Scope: tb_top.u_mon  File: /run/media/sackb/Windows-SSD/Users/sackb/OneDrive/Desktop/University/Course_Work/2025-2026/Spring_2026/ECE_410/ECE410/project/post_m3_Minor_Redesign/tb/tb_top.sv Line: 257

Time: 24775 ns Started: 24765 ns Scope: /tb_top/u_mon File: /run/media/sackb/Windows-SSD/Users/sackb/OneDrive/Desktop/University/Course_Work/2025-2026/Spring_2026/ECE_410/ECE410/project/post_m3_Minor_Redesign/tb/tb_top.sv Line:256
Error: AXI MONITOR: core_C changed while core is idle
Time: 24775 ns  Iteration: 0  Process: /tb_top/u_mon//tb_top/u_mon  Scope: tb_top.u_mon  File: /run/media/sackb/Windows-SSD/Users/sackb/OneDrive/Desktop/University/Course_Work/2025-2026/Spring_2026/ECE_410/ECE410/project/post_m3_Minor_Redesign/tb/tb_top.sv Line: 257

Time: 24785 ns Started: 24775 ns Scope: /tb_top/u_mon File: /run/media/sackb/Windows-SSD/Users/sackb/OneDrive/Desktop/University/Course_Work/2025-2026/Spring_2026/ECE_410/ECE410/project/post_m3_Minor_Redesign/tb/tb_top.sv Line:256
Error: AXI MONITOR: core_C changed while core is idle
Time: 24785 ns  Iteration: 0  Process: /tb_top/u_mon//tb_top/u_mon  Scope: tb_top.u_mon  File: /run/media/sackb/Windows-SSD/Users/sackb/OneDrive/Desktop/University/Course_Work/2025-2026/Spring_2026/ECE_410/ECE410/project/post_m3_Minor_Redesign/tb/tb_top.sv Line: 257

Time: 24795 ns Started: 24785 ns Scope: /tb_top/u_mon File: /run/media/sackb/Windows-SSD/Users/sackb/OneDrive/Desktop/University/Course_Work/2025-2026/Spring_2026/ECE_410/ECE410/project/post_m3_Minor_Redesign/tb/tb_top.sv Line:256
Error: AXI MONITOR: core_C changed while core is idle
Time: 24795 ns  Iteration: 0  Process: /tb_top/u_mon//tb_top/u_mon  Scope: tb_top.u_mon  File: /run/media/sackb/Windows-SSD/Users/sackb/OneDrive/Desktop/University/Course_Work/2025-2026/Spring_2026/ECE_410/ECE410/project/post_m3_Minor_Redesign/tb/tb_top.sv Line: 257

Time: 24805 ns Started: 24795 ns Scope: /tb_top/u_mon File: /run/media/sackb/Windows-SSD/Users/sackb/OneDrive/Desktop/University/Course_Work/2025-2026/Spring_2026/ECE_410/ECE410/project/post_m3_Minor_Redesign/tb/tb_top.sv Line:256
Error: AXI MONITOR: core_C changed while core is idle
Time: 24805 ns  Iteration: 0  Process: /tb_top/u_mon//tb_top/u_mon  Scope: tb_top.u_mon  File: /run/media/sackb/Windows-SSD/Users/sackb/OneDrive/Desktop/University/Course_Work/2025-2026/Spring_2026/ECE_410/ECE410/project/post_m3_Minor_Redesign/tb/tb_top.sv Line: 257

Time: 24815 ns Started: 24805 ns Scope: /tb_top/u_mon File: /run/media/sackb/Windows-SSD/Users/sackb/OneDrive/Desktop/University/Course_Work/2025-2026/Spring_2026/ECE_410/ECE410/project/post_m3_Minor_Redesign/tb/tb_top.sv Line:256
Error: AXI MONITOR: core_C changed while core is idle
Time: 24815 ns  Iteration: 0  Process: /tb_top/u_mon//tb_top/u_mon  Scope: tb_top.u_mon  File: /run/media/sackb/Windows-SSD/Users/sackb/OneDrive/Desktop/University/Course_Work/2025-2026/Spring_2026/ECE_410/ECE410/project/post_m3_Minor_Redesign/tb/tb_top.sv Line: 257

Time: 24825 ns Started: 24815 ns Scope: /tb_top/u_mon File: /run/media/sackb/Windows-SSD/Users/sackb/OneDrive/Desktop/University/Course_Work/2025-2026/Spring_2026/ECE_410/ECE410/project/post_m3_Minor_Redesign/tb/tb_top.sv Line:256
Error: AXI MONITOR: core_C changed while core is idle
Time: 24825 ns  Iteration: 0  Process: /tb_top/u_mon//tb_top/u_mon  Scope: tb_top.u_mon  File: /run/media/sackb/Windows-SSD/Users/sackb/OneDrive/Desktop/University/Course_Work/2025-2026/Spring_2026/ECE_410/ECE410/project/post_m3_Minor_Redesign/tb/tb_top.sv Line: 257

Time: 24835 ns Started: 24825 ns Scope: /tb_top/u_mon File: /run/media/sackb/Windows-SSD/Users/sackb/OneDrive/Desktop/University/Course_Work/2025-2026/Spring_2026/ECE_410/ECE410/project/post_m3_Minor_Redesign/tb/tb_top.sv Line:256
Error: AXI MONITOR: core_C changed while core is idle
Time: 24835 ns  Iteration: 0  Process: /tb_top/u_mon//tb_top/u_mon  Scope: tb_top.u_mon  File: /run/media/sackb/Windows-SSD/Users/sackb/OneDrive/Desktop/University/Course_Work/2025-2026/Spring_2026/ECE_410/ECE410/project/post_m3_Minor_Redesign/tb/tb_top.sv Line: 257

Time: 24845 ns Started: 24835 ns Scope: /tb_top/u_mon File: /run/media/sackb/Windows-SSD/Users/sackb/OneDrive/Desktop/University/Course_Work/2025-2026/Spring_2026/ECE_410/ECE410/project/post_m3_Minor_Redesign/tb/tb_top.sv Line:256
Error: AXI MONITOR: core_C changed while core is idle
Time: 24845 ns  Iteration: 0  Process: /tb_top/u_mon//tb_top/u_mon  Scope: tb_top.u_mon  File: /run/media/sackb/Windows-SSD/Users/sackb/OneDrive/Desktop/University/Course_Work/2025-2026/Spring_2026/ECE_410/ECE410/project/post_m3_Minor_Redesign/tb/tb_top.sv Line: 257

Time: 24855 ns Started: 24845 ns Scope: /tb_top/u_mon File: /run/media/sackb/Windows-SSD/Users/sackb/OneDrive/Desktop/University/Course_Work/2025-2026/Spring_2026/ECE_410/ECE410/project/post_m3_Minor_Redesign/tb/tb_top.sv Line:256
Error: AXI MONITOR: core_C changed while core is idle
Time: 24855 ns  Iteration: 0  Process: /tb_top/u_mon//tb_top/u_mon  Scope: tb_top.u_mon  File: /run/media/sackb/Windows-SSD/Users/sackb/OneDrive/Desktop/University/Course_Work/2025-2026/Spring_2026/ECE_410/ECE410/project/post_m3_Minor_Redesign/tb/tb_top.sv Line: 257

Time: 24865 ns Started: 24855 ns Scope: /tb_top/u_mon File: /run/media/sackb/Windows-SSD/Users/sackb/OneDrive/Desktop/University/Course_Work/2025-2026/Spring_2026/ECE_410/ECE410/project/post_m3_Minor_Redesign/tb/tb_top.sv Line:256
Error: AXI MONITOR: core_C changed while core is idle
Time: 24865 ns  Iteration: 0  Process: /tb_top/u_mon//tb_top/u_mon  Scope: tb_top.u_mon  File: /run/media/sackb/Windows-SSD/Users/sackb/OneDrive/Desktop/University/Course_Work/2025-2026/Spring_2026/ECE_410/ECE410/project/post_m3_Minor_Redesign/tb/tb_top.sv Line: 257

Time: 24875 ns Started: 24865 ns Scope: /tb_top/u_mon File: /run/media/sackb/Windows-SSD/Users/sackb/OneDrive/Desktop/University/Course_Work/2025-2026/Spring_2026/ECE_410/ECE410/project/post_m3_Minor_Redesign/tb/tb_top.sv Line:256
Error: AXI MONITOR: core_C changed while core is idle
Time: 24875 ns  Iteration: 0  Process: /tb_top/u_mon//tb_top/u_mon  Scope: tb_top.u_mon  File: /run/media/sackb/Windows-SSD/Users/sackb/OneDrive/Desktop/University/Course_Work/2025-2026/Spring_2026/ECE_410/ECE410/project/post_m3_Minor_Redesign/tb/tb_top.sv Line: 257

Time: 24885 ns Started: 24875 ns Scope: /tb_top/u_mon File: /run/media/sackb/Windows-SSD/Users/sackb/OneDrive/Desktop/University/Course_Work/2025-2026/Spring_2026/ECE_410/ECE410/project/post_m3_Minor_Redesign/tb/tb_top.sv Line:256
Error: AXI MONITOR: core_C changed while core is idle
Time: 24885 ns  Iteration: 0  Process: /tb_top/u_mon//tb_top/u_mon  Scope: tb_top.u_mon  File: /run/media/sackb/Windows-SSD/Users/sackb/OneDrive/Desktop/University/Course_Work/2025-2026/Spring_2026/ECE_410/ECE410/project/post_m3_Minor_Redesign/tb/tb_top.sv Line: 257

Time: 24895 ns Started: 24885 ns Scope: /tb_top/u_mon File: /run/media/sackb/Windows-SSD/Users/sackb/OneDrive/Desktop/University/Course_Work/2025-2026/Spring_2026/ECE_410/ECE410/project/post_m3_Minor_Redesign/tb/tb_top.sv Line:256
Error: AXI MONITOR: core_C changed while core is idle
Time: 24895 ns  Iteration: 0  Process: /tb_top/u_mon//tb_top/u_mon  Scope: tb_top.u_mon  File: /run/media/sackb/Windows-SSD/Users/sackb/OneDrive/Desktop/University/Course_Work/2025-2026/Spring_2026/ECE_410/ECE410/project/post_m3_Minor_Redesign/tb/tb_top.sv Line: 257

Time: 24905 ns Started: 24895 ns Scope: /tb_top/u_mon File: /run/media/sackb/Windows-SSD/Users/sackb/OneDrive/Desktop/University/Course_Work/2025-2026/Spring_2026/ECE_410/ECE410/project/post_m3_Minor_Redesign/tb/tb_top.sv Line:256
Error: AXI MONITOR: core_C changed while core is idle
Time: 24905 ns  Iteration: 0  Process: /tb_top/u_mon//tb_top/u_mon  Scope: tb_top.u_mon  File: /run/media/sackb/Windows-SSD/Users/sackb/OneDrive/Desktop/University/Course_Work/2025-2026/Spring_2026/ECE_410/ECE410/project/post_m3_Minor_Redesign/tb/tb_top.sv Line: 257

Time: 24915 ns Started: 24905 ns Scope: /tb_top/u_mon File: /run/media/sackb/Windows-SSD/Users/sackb/OneDrive/Desktop/University/Course_Work/2025-2026/Spring_2026/ECE_410/ECE410/project/post_m3_Minor_Redesign/tb/tb_top.sv Line:256
Error: AXI MONITOR: core_C changed while core is idle
Time: 24915 ns  Iteration: 0  Process: /tb_top/u_mon//tb_top/u_mon  Scope: tb_top.u_mon  File: /run/media/sackb/Windows-SSD/Users/sackb/OneDrive/Desktop/University/Course_Work/2025-2026/Spring_2026/ECE_410/ECE410/project/post_m3_Minor_Redesign/tb/tb_top.sv Line: 257

Time: 24925 ns Started: 24915 ns Scope: /tb_top/u_mon File: /run/media/sackb/Windows-SSD/Users/sackb/OneDrive/Desktop/University/Course_Work/2025-2026/Spring_2026/ECE_410/ECE410/project/post_m3_Minor_Redesign/tb/tb_top.sv Line:256
Error: AXI MONITOR: core_C changed while core is idle
Time: 24925 ns  Iteration: 0  Process: /tb_top/u_mon//tb_top/u_mon  Scope: tb_top.u_mon  File: /run/media/sackb/Windows-SSD/Users/sackb/OneDrive/Desktop/University/Course_Work/2025-2026/Spring_2026/ECE_410/ECE410/project/post_m3_Minor_Redesign/tb/tb_top.sv Line: 257

Time: 24935 ns Started: 24925 ns Scope: /tb_top/u_mon File: /run/media/sackb/Windows-SSD/Users/sackb/OneDrive/Desktop/University/Course_Work/2025-2026/Spring_2026/ECE_410/ECE410/project/post_m3_Minor_Redesign/tb/tb_top.sv Line:256
Error: AXI MONITOR: core_C changed while core is idle
Time: 24935 ns  Iteration: 0  Process: /tb_top/u_mon//tb_top/u_mon  Scope: tb_top.u_mon  File: /run/media/sackb/Windows-SSD/Users/sackb/OneDrive/Desktop/University/Course_Work/2025-2026/Spring_2026/ECE_410/ECE410/project/post_m3_Minor_Redesign/tb/tb_top.sv Line: 257

Time: 24945 ns Started: 24935 ns Scope: /tb_top/u_mon File: /run/media/sackb/Windows-SSD/Users/sackb/OneDrive/Desktop/University/Course_Work/2025-2026/Spring_2026/ECE_410/ECE410/project/post_m3_Minor_Redesign/tb/tb_top.sv Line:256
Error: AXI MONITOR: core_C changed while core is idle
Time: 24945 ns  Iteration: 0  Process: /tb_top/u_mon//tb_top/u_mon  Scope: tb_top.u_mon  File: /run/media/sackb/Windows-SSD/Users/sackb/OneDrive/Desktop/University/Course_Work/2025-2026/Spring_2026/ECE_410/ECE410/project/post_m3_Minor_Redesign/tb/tb_top.sv Line: 257

Time: 24955 ns Started: 24945 ns Scope: /tb_top/u_mon File: /run/media/sackb/Windows-SSD/Users/sackb/OneDrive/Desktop/University/Course_Work/2025-2026/Spring_2026/ECE_410/ECE410/project/post_m3_Minor_Redesign/tb/tb_top.sv Line:256
Error: AXI MONITOR: core_C changed while core is idle
Time: 24955 ns  Iteration: 0  Process: /tb_top/u_mon//tb_top/u_mon  Scope: tb_top.u_mon  File: /run/media/sackb/Windows-SSD/Users/sackb/OneDrive/Desktop/University/Course_Work/2025-2026/Spring_2026/ECE_410/ECE410/project/post_m3_Minor_Redesign/tb/tb_top.sv Line: 257

Time: 24965 ns Started: 24955 ns Scope: /tb_top/u_mon File: /run/media/sackb/Windows-SSD/Users/sackb/OneDrive/Desktop/University/Course_Work/2025-2026/Spring_2026/ECE_410/ECE410/project/post_m3_Minor_Redesign/tb/tb_top.sv Line:256
Error: AXI MONITOR: core_C changed while core is idle
Time: 24965 ns  Iteration: 0  Process: /tb_top/u_mon//tb_top/u_mon  Scope: tb_top.u_mon  File: /run/media/sackb/Windows-SSD/Users/sackb/OneDrive/Desktop/University/Course_Work/2025-2026/Spring_2026/ECE_410/ECE410/project/post_m3_Minor_Redesign/tb/tb_top.sv Line: 257

Time: 24975 ns Started: 24965 ns Scope: /tb_top/u_mon File: /run/media/sackb/Windows-SSD/Users/sackb/OneDrive/Desktop/University/Course_Work/2025-2026/Spring_2026/ECE_410/ECE410/project/post_m3_Minor_Redesign/tb/tb_top.sv Line:256
Error: AXI MONITOR: core_C changed while core is idle
Time: 24975 ns  Iteration: 0  Process: /tb_top/u_mon//tb_top/u_mon  Scope: tb_top.u_mon  File: /run/media/sackb/Windows-SSD/Users/sackb/OneDrive/Desktop/University/Course_Work/2025-2026/Spring_2026/ECE_410/ECE410/project/post_m3_Minor_Redesign/tb/tb_top.sv Line: 257

Time: 24985 ns Started: 24975 ns Scope: /tb_top/u_mon File: /run/media/sackb/Windows-SSD/Users/sackb/OneDrive/Desktop/University/Course_Work/2025-2026/Spring_2026/ECE_410/ECE410/project/post_m3_Minor_Redesign/tb/tb_top.sv Line:256
Error: AXI MONITOR: core_C changed while core is idle
Time: 24985 ns  Iteration: 0  Process: /tb_top/u_mon//tb_top/u_mon  Scope: tb_top.u_mon  File: /run/media/sackb/Windows-SSD/Users/sackb/OneDrive/Desktop/University/Course_Work/2025-2026/Spring_2026/ECE_410/ECE410/project/post_m3_Minor_Redesign/tb/tb_top.sv Line: 257

Time: 24995 ns Started: 24985 ns Scope: /tb_top/u_mon File: /run/media/sackb/Windows-SSD/Users/sackb/OneDrive/Desktop/University/Course_Work/2025-2026/Spring_2026/ECE_410/ECE410/project/post_m3_Minor_Redesign/tb/tb_top.sv Line:256
Error: AXI MONITOR: core_C changed while core is idle
Time: 24995 ns  Iteration: 0  Process: /tb_top/u_mon//tb_top/u_mon  Scope: tb_top.u_mon  File: /run/media/sackb/Windows-SSD/Users/sackb/OneDrive/Desktop/University/Course_Work/2025-2026/Spring_2026/ECE_410/ECE410/project/post_m3_Minor_Redesign/tb/tb_top.sv Line: 257

Time: 25005 ns Started: 24995 ns Scope: /tb_top/u_mon File: /run/media/sackb/Windows-SSD/Users/sackb/OneDrive/Desktop/University/Course_Work/2025-2026/Spring_2026/ECE_410/ECE410/project/post_m3_Minor_Redesign/tb/tb_top.sv Line:256
Error: AXI MONITOR: core_C changed while core is idle
Time: 25005 ns  Iteration: 0  Process: /tb_top/u_mon//tb_top/u_mon  Scope: tb_top.u_mon  File: /run/media/sackb/Windows-SSD/Users/sackb/OneDrive/Desktop/University/Course_Work/2025-2026/Spring_2026/ECE_410/ECE410/project/post_m3_Minor_Redesign/tb/tb_top.sv Line: 257

Time: 25015 ns Started: 25005 ns Scope: /tb_top/u_mon File: /run/media/sackb/Windows-SSD/Users/sackb/OneDrive/Desktop/University/Course_Work/2025-2026/Spring_2026/ECE_410/ECE410/project/post_m3_Minor_Redesign/tb/tb_top.sv Line:256
Error: AXI MONITOR: core_C changed while core is idle
Time: 25015 ns  Iteration: 0  Process: /tb_top/u_mon//tb_top/u_mon  Scope: tb_top.u_mon  File: /run/media/sackb/Windows-SSD/Users/sackb/OneDrive/Desktop/University/Course_Work/2025-2026/Spring_2026/ECE_410/ECE410/project/post_m3_Minor_Redesign/tb/tb_top.sv Line: 257

Time: 25025 ns Started: 25015 ns Scope: /tb_top/u_mon File: /run/media/sackb/Windows-SSD/Users/sackb/OneDrive/Desktop/University/Course_Work/2025-2026/Spring_2026/ECE_410/ECE410/project/post_m3_Minor_Redesign/tb/tb_top.sv Line:256
Error: AXI MONITOR: core_C changed while core is idle
Time: 25025 ns  Iteration: 0  Process: /tb_top/u_mon//tb_top/u_mon  Scope: tb_top.u_mon  File: /run/media/sackb/Windows-SSD/Users/sackb/OneDrive/Desktop/University/Course_Work/2025-2026/Spring_2026/ECE_410/ECE410/project/post_m3_Minor_Redesign/tb/tb_top.sv Line: 257

Time: 25035 ns Started: 25025 ns Scope: /tb_top/u_mon File: /run/media/sackb/Windows-SSD/Users/sackb/OneDrive/Desktop/University/Course_Work/2025-2026/Spring_2026/ECE_410/ECE410/project/post_m3_Minor_Redesign/tb/tb_top.sv Line:256
Error: AXI MONITOR: core_C changed while core is idle
Time: 25035 ns  Iteration: 0  Process: /tb_top/u_mon//tb_top/u_mon  Scope: tb_top.u_mon  File: /run/media/sackb/Windows-SSD/Users/sackb/OneDrive/Desktop/University/Course_Work/2025-2026/Spring_2026/ECE_410/ECE410/project/post_m3_Minor_Redesign/tb/tb_top.sv Line: 257

Time: 25045 ns Started: 25035 ns Scope: /tb_top/u_mon File: /run/media/sackb/Windows-SSD/Users/sackb/OneDrive/Desktop/University/Course_Work/2025-2026/Spring_2026/ECE_410/ECE410/project/post_m3_Minor_Redesign/tb/tb_top.sv Line:256
Error: AXI MONITOR: core_C changed while core is idle
Time: 25045 ns  Iteration: 0  Process: /tb_top/u_mon//tb_top/u_mon  Scope: tb_top.u_mon  File: /run/media/sackb/Windows-SSD/Users/sackb/OneDrive/Desktop/University/Course_Work/2025-2026/Spring_2026/ECE_410/ECE410/project/post_m3_Minor_Redesign/tb/tb_top.sv Line: 257

Time: 25055 ns Started: 25045 ns Scope: /tb_top/u_mon File: /run/media/sackb/Windows-SSD/Users/sackb/OneDrive/Desktop/University/Course_Work/2025-2026/Spring_2026/ECE_410/ECE410/project/post_m3_Minor_Redesign/tb/tb_top.sv Line:256
Error: AXI MONITOR: core_C changed while core is idle
Time: 25055 ns  Iteration: 0  Process: /tb_top/u_mon//tb_top/u_mon  Scope: tb_top.u_mon  File: /run/media/sackb/Windows-SSD/Users/sackb/OneDrive/Desktop/University/Course_Work/2025-2026/Spring_2026/ECE_410/ECE410/project/post_m3_Minor_Redesign/tb/tb_top.sv Line: 257

Time: 25065 ns Started: 25055 ns Scope: /tb_top/u_mon File: /run/media/sackb/Windows-SSD/Users/sackb/OneDrive/Desktop/University/Course_Work/2025-2026/Spring_2026/ECE_410/ECE410/project/post_m3_Minor_Redesign/tb/tb_top.sv Line:256
Error: AXI MONITOR: core_C changed while core is idle
Time: 25065 ns  Iteration: 0  Process: /tb_top/u_mon//tb_top/u_mon  Scope: tb_top.u_mon  File: /run/media/sackb/Windows-SSD/Users/sackb/OneDrive/Desktop/University/Course_Work/2025-2026/Spring_2026/ECE_410/ECE410/project/post_m3_Minor_Redesign/tb/tb_top.sv Line: 257

Time: 25075 ns Started: 25065 ns Scope: /tb_top/u_mon File: /run/media/sackb/Windows-SSD/Users/sackb/OneDrive/Desktop/University/Course_Work/2025-2026/Spring_2026/ECE_410/ECE410/project/post_m3_Minor_Redesign/tb/tb_top.sv Line:256
Error: AXI MONITOR: core_C changed while core is idle
Time: 25075 ns  Iteration: 0  Process: /tb_top/u_mon//tb_top/u_mon  Scope: tb_top.u_mon  File: /run/media/sackb/Windows-SSD/Users/sackb/OneDrive/Desktop/University/Course_Work/2025-2026/Spring_2026/ECE_410/ECE410/project/post_m3_Minor_Redesign/tb/tb_top.sv Line: 257

Time: 25085 ns Started: 25075 ns Scope: /tb_top/u_mon File: /run/media/sackb/Windows-SSD/Users/sackb/OneDrive/Desktop/University/Course_Work/2025-2026/Spring_2026/ECE_410/ECE410/project/post_m3_Minor_Redesign/tb/tb_top.sv Line:256
Error: AXI MONITOR: core_C changed while core is idle
Time: 25085 ns  Iteration: 0  Process: /tb_top/u_mon//tb_top/u_mon  Scope: tb_top.u_mon  File: /run/media/sackb/Windows-SSD/Users/sackb/OneDrive/Desktop/University/Course_Work/2025-2026/Spring_2026/ECE_410/ECE410/project/post_m3_Minor_Redesign/tb/tb_top.sv Line: 257

Time: 25095 ns Started: 25085 ns Scope: /tb_top/u_mon File: /run/media/sackb/Windows-SSD/Users/sackb/OneDrive/Desktop/University/Course_Work/2025-2026/Spring_2026/ECE_410/ECE410/project/post_m3_Minor_Redesign/tb/tb_top.sv Line:256
Error: AXI MONITOR: core_C changed while core is idle
Time: 25095 ns  Iteration: 0  Process: /tb_top/u_mon//tb_top/u_mon  Scope: tb_top.u_mon  File: /run/media/sackb/Windows-SSD/Users/sackb/OneDrive/Desktop/University/Course_Work/2025-2026/Spring_2026/ECE_410/ECE410/project/post_m3_Minor_Redesign/tb/tb_top.sv Line: 257

Time: 25105 ns Started: 25095 ns Scope: /tb_top/u_mon File: /run/media/sackb/Windows-SSD/Users/sackb/OneDrive/Desktop/University/Course_Work/2025-2026/Spring_2026/ECE_410/ECE410/project/post_m3_Minor_Redesign/tb/tb_top.sv Line:256
Error: AXI MONITOR: core_C changed while core is idle
Time: 25105 ns  Iteration: 0  Process: /tb_top/u_mon//tb_top/u_mon  Scope: tb_top.u_mon  File: /run/media/sackb/Windows-SSD/Users/sackb/OneDrive/Desktop/University/Course_Work/2025-2026/Spring_2026/ECE_410/ECE410/project/post_m3_Minor_Redesign/tb/tb_top.sv Line: 257

Time: 25115 ns Started: 25105 ns Scope: /tb_top/u_mon File: /run/media/sackb/Windows-SSD/Users/sackb/OneDrive/Desktop/University/Course_Work/2025-2026/Spring_2026/ECE_410/ECE410/project/post_m3_Minor_Redesign/tb/tb_top.sv Line:256
Error: AXI MONITOR: core_C changed while core is idle
Time: 25115 ns  Iteration: 0  Process: /tb_top/u_mon//tb_top/u_mon  Scope: tb_top.u_mon  File: /run/media/sackb/Windows-SSD/Users/sackb/OneDrive/Desktop/University/Course_Work/2025-2026/Spring_2026/ECE_410/ECE410/project/post_m3_Minor_Redesign/tb/tb_top.sv Line: 257

Time: 25125 ns Started: 25115 ns Scope: /tb_top/u_mon File: /run/media/sackb/Windows-SSD/Users/sackb/OneDrive/Desktop/University/Course_Work/2025-2026/Spring_2026/ECE_410/ECE410/project/post_m3_Minor_Redesign/tb/tb_top.sv Line:256
Error: AXI MONITOR: core_C changed while core is idle
Time: 25125 ns  Iteration: 0  Process: /tb_top/u_mon//tb_top/u_mon  Scope: tb_top.u_mon  File: /run/media/sackb/Windows-SSD/Users/sackb/OneDrive/Desktop/University/Course_Work/2025-2026/Spring_2026/ECE_410/ECE410/project/post_m3_Minor_Redesign/tb/tb_top.sv Line: 257

Time: 25135 ns Started: 25125 ns Scope: /tb_top/u_mon File: /run/media/sackb/Windows-SSD/Users/sackb/OneDrive/Desktop/University/Course_Work/2025-2026/Spring_2026/ECE_410/ECE410/project/post_m3_Minor_Redesign/tb/tb_top.sv Line:256
Error: AXI MONITOR: core_C changed while core is idle
Time: 25135 ns  Iteration: 0  Process: /tb_top/u_mon//tb_top/u_mon  Scope: tb_top.u_mon  File: /run/media/sackb/Windows-SSD/Users/sackb/OneDrive/Desktop/University/Course_Work/2025-2026/Spring_2026/ECE_410/ECE410/project/post_m3_Minor_Redesign/tb/tb_top.sv Line: 257

Time: 25145 ns Started: 25135 ns Scope: /tb_top/u_mon File: /run/media/sackb/Windows-SSD/Users/sackb/OneDrive/Desktop/University/Course_Work/2025-2026/Spring_2026/ECE_410/ECE410/project/post_m3_Minor_Redesign/tb/tb_top.sv Line:256
Error: AXI MONITOR: core_C changed while core is idle
Time: 25145 ns  Iteration: 0  Process: /tb_top/u_mon//tb_top/u_mon  Scope: tb_top.u_mon  File: /run/media/sackb/Windows-SSD/Users/sackb/OneDrive/Desktop/University/Course_Work/2025-2026/Spring_2026/ECE_410/ECE410/project/post_m3_Minor_Redesign/tb/tb_top.sv Line: 257

Time: 25155 ns Started: 25145 ns Scope: /tb_top/u_mon File: /run/media/sackb/Windows-SSD/Users/sackb/OneDrive/Desktop/University/Course_Work/2025-2026/Spring_2026/ECE_410/ECE410/project/post_m3_Minor_Redesign/tb/tb_top.sv Line:256
Error: AXI MONITOR: core_C changed while core is idle
Time: 25155 ns  Iteration: 0  Process: /tb_top/u_mon//tb_top/u_mon  Scope: tb_top.u_mon  File: /run/media/sackb/Windows-SSD/Users/sackb/OneDrive/Desktop/University/Course_Work/2025-2026/Spring_2026/ECE_410/ECE410/project/post_m3_Minor_Redesign/tb/tb_top.sv Line: 257

Time: 25165 ns Started: 25155 ns Scope: /tb_top/u_mon File: /run/media/sackb/Windows-SSD/Users/sackb/OneDrive/Desktop/University/Course_Work/2025-2026/Spring_2026/ECE_410/ECE410/project/post_m3_Minor_Redesign/tb/tb_top.sv Line:256
Error: AXI MONITOR: core_C changed while core is idle
Time: 25165 ns  Iteration: 0  Process: /tb_top/u_mon//tb_top/u_mon  Scope: tb_top.u_mon  File: /run/media/sackb/Windows-SSD/Users/sackb/OneDrive/Desktop/University/Course_Work/2025-2026/Spring_2026/ECE_410/ECE410/project/post_m3_Minor_Redesign/tb/tb_top.sv Line: 257

Time: 25175 ns Started: 25165 ns Scope: /tb_top/u_mon File: /run/media/sackb/Windows-SSD/Users/sackb/OneDrive/Desktop/University/Course_Work/2025-2026/Spring_2026/ECE_410/ECE410/project/post_m3_Minor_Redesign/tb/tb_top.sv Line:256
Error: AXI MONITOR: core_C changed while core is idle
Time: 25175 ns  Iteration: 0  Process: /tb_top/u_mon//tb_top/u_mon  Scope: tb_top.u_mon  File: /run/media/sackb/Windows-SSD/Users/sackb/OneDrive/Desktop/University/Course_Work/2025-2026/Spring_2026/ECE_410/ECE410/project/post_m3_Minor_Redesign/tb/tb_top.sv Line: 257

Time: 25185 ns Started: 25175 ns Scope: /tb_top/u_mon File: /run/media/sackb/Windows-SSD/Users/sackb/OneDrive/Desktop/University/Course_Work/2025-2026/Spring_2026/ECE_410/ECE410/project/post_m3_Minor_Redesign/tb/tb_top.sv Line:256
Error: AXI MONITOR: core_C changed while core is idle
Time: 25185 ns  Iteration: 0  Process: /tb_top/u_mon//tb_top/u_mon  Scope: tb_top.u_mon  File: /run/media/sackb/Windows-SSD/Users/sackb/OneDrive/Desktop/University/Course_Work/2025-2026/Spring_2026/ECE_410/ECE410/project/post_m3_Minor_Redesign/tb/tb_top.sv Line: 257

Time: 25195 ns Started: 25185 ns Scope: /tb_top/u_mon File: /run/media/sackb/Windows-SSD/Users/sackb/OneDrive/Desktop/University/Course_Work/2025-2026/Spring_2026/ECE_410/ECE410/project/post_m3_Minor_Redesign/tb/tb_top.sv Line:256
Error: AXI MONITOR: core_C changed while core is idle
Time: 25195 ns  Iteration: 0  Process: /tb_top/u_mon//tb_top/u_mon  Scope: tb_top.u_mon  File: /run/media/sackb/Windows-SSD/Users/sackb/OneDrive/Desktop/University/Course_Work/2025-2026/Spring_2026/ECE_410/ECE410/project/post_m3_Minor_Redesign/tb/tb_top.sv Line: 257

Time: 25205 ns Started: 25195 ns Scope: /tb_top/u_mon File: /run/media/sackb/Windows-SSD/Users/sackb/OneDrive/Desktop/University/Course_Work/2025-2026/Spring_2026/ECE_410/ECE410/project/post_m3_Minor_Redesign/tb/tb_top.sv Line:256
Error: AXI MONITOR: core_C changed while core is idle
Time: 25205 ns  Iteration: 0  Process: /tb_top/u_mon//tb_top/u_mon  Scope: tb_top.u_mon  File: /run/media/sackb/Windows-SSD/Users/sackb/OneDrive/Desktop/University/Course_Work/2025-2026/Spring_2026/ECE_410/ECE410/project/post_m3_Minor_Redesign/tb/tb_top.sv Line: 257

Time: 25215 ns Started: 25205 ns Scope: /tb_top/u_mon File: /run/media/sackb/Windows-SSD/Users/sackb/OneDrive/Desktop/University/Course_Work/2025-2026/Spring_2026/ECE_410/ECE410/project/post_m3_Minor_Redesign/tb/tb_top.sv Line:256
Error: AXI MONITOR: core_C changed while core is idle
Time: 25215 ns  Iteration: 0  Process: /tb_top/u_mon//tb_top/u_mon  Scope: tb_top.u_mon  File: /run/media/sackb/Windows-SSD/Users/sackb/OneDrive/Desktop/University/Course_Work/2025-2026/Spring_2026/ECE_410/ECE410/project/post_m3_Minor_Redesign/tb/tb_top.sv Line: 257

Time: 25225 ns Started: 25215 ns Scope: /tb_top/u_mon File: /run/media/sackb/Windows-SSD/Users/sackb/OneDrive/Desktop/University/Course_Work/2025-2026/Spring_2026/ECE_410/ECE410/project/post_m3_Minor_Redesign/tb/tb_top.sv Line:256
Error: AXI MONITOR: core_C changed while core is idle
Time: 25225 ns  Iteration: 0  Process: /tb_top/u_mon//tb_top/u_mon  Scope: tb_top.u_mon  File: /run/media/sackb/Windows-SSD/Users/sackb/OneDrive/Desktop/University/Course_Work/2025-2026/Spring_2026/ECE_410/ECE410/project/post_m3_Minor_Redesign/tb/tb_top.sv Line: 257

Time: 25235 ns Started: 25225 ns Scope: /tb_top/u_mon File: /run/media/sackb/Windows-SSD/Users/sackb/OneDrive/Desktop/University/Course_Work/2025-2026/Spring_2026/ECE_410/ECE410/project/post_m3_Minor_Redesign/tb/tb_top.sv Line:256
Error: AXI MONITOR: core_C changed while core is idle
Time: 25235 ns  Iteration: 0  Process: /tb_top/u_mon//tb_top/u_mon  Scope: tb_top.u_mon  File: /run/media/sackb/Windows-SSD/Users/sackb/OneDrive/Desktop/University/Course_Work/2025-2026/Spring_2026/ECE_410/ECE410/project/post_m3_Minor_Redesign/tb/tb_top.sv Line: 257

Time: 25245 ns Started: 25235 ns Scope: /tb_top/u_mon File: /run/media/sackb/Windows-SSD/Users/sackb/OneDrive/Desktop/University/Course_Work/2025-2026/Spring_2026/ECE_410/ECE410/project/post_m3_Minor_Redesign/tb/tb_top.sv Line:256
Error: AXI MONITOR: core_C changed while core is idle
Time: 25245 ns  Iteration: 0  Process: /tb_top/u_mon//tb_top/u_mon  Scope: tb_top.u_mon  File: /run/media/sackb/Windows-SSD/Users/sackb/OneDrive/Desktop/University/Course_Work/2025-2026/Spring_2026/ECE_410/ECE410/project/post_m3_Minor_Redesign/tb/tb_top.sv Line: 257

Time: 25255 ns Started: 25245 ns Scope: /tb_top/u_mon File: /run/media/sackb/Windows-SSD/Users/sackb/OneDrive/Desktop/University/Course_Work/2025-2026/Spring_2026/ECE_410/ECE410/project/post_m3_Minor_Redesign/tb/tb_top.sv Line:256
Error: AXI MONITOR: core_C changed while core is idle
Time: 25255 ns  Iteration: 0  Process: /tb_top/u_mon//tb_top/u_mon  Scope: tb_top.u_mon  File: /run/media/sackb/Windows-SSD/Users/sackb/OneDrive/Desktop/University/Course_Work/2025-2026/Spring_2026/ECE_410/ECE410/project/post_m3_Minor_Redesign/tb/tb_top.sv Line: 257

Time: 25265 ns Started: 25255 ns Scope: /tb_top/u_mon File: /run/media/sackb/Windows-SSD/Users/sackb/OneDrive/Desktop/University/Course_Work/2025-2026/Spring_2026/ECE_410/ECE410/project/post_m3_Minor_Redesign/tb/tb_top.sv Line:256
Error: AXI MONITOR: core_C changed while core is idle
Time: 25265 ns  Iteration: 0  Process: /tb_top/u_mon//tb_top/u_mon  Scope: tb_top.u_mon  File: /run/media/sackb/Windows-SSD/Users/sackb/OneDrive/Desktop/University/Course_Work/2025-2026/Spring_2026/ECE_410/ECE410/project/post_m3_Minor_Redesign/tb/tb_top.sv Line: 257

Time: 25275 ns Started: 25265 ns Scope: /tb_top/u_mon File: /run/media/sackb/Windows-SSD/Users/sackb/OneDrive/Desktop/University/Course_Work/2025-2026/Spring_2026/ECE_410/ECE410/project/post_m3_Minor_Redesign/tb/tb_top.sv Line:256
Error: AXI MONITOR: core_C changed while core is idle
Time: 25275 ns  Iteration: 0  Process: /tb_top/u_mon//tb_top/u_mon  Scope: tb_top.u_mon  File: /run/media/sackb/Windows-SSD/Users/sackb/OneDrive/Desktop/University/Course_Work/2025-2026/Spring_2026/ECE_410/ECE410/project/post_m3_Minor_Redesign/tb/tb_top.sv Line: 257

Time: 25285 ns Started: 25275 ns Scope: /tb_top/u_mon File: /run/media/sackb/Windows-SSD/Users/sackb/OneDrive/Desktop/University/Course_Work/2025-2026/Spring_2026/ECE_410/ECE410/project/post_m3_Minor_Redesign/tb/tb_top.sv Line:256
Error: AXI MONITOR: core_C changed while core is idle
Time: 25285 ns  Iteration: 0  Process: /tb_top/u_mon//tb_top/u_mon  Scope: tb_top.u_mon  File: /run/media/sackb/Windows-SSD/Users/sackb/OneDrive/Desktop/University/Course_Work/2025-2026/Spring_2026/ECE_410/ECE410/project/post_m3_Minor_Redesign/tb/tb_top.sv Line: 257

Time: 25295 ns Started: 25285 ns Scope: /tb_top/u_mon File: /run/media/sackb/Windows-SSD/Users/sackb/OneDrive/Desktop/University/Course_Work/2025-2026/Spring_2026/ECE_410/ECE410/project/post_m3_Minor_Redesign/tb/tb_top.sv Line:256
Error: AXI MONITOR: core_C changed while core is idle
Time: 25295 ns  Iteration: 0  Process: /tb_top/u_mon//tb_top/u_mon  Scope: tb_top.u_mon  File: /run/media/sackb/Windows-SSD/Users/sackb/OneDrive/Desktop/University/Course_Work/2025-2026/Spring_2026/ECE_410/ECE410/project/post_m3_Minor_Redesign/tb/tb_top.sv Line: 257

Time: 25305 ns Started: 25295 ns Scope: /tb_top/u_mon File: /run/media/sackb/Windows-SSD/Users/sackb/OneDrive/Desktop/University/Course_Work/2025-2026/Spring_2026/ECE_410/ECE410/project/post_m3_Minor_Redesign/tb/tb_top.sv Line:256
Error: AXI MONITOR: core_C changed while core is idle
Time: 25305 ns  Iteration: 0  Process: /tb_top/u_mon//tb_top/u_mon  Scope: tb_top.u_mon  File: /run/media/sackb/Windows-SSD/Users/sackb/OneDrive/Desktop/University/Course_Work/2025-2026/Spring_2026/ECE_410/ECE410/project/post_m3_Minor_Redesign/tb/tb_top.sv Line: 257

Time: 25315 ns Started: 25305 ns Scope: /tb_top/u_mon File: /run/media/sackb/Windows-SSD/Users/sackb/OneDrive/Desktop/University/Course_Work/2025-2026/Spring_2026/ECE_410/ECE410/project/post_m3_Minor_Redesign/tb/tb_top.sv Line:256
Error: AXI MONITOR: core_C changed while core is idle
Time: 25315 ns  Iteration: 0  Process: /tb_top/u_mon//tb_top/u_mon  Scope: tb_top.u_mon  File: /run/media/sackb/Windows-SSD/Users/sackb/OneDrive/Desktop/University/Course_Work/2025-2026/Spring_2026/ECE_410/ECE410/project/post_m3_Minor_Redesign/tb/tb_top.sv Line: 257

Time: 25325 ns Started: 25315 ns Scope: /tb_top/u_mon File: /run/media/sackb/Windows-SSD/Users/sackb/OneDrive/Desktop/University/Course_Work/2025-2026/Spring_2026/ECE_410/ECE410/project/post_m3_Minor_Redesign/tb/tb_top.sv Line:256
Error: AXI MONITOR: core_C changed while core is idle
Time: 25325 ns  Iteration: 0  Process: /tb_top/u_mon//tb_top/u_mon  Scope: tb_top.u_mon  File: /run/media/sackb/Windows-SSD/Users/sackb/OneDrive/Desktop/University/Course_Work/2025-2026/Spring_2026/ECE_410/ECE410/project/post_m3_Minor_Redesign/tb/tb_top.sv Line: 257

Time: 25335 ns Started: 25325 ns Scope: /tb_top/u_mon File: /run/media/sackb/Windows-SSD/Users/sackb/OneDrive/Desktop/University/Course_Work/2025-2026/Spring_2026/ECE_410/ECE410/project/post_m3_Minor_Redesign/tb/tb_top.sv Line:256
Error: AXI MONITOR: core_C changed while core is idle
Time: 25335 ns  Iteration: 0  Process: /tb_top/u_mon//tb_top/u_mon  Scope: tb_top.u_mon  File: /run/media/sackb/Windows-SSD/Users/sackb/OneDrive/Desktop/University/Course_Work/2025-2026/Spring_2026/ECE_410/ECE410/project/post_m3_Minor_Redesign/tb/tb_top.sv Line: 257

Time: 25345 ns Started: 25335 ns Scope: /tb_top/u_mon File: /run/media/sackb/Windows-SSD/Users/sackb/OneDrive/Desktop/University/Course_Work/2025-2026/Spring_2026/ECE_410/ECE410/project/post_m3_Minor_Redesign/tb/tb_top.sv Line:256
Error: AXI MONITOR: core_C changed while core is idle
Time: 25345 ns  Iteration: 0  Process: /tb_top/u_mon//tb_top/u_mon  Scope: tb_top.u_mon  File: /run/media/sackb/Windows-SSD/Users/sackb/OneDrive/Desktop/University/Course_Work/2025-2026/Spring_2026/ECE_410/ECE410/project/post_m3_Minor_Redesign/tb/tb_top.sv Line: 257

Time: 25355 ns Started: 25345 ns Scope: /tb_top/u_mon File: /run/media/sackb/Windows-SSD/Users/sackb/OneDrive/Desktop/University/Course_Work/2025-2026/Spring_2026/ECE_410/ECE410/project/post_m3_Minor_Redesign/tb/tb_top.sv Line:256
Error: AXI MONITOR: core_C changed while core is idle
Time: 25355 ns  Iteration: 0  Process: /tb_top/u_mon//tb_top/u_mon  Scope: tb_top.u_mon  File: /run/media/sackb/Windows-SSD/Users/sackb/OneDrive/Desktop/University/Course_Work/2025-2026/Spring_2026/ECE_410/ECE410/project/post_m3_Minor_Redesign/tb/tb_top.sv Line: 257

Time: 25365 ns Started: 25355 ns Scope: /tb_top/u_mon File: /run/media/sackb/Windows-SSD/Users/sackb/OneDrive/Desktop/University/Course_Work/2025-2026/Spring_2026/ECE_410/ECE410/project/post_m3_Minor_Redesign/tb/tb_top.sv Line:256
Error: AXI MONITOR: core_C changed while core is idle
Time: 25365 ns  Iteration: 0  Process: /tb_top/u_mon//tb_top/u_mon  Scope: tb_top.u_mon  File: /run/media/sackb/Windows-SSD/Users/sackb/OneDrive/Desktop/University/Course_Work/2025-2026/Spring_2026/ECE_410/ECE410/project/post_m3_Minor_Redesign/tb/tb_top.sv Line: 257

Time: 25375 ns Started: 25365 ns Scope: /tb_top/u_mon File: /run/media/sackb/Windows-SSD/Users/sackb/OneDrive/Desktop/University/Course_Work/2025-2026/Spring_2026/ECE_410/ECE410/project/post_m3_Minor_Redesign/tb/tb_top.sv Line:256
Error: AXI MONITOR: core_C changed while core is idle
Time: 25375 ns  Iteration: 0  Process: /tb_top/u_mon//tb_top/u_mon  Scope: tb_top.u_mon  File: /run/media/sackb/Windows-SSD/Users/sackb/OneDrive/Desktop/University/Course_Work/2025-2026/Spring_2026/ECE_410/ECE410/project/post_m3_Minor_Redesign/tb/tb_top.sv Line: 257

Time: 25385 ns Started: 25375 ns Scope: /tb_top/u_mon File: /run/media/sackb/Windows-SSD/Users/sackb/OneDrive/Desktop/University/Course_Work/2025-2026/Spring_2026/ECE_410/ECE410/project/post_m3_Minor_Redesign/tb/tb_top.sv Line:256
Error: AXI MONITOR: core_C changed while core is idle
Time: 25385 ns  Iteration: 0  Process: /tb_top/u_mon//tb_top/u_mon  Scope: tb_top.u_mon  File: /run/media/sackb/Windows-SSD/Users/sackb/OneDrive/Desktop/University/Course_Work/2025-2026/Spring_2026/ECE_410/ECE410/project/post_m3_Minor_Redesign/tb/tb_top.sv Line: 257

Time: 25395 ns Started: 25385 ns Scope: /tb_top/u_mon File: /run/media/sackb/Windows-SSD/Users/sackb/OneDrive/Desktop/University/Course_Work/2025-2026/Spring_2026/ECE_410/ECE410/project/post_m3_Minor_Redesign/tb/tb_top.sv Line:256
Error: AXI MONITOR: core_C changed while core is idle
Time: 25395 ns  Iteration: 0  Process: /tb_top/u_mon//tb_top/u_mon  Scope: tb_top.u_mon  File: /run/media/sackb/Windows-SSD/Users/sackb/OneDrive/Desktop/University/Course_Work/2025-2026/Spring_2026/ECE_410/ECE410/project/post_m3_Minor_Redesign/tb/tb_top.sv Line: 257

Time: 25405 ns Started: 25395 ns Scope: /tb_top/u_mon File: /run/media/sackb/Windows-SSD/Users/sackb/OneDrive/Desktop/University/Course_Work/2025-2026/Spring_2026/ECE_410/ECE410/project/post_m3_Minor_Redesign/tb/tb_top.sv Line:256
Error: AXI MONITOR: core_C changed while core is idle
Time: 25405 ns  Iteration: 0  Process: /tb_top/u_mon//tb_top/u_mon  Scope: tb_top.u_mon  File: /run/media/sackb/Windows-SSD/Users/sackb/OneDrive/Desktop/University/Course_Work/2025-2026/Spring_2026/ECE_410/ECE410/project/post_m3_Minor_Redesign/tb/tb_top.sv Line: 257

Time: 25415 ns Started: 25405 ns Scope: /tb_top/u_mon File: /run/media/sackb/Windows-SSD/Users/sackb/OneDrive/Desktop/University/Course_Work/2025-2026/Spring_2026/ECE_410/ECE410/project/post_m3_Minor_Redesign/tb/tb_top.sv Line:256
Error: AXI MONITOR: core_C changed while core is idle
Time: 25415 ns  Iteration: 0  Process: /tb_top/u_mon//tb_top/u_mon  Scope: tb_top.u_mon  File: /run/media/sackb/Windows-SSD/Users/sackb/OneDrive/Desktop/University/Course_Work/2025-2026/Spring_2026/ECE_410/ECE410/project/post_m3_Minor_Redesign/tb/tb_top.sv Line: 257

Time: 25425 ns Started: 25415 ns Scope: /tb_top/u_mon File: /run/media/sackb/Windows-SSD/Users/sackb/OneDrive/Desktop/University/Course_Work/2025-2026/Spring_2026/ECE_410/ECE410/project/post_m3_Minor_Redesign/tb/tb_top.sv Line:256
Error: AXI MONITOR: core_C changed while core is idle
Time: 25425 ns  Iteration: 0  Process: /tb_top/u_mon//tb_top/u_mon  Scope: tb_top.u_mon  File: /run/media/sackb/Windows-SSD/Users/sackb/OneDrive/Desktop/University/Course_Work/2025-2026/Spring_2026/ECE_410/ECE410/project/post_m3_Minor_Redesign/tb/tb_top.sv Line: 257

Time: 25435 ns Started: 25425 ns Scope: /tb_top/u_mon File: /run/media/sackb/Windows-SSD/Users/sackb/OneDrive/Desktop/University/Course_Work/2025-2026/Spring_2026/ECE_410/ECE410/project/post_m3_Minor_Redesign/tb/tb_top.sv Line:256
Error: AXI MONITOR: core_C changed while core is idle
Time: 25435 ns  Iteration: 0  Process: /tb_top/u_mon//tb_top/u_mon  Scope: tb_top.u_mon  File: /run/media/sackb/Windows-SSD/Users/sackb/OneDrive/Desktop/University/Course_Work/2025-2026/Spring_2026/ECE_410/ECE410/project/post_m3_Minor_Redesign/tb/tb_top.sv Line: 257

Time: 25445 ns Started: 25435 ns Scope: /tb_top/u_mon File: /run/media/sackb/Windows-SSD/Users/sackb/OneDrive/Desktop/University/Course_Work/2025-2026/Spring_2026/ECE_410/ECE410/project/post_m3_Minor_Redesign/tb/tb_top.sv Line:256
Error: AXI MONITOR: core_C changed while core is idle
Time: 25445 ns  Iteration: 0  Process: /tb_top/u_mon//tb_top/u_mon  Scope: tb_top.u_mon  File: /run/media/sackb/Windows-SSD/Users/sackb/OneDrive/Desktop/University/Course_Work/2025-2026/Spring_2026/ECE_410/ECE410/project/post_m3_Minor_Redesign/tb/tb_top.sv Line: 257

Time: 25455 ns Started: 25445 ns Scope: /tb_top/u_mon File: /run/media/sackb/Windows-SSD/Users/sackb/OneDrive/Desktop/University/Course_Work/2025-2026/Spring_2026/ECE_410/ECE410/project/post_m3_Minor_Redesign/tb/tb_top.sv Line:256
Error: AXI MONITOR: core_C changed while core is idle
Time: 25455 ns  Iteration: 0  Process: /tb_top/u_mon//tb_top/u_mon  Scope: tb_top.u_mon  File: /run/media/sackb/Windows-SSD/Users/sackb/OneDrive/Desktop/University/Course_Work/2025-2026/Spring_2026/ECE_410/ECE410/project/post_m3_Minor_Redesign/tb/tb_top.sv Line: 257

Time: 26195 ns Started: 26185 ns Scope: /tb_top/u_mon File: /run/media/sackb/Windows-SSD/Users/sackb/OneDrive/Desktop/University/Course_Work/2025-2026/Spring_2026/ECE_410/ECE410/project/post_m3_Minor_Redesign/tb/tb_top.sv Line:256
Error: AXI MONITOR: core_C changed while core is idle
Time: 26195 ns  Iteration: 0  Process: /tb_top/u_mon//tb_top/u_mon  Scope: tb_top.u_mon  File: /run/media/sackb/Windows-SSD/Users/sackb/OneDrive/Desktop/University/Course_Work/2025-2026/Spring_2026/ECE_410/ECE410/project/post_m3_Minor_Redesign/tb/tb_top.sv Line: 257

Time: 26205 ns Started: 26195 ns Scope: /tb_top/u_mon File: /run/media/sackb/Windows-SSD/Users/sackb/OneDrive/Desktop/University/Course_Work/2025-2026/Spring_2026/ECE_410/ECE410/project/post_m3_Minor_Redesign/tb/tb_top.sv Line:256
Error: AXI MONITOR: core_C changed while core is idle
Time: 26205 ns  Iteration: 0  Process: /tb_top/u_mon//tb_top/u_mon  Scope: tb_top.u_mon  File: /run/media/sackb/Windows-SSD/Users/sackb/OneDrive/Desktop/University/Course_Work/2025-2026/Spring_2026/ECE_410/ECE410/project/post_m3_Minor_Redesign/tb/tb_top.sv Line: 257

Time: 26215 ns Started: 26205 ns Scope: /tb_top/u_mon File: /run/media/sackb/Windows-SSD/Users/sackb/OneDrive/Desktop/University/Course_Work/2025-2026/Spring_2026/ECE_410/ECE410/project/post_m3_Minor_Redesign/tb/tb_top.sv Line:256
Error: AXI MONITOR: core_C changed while core is idle
Time: 26215 ns  Iteration: 0  Process: /tb_top/u_mon//tb_top/u_mon  Scope: tb_top.u_mon  File: /run/media/sackb/Windows-SSD/Users/sackb/OneDrive/Desktop/University/Course_Work/2025-2026/Spring_2026/ECE_410/ECE410/project/post_m3_Minor_Redesign/tb/tb_top.sv Line: 257

Time: 26225 ns Started: 26215 ns Scope: /tb_top/u_mon File: /run/media/sackb/Windows-SSD/Users/sackb/OneDrive/Desktop/University/Course_Work/2025-2026/Spring_2026/ECE_410/ECE410/project/post_m3_Minor_Redesign/tb/tb_top.sv Line:256
Error: AXI MONITOR: core_C changed while core is idle
Time: 26225 ns  Iteration: 0  Process: /tb_top/u_mon//tb_top/u_mon  Scope: tb_top.u_mon  File: /run/media/sackb/Windows-SSD/Users/sackb/OneDrive/Desktop/University/Course_Work/2025-2026/Spring_2026/ECE_410/ECE410/project/post_m3_Minor_Redesign/tb/tb_top.sv Line: 257

Time: 26235 ns Started: 26225 ns Scope: /tb_top/u_mon File: /run/media/sackb/Windows-SSD/Users/sackb/OneDrive/Desktop/University/Course_Work/2025-2026/Spring_2026/ECE_410/ECE410/project/post_m3_Minor_Redesign/tb/tb_top.sv Line:256
Error: AXI MONITOR: core_C changed while core is idle
Time: 26235 ns  Iteration: 0  Process: /tb_top/u_mon//tb_top/u_mon  Scope: tb_top.u_mon  File: /run/media/sackb/Windows-SSD/Users/sackb/OneDrive/Desktop/University/Course_Work/2025-2026/Spring_2026/ECE_410/ECE410/project/post_m3_Minor_Redesign/tb/tb_top.sv Line: 257

Time: 26245 ns Started: 26235 ns Scope: /tb_top/u_mon File: /run/media/sackb/Windows-SSD/Users/sackb/OneDrive/Desktop/University/Course_Work/2025-2026/Spring_2026/ECE_410/ECE410/project/post_m3_Minor_Redesign/tb/tb_top.sv Line:256
Error: AXI MONITOR: core_C changed while core is idle
Time: 26245 ns  Iteration: 0  Process: /tb_top/u_mon//tb_top/u_mon  Scope: tb_top.u_mon  File: /run/media/sackb/Windows-SSD/Users/sackb/OneDrive/Desktop/University/Course_Work/2025-2026/Spring_2026/ECE_410/ECE410/project/post_m3_Minor_Redesign/tb/tb_top.sv Line: 257

Time: 26255 ns Started: 26245 ns Scope: /tb_top/u_mon File: /run/media/sackb/Windows-SSD/Users/sackb/OneDrive/Desktop/University/Course_Work/2025-2026/Spring_2026/ECE_410/ECE410/project/post_m3_Minor_Redesign/tb/tb_top.sv Line:256
Error: AXI MONITOR: core_C changed while core is idle
Time: 26255 ns  Iteration: 0  Process: /tb_top/u_mon//tb_top/u_mon  Scope: tb_top.u_mon  File: /run/media/sackb/Windows-SSD/Users/sackb/OneDrive/Desktop/University/Course_Work/2025-2026/Spring_2026/ECE_410/ECE410/project/post_m3_Minor_Redesign/tb/tb_top.sv Line: 257

Time: 26265 ns Started: 26255 ns Scope: /tb_top/u_mon File: /run/media/sackb/Windows-SSD/Users/sackb/OneDrive/Desktop/University/Course_Work/2025-2026/Spring_2026/ECE_410/ECE410/project/post_m3_Minor_Redesign/tb/tb_top.sv Line:256
Error: AXI MONITOR: core_C changed while core is idle
Time: 26265 ns  Iteration: 0  Process: /tb_top/u_mon//tb_top/u_mon  Scope: tb_top.u_mon  File: /run/media/sackb/Windows-SSD/Users/sackb/OneDrive/Desktop/University/Course_Work/2025-2026/Spring_2026/ECE_410/ECE410/project/post_m3_Minor_Redesign/tb/tb_top.sv Line: 257

Time: 26275 ns Started: 26265 ns Scope: /tb_top/u_mon File: /run/media/sackb/Windows-SSD/Users/sackb/OneDrive/Desktop/University/Course_Work/2025-2026/Spring_2026/ECE_410/ECE410/project/post_m3_Minor_Redesign/tb/tb_top.sv Line:256
Error: AXI MONITOR: core_C changed while core is idle
Time: 26275 ns  Iteration: 0  Process: /tb_top/u_mon//tb_top/u_mon  Scope: tb_top.u_mon  File: /run/media/sackb/Windows-SSD/Users/sackb/OneDrive/Desktop/University/Course_Work/2025-2026/Spring_2026/ECE_410/ECE410/project/post_m3_Minor_Redesign/tb/tb_top.sv Line: 257

Time: 26285 ns Started: 26275 ns Scope: /tb_top/u_mon File: /run/media/sackb/Windows-SSD/Users/sackb/OneDrive/Desktop/University/Course_Work/2025-2026/Spring_2026/ECE_410/ECE410/project/post_m3_Minor_Redesign/tb/tb_top.sv Line:256
Error: AXI MONITOR: core_C changed while core is idle
Time: 26285 ns  Iteration: 0  Process: /tb_top/u_mon//tb_top/u_mon  Scope: tb_top.u_mon  File: /run/media/sackb/Windows-SSD/Users/sackb/OneDrive/Desktop/University/Course_Work/2025-2026/Spring_2026/ECE_410/ECE410/project/post_m3_Minor_Redesign/tb/tb_top.sv Line: 257

Time: 26295 ns Started: 26285 ns Scope: /tb_top/u_mon File: /run/media/sackb/Windows-SSD/Users/sackb/OneDrive/Desktop/University/Course_Work/2025-2026/Spring_2026/ECE_410/ECE410/project/post_m3_Minor_Redesign/tb/tb_top.sv Line:256
Error: AXI MONITOR: core_C changed while core is idle
Time: 26295 ns  Iteration: 0  Process: /tb_top/u_mon//tb_top/u_mon  Scope: tb_top.u_mon  File: /run/media/sackb/Windows-SSD/Users/sackb/OneDrive/Desktop/University/Course_Work/2025-2026/Spring_2026/ECE_410/ECE410/project/post_m3_Minor_Redesign/tb/tb_top.sv Line: 257

Time: 26305 ns Started: 26295 ns Scope: /tb_top/u_mon File: /run/media/sackb/Windows-SSD/Users/sackb/OneDrive/Desktop/University/Course_Work/2025-2026/Spring_2026/ECE_410/ECE410/project/post_m3_Minor_Redesign/tb/tb_top.sv Line:256
Error: AXI MONITOR: core_C changed while core is idle
Time: 26305 ns  Iteration: 0  Process: /tb_top/u_mon//tb_top/u_mon  Scope: tb_top.u_mon  File: /run/media/sackb/Windows-SSD/Users/sackb/OneDrive/Desktop/University/Course_Work/2025-2026/Spring_2026/ECE_410/ECE410/project/post_m3_Minor_Redesign/tb/tb_top.sv Line: 257

Time: 26315 ns Started: 26305 ns Scope: /tb_top/u_mon File: /run/media/sackb/Windows-SSD/Users/sackb/OneDrive/Desktop/University/Course_Work/2025-2026/Spring_2026/ECE_410/ECE410/project/post_m3_Minor_Redesign/tb/tb_top.sv Line:256
Error: AXI MONITOR: core_C changed while core is idle
Time: 26315 ns  Iteration: 0  Process: /tb_top/u_mon//tb_top/u_mon  Scope: tb_top.u_mon  File: /run/media/sackb/Windows-SSD/Users/sackb/OneDrive/Desktop/University/Course_Work/2025-2026/Spring_2026/ECE_410/ECE410/project/post_m3_Minor_Redesign/tb/tb_top.sv Line: 257

Time: 26325 ns Started: 26315 ns Scope: /tb_top/u_mon File: /run/media/sackb/Windows-SSD/Users/sackb/OneDrive/Desktop/University/Course_Work/2025-2026/Spring_2026/ECE_410/ECE410/project/post_m3_Minor_Redesign/tb/tb_top.sv Line:256
Error: AXI MONITOR: core_C changed while core is idle
Time: 26325 ns  Iteration: 0  Process: /tb_top/u_mon//tb_top/u_mon  Scope: tb_top.u_mon  File: /run/media/sackb/Windows-SSD/Users/sackb/OneDrive/Desktop/University/Course_Work/2025-2026/Spring_2026/ECE_410/ECE410/project/post_m3_Minor_Redesign/tb/tb_top.sv Line: 257

Time: 26335 ns Started: 26325 ns Scope: /tb_top/u_mon File: /run/media/sackb/Windows-SSD/Users/sackb/OneDrive/Desktop/University/Course_Work/2025-2026/Spring_2026/ECE_410/ECE410/project/post_m3_Minor_Redesign/tb/tb_top.sv Line:256
Error: AXI MONITOR: core_C changed while core is idle
Time: 26335 ns  Iteration: 0  Process: /tb_top/u_mon//tb_top/u_mon  Scope: tb_top.u_mon  File: /run/media/sackb/Windows-SSD/Users/sackb/OneDrive/Desktop/University/Course_Work/2025-2026/Spring_2026/ECE_410/ECE410/project/post_m3_Minor_Redesign/tb/tb_top.sv Line: 257

Time: 26345 ns Started: 26335 ns Scope: /tb_top/u_mon File: /run/media/sackb/Windows-SSD/Users/sackb/OneDrive/Desktop/University/Course_Work/2025-2026/Spring_2026/ECE_410/ECE410/project/post_m3_Minor_Redesign/tb/tb_top.sv Line:256
Error: AXI MONITOR: core_C changed while core is idle
Time: 26345 ns  Iteration: 0  Process: /tb_top/u_mon//tb_top/u_mon  Scope: tb_top.u_mon  File: /run/media/sackb/Windows-SSD/Users/sackb/OneDrive/Desktop/University/Course_Work/2025-2026/Spring_2026/ECE_410/ECE410/project/post_m3_Minor_Redesign/tb/tb_top.sv Line: 257

Time: 26355 ns Started: 26345 ns Scope: /tb_top/u_mon File: /run/media/sackb/Windows-SSD/Users/sackb/OneDrive/Desktop/University/Course_Work/2025-2026/Spring_2026/ECE_410/ECE410/project/post_m3_Minor_Redesign/tb/tb_top.sv Line:256
Error: AXI MONITOR: core_C changed while core is idle
Time: 26355 ns  Iteration: 0  Process: /tb_top/u_mon//tb_top/u_mon  Scope: tb_top.u_mon  File: /run/media/sackb/Windows-SSD/Users/sackb/OneDrive/Desktop/University/Course_Work/2025-2026/Spring_2026/ECE_410/ECE410/project/post_m3_Minor_Redesign/tb/tb_top.sv Line: 257

Time: 26365 ns Started: 26355 ns Scope: /tb_top/u_mon File: /run/media/sackb/Windows-SSD/Users/sackb/OneDrive/Desktop/University/Course_Work/2025-2026/Spring_2026/ECE_410/ECE410/project/post_m3_Minor_Redesign/tb/tb_top.sv Line:256
Error: AXI MONITOR: core_C changed while core is idle
Time: 26365 ns  Iteration: 0  Process: /tb_top/u_mon//tb_top/u_mon  Scope: tb_top.u_mon  File: /run/media/sackb/Windows-SSD/Users/sackb/OneDrive/Desktop/University/Course_Work/2025-2026/Spring_2026/ECE_410/ECE410/project/post_m3_Minor_Redesign/tb/tb_top.sv Line: 257

Time: 26375 ns Started: 26365 ns Scope: /tb_top/u_mon File: /run/media/sackb/Windows-SSD/Users/sackb/OneDrive/Desktop/University/Course_Work/2025-2026/Spring_2026/ECE_410/ECE410/project/post_m3_Minor_Redesign/tb/tb_top.sv Line:256
Error: AXI MONITOR: core_C changed while core is idle
Time: 26375 ns  Iteration: 0  Process: /tb_top/u_mon//tb_top/u_mon  Scope: tb_top.u_mon  File: /run/media/sackb/Windows-SSD/Users/sackb/OneDrive/Desktop/University/Course_Work/2025-2026/Spring_2026/ECE_410/ECE410/project/post_m3_Minor_Redesign/tb/tb_top.sv Line: 257

Time: 26385 ns Started: 26375 ns Scope: /tb_top/u_mon File: /run/media/sackb/Windows-SSD/Users/sackb/OneDrive/Desktop/University/Course_Work/2025-2026/Spring_2026/ECE_410/ECE410/project/post_m3_Minor_Redesign/tb/tb_top.sv Line:256
Error: AXI MONITOR: core_C changed while core is idle
Time: 26385 ns  Iteration: 0  Process: /tb_top/u_mon//tb_top/u_mon  Scope: tb_top.u_mon  File: /run/media/sackb/Windows-SSD/Users/sackb/OneDrive/Desktop/University/Course_Work/2025-2026/Spring_2026/ECE_410/ECE410/project/post_m3_Minor_Redesign/tb/tb_top.sv Line: 257

Time: 26395 ns Started: 26385 ns Scope: /tb_top/u_mon File: /run/media/sackb/Windows-SSD/Users/sackb/OneDrive/Desktop/University/Course_Work/2025-2026/Spring_2026/ECE_410/ECE410/project/post_m3_Minor_Redesign/tb/tb_top.sv Line:256
Error: AXI MONITOR: core_C changed while core is idle
Time: 26395 ns  Iteration: 0  Process: /tb_top/u_mon//tb_top/u_mon  Scope: tb_top.u_mon  File: /run/media/sackb/Windows-SSD/Users/sackb/OneDrive/Desktop/University/Course_Work/2025-2026/Spring_2026/ECE_410/ECE410/project/post_m3_Minor_Redesign/tb/tb_top.sv Line: 257

Time: 26405 ns Started: 26395 ns Scope: /tb_top/u_mon File: /run/media/sackb/Windows-SSD/Users/sackb/OneDrive/Desktop/University/Course_Work/2025-2026/Spring_2026/ECE_410/ECE410/project/post_m3_Minor_Redesign/tb/tb_top.sv Line:256
Error: AXI MONITOR: core_C changed while core is idle
Time: 26405 ns  Iteration: 0  Process: /tb_top/u_mon//tb_top/u_mon  Scope: tb_top.u_mon  File: /run/media/sackb/Windows-SSD/Users/sackb/OneDrive/Desktop/University/Course_Work/2025-2026/Spring_2026/ECE_410/ECE410/project/post_m3_Minor_Redesign/tb/tb_top.sv Line: 257

Time: 26415 ns Started: 26405 ns Scope: /tb_top/u_mon File: /run/media/sackb/Windows-SSD/Users/sackb/OneDrive/Desktop/University/Course_Work/2025-2026/Spring_2026/ECE_410/ECE410/project/post_m3_Minor_Redesign/tb/tb_top.sv Line:256
Error: AXI MONITOR: core_C changed while core is idle
Time: 26415 ns  Iteration: 0  Process: /tb_top/u_mon//tb_top/u_mon  Scope: tb_top.u_mon  File: /run/media/sackb/Windows-SSD/Users/sackb/OneDrive/Desktop/University/Course_Work/2025-2026/Spring_2026/ECE_410/ECE410/project/post_m3_Minor_Redesign/tb/tb_top.sv Line: 257

Time: 26425 ns Started: 26415 ns Scope: /tb_top/u_mon File: /run/media/sackb/Windows-SSD/Users/sackb/OneDrive/Desktop/University/Course_Work/2025-2026/Spring_2026/ECE_410/ECE410/project/post_m3_Minor_Redesign/tb/tb_top.sv Line:256
Error: AXI MONITOR: core_C changed while core is idle
Time: 26425 ns  Iteration: 0  Process: /tb_top/u_mon//tb_top/u_mon  Scope: tb_top.u_mon  File: /run/media/sackb/Windows-SSD/Users/sackb/OneDrive/Desktop/University/Course_Work/2025-2026/Spring_2026/ECE_410/ECE410/project/post_m3_Minor_Redesign/tb/tb_top.sv Line: 257

Time: 26435 ns Started: 26425 ns Scope: /tb_top/u_mon File: /run/media/sackb/Windows-SSD/Users/sackb/OneDrive/Desktop/University/Course_Work/2025-2026/Spring_2026/ECE_410/ECE410/project/post_m3_Minor_Redesign/tb/tb_top.sv Line:256
Error: AXI MONITOR: core_C changed while core is idle
Time: 26435 ns  Iteration: 0  Process: /tb_top/u_mon//tb_top/u_mon  Scope: tb_top.u_mon  File: /run/media/sackb/Windows-SSD/Users/sackb/OneDrive/Desktop/University/Course_Work/2025-2026/Spring_2026/ECE_410/ECE410/project/post_m3_Minor_Redesign/tb/tb_top.sv Line: 257

Time: 26445 ns Started: 26435 ns Scope: /tb_top/u_mon File: /run/media/sackb/Windows-SSD/Users/sackb/OneDrive/Desktop/University/Course_Work/2025-2026/Spring_2026/ECE_410/ECE410/project/post_m3_Minor_Redesign/tb/tb_top.sv Line:256
Error: AXI MONITOR: core_C changed while core is idle
Time: 26445 ns  Iteration: 0  Process: /tb_top/u_mon//tb_top/u_mon  Scope: tb_top.u_mon  File: /run/media/sackb/Windows-SSD/Users/sackb/OneDrive/Desktop/University/Course_Work/2025-2026/Spring_2026/ECE_410/ECE410/project/post_m3_Minor_Redesign/tb/tb_top.sv Line: 257

Time: 26455 ns Started: 26445 ns Scope: /tb_top/u_mon File: /run/media/sackb/Windows-SSD/Users/sackb/OneDrive/Desktop/University/Course_Work/2025-2026/Spring_2026/ECE_410/ECE410/project/post_m3_Minor_Redesign/tb/tb_top.sv Line:256
Error: AXI MONITOR: core_C changed while core is idle
Time: 26455 ns  Iteration: 0  Process: /tb_top/u_mon//tb_top/u_mon  Scope: tb_top.u_mon  File: /run/media/sackb/Windows-SSD/Users/sackb/OneDrive/Desktop/University/Course_Work/2025-2026/Spring_2026/ECE_410/ECE410/project/post_m3_Minor_Redesign/tb/tb_top.sv Line: 257

Time: 26465 ns Started: 26455 ns Scope: /tb_top/u_mon File: /run/media/sackb/Windows-SSD/Users/sackb/OneDrive/Desktop/University/Course_Work/2025-2026/Spring_2026/ECE_410/ECE410/project/post_m3_Minor_Redesign/tb/tb_top.sv Line:256
Error: AXI MONITOR: core_C changed while core is idle
Time: 26465 ns  Iteration: 0  Process: /tb_top/u_mon//tb_top/u_mon  Scope: tb_top.u_mon  File: /run/media/sackb/Windows-SSD/Users/sackb/OneDrive/Desktop/University/Course_Work/2025-2026/Spring_2026/ECE_410/ECE410/project/post_m3_Minor_Redesign/tb/tb_top.sv Line: 257

Time: 26475 ns Started: 26465 ns Scope: /tb_top/u_mon File: /run/media/sackb/Windows-SSD/Users/sackb/OneDrive/Desktop/University/Course_Work/2025-2026/Spring_2026/ECE_410/ECE410/project/post_m3_Minor_Redesign/tb/tb_top.sv Line:256
Error: AXI MONITOR: core_C changed while core is idle
Time: 26475 ns  Iteration: 0  Process: /tb_top/u_mon//tb_top/u_mon  Scope: tb_top.u_mon  File: /run/media/sackb/Windows-SSD/Users/sackb/OneDrive/Desktop/University/Course_Work/2025-2026/Spring_2026/ECE_410/ECE410/project/post_m3_Minor_Redesign/tb/tb_top.sv Line: 257

Time: 26485 ns Started: 26475 ns Scope: /tb_top/u_mon File: /run/media/sackb/Windows-SSD/Users/sackb/OneDrive/Desktop/University/Course_Work/2025-2026/Spring_2026/ECE_410/ECE410/project/post_m3_Minor_Redesign/tb/tb_top.sv Line:256
Error: AXI MONITOR: core_C changed while core is idle
Time: 26485 ns  Iteration: 0  Process: /tb_top/u_mon//tb_top/u_mon  Scope: tb_top.u_mon  File: /run/media/sackb/Windows-SSD/Users/sackb/OneDrive/Desktop/University/Course_Work/2025-2026/Spring_2026/ECE_410/ECE410/project/post_m3_Minor_Redesign/tb/tb_top.sv Line: 257

Time: 26495 ns Started: 26485 ns Scope: /tb_top/u_mon File: /run/media/sackb/Windows-SSD/Users/sackb/OneDrive/Desktop/University/Course_Work/2025-2026/Spring_2026/ECE_410/ECE410/project/post_m3_Minor_Redesign/tb/tb_top.sv Line:256
Error: AXI MONITOR: core_C changed while core is idle
Time: 26495 ns  Iteration: 0  Process: /tb_top/u_mon//tb_top/u_mon  Scope: tb_top.u_mon  File: /run/media/sackb/Windows-SSD/Users/sackb/OneDrive/Desktop/University/Course_Work/2025-2026/Spring_2026/ECE_410/ECE410/project/post_m3_Minor_Redesign/tb/tb_top.sv Line: 257

Time: 26505 ns Started: 26495 ns Scope: /tb_top/u_mon File: /run/media/sackb/Windows-SSD/Users/sackb/OneDrive/Desktop/University/Course_Work/2025-2026/Spring_2026/ECE_410/ECE410/project/post_m3_Minor_Redesign/tb/tb_top.sv Line:256
Error: AXI MONITOR: core_C changed while core is idle
Time: 26505 ns  Iteration: 0  Process: /tb_top/u_mon//tb_top/u_mon  Scope: tb_top.u_mon  File: /run/media/sackb/Windows-SSD/Users/sackb/OneDrive/Desktop/University/Course_Work/2025-2026/Spring_2026/ECE_410/ECE410/project/post_m3_Minor_Redesign/tb/tb_top.sv Line: 257

Time: 26515 ns Started: 26505 ns Scope: /tb_top/u_mon File: /run/media/sackb/Windows-SSD/Users/sackb/OneDrive/Desktop/University/Course_Work/2025-2026/Spring_2026/ECE_410/ECE410/project/post_m3_Minor_Redesign/tb/tb_top.sv Line:256
Error: AXI MONITOR: core_C changed while core is idle
Time: 26515 ns  Iteration: 0  Process: /tb_top/u_mon//tb_top/u_mon  Scope: tb_top.u_mon  File: /run/media/sackb/Windows-SSD/Users/sackb/OneDrive/Desktop/University/Course_Work/2025-2026/Spring_2026/ECE_410/ECE410/project/post_m3_Minor_Redesign/tb/tb_top.sv Line: 257

Time: 26525 ns Started: 26515 ns Scope: /tb_top/u_mon File: /run/media/sackb/Windows-SSD/Users/sackb/OneDrive/Desktop/University/Course_Work/2025-2026/Spring_2026/ECE_410/ECE410/project/post_m3_Minor_Redesign/tb/tb_top.sv Line:256
Error: AXI MONITOR: core_C changed while core is idle
Time: 26525 ns  Iteration: 0  Process: /tb_top/u_mon//tb_top/u_mon  Scope: tb_top.u_mon  File: /run/media/sackb/Windows-SSD/Users/sackb/OneDrive/Desktop/University/Course_Work/2025-2026/Spring_2026/ECE_410/ECE410/project/post_m3_Minor_Redesign/tb/tb_top.sv Line: 257

Time: 26535 ns Started: 26525 ns Scope: /tb_top/u_mon File: /run/media/sackb/Windows-SSD/Users/sackb/OneDrive/Desktop/University/Course_Work/2025-2026/Spring_2026/ECE_410/ECE410/project/post_m3_Minor_Redesign/tb/tb_top.sv Line:256
Error: AXI MONITOR: core_C changed while core is idle
Time: 26535 ns  Iteration: 0  Process: /tb_top/u_mon//tb_top/u_mon  Scope: tb_top.u_mon  File: /run/media/sackb/Windows-SSD/Users/sackb/OneDrive/Desktop/University/Course_Work/2025-2026/Spring_2026/ECE_410/ECE410/project/post_m3_Minor_Redesign/tb/tb_top.sv Line: 257

Time: 26545 ns Started: 26535 ns Scope: /tb_top/u_mon File: /run/media/sackb/Windows-SSD/Users/sackb/OneDrive/Desktop/University/Course_Work/2025-2026/Spring_2026/ECE_410/ECE410/project/post_m3_Minor_Redesign/tb/tb_top.sv Line:256
Error: AXI MONITOR: core_C changed while core is idle
Time: 26545 ns  Iteration: 0  Process: /tb_top/u_mon//tb_top/u_mon  Scope: tb_top.u_mon  File: /run/media/sackb/Windows-SSD/Users/sackb/OneDrive/Desktop/University/Course_Work/2025-2026/Spring_2026/ECE_410/ECE410/project/post_m3_Minor_Redesign/tb/tb_top.sv Line: 257

Time: 26555 ns Started: 26545 ns Scope: /tb_top/u_mon File: /run/media/sackb/Windows-SSD/Users/sackb/OneDrive/Desktop/University/Course_Work/2025-2026/Spring_2026/ECE_410/ECE410/project/post_m3_Minor_Redesign/tb/tb_top.sv Line:256
Error: AXI MONITOR: core_C changed while core is idle
Time: 26555 ns  Iteration: 0  Process: /tb_top/u_mon//tb_top/u_mon  Scope: tb_top.u_mon  File: /run/media/sackb/Windows-SSD/Users/sackb/OneDrive/Desktop/University/Course_Work/2025-2026/Spring_2026/ECE_410/ECE410/project/post_m3_Minor_Redesign/tb/tb_top.sv Line: 257

Time: 26565 ns Started: 26555 ns Scope: /tb_top/u_mon File: /run/media/sackb/Windows-SSD/Users/sackb/OneDrive/Desktop/University/Course_Work/2025-2026/Spring_2026/ECE_410/ECE410/project/post_m3_Minor_Redesign/tb/tb_top.sv Line:256
Error: AXI MONITOR: core_C changed while core is idle
Time: 26565 ns  Iteration: 0  Process: /tb_top/u_mon//tb_top/u_mon  Scope: tb_top.u_mon  File: /run/media/sackb/Windows-SSD/Users/sackb/OneDrive/Desktop/University/Course_Work/2025-2026/Spring_2026/ECE_410/ECE410/project/post_m3_Minor_Redesign/tb/tb_top.sv Line: 257
TB_TOP: Iteration 13 complete
TB_TOP: Starting iteration 14

Time: 26575 ns Started: 26565 ns Scope: /tb_top/u_mon File: /run/media/sackb/Windows-SSD/Users/sackb/OneDrive/Desktop/University/Course_Work/2025-2026/Spring_2026/ECE_410/ECE410/project/post_m3_Minor_Redesign/tb/tb_top.sv Line:256
Error: AXI MONITOR: core_C changed while core is idle
Time: 26575 ns  Iteration: 0  Process: /tb_top/u_mon//tb_top/u_mon  Scope: tb_top.u_mon  File: /run/media/sackb/Windows-SSD/Users/sackb/OneDrive/Desktop/University/Course_Work/2025-2026/Spring_2026/ECE_410/ECE410/project/post_m3_Minor_Redesign/tb/tb_top.sv Line: 257

Time: 26585 ns Started: 26575 ns Scope: /tb_top/u_mon File: /run/media/sackb/Windows-SSD/Users/sackb/OneDrive/Desktop/University/Course_Work/2025-2026/Spring_2026/ECE_410/ECE410/project/post_m3_Minor_Redesign/tb/tb_top.sv Line:256
Error: AXI MONITOR: core_C changed while core is idle
Time: 26585 ns  Iteration: 0  Process: /tb_top/u_mon//tb_top/u_mon  Scope: tb_top.u_mon  File: /run/media/sackb/Windows-SSD/Users/sackb/OneDrive/Desktop/University/Course_Work/2025-2026/Spring_2026/ECE_410/ECE410/project/post_m3_Minor_Redesign/tb/tb_top.sv Line: 257

Time: 26595 ns Started: 26585 ns Scope: /tb_top/u_mon File: /run/media/sackb/Windows-SSD/Users/sackb/OneDrive/Desktop/University/Course_Work/2025-2026/Spring_2026/ECE_410/ECE410/project/post_m3_Minor_Redesign/tb/tb_top.sv Line:256
Error: AXI MONITOR: core_C changed while core is idle
Time: 26595 ns  Iteration: 0  Process: /tb_top/u_mon//tb_top/u_mon  Scope: tb_top.u_mon  File: /run/media/sackb/Windows-SSD/Users/sackb/OneDrive/Desktop/University/Course_Work/2025-2026/Spring_2026/ECE_410/ECE410/project/post_m3_Minor_Redesign/tb/tb_top.sv Line: 257

Time: 26605 ns Started: 26595 ns Scope: /tb_top/u_mon File: /run/media/sackb/Windows-SSD/Users/sackb/OneDrive/Desktop/University/Course_Work/2025-2026/Spring_2026/ECE_410/ECE410/project/post_m3_Minor_Redesign/tb/tb_top.sv Line:256
Error: AXI MONITOR: core_C changed while core is idle
Time: 26605 ns  Iteration: 0  Process: /tb_top/u_mon//tb_top/u_mon  Scope: tb_top.u_mon  File: /run/media/sackb/Windows-SSD/Users/sackb/OneDrive/Desktop/University/Course_Work/2025-2026/Spring_2026/ECE_410/ECE410/project/post_m3_Minor_Redesign/tb/tb_top.sv Line: 257

Time: 26615 ns Started: 26605 ns Scope: /tb_top/u_mon File: /run/media/sackb/Windows-SSD/Users/sackb/OneDrive/Desktop/University/Course_Work/2025-2026/Spring_2026/ECE_410/ECE410/project/post_m3_Minor_Redesign/tb/tb_top.sv Line:256
Error: AXI MONITOR: core_C changed while core is idle
Time: 26615 ns  Iteration: 0  Process: /tb_top/u_mon//tb_top/u_mon  Scope: tb_top.u_mon  File: /run/media/sackb/Windows-SSD/Users/sackb/OneDrive/Desktop/University/Course_Work/2025-2026/Spring_2026/ECE_410/ECE410/project/post_m3_Minor_Redesign/tb/tb_top.sv Line: 257

Time: 26625 ns Started: 26615 ns Scope: /tb_top/u_mon File: /run/media/sackb/Windows-SSD/Users/sackb/OneDrive/Desktop/University/Course_Work/2025-2026/Spring_2026/ECE_410/ECE410/project/post_m3_Minor_Redesign/tb/tb_top.sv Line:256
Error: AXI MONITOR: core_C changed while core is idle
Time: 26625 ns  Iteration: 0  Process: /tb_top/u_mon//tb_top/u_mon  Scope: tb_top.u_mon  File: /run/media/sackb/Windows-SSD/Users/sackb/OneDrive/Desktop/University/Course_Work/2025-2026/Spring_2026/ECE_410/ECE410/project/post_m3_Minor_Redesign/tb/tb_top.sv Line: 257

Time: 26635 ns Started: 26625 ns Scope: /tb_top/u_mon File: /run/media/sackb/Windows-SSD/Users/sackb/OneDrive/Desktop/University/Course_Work/2025-2026/Spring_2026/ECE_410/ECE410/project/post_m3_Minor_Redesign/tb/tb_top.sv Line:256
Error: AXI MONITOR: core_C changed while core is idle
Time: 26635 ns  Iteration: 0  Process: /tb_top/u_mon//tb_top/u_mon  Scope: tb_top.u_mon  File: /run/media/sackb/Windows-SSD/Users/sackb/OneDrive/Desktop/University/Course_Work/2025-2026/Spring_2026/ECE_410/ECE410/project/post_m3_Minor_Redesign/tb/tb_top.sv Line: 257

Time: 26645 ns Started: 26635 ns Scope: /tb_top/u_mon File: /run/media/sackb/Windows-SSD/Users/sackb/OneDrive/Desktop/University/Course_Work/2025-2026/Spring_2026/ECE_410/ECE410/project/post_m3_Minor_Redesign/tb/tb_top.sv Line:256
Error: AXI MONITOR: core_C changed while core is idle
Time: 26645 ns  Iteration: 0  Process: /tb_top/u_mon//tb_top/u_mon  Scope: tb_top.u_mon  File: /run/media/sackb/Windows-SSD/Users/sackb/OneDrive/Desktop/University/Course_Work/2025-2026/Spring_2026/ECE_410/ECE410/project/post_m3_Minor_Redesign/tb/tb_top.sv Line: 257

Time: 26655 ns Started: 26645 ns Scope: /tb_top/u_mon File: /run/media/sackb/Windows-SSD/Users/sackb/OneDrive/Desktop/University/Course_Work/2025-2026/Spring_2026/ECE_410/ECE410/project/post_m3_Minor_Redesign/tb/tb_top.sv Line:256
Error: AXI MONITOR: core_C changed while core is idle
Time: 26655 ns  Iteration: 0  Process: /tb_top/u_mon//tb_top/u_mon  Scope: tb_top.u_mon  File: /run/media/sackb/Windows-SSD/Users/sackb/OneDrive/Desktop/University/Course_Work/2025-2026/Spring_2026/ECE_410/ECE410/project/post_m3_Minor_Redesign/tb/tb_top.sv Line: 257

Time: 26665 ns Started: 26655 ns Scope: /tb_top/u_mon File: /run/media/sackb/Windows-SSD/Users/sackb/OneDrive/Desktop/University/Course_Work/2025-2026/Spring_2026/ECE_410/ECE410/project/post_m3_Minor_Redesign/tb/tb_top.sv Line:256
Error: AXI MONITOR: core_C changed while core is idle
Time: 26665 ns  Iteration: 0  Process: /tb_top/u_mon//tb_top/u_mon  Scope: tb_top.u_mon  File: /run/media/sackb/Windows-SSD/Users/sackb/OneDrive/Desktop/University/Course_Work/2025-2026/Spring_2026/ECE_410/ECE410/project/post_m3_Minor_Redesign/tb/tb_top.sv Line: 257

Time: 26675 ns Started: 26665 ns Scope: /tb_top/u_mon File: /run/media/sackb/Windows-SSD/Users/sackb/OneDrive/Desktop/University/Course_Work/2025-2026/Spring_2026/ECE_410/ECE410/project/post_m3_Minor_Redesign/tb/tb_top.sv Line:256
Error: AXI MONITOR: core_C changed while core is idle
Time: 26675 ns  Iteration: 0  Process: /tb_top/u_mon//tb_top/u_mon  Scope: tb_top.u_mon  File: /run/media/sackb/Windows-SSD/Users/sackb/OneDrive/Desktop/University/Course_Work/2025-2026/Spring_2026/ECE_410/ECE410/project/post_m3_Minor_Redesign/tb/tb_top.sv Line: 257

Time: 26685 ns Started: 26675 ns Scope: /tb_top/u_mon File: /run/media/sackb/Windows-SSD/Users/sackb/OneDrive/Desktop/University/Course_Work/2025-2026/Spring_2026/ECE_410/ECE410/project/post_m3_Minor_Redesign/tb/tb_top.sv Line:256
Error: AXI MONITOR: core_C changed while core is idle
Time: 26685 ns  Iteration: 0  Process: /tb_top/u_mon//tb_top/u_mon  Scope: tb_top.u_mon  File: /run/media/sackb/Windows-SSD/Users/sackb/OneDrive/Desktop/University/Course_Work/2025-2026/Spring_2026/ECE_410/ECE410/project/post_m3_Minor_Redesign/tb/tb_top.sv Line: 257

Time: 26695 ns Started: 26685 ns Scope: /tb_top/u_mon File: /run/media/sackb/Windows-SSD/Users/sackb/OneDrive/Desktop/University/Course_Work/2025-2026/Spring_2026/ECE_410/ECE410/project/post_m3_Minor_Redesign/tb/tb_top.sv Line:256
Error: AXI MONITOR: core_C changed while core is idle
Time: 26695 ns  Iteration: 0  Process: /tb_top/u_mon//tb_top/u_mon  Scope: tb_top.u_mon  File: /run/media/sackb/Windows-SSD/Users/sackb/OneDrive/Desktop/University/Course_Work/2025-2026/Spring_2026/ECE_410/ECE410/project/post_m3_Minor_Redesign/tb/tb_top.sv Line: 257

Time: 26705 ns Started: 26695 ns Scope: /tb_top/u_mon File: /run/media/sackb/Windows-SSD/Users/sackb/OneDrive/Desktop/University/Course_Work/2025-2026/Spring_2026/ECE_410/ECE410/project/post_m3_Minor_Redesign/tb/tb_top.sv Line:256
Error: AXI MONITOR: core_C changed while core is idle
Time: 26705 ns  Iteration: 0  Process: /tb_top/u_mon//tb_top/u_mon  Scope: tb_top.u_mon  File: /run/media/sackb/Windows-SSD/Users/sackb/OneDrive/Desktop/University/Course_Work/2025-2026/Spring_2026/ECE_410/ECE410/project/post_m3_Minor_Redesign/tb/tb_top.sv Line: 257

Time: 26715 ns Started: 26705 ns Scope: /tb_top/u_mon File: /run/media/sackb/Windows-SSD/Users/sackb/OneDrive/Desktop/University/Course_Work/2025-2026/Spring_2026/ECE_410/ECE410/project/post_m3_Minor_Redesign/tb/tb_top.sv Line:256
Error: AXI MONITOR: core_C changed while core is idle
Time: 26715 ns  Iteration: 0  Process: /tb_top/u_mon//tb_top/u_mon  Scope: tb_top.u_mon  File: /run/media/sackb/Windows-SSD/Users/sackb/OneDrive/Desktop/University/Course_Work/2025-2026/Spring_2026/ECE_410/ECE410/project/post_m3_Minor_Redesign/tb/tb_top.sv Line: 257

Time: 26725 ns Started: 26715 ns Scope: /tb_top/u_mon File: /run/media/sackb/Windows-SSD/Users/sackb/OneDrive/Desktop/University/Course_Work/2025-2026/Spring_2026/ECE_410/ECE410/project/post_m3_Minor_Redesign/tb/tb_top.sv Line:256
Error: AXI MONITOR: core_C changed while core is idle
Time: 26725 ns  Iteration: 0  Process: /tb_top/u_mon//tb_top/u_mon  Scope: tb_top.u_mon  File: /run/media/sackb/Windows-SSD/Users/sackb/OneDrive/Desktop/University/Course_Work/2025-2026/Spring_2026/ECE_410/ECE410/project/post_m3_Minor_Redesign/tb/tb_top.sv Line: 257

Time: 26735 ns Started: 26725 ns Scope: /tb_top/u_mon File: /run/media/sackb/Windows-SSD/Users/sackb/OneDrive/Desktop/University/Course_Work/2025-2026/Spring_2026/ECE_410/ECE410/project/post_m3_Minor_Redesign/tb/tb_top.sv Line:256
Error: AXI MONITOR: core_C changed while core is idle
Time: 26735 ns  Iteration: 0  Process: /tb_top/u_mon//tb_top/u_mon  Scope: tb_top.u_mon  File: /run/media/sackb/Windows-SSD/Users/sackb/OneDrive/Desktop/University/Course_Work/2025-2026/Spring_2026/ECE_410/ECE410/project/post_m3_Minor_Redesign/tb/tb_top.sv Line: 257

Time: 26745 ns Started: 26735 ns Scope: /tb_top/u_mon File: /run/media/sackb/Windows-SSD/Users/sackb/OneDrive/Desktop/University/Course_Work/2025-2026/Spring_2026/ECE_410/ECE410/project/post_m3_Minor_Redesign/tb/tb_top.sv Line:256
Error: AXI MONITOR: core_C changed while core is idle
Time: 26745 ns  Iteration: 0  Process: /tb_top/u_mon//tb_top/u_mon  Scope: tb_top.u_mon  File: /run/media/sackb/Windows-SSD/Users/sackb/OneDrive/Desktop/University/Course_Work/2025-2026/Spring_2026/ECE_410/ECE410/project/post_m3_Minor_Redesign/tb/tb_top.sv Line: 257

Time: 26755 ns Started: 26745 ns Scope: /tb_top/u_mon File: /run/media/sackb/Windows-SSD/Users/sackb/OneDrive/Desktop/University/Course_Work/2025-2026/Spring_2026/ECE_410/ECE410/project/post_m3_Minor_Redesign/tb/tb_top.sv Line:256
Error: AXI MONITOR: core_C changed while core is idle
Time: 26755 ns  Iteration: 0  Process: /tb_top/u_mon//tb_top/u_mon  Scope: tb_top.u_mon  File: /run/media/sackb/Windows-SSD/Users/sackb/OneDrive/Desktop/University/Course_Work/2025-2026/Spring_2026/ECE_410/ECE410/project/post_m3_Minor_Redesign/tb/tb_top.sv Line: 257

Time: 26765 ns Started: 26755 ns Scope: /tb_top/u_mon File: /run/media/sackb/Windows-SSD/Users/sackb/OneDrive/Desktop/University/Course_Work/2025-2026/Spring_2026/ECE_410/ECE410/project/post_m3_Minor_Redesign/tb/tb_top.sv Line:256
Error: AXI MONITOR: core_C changed while core is idle
Time: 26765 ns  Iteration: 0  Process: /tb_top/u_mon//tb_top/u_mon  Scope: tb_top.u_mon  File: /run/media/sackb/Windows-SSD/Users/sackb/OneDrive/Desktop/University/Course_Work/2025-2026/Spring_2026/ECE_410/ECE410/project/post_m3_Minor_Redesign/tb/tb_top.sv Line: 257

Time: 26775 ns Started: 26765 ns Scope: /tb_top/u_mon File: /run/media/sackb/Windows-SSD/Users/sackb/OneDrive/Desktop/University/Course_Work/2025-2026/Spring_2026/ECE_410/ECE410/project/post_m3_Minor_Redesign/tb/tb_top.sv Line:256
Error: AXI MONITOR: core_C changed while core is idle
Time: 26775 ns  Iteration: 0  Process: /tb_top/u_mon//tb_top/u_mon  Scope: tb_top.u_mon  File: /run/media/sackb/Windows-SSD/Users/sackb/OneDrive/Desktop/University/Course_Work/2025-2026/Spring_2026/ECE_410/ECE410/project/post_m3_Minor_Redesign/tb/tb_top.sv Line: 257

Time: 26785 ns Started: 26775 ns Scope: /tb_top/u_mon File: /run/media/sackb/Windows-SSD/Users/sackb/OneDrive/Desktop/University/Course_Work/2025-2026/Spring_2026/ECE_410/ECE410/project/post_m3_Minor_Redesign/tb/tb_top.sv Line:256
Error: AXI MONITOR: core_C changed while core is idle
Time: 26785 ns  Iteration: 0  Process: /tb_top/u_mon//tb_top/u_mon  Scope: tb_top.u_mon  File: /run/media/sackb/Windows-SSD/Users/sackb/OneDrive/Desktop/University/Course_Work/2025-2026/Spring_2026/ECE_410/ECE410/project/post_m3_Minor_Redesign/tb/tb_top.sv Line: 257

Time: 26795 ns Started: 26785 ns Scope: /tb_top/u_mon File: /run/media/sackb/Windows-SSD/Users/sackb/OneDrive/Desktop/University/Course_Work/2025-2026/Spring_2026/ECE_410/ECE410/project/post_m3_Minor_Redesign/tb/tb_top.sv Line:256
Error: AXI MONITOR: core_C changed while core is idle
Time: 26795 ns  Iteration: 0  Process: /tb_top/u_mon//tb_top/u_mon  Scope: tb_top.u_mon  File: /run/media/sackb/Windows-SSD/Users/sackb/OneDrive/Desktop/University/Course_Work/2025-2026/Spring_2026/ECE_410/ECE410/project/post_m3_Minor_Redesign/tb/tb_top.sv Line: 257

Time: 26805 ns Started: 26795 ns Scope: /tb_top/u_mon File: /run/media/sackb/Windows-SSD/Users/sackb/OneDrive/Desktop/University/Course_Work/2025-2026/Spring_2026/ECE_410/ECE410/project/post_m3_Minor_Redesign/tb/tb_top.sv Line:256
Error: AXI MONITOR: core_C changed while core is idle
Time: 26805 ns  Iteration: 0  Process: /tb_top/u_mon//tb_top/u_mon  Scope: tb_top.u_mon  File: /run/media/sackb/Windows-SSD/Users/sackb/OneDrive/Desktop/University/Course_Work/2025-2026/Spring_2026/ECE_410/ECE410/project/post_m3_Minor_Redesign/tb/tb_top.sv Line: 257

Time: 26815 ns Started: 26805 ns Scope: /tb_top/u_mon File: /run/media/sackb/Windows-SSD/Users/sackb/OneDrive/Desktop/University/Course_Work/2025-2026/Spring_2026/ECE_410/ECE410/project/post_m3_Minor_Redesign/tb/tb_top.sv Line:256
Error: AXI MONITOR: core_C changed while core is idle
Time: 26815 ns  Iteration: 0  Process: /tb_top/u_mon//tb_top/u_mon  Scope: tb_top.u_mon  File: /run/media/sackb/Windows-SSD/Users/sackb/OneDrive/Desktop/University/Course_Work/2025-2026/Spring_2026/ECE_410/ECE410/project/post_m3_Minor_Redesign/tb/tb_top.sv Line: 257

Time: 26825 ns Started: 26815 ns Scope: /tb_top/u_mon File: /run/media/sackb/Windows-SSD/Users/sackb/OneDrive/Desktop/University/Course_Work/2025-2026/Spring_2026/ECE_410/ECE410/project/post_m3_Minor_Redesign/tb/tb_top.sv Line:256
Error: AXI MONITOR: core_C changed while core is idle
Time: 26825 ns  Iteration: 0  Process: /tb_top/u_mon//tb_top/u_mon  Scope: tb_top.u_mon  File: /run/media/sackb/Windows-SSD/Users/sackb/OneDrive/Desktop/University/Course_Work/2025-2026/Spring_2026/ECE_410/ECE410/project/post_m3_Minor_Redesign/tb/tb_top.sv Line: 257

Time: 26835 ns Started: 26825 ns Scope: /tb_top/u_mon File: /run/media/sackb/Windows-SSD/Users/sackb/OneDrive/Desktop/University/Course_Work/2025-2026/Spring_2026/ECE_410/ECE410/project/post_m3_Minor_Redesign/tb/tb_top.sv Line:256
Error: AXI MONITOR: core_C changed while core is idle
Time: 26835 ns  Iteration: 0  Process: /tb_top/u_mon//tb_top/u_mon  Scope: tb_top.u_mon  File: /run/media/sackb/Windows-SSD/Users/sackb/OneDrive/Desktop/University/Course_Work/2025-2026/Spring_2026/ECE_410/ECE410/project/post_m3_Minor_Redesign/tb/tb_top.sv Line: 257

Time: 26845 ns Started: 26835 ns Scope: /tb_top/u_mon File: /run/media/sackb/Windows-SSD/Users/sackb/OneDrive/Desktop/University/Course_Work/2025-2026/Spring_2026/ECE_410/ECE410/project/post_m3_Minor_Redesign/tb/tb_top.sv Line:256
Error: AXI MONITOR: core_C changed while core is idle
Time: 26845 ns  Iteration: 0  Process: /tb_top/u_mon//tb_top/u_mon  Scope: tb_top.u_mon  File: /run/media/sackb/Windows-SSD/Users/sackb/OneDrive/Desktop/University/Course_Work/2025-2026/Spring_2026/ECE_410/ECE410/project/post_m3_Minor_Redesign/tb/tb_top.sv Line: 257

Time: 26855 ns Started: 26845 ns Scope: /tb_top/u_mon File: /run/media/sackb/Windows-SSD/Users/sackb/OneDrive/Desktop/University/Course_Work/2025-2026/Spring_2026/ECE_410/ECE410/project/post_m3_Minor_Redesign/tb/tb_top.sv Line:256
Error: AXI MONITOR: core_C changed while core is idle
Time: 26855 ns  Iteration: 0  Process: /tb_top/u_mon//tb_top/u_mon  Scope: tb_top.u_mon  File: /run/media/sackb/Windows-SSD/Users/sackb/OneDrive/Desktop/University/Course_Work/2025-2026/Spring_2026/ECE_410/ECE410/project/post_m3_Minor_Redesign/tb/tb_top.sv Line: 257

Time: 26865 ns Started: 26855 ns Scope: /tb_top/u_mon File: /run/media/sackb/Windows-SSD/Users/sackb/OneDrive/Desktop/University/Course_Work/2025-2026/Spring_2026/ECE_410/ECE410/project/post_m3_Minor_Redesign/tb/tb_top.sv Line:256
Error: AXI MONITOR: core_C changed while core is idle
Time: 26865 ns  Iteration: 0  Process: /tb_top/u_mon//tb_top/u_mon  Scope: tb_top.u_mon  File: /run/media/sackb/Windows-SSD/Users/sackb/OneDrive/Desktop/University/Course_Work/2025-2026/Spring_2026/ECE_410/ECE410/project/post_m3_Minor_Redesign/tb/tb_top.sv Line: 257

Time: 26875 ns Started: 26865 ns Scope: /tb_top/u_mon File: /run/media/sackb/Windows-SSD/Users/sackb/OneDrive/Desktop/University/Course_Work/2025-2026/Spring_2026/ECE_410/ECE410/project/post_m3_Minor_Redesign/tb/tb_top.sv Line:256
Error: AXI MONITOR: core_C changed while core is idle
Time: 26875 ns  Iteration: 0  Process: /tb_top/u_mon//tb_top/u_mon  Scope: tb_top.u_mon  File: /run/media/sackb/Windows-SSD/Users/sackb/OneDrive/Desktop/University/Course_Work/2025-2026/Spring_2026/ECE_410/ECE410/project/post_m3_Minor_Redesign/tb/tb_top.sv Line: 257

Time: 26885 ns Started: 26875 ns Scope: /tb_top/u_mon File: /run/media/sackb/Windows-SSD/Users/sackb/OneDrive/Desktop/University/Course_Work/2025-2026/Spring_2026/ECE_410/ECE410/project/post_m3_Minor_Redesign/tb/tb_top.sv Line:256
Error: AXI MONITOR: core_C changed while core is idle
Time: 26885 ns  Iteration: 0  Process: /tb_top/u_mon//tb_top/u_mon  Scope: tb_top.u_mon  File: /run/media/sackb/Windows-SSD/Users/sackb/OneDrive/Desktop/University/Course_Work/2025-2026/Spring_2026/ECE_410/ECE410/project/post_m3_Minor_Redesign/tb/tb_top.sv Line: 257

Time: 26895 ns Started: 26885 ns Scope: /tb_top/u_mon File: /run/media/sackb/Windows-SSD/Users/sackb/OneDrive/Desktop/University/Course_Work/2025-2026/Spring_2026/ECE_410/ECE410/project/post_m3_Minor_Redesign/tb/tb_top.sv Line:256
Error: AXI MONITOR: core_C changed while core is idle
Time: 26895 ns  Iteration: 0  Process: /tb_top/u_mon//tb_top/u_mon  Scope: tb_top.u_mon  File: /run/media/sackb/Windows-SSD/Users/sackb/OneDrive/Desktop/University/Course_Work/2025-2026/Spring_2026/ECE_410/ECE410/project/post_m3_Minor_Redesign/tb/tb_top.sv Line: 257

Time: 26905 ns Started: 26895 ns Scope: /tb_top/u_mon File: /run/media/sackb/Windows-SSD/Users/sackb/OneDrive/Desktop/University/Course_Work/2025-2026/Spring_2026/ECE_410/ECE410/project/post_m3_Minor_Redesign/tb/tb_top.sv Line:256
Error: AXI MONITOR: core_C changed while core is idle
Time: 26905 ns  Iteration: 0  Process: /tb_top/u_mon//tb_top/u_mon  Scope: tb_top.u_mon  File: /run/media/sackb/Windows-SSD/Users/sackb/OneDrive/Desktop/University/Course_Work/2025-2026/Spring_2026/ECE_410/ECE410/project/post_m3_Minor_Redesign/tb/tb_top.sv Line: 257

Time: 26915 ns Started: 26905 ns Scope: /tb_top/u_mon File: /run/media/sackb/Windows-SSD/Users/sackb/OneDrive/Desktop/University/Course_Work/2025-2026/Spring_2026/ECE_410/ECE410/project/post_m3_Minor_Redesign/tb/tb_top.sv Line:256
Error: AXI MONITOR: core_C changed while core is idle
Time: 26915 ns  Iteration: 0  Process: /tb_top/u_mon//tb_top/u_mon  Scope: tb_top.u_mon  File: /run/media/sackb/Windows-SSD/Users/sackb/OneDrive/Desktop/University/Course_Work/2025-2026/Spring_2026/ECE_410/ECE410/project/post_m3_Minor_Redesign/tb/tb_top.sv Line: 257

Time: 26925 ns Started: 26915 ns Scope: /tb_top/u_mon File: /run/media/sackb/Windows-SSD/Users/sackb/OneDrive/Desktop/University/Course_Work/2025-2026/Spring_2026/ECE_410/ECE410/project/post_m3_Minor_Redesign/tb/tb_top.sv Line:256
Error: AXI MONITOR: core_C changed while core is idle
Time: 26925 ns  Iteration: 0  Process: /tb_top/u_mon//tb_top/u_mon  Scope: tb_top.u_mon  File: /run/media/sackb/Windows-SSD/Users/sackb/OneDrive/Desktop/University/Course_Work/2025-2026/Spring_2026/ECE_410/ECE410/project/post_m3_Minor_Redesign/tb/tb_top.sv Line: 257

Time: 26935 ns Started: 26925 ns Scope: /tb_top/u_mon File: /run/media/sackb/Windows-SSD/Users/sackb/OneDrive/Desktop/University/Course_Work/2025-2026/Spring_2026/ECE_410/ECE410/project/post_m3_Minor_Redesign/tb/tb_top.sv Line:256
Error: AXI MONITOR: core_C changed while core is idle
Time: 26935 ns  Iteration: 0  Process: /tb_top/u_mon//tb_top/u_mon  Scope: tb_top.u_mon  File: /run/media/sackb/Windows-SSD/Users/sackb/OneDrive/Desktop/University/Course_Work/2025-2026/Spring_2026/ECE_410/ECE410/project/post_m3_Minor_Redesign/tb/tb_top.sv Line: 257

Time: 26945 ns Started: 26935 ns Scope: /tb_top/u_mon File: /run/media/sackb/Windows-SSD/Users/sackb/OneDrive/Desktop/University/Course_Work/2025-2026/Spring_2026/ECE_410/ECE410/project/post_m3_Minor_Redesign/tb/tb_top.sv Line:256
Error: AXI MONITOR: core_C changed while core is idle
Time: 26945 ns  Iteration: 0  Process: /tb_top/u_mon//tb_top/u_mon  Scope: tb_top.u_mon  File: /run/media/sackb/Windows-SSD/Users/sackb/OneDrive/Desktop/University/Course_Work/2025-2026/Spring_2026/ECE_410/ECE410/project/post_m3_Minor_Redesign/tb/tb_top.sv Line: 257

Time: 26955 ns Started: 26945 ns Scope: /tb_top/u_mon File: /run/media/sackb/Windows-SSD/Users/sackb/OneDrive/Desktop/University/Course_Work/2025-2026/Spring_2026/ECE_410/ECE410/project/post_m3_Minor_Redesign/tb/tb_top.sv Line:256
Error: AXI MONITOR: core_C changed while core is idle
Time: 26955 ns  Iteration: 0  Process: /tb_top/u_mon//tb_top/u_mon  Scope: tb_top.u_mon  File: /run/media/sackb/Windows-SSD/Users/sackb/OneDrive/Desktop/University/Course_Work/2025-2026/Spring_2026/ECE_410/ECE410/project/post_m3_Minor_Redesign/tb/tb_top.sv Line: 257

Time: 26965 ns Started: 26955 ns Scope: /tb_top/u_mon File: /run/media/sackb/Windows-SSD/Users/sackb/OneDrive/Desktop/University/Course_Work/2025-2026/Spring_2026/ECE_410/ECE410/project/post_m3_Minor_Redesign/tb/tb_top.sv Line:256
Error: AXI MONITOR: core_C changed while core is idle
Time: 26965 ns  Iteration: 0  Process: /tb_top/u_mon//tb_top/u_mon  Scope: tb_top.u_mon  File: /run/media/sackb/Windows-SSD/Users/sackb/OneDrive/Desktop/University/Course_Work/2025-2026/Spring_2026/ECE_410/ECE410/project/post_m3_Minor_Redesign/tb/tb_top.sv Line: 257

Time: 26975 ns Started: 26965 ns Scope: /tb_top/u_mon File: /run/media/sackb/Windows-SSD/Users/sackb/OneDrive/Desktop/University/Course_Work/2025-2026/Spring_2026/ECE_410/ECE410/project/post_m3_Minor_Redesign/tb/tb_top.sv Line:256
Error: AXI MONITOR: core_C changed while core is idle
Time: 26975 ns  Iteration: 0  Process: /tb_top/u_mon//tb_top/u_mon  Scope: tb_top.u_mon  File: /run/media/sackb/Windows-SSD/Users/sackb/OneDrive/Desktop/University/Course_Work/2025-2026/Spring_2026/ECE_410/ECE410/project/post_m3_Minor_Redesign/tb/tb_top.sv Line: 257

Time: 26985 ns Started: 26975 ns Scope: /tb_top/u_mon File: /run/media/sackb/Windows-SSD/Users/sackb/OneDrive/Desktop/University/Course_Work/2025-2026/Spring_2026/ECE_410/ECE410/project/post_m3_Minor_Redesign/tb/tb_top.sv Line:256
Error: AXI MONITOR: core_C changed while core is idle
Time: 26985 ns  Iteration: 0  Process: /tb_top/u_mon//tb_top/u_mon  Scope: tb_top.u_mon  File: /run/media/sackb/Windows-SSD/Users/sackb/OneDrive/Desktop/University/Course_Work/2025-2026/Spring_2026/ECE_410/ECE410/project/post_m3_Minor_Redesign/tb/tb_top.sv Line: 257

Time: 26995 ns Started: 26985 ns Scope: /tb_top/u_mon File: /run/media/sackb/Windows-SSD/Users/sackb/OneDrive/Desktop/University/Course_Work/2025-2026/Spring_2026/ECE_410/ECE410/project/post_m3_Minor_Redesign/tb/tb_top.sv Line:256
Error: AXI MONITOR: core_C changed while core is idle
Time: 26995 ns  Iteration: 0  Process: /tb_top/u_mon//tb_top/u_mon  Scope: tb_top.u_mon  File: /run/media/sackb/Windows-SSD/Users/sackb/OneDrive/Desktop/University/Course_Work/2025-2026/Spring_2026/ECE_410/ECE410/project/post_m3_Minor_Redesign/tb/tb_top.sv Line: 257

Time: 27005 ns Started: 26995 ns Scope: /tb_top/u_mon File: /run/media/sackb/Windows-SSD/Users/sackb/OneDrive/Desktop/University/Course_Work/2025-2026/Spring_2026/ECE_410/ECE410/project/post_m3_Minor_Redesign/tb/tb_top.sv Line:256
Error: AXI MONITOR: core_C changed while core is idle
Time: 27005 ns  Iteration: 0  Process: /tb_top/u_mon//tb_top/u_mon  Scope: tb_top.u_mon  File: /run/media/sackb/Windows-SSD/Users/sackb/OneDrive/Desktop/University/Course_Work/2025-2026/Spring_2026/ECE_410/ECE410/project/post_m3_Minor_Redesign/tb/tb_top.sv Line: 257

Time: 27015 ns Started: 27005 ns Scope: /tb_top/u_mon File: /run/media/sackb/Windows-SSD/Users/sackb/OneDrive/Desktop/University/Course_Work/2025-2026/Spring_2026/ECE_410/ECE410/project/post_m3_Minor_Redesign/tb/tb_top.sv Line:256
Error: AXI MONITOR: core_C changed while core is idle
Time: 27015 ns  Iteration: 0  Process: /tb_top/u_mon//tb_top/u_mon  Scope: tb_top.u_mon  File: /run/media/sackb/Windows-SSD/Users/sackb/OneDrive/Desktop/University/Course_Work/2025-2026/Spring_2026/ECE_410/ECE410/project/post_m3_Minor_Redesign/tb/tb_top.sv Line: 257

Time: 27025 ns Started: 27015 ns Scope: /tb_top/u_mon File: /run/media/sackb/Windows-SSD/Users/sackb/OneDrive/Desktop/University/Course_Work/2025-2026/Spring_2026/ECE_410/ECE410/project/post_m3_Minor_Redesign/tb/tb_top.sv Line:256
Error: AXI MONITOR: core_C changed while core is idle
Time: 27025 ns  Iteration: 0  Process: /tb_top/u_mon//tb_top/u_mon  Scope: tb_top.u_mon  File: /run/media/sackb/Windows-SSD/Users/sackb/OneDrive/Desktop/University/Course_Work/2025-2026/Spring_2026/ECE_410/ECE410/project/post_m3_Minor_Redesign/tb/tb_top.sv Line: 257

Time: 27035 ns Started: 27025 ns Scope: /tb_top/u_mon File: /run/media/sackb/Windows-SSD/Users/sackb/OneDrive/Desktop/University/Course_Work/2025-2026/Spring_2026/ECE_410/ECE410/project/post_m3_Minor_Redesign/tb/tb_top.sv Line:256
Error: AXI MONITOR: core_C changed while core is idle
Time: 27035 ns  Iteration: 0  Process: /tb_top/u_mon//tb_top/u_mon  Scope: tb_top.u_mon  File: /run/media/sackb/Windows-SSD/Users/sackb/OneDrive/Desktop/University/Course_Work/2025-2026/Spring_2026/ECE_410/ECE410/project/post_m3_Minor_Redesign/tb/tb_top.sv Line: 257

Time: 27045 ns Started: 27035 ns Scope: /tb_top/u_mon File: /run/media/sackb/Windows-SSD/Users/sackb/OneDrive/Desktop/University/Course_Work/2025-2026/Spring_2026/ECE_410/ECE410/project/post_m3_Minor_Redesign/tb/tb_top.sv Line:256
Error: AXI MONITOR: core_C changed while core is idle
Time: 27045 ns  Iteration: 0  Process: /tb_top/u_mon//tb_top/u_mon  Scope: tb_top.u_mon  File: /run/media/sackb/Windows-SSD/Users/sackb/OneDrive/Desktop/University/Course_Work/2025-2026/Spring_2026/ECE_410/ECE410/project/post_m3_Minor_Redesign/tb/tb_top.sv Line: 257

Time: 27055 ns Started: 27045 ns Scope: /tb_top/u_mon File: /run/media/sackb/Windows-SSD/Users/sackb/OneDrive/Desktop/University/Course_Work/2025-2026/Spring_2026/ECE_410/ECE410/project/post_m3_Minor_Redesign/tb/tb_top.sv Line:256
Error: AXI MONITOR: core_C changed while core is idle
Time: 27055 ns  Iteration: 0  Process: /tb_top/u_mon//tb_top/u_mon  Scope: tb_top.u_mon  File: /run/media/sackb/Windows-SSD/Users/sackb/OneDrive/Desktop/University/Course_Work/2025-2026/Spring_2026/ECE_410/ECE410/project/post_m3_Minor_Redesign/tb/tb_top.sv Line: 257

Time: 27065 ns Started: 27055 ns Scope: /tb_top/u_mon File: /run/media/sackb/Windows-SSD/Users/sackb/OneDrive/Desktop/University/Course_Work/2025-2026/Spring_2026/ECE_410/ECE410/project/post_m3_Minor_Redesign/tb/tb_top.sv Line:256
Error: AXI MONITOR: core_C changed while core is idle
Time: 27065 ns  Iteration: 0  Process: /tb_top/u_mon//tb_top/u_mon  Scope: tb_top.u_mon  File: /run/media/sackb/Windows-SSD/Users/sackb/OneDrive/Desktop/University/Course_Work/2025-2026/Spring_2026/ECE_410/ECE410/project/post_m3_Minor_Redesign/tb/tb_top.sv Line: 257

Time: 27075 ns Started: 27065 ns Scope: /tb_top/u_mon File: /run/media/sackb/Windows-SSD/Users/sackb/OneDrive/Desktop/University/Course_Work/2025-2026/Spring_2026/ECE_410/ECE410/project/post_m3_Minor_Redesign/tb/tb_top.sv Line:256
Error: AXI MONITOR: core_C changed while core is idle
Time: 27075 ns  Iteration: 0  Process: /tb_top/u_mon//tb_top/u_mon  Scope: tb_top.u_mon  File: /run/media/sackb/Windows-SSD/Users/sackb/OneDrive/Desktop/University/Course_Work/2025-2026/Spring_2026/ECE_410/ECE410/project/post_m3_Minor_Redesign/tb/tb_top.sv Line: 257

Time: 27085 ns Started: 27075 ns Scope: /tb_top/u_mon File: /run/media/sackb/Windows-SSD/Users/sackb/OneDrive/Desktop/University/Course_Work/2025-2026/Spring_2026/ECE_410/ECE410/project/post_m3_Minor_Redesign/tb/tb_top.sv Line:256
Error: AXI MONITOR: core_C changed while core is idle
Time: 27085 ns  Iteration: 0  Process: /tb_top/u_mon//tb_top/u_mon  Scope: tb_top.u_mon  File: /run/media/sackb/Windows-SSD/Users/sackb/OneDrive/Desktop/University/Course_Work/2025-2026/Spring_2026/ECE_410/ECE410/project/post_m3_Minor_Redesign/tb/tb_top.sv Line: 257

Time: 27095 ns Started: 27085 ns Scope: /tb_top/u_mon File: /run/media/sackb/Windows-SSD/Users/sackb/OneDrive/Desktop/University/Course_Work/2025-2026/Spring_2026/ECE_410/ECE410/project/post_m3_Minor_Redesign/tb/tb_top.sv Line:256
Error: AXI MONITOR: core_C changed while core is idle
Time: 27095 ns  Iteration: 0  Process: /tb_top/u_mon//tb_top/u_mon  Scope: tb_top.u_mon  File: /run/media/sackb/Windows-SSD/Users/sackb/OneDrive/Desktop/University/Course_Work/2025-2026/Spring_2026/ECE_410/ECE410/project/post_m3_Minor_Redesign/tb/tb_top.sv Line: 257

Time: 27105 ns Started: 27095 ns Scope: /tb_top/u_mon File: /run/media/sackb/Windows-SSD/Users/sackb/OneDrive/Desktop/University/Course_Work/2025-2026/Spring_2026/ECE_410/ECE410/project/post_m3_Minor_Redesign/tb/tb_top.sv Line:256
Error: AXI MONITOR: core_C changed while core is idle
Time: 27105 ns  Iteration: 0  Process: /tb_top/u_mon//tb_top/u_mon  Scope: tb_top.u_mon  File: /run/media/sackb/Windows-SSD/Users/sackb/OneDrive/Desktop/University/Course_Work/2025-2026/Spring_2026/ECE_410/ECE410/project/post_m3_Minor_Redesign/tb/tb_top.sv Line: 257

Time: 27115 ns Started: 27105 ns Scope: /tb_top/u_mon File: /run/media/sackb/Windows-SSD/Users/sackb/OneDrive/Desktop/University/Course_Work/2025-2026/Spring_2026/ECE_410/ECE410/project/post_m3_Minor_Redesign/tb/tb_top.sv Line:256
Error: AXI MONITOR: core_C changed while core is idle
Time: 27115 ns  Iteration: 0  Process: /tb_top/u_mon//tb_top/u_mon  Scope: tb_top.u_mon  File: /run/media/sackb/Windows-SSD/Users/sackb/OneDrive/Desktop/University/Course_Work/2025-2026/Spring_2026/ECE_410/ECE410/project/post_m3_Minor_Redesign/tb/tb_top.sv Line: 257

Time: 27125 ns Started: 27115 ns Scope: /tb_top/u_mon File: /run/media/sackb/Windows-SSD/Users/sackb/OneDrive/Desktop/University/Course_Work/2025-2026/Spring_2026/ECE_410/ECE410/project/post_m3_Minor_Redesign/tb/tb_top.sv Line:256
Error: AXI MONITOR: core_C changed while core is idle
Time: 27125 ns  Iteration: 0  Process: /tb_top/u_mon//tb_top/u_mon  Scope: tb_top.u_mon  File: /run/media/sackb/Windows-SSD/Users/sackb/OneDrive/Desktop/University/Course_Work/2025-2026/Spring_2026/ECE_410/ECE410/project/post_m3_Minor_Redesign/tb/tb_top.sv Line: 257

Time: 27135 ns Started: 27125 ns Scope: /tb_top/u_mon File: /run/media/sackb/Windows-SSD/Users/sackb/OneDrive/Desktop/University/Course_Work/2025-2026/Spring_2026/ECE_410/ECE410/project/post_m3_Minor_Redesign/tb/tb_top.sv Line:256
Error: AXI MONITOR: core_C changed while core is idle
Time: 27135 ns  Iteration: 0  Process: /tb_top/u_mon//tb_top/u_mon  Scope: tb_top.u_mon  File: /run/media/sackb/Windows-SSD/Users/sackb/OneDrive/Desktop/University/Course_Work/2025-2026/Spring_2026/ECE_410/ECE410/project/post_m3_Minor_Redesign/tb/tb_top.sv Line: 257

Time: 27145 ns Started: 27135 ns Scope: /tb_top/u_mon File: /run/media/sackb/Windows-SSD/Users/sackb/OneDrive/Desktop/University/Course_Work/2025-2026/Spring_2026/ECE_410/ECE410/project/post_m3_Minor_Redesign/tb/tb_top.sv Line:256
Error: AXI MONITOR: core_C changed while core is idle
Time: 27145 ns  Iteration: 0  Process: /tb_top/u_mon//tb_top/u_mon  Scope: tb_top.u_mon  File: /run/media/sackb/Windows-SSD/Users/sackb/OneDrive/Desktop/University/Course_Work/2025-2026/Spring_2026/ECE_410/ECE410/project/post_m3_Minor_Redesign/tb/tb_top.sv Line: 257

Time: 27155 ns Started: 27145 ns Scope: /tb_top/u_mon File: /run/media/sackb/Windows-SSD/Users/sackb/OneDrive/Desktop/University/Course_Work/2025-2026/Spring_2026/ECE_410/ECE410/project/post_m3_Minor_Redesign/tb/tb_top.sv Line:256
Error: AXI MONITOR: core_C changed while core is idle
Time: 27155 ns  Iteration: 0  Process: /tb_top/u_mon//tb_top/u_mon  Scope: tb_top.u_mon  File: /run/media/sackb/Windows-SSD/Users/sackb/OneDrive/Desktop/University/Course_Work/2025-2026/Spring_2026/ECE_410/ECE410/project/post_m3_Minor_Redesign/tb/tb_top.sv Line: 257

Time: 27165 ns Started: 27155 ns Scope: /tb_top/u_mon File: /run/media/sackb/Windows-SSD/Users/sackb/OneDrive/Desktop/University/Course_Work/2025-2026/Spring_2026/ECE_410/ECE410/project/post_m3_Minor_Redesign/tb/tb_top.sv Line:256
Error: AXI MONITOR: core_C changed while core is idle
Time: 27165 ns  Iteration: 0  Process: /tb_top/u_mon//tb_top/u_mon  Scope: tb_top.u_mon  File: /run/media/sackb/Windows-SSD/Users/sackb/OneDrive/Desktop/University/Course_Work/2025-2026/Spring_2026/ECE_410/ECE410/project/post_m3_Minor_Redesign/tb/tb_top.sv Line: 257

Time: 27175 ns Started: 27165 ns Scope: /tb_top/u_mon File: /run/media/sackb/Windows-SSD/Users/sackb/OneDrive/Desktop/University/Course_Work/2025-2026/Spring_2026/ECE_410/ECE410/project/post_m3_Minor_Redesign/tb/tb_top.sv Line:256
Error: AXI MONITOR: core_C changed while core is idle
Time: 27175 ns  Iteration: 0  Process: /tb_top/u_mon//tb_top/u_mon  Scope: tb_top.u_mon  File: /run/media/sackb/Windows-SSD/Users/sackb/OneDrive/Desktop/University/Course_Work/2025-2026/Spring_2026/ECE_410/ECE410/project/post_m3_Minor_Redesign/tb/tb_top.sv Line: 257

Time: 27185 ns Started: 27175 ns Scope: /tb_top/u_mon File: /run/media/sackb/Windows-SSD/Users/sackb/OneDrive/Desktop/University/Course_Work/2025-2026/Spring_2026/ECE_410/ECE410/project/post_m3_Minor_Redesign/tb/tb_top.sv Line:256
Error: AXI MONITOR: core_C changed while core is idle
Time: 27185 ns  Iteration: 0  Process: /tb_top/u_mon//tb_top/u_mon  Scope: tb_top.u_mon  File: /run/media/sackb/Windows-SSD/Users/sackb/OneDrive/Desktop/University/Course_Work/2025-2026/Spring_2026/ECE_410/ECE410/project/post_m3_Minor_Redesign/tb/tb_top.sv Line: 257

Time: 27195 ns Started: 27185 ns Scope: /tb_top/u_mon File: /run/media/sackb/Windows-SSD/Users/sackb/OneDrive/Desktop/University/Course_Work/2025-2026/Spring_2026/ECE_410/ECE410/project/post_m3_Minor_Redesign/tb/tb_top.sv Line:256
Error: AXI MONITOR: core_C changed while core is idle
Time: 27195 ns  Iteration: 0  Process: /tb_top/u_mon//tb_top/u_mon  Scope: tb_top.u_mon  File: /run/media/sackb/Windows-SSD/Users/sackb/OneDrive/Desktop/University/Course_Work/2025-2026/Spring_2026/ECE_410/ECE410/project/post_m3_Minor_Redesign/tb/tb_top.sv Line: 257

Time: 27205 ns Started: 27195 ns Scope: /tb_top/u_mon File: /run/media/sackb/Windows-SSD/Users/sackb/OneDrive/Desktop/University/Course_Work/2025-2026/Spring_2026/ECE_410/ECE410/project/post_m3_Minor_Redesign/tb/tb_top.sv Line:256
Error: AXI MONITOR: core_C changed while core is idle
Time: 27205 ns  Iteration: 0  Process: /tb_top/u_mon//tb_top/u_mon  Scope: tb_top.u_mon  File: /run/media/sackb/Windows-SSD/Users/sackb/OneDrive/Desktop/University/Course_Work/2025-2026/Spring_2026/ECE_410/ECE410/project/post_m3_Minor_Redesign/tb/tb_top.sv Line: 257

Time: 27215 ns Started: 27205 ns Scope: /tb_top/u_mon File: /run/media/sackb/Windows-SSD/Users/sackb/OneDrive/Desktop/University/Course_Work/2025-2026/Spring_2026/ECE_410/ECE410/project/post_m3_Minor_Redesign/tb/tb_top.sv Line:256
Error: AXI MONITOR: core_C changed while core is idle
Time: 27215 ns  Iteration: 0  Process: /tb_top/u_mon//tb_top/u_mon  Scope: tb_top.u_mon  File: /run/media/sackb/Windows-SSD/Users/sackb/OneDrive/Desktop/University/Course_Work/2025-2026/Spring_2026/ECE_410/ECE410/project/post_m3_Minor_Redesign/tb/tb_top.sv Line: 257

Time: 27225 ns Started: 27215 ns Scope: /tb_top/u_mon File: /run/media/sackb/Windows-SSD/Users/sackb/OneDrive/Desktop/University/Course_Work/2025-2026/Spring_2026/ECE_410/ECE410/project/post_m3_Minor_Redesign/tb/tb_top.sv Line:256
Error: AXI MONITOR: core_C changed while core is idle
Time: 27225 ns  Iteration: 0  Process: /tb_top/u_mon//tb_top/u_mon  Scope: tb_top.u_mon  File: /run/media/sackb/Windows-SSD/Users/sackb/OneDrive/Desktop/University/Course_Work/2025-2026/Spring_2026/ECE_410/ECE410/project/post_m3_Minor_Redesign/tb/tb_top.sv Line: 257

Time: 27235 ns Started: 27225 ns Scope: /tb_top/u_mon File: /run/media/sackb/Windows-SSD/Users/sackb/OneDrive/Desktop/University/Course_Work/2025-2026/Spring_2026/ECE_410/ECE410/project/post_m3_Minor_Redesign/tb/tb_top.sv Line:256
Error: AXI MONITOR: core_C changed while core is idle
Time: 27235 ns  Iteration: 0  Process: /tb_top/u_mon//tb_top/u_mon  Scope: tb_top.u_mon  File: /run/media/sackb/Windows-SSD/Users/sackb/OneDrive/Desktop/University/Course_Work/2025-2026/Spring_2026/ECE_410/ECE410/project/post_m3_Minor_Redesign/tb/tb_top.sv Line: 257

Time: 27245 ns Started: 27235 ns Scope: /tb_top/u_mon File: /run/media/sackb/Windows-SSD/Users/sackb/OneDrive/Desktop/University/Course_Work/2025-2026/Spring_2026/ECE_410/ECE410/project/post_m3_Minor_Redesign/tb/tb_top.sv Line:256
Error: AXI MONITOR: core_C changed while core is idle
Time: 27245 ns  Iteration: 0  Process: /tb_top/u_mon//tb_top/u_mon  Scope: tb_top.u_mon  File: /run/media/sackb/Windows-SSD/Users/sackb/OneDrive/Desktop/University/Course_Work/2025-2026/Spring_2026/ECE_410/ECE410/project/post_m3_Minor_Redesign/tb/tb_top.sv Line: 257

Time: 27255 ns Started: 27245 ns Scope: /tb_top/u_mon File: /run/media/sackb/Windows-SSD/Users/sackb/OneDrive/Desktop/University/Course_Work/2025-2026/Spring_2026/ECE_410/ECE410/project/post_m3_Minor_Redesign/tb/tb_top.sv Line:256
Error: AXI MONITOR: core_C changed while core is idle
Time: 27255 ns  Iteration: 0  Process: /tb_top/u_mon//tb_top/u_mon  Scope: tb_top.u_mon  File: /run/media/sackb/Windows-SSD/Users/sackb/OneDrive/Desktop/University/Course_Work/2025-2026/Spring_2026/ECE_410/ECE410/project/post_m3_Minor_Redesign/tb/tb_top.sv Line: 257

Time: 27265 ns Started: 27255 ns Scope: /tb_top/u_mon File: /run/media/sackb/Windows-SSD/Users/sackb/OneDrive/Desktop/University/Course_Work/2025-2026/Spring_2026/ECE_410/ECE410/project/post_m3_Minor_Redesign/tb/tb_top.sv Line:256
Error: AXI MONITOR: core_C changed while core is idle
Time: 27265 ns  Iteration: 0  Process: /tb_top/u_mon//tb_top/u_mon  Scope: tb_top.u_mon  File: /run/media/sackb/Windows-SSD/Users/sackb/OneDrive/Desktop/University/Course_Work/2025-2026/Spring_2026/ECE_410/ECE410/project/post_m3_Minor_Redesign/tb/tb_top.sv Line: 257

Time: 27275 ns Started: 27265 ns Scope: /tb_top/u_mon File: /run/media/sackb/Windows-SSD/Users/sackb/OneDrive/Desktop/University/Course_Work/2025-2026/Spring_2026/ECE_410/ECE410/project/post_m3_Minor_Redesign/tb/tb_top.sv Line:256
Error: AXI MONITOR: core_C changed while core is idle
Time: 27275 ns  Iteration: 0  Process: /tb_top/u_mon//tb_top/u_mon  Scope: tb_top.u_mon  File: /run/media/sackb/Windows-SSD/Users/sackb/OneDrive/Desktop/University/Course_Work/2025-2026/Spring_2026/ECE_410/ECE410/project/post_m3_Minor_Redesign/tb/tb_top.sv Line: 257

Time: 27285 ns Started: 27275 ns Scope: /tb_top/u_mon File: /run/media/sackb/Windows-SSD/Users/sackb/OneDrive/Desktop/University/Course_Work/2025-2026/Spring_2026/ECE_410/ECE410/project/post_m3_Minor_Redesign/tb/tb_top.sv Line:256
Error: AXI MONITOR: core_C changed while core is idle
Time: 27285 ns  Iteration: 0  Process: /tb_top/u_mon//tb_top/u_mon  Scope: tb_top.u_mon  File: /run/media/sackb/Windows-SSD/Users/sackb/OneDrive/Desktop/University/Course_Work/2025-2026/Spring_2026/ECE_410/ECE410/project/post_m3_Minor_Redesign/tb/tb_top.sv Line: 257

Time: 27295 ns Started: 27285 ns Scope: /tb_top/u_mon File: /run/media/sackb/Windows-SSD/Users/sackb/OneDrive/Desktop/University/Course_Work/2025-2026/Spring_2026/ECE_410/ECE410/project/post_m3_Minor_Redesign/tb/tb_top.sv Line:256
Error: AXI MONITOR: core_C changed while core is idle
Time: 27295 ns  Iteration: 0  Process: /tb_top/u_mon//tb_top/u_mon  Scope: tb_top.u_mon  File: /run/media/sackb/Windows-SSD/Users/sackb/OneDrive/Desktop/University/Course_Work/2025-2026/Spring_2026/ECE_410/ECE410/project/post_m3_Minor_Redesign/tb/tb_top.sv Line: 257

Time: 27305 ns Started: 27295 ns Scope: /tb_top/u_mon File: /run/media/sackb/Windows-SSD/Users/sackb/OneDrive/Desktop/University/Course_Work/2025-2026/Spring_2026/ECE_410/ECE410/project/post_m3_Minor_Redesign/tb/tb_top.sv Line:256
Error: AXI MONITOR: core_C changed while core is idle
Time: 27305 ns  Iteration: 0  Process: /tb_top/u_mon//tb_top/u_mon  Scope: tb_top.u_mon  File: /run/media/sackb/Windows-SSD/Users/sackb/OneDrive/Desktop/University/Course_Work/2025-2026/Spring_2026/ECE_410/ECE410/project/post_m3_Minor_Redesign/tb/tb_top.sv Line: 257

Time: 27315 ns Started: 27305 ns Scope: /tb_top/u_mon File: /run/media/sackb/Windows-SSD/Users/sackb/OneDrive/Desktop/University/Course_Work/2025-2026/Spring_2026/ECE_410/ECE410/project/post_m3_Minor_Redesign/tb/tb_top.sv Line:256
Error: AXI MONITOR: core_C changed while core is idle
Time: 27315 ns  Iteration: 0  Process: /tb_top/u_mon//tb_top/u_mon  Scope: tb_top.u_mon  File: /run/media/sackb/Windows-SSD/Users/sackb/OneDrive/Desktop/University/Course_Work/2025-2026/Spring_2026/ECE_410/ECE410/project/post_m3_Minor_Redesign/tb/tb_top.sv Line: 257

Time: 27325 ns Started: 27315 ns Scope: /tb_top/u_mon File: /run/media/sackb/Windows-SSD/Users/sackb/OneDrive/Desktop/University/Course_Work/2025-2026/Spring_2026/ECE_410/ECE410/project/post_m3_Minor_Redesign/tb/tb_top.sv Line:256
Error: AXI MONITOR: core_C changed while core is idle
Time: 27325 ns  Iteration: 0  Process: /tb_top/u_mon//tb_top/u_mon  Scope: tb_top.u_mon  File: /run/media/sackb/Windows-SSD/Users/sackb/OneDrive/Desktop/University/Course_Work/2025-2026/Spring_2026/ECE_410/ECE410/project/post_m3_Minor_Redesign/tb/tb_top.sv Line: 257

Time: 27335 ns Started: 27325 ns Scope: /tb_top/u_mon File: /run/media/sackb/Windows-SSD/Users/sackb/OneDrive/Desktop/University/Course_Work/2025-2026/Spring_2026/ECE_410/ECE410/project/post_m3_Minor_Redesign/tb/tb_top.sv Line:256
Error: AXI MONITOR: core_C changed while core is idle
Time: 27335 ns  Iteration: 0  Process: /tb_top/u_mon//tb_top/u_mon  Scope: tb_top.u_mon  File: /run/media/sackb/Windows-SSD/Users/sackb/OneDrive/Desktop/University/Course_Work/2025-2026/Spring_2026/ECE_410/ECE410/project/post_m3_Minor_Redesign/tb/tb_top.sv Line: 257

Time: 27345 ns Started: 27335 ns Scope: /tb_top/u_mon File: /run/media/sackb/Windows-SSD/Users/sackb/OneDrive/Desktop/University/Course_Work/2025-2026/Spring_2026/ECE_410/ECE410/project/post_m3_Minor_Redesign/tb/tb_top.sv Line:256
Error: AXI MONITOR: core_C changed while core is idle
Time: 27345 ns  Iteration: 0  Process: /tb_top/u_mon//tb_top/u_mon  Scope: tb_top.u_mon  File: /run/media/sackb/Windows-SSD/Users/sackb/OneDrive/Desktop/University/Course_Work/2025-2026/Spring_2026/ECE_410/ECE410/project/post_m3_Minor_Redesign/tb/tb_top.sv Line: 257

Time: 28085 ns Started: 28075 ns Scope: /tb_top/u_mon File: /run/media/sackb/Windows-SSD/Users/sackb/OneDrive/Desktop/University/Course_Work/2025-2026/Spring_2026/ECE_410/ECE410/project/post_m3_Minor_Redesign/tb/tb_top.sv Line:256
Error: AXI MONITOR: core_C changed while core is idle
Time: 28085 ns  Iteration: 0  Process: /tb_top/u_mon//tb_top/u_mon  Scope: tb_top.u_mon  File: /run/media/sackb/Windows-SSD/Users/sackb/OneDrive/Desktop/University/Course_Work/2025-2026/Spring_2026/ECE_410/ECE410/project/post_m3_Minor_Redesign/tb/tb_top.sv Line: 257

Time: 28095 ns Started: 28085 ns Scope: /tb_top/u_mon File: /run/media/sackb/Windows-SSD/Users/sackb/OneDrive/Desktop/University/Course_Work/2025-2026/Spring_2026/ECE_410/ECE410/project/post_m3_Minor_Redesign/tb/tb_top.sv Line:256
Error: AXI MONITOR: core_C changed while core is idle
Time: 28095 ns  Iteration: 0  Process: /tb_top/u_mon//tb_top/u_mon  Scope: tb_top.u_mon  File: /run/media/sackb/Windows-SSD/Users/sackb/OneDrive/Desktop/University/Course_Work/2025-2026/Spring_2026/ECE_410/ECE410/project/post_m3_Minor_Redesign/tb/tb_top.sv Line: 257

Time: 28105 ns Started: 28095 ns Scope: /tb_top/u_mon File: /run/media/sackb/Windows-SSD/Users/sackb/OneDrive/Desktop/University/Course_Work/2025-2026/Spring_2026/ECE_410/ECE410/project/post_m3_Minor_Redesign/tb/tb_top.sv Line:256
Error: AXI MONITOR: core_C changed while core is idle
Time: 28105 ns  Iteration: 0  Process: /tb_top/u_mon//tb_top/u_mon  Scope: tb_top.u_mon  File: /run/media/sackb/Windows-SSD/Users/sackb/OneDrive/Desktop/University/Course_Work/2025-2026/Spring_2026/ECE_410/ECE410/project/post_m3_Minor_Redesign/tb/tb_top.sv Line: 257

Time: 28115 ns Started: 28105 ns Scope: /tb_top/u_mon File: /run/media/sackb/Windows-SSD/Users/sackb/OneDrive/Desktop/University/Course_Work/2025-2026/Spring_2026/ECE_410/ECE410/project/post_m3_Minor_Redesign/tb/tb_top.sv Line:256
Error: AXI MONITOR: core_C changed while core is idle
Time: 28115 ns  Iteration: 0  Process: /tb_top/u_mon//tb_top/u_mon  Scope: tb_top.u_mon  File: /run/media/sackb/Windows-SSD/Users/sackb/OneDrive/Desktop/University/Course_Work/2025-2026/Spring_2026/ECE_410/ECE410/project/post_m3_Minor_Redesign/tb/tb_top.sv Line: 257

Time: 28125 ns Started: 28115 ns Scope: /tb_top/u_mon File: /run/media/sackb/Windows-SSD/Users/sackb/OneDrive/Desktop/University/Course_Work/2025-2026/Spring_2026/ECE_410/ECE410/project/post_m3_Minor_Redesign/tb/tb_top.sv Line:256
Error: AXI MONITOR: core_C changed while core is idle
Time: 28125 ns  Iteration: 0  Process: /tb_top/u_mon//tb_top/u_mon  Scope: tb_top.u_mon  File: /run/media/sackb/Windows-SSD/Users/sackb/OneDrive/Desktop/University/Course_Work/2025-2026/Spring_2026/ECE_410/ECE410/project/post_m3_Minor_Redesign/tb/tb_top.sv Line: 257

Time: 28135 ns Started: 28125 ns Scope: /tb_top/u_mon File: /run/media/sackb/Windows-SSD/Users/sackb/OneDrive/Desktop/University/Course_Work/2025-2026/Spring_2026/ECE_410/ECE410/project/post_m3_Minor_Redesign/tb/tb_top.sv Line:256
Error: AXI MONITOR: core_C changed while core is idle
Time: 28135 ns  Iteration: 0  Process: /tb_top/u_mon//tb_top/u_mon  Scope: tb_top.u_mon  File: /run/media/sackb/Windows-SSD/Users/sackb/OneDrive/Desktop/University/Course_Work/2025-2026/Spring_2026/ECE_410/ECE410/project/post_m3_Minor_Redesign/tb/tb_top.sv Line: 257

Time: 28145 ns Started: 28135 ns Scope: /tb_top/u_mon File: /run/media/sackb/Windows-SSD/Users/sackb/OneDrive/Desktop/University/Course_Work/2025-2026/Spring_2026/ECE_410/ECE410/project/post_m3_Minor_Redesign/tb/tb_top.sv Line:256
Error: AXI MONITOR: core_C changed while core is idle
Time: 28145 ns  Iteration: 0  Process: /tb_top/u_mon//tb_top/u_mon  Scope: tb_top.u_mon  File: /run/media/sackb/Windows-SSD/Users/sackb/OneDrive/Desktop/University/Course_Work/2025-2026/Spring_2026/ECE_410/ECE410/project/post_m3_Minor_Redesign/tb/tb_top.sv Line: 257

Time: 28155 ns Started: 28145 ns Scope: /tb_top/u_mon File: /run/media/sackb/Windows-SSD/Users/sackb/OneDrive/Desktop/University/Course_Work/2025-2026/Spring_2026/ECE_410/ECE410/project/post_m3_Minor_Redesign/tb/tb_top.sv Line:256
Error: AXI MONITOR: core_C changed while core is idle
Time: 28155 ns  Iteration: 0  Process: /tb_top/u_mon//tb_top/u_mon  Scope: tb_top.u_mon  File: /run/media/sackb/Windows-SSD/Users/sackb/OneDrive/Desktop/University/Course_Work/2025-2026/Spring_2026/ECE_410/ECE410/project/post_m3_Minor_Redesign/tb/tb_top.sv Line: 257

Time: 28165 ns Started: 28155 ns Scope: /tb_top/u_mon File: /run/media/sackb/Windows-SSD/Users/sackb/OneDrive/Desktop/University/Course_Work/2025-2026/Spring_2026/ECE_410/ECE410/project/post_m3_Minor_Redesign/tb/tb_top.sv Line:256
Error: AXI MONITOR: core_C changed while core is idle
Time: 28165 ns  Iteration: 0  Process: /tb_top/u_mon//tb_top/u_mon  Scope: tb_top.u_mon  File: /run/media/sackb/Windows-SSD/Users/sackb/OneDrive/Desktop/University/Course_Work/2025-2026/Spring_2026/ECE_410/ECE410/project/post_m3_Minor_Redesign/tb/tb_top.sv Line: 257

Time: 28175 ns Started: 28165 ns Scope: /tb_top/u_mon File: /run/media/sackb/Windows-SSD/Users/sackb/OneDrive/Desktop/University/Course_Work/2025-2026/Spring_2026/ECE_410/ECE410/project/post_m3_Minor_Redesign/tb/tb_top.sv Line:256
Error: AXI MONITOR: core_C changed while core is idle
Time: 28175 ns  Iteration: 0  Process: /tb_top/u_mon//tb_top/u_mon  Scope: tb_top.u_mon  File: /run/media/sackb/Windows-SSD/Users/sackb/OneDrive/Desktop/University/Course_Work/2025-2026/Spring_2026/ECE_410/ECE410/project/post_m3_Minor_Redesign/tb/tb_top.sv Line: 257

Time: 28185 ns Started: 28175 ns Scope: /tb_top/u_mon File: /run/media/sackb/Windows-SSD/Users/sackb/OneDrive/Desktop/University/Course_Work/2025-2026/Spring_2026/ECE_410/ECE410/project/post_m3_Minor_Redesign/tb/tb_top.sv Line:256
Error: AXI MONITOR: core_C changed while core is idle
Time: 28185 ns  Iteration: 0  Process: /tb_top/u_mon//tb_top/u_mon  Scope: tb_top.u_mon  File: /run/media/sackb/Windows-SSD/Users/sackb/OneDrive/Desktop/University/Course_Work/2025-2026/Spring_2026/ECE_410/ECE410/project/post_m3_Minor_Redesign/tb/tb_top.sv Line: 257

Time: 28195 ns Started: 28185 ns Scope: /tb_top/u_mon File: /run/media/sackb/Windows-SSD/Users/sackb/OneDrive/Desktop/University/Course_Work/2025-2026/Spring_2026/ECE_410/ECE410/project/post_m3_Minor_Redesign/tb/tb_top.sv Line:256
Error: AXI MONITOR: core_C changed while core is idle
Time: 28195 ns  Iteration: 0  Process: /tb_top/u_mon//tb_top/u_mon  Scope: tb_top.u_mon  File: /run/media/sackb/Windows-SSD/Users/sackb/OneDrive/Desktop/University/Course_Work/2025-2026/Spring_2026/ECE_410/ECE410/project/post_m3_Minor_Redesign/tb/tb_top.sv Line: 257

Time: 28205 ns Started: 28195 ns Scope: /tb_top/u_mon File: /run/media/sackb/Windows-SSD/Users/sackb/OneDrive/Desktop/University/Course_Work/2025-2026/Spring_2026/ECE_410/ECE410/project/post_m3_Minor_Redesign/tb/tb_top.sv Line:256
Error: AXI MONITOR: core_C changed while core is idle
Time: 28205 ns  Iteration: 0  Process: /tb_top/u_mon//tb_top/u_mon  Scope: tb_top.u_mon  File: /run/media/sackb/Windows-SSD/Users/sackb/OneDrive/Desktop/University/Course_Work/2025-2026/Spring_2026/ECE_410/ECE410/project/post_m3_Minor_Redesign/tb/tb_top.sv Line: 257

Time: 28215 ns Started: 28205 ns Scope: /tb_top/u_mon File: /run/media/sackb/Windows-SSD/Users/sackb/OneDrive/Desktop/University/Course_Work/2025-2026/Spring_2026/ECE_410/ECE410/project/post_m3_Minor_Redesign/tb/tb_top.sv Line:256
Error: AXI MONITOR: core_C changed while core is idle
Time: 28215 ns  Iteration: 0  Process: /tb_top/u_mon//tb_top/u_mon  Scope: tb_top.u_mon  File: /run/media/sackb/Windows-SSD/Users/sackb/OneDrive/Desktop/University/Course_Work/2025-2026/Spring_2026/ECE_410/ECE410/project/post_m3_Minor_Redesign/tb/tb_top.sv Line: 257

Time: 28225 ns Started: 28215 ns Scope: /tb_top/u_mon File: /run/media/sackb/Windows-SSD/Users/sackb/OneDrive/Desktop/University/Course_Work/2025-2026/Spring_2026/ECE_410/ECE410/project/post_m3_Minor_Redesign/tb/tb_top.sv Line:256
Error: AXI MONITOR: core_C changed while core is idle
Time: 28225 ns  Iteration: 0  Process: /tb_top/u_mon//tb_top/u_mon  Scope: tb_top.u_mon  File: /run/media/sackb/Windows-SSD/Users/sackb/OneDrive/Desktop/University/Course_Work/2025-2026/Spring_2026/ECE_410/ECE410/project/post_m3_Minor_Redesign/tb/tb_top.sv Line: 257

Time: 28235 ns Started: 28225 ns Scope: /tb_top/u_mon File: /run/media/sackb/Windows-SSD/Users/sackb/OneDrive/Desktop/University/Course_Work/2025-2026/Spring_2026/ECE_410/ECE410/project/post_m3_Minor_Redesign/tb/tb_top.sv Line:256
Error: AXI MONITOR: core_C changed while core is idle
Time: 28235 ns  Iteration: 0  Process: /tb_top/u_mon//tb_top/u_mon  Scope: tb_top.u_mon  File: /run/media/sackb/Windows-SSD/Users/sackb/OneDrive/Desktop/University/Course_Work/2025-2026/Spring_2026/ECE_410/ECE410/project/post_m3_Minor_Redesign/tb/tb_top.sv Line: 257

Time: 28245 ns Started: 28235 ns Scope: /tb_top/u_mon File: /run/media/sackb/Windows-SSD/Users/sackb/OneDrive/Desktop/University/Course_Work/2025-2026/Spring_2026/ECE_410/ECE410/project/post_m3_Minor_Redesign/tb/tb_top.sv Line:256
Error: AXI MONITOR: core_C changed while core is idle
Time: 28245 ns  Iteration: 0  Process: /tb_top/u_mon//tb_top/u_mon  Scope: tb_top.u_mon  File: /run/media/sackb/Windows-SSD/Users/sackb/OneDrive/Desktop/University/Course_Work/2025-2026/Spring_2026/ECE_410/ECE410/project/post_m3_Minor_Redesign/tb/tb_top.sv Line: 257

Time: 28255 ns Started: 28245 ns Scope: /tb_top/u_mon File: /run/media/sackb/Windows-SSD/Users/sackb/OneDrive/Desktop/University/Course_Work/2025-2026/Spring_2026/ECE_410/ECE410/project/post_m3_Minor_Redesign/tb/tb_top.sv Line:256
Error: AXI MONITOR: core_C changed while core is idle
Time: 28255 ns  Iteration: 0  Process: /tb_top/u_mon//tb_top/u_mon  Scope: tb_top.u_mon  File: /run/media/sackb/Windows-SSD/Users/sackb/OneDrive/Desktop/University/Course_Work/2025-2026/Spring_2026/ECE_410/ECE410/project/post_m3_Minor_Redesign/tb/tb_top.sv Line: 257

Time: 28265 ns Started: 28255 ns Scope: /tb_top/u_mon File: /run/media/sackb/Windows-SSD/Users/sackb/OneDrive/Desktop/University/Course_Work/2025-2026/Spring_2026/ECE_410/ECE410/project/post_m3_Minor_Redesign/tb/tb_top.sv Line:256
Error: AXI MONITOR: core_C changed while core is idle
Time: 28265 ns  Iteration: 0  Process: /tb_top/u_mon//tb_top/u_mon  Scope: tb_top.u_mon  File: /run/media/sackb/Windows-SSD/Users/sackb/OneDrive/Desktop/University/Course_Work/2025-2026/Spring_2026/ECE_410/ECE410/project/post_m3_Minor_Redesign/tb/tb_top.sv Line: 257

Time: 28275 ns Started: 28265 ns Scope: /tb_top/u_mon File: /run/media/sackb/Windows-SSD/Users/sackb/OneDrive/Desktop/University/Course_Work/2025-2026/Spring_2026/ECE_410/ECE410/project/post_m3_Minor_Redesign/tb/tb_top.sv Line:256
Error: AXI MONITOR: core_C changed while core is idle
Time: 28275 ns  Iteration: 0  Process: /tb_top/u_mon//tb_top/u_mon  Scope: tb_top.u_mon  File: /run/media/sackb/Windows-SSD/Users/sackb/OneDrive/Desktop/University/Course_Work/2025-2026/Spring_2026/ECE_410/ECE410/project/post_m3_Minor_Redesign/tb/tb_top.sv Line: 257

Time: 28285 ns Started: 28275 ns Scope: /tb_top/u_mon File: /run/media/sackb/Windows-SSD/Users/sackb/OneDrive/Desktop/University/Course_Work/2025-2026/Spring_2026/ECE_410/ECE410/project/post_m3_Minor_Redesign/tb/tb_top.sv Line:256
Error: AXI MONITOR: core_C changed while core is idle
Time: 28285 ns  Iteration: 0  Process: /tb_top/u_mon//tb_top/u_mon  Scope: tb_top.u_mon  File: /run/media/sackb/Windows-SSD/Users/sackb/OneDrive/Desktop/University/Course_Work/2025-2026/Spring_2026/ECE_410/ECE410/project/post_m3_Minor_Redesign/tb/tb_top.sv Line: 257

Time: 28295 ns Started: 28285 ns Scope: /tb_top/u_mon File: /run/media/sackb/Windows-SSD/Users/sackb/OneDrive/Desktop/University/Course_Work/2025-2026/Spring_2026/ECE_410/ECE410/project/post_m3_Minor_Redesign/tb/tb_top.sv Line:256
Error: AXI MONITOR: core_C changed while core is idle
Time: 28295 ns  Iteration: 0  Process: /tb_top/u_mon//tb_top/u_mon  Scope: tb_top.u_mon  File: /run/media/sackb/Windows-SSD/Users/sackb/OneDrive/Desktop/University/Course_Work/2025-2026/Spring_2026/ECE_410/ECE410/project/post_m3_Minor_Redesign/tb/tb_top.sv Line: 257

Time: 28305 ns Started: 28295 ns Scope: /tb_top/u_mon File: /run/media/sackb/Windows-SSD/Users/sackb/OneDrive/Desktop/University/Course_Work/2025-2026/Spring_2026/ECE_410/ECE410/project/post_m3_Minor_Redesign/tb/tb_top.sv Line:256
Error: AXI MONITOR: core_C changed while core is idle
Time: 28305 ns  Iteration: 0  Process: /tb_top/u_mon//tb_top/u_mon  Scope: tb_top.u_mon  File: /run/media/sackb/Windows-SSD/Users/sackb/OneDrive/Desktop/University/Course_Work/2025-2026/Spring_2026/ECE_410/ECE410/project/post_m3_Minor_Redesign/tb/tb_top.sv Line: 257

Time: 28315 ns Started: 28305 ns Scope: /tb_top/u_mon File: /run/media/sackb/Windows-SSD/Users/sackb/OneDrive/Desktop/University/Course_Work/2025-2026/Spring_2026/ECE_410/ECE410/project/post_m3_Minor_Redesign/tb/tb_top.sv Line:256
Error: AXI MONITOR: core_C changed while core is idle
Time: 28315 ns  Iteration: 0  Process: /tb_top/u_mon//tb_top/u_mon  Scope: tb_top.u_mon  File: /run/media/sackb/Windows-SSD/Users/sackb/OneDrive/Desktop/University/Course_Work/2025-2026/Spring_2026/ECE_410/ECE410/project/post_m3_Minor_Redesign/tb/tb_top.sv Line: 257

Time: 28325 ns Started: 28315 ns Scope: /tb_top/u_mon File: /run/media/sackb/Windows-SSD/Users/sackb/OneDrive/Desktop/University/Course_Work/2025-2026/Spring_2026/ECE_410/ECE410/project/post_m3_Minor_Redesign/tb/tb_top.sv Line:256
Error: AXI MONITOR: core_C changed while core is idle
Time: 28325 ns  Iteration: 0  Process: /tb_top/u_mon//tb_top/u_mon  Scope: tb_top.u_mon  File: /run/media/sackb/Windows-SSD/Users/sackb/OneDrive/Desktop/University/Course_Work/2025-2026/Spring_2026/ECE_410/ECE410/project/post_m3_Minor_Redesign/tb/tb_top.sv Line: 257

Time: 28335 ns Started: 28325 ns Scope: /tb_top/u_mon File: /run/media/sackb/Windows-SSD/Users/sackb/OneDrive/Desktop/University/Course_Work/2025-2026/Spring_2026/ECE_410/ECE410/project/post_m3_Minor_Redesign/tb/tb_top.sv Line:256
Error: AXI MONITOR: core_C changed while core is idle
Time: 28335 ns  Iteration: 0  Process: /tb_top/u_mon//tb_top/u_mon  Scope: tb_top.u_mon  File: /run/media/sackb/Windows-SSD/Users/sackb/OneDrive/Desktop/University/Course_Work/2025-2026/Spring_2026/ECE_410/ECE410/project/post_m3_Minor_Redesign/tb/tb_top.sv Line: 257

Time: 28345 ns Started: 28335 ns Scope: /tb_top/u_mon File: /run/media/sackb/Windows-SSD/Users/sackb/OneDrive/Desktop/University/Course_Work/2025-2026/Spring_2026/ECE_410/ECE410/project/post_m3_Minor_Redesign/tb/tb_top.sv Line:256
Error: AXI MONITOR: core_C changed while core is idle
Time: 28345 ns  Iteration: 0  Process: /tb_top/u_mon//tb_top/u_mon  Scope: tb_top.u_mon  File: /run/media/sackb/Windows-SSD/Users/sackb/OneDrive/Desktop/University/Course_Work/2025-2026/Spring_2026/ECE_410/ECE410/project/post_m3_Minor_Redesign/tb/tb_top.sv Line: 257

Time: 28355 ns Started: 28345 ns Scope: /tb_top/u_mon File: /run/media/sackb/Windows-SSD/Users/sackb/OneDrive/Desktop/University/Course_Work/2025-2026/Spring_2026/ECE_410/ECE410/project/post_m3_Minor_Redesign/tb/tb_top.sv Line:256
Error: AXI MONITOR: core_C changed while core is idle
Time: 28355 ns  Iteration: 0  Process: /tb_top/u_mon//tb_top/u_mon  Scope: tb_top.u_mon  File: /run/media/sackb/Windows-SSD/Users/sackb/OneDrive/Desktop/University/Course_Work/2025-2026/Spring_2026/ECE_410/ECE410/project/post_m3_Minor_Redesign/tb/tb_top.sv Line: 257

Time: 28365 ns Started: 28355 ns Scope: /tb_top/u_mon File: /run/media/sackb/Windows-SSD/Users/sackb/OneDrive/Desktop/University/Course_Work/2025-2026/Spring_2026/ECE_410/ECE410/project/post_m3_Minor_Redesign/tb/tb_top.sv Line:256
Error: AXI MONITOR: core_C changed while core is idle
Time: 28365 ns  Iteration: 0  Process: /tb_top/u_mon//tb_top/u_mon  Scope: tb_top.u_mon  File: /run/media/sackb/Windows-SSD/Users/sackb/OneDrive/Desktop/University/Course_Work/2025-2026/Spring_2026/ECE_410/ECE410/project/post_m3_Minor_Redesign/tb/tb_top.sv Line: 257

Time: 28375 ns Started: 28365 ns Scope: /tb_top/u_mon File: /run/media/sackb/Windows-SSD/Users/sackb/OneDrive/Desktop/University/Course_Work/2025-2026/Spring_2026/ECE_410/ECE410/project/post_m3_Minor_Redesign/tb/tb_top.sv Line:256
Error: AXI MONITOR: core_C changed while core is idle
Time: 28375 ns  Iteration: 0  Process: /tb_top/u_mon//tb_top/u_mon  Scope: tb_top.u_mon  File: /run/media/sackb/Windows-SSD/Users/sackb/OneDrive/Desktop/University/Course_Work/2025-2026/Spring_2026/ECE_410/ECE410/project/post_m3_Minor_Redesign/tb/tb_top.sv Line: 257

Time: 28385 ns Started: 28375 ns Scope: /tb_top/u_mon File: /run/media/sackb/Windows-SSD/Users/sackb/OneDrive/Desktop/University/Course_Work/2025-2026/Spring_2026/ECE_410/ECE410/project/post_m3_Minor_Redesign/tb/tb_top.sv Line:256
Error: AXI MONITOR: core_C changed while core is idle
Time: 28385 ns  Iteration: 0  Process: /tb_top/u_mon//tb_top/u_mon  Scope: tb_top.u_mon  File: /run/media/sackb/Windows-SSD/Users/sackb/OneDrive/Desktop/University/Course_Work/2025-2026/Spring_2026/ECE_410/ECE410/project/post_m3_Minor_Redesign/tb/tb_top.sv Line: 257

Time: 28395 ns Started: 28385 ns Scope: /tb_top/u_mon File: /run/media/sackb/Windows-SSD/Users/sackb/OneDrive/Desktop/University/Course_Work/2025-2026/Spring_2026/ECE_410/ECE410/project/post_m3_Minor_Redesign/tb/tb_top.sv Line:256
Error: AXI MONITOR: core_C changed while core is idle
Time: 28395 ns  Iteration: 0  Process: /tb_top/u_mon//tb_top/u_mon  Scope: tb_top.u_mon  File: /run/media/sackb/Windows-SSD/Users/sackb/OneDrive/Desktop/University/Course_Work/2025-2026/Spring_2026/ECE_410/ECE410/project/post_m3_Minor_Redesign/tb/tb_top.sv Line: 257

Time: 28405 ns Started: 28395 ns Scope: /tb_top/u_mon File: /run/media/sackb/Windows-SSD/Users/sackb/OneDrive/Desktop/University/Course_Work/2025-2026/Spring_2026/ECE_410/ECE410/project/post_m3_Minor_Redesign/tb/tb_top.sv Line:256
Error: AXI MONITOR: core_C changed while core is idle
Time: 28405 ns  Iteration: 0  Process: /tb_top/u_mon//tb_top/u_mon  Scope: tb_top.u_mon  File: /run/media/sackb/Windows-SSD/Users/sackb/OneDrive/Desktop/University/Course_Work/2025-2026/Spring_2026/ECE_410/ECE410/project/post_m3_Minor_Redesign/tb/tb_top.sv Line: 257

Time: 28415 ns Started: 28405 ns Scope: /tb_top/u_mon File: /run/media/sackb/Windows-SSD/Users/sackb/OneDrive/Desktop/University/Course_Work/2025-2026/Spring_2026/ECE_410/ECE410/project/post_m3_Minor_Redesign/tb/tb_top.sv Line:256
Error: AXI MONITOR: core_C changed while core is idle
Time: 28415 ns  Iteration: 0  Process: /tb_top/u_mon//tb_top/u_mon  Scope: tb_top.u_mon  File: /run/media/sackb/Windows-SSD/Users/sackb/OneDrive/Desktop/University/Course_Work/2025-2026/Spring_2026/ECE_410/ECE410/project/post_m3_Minor_Redesign/tb/tb_top.sv Line: 257

Time: 28425 ns Started: 28415 ns Scope: /tb_top/u_mon File: /run/media/sackb/Windows-SSD/Users/sackb/OneDrive/Desktop/University/Course_Work/2025-2026/Spring_2026/ECE_410/ECE410/project/post_m3_Minor_Redesign/tb/tb_top.sv Line:256
Error: AXI MONITOR: core_C changed while core is idle
Time: 28425 ns  Iteration: 0  Process: /tb_top/u_mon//tb_top/u_mon  Scope: tb_top.u_mon  File: /run/media/sackb/Windows-SSD/Users/sackb/OneDrive/Desktop/University/Course_Work/2025-2026/Spring_2026/ECE_410/ECE410/project/post_m3_Minor_Redesign/tb/tb_top.sv Line: 257

Time: 28435 ns Started: 28425 ns Scope: /tb_top/u_mon File: /run/media/sackb/Windows-SSD/Users/sackb/OneDrive/Desktop/University/Course_Work/2025-2026/Spring_2026/ECE_410/ECE410/project/post_m3_Minor_Redesign/tb/tb_top.sv Line:256
Error: AXI MONITOR: core_C changed while core is idle
Time: 28435 ns  Iteration: 0  Process: /tb_top/u_mon//tb_top/u_mon  Scope: tb_top.u_mon  File: /run/media/sackb/Windows-SSD/Users/sackb/OneDrive/Desktop/University/Course_Work/2025-2026/Spring_2026/ECE_410/ECE410/project/post_m3_Minor_Redesign/tb/tb_top.sv Line: 257

Time: 28445 ns Started: 28435 ns Scope: /tb_top/u_mon File: /run/media/sackb/Windows-SSD/Users/sackb/OneDrive/Desktop/University/Course_Work/2025-2026/Spring_2026/ECE_410/ECE410/project/post_m3_Minor_Redesign/tb/tb_top.sv Line:256
Error: AXI MONITOR: core_C changed while core is idle
Time: 28445 ns  Iteration: 0  Process: /tb_top/u_mon//tb_top/u_mon  Scope: tb_top.u_mon  File: /run/media/sackb/Windows-SSD/Users/sackb/OneDrive/Desktop/University/Course_Work/2025-2026/Spring_2026/ECE_410/ECE410/project/post_m3_Minor_Redesign/tb/tb_top.sv Line: 257

Time: 28455 ns Started: 28445 ns Scope: /tb_top/u_mon File: /run/media/sackb/Windows-SSD/Users/sackb/OneDrive/Desktop/University/Course_Work/2025-2026/Spring_2026/ECE_410/ECE410/project/post_m3_Minor_Redesign/tb/tb_top.sv Line:256
Error: AXI MONITOR: core_C changed while core is idle
Time: 28455 ns  Iteration: 0  Process: /tb_top/u_mon//tb_top/u_mon  Scope: tb_top.u_mon  File: /run/media/sackb/Windows-SSD/Users/sackb/OneDrive/Desktop/University/Course_Work/2025-2026/Spring_2026/ECE_410/ECE410/project/post_m3_Minor_Redesign/tb/tb_top.sv Line: 257
TB_TOP: Iteration 14 complete

Time: 28465 ns Started: 28455 ns Scope: /tb_top/u_mon File: /run/media/sackb/Windows-SSD/Users/sackb/OneDrive/Desktop/University/Course_Work/2025-2026/Spring_2026/ECE_410/ECE410/project/post_m3_Minor_Redesign/tb/tb_top.sv Line:256
Error: AXI MONITOR: core_C changed while core is idle
Time: 28465 ns  Iteration: 0  Process: /tb_top/u_mon//tb_top/u_mon  Scope: tb_top.u_mon  File: /run/media/sackb/Windows-SSD/Users/sackb/OneDrive/Desktop/University/Course_Work/2025-2026/Spring_2026/ECE_410/ECE410/project/post_m3_Minor_Redesign/tb/tb_top.sv Line: 257

Time: 28475 ns Started: 28465 ns Scope: /tb_top/u_mon File: /run/media/sackb/Windows-SSD/Users/sackb/OneDrive/Desktop/University/Course_Work/2025-2026/Spring_2026/ECE_410/ECE410/project/post_m3_Minor_Redesign/tb/tb_top.sv Line:256
Error: AXI MONITOR: core_C changed while core is idle
Time: 28475 ns  Iteration: 0  Process: /tb_top/u_mon//tb_top/u_mon  Scope: tb_top.u_mon  File: /run/media/sackb/Windows-SSD/Users/sackb/OneDrive/Desktop/University/Course_Work/2025-2026/Spring_2026/ECE_410/ECE410/project/post_m3_Minor_Redesign/tb/tb_top.sv Line: 257

Time: 28485 ns Started: 28475 ns Scope: /tb_top/u_mon File: /run/media/sackb/Windows-SSD/Users/sackb/OneDrive/Desktop/University/Course_Work/2025-2026/Spring_2026/ECE_410/ECE410/project/post_m3_Minor_Redesign/tb/tb_top.sv Line:256
Error: AXI MONITOR: core_C changed while core is idle
Time: 28485 ns  Iteration: 0  Process: /tb_top/u_mon//tb_top/u_mon  Scope: tb_top.u_mon  File: /run/media/sackb/Windows-SSD/Users/sackb/OneDrive/Desktop/University/Course_Work/2025-2026/Spring_2026/ECE_410/ECE410/project/post_m3_Minor_Redesign/tb/tb_top.sv Line: 257

Time: 28495 ns Started: 28485 ns Scope: /tb_top/u_mon File: /run/media/sackb/Windows-SSD/Users/sackb/OneDrive/Desktop/University/Course_Work/2025-2026/Spring_2026/ECE_410/ECE410/project/post_m3_Minor_Redesign/tb/tb_top.sv Line:256
Error: AXI MONITOR: core_C changed while core is idle
Time: 28495 ns  Iteration: 0  Process: /tb_top/u_mon//tb_top/u_mon  Scope: tb_top.u_mon  File: /run/media/sackb/Windows-SSD/Users/sackb/OneDrive/Desktop/University/Course_Work/2025-2026/Spring_2026/ECE_410/ECE410/project/post_m3_Minor_Redesign/tb/tb_top.sv Line: 257

Time: 28505 ns Started: 28495 ns Scope: /tb_top/u_mon File: /run/media/sackb/Windows-SSD/Users/sackb/OneDrive/Desktop/University/Course_Work/2025-2026/Spring_2026/ECE_410/ECE410/project/post_m3_Minor_Redesign/tb/tb_top.sv Line:256
Error: AXI MONITOR: core_C changed while core is idle
Time: 28505 ns  Iteration: 0  Process: /tb_top/u_mon//tb_top/u_mon  Scope: tb_top.u_mon  File: /run/media/sackb/Windows-SSD/Users/sackb/OneDrive/Desktop/University/Course_Work/2025-2026/Spring_2026/ECE_410/ECE410/project/post_m3_Minor_Redesign/tb/tb_top.sv Line: 257

Time: 28515 ns Started: 28505 ns Scope: /tb_top/u_mon File: /run/media/sackb/Windows-SSD/Users/sackb/OneDrive/Desktop/University/Course_Work/2025-2026/Spring_2026/ECE_410/ECE410/project/post_m3_Minor_Redesign/tb/tb_top.sv Line:256
Error: AXI MONITOR: core_C changed while core is idle
Time: 28515 ns  Iteration: 0  Process: /tb_top/u_mon//tb_top/u_mon  Scope: tb_top.u_mon  File: /run/media/sackb/Windows-SSD/Users/sackb/OneDrive/Desktop/University/Course_Work/2025-2026/Spring_2026/ECE_410/ECE410/project/post_m3_Minor_Redesign/tb/tb_top.sv Line: 257

Time: 28525 ns Started: 28515 ns Scope: /tb_top/u_mon File: /run/media/sackb/Windows-SSD/Users/sackb/OneDrive/Desktop/University/Course_Work/2025-2026/Spring_2026/ECE_410/ECE410/project/post_m3_Minor_Redesign/tb/tb_top.sv Line:256
Error: AXI MONITOR: core_C changed while core is idle
Time: 28525 ns  Iteration: 0  Process: /tb_top/u_mon//tb_top/u_mon  Scope: tb_top.u_mon  File: /run/media/sackb/Windows-SSD/Users/sackb/OneDrive/Desktop/University/Course_Work/2025-2026/Spring_2026/ECE_410/ECE410/project/post_m3_Minor_Redesign/tb/tb_top.sv Line: 257

Time: 28535 ns Started: 28525 ns Scope: /tb_top/u_mon File: /run/media/sackb/Windows-SSD/Users/sackb/OneDrive/Desktop/University/Course_Work/2025-2026/Spring_2026/ECE_410/ECE410/project/post_m3_Minor_Redesign/tb/tb_top.sv Line:256
Error: AXI MONITOR: core_C changed while core is idle
Time: 28535 ns  Iteration: 0  Process: /tb_top/u_mon//tb_top/u_mon  Scope: tb_top.u_mon  File: /run/media/sackb/Windows-SSD/Users/sackb/OneDrive/Desktop/University/Course_Work/2025-2026/Spring_2026/ECE_410/ECE410/project/post_m3_Minor_Redesign/tb/tb_top.sv Line: 257

Time: 28545 ns Started: 28535 ns Scope: /tb_top/u_mon File: /run/media/sackb/Windows-SSD/Users/sackb/OneDrive/Desktop/University/Course_Work/2025-2026/Spring_2026/ECE_410/ECE410/project/post_m3_Minor_Redesign/tb/tb_top.sv Line:256
Error: AXI MONITOR: core_C changed while core is idle
Time: 28545 ns  Iteration: 0  Process: /tb_top/u_mon//tb_top/u_mon  Scope: tb_top.u_mon  File: /run/media/sackb/Windows-SSD/Users/sackb/OneDrive/Desktop/University/Course_Work/2025-2026/Spring_2026/ECE_410/ECE410/project/post_m3_Minor_Redesign/tb/tb_top.sv Line: 257

Time: 28555 ns Started: 28545 ns Scope: /tb_top/u_mon File: /run/media/sackb/Windows-SSD/Users/sackb/OneDrive/Desktop/University/Course_Work/2025-2026/Spring_2026/ECE_410/ECE410/project/post_m3_Minor_Redesign/tb/tb_top.sv Line:256
Error: AXI MONITOR: core_C changed while core is idle
Time: 28555 ns  Iteration: 0  Process: /tb_top/u_mon//tb_top/u_mon  Scope: tb_top.u_mon  File: /run/media/sackb/Windows-SSD/Users/sackb/OneDrive/Desktop/University/Course_Work/2025-2026/Spring_2026/ECE_410/ECE410/project/post_m3_Minor_Redesign/tb/tb_top.sv Line: 257
TB_TOP: All 15 iterations complete.
CHECKER summary: 180 elements passed, 0 failed
SIMULATION RESULT: PASS — all checks passed, no errors detected
$finish called at time : 28565 ns : File "/run/media/sackb/Windows-SSD/Users/sackb/OneDrive/Desktop/University/Course_Work/2025-2026/Spring_2026/ECE_410/ECE410/project/post_m3_Minor_Redesign/tb/tb_top.sv" Line 744
exit
INFO: xsimkernel Simulation Memory Usage: 288200 KB (Peak: 336588 KB), Simulation CPU Usage: 1140 ms
INFO: [Common 17-206] Exiting xsim at Wed Jun  3 02:43:41 2026...
