Copyright 1986-2022 Xilinx, Inc. All Rights Reserved. Copyright 2022-2025 Advanced Micro Devices, Inc. All Rights Reserved.
---------------------------------------------------------------------------------------------------------------------------------------------
| Tool Version : Vivado v.2025.2 (lin64) Build 6299465 Fri Nov 14 12:34:56 MST 2025
| Date         : Sat Jun  6 11:51:19 2026
| Host         : archlinux running 64-bit unknown
| Command      : report_drc -file rvfpganexys_drc_opted.rpt -pb rvfpganexys_drc_opted.pb -rpx rvfpganexys_drc_opted.rpx
| Design       : rvfpganexys
| Device       : xc7a100tcsg324-1
| Speed File   : -1
| Design State : Synthesized
---------------------------------------------------------------------------------------------------------------------------------------------

Report DRC

Table of Contents
-----------------
1. REPORT SUMMARY
2. REPORT DETAILS

1. REPORT SUMMARY
-----------------
            Netlist: netlist
          Floorplan: design_1
      Design limits: <entire design considered>
           Ruledeck: default
             Max checks: <unlimited>
             Checks found: 146
+-----------+----------+-----------------------------------------------------+--------+
| Rule      | Severity | Description                                         | Checks |
+-----------+----------+-----------------------------------------------------+--------+
| BIIVRC-1  | Warning  | Bank IO standard internal Vref conflict             | 1      |
| BUFC-1    | Warning  | Input Buffer Connections                            | 2      |
| CFGBVS-1  | Warning  | Missing CFGBVS and CONFIG_VOLTAGE Design Properties | 1      |
| CHECK-3   | Warning  | Report rule limit reached                           | 2      |
| DPIP-1    | Warning  | Input pipelining                                    | 7      |
| DPOP-1    | Warning  | PREG Output pipelining                              | 21     |
| DPOP-2    | Warning  | MREG Output pipelining                              | 72     |
| REQP-1839 | Warning  | RAMB36 async control check                          | 20     |
| REQP-1840 | Warning  | RAMB18 async control check                          | 20     |
+-----------+----------+-----------------------------------------------------+--------+

2. REPORT DETAILS
-----------------
BIIVRC-1#1 Warning
Bank IO standard internal Vref conflict  - IOBank:34
Conflicting INTERNAL_VREF constraint in Bank 34.  Some ports in this bank, for example, ddram_dq[0]   (SSTL18_II, Vref=0.900V) 
 at site R7 conflict with constrained INTERNAL_VREF of 0.750V.ddram_dq[0]
Related violations: <none>

BUFC-1#1 Warning
Input Buffer Connections  
Input buffer ddr2/ldc/IOBUFDS/IBUFDS (in ddr2/ldc/IOBUFDS macro) has no loads. It is recommended to have an input buffer drive an internal load.
Related violations: <none>

BUFC-1#2 Warning
Input Buffer Connections  
Input buffer ddr2/ldc/IOBUFDS_1/IBUFDS (in ddr2/ldc/IOBUFDS_1 macro) has no loads. It is recommended to have an input buffer drive an internal load.
Related violations: <none>

CFGBVS-1#1 Warning
Missing CFGBVS and CONFIG_VOLTAGE Design Properties  
Neither the CFGBVS nor CONFIG_VOLTAGE voltage property is set in the current_design.  Configuration bank voltage select (CFGBVS) must be set to VCCO or GND, and CONFIG_VOLTAGE must be set to the correct configuration voltage, in order to determine the I/O voltage support for the pins in bank 0.  It is suggested to specify these either using the 'Edit Device Properties' function in the GUI or directly in the XDC file using the following syntax:

 set_property CFGBVS value1 [current_design]
 #where value1 is either VCCO or GND

 set_property CONFIG_VOLTAGE value2 [current_design]
 #where value2 is the voltage provided to configuration bank 0

Refer to the device configuration user guide for more information.
Related violations: <none>

CHECK-3#1 Warning
Report rule limit reached  
REQP-1839 rule limit reached: 20 violations have been found.
Related violations: <none>

CHECK-3#2 Warning
Report rule limit reached  
REQP-1840 rule limit reached: 20 violations have been found.
Related violations: <none>

DPIP-1#1 Warning
Input pipelining  
DSP swervolf/rvtop/veer/exu/i_mul/prod_x0 input swervolf/rvtop/veer/exu/i_mul/prod_x0/A[29:0] is not pipelined. Pipelining DSP48 input will improve performance.
Related violations: <none>

DPIP-1#2 Warning
Input pipelining  
DSP swervolf/rvtop/veer/exu/i_mul/prod_x0 input swervolf/rvtop/veer/exu/i_mul/prod_x0/B[17:0] is not pipelined. Pipelining DSP48 input will improve performance.
Related violations: <none>

DPIP-1#3 Warning
Input pipelining  
DSP swervolf/rvtop/veer/exu/i_mul/prod_x0__0 input swervolf/rvtop/veer/exu/i_mul/prod_x0__0/A[29:0] is not pipelined. Pipelining DSP48 input will improve performance.
Related violations: <none>

DPIP-1#4 Warning
Input pipelining  
DSP swervolf/rvtop/veer/exu/i_mul/prod_x0__0 input swervolf/rvtop/veer/exu/i_mul/prod_x0__0/B[17:0] is not pipelined. Pipelining DSP48 input will improve performance.
Related violations: <none>

DPIP-1#5 Warning
Input pipelining  
DSP swervolf/rvtop/veer/exu/i_mul/prod_x0__1 input swervolf/rvtop/veer/exu/i_mul/prod_x0__1/A[29:0] is not pipelined. Pipelining DSP48 input will improve performance.
Related violations: <none>

DPIP-1#6 Warning
Input pipelining  
DSP swervolf/rvtop/veer/exu/i_mul/prod_x0__1 input swervolf/rvtop/veer/exu/i_mul/prod_x0__1/B[17:0] is not pipelined. Pipelining DSP48 input will improve performance.
Related violations: <none>

DPIP-1#7 Warning
Input pipelining  
DSP swervolf/rvtop/veer/exu/i_mul/prod_x0__2 input swervolf/rvtop/veer/exu/i_mul/prod_x0__2/B[17:0] is not pipelined. Pipelining DSP48 input will improve performance.
Related violations: <none>

DPOP-1#1 Warning
PREG Output pipelining  
DSP swervolf/rvtop/veer/exu/i_mul/prod_x0 output swervolf/rvtop/veer/exu/i_mul/prod_x0/P[47:0] is not pipelined (PREG=0). Pipelining the DSP48 output will improve performance and often saves power so it is suggested whenever possible to fully pipeline this function.  If this DSP48 function was inferred, it is suggested to describe an additional register stage after this function.  If the DSP48 was instantiated in the design, it is suggested to set the PREG attribute to 1.
Related violations: <none>

DPOP-1#2 Warning
PREG Output pipelining  
DSP swervolf/rvtop/veer/exu/i_mul/prod_x0__0 output swervolf/rvtop/veer/exu/i_mul/prod_x0__0/P[47:0] is not pipelined (PREG=0). Pipelining the DSP48 output will improve performance and often saves power so it is suggested whenever possible to fully pipeline this function.  If this DSP48 function was inferred, it is suggested to describe an additional register stage after this function.  If the DSP48 was instantiated in the design, it is suggested to set the PREG attribute to 1.
Related violations: <none>

DPOP-1#3 Warning
PREG Output pipelining  
DSP swervolf/rvtop/veer/exu/i_mul/prod_x0__1 output swervolf/rvtop/veer/exu/i_mul/prod_x0__1/P[47:0] is not pipelined (PREG=0). Pipelining the DSP48 output will improve performance and often saves power so it is suggested whenever possible to fully pipeline this function.  If this DSP48 function was inferred, it is suggested to describe an additional register stage after this function.  If the DSP48 was instantiated in the design, it is suggested to set the PREG attribute to 1.
Related violations: <none>

DPOP-1#4 Warning
PREG Output pipelining  
DSP swervolf/rvtop/veer/exu/i_mul/prod_x0__2 output swervolf/rvtop/veer/exu/i_mul/prod_x0__2/P[47:0] is not pipelined (PREG=0). Pipelining the DSP48 output will improve performance and often saves power so it is suggested whenever possible to fully pipeline this function.  If this DSP48 function was inferred, it is suggested to describe an additional register stage after this function.  If the DSP48 was instantiated in the design, it is suggested to set the PREG attribute to 1.
Related violations: <none>

DPOP-1#5 Warning
PREG Output pipelining  
DSP swervolf/u_kalman/u_core/u_gemm/gen_row[0].gen_col[0].u_mul/s1_product0__0 output swervolf/u_kalman/u_core/u_gemm/gen_row[0].gen_col[0].u_mul/s1_product0__0/P[47:0] is not pipelined (PREG=0). Pipelining the DSP48 output will improve performance and often saves power so it is suggested whenever possible to fully pipeline this function.  If this DSP48 function was inferred, it is suggested to describe an additional register stage after this function.  If the DSP48 was instantiated in the design, it is suggested to set the PREG attribute to 1.
Related violations: <none>

DPOP-1#6 Warning
PREG Output pipelining  
DSP swervolf/u_kalman/u_core/u_gemm/gen_row[0].gen_col[1].u_mul/s1_product0__0 output swervolf/u_kalman/u_core/u_gemm/gen_row[0].gen_col[1].u_mul/s1_product0__0/P[47:0] is not pipelined (PREG=0). Pipelining the DSP48 output will improve performance and often saves power so it is suggested whenever possible to fully pipeline this function.  If this DSP48 function was inferred, it is suggested to describe an additional register stage after this function.  If the DSP48 was instantiated in the design, it is suggested to set the PREG attribute to 1.
Related violations: <none>

DPOP-1#7 Warning
PREG Output pipelining  
DSP swervolf/u_kalman/u_core/u_gemm/gen_row[0].gen_col[2].u_mul/s1_product0__0 output swervolf/u_kalman/u_core/u_gemm/gen_row[0].gen_col[2].u_mul/s1_product0__0/P[47:0] is not pipelined (PREG=0). Pipelining the DSP48 output will improve performance and often saves power so it is suggested whenever possible to fully pipeline this function.  If this DSP48 function was inferred, it is suggested to describe an additional register stage after this function.  If the DSP48 was instantiated in the design, it is suggested to set the PREG attribute to 1.
Related violations: <none>

DPOP-1#8 Warning
PREG Output pipelining  
DSP swervolf/u_kalman/u_core/u_gemm/gen_row[1].gen_col[0].u_mul/s1_product0__0 output swervolf/u_kalman/u_core/u_gemm/gen_row[1].gen_col[0].u_mul/s1_product0__0/P[47:0] is not pipelined (PREG=0). Pipelining the DSP48 output will improve performance and often saves power so it is suggested whenever possible to fully pipeline this function.  If this DSP48 function was inferred, it is suggested to describe an additional register stage after this function.  If the DSP48 was instantiated in the design, it is suggested to set the PREG attribute to 1.
Related violations: <none>

DPOP-1#9 Warning
PREG Output pipelining  
DSP swervolf/u_kalman/u_core/u_gemm/gen_row[1].gen_col[1].u_mul/s1_product0__0 output swervolf/u_kalman/u_core/u_gemm/gen_row[1].gen_col[1].u_mul/s1_product0__0/P[47:0] is not pipelined (PREG=0). Pipelining the DSP48 output will improve performance and often saves power so it is suggested whenever possible to fully pipeline this function.  If this DSP48 function was inferred, it is suggested to describe an additional register stage after this function.  If the DSP48 was instantiated in the design, it is suggested to set the PREG attribute to 1.
Related violations: <none>

DPOP-1#10 Warning
PREG Output pipelining  
DSP swervolf/u_kalman/u_core/u_gemm/gen_row[1].gen_col[2].u_mul/s1_product0__0 output swervolf/u_kalman/u_core/u_gemm/gen_row[1].gen_col[2].u_mul/s1_product0__0/P[47:0] is not pipelined (PREG=0). Pipelining the DSP48 output will improve performance and often saves power so it is suggested whenever possible to fully pipeline this function.  If this DSP48 function was inferred, it is suggested to describe an additional register stage after this function.  If the DSP48 was instantiated in the design, it is suggested to set the PREG attribute to 1.
Related violations: <none>

DPOP-1#11 Warning
PREG Output pipelining  
DSP swervolf/u_kalman/u_core/u_gemm/gen_row[2].gen_col[0].u_mul/s1_product0__0 output swervolf/u_kalman/u_core/u_gemm/gen_row[2].gen_col[0].u_mul/s1_product0__0/P[47:0] is not pipelined (PREG=0). Pipelining the DSP48 output will improve performance and often saves power so it is suggested whenever possible to fully pipeline this function.  If this DSP48 function was inferred, it is suggested to describe an additional register stage after this function.  If the DSP48 was instantiated in the design, it is suggested to set the PREG attribute to 1.
Related violations: <none>

DPOP-1#12 Warning
PREG Output pipelining  
DSP swervolf/u_kalman/u_core/u_gemm/gen_row[2].gen_col[1].u_mul/s1_product0__0 output swervolf/u_kalman/u_core/u_gemm/gen_row[2].gen_col[1].u_mul/s1_product0__0/P[47:0] is not pipelined (PREG=0). Pipelining the DSP48 output will improve performance and often saves power so it is suggested whenever possible to fully pipeline this function.  If this DSP48 function was inferred, it is suggested to describe an additional register stage after this function.  If the DSP48 was instantiated in the design, it is suggested to set the PREG attribute to 1.
Related violations: <none>

DPOP-1#13 Warning
PREG Output pipelining  
DSP swervolf/u_kalman/u_core/u_gemm/gen_row[2].gen_col[2].u_mul/s1_product0__0 output swervolf/u_kalman/u_core/u_gemm/gen_row[2].gen_col[2].u_mul/s1_product0__0/P[47:0] is not pipelined (PREG=0). Pipelining the DSP48 output will improve performance and often saves power so it is suggested whenever possible to fully pipeline this function.  If this DSP48 function was inferred, it is suggested to describe an additional register stage after this function.  If the DSP48 was instantiated in the design, it is suggested to set the PREG attribute to 1.
Related violations: <none>

DPOP-1#14 Warning
PREG Output pipelining  
DSP swervolf/u_kalman/u_core/u_k0/s1_product0__0 output swervolf/u_kalman/u_core/u_k0/s1_product0__0/P[47:0] is not pipelined (PREG=0). Pipelining the DSP48 output will improve performance and often saves power so it is suggested whenever possible to fully pipeline this function.  If this DSP48 function was inferred, it is suggested to describe an additional register stage after this function.  If the DSP48 was instantiated in the design, it is suggested to set the PREG attribute to 1.
Related violations: <none>

DPOP-1#15 Warning
PREG Output pipelining  
DSP swervolf/u_kalman/u_core/u_k1/s1_product0__0 output swervolf/u_kalman/u_core/u_k1/s1_product0__0/P[47:0] is not pipelined (PREG=0). Pipelining the DSP48 output will improve performance and often saves power so it is suggested whenever possible to fully pipeline this function.  If this DSP48 function was inferred, it is suggested to describe an additional register stage after this function.  If the DSP48 was instantiated in the design, it is suggested to set the PREG attribute to 1.
Related violations: <none>

DPOP-1#16 Warning
PREG Output pipelining  
DSP swervolf/u_kalman/u_core/u_k2/s1_product0__0 output swervolf/u_kalman/u_core/u_k2/s1_product0__0/P[47:0] is not pipelined (PREG=0). Pipelining the DSP48 output will improve performance and often saves power so it is suggested whenever possible to fully pipeline this function.  If this DSP48 function was inferred, it is suggested to describe an additional register stage after this function.  If the DSP48 was instantiated in the design, it is suggested to set the PREG attribute to 1.
Related violations: <none>

DPOP-1#17 Warning
PREG Output pipelining  
DSP swervolf/u_kalman/u_core/u_ky0/s1_product0__0 output swervolf/u_kalman/u_core/u_ky0/s1_product0__0/P[47:0] is not pipelined (PREG=0). Pipelining the DSP48 output will improve performance and often saves power so it is suggested whenever possible to fully pipeline this function.  If this DSP48 function was inferred, it is suggested to describe an additional register stage after this function.  If the DSP48 was instantiated in the design, it is suggested to set the PREG attribute to 1.
Related violations: <none>

DPOP-1#18 Warning
PREG Output pipelining  
DSP swervolf/u_kalman/u_core/u_ky1/s1_product0__0 output swervolf/u_kalman/u_core/u_ky1/s1_product0__0/P[47:0] is not pipelined (PREG=0). Pipelining the DSP48 output will improve performance and often saves power so it is suggested whenever possible to fully pipeline this function.  If this DSP48 function was inferred, it is suggested to describe an additional register stage after this function.  If the DSP48 was instantiated in the design, it is suggested to set the PREG attribute to 1.
Related violations: <none>

DPOP-1#19 Warning
PREG Output pipelining  
DSP swervolf/u_kalman/u_core/u_ky2/s1_product0__0 output swervolf/u_kalman/u_core/u_ky2/s1_product0__0/P[47:0] is not pipelined (PREG=0). Pipelining the DSP48 output will improve performance and often saves power so it is suggested whenever possible to fully pipeline this function.  If this DSP48 function was inferred, it is suggested to describe an additional register stage after this function.  If the DSP48 was instantiated in the design, it is suggested to set the PREG attribute to 1.
Related violations: <none>

DPOP-1#20 Warning
PREG Output pipelining  
DSP swervolf/u_kalman/u_core/u_nr_mul1/s1_product0__0 output swervolf/u_kalman/u_core/u_nr_mul1/s1_product0__0/P[47:0] is not pipelined (PREG=0). Pipelining the DSP48 output will improve performance and often saves power so it is suggested whenever possible to fully pipeline this function.  If this DSP48 function was inferred, it is suggested to describe an additional register stage after this function.  If the DSP48 was instantiated in the design, it is suggested to set the PREG attribute to 1.
Related violations: <none>

DPOP-1#21 Warning
PREG Output pipelining  
DSP swervolf/u_kalman/u_core/u_nr_mul2/s1_product0__0 output swervolf/u_kalman/u_core/u_nr_mul2/s1_product0__0/P[47:0] is not pipelined (PREG=0). Pipelining the DSP48 output will improve performance and often saves power so it is suggested whenever possible to fully pipeline this function.  If this DSP48 function was inferred, it is suggested to describe an additional register stage after this function.  If the DSP48 was instantiated in the design, it is suggested to set the PREG attribute to 1.
Related violations: <none>

DPOP-2#1 Warning
MREG Output pipelining  
DSP swervolf/rvtop/veer/exu/i_mul/prod_x0 multiplier stage swervolf/rvtop/veer/exu/i_mul/prod_x0/P[47:0] is not pipelined (MREG=0). Pipelining the multiplier function will improve performance and will save significant power so it is suggested whenever possible to fully pipeline this function.  If this multiplier was inferred, it is suggested to describe an additional register stage after this function.  If there is no registered adder/accumulator following the multiply function, two pipeline stages are suggested to allow both the MREG and PREG registers to be used.  If the DSP48 was instantiated in the design, it is suggested to set both the MREG and PREG attributes to 1 when performing multiply functions.
Related violations: <none>

DPOP-2#2 Warning
MREG Output pipelining  
DSP swervolf/rvtop/veer/exu/i_mul/prod_x0__0 multiplier stage swervolf/rvtop/veer/exu/i_mul/prod_x0__0/P[47:0] is not pipelined (MREG=0). Pipelining the multiplier function will improve performance and will save significant power so it is suggested whenever possible to fully pipeline this function.  If this multiplier was inferred, it is suggested to describe an additional register stage after this function.  If there is no registered adder/accumulator following the multiply function, two pipeline stages are suggested to allow both the MREG and PREG registers to be used.  If the DSP48 was instantiated in the design, it is suggested to set both the MREG and PREG attributes to 1 when performing multiply functions.
Related violations: <none>

DPOP-2#3 Warning
MREG Output pipelining  
DSP swervolf/rvtop/veer/exu/i_mul/prod_x0__1 multiplier stage swervolf/rvtop/veer/exu/i_mul/prod_x0__1/P[47:0] is not pipelined (MREG=0). Pipelining the multiplier function will improve performance and will save significant power so it is suggested whenever possible to fully pipeline this function.  If this multiplier was inferred, it is suggested to describe an additional register stage after this function.  If there is no registered adder/accumulator following the multiply function, two pipeline stages are suggested to allow both the MREG and PREG registers to be used.  If the DSP48 was instantiated in the design, it is suggested to set both the MREG and PREG attributes to 1 when performing multiply functions.
Related violations: <none>

DPOP-2#4 Warning
MREG Output pipelining  
DSP swervolf/rvtop/veer/exu/i_mul/prod_x0__2 multiplier stage swervolf/rvtop/veer/exu/i_mul/prod_x0__2/P[47:0] is not pipelined (MREG=0). Pipelining the multiplier function will improve performance and will save significant power so it is suggested whenever possible to fully pipeline this function.  If this multiplier was inferred, it is suggested to describe an additional register stage after this function.  If there is no registered adder/accumulator following the multiply function, two pipeline stages are suggested to allow both the MREG and PREG registers to be used.  If the DSP48 was instantiated in the design, it is suggested to set both the MREG and PREG attributes to 1 when performing multiply functions.
Related violations: <none>

DPOP-2#5 Warning
MREG Output pipelining  
DSP swervolf/u_kalman/u_core/u_gemm/gen_row[0].gen_col[0].u_mul/s1_product0__0 multiplier stage swervolf/u_kalman/u_core/u_gemm/gen_row[0].gen_col[0].u_mul/s1_product0__0/P[47:0] is not pipelined (MREG=0). Pipelining the multiplier function will improve performance and will save significant power so it is suggested whenever possible to fully pipeline this function.  If this multiplier was inferred, it is suggested to describe an additional register stage after this function.  If there is no registered adder/accumulator following the multiply function, two pipeline stages are suggested to allow both the MREG and PREG registers to be used.  If the DSP48 was instantiated in the design, it is suggested to set both the MREG and PREG attributes to 1 when performing multiply functions.
Related violations: <none>

DPOP-2#6 Warning
MREG Output pipelining  
DSP swervolf/u_kalman/u_core/u_gemm/gen_row[0].gen_col[0].u_mul/s1_product_reg multiplier stage swervolf/u_kalman/u_core/u_gemm/gen_row[0].gen_col[0].u_mul/s1_product_reg/P[47:0] is not pipelined (MREG=0). Pipelining the multiplier function will improve performance and will save significant power so it is suggested whenever possible to fully pipeline this function.  If this multiplier was inferred, it is suggested to describe an additional register stage after this function.  If there is no registered adder/accumulator following the multiply function, two pipeline stages are suggested to allow both the MREG and PREG registers to be used.  If the DSP48 was instantiated in the design, it is suggested to set both the MREG and PREG attributes to 1 when performing multiply functions.
Related violations: <none>

DPOP-2#7 Warning
MREG Output pipelining  
DSP swervolf/u_kalman/u_core/u_gemm/gen_row[0].gen_col[0].u_mul/s1_product_reg__0 multiplier stage swervolf/u_kalman/u_core/u_gemm/gen_row[0].gen_col[0].u_mul/s1_product_reg__0/P[47:0] is not pipelined (MREG=0). Pipelining the multiplier function will improve performance and will save significant power so it is suggested whenever possible to fully pipeline this function.  If this multiplier was inferred, it is suggested to describe an additional register stage after this function.  If there is no registered adder/accumulator following the multiply function, two pipeline stages are suggested to allow both the MREG and PREG registers to be used.  If the DSP48 was instantiated in the design, it is suggested to set both the MREG and PREG attributes to 1 when performing multiply functions.
Related violations: <none>

DPOP-2#8 Warning
MREG Output pipelining  
DSP swervolf/u_kalman/u_core/u_gemm/gen_row[0].gen_col[0].u_mul/s1_product_reg__1 multiplier stage swervolf/u_kalman/u_core/u_gemm/gen_row[0].gen_col[0].u_mul/s1_product_reg__1/P[47:0] is not pipelined (MREG=0). Pipelining the multiplier function will improve performance and will save significant power so it is suggested whenever possible to fully pipeline this function.  If this multiplier was inferred, it is suggested to describe an additional register stage after this function.  If there is no registered adder/accumulator following the multiply function, two pipeline stages are suggested to allow both the MREG and PREG registers to be used.  If the DSP48 was instantiated in the design, it is suggested to set both the MREG and PREG attributes to 1 when performing multiply functions.
Related violations: <none>

DPOP-2#9 Warning
MREG Output pipelining  
DSP swervolf/u_kalman/u_core/u_gemm/gen_row[0].gen_col[1].u_mul/s1_product0__0 multiplier stage swervolf/u_kalman/u_core/u_gemm/gen_row[0].gen_col[1].u_mul/s1_product0__0/P[47:0] is not pipelined (MREG=0). Pipelining the multiplier function will improve performance and will save significant power so it is suggested whenever possible to fully pipeline this function.  If this multiplier was inferred, it is suggested to describe an additional register stage after this function.  If there is no registered adder/accumulator following the multiply function, two pipeline stages are suggested to allow both the MREG and PREG registers to be used.  If the DSP48 was instantiated in the design, it is suggested to set both the MREG and PREG attributes to 1 when performing multiply functions.
Related violations: <none>

DPOP-2#10 Warning
MREG Output pipelining  
DSP swervolf/u_kalman/u_core/u_gemm/gen_row[0].gen_col[1].u_mul/s1_product_reg multiplier stage swervolf/u_kalman/u_core/u_gemm/gen_row[0].gen_col[1].u_mul/s1_product_reg/P[47:0] is not pipelined (MREG=0). Pipelining the multiplier function will improve performance and will save significant power so it is suggested whenever possible to fully pipeline this function.  If this multiplier was inferred, it is suggested to describe an additional register stage after this function.  If there is no registered adder/accumulator following the multiply function, two pipeline stages are suggested to allow both the MREG and PREG registers to be used.  If the DSP48 was instantiated in the design, it is suggested to set both the MREG and PREG attributes to 1 when performing multiply functions.
Related violations: <none>

DPOP-2#11 Warning
MREG Output pipelining  
DSP swervolf/u_kalman/u_core/u_gemm/gen_row[0].gen_col[1].u_mul/s1_product_reg__0 multiplier stage swervolf/u_kalman/u_core/u_gemm/gen_row[0].gen_col[1].u_mul/s1_product_reg__0/P[47:0] is not pipelined (MREG=0). Pipelining the multiplier function will improve performance and will save significant power so it is suggested whenever possible to fully pipeline this function.  If this multiplier was inferred, it is suggested to describe an additional register stage after this function.  If there is no registered adder/accumulator following the multiply function, two pipeline stages are suggested to allow both the MREG and PREG registers to be used.  If the DSP48 was instantiated in the design, it is suggested to set both the MREG and PREG attributes to 1 when performing multiply functions.
Related violations: <none>

DPOP-2#12 Warning
MREG Output pipelining  
DSP swervolf/u_kalman/u_core/u_gemm/gen_row[0].gen_col[1].u_mul/s1_product_reg__1 multiplier stage swervolf/u_kalman/u_core/u_gemm/gen_row[0].gen_col[1].u_mul/s1_product_reg__1/P[47:0] is not pipelined (MREG=0). Pipelining the multiplier function will improve performance and will save significant power so it is suggested whenever possible to fully pipeline this function.  If this multiplier was inferred, it is suggested to describe an additional register stage after this function.  If there is no registered adder/accumulator following the multiply function, two pipeline stages are suggested to allow both the MREG and PREG registers to be used.  If the DSP48 was instantiated in the design, it is suggested to set both the MREG and PREG attributes to 1 when performing multiply functions.
Related violations: <none>

DPOP-2#13 Warning
MREG Output pipelining  
DSP swervolf/u_kalman/u_core/u_gemm/gen_row[0].gen_col[2].u_mul/s1_product0__0 multiplier stage swervolf/u_kalman/u_core/u_gemm/gen_row[0].gen_col[2].u_mul/s1_product0__0/P[47:0] is not pipelined (MREG=0). Pipelining the multiplier function will improve performance and will save significant power so it is suggested whenever possible to fully pipeline this function.  If this multiplier was inferred, it is suggested to describe an additional register stage after this function.  If there is no registered adder/accumulator following the multiply function, two pipeline stages are suggested to allow both the MREG and PREG registers to be used.  If the DSP48 was instantiated in the design, it is suggested to set both the MREG and PREG attributes to 1 when performing multiply functions.
Related violations: <none>

DPOP-2#14 Warning
MREG Output pipelining  
DSP swervolf/u_kalman/u_core/u_gemm/gen_row[0].gen_col[2].u_mul/s1_product_reg multiplier stage swervolf/u_kalman/u_core/u_gemm/gen_row[0].gen_col[2].u_mul/s1_product_reg/P[47:0] is not pipelined (MREG=0). Pipelining the multiplier function will improve performance and will save significant power so it is suggested whenever possible to fully pipeline this function.  If this multiplier was inferred, it is suggested to describe an additional register stage after this function.  If there is no registered adder/accumulator following the multiply function, two pipeline stages are suggested to allow both the MREG and PREG registers to be used.  If the DSP48 was instantiated in the design, it is suggested to set both the MREG and PREG attributes to 1 when performing multiply functions.
Related violations: <none>

DPOP-2#15 Warning
MREG Output pipelining  
DSP swervolf/u_kalman/u_core/u_gemm/gen_row[0].gen_col[2].u_mul/s1_product_reg__0 multiplier stage swervolf/u_kalman/u_core/u_gemm/gen_row[0].gen_col[2].u_mul/s1_product_reg__0/P[47:0] is not pipelined (MREG=0). Pipelining the multiplier function will improve performance and will save significant power so it is suggested whenever possible to fully pipeline this function.  If this multiplier was inferred, it is suggested to describe an additional register stage after this function.  If there is no registered adder/accumulator following the multiply function, two pipeline stages are suggested to allow both the MREG and PREG registers to be used.  If the DSP48 was instantiated in the design, it is suggested to set both the MREG and PREG attributes to 1 when performing multiply functions.
Related violations: <none>

DPOP-2#16 Warning
MREG Output pipelining  
DSP swervolf/u_kalman/u_core/u_gemm/gen_row[0].gen_col[2].u_mul/s1_product_reg__1 multiplier stage swervolf/u_kalman/u_core/u_gemm/gen_row[0].gen_col[2].u_mul/s1_product_reg__1/P[47:0] is not pipelined (MREG=0). Pipelining the multiplier function will improve performance and will save significant power so it is suggested whenever possible to fully pipeline this function.  If this multiplier was inferred, it is suggested to describe an additional register stage after this function.  If there is no registered adder/accumulator following the multiply function, two pipeline stages are suggested to allow both the MREG and PREG registers to be used.  If the DSP48 was instantiated in the design, it is suggested to set both the MREG and PREG attributes to 1 when performing multiply functions.
Related violations: <none>

DPOP-2#17 Warning
MREG Output pipelining  
DSP swervolf/u_kalman/u_core/u_gemm/gen_row[1].gen_col[0].u_mul/s1_product0__0 multiplier stage swervolf/u_kalman/u_core/u_gemm/gen_row[1].gen_col[0].u_mul/s1_product0__0/P[47:0] is not pipelined (MREG=0). Pipelining the multiplier function will improve performance and will save significant power so it is suggested whenever possible to fully pipeline this function.  If this multiplier was inferred, it is suggested to describe an additional register stage after this function.  If there is no registered adder/accumulator following the multiply function, two pipeline stages are suggested to allow both the MREG and PREG registers to be used.  If the DSP48 was instantiated in the design, it is suggested to set both the MREG and PREG attributes to 1 when performing multiply functions.
Related violations: <none>

DPOP-2#18 Warning
MREG Output pipelining  
DSP swervolf/u_kalman/u_core/u_gemm/gen_row[1].gen_col[0].u_mul/s1_product_reg multiplier stage swervolf/u_kalman/u_core/u_gemm/gen_row[1].gen_col[0].u_mul/s1_product_reg/P[47:0] is not pipelined (MREG=0). Pipelining the multiplier function will improve performance and will save significant power so it is suggested whenever possible to fully pipeline this function.  If this multiplier was inferred, it is suggested to describe an additional register stage after this function.  If there is no registered adder/accumulator following the multiply function, two pipeline stages are suggested to allow both the MREG and PREG registers to be used.  If the DSP48 was instantiated in the design, it is suggested to set both the MREG and PREG attributes to 1 when performing multiply functions.
Related violations: <none>

DPOP-2#19 Warning
MREG Output pipelining  
DSP swervolf/u_kalman/u_core/u_gemm/gen_row[1].gen_col[0].u_mul/s1_product_reg__0 multiplier stage swervolf/u_kalman/u_core/u_gemm/gen_row[1].gen_col[0].u_mul/s1_product_reg__0/P[47:0] is not pipelined (MREG=0). Pipelining the multiplier function will improve performance and will save significant power so it is suggested whenever possible to fully pipeline this function.  If this multiplier was inferred, it is suggested to describe an additional register stage after this function.  If there is no registered adder/accumulator following the multiply function, two pipeline stages are suggested to allow both the MREG and PREG registers to be used.  If the DSP48 was instantiated in the design, it is suggested to set both the MREG and PREG attributes to 1 when performing multiply functions.
Related violations: <none>

DPOP-2#20 Warning
MREG Output pipelining  
DSP swervolf/u_kalman/u_core/u_gemm/gen_row[1].gen_col[0].u_mul/s1_product_reg__1 multiplier stage swervolf/u_kalman/u_core/u_gemm/gen_row[1].gen_col[0].u_mul/s1_product_reg__1/P[47:0] is not pipelined (MREG=0). Pipelining the multiplier function will improve performance and will save significant power so it is suggested whenever possible to fully pipeline this function.  If this multiplier was inferred, it is suggested to describe an additional register stage after this function.  If there is no registered adder/accumulator following the multiply function, two pipeline stages are suggested to allow both the MREG and PREG registers to be used.  If the DSP48 was instantiated in the design, it is suggested to set both the MREG and PREG attributes to 1 when performing multiply functions.
Related violations: <none>

DPOP-2#21 Warning
MREG Output pipelining  
DSP swervolf/u_kalman/u_core/u_gemm/gen_row[1].gen_col[1].u_mul/s1_product0__0 multiplier stage swervolf/u_kalman/u_core/u_gemm/gen_row[1].gen_col[1].u_mul/s1_product0__0/P[47:0] is not pipelined (MREG=0). Pipelining the multiplier function will improve performance and will save significant power so it is suggested whenever possible to fully pipeline this function.  If this multiplier was inferred, it is suggested to describe an additional register stage after this function.  If there is no registered adder/accumulator following the multiply function, two pipeline stages are suggested to allow both the MREG and PREG registers to be used.  If the DSP48 was instantiated in the design, it is suggested to set both the MREG and PREG attributes to 1 when performing multiply functions.
Related violations: <none>

DPOP-2#22 Warning
MREG Output pipelining  
DSP swervolf/u_kalman/u_core/u_gemm/gen_row[1].gen_col[1].u_mul/s1_product_reg multiplier stage swervolf/u_kalman/u_core/u_gemm/gen_row[1].gen_col[1].u_mul/s1_product_reg/P[47:0] is not pipelined (MREG=0). Pipelining the multiplier function will improve performance and will save significant power so it is suggested whenever possible to fully pipeline this function.  If this multiplier was inferred, it is suggested to describe an additional register stage after this function.  If there is no registered adder/accumulator following the multiply function, two pipeline stages are suggested to allow both the MREG and PREG registers to be used.  If the DSP48 was instantiated in the design, it is suggested to set both the MREG and PREG attributes to 1 when performing multiply functions.
Related violations: <none>

DPOP-2#23 Warning
MREG Output pipelining  
DSP swervolf/u_kalman/u_core/u_gemm/gen_row[1].gen_col[1].u_mul/s1_product_reg__0 multiplier stage swervolf/u_kalman/u_core/u_gemm/gen_row[1].gen_col[1].u_mul/s1_product_reg__0/P[47:0] is not pipelined (MREG=0). Pipelining the multiplier function will improve performance and will save significant power so it is suggested whenever possible to fully pipeline this function.  If this multiplier was inferred, it is suggested to describe an additional register stage after this function.  If there is no registered adder/accumulator following the multiply function, two pipeline stages are suggested to allow both the MREG and PREG registers to be used.  If the DSP48 was instantiated in the design, it is suggested to set both the MREG and PREG attributes to 1 when performing multiply functions.
Related violations: <none>

DPOP-2#24 Warning
MREG Output pipelining  
DSP swervolf/u_kalman/u_core/u_gemm/gen_row[1].gen_col[1].u_mul/s1_product_reg__1 multiplier stage swervolf/u_kalman/u_core/u_gemm/gen_row[1].gen_col[1].u_mul/s1_product_reg__1/P[47:0] is not pipelined (MREG=0). Pipelining the multiplier function will improve performance and will save significant power so it is suggested whenever possible to fully pipeline this function.  If this multiplier was inferred, it is suggested to describe an additional register stage after this function.  If there is no registered adder/accumulator following the multiply function, two pipeline stages are suggested to allow both the MREG and PREG registers to be used.  If the DSP48 was instantiated in the design, it is suggested to set both the MREG and PREG attributes to 1 when performing multiply functions.
Related violations: <none>

DPOP-2#25 Warning
MREG Output pipelining  
DSP swervolf/u_kalman/u_core/u_gemm/gen_row[1].gen_col[2].u_mul/s1_product0__0 multiplier stage swervolf/u_kalman/u_core/u_gemm/gen_row[1].gen_col[2].u_mul/s1_product0__0/P[47:0] is not pipelined (MREG=0). Pipelining the multiplier function will improve performance and will save significant power so it is suggested whenever possible to fully pipeline this function.  If this multiplier was inferred, it is suggested to describe an additional register stage after this function.  If there is no registered adder/accumulator following the multiply function, two pipeline stages are suggested to allow both the MREG and PREG registers to be used.  If the DSP48 was instantiated in the design, it is suggested to set both the MREG and PREG attributes to 1 when performing multiply functions.
Related violations: <none>

DPOP-2#26 Warning
MREG Output pipelining  
DSP swervolf/u_kalman/u_core/u_gemm/gen_row[1].gen_col[2].u_mul/s1_product_reg multiplier stage swervolf/u_kalman/u_core/u_gemm/gen_row[1].gen_col[2].u_mul/s1_product_reg/P[47:0] is not pipelined (MREG=0). Pipelining the multiplier function will improve performance and will save significant power so it is suggested whenever possible to fully pipeline this function.  If this multiplier was inferred, it is suggested to describe an additional register stage after this function.  If there is no registered adder/accumulator following the multiply function, two pipeline stages are suggested to allow both the MREG and PREG registers to be used.  If the DSP48 was instantiated in the design, it is suggested to set both the MREG and PREG attributes to 1 when performing multiply functions.
Related violations: <none>

DPOP-2#27 Warning
MREG Output pipelining  
DSP swervolf/u_kalman/u_core/u_gemm/gen_row[1].gen_col[2].u_mul/s1_product_reg__0 multiplier stage swervolf/u_kalman/u_core/u_gemm/gen_row[1].gen_col[2].u_mul/s1_product_reg__0/P[47:0] is not pipelined (MREG=0). Pipelining the multiplier function will improve performance and will save significant power so it is suggested whenever possible to fully pipeline this function.  If this multiplier was inferred, it is suggested to describe an additional register stage after this function.  If there is no registered adder/accumulator following the multiply function, two pipeline stages are suggested to allow both the MREG and PREG registers to be used.  If the DSP48 was instantiated in the design, it is suggested to set both the MREG and PREG attributes to 1 when performing multiply functions.
Related violations: <none>

DPOP-2#28 Warning
MREG Output pipelining  
DSP swervolf/u_kalman/u_core/u_gemm/gen_row[1].gen_col[2].u_mul/s1_product_reg__1 multiplier stage swervolf/u_kalman/u_core/u_gemm/gen_row[1].gen_col[2].u_mul/s1_product_reg__1/P[47:0] is not pipelined (MREG=0). Pipelining the multiplier function will improve performance and will save significant power so it is suggested whenever possible to fully pipeline this function.  If this multiplier was inferred, it is suggested to describe an additional register stage after this function.  If there is no registered adder/accumulator following the multiply function, two pipeline stages are suggested to allow both the MREG and PREG registers to be used.  If the DSP48 was instantiated in the design, it is suggested to set both the MREG and PREG attributes to 1 when performing multiply functions.
Related violations: <none>

DPOP-2#29 Warning
MREG Output pipelining  
DSP swervolf/u_kalman/u_core/u_gemm/gen_row[2].gen_col[0].u_mul/s1_product0__0 multiplier stage swervolf/u_kalman/u_core/u_gemm/gen_row[2].gen_col[0].u_mul/s1_product0__0/P[47:0] is not pipelined (MREG=0). Pipelining the multiplier function will improve performance and will save significant power so it is suggested whenever possible to fully pipeline this function.  If this multiplier was inferred, it is suggested to describe an additional register stage after this function.  If there is no registered adder/accumulator following the multiply function, two pipeline stages are suggested to allow both the MREG and PREG registers to be used.  If the DSP48 was instantiated in the design, it is suggested to set both the MREG and PREG attributes to 1 when performing multiply functions.
Related violations: <none>

DPOP-2#30 Warning
MREG Output pipelining  
DSP swervolf/u_kalman/u_core/u_gemm/gen_row[2].gen_col[0].u_mul/s1_product_reg multiplier stage swervolf/u_kalman/u_core/u_gemm/gen_row[2].gen_col[0].u_mul/s1_product_reg/P[47:0] is not pipelined (MREG=0). Pipelining the multiplier function will improve performance and will save significant power so it is suggested whenever possible to fully pipeline this function.  If this multiplier was inferred, it is suggested to describe an additional register stage after this function.  If there is no registered adder/accumulator following the multiply function, two pipeline stages are suggested to allow both the MREG and PREG registers to be used.  If the DSP48 was instantiated in the design, it is suggested to set both the MREG and PREG attributes to 1 when performing multiply functions.
Related violations: <none>

DPOP-2#31 Warning
MREG Output pipelining  
DSP swervolf/u_kalman/u_core/u_gemm/gen_row[2].gen_col[0].u_mul/s1_product_reg__0 multiplier stage swervolf/u_kalman/u_core/u_gemm/gen_row[2].gen_col[0].u_mul/s1_product_reg__0/P[47:0] is not pipelined (MREG=0). Pipelining the multiplier function will improve performance and will save significant power so it is suggested whenever possible to fully pipeline this function.  If this multiplier was inferred, it is suggested to describe an additional register stage after this function.  If there is no registered adder/accumulator following the multiply function, two pipeline stages are suggested to allow both the MREG and PREG registers to be used.  If the DSP48 was instantiated in the design, it is suggested to set both the MREG and PREG attributes to 1 when performing multiply functions.
Related violations: <none>

DPOP-2#32 Warning
MREG Output pipelining  
DSP swervolf/u_kalman/u_core/u_gemm/gen_row[2].gen_col[0].u_mul/s1_product_reg__1 multiplier stage swervolf/u_kalman/u_core/u_gemm/gen_row[2].gen_col[0].u_mul/s1_product_reg__1/P[47:0] is not pipelined (MREG=0). Pipelining the multiplier function will improve performance and will save significant power so it is suggested whenever possible to fully pipeline this function.  If this multiplier was inferred, it is suggested to describe an additional register stage after this function.  If there is no registered adder/accumulator following the multiply function, two pipeline stages are suggested to allow both the MREG and PREG registers to be used.  If the DSP48 was instantiated in the design, it is suggested to set both the MREG and PREG attributes to 1 when performing multiply functions.
Related violations: <none>

DPOP-2#33 Warning
MREG Output pipelining  
DSP swervolf/u_kalman/u_core/u_gemm/gen_row[2].gen_col[1].u_mul/s1_product0__0 multiplier stage swervolf/u_kalman/u_core/u_gemm/gen_row[2].gen_col[1].u_mul/s1_product0__0/P[47:0] is not pipelined (MREG=0). Pipelining the multiplier function will improve performance and will save significant power so it is suggested whenever possible to fully pipeline this function.  If this multiplier was inferred, it is suggested to describe an additional register stage after this function.  If there is no registered adder/accumulator following the multiply function, two pipeline stages are suggested to allow both the MREG and PREG registers to be used.  If the DSP48 was instantiated in the design, it is suggested to set both the MREG and PREG attributes to 1 when performing multiply functions.
Related violations: <none>

DPOP-2#34 Warning
MREG Output pipelining  
DSP swervolf/u_kalman/u_core/u_gemm/gen_row[2].gen_col[1].u_mul/s1_product_reg multiplier stage swervolf/u_kalman/u_core/u_gemm/gen_row[2].gen_col[1].u_mul/s1_product_reg/P[47:0] is not pipelined (MREG=0). Pipelining the multiplier function will improve performance and will save significant power so it is suggested whenever possible to fully pipeline this function.  If this multiplier was inferred, it is suggested to describe an additional register stage after this function.  If there is no registered adder/accumulator following the multiply function, two pipeline stages are suggested to allow both the MREG and PREG registers to be used.  If the DSP48 was instantiated in the design, it is suggested to set both the MREG and PREG attributes to 1 when performing multiply functions.
Related violations: <none>

DPOP-2#35 Warning
MREG Output pipelining  
DSP swervolf/u_kalman/u_core/u_gemm/gen_row[2].gen_col[1].u_mul/s1_product_reg__0 multiplier stage swervolf/u_kalman/u_core/u_gemm/gen_row[2].gen_col[1].u_mul/s1_product_reg__0/P[47:0] is not pipelined (MREG=0). Pipelining the multiplier function will improve performance and will save significant power so it is suggested whenever possible to fully pipeline this function.  If this multiplier was inferred, it is suggested to describe an additional register stage after this function.  If there is no registered adder/accumulator following the multiply function, two pipeline stages are suggested to allow both the MREG and PREG registers to be used.  If the DSP48 was instantiated in the design, it is suggested to set both the MREG and PREG attributes to 1 when performing multiply functions.
Related violations: <none>

DPOP-2#36 Warning
MREG Output pipelining  
DSP swervolf/u_kalman/u_core/u_gemm/gen_row[2].gen_col[1].u_mul/s1_product_reg__1 multiplier stage swervolf/u_kalman/u_core/u_gemm/gen_row[2].gen_col[1].u_mul/s1_product_reg__1/P[47:0] is not pipelined (MREG=0). Pipelining the multiplier function will improve performance and will save significant power so it is suggested whenever possible to fully pipeline this function.  If this multiplier was inferred, it is suggested to describe an additional register stage after this function.  If there is no registered adder/accumulator following the multiply function, two pipeline stages are suggested to allow both the MREG and PREG registers to be used.  If the DSP48 was instantiated in the design, it is suggested to set both the MREG and PREG attributes to 1 when performing multiply functions.
Related violations: <none>

DPOP-2#37 Warning
MREG Output pipelining  
DSP swervolf/u_kalman/u_core/u_gemm/gen_row[2].gen_col[2].u_mul/s1_product0__0 multiplier stage swervolf/u_kalman/u_core/u_gemm/gen_row[2].gen_col[2].u_mul/s1_product0__0/P[47:0] is not pipelined (MREG=0). Pipelining the multiplier function will improve performance and will save significant power so it is suggested whenever possible to fully pipeline this function.  If this multiplier was inferred, it is suggested to describe an additional register stage after this function.  If there is no registered adder/accumulator following the multiply function, two pipeline stages are suggested to allow both the MREG and PREG registers to be used.  If the DSP48 was instantiated in the design, it is suggested to set both the MREG and PREG attributes to 1 when performing multiply functions.
Related violations: <none>

DPOP-2#38 Warning
MREG Output pipelining  
DSP swervolf/u_kalman/u_core/u_gemm/gen_row[2].gen_col[2].u_mul/s1_product_reg multiplier stage swervolf/u_kalman/u_core/u_gemm/gen_row[2].gen_col[2].u_mul/s1_product_reg/P[47:0] is not pipelined (MREG=0). Pipelining the multiplier function will improve performance and will save significant power so it is suggested whenever possible to fully pipeline this function.  If this multiplier was inferred, it is suggested to describe an additional register stage after this function.  If there is no registered adder/accumulator following the multiply function, two pipeline stages are suggested to allow both the MREG and PREG registers to be used.  If the DSP48 was instantiated in the design, it is suggested to set both the MREG and PREG attributes to 1 when performing multiply functions.
Related violations: <none>

DPOP-2#39 Warning
MREG Output pipelining  
DSP swervolf/u_kalman/u_core/u_gemm/gen_row[2].gen_col[2].u_mul/s1_product_reg__0 multiplier stage swervolf/u_kalman/u_core/u_gemm/gen_row[2].gen_col[2].u_mul/s1_product_reg__0/P[47:0] is not pipelined (MREG=0). Pipelining the multiplier function will improve performance and will save significant power so it is suggested whenever possible to fully pipeline this function.  If this multiplier was inferred, it is suggested to describe an additional register stage after this function.  If there is no registered adder/accumulator following the multiply function, two pipeline stages are suggested to allow both the MREG and PREG registers to be used.  If the DSP48 was instantiated in the design, it is suggested to set both the MREG and PREG attributes to 1 when performing multiply functions.
Related violations: <none>

DPOP-2#40 Warning
MREG Output pipelining  
DSP swervolf/u_kalman/u_core/u_gemm/gen_row[2].gen_col[2].u_mul/s1_product_reg__1 multiplier stage swervolf/u_kalman/u_core/u_gemm/gen_row[2].gen_col[2].u_mul/s1_product_reg__1/P[47:0] is not pipelined (MREG=0). Pipelining the multiplier function will improve performance and will save significant power so it is suggested whenever possible to fully pipeline this function.  If this multiplier was inferred, it is suggested to describe an additional register stage after this function.  If there is no registered adder/accumulator following the multiply function, two pipeline stages are suggested to allow both the MREG and PREG registers to be used.  If the DSP48 was instantiated in the design, it is suggested to set both the MREG and PREG attributes to 1 when performing multiply functions.
Related violations: <none>

DPOP-2#41 Warning
MREG Output pipelining  
DSP swervolf/u_kalman/u_core/u_k0/s1_product0__0 multiplier stage swervolf/u_kalman/u_core/u_k0/s1_product0__0/P[47:0] is not pipelined (MREG=0). Pipelining the multiplier function will improve performance and will save significant power so it is suggested whenever possible to fully pipeline this function.  If this multiplier was inferred, it is suggested to describe an additional register stage after this function.  If there is no registered adder/accumulator following the multiply function, two pipeline stages are suggested to allow both the MREG and PREG registers to be used.  If the DSP48 was instantiated in the design, it is suggested to set both the MREG and PREG attributes to 1 when performing multiply functions.
Related violations: <none>

DPOP-2#42 Warning
MREG Output pipelining  
DSP swervolf/u_kalman/u_core/u_k0/s1_product_reg multiplier stage swervolf/u_kalman/u_core/u_k0/s1_product_reg/P[47:0] is not pipelined (MREG=0). Pipelining the multiplier function will improve performance and will save significant power so it is suggested whenever possible to fully pipeline this function.  If this multiplier was inferred, it is suggested to describe an additional register stage after this function.  If there is no registered adder/accumulator following the multiply function, two pipeline stages are suggested to allow both the MREG and PREG registers to be used.  If the DSP48 was instantiated in the design, it is suggested to set both the MREG and PREG attributes to 1 when performing multiply functions.
Related violations: <none>

DPOP-2#43 Warning
MREG Output pipelining  
DSP swervolf/u_kalman/u_core/u_k0/s1_product_reg__0 multiplier stage swervolf/u_kalman/u_core/u_k0/s1_product_reg__0/P[47:0] is not pipelined (MREG=0). Pipelining the multiplier function will improve performance and will save significant power so it is suggested whenever possible to fully pipeline this function.  If this multiplier was inferred, it is suggested to describe an additional register stage after this function.  If there is no registered adder/accumulator following the multiply function, two pipeline stages are suggested to allow both the MREG and PREG registers to be used.  If the DSP48 was instantiated in the design, it is suggested to set both the MREG and PREG attributes to 1 when performing multiply functions.
Related violations: <none>

DPOP-2#44 Warning
MREG Output pipelining  
DSP swervolf/u_kalman/u_core/u_k0/s1_product_reg__1 multiplier stage swervolf/u_kalman/u_core/u_k0/s1_product_reg__1/P[47:0] is not pipelined (MREG=0). Pipelining the multiplier function will improve performance and will save significant power so it is suggested whenever possible to fully pipeline this function.  If this multiplier was inferred, it is suggested to describe an additional register stage after this function.  If there is no registered adder/accumulator following the multiply function, two pipeline stages are suggested to allow both the MREG and PREG registers to be used.  If the DSP48 was instantiated in the design, it is suggested to set both the MREG and PREG attributes to 1 when performing multiply functions.
Related violations: <none>

DPOP-2#45 Warning
MREG Output pipelining  
DSP swervolf/u_kalman/u_core/u_k1/s1_product0__0 multiplier stage swervolf/u_kalman/u_core/u_k1/s1_product0__0/P[47:0] is not pipelined (MREG=0). Pipelining the multiplier function will improve performance and will save significant power so it is suggested whenever possible to fully pipeline this function.  If this multiplier was inferred, it is suggested to describe an additional register stage after this function.  If there is no registered adder/accumulator following the multiply function, two pipeline stages are suggested to allow both the MREG and PREG registers to be used.  If the DSP48 was instantiated in the design, it is suggested to set both the MREG and PREG attributes to 1 when performing multiply functions.
Related violations: <none>

DPOP-2#46 Warning
MREG Output pipelining  
DSP swervolf/u_kalman/u_core/u_k1/s1_product_reg multiplier stage swervolf/u_kalman/u_core/u_k1/s1_product_reg/P[47:0] is not pipelined (MREG=0). Pipelining the multiplier function will improve performance and will save significant power so it is suggested whenever possible to fully pipeline this function.  If this multiplier was inferred, it is suggested to describe an additional register stage after this function.  If there is no registered adder/accumulator following the multiply function, two pipeline stages are suggested to allow both the MREG and PREG registers to be used.  If the DSP48 was instantiated in the design, it is suggested to set both the MREG and PREG attributes to 1 when performing multiply functions.
Related violations: <none>

DPOP-2#47 Warning
MREG Output pipelining  
DSP swervolf/u_kalman/u_core/u_k1/s1_product_reg__0 multiplier stage swervolf/u_kalman/u_core/u_k1/s1_product_reg__0/P[47:0] is not pipelined (MREG=0). Pipelining the multiplier function will improve performance and will save significant power so it is suggested whenever possible to fully pipeline this function.  If this multiplier was inferred, it is suggested to describe an additional register stage after this function.  If there is no registered adder/accumulator following the multiply function, two pipeline stages are suggested to allow both the MREG and PREG registers to be used.  If the DSP48 was instantiated in the design, it is suggested to set both the MREG and PREG attributes to 1 when performing multiply functions.
Related violations: <none>

DPOP-2#48 Warning
MREG Output pipelining  
DSP swervolf/u_kalman/u_core/u_k1/s1_product_reg__1 multiplier stage swervolf/u_kalman/u_core/u_k1/s1_product_reg__1/P[47:0] is not pipelined (MREG=0). Pipelining the multiplier function will improve performance and will save significant power so it is suggested whenever possible to fully pipeline this function.  If this multiplier was inferred, it is suggested to describe an additional register stage after this function.  If there is no registered adder/accumulator following the multiply function, two pipeline stages are suggested to allow both the MREG and PREG registers to be used.  If the DSP48 was instantiated in the design, it is suggested to set both the MREG and PREG attributes to 1 when performing multiply functions.
Related violations: <none>

DPOP-2#49 Warning
MREG Output pipelining  
DSP swervolf/u_kalman/u_core/u_k2/s1_product0__0 multiplier stage swervolf/u_kalman/u_core/u_k2/s1_product0__0/P[47:0] is not pipelined (MREG=0). Pipelining the multiplier function will improve performance and will save significant power so it is suggested whenever possible to fully pipeline this function.  If this multiplier was inferred, it is suggested to describe an additional register stage after this function.  If there is no registered adder/accumulator following the multiply function, two pipeline stages are suggested to allow both the MREG and PREG registers to be used.  If the DSP48 was instantiated in the design, it is suggested to set both the MREG and PREG attributes to 1 when performing multiply functions.
Related violations: <none>

DPOP-2#50 Warning
MREG Output pipelining  
DSP swervolf/u_kalman/u_core/u_k2/s1_product_reg multiplier stage swervolf/u_kalman/u_core/u_k2/s1_product_reg/P[47:0] is not pipelined (MREG=0). Pipelining the multiplier function will improve performance and will save significant power so it is suggested whenever possible to fully pipeline this function.  If this multiplier was inferred, it is suggested to describe an additional register stage after this function.  If there is no registered adder/accumulator following the multiply function, two pipeline stages are suggested to allow both the MREG and PREG registers to be used.  If the DSP48 was instantiated in the design, it is suggested to set both the MREG and PREG attributes to 1 when performing multiply functions.
Related violations: <none>

DPOP-2#51 Warning
MREG Output pipelining  
DSP swervolf/u_kalman/u_core/u_k2/s1_product_reg__0 multiplier stage swervolf/u_kalman/u_core/u_k2/s1_product_reg__0/P[47:0] is not pipelined (MREG=0). Pipelining the multiplier function will improve performance and will save significant power so it is suggested whenever possible to fully pipeline this function.  If this multiplier was inferred, it is suggested to describe an additional register stage after this function.  If there is no registered adder/accumulator following the multiply function, two pipeline stages are suggested to allow both the MREG and PREG registers to be used.  If the DSP48 was instantiated in the design, it is suggested to set both the MREG and PREG attributes to 1 when performing multiply functions.
Related violations: <none>

DPOP-2#52 Warning
MREG Output pipelining  
DSP swervolf/u_kalman/u_core/u_k2/s1_product_reg__1 multiplier stage swervolf/u_kalman/u_core/u_k2/s1_product_reg__1/P[47:0] is not pipelined (MREG=0). Pipelining the multiplier function will improve performance and will save significant power so it is suggested whenever possible to fully pipeline this function.  If this multiplier was inferred, it is suggested to describe an additional register stage after this function.  If there is no registered adder/accumulator following the multiply function, two pipeline stages are suggested to allow both the MREG and PREG registers to be used.  If the DSP48 was instantiated in the design, it is suggested to set both the MREG and PREG attributes to 1 when performing multiply functions.
Related violations: <none>

DPOP-2#53 Warning
MREG Output pipelining  
DSP swervolf/u_kalman/u_core/u_ky0/s1_product0__0 multiplier stage swervolf/u_kalman/u_core/u_ky0/s1_product0__0/P[47:0] is not pipelined (MREG=0). Pipelining the multiplier function will improve performance and will save significant power so it is suggested whenever possible to fully pipeline this function.  If this multiplier was inferred, it is suggested to describe an additional register stage after this function.  If there is no registered adder/accumulator following the multiply function, two pipeline stages are suggested to allow both the MREG and PREG registers to be used.  If the DSP48 was instantiated in the design, it is suggested to set both the MREG and PREG attributes to 1 when performing multiply functions.
Related violations: <none>

DPOP-2#54 Warning
MREG Output pipelining  
DSP swervolf/u_kalman/u_core/u_ky0/s1_product_reg multiplier stage swervolf/u_kalman/u_core/u_ky0/s1_product_reg/P[47:0] is not pipelined (MREG=0). Pipelining the multiplier function will improve performance and will save significant power so it is suggested whenever possible to fully pipeline this function.  If this multiplier was inferred, it is suggested to describe an additional register stage after this function.  If there is no registered adder/accumulator following the multiply function, two pipeline stages are suggested to allow both the MREG and PREG registers to be used.  If the DSP48 was instantiated in the design, it is suggested to set both the MREG and PREG attributes to 1 when performing multiply functions.
Related violations: <none>

DPOP-2#55 Warning
MREG Output pipelining  
DSP swervolf/u_kalman/u_core/u_ky0/s1_product_reg__0 multiplier stage swervolf/u_kalman/u_core/u_ky0/s1_product_reg__0/P[47:0] is not pipelined (MREG=0). Pipelining the multiplier function will improve performance and will save significant power so it is suggested whenever possible to fully pipeline this function.  If this multiplier was inferred, it is suggested to describe an additional register stage after this function.  If there is no registered adder/accumulator following the multiply function, two pipeline stages are suggested to allow both the MREG and PREG registers to be used.  If the DSP48 was instantiated in the design, it is suggested to set both the MREG and PREG attributes to 1 when performing multiply functions.
Related violations: <none>

DPOP-2#56 Warning
MREG Output pipelining  
DSP swervolf/u_kalman/u_core/u_ky0/s1_product_reg__1 multiplier stage swervolf/u_kalman/u_core/u_ky0/s1_product_reg__1/P[47:0] is not pipelined (MREG=0). Pipelining the multiplier function will improve performance and will save significant power so it is suggested whenever possible to fully pipeline this function.  If this multiplier was inferred, it is suggested to describe an additional register stage after this function.  If there is no registered adder/accumulator following the multiply function, two pipeline stages are suggested to allow both the MREG and PREG registers to be used.  If the DSP48 was instantiated in the design, it is suggested to set both the MREG and PREG attributes to 1 when performing multiply functions.
Related violations: <none>

DPOP-2#57 Warning
MREG Output pipelining  
DSP swervolf/u_kalman/u_core/u_ky1/s1_product0__0 multiplier stage swervolf/u_kalman/u_core/u_ky1/s1_product0__0/P[47:0] is not pipelined (MREG=0). Pipelining the multiplier function will improve performance and will save significant power so it is suggested whenever possible to fully pipeline this function.  If this multiplier was inferred, it is suggested to describe an additional register stage after this function.  If there is no registered adder/accumulator following the multiply function, two pipeline stages are suggested to allow both the MREG and PREG registers to be used.  If the DSP48 was instantiated in the design, it is suggested to set both the MREG and PREG attributes to 1 when performing multiply functions.
Related violations: <none>

DPOP-2#58 Warning
MREG Output pipelining  
DSP swervolf/u_kalman/u_core/u_ky1/s1_product_reg multiplier stage swervolf/u_kalman/u_core/u_ky1/s1_product_reg/P[47:0] is not pipelined (MREG=0). Pipelining the multiplier function will improve performance and will save significant power so it is suggested whenever possible to fully pipeline this function.  If this multiplier was inferred, it is suggested to describe an additional register stage after this function.  If there is no registered adder/accumulator following the multiply function, two pipeline stages are suggested to allow both the MREG and PREG registers to be used.  If the DSP48 was instantiated in the design, it is suggested to set both the MREG and PREG attributes to 1 when performing multiply functions.
Related violations: <none>

DPOP-2#59 Warning
MREG Output pipelining  
DSP swervolf/u_kalman/u_core/u_ky1/s1_product_reg__0 multiplier stage swervolf/u_kalman/u_core/u_ky1/s1_product_reg__0/P[47:0] is not pipelined (MREG=0). Pipelining the multiplier function will improve performance and will save significant power so it is suggested whenever possible to fully pipeline this function.  If this multiplier was inferred, it is suggested to describe an additional register stage after this function.  If there is no registered adder/accumulator following the multiply function, two pipeline stages are suggested to allow both the MREG and PREG registers to be used.  If the DSP48 was instantiated in the design, it is suggested to set both the MREG and PREG attributes to 1 when performing multiply functions.
Related violations: <none>

DPOP-2#60 Warning
MREG Output pipelining  
DSP swervolf/u_kalman/u_core/u_ky1/s1_product_reg__1 multiplier stage swervolf/u_kalman/u_core/u_ky1/s1_product_reg__1/P[47:0] is not pipelined (MREG=0). Pipelining the multiplier function will improve performance and will save significant power so it is suggested whenever possible to fully pipeline this function.  If this multiplier was inferred, it is suggested to describe an additional register stage after this function.  If there is no registered adder/accumulator following the multiply function, two pipeline stages are suggested to allow both the MREG and PREG registers to be used.  If the DSP48 was instantiated in the design, it is suggested to set both the MREG and PREG attributes to 1 when performing multiply functions.
Related violations: <none>

DPOP-2#61 Warning
MREG Output pipelining  
DSP swervolf/u_kalman/u_core/u_ky2/s1_product0__0 multiplier stage swervolf/u_kalman/u_core/u_ky2/s1_product0__0/P[47:0] is not pipelined (MREG=0). Pipelining the multiplier function will improve performance and will save significant power so it is suggested whenever possible to fully pipeline this function.  If this multiplier was inferred, it is suggested to describe an additional register stage after this function.  If there is no registered adder/accumulator following the multiply function, two pipeline stages are suggested to allow both the MREG and PREG registers to be used.  If the DSP48 was instantiated in the design, it is suggested to set both the MREG and PREG attributes to 1 when performing multiply functions.
Related violations: <none>

DPOP-2#62 Warning
MREG Output pipelining  
DSP swervolf/u_kalman/u_core/u_ky2/s1_product_reg multiplier stage swervolf/u_kalman/u_core/u_ky2/s1_product_reg/P[47:0] is not pipelined (MREG=0). Pipelining the multiplier function will improve performance and will save significant power so it is suggested whenever possible to fully pipeline this function.  If this multiplier was inferred, it is suggested to describe an additional register stage after this function.  If there is no registered adder/accumulator following the multiply function, two pipeline stages are suggested to allow both the MREG and PREG registers to be used.  If the DSP48 was instantiated in the design, it is suggested to set both the MREG and PREG attributes to 1 when performing multiply functions.
Related violations: <none>

DPOP-2#63 Warning
MREG Output pipelining  
DSP swervolf/u_kalman/u_core/u_ky2/s1_product_reg__0 multiplier stage swervolf/u_kalman/u_core/u_ky2/s1_product_reg__0/P[47:0] is not pipelined (MREG=0). Pipelining the multiplier function will improve performance and will save significant power so it is suggested whenever possible to fully pipeline this function.  If this multiplier was inferred, it is suggested to describe an additional register stage after this function.  If there is no registered adder/accumulator following the multiply function, two pipeline stages are suggested to allow both the MREG and PREG registers to be used.  If the DSP48 was instantiated in the design, it is suggested to set both the MREG and PREG attributes to 1 when performing multiply functions.
Related violations: <none>

DPOP-2#64 Warning
MREG Output pipelining  
DSP swervolf/u_kalman/u_core/u_ky2/s1_product_reg__1 multiplier stage swervolf/u_kalman/u_core/u_ky2/s1_product_reg__1/P[47:0] is not pipelined (MREG=0). Pipelining the multiplier function will improve performance and will save significant power so it is suggested whenever possible to fully pipeline this function.  If this multiplier was inferred, it is suggested to describe an additional register stage after this function.  If there is no registered adder/accumulator following the multiply function, two pipeline stages are suggested to allow both the MREG and PREG registers to be used.  If the DSP48 was instantiated in the design, it is suggested to set both the MREG and PREG attributes to 1 when performing multiply functions.
Related violations: <none>

DPOP-2#65 Warning
MREG Output pipelining  
DSP swervolf/u_kalman/u_core/u_nr_mul1/s1_product0__0 multiplier stage swervolf/u_kalman/u_core/u_nr_mul1/s1_product0__0/P[47:0] is not pipelined (MREG=0). Pipelining the multiplier function will improve performance and will save significant power so it is suggested whenever possible to fully pipeline this function.  If this multiplier was inferred, it is suggested to describe an additional register stage after this function.  If there is no registered adder/accumulator following the multiply function, two pipeline stages are suggested to allow both the MREG and PREG registers to be used.  If the DSP48 was instantiated in the design, it is suggested to set both the MREG and PREG attributes to 1 when performing multiply functions.
Related violations: <none>

DPOP-2#66 Warning
MREG Output pipelining  
DSP swervolf/u_kalman/u_core/u_nr_mul1/s1_product_reg multiplier stage swervolf/u_kalman/u_core/u_nr_mul1/s1_product_reg/P[47:0] is not pipelined (MREG=0). Pipelining the multiplier function will improve performance and will save significant power so it is suggested whenever possible to fully pipeline this function.  If this multiplier was inferred, it is suggested to describe an additional register stage after this function.  If there is no registered adder/accumulator following the multiply function, two pipeline stages are suggested to allow both the MREG and PREG registers to be used.  If the DSP48 was instantiated in the design, it is suggested to set both the MREG and PREG attributes to 1 when performing multiply functions.
Related violations: <none>

DPOP-2#67 Warning
MREG Output pipelining  
DSP swervolf/u_kalman/u_core/u_nr_mul1/s1_product_reg__0 multiplier stage swervolf/u_kalman/u_core/u_nr_mul1/s1_product_reg__0/P[47:0] is not pipelined (MREG=0). Pipelining the multiplier function will improve performance and will save significant power so it is suggested whenever possible to fully pipeline this function.  If this multiplier was inferred, it is suggested to describe an additional register stage after this function.  If there is no registered adder/accumulator following the multiply function, two pipeline stages are suggested to allow both the MREG and PREG registers to be used.  If the DSP48 was instantiated in the design, it is suggested to set both the MREG and PREG attributes to 1 when performing multiply functions.
Related violations: <none>

DPOP-2#68 Warning
MREG Output pipelining  
DSP swervolf/u_kalman/u_core/u_nr_mul1/s1_product_reg__1 multiplier stage swervolf/u_kalman/u_core/u_nr_mul1/s1_product_reg__1/P[47:0] is not pipelined (MREG=0). Pipelining the multiplier function will improve performance and will save significant power so it is suggested whenever possible to fully pipeline this function.  If this multiplier was inferred, it is suggested to describe an additional register stage after this function.  If there is no registered adder/accumulator following the multiply function, two pipeline stages are suggested to allow both the MREG and PREG registers to be used.  If the DSP48 was instantiated in the design, it is suggested to set both the MREG and PREG attributes to 1 when performing multiply functions.
Related violations: <none>

DPOP-2#69 Warning
MREG Output pipelining  
DSP swervolf/u_kalman/u_core/u_nr_mul2/s1_product0__0 multiplier stage swervolf/u_kalman/u_core/u_nr_mul2/s1_product0__0/P[47:0] is not pipelined (MREG=0). Pipelining the multiplier function will improve performance and will save significant power so it is suggested whenever possible to fully pipeline this function.  If this multiplier was inferred, it is suggested to describe an additional register stage after this function.  If there is no registered adder/accumulator following the multiply function, two pipeline stages are suggested to allow both the MREG and PREG registers to be used.  If the DSP48 was instantiated in the design, it is suggested to set both the MREG and PREG attributes to 1 when performing multiply functions.
Related violations: <none>

DPOP-2#70 Warning
MREG Output pipelining  
DSP swervolf/u_kalman/u_core/u_nr_mul2/s1_product_reg multiplier stage swervolf/u_kalman/u_core/u_nr_mul2/s1_product_reg/P[47:0] is not pipelined (MREG=0). Pipelining the multiplier function will improve performance and will save significant power so it is suggested whenever possible to fully pipeline this function.  If this multiplier was inferred, it is suggested to describe an additional register stage after this function.  If there is no registered adder/accumulator following the multiply function, two pipeline stages are suggested to allow both the MREG and PREG registers to be used.  If the DSP48 was instantiated in the design, it is suggested to set both the MREG and PREG attributes to 1 when performing multiply functions.
Related violations: <none>

DPOP-2#71 Warning
MREG Output pipelining  
DSP swervolf/u_kalman/u_core/u_nr_mul2/s1_product_reg__0 multiplier stage swervolf/u_kalman/u_core/u_nr_mul2/s1_product_reg__0/P[47:0] is not pipelined (MREG=0). Pipelining the multiplier function will improve performance and will save significant power so it is suggested whenever possible to fully pipeline this function.  If this multiplier was inferred, it is suggested to describe an additional register stage after this function.  If there is no registered adder/accumulator following the multiply function, two pipeline stages are suggested to allow both the MREG and PREG registers to be used.  If the DSP48 was instantiated in the design, it is suggested to set both the MREG and PREG attributes to 1 when performing multiply functions.
Related violations: <none>

DPOP-2#72 Warning
MREG Output pipelining  
DSP swervolf/u_kalman/u_core/u_nr_mul2/s1_product_reg__1 multiplier stage swervolf/u_kalman/u_core/u_nr_mul2/s1_product_reg__1/P[47:0] is not pipelined (MREG=0). Pipelining the multiplier function will improve performance and will save significant power so it is suggested whenever possible to fully pipeline this function.  If this multiplier was inferred, it is suggested to describe an additional register stage after this function.  If there is no registered adder/accumulator following the multiply function, two pipeline stages are suggested to allow both the MREG and PREG registers to be used.  If the DSP48 was instantiated in the design, it is suggested to set both the MREG and PREG attributes to 1 when performing multiply functions.
Related violations: <none>

REQP-1839#1 Warning
RAMB36 async control check  
The RAMB36E1 ddr2/ldc/storage_10_reg_0 has an input control pin ddr2/ldc/storage_10_reg_0/ENBWREN (net: ddr2/ldc/grant_reg_0) which is driven by a register (cdc/i_axi_cdc/i_cdc_fifo_gray_w/i_dst/i_spill_register/gen_spill_reg.a_full_q_reg) that has an active asychronous set or reset. This may cause corruption of the memory contents and/or read values when the set/reset is asserted and is not analyzed by the default static timing analysis. It is suggested to eliminate the use of a set/reset to registers driving this RAMB pin or else use a synchronous reset in which the assertion of the reset is timed by default.
Related violations: <none>

REQP-1839#2 Warning
RAMB36 async control check  
The RAMB36E1 ddr2/ldc/storage_10_reg_0 has an input control pin ddr2/ldc/storage_10_reg_0/ENBWREN (net: ddr2/ldc/grant_reg_0) which is driven by a register (cdc/i_axi_cdc/i_cdc_fifo_gray_w/i_dst/i_spill_register/gen_spill_reg.b_full_q_reg) that has an active asychronous set or reset. This may cause corruption of the memory contents and/or read values when the set/reset is asserted and is not analyzed by the default static timing analysis. It is suggested to eliminate the use of a set/reset to registers driving this RAMB pin or else use a synchronous reset in which the assertion of the reset is timed by default.
Related violations: <none>

REQP-1839#3 Warning
RAMB36 async control check  
The RAMB36E1 ddr2/ldc/storage_13_reg has an input control pin ddr2/ldc/storage_13_reg/ENARDEN (net: ddr2/ldc/read_r_buffer_syncfifo_re) which is driven by a register (cdc/i_axi_cdc/i_cdc_fifo_gray_r/i_src/gen_sync[0].i_sync/reg_q_reg[1]) that has an active asychronous set or reset. This may cause corruption of the memory contents and/or read values when the set/reset is asserted and is not analyzed by the default static timing analysis. It is suggested to eliminate the use of a set/reset to registers driving this RAMB pin or else use a synchronous reset in which the assertion of the reset is timed by default.
Related violations: <none>

REQP-1839#4 Warning
RAMB36 async control check  
The RAMB36E1 ddr2/ldc/storage_13_reg has an input control pin ddr2/ldc/storage_13_reg/ENARDEN (net: ddr2/ldc/read_r_buffer_syncfifo_re) which is driven by a register (cdc/i_axi_cdc/i_cdc_fifo_gray_r/i_src/gen_sync[1].i_sync/reg_q_reg[1]) that has an active asychronous set or reset. This may cause corruption of the memory contents and/or read values when the set/reset is asserted and is not analyzed by the default static timing analysis. It is suggested to eliminate the use of a set/reset to registers driving this RAMB pin or else use a synchronous reset in which the assertion of the reset is timed by default.
Related violations: <none>

REQP-1839#5 Warning
RAMB36 async control check  
The RAMB36E1 ddr2/ldc/storage_13_reg has an input control pin ddr2/ldc/storage_13_reg/ENARDEN (net: ddr2/ldc/read_r_buffer_syncfifo_re) which is driven by a register (cdc/i_axi_cdc/i_cdc_fifo_gray_r/i_src/wptr_q_reg[0]) that has an active asychronous set or reset. This may cause corruption of the memory contents and/or read values when the set/reset is asserted and is not analyzed by the default static timing analysis. It is suggested to eliminate the use of a set/reset to registers driving this RAMB pin or else use a synchronous reset in which the assertion of the reset is timed by default.
Related violations: <none>

REQP-1839#6 Warning
RAMB36 async control check  
The RAMB36E1 ddr2/ldc/storage_13_reg has an input control pin ddr2/ldc/storage_13_reg/ENARDEN (net: ddr2/ldc/read_r_buffer_syncfifo_re) which is driven by a register (cdc/i_axi_cdc/i_cdc_fifo_gray_r/i_src/wptr_q_reg[1]) that has an active asychronous set or reset. This may cause corruption of the memory contents and/or read values when the set/reset is asserted and is not analyzed by the default static timing analysis. It is suggested to eliminate the use of a set/reset to registers driving this RAMB pin or else use a synchronous reset in which the assertion of the reset is timed by default.
Related violations: <none>

REQP-1839#7 Warning
RAMB36 async control check  
The RAMB36E1 swervolf/rvtop/mem/Gen_dccm_enable.dccm/mem_bank[0].dccm.dccm_bank/ram_core_reg_0 has an input control pin swervolf/rvtop/mem/Gen_dccm_enable.dccm/mem_bank[0].dccm.dccm_bank/ram_core_reg_0/ADDRARDADDR[14] (net: swervolf/rvtop/mem/Gen_dccm_enable.dccm/mem_bank[0].dccm.dccm_bank/ADR[9]) which is driven by a register (swervolf/rvtop/mem/Gen_dccm_enable.dccm/rd_addr_hi_ff/dout_reg[0]) that has an active asychronous set or reset. This may cause corruption of the memory contents and/or read values when the set/reset is asserted and is not analyzed by the default static timing analysis. It is suggested to eliminate the use of a set/reset to registers driving this RAMB pin or else use a synchronous reset in which the assertion of the reset is timed by default.
Related violations: <none>

REQP-1839#8 Warning
RAMB36 async control check  
The RAMB36E1 swervolf/rvtop/mem/Gen_dccm_enable.dccm/mem_bank[0].dccm.dccm_bank/ram_core_reg_0 has an input control pin swervolf/rvtop/mem/Gen_dccm_enable.dccm/mem_bank[0].dccm.dccm_bank/ram_core_reg_0/ADDRARDADDR[14] (net: swervolf/rvtop/mem/Gen_dccm_enable.dccm/mem_bank[0].dccm.dccm_bank/ADR[9]) which is driven by a register (swervolf/rvtop/mem/Gen_dccm_enable.dccm/rd_addr_hi_ff/dout_reg[1]) that has an active asychronous set or reset. This may cause corruption of the memory contents and/or read values when the set/reset is asserted and is not analyzed by the default static timing analysis. It is suggested to eliminate the use of a set/reset to registers driving this RAMB pin or else use a synchronous reset in which the assertion of the reset is timed by default.
Related violations: <none>

REQP-1839#9 Warning
RAMB36 async control check  
The RAMB36E1 swervolf/rvtop/mem/Gen_dccm_enable.dccm/mem_bank[0].dccm.dccm_bank/ram_core_reg_0 has an input control pin swervolf/rvtop/mem/Gen_dccm_enable.dccm/mem_bank[0].dccm.dccm_bank/ram_core_reg_0/ADDRARDADDR[14] (net: swervolf/rvtop/mem/Gen_dccm_enable.dccm/mem_bank[0].dccm.dccm_bank/ADR[9]) which is driven by a register (swervolf/rvtop/mem/Gen_dccm_enable.dccm/rd_addr_lo_ff/dout_reg[0]) that has an active asychronous set or reset. This may cause corruption of the memory contents and/or read values when the set/reset is asserted and is not analyzed by the default static timing analysis. It is suggested to eliminate the use of a set/reset to registers driving this RAMB pin or else use a synchronous reset in which the assertion of the reset is timed by default.
Related violations: <none>

REQP-1839#10 Warning
RAMB36 async control check  
The RAMB36E1 swervolf/rvtop/mem/Gen_dccm_enable.dccm/mem_bank[0].dccm.dccm_bank/ram_core_reg_0 has an input control pin swervolf/rvtop/mem/Gen_dccm_enable.dccm/mem_bank[0].dccm.dccm_bank/ram_core_reg_0/ADDRARDADDR[14] (net: swervolf/rvtop/mem/Gen_dccm_enable.dccm/mem_bank[0].dccm.dccm_bank/ADR[9]) which is driven by a register (swervolf/rvtop/mem/Gen_dccm_enable.dccm/rd_addr_lo_ff/dout_reg[1]) that has an active asychronous set or reset. This may cause corruption of the memory contents and/or read values when the set/reset is asserted and is not analyzed by the default static timing analysis. It is suggested to eliminate the use of a set/reset to registers driving this RAMB pin or else use a synchronous reset in which the assertion of the reset is timed by default.
Related violations: <none>

REQP-1839#11 Warning
RAMB36 async control check  
The RAMB36E1 swervolf/rvtop/mem/Gen_dccm_enable.dccm/mem_bank[0].dccm.dccm_bank/ram_core_reg_0 has an input control pin swervolf/rvtop/mem/Gen_dccm_enable.dccm/mem_bank[0].dccm.dccm_bank/ram_core_reg_0/ADDRARDADDR[14] (net: swervolf/rvtop/mem/Gen_dccm_enable.dccm/mem_bank[0].dccm.dccm_bank/ADR[9]) which is driven by a register (swervolf/rvtop/veer/dbg/dbg_data0_reg/genblock.genblock.dff/genblock.dffs/dout_reg[0]) that has an active asychronous set or reset. This may cause corruption of the memory contents and/or read values when the set/reset is asserted and is not analyzed by the default static timing analysis. It is suggested to eliminate the use of a set/reset to registers driving this RAMB pin or else use a synchronous reset in which the assertion of the reset is timed by default.
Related violations: <none>

REQP-1839#12 Warning
RAMB36 async control check  
The RAMB36E1 swervolf/rvtop/mem/Gen_dccm_enable.dccm/mem_bank[0].dccm.dccm_bank/ram_core_reg_0 has an input control pin swervolf/rvtop/mem/Gen_dccm_enable.dccm/mem_bank[0].dccm.dccm_bank/ram_core_reg_0/ADDRARDADDR[14] (net: swervolf/rvtop/mem/Gen_dccm_enable.dccm/mem_bank[0].dccm.dccm_bank/ADR[9]) which is driven by a register (swervolf/rvtop/veer/dbg/dbg_data0_reg/genblock.genblock.dff/genblock.dffs/dout_reg[1]) that has an active asychronous set or reset. This may cause corruption of the memory contents and/or read values when the set/reset is asserted and is not analyzed by the default static timing analysis. It is suggested to eliminate the use of a set/reset to registers driving this RAMB pin or else use a synchronous reset in which the assertion of the reset is timed by default.
Related violations: <none>

REQP-1839#13 Warning
RAMB36 async control check  
The RAMB36E1 swervolf/rvtop/mem/Gen_dccm_enable.dccm/mem_bank[0].dccm.dccm_bank/ram_core_reg_0 has an input control pin swervolf/rvtop/mem/Gen_dccm_enable.dccm/mem_bank[0].dccm.dccm_bank/ram_core_reg_0/ADDRARDADDR[14] (net: swervolf/rvtop/mem/Gen_dccm_enable.dccm/mem_bank[0].dccm.dccm_bank/ADR[9]) which is driven by a register (swervolf/rvtop/veer/dbg/dbg_data1_reg/genblock.genblock.dff/genblock.dffs/dout_reg[0]) that has an active asychronous set or reset. This may cause corruption of the memory contents and/or read values when the set/reset is asserted and is not analyzed by the default static timing analysis. It is suggested to eliminate the use of a set/reset to registers driving this RAMB pin or else use a synchronous reset in which the assertion of the reset is timed by default.
Related violations: <none>

REQP-1839#14 Warning
RAMB36 async control check  
The RAMB36E1 swervolf/rvtop/mem/Gen_dccm_enable.dccm/mem_bank[0].dccm.dccm_bank/ram_core_reg_0 has an input control pin swervolf/rvtop/mem/Gen_dccm_enable.dccm/mem_bank[0].dccm.dccm_bank/ram_core_reg_0/ADDRARDADDR[14] (net: swervolf/rvtop/mem/Gen_dccm_enable.dccm/mem_bank[0].dccm.dccm_bank/ADR[9]) which is driven by a register (swervolf/rvtop/veer/dbg/dbg_data1_reg/genblock.genblock.dff/genblock.dffs/dout_reg[10]) that has an active asychronous set or reset. This may cause corruption of the memory contents and/or read values when the set/reset is asserted and is not analyzed by the default static timing analysis. It is suggested to eliminate the use of a set/reset to registers driving this RAMB pin or else use a synchronous reset in which the assertion of the reset is timed by default.
Related violations: <none>

REQP-1839#15 Warning
RAMB36 async control check  
The RAMB36E1 swervolf/rvtop/mem/Gen_dccm_enable.dccm/mem_bank[0].dccm.dccm_bank/ram_core_reg_0 has an input control pin swervolf/rvtop/mem/Gen_dccm_enable.dccm/mem_bank[0].dccm.dccm_bank/ram_core_reg_0/ADDRARDADDR[14] (net: swervolf/rvtop/mem/Gen_dccm_enable.dccm/mem_bank[0].dccm.dccm_bank/ADR[9]) which is driven by a register (swervolf/rvtop/veer/dbg/dbg_data1_reg/genblock.genblock.dff/genblock.dffs/dout_reg[11]) that has an active asychronous set or reset. This may cause corruption of the memory contents and/or read values when the set/reset is asserted and is not analyzed by the default static timing analysis. It is suggested to eliminate the use of a set/reset to registers driving this RAMB pin or else use a synchronous reset in which the assertion of the reset is timed by default.
Related violations: <none>

REQP-1839#16 Warning
RAMB36 async control check  
The RAMB36E1 swervolf/rvtop/mem/Gen_dccm_enable.dccm/mem_bank[0].dccm.dccm_bank/ram_core_reg_0 has an input control pin swervolf/rvtop/mem/Gen_dccm_enable.dccm/mem_bank[0].dccm.dccm_bank/ram_core_reg_0/ADDRARDADDR[14] (net: swervolf/rvtop/mem/Gen_dccm_enable.dccm/mem_bank[0].dccm.dccm_bank/ADR[9]) which is driven by a register (swervolf/rvtop/veer/dbg/dbg_data1_reg/genblock.genblock.dff/genblock.dffs/dout_reg[1]) that has an active asychronous set or reset. This may cause corruption of the memory contents and/or read values when the set/reset is asserted and is not analyzed by the default static timing analysis. It is suggested to eliminate the use of a set/reset to registers driving this RAMB pin or else use a synchronous reset in which the assertion of the reset is timed by default.
Related violations: <none>

REQP-1839#17 Warning
RAMB36 async control check  
The RAMB36E1 swervolf/rvtop/mem/Gen_dccm_enable.dccm/mem_bank[0].dccm.dccm_bank/ram_core_reg_0 has an input control pin swervolf/rvtop/mem/Gen_dccm_enable.dccm/mem_bank[0].dccm.dccm_bank/ram_core_reg_0/ADDRARDADDR[14] (net: swervolf/rvtop/mem/Gen_dccm_enable.dccm/mem_bank[0].dccm.dccm_bank/ADR[9]) which is driven by a register (swervolf/rvtop/veer/dbg/dmabstractcs_error_reg/dout_reg[0]) that has an active asychronous set or reset. This may cause corruption of the memory contents and/or read values when the set/reset is asserted and is not analyzed by the default static timing analysis. It is suggested to eliminate the use of a set/reset to registers driving this RAMB pin or else use a synchronous reset in which the assertion of the reset is timed by default.
Related violations: <none>

REQP-1839#18 Warning
RAMB36 async control check  
The RAMB36E1 swervolf/rvtop/mem/Gen_dccm_enable.dccm/mem_bank[0].dccm.dccm_bank/ram_core_reg_0 has an input control pin swervolf/rvtop/mem/Gen_dccm_enable.dccm/mem_bank[0].dccm.dccm_bank/ram_core_reg_0/ADDRARDADDR[14] (net: swervolf/rvtop/mem/Gen_dccm_enable.dccm/mem_bank[0].dccm.dccm_bank/ADR[9]) which is driven by a register (swervolf/rvtop/veer/dbg/dmabstractcs_error_reg/dout_reg[1]) that has an active asychronous set or reset. This may cause corruption of the memory contents and/or read values when the set/reset is asserted and is not analyzed by the default static timing analysis. It is suggested to eliminate the use of a set/reset to registers driving this RAMB pin or else use a synchronous reset in which the assertion of the reset is timed by default.
Related violations: <none>

REQP-1839#19 Warning
RAMB36 async control check  
The RAMB36E1 swervolf/rvtop/mem/Gen_dccm_enable.dccm/mem_bank[0].dccm.dccm_bank/ram_core_reg_0 has an input control pin swervolf/rvtop/mem/Gen_dccm_enable.dccm/mem_bank[0].dccm.dccm_bank/ram_core_reg_0/ADDRARDADDR[14] (net: swervolf/rvtop/mem/Gen_dccm_enable.dccm/mem_bank[0].dccm.dccm_bank/ADR[9]) which is driven by a register (swervolf/rvtop/veer/dbg/dmabstractcs_error_reg/dout_reg[2]) that has an active asychronous set or reset. This may cause corruption of the memory contents and/or read values when the set/reset is asserted and is not analyzed by the default static timing analysis. It is suggested to eliminate the use of a set/reset to registers driving this RAMB pin or else use a synchronous reset in which the assertion of the reset is timed by default.
Related violations: <none>

REQP-1839#20 Warning
RAMB36 async control check  
The RAMB36E1 swervolf/rvtop/mem/Gen_dccm_enable.dccm/mem_bank[0].dccm.dccm_bank/ram_core_reg_0 has an input control pin swervolf/rvtop/mem/Gen_dccm_enable.dccm/mem_bank[0].dccm.dccm_bank/ram_core_reg_0/ADDRARDADDR[14] (net: swervolf/rvtop/mem/Gen_dccm_enable.dccm/mem_bank[0].dccm.dccm_bank/ADR[9]) which is driven by a register (swervolf/rvtop/veer/dbg/dmcontrol_wrenff/dout_reg[0]) that has an active asychronous set or reset. This may cause corruption of the memory contents and/or read values when the set/reset is asserted and is not analyzed by the default static timing analysis. It is suggested to eliminate the use of a set/reset to registers driving this RAMB pin or else use a synchronous reset in which the assertion of the reset is timed by default.
Related violations: <none>

REQP-1840#1 Warning
RAMB18 async control check  
The RAMB18E1 ddr2/ldc/storage_10_reg_1 has an input control pin ddr2/ldc/storage_10_reg_1/ENBWREN (net: ddr2/ldc/grant_reg_0) which is driven by a register (cdc/i_axi_cdc/i_cdc_fifo_gray_w/i_dst/i_spill_register/gen_spill_reg.a_full_q_reg) that has an active asychronous set or reset. This may cause corruption of the memory contents and/or read values when the set/reset is asserted and is not analyzed by the default static timing analysis. It is suggested to eliminate the use of a set/reset to registers driving this RAMB pin or else use a synchronous reset in which the assertion of the reset is timed by default.
Related violations: <none>

REQP-1840#2 Warning
RAMB18 async control check  
The RAMB18E1 ddr2/ldc/storage_10_reg_1 has an input control pin ddr2/ldc/storage_10_reg_1/ENBWREN (net: ddr2/ldc/grant_reg_0) which is driven by a register (cdc/i_axi_cdc/i_cdc_fifo_gray_w/i_dst/i_spill_register/gen_spill_reg.b_full_q_reg) that has an active asychronous set or reset. This may cause corruption of the memory contents and/or read values when the set/reset is asserted and is not analyzed by the default static timing analysis. It is suggested to eliminate the use of a set/reset to registers driving this RAMB pin or else use a synchronous reset in which the assertion of the reset is timed by default.
Related violations: <none>

REQP-1840#3 Warning
RAMB18 async control check  
The RAMB18E1 swervolf/rvtop/mem/Gen_dccm_enable.dccm/mem_bank[0].dccm.dccm_bank/ram_core_reg_1 has an input control pin swervolf/rvtop/mem/Gen_dccm_enable.dccm/mem_bank[0].dccm.dccm_bank/ram_core_reg_1/ADDRARDADDR[13] (net: swervolf/rvtop/mem/Gen_dccm_enable.dccm/mem_bank[0].dccm.dccm_bank/ADR[9]) which is driven by a register (swervolf/rvtop/mem/Gen_dccm_enable.dccm/rd_addr_hi_ff/dout_reg[0]) that has an active asychronous set or reset. This may cause corruption of the memory contents and/or read values when the set/reset is asserted and is not analyzed by the default static timing analysis. It is suggested to eliminate the use of a set/reset to registers driving this RAMB pin or else use a synchronous reset in which the assertion of the reset is timed by default.
Related violations: <none>

REQP-1840#4 Warning
RAMB18 async control check  
The RAMB18E1 swervolf/rvtop/mem/Gen_dccm_enable.dccm/mem_bank[0].dccm.dccm_bank/ram_core_reg_1 has an input control pin swervolf/rvtop/mem/Gen_dccm_enable.dccm/mem_bank[0].dccm.dccm_bank/ram_core_reg_1/ADDRARDADDR[13] (net: swervolf/rvtop/mem/Gen_dccm_enable.dccm/mem_bank[0].dccm.dccm_bank/ADR[9]) which is driven by a register (swervolf/rvtop/mem/Gen_dccm_enable.dccm/rd_addr_hi_ff/dout_reg[1]) that has an active asychronous set or reset. This may cause corruption of the memory contents and/or read values when the set/reset is asserted and is not analyzed by the default static timing analysis. It is suggested to eliminate the use of a set/reset to registers driving this RAMB pin or else use a synchronous reset in which the assertion of the reset is timed by default.
Related violations: <none>

REQP-1840#5 Warning
RAMB18 async control check  
The RAMB18E1 swervolf/rvtop/mem/Gen_dccm_enable.dccm/mem_bank[0].dccm.dccm_bank/ram_core_reg_1 has an input control pin swervolf/rvtop/mem/Gen_dccm_enable.dccm/mem_bank[0].dccm.dccm_bank/ram_core_reg_1/ADDRARDADDR[13] (net: swervolf/rvtop/mem/Gen_dccm_enable.dccm/mem_bank[0].dccm.dccm_bank/ADR[9]) which is driven by a register (swervolf/rvtop/mem/Gen_dccm_enable.dccm/rd_addr_lo_ff/dout_reg[0]) that has an active asychronous set or reset. This may cause corruption of the memory contents and/or read values when the set/reset is asserted and is not analyzed by the default static timing analysis. It is suggested to eliminate the use of a set/reset to registers driving this RAMB pin or else use a synchronous reset in which the assertion of the reset is timed by default.
Related violations: <none>

REQP-1840#6 Warning
RAMB18 async control check  
The RAMB18E1 swervolf/rvtop/mem/Gen_dccm_enable.dccm/mem_bank[0].dccm.dccm_bank/ram_core_reg_1 has an input control pin swervolf/rvtop/mem/Gen_dccm_enable.dccm/mem_bank[0].dccm.dccm_bank/ram_core_reg_1/ADDRARDADDR[13] (net: swervolf/rvtop/mem/Gen_dccm_enable.dccm/mem_bank[0].dccm.dccm_bank/ADR[9]) which is driven by a register (swervolf/rvtop/mem/Gen_dccm_enable.dccm/rd_addr_lo_ff/dout_reg[1]) that has an active asychronous set or reset. This may cause corruption of the memory contents and/or read values when the set/reset is asserted and is not analyzed by the default static timing analysis. It is suggested to eliminate the use of a set/reset to registers driving this RAMB pin or else use a synchronous reset in which the assertion of the reset is timed by default.
Related violations: <none>

REQP-1840#7 Warning
RAMB18 async control check  
The RAMB18E1 swervolf/rvtop/mem/Gen_dccm_enable.dccm/mem_bank[0].dccm.dccm_bank/ram_core_reg_1 has an input control pin swervolf/rvtop/mem/Gen_dccm_enable.dccm/mem_bank[0].dccm.dccm_bank/ram_core_reg_1/ADDRARDADDR[13] (net: swervolf/rvtop/mem/Gen_dccm_enable.dccm/mem_bank[0].dccm.dccm_bank/ADR[9]) which is driven by a register (swervolf/rvtop/veer/dbg/dbg_data0_reg/genblock.genblock.dff/genblock.dffs/dout_reg[0]) that has an active asychronous set or reset. This may cause corruption of the memory contents and/or read values when the set/reset is asserted and is not analyzed by the default static timing analysis. It is suggested to eliminate the use of a set/reset to registers driving this RAMB pin or else use a synchronous reset in which the assertion of the reset is timed by default.
Related violations: <none>

REQP-1840#8 Warning
RAMB18 async control check  
The RAMB18E1 swervolf/rvtop/mem/Gen_dccm_enable.dccm/mem_bank[0].dccm.dccm_bank/ram_core_reg_1 has an input control pin swervolf/rvtop/mem/Gen_dccm_enable.dccm/mem_bank[0].dccm.dccm_bank/ram_core_reg_1/ADDRARDADDR[13] (net: swervolf/rvtop/mem/Gen_dccm_enable.dccm/mem_bank[0].dccm.dccm_bank/ADR[9]) which is driven by a register (swervolf/rvtop/veer/dbg/dbg_data0_reg/genblock.genblock.dff/genblock.dffs/dout_reg[1]) that has an active asychronous set or reset. This may cause corruption of the memory contents and/or read values when the set/reset is asserted and is not analyzed by the default static timing analysis. It is suggested to eliminate the use of a set/reset to registers driving this RAMB pin or else use a synchronous reset in which the assertion of the reset is timed by default.
Related violations: <none>

REQP-1840#9 Warning
RAMB18 async control check  
The RAMB18E1 swervolf/rvtop/mem/Gen_dccm_enable.dccm/mem_bank[0].dccm.dccm_bank/ram_core_reg_1 has an input control pin swervolf/rvtop/mem/Gen_dccm_enable.dccm/mem_bank[0].dccm.dccm_bank/ram_core_reg_1/ADDRARDADDR[13] (net: swervolf/rvtop/mem/Gen_dccm_enable.dccm/mem_bank[0].dccm.dccm_bank/ADR[9]) which is driven by a register (swervolf/rvtop/veer/dbg/dbg_data1_reg/genblock.genblock.dff/genblock.dffs/dout_reg[0]) that has an active asychronous set or reset. This may cause corruption of the memory contents and/or read values when the set/reset is asserted and is not analyzed by the default static timing analysis. It is suggested to eliminate the use of a set/reset to registers driving this RAMB pin or else use a synchronous reset in which the assertion of the reset is timed by default.
Related violations: <none>

REQP-1840#10 Warning
RAMB18 async control check  
The RAMB18E1 swervolf/rvtop/mem/Gen_dccm_enable.dccm/mem_bank[0].dccm.dccm_bank/ram_core_reg_1 has an input control pin swervolf/rvtop/mem/Gen_dccm_enable.dccm/mem_bank[0].dccm.dccm_bank/ram_core_reg_1/ADDRARDADDR[13] (net: swervolf/rvtop/mem/Gen_dccm_enable.dccm/mem_bank[0].dccm.dccm_bank/ADR[9]) which is driven by a register (swervolf/rvtop/veer/dbg/dbg_data1_reg/genblock.genblock.dff/genblock.dffs/dout_reg[10]) that has an active asychronous set or reset. This may cause corruption of the memory contents and/or read values when the set/reset is asserted and is not analyzed by the default static timing analysis. It is suggested to eliminate the use of a set/reset to registers driving this RAMB pin or else use a synchronous reset in which the assertion of the reset is timed by default.
Related violations: <none>

REQP-1840#11 Warning
RAMB18 async control check  
The RAMB18E1 swervolf/rvtop/mem/Gen_dccm_enable.dccm/mem_bank[0].dccm.dccm_bank/ram_core_reg_1 has an input control pin swervolf/rvtop/mem/Gen_dccm_enable.dccm/mem_bank[0].dccm.dccm_bank/ram_core_reg_1/ADDRARDADDR[13] (net: swervolf/rvtop/mem/Gen_dccm_enable.dccm/mem_bank[0].dccm.dccm_bank/ADR[9]) which is driven by a register (swervolf/rvtop/veer/dbg/dbg_data1_reg/genblock.genblock.dff/genblock.dffs/dout_reg[11]) that has an active asychronous set or reset. This may cause corruption of the memory contents and/or read values when the set/reset is asserted and is not analyzed by the default static timing analysis. It is suggested to eliminate the use of a set/reset to registers driving this RAMB pin or else use a synchronous reset in which the assertion of the reset is timed by default.
Related violations: <none>

REQP-1840#12 Warning
RAMB18 async control check  
The RAMB18E1 swervolf/rvtop/mem/Gen_dccm_enable.dccm/mem_bank[0].dccm.dccm_bank/ram_core_reg_1 has an input control pin swervolf/rvtop/mem/Gen_dccm_enable.dccm/mem_bank[0].dccm.dccm_bank/ram_core_reg_1/ADDRARDADDR[13] (net: swervolf/rvtop/mem/Gen_dccm_enable.dccm/mem_bank[0].dccm.dccm_bank/ADR[9]) which is driven by a register (swervolf/rvtop/veer/dbg/dbg_data1_reg/genblock.genblock.dff/genblock.dffs/dout_reg[1]) that has an active asychronous set or reset. This may cause corruption of the memory contents and/or read values when the set/reset is asserted and is not analyzed by the default static timing analysis. It is suggested to eliminate the use of a set/reset to registers driving this RAMB pin or else use a synchronous reset in which the assertion of the reset is timed by default.
Related violations: <none>

REQP-1840#13 Warning
RAMB18 async control check  
The RAMB18E1 swervolf/rvtop/mem/Gen_dccm_enable.dccm/mem_bank[0].dccm.dccm_bank/ram_core_reg_1 has an input control pin swervolf/rvtop/mem/Gen_dccm_enable.dccm/mem_bank[0].dccm.dccm_bank/ram_core_reg_1/ADDRARDADDR[13] (net: swervolf/rvtop/mem/Gen_dccm_enable.dccm/mem_bank[0].dccm.dccm_bank/ADR[9]) which is driven by a register (swervolf/rvtop/veer/dbg/dbg_data1_reg/genblock.genblock.dff/genblock.dffs/dout_reg[28]) that has an active asychronous set or reset. This may cause corruption of the memory contents and/or read values when the set/reset is asserted and is not analyzed by the default static timing analysis. It is suggested to eliminate the use of a set/reset to registers driving this RAMB pin or else use a synchronous reset in which the assertion of the reset is timed by default.
Related violations: <none>

REQP-1840#14 Warning
RAMB18 async control check  
The RAMB18E1 swervolf/rvtop/mem/Gen_dccm_enable.dccm/mem_bank[0].dccm.dccm_bank/ram_core_reg_1 has an input control pin swervolf/rvtop/mem/Gen_dccm_enable.dccm/mem_bank[0].dccm.dccm_bank/ram_core_reg_1/ADDRARDADDR[13] (net: swervolf/rvtop/mem/Gen_dccm_enable.dccm/mem_bank[0].dccm.dccm_bank/ADR[9]) which is driven by a register (swervolf/rvtop/veer/dbg/dbg_data1_reg/genblock.genblock.dff/genblock.dffs/dout_reg[29]) that has an active asychronous set or reset. This may cause corruption of the memory contents and/or read values when the set/reset is asserted and is not analyzed by the default static timing analysis. It is suggested to eliminate the use of a set/reset to registers driving this RAMB pin or else use a synchronous reset in which the assertion of the reset is timed by default.
Related violations: <none>

REQP-1840#15 Warning
RAMB18 async control check  
The RAMB18E1 swervolf/rvtop/mem/Gen_dccm_enable.dccm/mem_bank[0].dccm.dccm_bank/ram_core_reg_1 has an input control pin swervolf/rvtop/mem/Gen_dccm_enable.dccm/mem_bank[0].dccm.dccm_bank/ram_core_reg_1/ADDRARDADDR[13] (net: swervolf/rvtop/mem/Gen_dccm_enable.dccm/mem_bank[0].dccm.dccm_bank/ADR[9]) which is driven by a register (swervolf/rvtop/veer/dbg/dbg_data1_reg/genblock.genblock.dff/genblock.dffs/dout_reg[2]) that has an active asychronous set or reset. This may cause corruption of the memory contents and/or read values when the set/reset is asserted and is not analyzed by the default static timing analysis. It is suggested to eliminate the use of a set/reset to registers driving this RAMB pin or else use a synchronous reset in which the assertion of the reset is timed by default.
Related violations: <none>

REQP-1840#16 Warning
RAMB18 async control check  
The RAMB18E1 swervolf/rvtop/mem/Gen_dccm_enable.dccm/mem_bank[0].dccm.dccm_bank/ram_core_reg_1 has an input control pin swervolf/rvtop/mem/Gen_dccm_enable.dccm/mem_bank[0].dccm.dccm_bank/ram_core_reg_1/ADDRARDADDR[13] (net: swervolf/rvtop/mem/Gen_dccm_enable.dccm/mem_bank[0].dccm.dccm_bank/ADR[9]) which is driven by a register (swervolf/rvtop/veer/dbg/dbg_data1_reg/genblock.genblock.dff/genblock.dffs/dout_reg[30]) that has an active asychronous set or reset. This may cause corruption of the memory contents and/or read values when the set/reset is asserted and is not analyzed by the default static timing analysis. It is suggested to eliminate the use of a set/reset to registers driving this RAMB pin or else use a synchronous reset in which the assertion of the reset is timed by default.
Related violations: <none>

REQP-1840#17 Warning
RAMB18 async control check  
The RAMB18E1 swervolf/rvtop/mem/Gen_dccm_enable.dccm/mem_bank[0].dccm.dccm_bank/ram_core_reg_1 has an input control pin swervolf/rvtop/mem/Gen_dccm_enable.dccm/mem_bank[0].dccm.dccm_bank/ram_core_reg_1/ADDRARDADDR[13] (net: swervolf/rvtop/mem/Gen_dccm_enable.dccm/mem_bank[0].dccm.dccm_bank/ADR[9]) which is driven by a register (swervolf/rvtop/veer/dbg/dmabstractcs_error_reg/dout_reg[0]) that has an active asychronous set or reset. This may cause corruption of the memory contents and/or read values when the set/reset is asserted and is not analyzed by the default static timing analysis. It is suggested to eliminate the use of a set/reset to registers driving this RAMB pin or else use a synchronous reset in which the assertion of the reset is timed by default.
Related violations: <none>

REQP-1840#18 Warning
RAMB18 async control check  
The RAMB18E1 swervolf/rvtop/mem/Gen_dccm_enable.dccm/mem_bank[0].dccm.dccm_bank/ram_core_reg_1 has an input control pin swervolf/rvtop/mem/Gen_dccm_enable.dccm/mem_bank[0].dccm.dccm_bank/ram_core_reg_1/ADDRARDADDR[13] (net: swervolf/rvtop/mem/Gen_dccm_enable.dccm/mem_bank[0].dccm.dccm_bank/ADR[9]) which is driven by a register (swervolf/rvtop/veer/dbg/dmabstractcs_error_reg/dout_reg[1]) that has an active asychronous set or reset. This may cause corruption of the memory contents and/or read values when the set/reset is asserted and is not analyzed by the default static timing analysis. It is suggested to eliminate the use of a set/reset to registers driving this RAMB pin or else use a synchronous reset in which the assertion of the reset is timed by default.
Related violations: <none>

REQP-1840#19 Warning
RAMB18 async control check  
The RAMB18E1 swervolf/rvtop/mem/Gen_dccm_enable.dccm/mem_bank[0].dccm.dccm_bank/ram_core_reg_1 has an input control pin swervolf/rvtop/mem/Gen_dccm_enable.dccm/mem_bank[0].dccm.dccm_bank/ram_core_reg_1/ADDRARDADDR[13] (net: swervolf/rvtop/mem/Gen_dccm_enable.dccm/mem_bank[0].dccm.dccm_bank/ADR[9]) which is driven by a register (swervolf/rvtop/veer/dbg/dmabstractcs_error_reg/dout_reg[2]) that has an active asychronous set or reset. This may cause corruption of the memory contents and/or read values when the set/reset is asserted and is not analyzed by the default static timing analysis. It is suggested to eliminate the use of a set/reset to registers driving this RAMB pin or else use a synchronous reset in which the assertion of the reset is timed by default.
Related violations: <none>

REQP-1840#20 Warning
RAMB18 async control check  
The RAMB18E1 swervolf/rvtop/mem/Gen_dccm_enable.dccm/mem_bank[0].dccm.dccm_bank/ram_core_reg_1 has an input control pin swervolf/rvtop/mem/Gen_dccm_enable.dccm/mem_bank[0].dccm.dccm_bank/ram_core_reg_1/ADDRARDADDR[13] (net: swervolf/rvtop/mem/Gen_dccm_enable.dccm/mem_bank[0].dccm.dccm_bank/ADR[9]) which is driven by a register (swervolf/rvtop/veer/dbg/dmcontrol_wrenff/dout_reg[0]) that has an active asychronous set or reset. This may cause corruption of the memory contents and/or read values when the set/reset is asserted and is not analyzed by the default static timing analysis. It is suggested to eliminate the use of a set/reset to registers driving this RAMB pin or else use a synchronous reset in which the assertion of the reset is timed by default.
Related violations: <none>


