Copyright 1986-2022 Xilinx, Inc. All Rights Reserved. Copyright 2022-2025 Advanced Micro Devices, Inc. All Rights Reserved.
---------------------------------------------------------------------------------------------------------------------------------------------
| Tool Version : Vivado v.2025.2 (lin64) Build 6299465 Fri Nov 14 12:34:56 MST 2025
| Date         : Sat Jun  6 11:52:59 2026
| Host         : archlinux running 64-bit unknown
| Command      : report_control_sets -verbose -file rvfpganexys_control_sets_placed.rpt
| Design       : rvfpganexys
| Device       : xc7a100t
---------------------------------------------------------------------------------------------------------------------------------------------

Control Set Information

Table of Contents
-----------------
1. Summary
2. Histogram
3. Flip-Flop Distribution
4. Detailed Control Set Information

1. Summary
----------

+----------------------------------------------------------+-------+
|                          Status                          | Count |
+----------------------------------------------------------+-------+
| Total control sets                                       |   642 |
|    Minimum number of control sets                        |   642 |
|    Addition due to synthesis replication                 |     0 |
|    Addition due to physical synthesis replication        |     0 |
| Unused register locations in slices containing registers |  1386 |
+----------------------------------------------------------+-------+
* Control sets can be merged at opt_design using control_set_merge or merge_equivalent_drivers
** Run report_qor_suggestions for automated merging and remapping suggestions


2. Histogram
------------

+--------------------+-------+
|       Fanout       | Count |
+--------------------+-------+
| Total control sets |   642 |
| >= 0 to < 4        |    16 |
| >= 4 to < 6        |   191 |
| >= 6 to < 8        |    24 |
| >= 8 to < 10       |    86 |
| >= 10 to < 12      |    10 |
| >= 12 to < 14      |    28 |
| >= 14 to < 16      |     2 |
| >= 16              |   285 |
+--------------------+-------+
* Control sets can be remapped at either synth_design or opt_design


3. Flip-Flop Distribution
-------------------------

+--------------+-----------------------+------------------------+-----------------+--------------+
| Clock Enable | Synchronous Set/Reset | Asynchronous Set/Reset | Total Registers | Total Slices |
+--------------+-----------------------+------------------------+-----------------+--------------+
| No           | No                    | No                     |            7618 |         2103 |
| No           | No                    | Yes                    |            2156 |          955 |
| No           | Yes                   | No                     |             436 |          171 |
| Yes          | No                    | No                     |            1283 |          407 |
| Yes          | No                    | Yes                    |           15937 |         6503 |
| Yes          | Yes                   | No                     |            1344 |          384 |
+--------------+-----------------------+------------------------+-----------------+--------------+


4. Detailed Control Set Information
-----------------------------------

+-------------------------+---------------------------------------------------------------------------------------------------------------------------------------------+------------------------------------------------------------------+------------------+----------------+--------------+
|       Clock Signal      |                                                                Enable Signal                                                                |                         Set/Reset Signal                         | Slice Load Count | Bel Load Count | Bels / Slice |
+-------------------------+---------------------------------------------------------------------------------------------------------------------------------------------+------------------------------------------------------------------+------------------+----------------+--------------+
|  ddr2/ldc/iodelay_clk   |                                                                                                                                             |                                                                  |                1 |              1 |         1.00 |
|  clk_core_BUFG          |                                                                                                                                             | clk_gen/o_rst_core_reg_2                                         |                1 |              1 |         1.00 |
|  ddr2/ldc/BUFG_1_0      | ddr2/ldc/serv_rf_top/rf_ram_if/rtrig1                                                                                                       |                                                                  |                1 |              1 |         1.00 |
|  tap/idcode_tck         |                                                                                                                                             |                                                                  |                1 |              1 |         1.00 |
|  ddr2/ldc/BUFG_1_0      |                                                                                                                                             | ddr2/ldc/sdram_twtrcon_ready_i_1_n_0                             |                1 |              1 |         1.00 |
|  ddr2/ldc/BUFG_1_0      |                                                                                                                                             | ddr2/ldc/sdram_bankmachine7_twtpcon_ready_i_1_n_0                |                1 |              1 |         1.00 |
|  ddr2/ldc/BUFG_1_0      |                                                                                                                                             | ddr2/ldc/sdram_bankmachine6_twtpcon_ready_i_1_n_0                |                1 |              1 |         1.00 |
|  ddr2/ldc/BUFG_1_0      |                                                                                                                                             | ddr2/ldc/sdram_bankmachine5_twtpcon_ready_i_1_n_0                |                1 |              1 |         1.00 |
|  ddr2/ldc/BUFG_1_0      |                                                                                                                                             | ddr2/ldc/sdram_bankmachine4_twtpcon_ready_i_1_n_0                |                1 |              1 |         1.00 |
|  ddr2/ldc/BUFG_1_0      |                                                                                                                                             | ddr2/ldc/sdram_bankmachine3_twtpcon_ready_i_1_n_0                |                1 |              1 |         1.00 |
|  ddr2/ldc/BUFG_1_0      |                                                                                                                                             | ddr2/ldc/sdram_bankmachine2_twtpcon_ready_i_1_n_0                |                1 |              1 |         1.00 |
|  ddr2/ldc/BUFG_1_0      |                                                                                                                                             | ddr2/ldc/sdram_bankmachine1_twtpcon_ready_i_1_n_0                |                1 |              1 |         1.00 |
|  ddr2/ldc/BUFG_1_0      |                                                                                                                                             | ddr2/ldc/sdram_bankmachine0_twtpcon_ready_i_1_n_0                |                1 |              1 |         1.00 |
|  dtmcs_tck              |                                                                                                                                             |                                                                  |                1 |              2 |         2.00 |
|  ddr2/ldc/BUFG_1_0      |                                                                                                                                             | ddr2/ldc/xilinxasyncresetsynchronizerimpl0                       |                1 |              2 |         2.00 |
|  ddr2/ldc/iodelay_clk   |                                                                                                                                             | ddr2/ldc/xilinxasyncresetsynchronizerimpl0                       |                1 |              2 |         2.00 |
|  ddr2/ldc/BUFG_1_0      | ddr2/ldc/sdram_bankmachine2_cmd_buffer_lookahead_do_read                                                                                    | ddr2/ldc/FDPE_3_0                                                |                1 |              4 |         4.00 |
|  ddr2/ldc/BUFG_1_0      | ddr2/ldc/sdram_bankmachine4_cmd_buffer_lookahead_do_read                                                                                    | ddr2/ldc/FDPE_3_0                                                |                1 |              4 |         4.00 |
|  ddr2/ldc/BUFG_1_0      | ddr2/ldc/sdram_bankmachine3_cmd_buffer_lookahead_wrport_we__0                                                                               | ddr2/ldc/FDPE_3_0                                                |                1 |              4 |         4.00 |
|  ddr2/ldc/BUFG_1_0      | ddr2/ldc/sdram_bankmachine0_cmd_buffer_lookahead_wrport_we__0                                                                               | ddr2/ldc/FDPE_3_0                                                |                2 |              4 |         2.00 |
|  ddr2/ldc/BUFG_1_0      | ddr2/ldc/sdram_bankmachine3_cmd_buffer_lookahead_do_read                                                                                    | ddr2/ldc/FDPE_3_0                                                |                1 |              4 |         4.00 |
|  ddr2/ldc/BUFG_1_0      | ddr2/ldc/uart_phy_sink_ready1301_out                                                                                                        | ddr2/ldc/uart_phy_sink_ready1                                    |                1 |              4 |         4.00 |
|  clk_core_BUFG          | swervolf/axi_intercon/axi_xbar/gen_mst_port_mux[0].i_axi_mux/gen_mux.i_w_fifo/status_cnt_n[0]                                               | clk_gen/rst_core                                                 |                2 |              4 |         2.00 |
|  ddr2/ldc/BUFG_1_0      | ddr2/ldc/sdram_bankmachine2_cmd_buffer_lookahead_wrport_we__0                                                                               | ddr2/ldc/FDPE_3_0                                                |                2 |              4 |         2.00 |
|  clk_core_BUFG          | swervolf/axi_intercon/axi_xbar/gen_mst_port_mux[0].i_axi_mux/gen_mux.i_aw_spill_reg/gen_spill_reg.b_full_q_reg_1[0]                         | clk_gen/rst_core                                                 |                1 |              4 |         4.00 |
|  ddr2/ldc/BUFG_1_0      | ddr2/ldc/storage_12_reg_0_15_0_5_i_1_n_0                                                                                                    | ddr2/ldc/FDPE_3_0                                                |                1 |              4 |         4.00 |
|  clk_core_BUFG          | swervolf/axi_intercon/axi_xbar/gen_slv_port_demux[1].i_axi_demux/gen_demux.i_aw_spill_reg/write_pointer_q0                                  | clk_gen/rst_core                                                 |                1 |              4 |         4.00 |
|  clk_core_BUFG          | swervolf/axi_intercon/axi_xbar/gen_mst_port_mux[1].i_axi_mux/gen_mux.i_w_fifo/status_cnt_n[0]                                               | clk_gen/rst_core                                                 |                2 |              4 |         2.00 |
|  clk_core_BUFG          | swervolf/uart16550_0/regs/receiver/fifo_rx/bottom[3]_i_1_n_0                                                                                | clk_gen/rst_core                                                 |                1 |              4 |         4.00 |
|  ddr2/ldc/BUFG_1_0      | ddr2/ldc/sdram_bankmachine1_cmd_buffer_lookahead_do_read                                                                                    | ddr2/ldc/FDPE_3_0                                                |                1 |              4 |         4.00 |
|  clk_core_BUFG          | swervolf/axi_intercon/axi_xbar/gen_mst_port_mux[2].i_axi_mux/gen_mux.i_aw_spill_reg/gen_spill_reg.b_full_q_reg_0[0]                         | clk_gen/rst_core                                                 |                1 |              4 |         4.00 |
|  ddr2/ldc/BUFG_1_0      | ddr2/ldc/serv_rf_top/cpu/bufreg/o_cnt_reg[3][0]                                                                                             |                                                                  |                1 |              4 |         4.00 |
|  ddr2/ldc/BUFG_1_0      | ddr2/ldc/sdram_bankmachine1_cmd_buffer_lookahead_wrport_we__0                                                                               | ddr2/ldc/FDPE_3_0                                                |                2 |              4 |         2.00 |
|  clk_core_BUFG          | swervolf/axi_intercon/axi_xbar/gen_mst_port_mux[2].i_axi_mux/gen_mux.i_w_fifo/status_cnt_n[0]                                               | clk_gen/rst_core                                                 |                1 |              4 |         4.00 |
|  ddr2/ldc/BUFG_1_0      | ddr2/ldc/write_id_buffer_consume[2]_i_1_n_0                                                                                                 | ddr2/ldc/FDPE_3_0                                                |                1 |              4 |         4.00 |
|  ddr2/ldc/BUFG_1_0      | ddr2/ldc/write_w_buffer_rdport_re                                                                                                           | ddr2/ldc/FDPE_3_0                                                |                1 |              4 |         4.00 |
|  clk_core_BUFG          | swervolf/axi_intercon/axi_xbar/gen_slv_port_demux[1].i_axi_demux/gen_demux.i_w_fifo/read_pointer_q0                                         | clk_gen/rst_core                                                 |                1 |              4 |         4.00 |
|  ddr2/ldc/BUFG_1_0      | ddr2/ldc/write_resp_buffer_do_read                                                                                                          | ddr2/ldc/FDPE_3_0                                                |                1 |              4 |         4.00 |
|  ddr2/ldc/BUFG_1_0      | ddr2/ldc/write_id_buffer_wrport_we                                                                                                          | ddr2/ldc/FDPE_3_0                                                |                1 |              4 |         4.00 |
|  ddr2/ldc/BUFG_1_0      | ddr2/ldc/sdram_bankmachine7_cmd_buffer_lookahead_wrport_we__0                                                                               | ddr2/ldc/FDPE_3_0                                                |                1 |              4 |         4.00 |
|  ddr2/ldc/BUFG_1_0      | ddr2/ldc/subfragments_multiplexer_next_state[0]                                                                                             | ddr2/ldc/FDPE_3_0                                                |                1 |              4 |         4.00 |
|  ddr2/ldc/BUFG_1_0      | ddr2/ldc/uart_phy_rx_bitcount[0]                                                                                                            | ddr2/ldc/uart_phy_rx_bitcount[3]_i_1_n_0                         |                2 |              4 |         2.00 |
|  ddr2/ldc/BUFG_1_0      | ddr2/ldc/sdram_bankmachine7_cmd_buffer_lookahead_do_read                                                                                    | ddr2/ldc/FDPE_3_0                                                |                2 |              4 |         2.00 |
|  ddr2/ldc/BUFG_1_0      | ddr2/ldc/sdram_bankmachine6_cmd_buffer_lookahead_wrport_we__0                                                                               | ddr2/ldc/FDPE_3_0                                                |                1 |              4 |         4.00 |
|  ddr2/ldc/BUFG_1_0      | ddr2/ldc/sdram_time1[3]_i_1_n_0                                                                                                             | ddr2/ldc/FDPE_3_0                                                |                1 |              4 |         4.00 |
|  ddr2/ldc/BUFG_1_0      | ddr2/ldc/sdram_bankmachine6_cmd_buffer_lookahead_do_read                                                                                    | ddr2/ldc/FDPE_3_0                                                |                1 |              4 |         4.00 |
|  ddr2/ldc/BUFG_1_0      | ddr2/ldc/uart_rx_fifo_wrport_we__0                                                                                                          | ddr2/ldc/FDPE_3_0                                                |                1 |              4 |         4.00 |
|  ddr2/ldc/BUFG_1_0      | ddr2/ldc/sdram_bankmachine5_cmd_buffer_lookahead_wrport_we__0                                                                               | ddr2/ldc/FDPE_3_0                                                |                2 |              4 |         2.00 |
|  ddr2/ldc/BUFG_1_0      | ddr2/ldc/uart_rx_fifo_rdport_re                                                                                                             | ddr2/ldc/FDPE_3_0                                                |                1 |              4 |         4.00 |
|  ddr2/ldc/BUFG_1_0      | ddr2/ldc/sdram_bankmachine5_cmd_buffer_lookahead_do_read                                                                                    | ddr2/ldc/FDPE_3_0                                                |                1 |              4 |         4.00 |
|  clk_core_BUFG          | swervolf/axi_intercon/axi_xbar/gen_slv_port_demux[2].i_axi_demux/gen_demux.i_w_fifo/read_pointer_q0                                         | clk_gen/rst_core                                                 |                2 |              4 |         2.00 |
|  clk_core_BUFG          | swervolf/axi_intercon/axi_xbar/gen_slv_port_demux[2].i_axi_demux/gen_demux.i_w_fifo/write_pointer_q0                                        | clk_gen/rst_core                                                 |                1 |              4 |         4.00 |
|  ddr2/ldc/BUFG_1_0      | ddr2/ldc/sdram_bankmachine4_cmd_buffer_lookahead_wrport_we__0                                                                               | ddr2/ldc/FDPE_3_0                                                |                2 |              4 |         2.00 |
|  clk_core_BUFG          | swervolf/rvtop/veer/dec/int_timers/wr_mitctl1_r                                                                                             | clk_gen/o_rst_core_reg_1                                         |                1 |              4 |         4.00 |
|  clk_core_BUFG          | swervolf/rvtop/veer/dbg/dbg_state_reg/genblock.dffs/dout[3]_i_1__104_n_0                                                                    | swervolf/rvtop/veer/dbg/dmcontrolff/genblock.dffs/o_rst_core_reg |                2 |              4 |         2.00 |
|  clk_core_BUFG          | swervolf/rvtop/veer/dbg/sb_state_reg/genblock.dffs/dout[3]_i_1__105_n_0                                                                     | clk_gen/o_rst_core_reg_3                                         |                3 |              4 |         1.33 |
|  clk_core_BUFG          | swervolf/rvtop/veer/dec/decode/r_d_ff/genblock.dff/genblock.dffs/dout_reg[14]_6                                                             | clk_gen/o_rst_core_reg_1                                         |                2 |              4 |         2.00 |
|  ddr2/ldc/BUFG_1_0      | cdc/i_axi_cdc/i_cdc_fifo_gray_b/i_src/gen_sync[0].i_sync/reg_q_reg[1]_0[0]                                                                  |                                                                  |                1 |              4 |         4.00 |
|  ddr2/ldc/BUFG_1_0      | cdc/i_axi_cdc/i_cdc_fifo_gray_b/i_src/gen_sync[0].i_sync/E[0]                                                                               |                                                                  |                1 |              4 |         4.00 |
|  clk_core_BUFG          | swervolf/rvtop/veer/dec/decode/r_d_ff/genblock.dff/genblock.dffs/dout_reg[2]_3                                                              | clk_gen/o_rst_core_reg_1                                         |                3 |              4 |         1.33 |
|  clk_core_BUFG          | swervolf/rvtop/veer/dec/decode/r_d_ff/genblock.dff/genblock.dffs/dout_reg[6]_3                                                              | clk_gen/o_rst_core_reg_1                                         |                1 |              4 |         4.00 |
|  clk_core_BUFG          | swervolf/rvtop/veer/dec/decode/r_d_ff/genblock.dff/genblock.dffs/dout_reg[9]_4                                                              | clk_gen/o_rst_core_reg_1                                         |                2 |              4 |         2.00 |
|  clk_core_BUFG          | swervolf/rvtop/veer/dec/decode/r_d_ff/genblock.dff/genblock.dffs/dout_reg[9]_8                                                              | clk_gen/o_rst_core_reg_1                                         |                1 |              4 |         4.00 |
|  clk_core_BUFG          | swervolf/rvtop/veer/dec/i___112_n_0                                                                                                         | clk_gen/o_rst_core_reg_1                                         |                2 |              4 |         2.00 |
|  clk_core_BUFG          | swervolf/uart16550_0/regs/receiver/fifo_rx/top[3]_i_1__0_n_0                                                                                | clk_gen/rst_core                                                 |                2 |              4 |         2.00 |
|  clk_core_BUFG          | swervolf/rvtop/veer/pic_ctrl_inst/picm_wadd_flop/intpriority_reg_we_1__0                                                                    | clk_gen/o_rst_core_reg_4                                         |                1 |              4 |         4.00 |
|  clk_core_BUFG          | swervolf/rvtop/veer/pic_ctrl_inst/picm_wadd_flop/intpriority_reg_we_2__0                                                                    | clk_gen/o_rst_core_reg_4                                         |                1 |              4 |         4.00 |
|  clk_core_BUFG          | swervolf/rvtop/veer/pic_ctrl_inst/picm_wadd_flop/intpriority_reg_we_3__0                                                                    | clk_gen/o_rst_core_reg_4                                         |                1 |              4 |         4.00 |
|  clk_core_BUFG          | swervolf/rvtop/veer/pic_ctrl_inst/picm_wadd_flop/intpriority_reg_we_4__0                                                                    | clk_gen/o_rst_core_reg_4                                         |                1 |              4 |         4.00 |
|  clk_core_BUFG          | swervolf/rvtop/veer/pic_ctrl_inst/picm_wadd_flop/intpriority_reg_we_5__0                                                                    | clk_gen/o_rst_core_reg_4                                         |                1 |              4 |         4.00 |
|  clk_core_BUFG          | swervolf/rvtop/veer/pic_ctrl_inst/picm_wadd_flop/intpriority_reg_we_6__0                                                                    | clk_gen/o_rst_core_reg_4                                         |                2 |              4 |         2.00 |
|  clk_core_BUFG          | swervolf/rvtop/veer/pic_ctrl_inst/picm_wadd_flop/intpriority_reg_we_7__0                                                                    | clk_gen/o_rst_core_reg_4                                         |                1 |              4 |         4.00 |
|  clk_core_BUFG          | swervolf/rvtop/veer/pic_ctrl_inst/picm_wadd_flop/intpriority_reg_we_8__0                                                                    | clk_gen/o_rst_core_reg_4                                         |                2 |              4 |         2.00 |
|  dmi_tck                | tap/dmi_0[0]                                                                                                                                | tap/dmi[6]_i_1_n_0                                               |                2 |              4 |         2.00 |
|  ddr2/ldc/iodelay_clk   | ddr2/ldc/reset_counter[3]_i_1_n_0                                                                                                           | ddr2/ldc/iodelay_rst                                             |                1 |              4 |         4.00 |
|  ddr2/ldc/BUFG_1_0      | ddr2/ldc/grant_reg_0                                                                                                                        | ddr2/ldc/FDPE_3_0                                                |                2 |              4 |         2.00 |
|  ddr2/ldc/BUFG_1_0      | ddr2/ldc/storage_14_reg_0_15_0_5_i_1_n_0                                                                                                    | ddr2/ldc/FDPE_3_0                                                |                1 |              4 |         4.00 |
|  ddr2/ldc/BUFG_1_0      | ddr2/ldc/sdram_bankmachine0_cmd_buffer_lookahead_do_read                                                                                    | ddr2/ldc/FDPE_3_0                                                |                1 |              4 |         4.00 |
|  ddr2/ldc/BUFG_1_0      | ddr2/ldc/read_r_buffer_wrport_we                                                                                                            | ddr2/ldc/FDPE_3_0                                                |                1 |              4 |         4.00 |
|  ddr2/ldc/BUFG_1_0      | ddr2/ldc/read_r_buffer_syncfifo_re                                                                                                          | ddr2/ldc/FDPE_3_0                                                |                1 |              4 |         4.00 |
|  clk_core_BUFG          | swervolf/uart16550_0/wb_interface/lcr_reg[7]_0[0]                                                                                           | clk_gen/rst_core                                                 |                1 |              4 |         4.00 |
|  clk_core_BUFG          | swervolf/uart16550_0/wb_interface/FSM_onehot_wbstate[3]_i_1_n_0                                                                             | clk_gen/rst_core                                                 |                1 |              4 |         4.00 |
|  clk_core_BUFG          | swervolf/uart16550_0/regs/receiver/FSM_sequential_rstate[3]_i_1_n_0                                                                         | clk_gen/rst_core                                                 |                2 |              4 |         2.00 |
|  clk_core_BUFG          | swervolf/uart16550_0/regs/receiver/rcounter16[3]_i_1_n_0                                                                                    | clk_gen/rst_core                                                 |                2 |              4 |         2.00 |
|  clk_core_BUFG          | swervolf/uart16550_0/regs/transmitter/fifo_tx/top[3]_i_1_n_0                                                                                | clk_gen/rst_core                                                 |                2 |              4 |         2.00 |
|  clk_core_BUFG          | swervolf/uart16550_0/regs/transmitter/fifo_tx/bottom[3]_i_1__0_n_0                                                                          | clk_gen/rst_core                                                 |                1 |              4 |         4.00 |
|  ddr2/ldc/BUFG_1_0      | ddr2/ldc/read_id_buffer_do_read                                                                                                             | ddr2/ldc/FDPE_3_0                                                |                1 |              4 |         4.00 |
|  clk_core_BUFG          | swervolf/axi_intercon/axi_xbar/gen_slv_port_demux[2].i_axi_demux/gen_demux.i_r_mux/gen_arbiter.gen_int_rr.rr_q_reg[1]_6[0]                  | clk_gen/rst_core                                                 |                1 |              5 |         5.00 |
|  clk_core_BUFG          | swervolf/axi_intercon/axi_xbar/gen_slv_port_demux[2].i_axi_demux/gen_demux.i_w_fifo/status_cnt_n[0]                                         | clk_gen/rst_core                                                 |                2 |              5 |         2.50 |
|  clk_core_BUFG          | swervolf/axi_intercon/axi_xbar/gen_slv_port_demux[2].i_axi_demux/gen_demux.i_r_mux/gen_arbiter.gen_int_rr.rr_q_reg[1]_2[0]                  | clk_gen/rst_core                                                 |                1 |              5 |         5.00 |
|  clk_core_BUFG          | swervolf/axi_intercon/axi_xbar/gen_slv_port_demux[2].i_axi_demux/gen_demux.i_r_mux/gen_arbiter.gen_int_rr.rr_q_reg[1]_3[0]                  | clk_gen/rst_core                                                 |                1 |              5 |         5.00 |
|  clk_core_BUFG          | swervolf/axi_intercon/axi_xbar/gen_slv_port_demux[1].i_axi_demux/gen_demux.i_ar_spill_reg/gen_spill_reg.b_data_q_reg[ar_chan][id][1]_1[0]   | clk_gen/rst_core                                                 |                3 |              5 |         1.67 |
|  clk_core_BUFG          | swervolf/axi_intercon/axi_xbar/gen_slv_port_demux[2].i_axi_demux/gen_demux.i_r_mux/gen_arbiter.gen_int_rr.rr_q_reg[1]_4[0]                  | clk_gen/rst_core                                                 |                1 |              5 |         5.00 |
|  clk_core_BUFG          | swervolf/axi_intercon/axi_xbar/gen_slv_port_demux[2].i_axi_demux/gen_demux.i_r_mux/gen_arbiter.gen_int_rr.rr_q_reg[1]_5[0]                  | clk_gen/rst_core                                                 |                1 |              5 |         5.00 |
|  clk_core_BUFG          | swervolf/axi_intercon/axi_xbar/gen_slv_port_demux[1].i_axi_demux/gen_demux.i_ar_spill_reg/gen_spill_reg.b_data_q_reg[ar_chan][id][1]_2[0]   | clk_gen/rst_core                                                 |                3 |              5 |         1.67 |
|  clk_core_BUFG          | swervolf/axi_intercon/axi_xbar/gen_slv_port_demux[1].i_axi_demux/gen_demux.i_ar_spill_reg/gen_spill_reg.b_data_q_reg[ar_chan][id][1]_3[0]   | clk_gen/rst_core                                                 |                3 |              5 |         1.67 |
|  clk_core_BUFG          | swervolf/axi_intercon/axi_xbar/gen_slv_port_demux[2].i_axi_demux/gen_demux.i_r_mux/gen_arbiter.gen_int_rr.rr_q_reg[1]_11[0]                 | clk_gen/rst_core                                                 |                1 |              5 |         5.00 |
|  clk_core_BUFG          | swervolf/axi_intercon/axi_xbar/gen_slv_port_demux[2].i_axi_demux/gen_demux.i_r_mux/gen_arbiter.gen_int_rr.rr_q_reg[1]_10[0]                 | clk_gen/rst_core                                                 |                2 |              5 |         2.50 |
|  ddr2/ldc/BUFG_1_0      | ddr2/ldc/serv_rf_top/cpu/state/o_cnt_en_reg_3[0]                                                                                            |                                                                  |                1 |              5 |         5.00 |
|  clk_core_BUFG          | swervolf/axi_intercon/axi_xbar/gen_slv_port_demux[2].i_axi_demux/gen_demux.i_r_mux/gen_arbiter.gen_int_rr.rr_q_reg[1]_0[0]                  | clk_gen/rst_core                                                 |                1 |              5 |         5.00 |
|  clk_core_BUFG          | swervolf/axi_intercon/axi_xbar/gen_slv_port_demux[2].i_axi_demux/gen_demux.i_r_mux/E[0]                                                     | clk_gen/rst_core                                                 |                2 |              5 |         2.50 |
|  clk_core_BUFG          | cdc/i_axi_cdc/i_cdc_fifo_gray_b/i_dst/i_spill_register/gen_spill_reg.b_data_q_reg[5]_8[0]                                                   | clk_gen/rst_core                                                 |                2 |              5 |         2.50 |
|  clk_core_BUFG          | swervolf/axi_intercon/axi_xbar/gen_slv_port_demux[1].i_axi_err_slv/i_r_counter/i_counter/gen_spill_reg.b_data_q_reg[71]_1[0]                | clk_gen/rst_core                                                 |                2 |              5 |         2.50 |
|  clk_core_BUFG          | cdc/i_axi_cdc/i_cdc_fifo_gray_b/i_dst/i_spill_register/gen_spill_reg.b_fill                                                                 | clk_gen/rst_core                                                 |                2 |              5 |         2.50 |
|  clk_core_BUFG          | cdc/i_axi_cdc/i_cdc_fifo_gray_b/i_dst/i_spill_register/E[0]                                                                                 | clk_gen/rst_core                                                 |                2 |              5 |         2.50 |
|  clk_core_BUFG          | cdc/i_axi_cdc/i_cdc_fifo_gray_b/i_dst/i_spill_register/gen_spill_reg.b_data_q_reg[5]_12[0]                                                  | clk_gen/rst_core                                                 |                2 |              5 |         2.50 |
|  clk_core_BUFG          | cdc/i_axi_cdc/i_cdc_fifo_gray_b/i_dst/i_spill_register/gen_spill_reg.b_data_q_reg[5]_10[0]                                                  | clk_gen/rst_core                                                 |                2 |              5 |         2.50 |
|  clk_core_BUFG          | cdc/i_axi_cdc/i_cdc_fifo_gray_b/i_dst/i_spill_register/gen_spill_reg.b_data_q_reg[5]_11[0]                                                  | clk_gen/rst_core                                                 |                1 |              5 |         5.00 |
|  clk_core_BUFG          | cdc/i_axi_cdc/i_cdc_fifo_gray_b/i_dst/i_spill_register/gen_spill_reg.b_data_q_reg[5]_13[0]                                                  | clk_gen/rst_core                                                 |                1 |              5 |         5.00 |
|  clk_core_BUFG          | cdc/i_axi_cdc/i_cdc_fifo_gray_b/i_dst/i_spill_register/gen_spill_reg.b_data_q_reg[5]_3[0]                                                   | clk_gen/rst_core                                                 |                1 |              5 |         5.00 |
|  clk_core_BUFG          | cdc/i_axi_cdc/i_cdc_fifo_gray_b/i_dst/i_spill_register/gen_spill_reg.b_data_q_reg[5]_4[0]                                                   | clk_gen/rst_core                                                 |                2 |              5 |         2.50 |
|  clk_core_BUFG          | cdc/i_axi_cdc/i_cdc_fifo_gray_b/i_dst/i_spill_register/gen_spill_reg.b_data_q_reg[5]_5[0]                                                   | clk_gen/rst_core                                                 |                2 |              5 |         2.50 |
|  clk_core_BUFG          | cdc/i_axi_cdc/i_cdc_fifo_gray_b/i_dst/i_spill_register/gen_spill_reg.b_data_q_reg[5]_6[0]                                                   | clk_gen/rst_core                                                 |                2 |              5 |         2.50 |
|  clk_core_BUFG          | cdc/i_axi_cdc/i_cdc_fifo_gray_b/i_dst/i_spill_register/gen_spill_reg.b_data_q_reg[5]_7[0]                                                   | clk_gen/rst_core                                                 |                1 |              5 |         5.00 |
|  clk_core_BUFG          | swervolf/axi_intercon/axi_xbar/gen_slv_port_demux[1].i_axi_demux/gen_demux.i_ar_spill_reg/E[0]                                              | clk_gen/rst_core                                                 |                3 |              5 |         1.67 |
|  clk_core_BUFG          | cdc/i_axi_cdc/i_cdc_fifo_gray_b/i_dst/i_spill_register/gen_spill_reg.b_data_q_reg[5]_9[0]                                                   | clk_gen/rst_core                                                 |                2 |              5 |         2.50 |
|  clk_core_BUFG          | tap/dout_reg[0]                                                                                                                             | clk_gen/o_rst_core_reg_3                                         |                2 |              5 |         2.50 |
|  clk_core_BUFG          | swervolf/axi2wb/o_wb_sel[3]_i_1_n_0                                                                                                         | clk_gen/rst_core                                                 |                4 |              5 |         1.25 |
|  clk_core_BUFG          | swervolf/axi_intercon/axi_xbar/gen_slv_port_demux[0].i_axi_demux/gen_demux.i_ar_spill_reg/E[0]                                              | clk_gen/rst_core                                                 |                2 |              5 |         2.50 |
|  clk_core_BUFG          | swervolf/axi_intercon/axi_xbar/gen_slv_port_demux[0].i_axi_demux/gen_demux.i_ar_spill_reg/gen_spill_reg.b_data_q_reg[ar_chan][id][0]_1[0]   | clk_gen/rst_core                                                 |                3 |              5 |         1.67 |
|  clk_core_BUFG          | swervolf/axi_intercon/axi_xbar/gen_slv_port_demux[0].i_axi_demux/gen_demux.i_ar_spill_reg/gen_spill_reg.b_data_q_reg[ar_chan][id][2]_3[0]   | clk_gen/rst_core                                                 |                2 |              5 |         2.50 |
|  clk_core_BUFG          | swervolf/axi_intercon/axi_xbar/gen_slv_port_demux[0].i_axi_demux/gen_demux.i_ar_spill_reg/gen_spill_reg.b_data_q_reg[ar_chan][id][2]_5[0]   | clk_gen/rst_core                                                 |                2 |              5 |         2.50 |
|  clk_core_BUFG          | swervolf/axi_intercon/axi_xbar/gen_slv_port_demux[0].i_axi_demux/gen_demux.i_ar_spill_reg/gen_spill_reg.b_data_q_reg[ar_chan][id][2]_6[0]   | clk_gen/rst_core                                                 |                2 |              5 |         2.50 |
|  clk_core_BUFG          | swervolf/axi_intercon/axi_xbar/gen_slv_port_demux[0].i_axi_demux/gen_demux.i_ar_spill_reg/gen_spill_reg.b_data_q_reg[ar_chan][id][2]_7[0]   | clk_gen/rst_core                                                 |                2 |              5 |         2.50 |
|  clk_core_BUFG          | swervolf/axi_intercon/axi_xbar/gen_slv_port_demux[0].i_axi_demux/gen_demux.i_ar_spill_reg/gen_spill_reg.b_data_q_reg[ar_chan][id][2]_8[0]   | clk_gen/rst_core                                                 |                2 |              5 |         2.50 |
|  clk_core_BUFG          | swervolf/axi_intercon/axi_xbar/gen_slv_port_demux[0].i_axi_demux/gen_demux.i_ar_spill_reg/gen_spill_reg.b_data_q_reg[ar_chan][id][2]_9[0]   | clk_gen/rst_core                                                 |                2 |              5 |         2.50 |
|  clk_core_BUFG          | swervolf/axi_intercon/axi_xbar/gen_slv_port_demux[1].i_axi_demux/gen_demux.i_aw_id_counter/gen_counters[12].i_in_flight_cnt/status_cnt_n[0] | clk_gen/rst_core                                                 |                2 |              5 |         2.50 |
|  clk_core_BUFG          | swervolf/axi_intercon/axi_xbar/gen_slv_port_demux[1].i_axi_err_slv/i_b_fifo/s_bvalid_reg_2[0]                                               | clk_gen/rst_core                                                 |                2 |              5 |         2.50 |
|  clk_core_BUFG          | swervolf/axi_intercon/axi_xbar/gen_slv_port_demux[1].i_axi_err_slv/i_b_fifo/gen_spill_reg.b_data_q_reg[5]_0[0]                              | clk_gen/rst_core                                                 |                1 |              5 |         5.00 |
|  clk_core_BUFG          | swervolf/axi_intercon/axi_xbar/gen_slv_port_demux[1].i_axi_err_slv/i_b_fifo/gen_spill_reg.b_data_q_reg[5]_1[0]                              | clk_gen/rst_core                                                 |                2 |              5 |         2.50 |
|  clk_core_BUFG          | swervolf/axi_intercon/axi_xbar/gen_slv_port_demux[1].i_axi_err_slv/i_b_fifo/gen_spill_reg.b_data_q_reg[5]_2[0]                              | clk_gen/rst_core                                                 |                2 |              5 |         2.50 |
|  clk_core_BUFG          | swervolf/axi_intercon/axi_xbar/gen_slv_port_demux[1].i_axi_err_slv/i_b_fifo/gen_spill_reg.b_data_q_reg[5]_5[0]                              | clk_gen/rst_core                                                 |                2 |              5 |         2.50 |
|  clk_core_BUFG          | swervolf/axi_intercon/axi_xbar/gen_slv_port_demux[1].i_axi_err_slv/i_b_fifo/gen_spill_reg.b_data_q_reg[5]_3[0]                              | clk_gen/rst_core                                                 |                2 |              5 |         2.50 |
|  clk_core_BUFG          | swervolf/axi_intercon/axi_xbar/gen_slv_port_demux[1].i_axi_err_slv/i_b_fifo/gen_spill_reg.b_data_q_reg[5]_4[0]                              | clk_gen/rst_core                                                 |                2 |              5 |         2.50 |
|  clk_core_BUFG          | swervolf/axi_intercon/axi_xbar/gen_slv_port_demux[1].i_axi_err_slv/i_b_fifo/gen_spill_reg.b_data_q_reg[5]_6[0]                              | clk_gen/rst_core                                                 |                1 |              5 |         5.00 |
|  clk_core_BUFG          | swervolf/axi_intercon/axi_xbar/gen_slv_port_demux[1].i_axi_err_slv/i_b_fifo/o_bid_reg[0][0]                                                 | clk_gen/rst_core                                                 |                2 |              5 |         2.50 |
|  clk_core_BUFG          | swervolf/axi_intercon/axi_xbar/gen_slv_port_demux[1].i_axi_err_slv/i_b_fifo/o_bid_reg[0]_0[0]                                               | clk_gen/rst_core                                                 |                2 |              5 |         2.50 |
|  clk_core_BUFG          | swervolf/axi_intercon/axi_xbar/gen_slv_port_demux[1].i_axi_err_slv/i_b_fifo/o_bid_reg[0]_1[0]                                               | clk_gen/rst_core                                                 |                2 |              5 |         2.50 |
|  clk_core_BUFG          | swervolf/axi_intercon/axi_xbar/gen_slv_port_demux[1].i_axi_err_slv/i_b_fifo/s_bvalid_reg[0]                                                 | clk_gen/rst_core                                                 |                1 |              5 |         5.00 |
|  clk_core_BUFG          | swervolf/axi_intercon/axi_xbar/gen_slv_port_demux[1].i_axi_err_slv/i_b_fifo/s_bvalid_reg_0[0]                                               | clk_gen/rst_core                                                 |                2 |              5 |         2.50 |
|  clk_core_BUFG          | swervolf/axi_intercon/axi_xbar/gen_slv_port_demux[1].i_axi_err_slv/i_b_fifo/s_bvalid_reg_1[0]                                               | clk_gen/rst_core                                                 |                2 |              5 |         2.50 |
|  clk_core_BUFG          | swervolf/axi_intercon/axi_xbar/gen_slv_port_demux[1].i_axi_err_slv/i_b_fifo/gen_spill_reg.b_data_q_reg[5][0]                                | clk_gen/rst_core                                                 |                2 |              5 |         2.50 |
|  clk_core_BUFG          | swervolf/axi_intercon/axi_xbar/gen_slv_port_demux[2].i_axi_err_slv/i_b_fifo/E[0]                                                            | clk_gen/rst_core                                                 |                2 |              5 |         2.50 |
|  clk_core_BUFG          | swervolf/axi_intercon/axi_xbar/gen_slv_port_demux[2].i_axi_err_slv/i_b_fifo/status_cnt_q_reg[1]_3[0]                                        | clk_gen/rst_core                                                 |                2 |              5 |         2.50 |
|  clk_core_BUFG          | swervolf/axi_intercon/axi_xbar/gen_slv_port_demux[2].i_axi_err_slv/i_b_fifo/status_cnt_q_reg[1]_1[0]                                        | clk_gen/rst_core                                                 |                2 |              5 |         2.50 |
|  clk_core_BUFG          | swervolf/axi_intercon/axi_xbar/gen_slv_port_demux[2].i_axi_err_slv/i_b_fifo/status_cnt_q_reg[1]_2[0]                                        | clk_gen/rst_core                                                 |                1 |              5 |         5.00 |
|  clk_core_BUFG          | swervolf/axi_intercon/axi_xbar/gen_mst_port_mux[0].i_axi_mux/gen_mux.i_ar_spill_reg/gen_spill_reg.b_full_q_reg_1[0]                         | clk_gen/rst_core                                                 |                1 |              5 |         5.00 |
|  clk_core_BUFG          | swervolf/axi_intercon/axi_xbar/gen_mst_port_mux[2].i_axi_mux/gen_mux.i_aw_spill_reg/gen_spill_reg.a_full_q_reg_2[0]                         | clk_gen/rst_core                                                 |                2 |              5 |         2.50 |
|  clk_core_BUFG          | swervolf/axi_intercon/axi_xbar/gen_mst_port_mux[2].i_axi_mux/gen_mux.i_ar_spill_reg/gen_spill_reg.b_full_q_reg_2[0]                         | clk_gen/rst_core                                                 |                2 |              5 |         2.50 |
|  clk_core_BUFG          | swervolf/uart16550_0/regs/receiver/fifo_rx/count[4]_i_1_n_0                                                                                 | clk_gen/rst_core                                                 |                2 |              5 |         2.50 |
|  clk_core_BUFG          | swervolf/uart16550_0/regs/receiver/rshift[4]_i_1_n_0                                                                                        | clk_gen/rst_core                                                 |                1 |              5 |         5.00 |
|  clk_core_BUFG          | swervolf/uart16550_0/regs/transmitter/fifo_tx/count[4]_i_1__0_n_0                                                                           | clk_gen/rst_core                                                 |                2 |              5 |         2.50 |
|  clk_core_BUFG          | swervolf/uart16550_0/regs/transmitter/counter[4]_i_1_n_0                                                                                    | clk_gen/rst_core                                                 |                2 |              5 |         2.50 |
|  clk_core_BUFG          | swervolf/uart16550_0/wb_interface/wb_adr_is_reg[2]_0[0]                                                                                     | clk_gen/rst_core                                                 |                1 |              5 |         5.00 |
|  clk_core_BUFG          | swervolf/rvtop/veer/dbg/dmcommand_reg/genblock.genblock.dff/genblock.dffs/i___200_0                                                         | clk_gen/o_rst_core_reg_1                                         |                1 |              5 |         5.00 |
|  clk_core_BUFG          | swervolf/axi_intercon/axi_xbar/gen_slv_port_demux[0].i_axi_err_slv/i_r_counter/i_counter/r_busy_q_reg_5[0]                                  | clk_gen/rst_core                                                 |                1 |              5 |         5.00 |
|  clk_core_BUFG          | swervolf/axi_intercon/axi_xbar/gen_slv_port_demux[2].i_axi_demux/gen_demux.i_r_mux/gen_arbiter.gen_int_rr.rr_q_reg[1]_8[0]                  | clk_gen/rst_core                                                 |                2 |              5 |         2.50 |
|  clk_core_BUFG          | swervolf/axi_intercon/axi_xbar/gen_slv_port_demux[2].i_axi_demux/gen_demux.i_r_mux/gen_arbiter.gen_int_rr.rr_q_reg[1]_9[0]                  | clk_gen/rst_core                                                 |                1 |              5 |         5.00 |
|  clk_core_BUFG          | swervolf/axi_intercon/axi_xbar/gen_slv_port_demux[2].i_axi_demux/gen_demux.i_r_mux/kalman_ar_id_buf_reg[2][0]                               | clk_gen/rst_core                                                 |                1 |              5 |         5.00 |
|  clk_core_BUFG          | swervolf/axi_intercon/axi_xbar/gen_slv_port_demux[2].i_axi_demux/gen_demux.i_r_mux/kalman_ar_id_buf_reg[2]_0[0]                             | clk_gen/rst_core                                                 |                2 |              5 |         2.50 |
|  clk_core_BUFG          | swervolf/axi_intercon/axi_xbar/gen_slv_port_demux[2].i_axi_demux/gen_demux.i_r_mux/kalman_ar_id_buf_reg[2]_1[0]                             | clk_gen/rst_core                                                 |                1 |              5 |         5.00 |
|  clk_core_BUFG          | swervolf/axi_intercon/axi_xbar/gen_slv_port_demux[2].i_axi_demux/gen_demux.i_r_mux/kalman_ar_id_buf_reg[2]_2[0]                             | clk_gen/rst_core                                                 |                1 |              5 |         5.00 |
|  clk_core_BUFG          | swervolf/axi_intercon/axi_xbar/gen_slv_port_demux[0].i_axi_err_slv/i_r_counter/i_counter/E[0]                                               | clk_gen/rst_core                                                 |                1 |              5 |         5.00 |
|  clk_core_BUFG          | swervolf/axi_intercon/axi_xbar/gen_slv_port_demux[0].i_axi_err_slv/i_r_counter/i_counter/r_busy_q_reg_1[0]                                  | clk_gen/rst_core                                                 |                1 |              5 |         5.00 |
|  clk_core_BUFG          | swervolf/axi_intercon/axi_xbar/gen_slv_port_demux[0].i_axi_err_slv/i_r_counter/i_counter/r_busy_q_reg[0]                                    | clk_gen/rst_core                                                 |                1 |              5 |         5.00 |
|  clk_core_BUFG          | swervolf/axi_intercon/axi_xbar/gen_slv_port_demux[0].i_axi_err_slv/i_r_counter/i_counter/r_busy_q_reg_0[0]                                  | clk_gen/rst_core                                                 |                1 |              5 |         5.00 |
|  clk_core_BUFG          | swervolf/axi_intercon/axi_xbar/gen_slv_port_demux[0].i_axi_err_slv/i_r_counter/i_counter/r_busy_q_reg_2[0]                                  | clk_gen/rst_core                                                 |                1 |              5 |         5.00 |
|  clk_core_BUFG          | swervolf/axi_intercon/axi_xbar/gen_slv_port_demux[0].i_axi_err_slv/i_r_counter/i_counter/r_busy_q_reg_3[0]                                  | clk_gen/rst_core                                                 |                1 |              5 |         5.00 |
|  clk_core_BUFG          | swervolf/axi_intercon/axi_xbar/gen_slv_port_demux[0].i_axi_err_slv/i_r_counter/i_counter/r_busy_q_reg_4[0]                                  | clk_gen/rst_core                                                 |                2 |              5 |         2.50 |
|  clk_core_BUFG          | swervolf/axi_intercon/axi_xbar/gen_slv_port_demux[2].i_axi_demux/gen_demux.i_r_mux/gen_arbiter.gen_int_rr.rr_q_reg[1]_7[0]                  | clk_gen/rst_core                                                 |                1 |              5 |         5.00 |
|  clk_core_BUFG          | swervolf/axi_intercon/axi_xbar/gen_slv_port_demux[1].i_axi_err_slv/i_r_counter/i_counter/gen_spill_reg.b_data_q_reg[71][0]                  | clk_gen/rst_core                                                 |                1 |              5 |         5.00 |
|  clk_core_BUFG          | swervolf/axi_intercon/axi_xbar/gen_slv_port_demux[1].i_axi_err_slv/i_r_counter/i_counter/gen_spill_reg.b_data_q_reg[71]_2[0]                | clk_gen/rst_core                                                 |                1 |              5 |         5.00 |
|  clk_core_BUFG          | swervolf/axi_intercon/axi_xbar/gen_slv_port_demux[1].i_axi_err_slv/i_r_counter/i_counter/gen_spill_reg.b_data_q_reg[71]_0[0]                | clk_gen/rst_core                                                 |                1 |              5 |         5.00 |
|  clk_core_BUFG          | swervolf/axi_intercon/axi_xbar/gen_slv_port_demux[1].i_axi_err_slv/i_r_counter/i_counter/r_busy_q_reg[0]                                    | clk_gen/rst_core                                                 |                2 |              5 |         2.50 |
|  clk_core_BUFG          | swervolf/axi_intercon/axi_xbar/gen_slv_port_demux[1].i_axi_err_slv/i_r_counter/i_counter/r_busy_q_reg_0[0]                                  | clk_gen/rst_core                                                 |                1 |              5 |         5.00 |
|  clk_core_BUFG          | swervolf/axi_intercon/axi_xbar/gen_slv_port_demux[1].i_axi_err_slv/i_r_counter/i_counter/r_busy_q_reg_1[0]                                  | clk_gen/rst_core                                                 |                1 |              5 |         5.00 |
|  clk_core_BUFG          | swervolf/axi_intercon/axi_xbar/gen_slv_port_demux[1].i_axi_err_slv/i_r_counter/i_counter/r_busy_q_reg_2[0]                                  | clk_gen/rst_core                                                 |                1 |              5 |         5.00 |
|  clk_core_BUFG          | swervolf/axi_intercon/axi_xbar/gen_slv_port_demux[1].i_axi_err_slv/i_r_counter/i_counter/r_busy_q_reg_3[0]                                  | clk_gen/rst_core                                                 |                1 |              5 |         5.00 |
|  clk_core_BUFG          | swervolf/axi_intercon/axi_xbar/gen_slv_port_demux[1].i_axi_err_slv/i_r_counter/i_counter/r_busy_q_reg_4[0]                                  | clk_gen/rst_core                                                 |                1 |              5 |         5.00 |
|  clk_core_BUFG          | swervolf/axi_intercon/axi_xbar/gen_slv_port_demux[1].i_axi_err_slv/i_r_counter/i_counter/r_busy_q_reg_5[0]                                  | clk_gen/rst_core                                                 |                1 |              5 |         5.00 |
|  clk_core_BUFG          | swervolf/axi_intercon/axi_xbar/gen_slv_port_demux[1].i_axi_err_slv/i_r_counter/i_counter/r_busy_q_reg_6[0]                                  | clk_gen/rst_core                                                 |                1 |              5 |         5.00 |
|  clk_core_BUFG          | swervolf/axi_intercon/axi_xbar/gen_slv_port_demux[1].i_axi_err_slv/i_b_fifo/E[0]                                                            | clk_gen/rst_core                                                 |                2 |              5 |         2.50 |
|  ddr2/ldc/BUFG_1_0      | ddr2/ldc/write_id_buffer_level[4]_i_1_n_0                                                                                                   | ddr2/ldc/FDPE_3_0                                                |                3 |              5 |         1.67 |
|  ddr2/ldc/BUFG_1_0      | ddr2/ldc/sdram_phaseinjector0_address_storage[12]_i_1_n_0                                                                                   |                                                                  |                2 |              5 |         2.50 |
|  ddr2/ldc/BUFG_1_0      | ddr2/ldc/sdram_phaseinjector1_address_storage[12]_i_1_n_0                                                                                   |                                                                  |                1 |              5 |         5.00 |
|  ddr2/ldc/BUFG_1_0      |                                                                                                                                             | ddr2/ldc/litedramcore_interface2_bank_bus_dat_r[4]_i_1_n_0       |                2 |              5 |         2.50 |
|  ddr2/ldc/BUFG_1_0      | ddr2/ldc/sdram_sequencer_counter[4]_i_1_n_0                                                                                                 | ddr2/ldc/FDPE_3_0                                                |                1 |              5 |         5.00 |
|  ddr2/ldc/BUFG_1_0      | ddr2/ldc/sdram_time0[4]_i_1_n_0                                                                                                             | ddr2/ldc/FDPE_3_0                                                |                2 |              5 |         2.50 |
|  ddr2/ldc/BUFG_1_0      |                                                                                                                                             | ddr2/ldc/serv_rf_top/cpu/bufreg/o_lsb_reg[1]_2[0]                |                1 |              5 |         5.00 |
|  ddr2/ldc/BUFG_1_0      | ddr2/ldc/uart_rx_fifo_level0[4]_i_1_n_0                                                                                                     | ddr2/ldc/FDPE_3_0                                                |                2 |              5 |         2.50 |
|  ddr2/ldc/BUFG_1_0      | ddr2/ldc/uart_tx_fifo_level0[4]_i_1_n_0                                                                                                     | ddr2/ldc/FDPE_3_0                                                |                1 |              5 |         5.00 |
|  ddr2/ldc/BUFG_1_0      | ddr2/ldc/serv_rf_top/cpu/state/o_cnt_en_reg_0[0]                                                                                            | ddr2/ldc/serv_rf_top/cpu/ctrl/SR[0]                              |                2 |              5 |         2.50 |
|  ddr2/ldc/BUFG_1_0      | ddr2/ldc/write_resp_buffer_level[4]_i_1_n_0                                                                                                 | ddr2/ldc/FDPE_3_0                                                |                2 |              5 |         2.50 |
|  ddr2/ldc/BUFG_1_0      | ddr2/ldc/write_w_buffer_level0[4]_i_1_n_0                                                                                                   | ddr2/ldc/FDPE_3_0                                                |                2 |              5 |         2.50 |
|  ddr2/ldc/BUFG_1_0      | ddr2/ldc/sdram_bankmachine0_cmd_buffer_lookahead_level[4]_i_1_n_0                                                                           | ddr2/ldc/FDPE_3_0                                                |                1 |              5 |         5.00 |
|  ddr2/ldc/BUFG_1_0      | ddr2/ldc/read_r_buffer_level2[4]_i_1_n_0                                                                                                    | ddr2/ldc/FDPE_3_0                                                |                2 |              5 |         2.50 |
|  ddr2/ldc/BUFG_1_0      | ddr2/ldc/read_id_buffer_level[4]_i_1_n_0                                                                                                    | ddr2/ldc/FDPE_3_0                                                |                2 |              5 |         2.50 |
|  ddr2/ldc/BUFG_1_0      | ddr2/ldc/serv_rf_top/rf_ram_if/wgo                                                                                                          | ddr2/ldc/serv_rf_top/cpu/ctrl/SR[0]                              |                1 |              5 |         5.00 |
|  ddr2/ldc/BUFG_1_0      | ddr2/ldc/read_r_buffer_level0[4]_i_1_n_0                                                                                                    | ddr2/ldc/FDPE_3_0                                                |                2 |              5 |         2.50 |
|  ddr2/ldc/BUFG_1_0      | ddr2/ldc/litedramcore_csrbank2_half_sys8x_taps0_re                                                                                          | ddr2/ldc/FDPE_3_0                                                |                1 |              5 |         5.00 |
|  ddr2/ldc/BUFG_1_0      | ddr2/ldc/sdram_bankmachine7_cmd_buffer_lookahead_level[4]_i_1_n_0                                                                           | ddr2/ldc/FDPE_3_0                                                |                1 |              5 |         5.00 |
|  ddr2/ldc/BUFG_1_0      | ddr2/ldc/sdram_bankmachine3_cmd_buffer_lookahead_level[4]_i_1_n_0                                                                           | ddr2/ldc/FDPE_3_0                                                |                2 |              5 |         2.50 |
|  ddr2/ldc/BUFG_1_0      | ddr2/ldc/sdram_bankmachine1_cmd_buffer_lookahead_level[4]_i_1_n_0                                                                           | ddr2/ldc/FDPE_3_0                                                |                1 |              5 |         5.00 |
|  ddr2/ldc/BUFG_1_0      | ddr2/ldc/sdram_bankmachine2_cmd_buffer_lookahead_level[4]_i_1_n_0                                                                           | ddr2/ldc/FDPE_3_0                                                |                2 |              5 |         2.50 |
|  ddr2/ldc/BUFG_1_0      | ddr2/ldc/sdram_bankmachine5_cmd_buffer_lookahead_level[4]_i_1_n_0                                                                           | ddr2/ldc/FDPE_3_0                                                |                1 |              5 |         5.00 |
|  ddr2/ldc/BUFG_1_0      | ddr2/ldc/sdram_bankmachine4_cmd_buffer_lookahead_level[4]_i_1_n_0                                                                           | ddr2/ldc/FDPE_3_0                                                |                1 |              5 |         5.00 |
|  ddr2/ldc/BUFG_1_0      | ddr2/ldc/sdram_bankmachine6_cmd_buffer_lookahead_level[4]_i_1_n_0                                                                           | ddr2/ldc/FDPE_3_0                                                |                1 |              5 |         5.00 |
|  clk_core_BUFG          | swervolf/rvtop/veer/dec/decode/r_d_ff/genblock.dff/genblock.dffs/dout_reg[17]_4                                                             | clk_gen/o_rst_core_reg_1                                         |                4 |              6 |         1.50 |
|  clk_core_BUFG          | cdc/i_axi_cdc/i_cdc_fifo_gray_b/i_dst/i_spill_register/rptr_q_reg[0][0]                                                                     | clk_gen/rst_core                                                 |                1 |              6 |         6.00 |
|  clk_core_BUFG          | swervolf/rvtop/veer/pic_ctrl_inst/picm_wadd_flop/IO_CLK_GRP[1].grp_clken__0                                                                 | clk_gen/o_rst_core_reg_4                                         |                5 |              6 |         1.20 |
|  clk_core_BUFG          | swervolf/rvtop/veer/exu/en__4                                                                                                               | clk_gen/o_rst_core_reg_1                                         |                3 |              6 |         2.00 |
|  ddr2/ldc/BUFG_1_0      | ddr2/ldc/litedramcore_csrbank3_dfii_control0_re                                                                                             | ddr2/ldc/FDPE_3_0                                                |                1 |              6 |         6.00 |
|  ddr2/ldc/BUFG_1_0      |                                                                                                                                             | ddr2/ldc/serv_rf_top/cpu/ctrl/SR[0]                              |                3 |              6 |         2.00 |
|  ddr2/ldc/BUFG_1_0      | ddr2/ldc/serv_rf_top/cpu/state/E[0]                                                                                                         |                                                                  |                2 |              6 |         3.00 |
|  clk_core_BUFG          | swervolf/axi2wb/sw_irq4_edge                                                                                                                |                                                                  |                2 |              6 |         3.00 |
|  clk_core_BUFG          | swervolf/rvtop/veer/dec/decode/r_d_ff/genblock.dff/genblock.dffs/dout_reg[13]_14                                                            | clk_gen/o_rst_core_reg_1                                         |                1 |              6 |         6.00 |
|  clk_core_BUFG          |                                                                                                                                             | swervolf/axi2wb/o_wb_adr_reg[5]_0                                |                2 |              6 |         3.00 |
|  clk_core_BUFG          | swervolf/rvtop/veer/ifu/i___5_n_0                                                                                                           | clk_gen/o_rst_core_reg_1                                         |                2 |              6 |         3.00 |
|  ddr2/ldc/BUFG_1_0      | ddr2/ldc/litedramcore_csrbank3_dfii_pi1_command0_re                                                                                         | ddr2/ldc/FDPE_3_0                                                |                1 |              6 |         6.00 |
|  ddr2/ldc/BUFG_1_0      | ddr2/ldc/litedramcore_csrbank3_dfii_pi0_command0_re                                                                                         | ddr2/ldc/FDPE_3_0                                                |                2 |              6 |         3.00 |
|  clk_core_BUFG          | swervolf/rvtop/mem/ic_tag_inst/PACKED_1.write_bypass_en_0                                                                                   | clk_gen/o_rst_core_reg_1                                         |                2 |              6 |         3.00 |
|  clk_core_BUFG          | swervolf/rvtop/mem/ic_tag_inst/PACKED_1.write_bypass_en_1                                                                                   | clk_gen/o_rst_core_reg_1                                         |                1 |              6 |         6.00 |
|  ddr2/ldc/BUFG_1_0      |                                                                                                                                             | ddr2/ldc/serv_rf_top/cpu/state/init                              |                2 |              6 |         3.00 |
|  clk_core_BUFG          | swervolf/rvtop/veer/dec/i___98_n_0                                                                                                          | clk_gen/o_rst_core_reg_1                                         |                2 |              7 |         3.50 |
|  clk_core_BUFG          |                                                                                                                                             | clk_gen/SR[0]                                                    |                3 |              7 |         2.33 |
|  clk_core_BUFG          | swervolf/rvtop/veer/dec/i___101_n_0                                                                                                         | clk_gen/o_rst_core_reg_1                                         |                3 |              7 |         2.33 |
|  clk_core_BUFG          | swervolf/rvtop/veer/dec/i___99_n_0                                                                                                          | clk_gen/o_rst_core_reg_1                                         |                3 |              7 |         2.33 |
|  clk_core_BUFG          |                                                                                                                                             | clk_gen/o_rst_core_reg_0[0]                                      |                4 |              7 |         1.75 |
|  clk_core_BUFG          | swervolf/axi2wb/o_wb_cyc_reg_1[0]                                                                                                           | clk_gen/rst_core                                                 |                1 |              7 |         7.00 |
|  clk_core_BUFG          | swervolf/axi2wb/o_wb_cyc_reg_4[0]                                                                                                           | clk_gen/rst_core                                                 |                4 |              7 |         1.75 |
|  clk_core_BUFG          | swervolf/rvtop/veer/dec/i___100_n_0                                                                                                         | clk_gen/o_rst_core_reg_1                                         |                1 |              7 |         7.00 |
|  ddr2/ldc/BUFG_1_0      | ddr2/ldc/uart_rx_fifo_rdport_re                                                                                                             |                                                                  |                2 |              8 |         4.00 |
|  clk_core_BUFG          | swervolf/axi_intercon/axi_xbar/gen_slv_port_demux[2].i_axi_err_slv/i_r_fifo/E[0]                                                            | clk_gen/rst_core                                                 |                3 |              8 |         2.67 |
|  ddr2/ldc/BUFG_1_0      | ddr2/ldc/uart_phy_storage[7]_i_1_n_0                                                                                                        | ddr2/ldc/FDPE_3_0                                                |                3 |              8 |         2.67 |
|  ddr2/ldc/BUFG_1_0      | ddr2/ldc/uart_phy_storage[31]_i_1_n_0                                                                                                       | ddr2/ldc/FDPE_3_0                                                |                2 |              8 |         4.00 |
|  ddr2/ldc/BUFG_1_0      | ddr2/ldc/uart_phy_rx_reg[0]                                                                                                                 |                                                                  |                1 |              8 |         8.00 |
|  ddr2/ldc/BUFG_1_0      | ddr2/ldc/uart_phy_storage[23]_i_1_n_0                                                                                                       | ddr2/ldc/FDPE_3_0                                                |                1 |              8 |         8.00 |
|  clk_core_BUFG          | swervolf/uart16550_0/regs/receiver/counter_b[7]_i_1_n_0                                                                                     | clk_gen/rst_core                                                 |                3 |              8 |         2.67 |
|  ddr2/ldc/BUFG_1_0      | ddr2/ldc/uart_phy_storage[15]_i_1_n_0                                                                                                       | ddr2/ldc/FDPE_3_0                                                |                3 |              8 |         2.67 |
|  ddr2/ldc/BUFG_1_0      | ddr2/ldc/uart_phy_source_payload_data[7]_i_1_n_0                                                                                            | ddr2/ldc/FDPE_3_0                                                |                1 |              8 |         8.00 |
|  ddr2/ldc/BUFG_1_0      | ddr2/ldc/timer_reload_storage[7]_i_1_n_0                                                                                                    | ddr2/ldc/FDPE_3_0                                                |                2 |              8 |         4.00 |
|  ddr2/ldc/BUFG_1_0      | ddr2/ldc/timer_reload_storage[31]_i_1_n_0                                                                                                   | ddr2/ldc/FDPE_3_0                                                |                2 |              8 |         4.00 |
|  ddr2/ldc/BUFG_1_0      | ddr2/ldc/soccontroller_scratch_storage[23]_i_1_n_0                                                                                          | ddr2/ldc/FDPE_3_0                                                |                2 |              8 |         4.00 |
|  ddr2/ldc/BUFG_1_0      | ddr2/ldc/sdram_phaseinjector0_address_storage[7]_i_1_n_0                                                                                    |                                                                  |                2 |              8 |         4.00 |
|  clk_core_BUFG          | swervolf/rvtop/veer/dec/tlu/mcgc_ff/genblock.genblock.dff/genblock.dffs/r_data_en_q2                                                        | clk_gen/o_rst_core_reg_1                                         |                3 |              8 |         2.67 |
|  ddr2/ldc/BUFG_1_0      | ddr2/ldc/sdram_phaseinjector0_wrdata_storage[15]_i_1_n_0                                                                                    |                                                                  |                2 |              8 |         4.00 |
|  ddr2/ldc/BUFG_1_0      | ddr2/ldc/sdram_phaseinjector0_wrdata_storage[23]_i_1_n_0                                                                                    |                                                                  |                1 |              8 |         8.00 |
|  ddr2/ldc/BUFG_1_0      | ddr2/ldc/sdram_phaseinjector0_wrdata_storage[31]_i_1_n_0                                                                                    |                                                                  |                3 |              8 |         2.67 |
|  ddr2/ldc/BUFG_1_0      | ddr2/ldc/sdram_phaseinjector0_wrdata_storage[7]_i_1_n_0                                                                                     |                                                                  |                1 |              8 |         8.00 |
|  ddr2/ldc/BUFG_1_0      | ddr2/ldc/sdram_phaseinjector1_address_storage[7]_i_1_n_0                                                                                    |                                                                  |                3 |              8 |         2.67 |
|  ddr2/ldc/BUFG_1_0      | ddr2/ldc/sdram_phaseinjector1_wrdata_storage[15]_i_1_n_0                                                                                    |                                                                  |                2 |              8 |         4.00 |
|  ddr2/ldc/BUFG_1_0      | ddr2/ldc/sdram_phaseinjector1_wrdata_storage[23]_i_1_n_0                                                                                    |                                                                  |                2 |              8 |         4.00 |
|  clk_core_BUFG          | swervolf/axi_intercon/axi_xbar/gen_slv_port_demux[1].i_axi_err_slv/i_r_counter/i_counter/counter_q[7]_i_1__0_n_0                            | clk_gen/rst_core                                                 |                3 |              8 |         2.67 |
|  ddr2/ldc/BUFG_1_0      | ddr2/ldc/sdram_phaseinjector1_wrdata_storage[31]_i_1_n_0                                                                                    |                                                                  |                2 |              8 |         4.00 |
|  ddr2/ldc/BUFG_1_0      | ddr2/ldc/sdram_phaseinjector1_wrdata_storage[7]_i_1_n_0                                                                                     |                                                                  |                2 |              8 |         4.00 |
|  ddr2/ldc/BUFG_1_0      | ddr2/ldc/soccontroller_scratch_storage[15]_i_1_n_0                                                                                          | ddr2/ldc/FDPE_3_0                                                |                4 |              8 |         2.00 |
|  ddr2/ldc/BUFG_1_0      | ddr2/ldc/timer_reload_storage[23]_i_1_n_0                                                                                                   | ddr2/ldc/FDPE_3_0                                                |                3 |              8 |         2.67 |
|  ddr2/ldc/BUFG_1_0      | ddr2/ldc/soccontroller_scratch_storage[31]_i_1_n_0                                                                                          | ddr2/ldc/FDPE_3_0                                                |                3 |              8 |         2.67 |
|  ddr2/ldc/BUFG_1_0      | ddr2/ldc/soccontroller_scratch_storage[7]_i_1_n_0                                                                                           | ddr2/ldc/FDPE_3_0                                                |                3 |              8 |         2.67 |
|  clk_core_BUFG          | swervolf/axi_intercon/axi_xbar/gen_slv_port_demux[0].i_axi_err_slv/i_r_counter/i_counter/counter_q[7]_i_1_n_0                               | clk_gen/rst_core                                                 |                3 |              8 |         2.67 |
|  clk_core_BUFG          | swervolf/rvtop/veer/dec/i___360_n_0                                                                                                         | clk_gen/o_rst_core_reg_1                                         |                2 |              8 |         4.00 |
|  clk_core_BUFG          | swervolf/rvtop/veer/dec/i___361_n_0                                                                                                         | clk_gen/o_rst_core_reg_1                                         |                4 |              8 |         2.00 |
|  ddr2/ldc/BUFG_1_0      | ddr2/ldc/storage_11_reg_0_15_0_5_i_1_n_0                                                                                                    |                                                                  |                1 |              8 |         8.00 |
|  ddr2/ldc/BUFG_1_0      | ddr2/ldc/storage_12_reg_0_15_0_5_i_1_n_0                                                                                                    |                                                                  |                1 |              8 |         8.00 |
|  ddr2/ldc/BUFG_1_0      | ddr2/ldc/timer_load_storage[15]_i_1_n_0                                                                                                     | ddr2/ldc/FDPE_3_0                                                |                3 |              8 |         2.67 |
|  ddr2/ldc/BUFG_1_0      | ddr2/ldc/timer_load_storage[23]_i_1_n_0                                                                                                     | ddr2/ldc/FDPE_3_0                                                |                2 |              8 |         4.00 |
|  ddr2/ldc/BUFG_1_0      | ddr2/ldc/timer_load_storage[31]_i_1_n_0                                                                                                     | ddr2/ldc/FDPE_3_0                                                |                2 |              8 |         4.00 |
|  ddr2/ldc/BUFG_1_0      | ddr2/ldc/timer_load_storage[7]_i_1_n_0                                                                                                      | ddr2/ldc/FDPE_3_0                                                |                2 |              8 |         4.00 |
|  ddr2/ldc/BUFG_1_0      | ddr2/ldc/timer_reload_storage[15]_i_1_n_0                                                                                                   | ddr2/ldc/FDPE_3_0                                                |                2 |              8 |         4.00 |
|  clk_core_BUFG          | swervolf/uart16550_0/wb_interface/lcr_reg[7]_1[0]                                                                                           | clk_gen/rst_core                                                 |                2 |              8 |         4.00 |
|  clk_core_BUFG          | swervolf/axi2wb/o_wb_adr_reg[3]_2[5]                                                                                                        | clk_gen/rst_core                                                 |                3 |              8 |         2.67 |
|  clk_core_BUFG          | swervolf/axi2wb/o_wb_adr_reg[3]_2[4]                                                                                                        | clk_gen/rst_core                                                 |                2 |              8 |         4.00 |
|  clk_core_BUFG          | swervolf/axi2wb/o_wb_adr_reg[3]_2[3]                                                                                                        | clk_gen/rst_core                                                 |                2 |              8 |         4.00 |
|  clk_core_BUFG          | swervolf/axi2wb/o_wb_adr_reg[3]_2[2]                                                                                                        | clk_gen/rst_core                                                 |                2 |              8 |         4.00 |
|  clk_core_BUFG          | swervolf/axi2wb/o_wb_adr_reg[3]_2[1]                                                                                                        | clk_gen/rst_core                                                 |                2 |              8 |         4.00 |
|  clk_core_BUFG          | swervolf/axi2wb/o_wb_adr_reg[3]_1[3]                                                                                                        |                                                                  |                2 |              8 |         4.00 |
|  clk_core_BUFG          | swervolf/axi2wb/o_wb_adr_reg[3]_1[2]                                                                                                        |                                                                  |                3 |              8 |         2.67 |
|  clk_core_BUFG          | swervolf/axi2wb/o_wb_adr_reg[3]_1[1]                                                                                                        |                                                                  |                2 |              8 |         4.00 |
|  clk_core_BUFG          | swervolf/axi2wb/o_wb_adr_reg[3]_1[0]                                                                                                        |                                                                  |                4 |              8 |         2.00 |
|  clk_core_BUFG          | swervolf/axi2wb/irq_gpio_enable_reg[0]                                                                                                      |                                                                  |                3 |              8 |         2.67 |
|  clk_core_BUFG          | swervolf/axi2wb/E[0]                                                                                                                        | clk_gen/rst_core                                                 |                1 |              8 |         8.00 |
|  clk_core_BUFG          | swervolf/axi2wb/o_wb_adr_reg[3]_2[0]                                                                                                        | clk_gen/rst_core                                                 |                1 |              8 |         8.00 |
|  clk_IBUF_BUFG          |                                                                                                                                             |                                                                  |                2 |              8 |         4.00 |
|  ddr2/ldc/BUFG_1_0      |                                                                                                                                             | ddr2/ldc/litedramcore_interface6_bank_bus_dat_r[7]_i_1_n_0       |                3 |              8 |         2.67 |
|  ddr2/ldc/BUFG_1_0      |                                                                                                                                             | ddr2/ldc/litedramcore_interface5_bank_bus_dat_r[7]_i_1_n_0       |                3 |              8 |         2.67 |
|  clk_core_BUFG          | swervolf/uart16550_0/wb_interface/wre_reg_0[0]                                                                                              | clk_gen/rst_core                                                 |                1 |              8 |         8.00 |
|  clk_core_BUFG          | swervolf/uart16550_0/wb_interface/wre_reg_1[0]                                                                                              | clk_gen/rst_core                                                 |                3 |              8 |         2.67 |
|  ddr2/ldc/BUFG_1_0      |                                                                                                                                             | ddr2/ldc/litedramcore_interface4_bank_bus_dat_r[7]_i_1_n_0       |                6 |              8 |         1.33 |
|  ddr2/ldc/BUFG_1_0      |                                                                                                                                             | ddr2/ldc/litedramcore_interface3_bank_bus_dat_r[7]_i_1_n_0       |                4 |              8 |         2.00 |
|  ddr2/ldc/BUFG_1_0      | ddr2/ldc/grant_reg_0                                                                                                                        | ddr2/ldc/write_beat_count[7]_i_1_n_0                             |                2 |              8 |         4.00 |
|  clk_core_BUFG          | swervolf/syscon/irq_timer_cnt[23]_i_1_n_0                                                                                                   |                                                                  |                3 |              8 |         2.67 |
|  clk_core_BUFG          | swervolf/syscon/irq_timer_cnt[15]_i_1_n_0                                                                                                   |                                                                  |                3 |              8 |         2.67 |
|  clk_core_BUFG          | swervolf/axi2wb/o_wb_adr_reg[3]_2[6]                                                                                                        | clk_gen/rst_core                                                 |                2 |              8 |         4.00 |
|  ddr2/ldc/BUFG_1_0      |                                                                                                                                             | ddr2/ldc/litedramcore_interface0_bank_bus_dat_r[7]_i_1_n_0       |                3 |              8 |         2.67 |
|  ddr2/ldc/BUFG_1_0      | ddr2/ldc/read_beat_count[7]_i_2_n_0                                                                                                         | ddr2/ldc/read_beat_count[7]_i_1_n_0                              |                2 |              8 |         4.00 |
|  clk_core_BUFG          | swervolf/rvtop/veer/ifu/i___0_n_0                                                                                                           | clk_gen/o_rst_core_reg_1                                         |                6 |              8 |         1.33 |
|  ddr2/ldc/BUFG_1_0      |                                                                                                                                             | ddr2/ldc/a7ddrphy_bitslip0_r1[11]_i_1_n_0                        |                1 |              8 |         8.00 |
|  clk_core_BUFG          | swervolf/axi2wb/o_wb_we_reg_2[0]                                                                                                            | clk_gen/rst_core                                                 |                2 |              8 |         4.00 |
|  clk_core_BUFG          | swervolf/axi2wb/o_wb_cyc_reg_3[0]                                                                                                           | clk_gen/rst_core                                                 |                3 |              8 |         2.67 |
|  clk_core_BUFG          | swervolf/axi2wb/o_wb_adr_reg[5]_2[0]                                                                                                        |                                                                  |                2 |              8 |         4.00 |
|  ddr2/ldc/BUFG_1_0      | ddr2/ldc/litedramcore_litedramcore_dat_w_next_value_ce0                                                                                     |                                                                  |                2 |              8 |         4.00 |
|  clk_core_BUFG          | swervolf/axi2wb/o_wb_adr_reg[3]_rep__0_0[3]                                                                                                 |                                                                  |                2 |              8 |         4.00 |
|  clk_core_BUFG          | swervolf/axi2wb/o_wb_adr_reg[3]_rep__0_0[2]                                                                                                 |                                                                  |                1 |              8 |         8.00 |
|  clk_core_BUFG          | swervolf/axi2wb/o_wb_adr_reg[3]_rep__0_0[1]                                                                                                 |                                                                  |                2 |              8 |         4.00 |
|  clk_core_BUFG          | swervolf/syscon/irq_timer_cnt[7]_i_1_n_0                                                                                                    |                                                                  |                3 |              8 |         2.67 |
|  clk_core_BUFG          | swervolf/axi2wb/o_wb_adr_reg[3]_2[7]                                                                                                        | clk_gen/rst_core                                                 |                2 |              8 |         4.00 |
|  clk_core_BUFG          | swervolf/uart16550_0/wb_interface/E[0]                                                                                                      | clk_gen/rst_core                                                 |                2 |              8 |         4.00 |
|  clk_core_BUFG          | swervolf/axi2wb/o_wb_adr_reg[3]_rep__0_0[0]                                                                                                 |                                                                  |                2 |              8 |         4.00 |
|  clk_core_BUFG          | swervolf/uart16550_0/regs/block_cnt[7]_i_1_n_0                                                                                              | clk_gen/rst_core                                                 |                3 |              8 |         2.67 |
|  clk_core_BUFG          | swervolf/rvtop/veer/dec/tlu/mtsel_ff/dout_reg[9]                                                                                            | clk_gen/o_rst_core_reg_1                                         |                5 |              9 |         1.80 |
|  clk_core_BUFG          | swervolf/axi_intercon/axi_xbar/gen_mst_port_mux[2].i_axi_mux/gen_mux.i_aw_spill_reg/gen_spill_reg.a_fill                                    | clk_gen/rst_core                                                 |                5 |              9 |         1.80 |
|  dtmcs_tck              | tap/dtmcs_2[0]                                                                                                                              | tap/dtmcs[40]_i_1_n_0                                            |                2 |              9 |         4.50 |
|  clk_core_BUFG          | swervolf/rvtop/veer/dec/decode/r_d_ff/genblock.dff/genblock.dffs/dout_reg[13]_15                                                            | clk_gen/o_rst_core_reg_1                                         |                6 |              9 |         1.50 |
|  clk_core_BUFG          | swervolf/axi_intercon/axi_xbar/gen_mst_port_mux[2].i_axi_mux/gen_mux.i_aw_spill_reg/gen_spill_reg.b_fill                                    | clk_gen/rst_core                                                 |                3 |              9 |         3.00 |
|  clk_core_BUFG          | swervolf/uart16550_0/regs/transmitter/bit_counter[2]_i_1_n_0                                                                                | clk_gen/rst_core                                                 |                2 |              9 |         4.50 |
|  clk_core_BUFG          | swervolf/rvtop/veer/dec/decode/r_d_ff/genblock.dff/genblock.dffs/dout_reg[1]_4                                                              | clk_gen/o_rst_core_reg_1                                         |                4 |              9 |         2.25 |
|  clk_core_BUFG          | swervolf/rvtop/veer/pic_ctrl_inst/picm_wadd_flop/IO_CLK_GRP[0].grp_clken__0                                                                 | clk_gen/o_rst_core_reg_4                                         |                7 |              9 |         1.29 |
|  ddr2/ldc/BUFG_1_0      |                                                                                                                                             | ddr2/ldc/sdram_timer_count1[9]_i_1_n_0                           |                2 |             10 |         5.00 |
|  clk_core_BUFG          | swervolf/uart16550_0/regs/receiver/fifo_rx/E[0]                                                                                             | clk_gen/rst_core                                                 |                4 |             10 |         2.50 |
|  ddr2/ldc/BUFG_1_0      | ddr2/ldc/storage_14_reg_0_15_0_5_i_1_n_0                                                                                                    |                                                                  |                2 |             10 |         5.00 |
|  clk_core_BUFG          | swervolf/axi_intercon/axi_xbar/gen_mst_port_mux[2].i_axi_mux/gen_mux.i_ar_spill_reg/gen_spill_reg.b_fill                                    | clk_gen/rst_core                                                 |                5 |             10 |         2.00 |
|  clk_core_BUFG          | swervolf/axi_intercon/axi_xbar/gen_mst_port_mux[2].i_axi_mux/gen_mux.i_ar_spill_reg/E[0]                                                    | clk_gen/rst_core                                                 |                4 |             10 |         2.50 |
|  clk_core_BUFG          | swervolf/rvtop/veer/ifu/mem_ctl/perr_state_ff/genblock.dffs/dout_reg[0]_3                                                                   | clk_gen/o_rst_core_reg_1                                         |                5 |             10 |         2.00 |
|  clk_core_BUFG          | swervolf/rvtop/mem/iccm.iccm/red_lru/genblock.dffs/dout_reg[0]_1                                                                            | clk_gen/o_rst_core_reg_1                                         |                6 |             10 |         1.67 |
|  ddr2/ldc/BUFG_1_0      | ddr2/ldc/serv_rf_top/cpu/state/litedramcore_litedramcore_adr_next_value_ce1                                                                 | ddr2/ldc/FSM_onehot_litedramcore_state_reg_n_0_[1]               |                2 |             11 |         5.50 |
|  clk_core_BUFG          |                                                                                                                                             | swervolf/u_kalman/u_core/u_1mk0/s1_big_man[52]_i_1__0_n_0        |                3 |             11 |         3.67 |
|  clk_core_BUFG          | swervolf/uart16550_0/regs/receiver/rf_data_in[10]_i_1_n_0                                                                                   | clk_gen/rst_core                                                 |                2 |             11 |         5.50 |
|  clk_core_BUFG          | swervolf/spi/treg[7]_i_1__0_n_0                                                                                                             | clk_gen/o_rst_core_reg_0[0]                                      |                3 |             12 |         4.00 |
|  clk_core_BUFG          | swervolf/spi/rfwe_reg_n_0                                                                                                                   |                                                                  |                2 |             12 |         6.00 |
|  clk_core_BUFG          | swervolf/rvtop/veer/dec/decode/r_d_ff/genblock.dff/genblock.dffs/dout_reg[20]_2                                                             | clk_gen/o_rst_core_reg_1                                         |                9 |             12 |         1.33 |
|  ddr2/ldc/BUFG_1_0      | ddr2/ldc/write_beat_offset[0]                                                                                                               | ddr2/ldc/FDPE_3_0                                                |                3 |             12 |         4.00 |
|  clk_core_BUFG          | swervolf/spi2/treg[7]_i_1_n_0                                                                                                               | clk_gen/SR[0]                                                    |                3 |             12 |         4.00 |
|  ddr2/ldc/BUFG_1_0      | ddr2/ldc/read_beat_offset[0]                                                                                                                | ddr2/ldc/FDPE_3_0                                                |                3 |             12 |         4.00 |
|  ddr2/ldc/BUFG_1_0      | ddr2/ldc/uart_rx_fifo_wrport_we__0                                                                                                          |                                                                  |                2 |             12 |         6.00 |
|  clk_core_BUFG          | swervolf/uart16550_0/regs/tf_push_reg_n_0                                                                                                   |                                                                  |                2 |             12 |         6.00 |
|  clk_core_BUFG          | swervolf/axi2wb/wfwe_2                                                                                                                      |                                                                  |                2 |             12 |         6.00 |
|  clk_core_BUFG          | swervolf/axi2wb/wfwe                                                                                                                        |                                                                  |                2 |             12 |         6.00 |
|  ddr2/ldc/BUFG_1_0      | ddr2/ldc/serv_rf_top/cpu/bufreg/data_reg[2]_0                                                                                               |                                                                  |                2 |             12 |         6.00 |
|  ddr2/ldc/BUFG_1_0      | ddr2/ldc/serv_rf_top/cpu/bufreg/data_reg[2]_1                                                                                               |                                                                  |                2 |             12 |         6.00 |
|  clk_core_BUFG          | swervolf/uart16550_0/regs/receiver/fifo_rx/rfifo/rf_push_pulse                                                                              |                                                                  |                2 |             12 |         6.00 |
|  ddr2/ldc/BUFG_1_0      | ddr2/ldc/serv_rf_top/cpu/bufreg/data_reg[2]_2                                                                                               |                                                                  |                2 |             12 |         6.00 |
|  ddr2/ldc/BUFG_1_0      | ddr2/ldc/serv_rf_top/cpu/bufreg/data_reg[2]_3                                                                                               |                                                                  |                2 |             12 |         6.00 |
|  ddr2/ldc/BUFG_1_0      | ddr2/ldc/serv_rf_top/cpu/bufreg/data_reg[2]_4                                                                                               |                                                                  |                2 |             12 |         6.00 |
|  ddr2/ldc/BUFG_1_0      | ddr2/ldc/serv_rf_top/cpu/bufreg/data_reg[2]_5                                                                                               |                                                                  |                2 |             12 |         6.00 |
|  ddr2/ldc/BUFG_1_0      | ddr2/ldc/serv_rf_top/cpu/bufreg/o_lsb_reg[1]_0                                                                                              |                                                                  |                2 |             12 |         6.00 |
|  ddr2/ldc/BUFG_1_0      | ddr2/ldc/serv_rf_top/cpu/bufreg/o_lsb_reg[1]_1                                                                                              |                                                                  |                2 |             12 |         6.00 |
|  clk_core_BUFG          | swervolf/spi2/rfwe_reg_n_0                                                                                                                  |                                                                  |                2 |             12 |         6.00 |
|  ddr2/ldc/BUFG_1_0      | ddr2/ldc/sdram_bankmachine0_row_open                                                                                                        | ddr2/ldc/FDPE_3_0                                                |                3 |             13 |         4.33 |
|  ddr2/ldc/BUFG_1_0      | ddr2/ldc/sdram_bankmachine1_row_open                                                                                                        | ddr2/ldc/FDPE_3_0                                                |                3 |             13 |         4.33 |
|  ddr2/ldc/BUFG_1_0      | ddr2/ldc/sdram_bankmachine7_row_open                                                                                                        | ddr2/ldc/FDPE_3_0                                                |                3 |             13 |         4.33 |
|  ddr2/ldc/BUFG_1_0      | ddr2/ldc/sdram_bankmachine6_row[12]_i_1_n_0                                                                                                 | ddr2/ldc/FDPE_3_0                                                |                2 |             13 |         6.50 |
|  ddr2/ldc/BUFG_1_0      | ddr2/ldc/sdram_bankmachine5_row_open                                                                                                        | ddr2/ldc/FDPE_3_0                                                |                5 |             13 |         2.60 |
|  ddr2/ldc/BUFG_1_0      | ddr2/ldc/sdram_bankmachine2_row_col_n_addr_sel                                                                                              | ddr2/ldc/FDPE_3_0                                                |                3 |             13 |         4.33 |
|  ddr2/ldc/BUFG_1_0      | ddr2/ldc/sdram_bankmachine4_row_open                                                                                                        | ddr2/ldc/FDPE_3_0                                                |                3 |             13 |         4.33 |
|  ddr2/ldc/BUFG_1_0      | ddr2/ldc/sdram_bankmachine3_row_open                                                                                                        | ddr2/ldc/FDPE_3_0                                                |                4 |             13 |         3.25 |
|  clk_core_BUFG          | tap/wren_reg[1]_0                                                                                                                           | clk_gen/o_rst_core_reg_3                                         |                5 |             15 |         3.00 |
|  clk_core_BUFG          | swervolf/rvtop/veer/lsu/bus_intf/bus_buffer/genblk10[2].buf_state_ff/genblock.dffs/dout_reg[4]                                              | clk_gen/o_rst_core_reg_4                                         |                7 |             15 |         2.14 |
|  clk_core_BUFG          | swervolf/rvtop/veer/dbg/dbg_state_reg/genblock.dffs/dout_reg[1]_1                                                                           | clk_gen/o_rst_core_reg_3                                         |                3 |             16 |         5.33 |
|  clk_core_BUFG          | swervolf/rvtop/veer/lsu/lsu_lsc_ctl/end_addr_lo_mff/dout_reg[2]_1                                                                           | clk_gen/o_rst_core_reg_4                                         |                9 |             16 |         1.78 |
|  clk_core_BUFG          | swervolf/axi_intercon/axi_xbar/gen_mst_port_mux[0].i_axi_mux/gen_mux.i_aw_spill_reg/gen_spill_reg.b_fill                                    | clk_gen/rst_core                                                 |                4 |             17 |         4.25 |
|  clk_core_BUFG          | swervolf/axi_intercon/axi_xbar/gen_mst_port_mux[0].i_axi_mux/gen_mux.i_aw_spill_reg/gen_spill_reg.a_fill                                    | clk_gen/rst_core                                                 |                7 |             17 |         2.43 |
|  clk_core_BUFG          | swervolf/axi2wb/o_wb_adr[15]_i_1_n_0                                                                                                        | clk_gen/rst_core                                                 |                4 |             18 |         4.50 |
|  clk_core_BUFG          | tap/dmi_reg_en                                                                                                                              | clk_gen/o_rst_core_reg_3                                         |               12 |             18 |         1.50 |
|  clk_core_BUFG          | swervolf/rvtop/veer/dec/decode/r_d_ff/genblock.dff/genblock.dffs/dout_reg[6]_2                                                              | clk_gen/o_rst_core_reg_1                                         |               11 |             19 |         1.73 |
|  clk_core_BUFG          | swervolf/axi_intercon/axi_xbar/gen_mst_port_mux[0].i_axi_mux/gen_mux.i_ar_spill_reg/E[0]                                                    | clk_gen/rst_core                                                 |                5 |             19 |         3.80 |
|  clk_core_BUFG          | swervolf/axi_intercon/axi_xbar/gen_mst_port_mux[0].i_axi_mux/gen_mux.i_ar_spill_reg/gen_spill_reg.b_fill                                    | clk_gen/rst_core                                                 |                5 |             19 |         3.80 |
|  ddr2/ldc/BUFG_1_0      | ddr2/ldc/serv_rf_top/cpu/mem_if/litedramcore_count_reg_12_sn_1                                                                              | ddr2/ldc/serv_rf_top/cpu/state/FDPE_3                            |                5 |             20 |         4.00 |
|  clk_core_BUFG          | swervolf/rvtop/veer/ifu/mem_ctl/miss_state_ff/genblock.dffs/en                                                                              | clk_gen/o_rst_core_reg_1                                         |                6 |             20 |         3.33 |
|  ddr2/ldc/BUFG_1_0      | ddr2/ldc/serv_rf_top/cpu/state/en_pc_r0                                                                                                     | ddr2/ldc/serv_rf_top/cpu/state/o_cnt_en_reg_1                    |               10 |             21 |         2.10 |
|  clk_core_BUFG          | swervolf/rvtop/veer/dec/decode/r_d_ff/genblock.dff/genblock.dffs/dout_reg[9]_7                                                              | clk_gen/o_rst_core_reg_1                                         |               16 |             22 |         1.38 |
|  ddr2/ldc/BUFG_1_0      | ddr2/ldc/sdram_bankmachine2_cmd_buffer_sink_ready                                                                                           | ddr2/ldc/FDPE_3_0                                                |                8 |             23 |         2.88 |
|  ddr2/ldc/BUFG_1_0      | ddr2/ldc/sdram_bankmachine7_cmd_buffer_sink_ready                                                                                           | ddr2/ldc/FDPE_3_0                                                |                8 |             23 |         2.88 |
|  ddr2/ldc/BUFG_1_0      | ddr2/ldc/sdram_bankmachine6_cmd_buffer_sink_ready                                                                                           | ddr2/ldc/FDPE_3_0                                                |                7 |             23 |         3.29 |
|  ddr2/ldc/BUFG_1_0      | ddr2/ldc/sdram_bankmachine5_cmd_buffer_sink_ready                                                                                           | ddr2/ldc/FDPE_3_0                                                |                8 |             23 |         2.88 |
|  ddr2/ldc/BUFG_1_0      | ddr2/ldc/sdram_bankmachine4_cmd_buffer_sink_ready                                                                                           | ddr2/ldc/FDPE_3_0                                                |                6 |             23 |         3.83 |
|  ddr2/ldc/BUFG_1_0      | ddr2/ldc/sdram_bankmachine1_cmd_buffer_sink_ready                                                                                           | ddr2/ldc/FDPE_3_0                                                |                6 |             23 |         3.83 |
|  ddr2/ldc/BUFG_1_0      | ddr2/ldc/sdram_bankmachine0_cmd_buffer_sink_ready                                                                                           | ddr2/ldc/FDPE_3_0                                                |                8 |             23 |         2.88 |
|  ddr2/ldc/BUFG_1_0      | ddr2/ldc/sdram_bankmachine3_cmd_buffer_sink_ready                                                                                           | ddr2/ldc/FDPE_3_0                                                |                6 |             23 |         3.83 |
|  ddr2/ldc/BUFG_1_0      | ddr2/ldc/a7ddrphy_bitslip0_value30                                                                                                          | ddr2/ldc/a7ddrphy_bitslip7_value1[0]                             |                6 |             24 |         4.00 |
|  ddr2/ldc/BUFG_1_0      | ddr2/ldc/a7ddrphy_bitslip8_value10                                                                                                          | ddr2/ldc/a7ddrphy_bitslip15_value1[0]                            |                6 |             24 |         4.00 |
|  clk_core_BUFG          | swervolf/rvtop/veer/dec/tlu/minstretl_aff/genblock.genblock.dff/genblock.dffs/en049_out                                                     | clk_gen/o_rst_core_reg_1                                         |               10 |             24 |         2.40 |
|  clk_core_BUFG          | swervolf/rvtop/veer/dec/tlu/mcyclel_aff/genblock.genblock.dff/genblock.dffs/en053_out                                                       | clk_gen/o_rst_core_reg_1                                         |               11 |             24 |         2.18 |
|  ddr2/ldc/BUFG_1_0      | ddr2/ldc/serv_rf_top/cpu/bufreg/E[0]                                                                                                        |                                                                  |                5 |             26 |         5.20 |
|  clk_core_BUFG          | swervolf/axi_intercon/axi_xbar/gen_slv_port_demux[0].i_axi_demux/gen_demux.i_ar_spill_reg/gen_spill_reg.a_fill                              | clk_gen/rst_core                                                 |                7 |             27 |         3.86 |
|  clk_core_BUFG          | swervolf/axi_intercon/axi_xbar/gen_slv_port_demux[0].i_axi_demux/gen_demux.i_ar_spill_reg/gen_spill_reg.b_fill                              | clk_gen/rst_core                                                 |                7 |             27 |         3.86 |
|  dmi_tck                | tap/dmi_0[0]                                                                                                                                | tap/dmi[31]_i_1_n_0                                              |                7 |             28 |         4.00 |
|  clk_core_BUFG          | swervolf/u_kalman/u_core/u_gemm/FSM_onehot_state[23]_i_1_n_0                                                                                | clk_gen/o_rst_core_reg_2                                         |                6 |             28 |         4.67 |
|  clk_core_BUFG          | swervolf/rvtop/mem/dout_reg[0]_0                                                                                                            | clk_gen/o_rst_core_reg_1                                         |                5 |             28 |         5.60 |
|  clk_core_BUFG          | swervolf/rvtop/mem/dout_reg[0]                                                                                                              | clk_gen/o_rst_core_reg_1                                         |                6 |             28 |         4.67 |
|  clk_core_BUFG          | swervolf/rvtop/mem/icache.icm/ic_data_inst/PACKED_1.BANKS_WAY[1].ECC0.size_256.WAYS.wrptr_ff/genblock.dffs/dout_reg[0]_0                    | clk_gen/o_rst_core_reg_1                                         |                5 |             28 |         5.60 |
|  clk_core_BUFG          | swervolf/rvtop/mem/icache.icm/ic_data_inst/PACKED_1.BANKS_WAY[0].ECC0.size_256.WAYS.wrptr_ff/genblock.dffs/dout_reg[0]_0                    | clk_gen/o_rst_core_reg_1                                         |                5 |             28 |         5.60 |
|  clk_core_BUFG          | swervolf/rvtop/veer/dec/tlu/mstatus_ff/genblock.dff/genblock.dffs/dout_reg[4]                                                               | clk_gen/o_rst_core_reg_4                                         |                8 |             29 |         3.62 |
|  clk_core_BUFG          | swervolf/rvtop/veer/lsu/lsu_lsc_ctl/end_addr_lo_mff/dout_reg[4]                                                                             | clk_gen/o_rst_core_reg_4                                         |               15 |             29 |         1.93 |
|  ddr2/ldc/BUFG_1_0      | ddr2/ldc/a7ddrphy_bitslip1_value00                                                                                                          | ddr2/ldc/a7ddrphy_bitslip1_value1[2]_i_1_n_0                     |               13 |             30 |         2.31 |
|  ddr2/ldc/BUFG_1_0      | ddr2/ldc/a7ddrphy_bitslip0_value00                                                                                                          | ddr2/ldc/a7ddrphy_bitslip0_value1[2]_i_1_n_0                     |               15 |             30 |         2.00 |
|  clk_core_BUFG          | swervolf/rvtop/veer/ifu/bpred.bp/fa.BTB_FAFLOPS[2].btb_fa/genblock.genblock.dff/genblock.dffs/en0                                           | clk_gen/o_rst_core_reg_1                                         |                9 |             30 |         3.33 |
|  clk_core_BUFG          | swervolf/rvtop/veer/dec/tlu/freeff/genblock.dff/genblock.dffs/p_694_in                                                                      | clk_gen/o_rst_core_reg_1                                         |               15 |             31 |         2.07 |
|  clk_core_BUFG          | swervolf/rvtop/veer/dec/decode/r_d_ff/genblock.dff/genblock.dffs/wr_mtvec_r                                                                 | clk_gen/o_rst_core_reg_1                                         |               15 |             31 |         2.07 |
|  clk_core_BUFG          | swervolf/rvtop/veer/dec/tlu/mstatus_ff/genblock.dff/genblock.dffs/i___2_i_3_0[0]                                                            | clk_gen/o_rst_core_reg_1                                         |               16 |             31 |         1.94 |
|  clk_core_BUFG          | swervolf/rvtop/veer/dec/tlu/mpvhalt_ff/genblock.dff/genblock.dffs/en018_out                                                                 | clk_gen/o_rst_core_reg_1                                         |               20 |             31 |         1.55 |
|  clk_core_BUFG          | swervolf/rvtop/veer/dec/decode/r_d_ff/genblock.dff/genblock.dffs/en017_out                                                                  | clk_gen/o_rst_core_reg_1                                         |               17 |             31 |         1.82 |
|  clk_core_BUFG          | swervolf/rvtop/veer/dec/en020_out                                                                                                           | clk_gen/o_rst_core_reg_1                                         |               19 |             31 |         1.63 |
|  ddr2/ldc/BUFG_1_0      |                                                                                                                                             | ddr2/ldc/uart_phy_rx_clkphase[31]_i_1_n_0                        |                8 |             32 |         4.00 |
|  clk_core_BUFG          | swervolf/rvtop/veer/lsu/bus_intf/bus_buffer/genblk10[3].buf_state_ff/genblock.dffs/genblk10[3].buf_data_en_reg[3]                           | clk_gen/o_rst_core_reg_4                                         |               28 |             32 |         1.14 |
|  clk_core_BUFG          | swervolf/rvtop/veer/lsu/bus_intf/bus_buffer/genblk10[2].buf_state_ff/genblock.dffs/genblk10[2].buf_data_en_reg[2]                           | clk_gen/o_rst_core_reg_4                                         |               27 |             32 |         1.19 |
|  clk_core_BUFG          | swervolf/rvtop/veer/lsu/bus_intf/bus_buffer/genblk10[1].buf_state_ff/genblock.dffs/genblk10[1].buf_data_en_reg[1]                           | clk_gen/o_rst_core_reg_4                                         |               28 |             32 |         1.14 |
|  clk_core_BUFG          | swervolf/rvtop/veer/dec/decode/r_d_ff/genblock.dff/genblock.dffs/gpr_wr_en[16]                                                              | clk_gen/o_rst_core_reg_1                                         |               26 |             32 |         1.23 |
|  clk_core_BUFG          | swervolf/rvtop/veer/dec/decode/r_d_ff/genblock.dff/genblock.dffs/gpr_wr_en[15]                                                              | clk_gen/o_rst_core_reg_1                                         |               21 |             32 |         1.52 |
|  clk_core_BUFG          | swervolf/rvtop/veer/dec/decode/r_d_ff/genblock.dff/genblock.dffs/wr_mrac_r                                                                  | clk_gen/o_rst_core_reg_1                                         |               17 |             32 |         1.88 |
|  clk_core_BUFG          | swervolf/rvtop/veer/dec/decode/r_d_ff/genblock.dff/genblock.dffs/gpr_wr_en[14]                                                              | clk_gen/o_rst_core_reg_1                                         |               20 |             32 |         1.60 |
|  clk_core_BUFG          | swervolf/rvtop/veer/dec/decode/r_d_ff/genblock.dff/genblock.dffs/gpr_wr_en[4]                                                               | clk_gen/o_rst_core_reg_1                                         |               23 |             32 |         1.39 |
|  clk_core_BUFG          | swervolf/rvtop/veer/dec/decode/r_d_ff/genblock.dff/genblock.dffs/wr_mscratch_r                                                              | clk_gen/o_rst_core_reg_1                                         |               24 |             32 |         1.33 |
|  clk_core_BUFG          | swervolf/rvtop/veer/dec/decode/r_d_ff/genblock.dff/genblock.dffs/gpr_wr_en[1]                                                               | clk_gen/o_rst_core_reg_1                                         |               15 |             32 |         2.13 |
|  timer_ptc/lrc_clk      | swervolf/timer_ptc/rptc_lrc[31]_i_1_n_0                                                                                                     | clk_gen/rst_core                                                 |               10 |             32 |         3.20 |
|  clk_core_BUFG          | swervolf/rvtop/veer/dec/decode/r_d_ff/genblock.dff/genblock.dffs/gpr_wr_en[2]                                                               | clk_gen/o_rst_core_reg_1                                         |               19 |             32 |         1.68 |
|  timer_ptc/cntr_clk     | swervolf/timer_ptc/rptc_cntr[31]_i_1_n_0                                                                                                    | clk_gen/rst_core                                                 |                9 |             32 |         3.56 |
|  swervolfn_0_54656_BUFG | swervolf/timer_ptc/rptc_hrc[31]_i_1_n_0                                                                                                     | clk_gen/rst_core                                                 |               12 |             32 |         2.67 |
|  dtmcs_tck              | tap/dtmcs_2[0]                                                                                                                              |                                                                  |                4 |             32 |         8.00 |
|  clk_core_BUFG          | swervolf/rvtop/veer/dec/decode/r_d_ff/genblock.dff/genblock.dffs/gpr_wr_en[3]                                                               | clk_gen/o_rst_core_reg_1                                         |               21 |             32 |         1.52 |
|  clk_core_BUFG          | swervolf/rvtop/veer/dec/decode/r_d_ff/genblock.dff/genblock.dffs/gpr_wr_en[13]                                                              | clk_gen/o_rst_core_reg_1                                         |               23 |             32 |         1.39 |
|  clk_core_BUFG          | swervolf/rvtop/veer/dec/decode/r_d_ff/genblock.dff/genblock.dffs/gpr_wr_en[5]                                                               | clk_gen/o_rst_core_reg_1                                         |               25 |             32 |         1.28 |
|  clk_core_BUFG          | swervolf/rvtop/veer/dec/decode/r_d_ff/genblock.dff/genblock.dffs/gpr_wr_en[6]                                                               | clk_gen/o_rst_core_reg_1                                         |               17 |             32 |         1.88 |
|  clk_core_BUFG          | swervolf/rvtop/veer/dec/decode/r_d_ff/genblock.dff/genblock.dffs/gpr_wr_en[7]                                                               | clk_gen/o_rst_core_reg_1                                         |               25 |             32 |         1.28 |
|  clk_core_BUFG          | swervolf/rvtop/veer/dec/decode/r_d_ff/genblock.dff/genblock.dffs/gpr_wr_en[10]                                                              | clk_gen/o_rst_core_reg_1                                         |               19 |             32 |         1.68 |
|  clk_core_BUFG          | swervolf/rvtop/veer/dec/decode/r_d_ff/genblock.dff/genblock.dffs/gpr_wr_en[8]                                                               | clk_gen/o_rst_core_reg_1                                         |               14 |             32 |         2.29 |
|  clk_core_BUFG          | swervolf/rvtop/veer/dec/decode/r_d_ff/genblock.dff/genblock.dffs/gpr_wr_en[9]                                                               | clk_gen/o_rst_core_reg_1                                         |               25 |             32 |         1.28 |
|  clk_core_BUFG          | swervolf/rvtop/veer/dec/decode/r_d_ff/genblock.dff/genblock.dffs/gpr_wr_en[11]                                                              | clk_gen/o_rst_core_reg_1                                         |               22 |             32 |         1.45 |
|  clk_core_BUFG          | swervolf/rvtop/veer/dec/decode/r_d_ff/genblock.dff/genblock.dffs/gpr_wr_en[12]                                                              | clk_gen/o_rst_core_reg_1                                         |               18 |             32 |         1.78 |
|  clk_core_BUFG          | swervolf/rvtop/veer/dec/tlu/exthaltff/genblock.dff/genblock.dffs/en098_out                                                                  | clk_gen/o_rst_core_reg_1                                         |               14 |             32 |         2.29 |
|  clk_core_BUFG          | swervolf/rvtop/veer/dec/tlu/mcgc_ff/genblock.genblock.dff/genblock.dffs/dout_reg[4]_0                                                       | clk_gen/o_rst_core_reg_4                                         |               18 |             32 |         1.78 |
|  clk_core_BUFG          | swervolf/rvtop/veer/dec/i___195_n_0                                                                                                         | clk_gen/o_rst_core_reg_1                                         |               14 |             32 |         2.29 |
|  clk_core_BUFG          | swervolf/rvtop/veer/dec/i___122_n_0                                                                                                         | clk_gen/o_rst_core_reg_1                                         |               26 |             32 |         1.23 |
|  clk_core_BUFG          | swervolf/rvtop/veer/dec/tlu/mhpme3_ff/genblock.genblock.dff/genblock.dffs/mhpmc3_wr_en                                                      | clk_gen/o_rst_core_reg_1                                         |               17 |             32 |         1.88 |
|  clk_core_BUFG          | swervolf/rvtop/veer/dec/tlu/mhpme3_ff/genblock.genblock.dff/genblock.dffs/mhpmc3h_wr_en                                                     | clk_gen/o_rst_core_reg_1                                         |               13 |             32 |         2.46 |
|  clk_core_BUFG          | swervolf/rvtop/veer/dec/tlu/mhpme4_ff/genblock.genblock.dff/genblock.dffs/mhpmc4_wr_en                                                      | clk_gen/o_rst_core_reg_1                                         |               13 |             32 |         2.46 |
|  clk_core_BUFG          | swervolf/rvtop/veer/dec/tlu/mhpme4_ff/genblock.genblock.dff/genblock.dffs/mhpmc4h_wr_en                                                     | clk_gen/o_rst_core_reg_1                                         |               11 |             32 |         2.91 |
|  clk_core_BUFG          | swervolf/rvtop/veer/dec/tlu/mhpme5_ff/genblock.genblock.dff/genblock.dffs/mhpmc5_wr_en                                                      | clk_gen/o_rst_core_reg_1                                         |               12 |             32 |         2.67 |
|  clk_core_BUFG          | swervolf/rvtop/veer/dec/tlu/mhpme5_ff/genblock.genblock.dff/genblock.dffs/mhpmc5h_wr_en                                                     | clk_gen/o_rst_core_reg_1                                         |               15 |             32 |         2.13 |
|  clk_core_BUFG          | swervolf/rvtop/veer/dec/tlu/mhpme6_ff/genblock.genblock.dff/genblock.dffs/mhpmc6_wr_en                                                      | clk_gen/o_rst_core_reg_1                                         |               13 |             32 |         2.46 |
|  clk_core_BUFG          | swervolf/rvtop/veer/dec/tlu/mhpme6_ff/genblock.genblock.dff/genblock.dffs/mhpmc6h_wr_en                                                     | clk_gen/o_rst_core_reg_1                                         |               15 |             32 |         2.13 |
|  clk_core_BUFG          | swervolf/rvtop/veer/dec/tlu/dcsr_ff/genblock.genblock.dff/genblock.dffs/en014_out                                                           | clk_gen/o_rst_core_reg_1                                         |               22 |             32 |         1.45 |
|  clk_core_BUFG          | swervolf/rvtop/veer/dec/tlu/mtsel_ff/wr_mtdata2_t3_r                                                                                        | clk_gen/o_rst_core_reg_1                                         |               13 |             32 |         2.46 |
|  clk_core_BUFG          | swervolf/rvtop/veer/dec/tlu/freeff/genblock.dff/genblock.dffs/en099_out                                                                     | clk_gen/o_rst_core_reg_1                                         |               15 |             32 |         2.13 |
|  clk_core_BUFG          | swervolf/rvtop/veer/dec/tlu/mstatus_ff/genblock.dff/genblock.dffs/en0                                                                       | clk_gen/o_rst_core_reg_1                                         |               26 |             32 |         1.23 |
|  clk_core_BUFG          | swervolf/rvtop/veer/dec/tlu/mstatus_ff/genblock.dff/genblock.dffs/en0101_out                                                                | clk_gen/o_rst_core_reg_1                                         |               16 |             32 |         2.00 |
|  clk_core_BUFG          | swervolf/rvtop/veer/dec/tlu/mstatus_ff/genblock.dff/genblock.dffs/en022_out                                                                 | clk_gen/o_rst_core_reg_1                                         |               14 |             32 |         2.29 |
|  clk_core_BUFG          | swervolf/rvtop/veer/dec/tlu/mstatus_ff/genblock.dff/genblock.dffs/en023_out                                                                 | clk_gen/o_rst_core_reg_1                                         |               10 |             32 |         3.20 |
|  clk_core_BUFG          | swervolf/rvtop/veer/dec/tlu/mstatus_ff/genblock.dff/genblock.dffs/x_data_en_q1                                                              | clk_gen/o_rst_core_reg_1                                         |               23 |             32 |         1.39 |
|  clk_core_BUFG          | swervolf/rvtop/veer/dec/tlu/mstatus_ff/genblock.dff/genblock.dffs/dec_ctl_en[0]                                                             | clk_gen/o_rst_core_reg_1                                         |               17 |             32 |         1.88 |
|  ddr2/ldc/BUFG_1_0      | ddr2/ldc/serv_rf_top/cpu/state/o_cnt_en_reg_4[0]                                                                                            | ddr2/ldc/serv_rf_top/cpu/ctrl/SR[0]                              |                9 |             32 |         3.56 |
|  clk_core_BUFG          | swervolf/rvtop/veer/dec/i___102_n_0                                                                                                         | clk_gen/o_rst_core_reg_1                                         |               17 |             32 |         1.88 |
|  clk_core_BUFG          | swervolf/rvtop/veer/dec/tlu/mpvhalt_ff/genblock.dff/genblock.dffs/mdseac_en                                                                 | clk_gen/o_rst_core_reg_1                                         |               30 |             32 |         1.07 |
|  clk_core_BUFG          | swervolf/rvtop/veer/dec/tlu/mfdht_ff/genblock.dffs/dout_reg[0]_1                                                                            | clk_gen/o_rst_core_reg_1                                         |               10 |             32 |         3.20 |
|  clk_core_BUFG          | swervolf/rvtop/veer/dec/decode/r_d_ff/genblock.dff/genblock.dffs/gpr_wr_en[24]                                                              | clk_gen/o_rst_core_reg_1                                         |               24 |             32 |         1.33 |
|  clk_core_BUFG          | swervolf/rvtop/veer/dec/decode/r_d_ff/genblock.dff/genblock.dffs/gpr_wr_en[17]                                                              | clk_gen/o_rst_core_reg_1                                         |               19 |             32 |         1.68 |
|  clk_core_BUFG          | swervolf/rvtop/veer/dec/decode/r_d_ff/genblock.dff/genblock.dffs/gpr_wr_en[18]                                                              | clk_gen/o_rst_core_reg_1                                         |               22 |             32 |         1.45 |
|  clk_core_BUFG          | swervolf/rvtop/veer/ifu/mem_ctl/misc1_ff/genblock.dff/genblock.dffs/en025_out                                                               | clk_gen/o_rst_core_reg_1                                         |               12 |             32 |         2.67 |
|  clk_core_BUFG          | swervolf/rvtop/veer/ifu/mem_ctl/misc1_ff/genblock.dff/genblock.dffs/en024_out                                                               | clk_gen/o_rst_core_reg_1                                         |               13 |             32 |         2.46 |
|  clk_core_BUFG          | swervolf/rvtop/veer/ifu/bpred.bp/fa.BTB_FAFLOPS[2].btb_fa/genblock.genblock.dff/genblock.dffs/rsenable_0                                    | clk_gen/o_rst_core_reg_1                                         |               15 |             32 |         2.13 |
|  clk_core_BUFG          | swervolf/rvtop/veer/ifu/bpred.bp/fa.BTB_FAFLOPS[2].btb_fa/genblock.genblock.dff/genblock.dffs/rs_push                                       | clk_gen/o_rst_core_reg_1                                         |               12 |             32 |         2.67 |
|  clk_core_BUFG          | swervolf/rvtop/veer/dec/decode/r_d_ff/genblock.dff/genblock.dffs/gpr_wr_en[19]                                                              | clk_gen/o_rst_core_reg_1                                         |               16 |             32 |         2.00 |
|  clk_core_BUFG          | swervolf/rvtop/veer/dec/decode/r_d_ff/genblock.dff/genblock.dffs/gpr_wr_en[20]                                                              | clk_gen/o_rst_core_reg_1                                         |               18 |             32 |         1.78 |
|  clk_core_BUFG          | swervolf/rvtop/veer/dec/decode/r_d_ff/genblock.dff/genblock.dffs/gpr_wr_en[21]                                                              | clk_gen/o_rst_core_reg_1                                         |               15 |             32 |         2.13 |
|  clk_core_BUFG          | swervolf/rvtop/veer/dec/decode/r_d_ff/genblock.dff/genblock.dffs/gpr_wr_en[22]                                                              | clk_gen/o_rst_core_reg_1                                         |               25 |             32 |         1.28 |
|  clk_core_BUFG          | swervolf/rvtop/veer/dec/decode/r_d_ff/genblock.dff/genblock.dffs/gpr_wr_en[23]                                                              | clk_gen/o_rst_core_reg_1                                         |               15 |             32 |         2.13 |
|  clk_core_BUFG          | swervolf/rvtop/veer/lsu/bus_intf/bus_buffer/genblk10[0].buf_state_ff/genblock.dffs/dout_reg[0]_6                                            | clk_gen/o_rst_core_reg_4                                         |               29 |             32 |         1.10 |
|  clk_core_BUFG          | swervolf/rvtop/veer/dec/decode/r_d_ff/genblock.dff/genblock.dffs/gpr_wr_en[25]                                                              | clk_gen/o_rst_core_reg_1                                         |               17 |             32 |         1.88 |
|  clk_core_BUFG          | swervolf/rvtop/veer/dec/decode/r_d_ff/genblock.dff/genblock.dffs/gpr_wr_en[26]                                                              | clk_gen/o_rst_core_reg_1                                         |               24 |             32 |         1.33 |
|  clk_core_BUFG          | swervolf/rvtop/veer/dec/decode/r_d_ff/genblock.dff/genblock.dffs/gpr_wr_en[27]                                                              | clk_gen/o_rst_core_reg_1                                         |               17 |             32 |         1.88 |
|  clk_core_BUFG          | swervolf/rvtop/veer/dec/decode/r_d_ff/genblock.dff/genblock.dffs/gpr_wr_en[28]                                                              | clk_gen/o_rst_core_reg_1                                         |               20 |             32 |         1.60 |
|  clk_core_BUFG          | swervolf/rvtop/veer/dec/decode/r_d_ff/genblock.dff/genblock.dffs/gpr_wr_en[29]                                                              | clk_gen/o_rst_core_reg_1                                         |               14 |             32 |         2.29 |
|  clk_core_BUFG          | swervolf/rvtop/veer/dec/decode/r_d_ff/genblock.dff/genblock.dffs/gpr_wr_en[30]                                                              | clk_gen/o_rst_core_reg_1                                         |               24 |             32 |         1.33 |
|  clk_core_BUFG          | swervolf/rvtop/veer/dec/decode/r_d_ff/genblock.dff/genblock.dffs/gpr_wr_en[31]                                                              | clk_gen/o_rst_core_reg_1                                         |               13 |             32 |         2.46 |
|  clk_core_BUFG          | swervolf/rvtop/veer/dec/int_timers/wr_mitb1_r                                                                                               | clk_gen/o_rst_core_reg_1                                         |               11 |             32 |         2.91 |
|  clk_core_BUFG          | swervolf/rvtop/veer/dec/tlu/mtsel_ff/wr_mtdata2_t0_r                                                                                        | clk_gen/o_rst_core_reg_1                                         |               10 |             32 |         3.20 |
|  clk_core_BUFG          | swervolf/rvtop/veer/dec/tlu/mtsel_ff/wr_mtdata2_t1_r                                                                                        | clk_gen/o_rst_core_reg_1                                         |                9 |             32 |         3.56 |
|  clk_core_BUFG          | swervolf/rvtop/veer/dec/tlu/mtsel_ff/wr_mtdata2_t2_r                                                                                        | clk_gen/o_rst_core_reg_1                                         |               14 |             32 |         2.29 |
|  clk_core_BUFG          | swervolf/axi2wb/rgpio_ctrl_reg[0][0]                                                                                                        | clk_gen/rst_core                                                 |               14 |             32 |         2.29 |
|  ddr2/ldc/BUFG_1_0      | ddr2/ldc/sdram_bankmachine4_cmd_buffer_lookahead_wrport_we__0                                                                               |                                                                  |                4 |             32 |         8.00 |
|  ddr2/ldc/BUFG_1_0      | ddr2/ldc/sdram_bankmachine3_cmd_buffer_lookahead_wrport_we__0                                                                               |                                                                  |                4 |             32 |         8.00 |
|  clk_core_BUFG          | swervolf/axi2wb/o_wb_adr_reg[2]_0                                                                                                           | clk_gen/rst_core                                                 |                9 |             32 |         3.56 |
|  ddr2/ldc/BUFG_1_0      | ddr2/ldc/sdram_bankmachine0_cmd_buffer_lookahead_wrport_we__0                                                                               |                                                                  |                4 |             32 |         8.00 |
|  clk_core_BUFG          | swervolf/axi2wb/o_wb_dat[31]_i_1_n_0                                                                                                        |                                                                  |               22 |             32 |         1.45 |
|  ddr2/ldc/BUFG_1_0      | ddr2/ldc/sdram_bankmachine1_cmd_buffer_lookahead_wrport_we__0                                                                               |                                                                  |                4 |             32 |         8.00 |
|  ddr2/ldc/BUFG_1_0      | ddr2/ldc/soccontroller_bus_errors[0]                                                                                                        | ddr2/ldc/FDPE_3_0                                                |                8 |             32 |         4.00 |
|  clk_core_BUFG          | swervolf/axi2wb/wb_rdt_low_0[0]                                                                                                             | clk_gen/rst_core                                                 |               10 |             32 |         3.20 |
|  ddr2/ldc/BUFG_1_0      | ddr2/ldc/sdram_bankmachine2_cmd_buffer_lookahead_wrport_we__0                                                                               |                                                                  |                4 |             32 |         8.00 |
|  clk_core_BUFG          | swervolf/axi2wb/o_wb_adr_reg[5]_1[0]                                                                                                        | clk_gen/rst_core                                                 |               10 |             32 |         3.20 |
|  clk_core_BUFG          | swervolf/axi2wb/o_wb_adr_reg[3]_3[0]                                                                                                        |                                                                  |               16 |             32 |         2.00 |
|  clk_core_BUFG          | swervolf/axi2wb/o_wb_adr_reg[3]_rep_1[0]                                                                                                    | clk_gen/rst_core                                                 |                8 |             32 |         4.00 |
|  clk_core_BUFG          | swervolf/axi2wb/o_wb_adr_reg[3]_rep_2[0]                                                                                                    | clk_gen/rst_core                                                 |                7 |             32 |         4.57 |
|  clk_core_BUFG          | swervolf/axi2wb/o_wb_adr_reg[4]_2[0]                                                                                                        | clk_gen/rst_core                                                 |                9 |             32 |         3.56 |
|  clk_core_BUFG          | swervolf/axi2wb/o_wb_adr_reg[3]_rep_4[0]                                                                                                    | clk_gen/rst_core                                                 |                6 |             32 |         5.33 |
|  clk_core_BUFG          | swervolf/axi2wb/o_wb_adr_reg[3]_rep_3[0]                                                                                                    | clk_gen/rst_core                                                 |                9 |             32 |         3.56 |
|  ddr2/ldc/BUFG_1_0      | ddr2/ldc/sdram_bankmachine6_cmd_buffer_lookahead_wrport_we__0                                                                               |                                                                  |                4 |             32 |         8.00 |
|  clk_core_BUFG          | swervolf/rvtop/veer/dec/decode/r_d_ff/genblock.dff/genblock.dffs/en07_out                                                                   | clk_gen/o_rst_core_reg_1                                         |               21 |             32 |         1.52 |
|  ddr2/ldc/BUFG_1_0      | ddr2/ldc/serv_rf_top/cpu/decode/o_cnt_en_reg[0]                                                                                             |                                                                  |                8 |             32 |         4.00 |
|  ddr2/ldc/BUFG_1_0      | ddr2/ldc/serv_rf_top/cpu/bufreg/o_lsb_reg[1]_3[0]                                                                                           |                                                                  |               16 |             32 |         2.00 |
|  ddr2/ldc/BUFG_1_0      | ddr2/ldc/timer_update_value_re                                                                                                              | ddr2/ldc/FDPE_3_0                                                |                6 |             32 |         5.33 |
|  clk_core_BUFG          | swervolf/rvtop/veer/dbg/dmcommand_reg/genblock.genblock.dff/genblock.dffs/a_enable                                                          | clk_gen/o_rst_core_reg_1                                         |               21 |             32 |         1.52 |
|  ddr2/ldc/BUFG_1_0      | ddr2/ldc/sdram_bankmachine5_cmd_buffer_lookahead_wrport_we__0                                                                               |                                                                  |                4 |             32 |         8.00 |
|  ddr2/ldc/BUFG_1_0      | ddr2/ldc/sdram_bankmachine7_cmd_buffer_lookahead_wrport_we__0                                                                               |                                                                  |                4 |             32 |         8.00 |
|  clk_core_BUFG          | swervolf/rvtop/veer/dec/decode/r_d_ff/genblock.dff/genblock.dffs/wr_mitb0_r                                                                 | clk_gen/o_rst_core_reg_1                                         |               11 |             32 |         2.91 |
|  clk_core_BUFG          | swervolf/axi_intercon/axi_xbar/gen_slv_port_demux[2].i_axi_demux/gen_demux.i_aw_spill_reg/gen_spill_reg.a_fill                              | clk_gen/rst_core                                                 |                9 |             33 |         3.67 |
|  clk_core_BUFG          | swervolf/rvtop/veer/exu/i_div/i_new_4bit_div_fullshortq/i_misc_ff/genblock.genblock.dff/genblock.dffs/b_enable                              | clk_gen/o_rst_core_reg_1                                         |               21 |             33 |         1.57 |
|  clk_core_BUFG          | swervolf/axi_intercon/axi_xbar/gen_slv_port_demux[2].i_axi_demux/gen_demux.i_aw_spill_reg/gen_spill_reg.b_fill                              | clk_gen/rst_core                                                 |               11 |             33 |         3.00 |
|  clk_core_BUFG          | swervolf/axi_intercon/axi_xbar/gen_slv_port_demux[2].i_axi_demux/gen_demux.i_ar_spill_reg/gen_spill_reg.a_fill                              | clk_gen/rst_core                                                 |                7 |             33 |         4.71 |
|  clk_core_BUFG          | swervolf/axi_intercon/axi_xbar/gen_slv_port_demux[2].i_axi_demux/gen_demux.i_ar_spill_reg/gen_spill_reg.b_fill                              | clk_gen/rst_core                                                 |                8 |             33 |         4.12 |
|  clk_core_BUFG          | swervolf/rvtop/veer/lsu/bus_intf/bus_buffer/obuf_cmd_done_ff/dffs/genblock.dffs/dout_reg[0]_2[0]                                            | clk_gen/rst_core                                                 |               11 |             34 |         3.09 |
|  clk_core_BUFG          | swervolf/axi_intercon/axi_xbar/gen_slv_port_demux[1].i_axi_demux/gen_demux.i_ar_spill_reg/gen_spill_reg.b_fill                              | clk_gen/rst_core                                                 |               11 |             34 |         3.09 |
|  clk_core_BUFG          | swervolf/axi_intercon/axi_xbar/gen_slv_port_demux[1].i_axi_demux/gen_demux.i_aw_spill_reg/gen_spill_reg.b_fill                              | clk_gen/rst_core                                                 |               10 |             34 |         3.40 |
|  clk_core_BUFG          | swervolf/axi_intercon/axi_xbar/gen_slv_port_demux[1].i_axi_demux/gen_demux.i_ar_spill_reg/gen_spill_reg.a_fill                              | clk_gen/rst_core                                                 |                8 |             34 |         4.25 |
|  ddr2/ldc/BUFG_1_0      | ddr2/ldc/write_aw_buffer_source_valid_reg_1[0]                                                                                              | ddr2/ldc/FDPE_3_0                                                |                8 |             35 |         4.38 |
|  clk_core_BUFG          | cdc/i_axi_cdc/i_cdc_fifo_gray_aw/i_src/gen_sync[0].i_sync/gen_spill_reg.a_full_q_reg[0]                                                     |                                                                  |                9 |             35 |         3.89 |
|  clk_core_BUFG          | cdc/i_axi_cdc/i_cdc_fifo_gray_aw/i_src/gen_sync[0].i_sync/wptr_q_reg[0]_0[0]                                                                | clk_gen/rst_core                                                 |               10 |             35 |         3.50 |
|  clk_core_BUFG          | swervolf/axi_intercon/axi_xbar/gen_mst_port_mux[1].i_axi_mux/gen_mux.i_aw_spill_reg/gen_spill_reg.a_fill                                    | clk_gen/rst_core                                                 |               12 |             35 |         2.92 |
|  clk_core_BUFG          | cdc/i_axi_cdc/i_cdc_fifo_gray_aw/i_src/gen_sync[0].i_sync/E[0]                                                                              |                                                                  |               11 |             35 |         3.18 |
|  clk_core_BUFG          | swervolf/rvtop/veer/dbg/dmcommand_reg/genblock.genblock.dff/genblock.dffs/dout_reg[0]_6                                                     | clk_gen/o_rst_core_reg_4                                         |               18 |             36 |         2.00 |
|  clk_core_BUFG          | cdc/i_axi_cdc/i_cdc_fifo_gray_ar/i_src/gen_sync[0].i_sync/gen_spill_reg.a_full_q_reg[0]                                                     |                                                                  |                7 |             36 |         5.14 |
|  clk_core_BUFG          | cdc/i_axi_cdc/i_cdc_fifo_gray_ar/i_src/gen_sync[0].i_sync/wptr_q_reg[0]_0[0]                                                                | clk_gen/rst_core                                                 |               11 |             36 |         3.27 |
|  clk_core_BUFG          | cdc/i_axi_cdc/i_cdc_fifo_gray_ar/i_src/gen_sync[0].i_sync/E[0]                                                                              |                                                                  |                8 |             36 |         4.50 |
|  clk_core_BUFG          | swervolf/rvtop/veer/dbg/dmcommand_reg/genblock.genblock.dff/genblock.dffs/dout_reg[0]_2                                                     | clk_gen/o_rst_core_reg_4                                         |               17 |             36 |         2.12 |
|  ddr2/ldc/BUFG_1_0      | ddr2/ldc/mem\\.aw_ready                                                                                                                     | ddr2/ldc/FDPE_3_0                                                |                5 |             36 |         7.20 |
|  ddr2/ldc/BUFG_1_0      | ddr2/ldc/read_ar_buffer_source_valid_reg_1[0]                                                                                               | ddr2/ldc/FDPE_3_0                                                |                8 |             36 |         4.50 |
|  clk_core_BUFG          | swervolf/rvtop/veer/lsu/lsu_lsc_ctl/lsu_pkt_mff/dout_reg[3]_10                                                                              | clk_gen/o_rst_core_reg_4                                         |               14 |             36 |         2.57 |
|  clk_core_BUFG          | swervolf/axi_intercon/axi_xbar/gen_mst_port_mux[1].i_axi_mux/gen_mux.i_ar_spill_reg/E[0]                                                    | clk_gen/rst_core                                                 |               11 |             36 |         3.27 |
|  clk_core_BUFG          | swervolf/rvtop/veer/dbg/dmcommand_reg/genblock.genblock.dff/genblock.dffs/dout_reg[7]_23                                                    | clk_gen/o_rst_core_reg_1                                         |               17 |             37 |         2.18 |
|  ddr2/ldc/BUFG_1_0      | ddr2/ldc/mem\\.ar_ready                                                                                                                     | ddr2/ldc/FDPE_3_0                                                |                5 |             37 |         7.40 |
|  ddr2/ldc/BUFG_1_0      | cdc/i_axi_cdc/i_cdc_fifo_gray_aw/i_dst/i_spill_register/E[0]                                                                                | ddr2/ldc/FDPE_3_0                                                |               12 |             37 |         3.08 |
|  ddr2/ldc/BUFG_1_0      | cdc/i_axi_cdc/i_cdc_fifo_gray_ar/i_dst/i_spill_register/E[0]                                                                                | ddr2/ldc/FDPE_3_0                                                |               11 |             38 |         3.45 |
|  clk_core_BUFG          | swervolf/rvtop/veer/dec/tlu/mstatus_ff/genblock.dff/genblock.dffs/x_data_en_q2                                                              | clk_gen/o_rst_core_reg_1                                         |               24 |             38 |         1.58 |
|  clk_core_BUFG          | swervolf/rvtop/veer/dec/dec_ctl_en[0]                                                                                                       | clk_gen/o_rst_core_reg_1                                         |               24 |             39 |         1.62 |
|  dtmcs_tck              | tap/dtmcs_r1                                                                                                                                |                                                                  |               11 |             39 |         3.55 |
|  clk_core_BUFG          | swervolf/rvtop/mem/i___23_n_0                                                                                                               | clk_gen/o_rst_core_reg_1                                         |               27 |             39 |         1.44 |
|  clk_core_BUFG          | swervolf/rvtop/mem/i___22_n_0                                                                                                               | clk_gen/o_rst_core_reg_1                                         |               26 |             39 |         1.50 |
|  ddr2/ldc/BUFG_1_0      | ddr2/ldc/serv_rf_top/cpu/bufreg/tag_port_we                                                                                                 |                                                                  |                5 |             40 |         8.00 |
|  clk_core_BUFG          | swervolf/rvtop/veer/lsu/stbuf/RdPtrff/genblock.dffs/dout_reg[1]_5                                                                           | clk_gen/o_rst_core_reg_4                                         |               26 |             44 |         1.69 |
|  clk_core_BUFG          | swervolf/rvtop/mem/icache.icm/ic_tag_inst/PACKED_1.ECC0.size_64.WAYS.BYPASS[0].write_bypass_ff/dout_reg[0]_0                                | clk_gen/o_rst_core_reg_1                                         |               11 |             44 |         4.00 |
|  clk_core_BUFG          | swervolf/rvtop/mem/icache.icm/ic_tag_inst/PACKED_1.ECC0.size_64.WAYS.BYPASS[1].write_bypass_ff/dout_reg[0]_0                                | clk_gen/o_rst_core_reg_1                                         |                9 |             44 |         4.89 |
|  clk_core_BUFG          | swervolf/rvtop/mem/i___312_n_0                                                                                                              |                                                                  |               13 |             44 |         3.38 |
|  clk_core_BUFG          | swervolf/rvtop/mem/p_0_in_1                                                                                                                 |                                                                  |               12 |             44 |         3.67 |
|  clk_core_BUFG          | swervolf/rvtop/veer/lsu/stbuf/RdPtrff/genblock.dffs/dout_reg[1]_4                                                                           | clk_gen/o_rst_core_reg_4                                         |               26 |             44 |         1.69 |
|  clk_core_BUFG          | swervolf/rvtop/veer/lsu/stbuf/RdPtrff/genblock.dffs/dout_reg[0]_7                                                                           | clk_gen/o_rst_core_reg_4                                         |               26 |             44 |         1.69 |
|  clk_core_BUFG          | swervolf/rvtop/veer/lsu/stbuf/RdPtrff/genblock.dffs/dout_reg[0]_5                                                                           | clk_gen/o_rst_core_reg_4                                         |               26 |             44 |         1.69 |
|  clk_core_BUFG          | swervolf/rvtop/veer/lsu/bus_intf/bus_buffer/genblk10[2].buf_state_ff/genblock.dffs/dout_reg[2]_14                                           | clk_gen/o_rst_core_reg_4                                         |               23 |             47 |         2.04 |
|  clk_core_BUFG          | swervolf/rvtop/veer/exu/i_x_ff/genblock.genblock.dff/genblock.dffs/fa.wr0_en_5                                                              | clk_gen/o_rst_core_reg_1                                         |               11 |             47 |         4.27 |
|  clk_core_BUFG          | swervolf/rvtop/veer/exu/i_x_ff/genblock.genblock.dff/genblock.dffs/fa.wr0_en_4                                                              | clk_gen/o_rst_core_reg_1                                         |               14 |             47 |         3.36 |
|  clk_core_BUFG          | swervolf/rvtop/veer/lsu/bus_intf/bus_buffer/genblk10[3].buf_state_ff/genblock.dffs/dout_reg[1]_3                                            | clk_gen/o_rst_core_reg_4                                         |               26 |             47 |         1.81 |
|  clk_core_BUFG          | swervolf/rvtop/veer/ifu/bpred.bp/fa.btb_usedf/genblock.genblock.dff/genblock.dffs/fa.wr0_en_0                                               | clk_gen/o_rst_core_reg_1                                         |               15 |             47 |         3.13 |
|  clk_core_BUFG          | swervolf/rvtop/veer/ifu/bpred.bp/fa.btb_usedf/genblock.genblock.dff/genblock.dffs/fa.wr0_en_1                                               | clk_gen/o_rst_core_reg_1                                         |               16 |             47 |         2.94 |
|  clk_core_BUFG          | swervolf/rvtop/veer/ifu/bpred.bp/fa.btb_usedf/genblock.genblock.dff/genblock.dffs/fa.wr0_en_2                                               | clk_gen/o_rst_core_reg_1                                         |               14 |             47 |         3.36 |
|  clk_core_BUFG          | swervolf/rvtop/veer/lsu/bus_intf/bus_buffer/genblk10[1].buf_state_ff/genblock.dffs/dout_reg[2]_2                                            | clk_gen/o_rst_core_reg_4                                         |               26 |             47 |         1.81 |
|  clk_core_BUFG          | swervolf/rvtop/veer/ifu/bpred.bp/fa.btb_usedf/genblock.genblock.dff/genblock.dffs/fa.wr0_en_3                                               | clk_gen/o_rst_core_reg_1                                         |               16 |             47 |         2.94 |
|  clk_core_BUFG          | swervolf/rvtop/veer/ifu/bpred.bp/fa.btb_usedf/genblock.genblock.dff/genblock.dffs/fa.wr0_en_6                                               | clk_gen/o_rst_core_reg_1                                         |               13 |             47 |         3.62 |
|  clk_core_BUFG          | swervolf/rvtop/veer/ifu/bpred.bp/fa.btb_usedf/genblock.genblock.dff/genblock.dffs/fa.wr0_en_7                                               | clk_gen/o_rst_core_reg_1                                         |               13 |             47 |         3.62 |
|  clk_core_BUFG          | swervolf/rvtop/veer/lsu/bus_intf/bus_buffer/genblk10[0].buf_state_ff/genblock.dffs/dout_reg[0]_5                                            | clk_gen/o_rst_core_reg_4                                         |               25 |             47 |         1.88 |
|  clk_core_BUFG          | swervolf/rvtop/veer/ifu/mem_ctl/misc_ff/genblock.dff/genblock.dffs/iccm_ecc_write_status                                                    | clk_gen/o_rst_core_reg_1                                         |               26 |             49 |         1.88 |
|  clk_core_BUFG          | swervolf/u_kalman/u_core/u_gemm/E[0]                                                                                                        | clk_gen/o_rst_core_reg_2                                         |               13 |             51 |         3.92 |
|  clk_core_BUFG          | swervolf/rvtop/veer/ifu/mem_ctl/iccm_enabled.dma_misc_bits/genblock.dff/genblock.dffs/dout_reg[3]_0[0]                                      | clk_gen/o_rst_core_reg_1                                         |               18 |             64 |         3.56 |
|  clk_core_BUFG          | swervolf/rvtop/veer/lsu/lsu_lsc_ctl/lsu_pkt_mff/en01_out                                                                                    | clk_gen/o_rst_core_reg_4                                         |               27 |             64 |         2.37 |
|  clk_core_BUFG          | swervolf/axi_intercon/axi_xbar/gen_slv_port_demux[0].i_axi_err_slv/ifu_rvalid                                                               | clk_gen/o_rst_core_reg_1                                         |               23 |             64 |         2.78 |
|  clk_core_BUFG          | swervolf/rvtop/veer/ifu/i___137_n_0                                                                                                         | clk_gen/o_rst_core_reg_1                                         |               21 |             64 |         3.05 |
|  clk_core_BUFG          | swervolf/rvtop/veer/ifu/i___136_n_0                                                                                                         | clk_gen/o_rst_core_reg_1                                         |               37 |             64 |         1.73 |
|  clk_core_BUFG          | swervolf/rvtop/veer/ifu/i___135_n_0                                                                                                         | clk_gen/o_rst_core_reg_1                                         |               23 |             64 |         2.78 |
|  clk_core_BUFG          | swervolf/rvtop/veer/ifu/i___133_n_0                                                                                                         | clk_gen/o_rst_core_reg_1                                         |               33 |             64 |         1.94 |
|  clk_core_BUFG          | swervolf/axi2wb/write_fill_data_7                                                                                                           | clk_gen/o_rst_core_reg_1                                         |               28 |             64 |         2.29 |
|  clk_core_BUFG          | swervolf/axi2wb/write_fill_data_1                                                                                                           | clk_gen/o_rst_core_reg_1                                         |               21 |             64 |         3.05 |
|  clk_core_BUFG          | swervolf/axi2wb/o_rdata[63]_i_1_n_0                                                                                                         |                                                                  |               40 |             64 |         1.60 |
|  clk_core_BUFG          | swervolf/axi2wb/write_fill_data_5                                                                                                           | clk_gen/o_rst_core_reg_1                                         |               25 |             64 |         2.56 |
|  clk_core_BUFG          | swervolf/axi2wb/write_fill_data_3                                                                                                           | clk_gen/o_rst_core_reg_1                                         |               26 |             64 |         2.46 |
|  clk_core_BUFG          | swervolf/u_kalman/u_slave/reg_B[7][63]_i_1_n_0                                                                                              | clk_gen/rst_core                                                 |               30 |             64 |         2.13 |
|  clk_core_BUFG          | swervolf/u_kalman/u_slave/s_wready1                                                                                                         | clk_gen/rst_core                                                 |               29 |             64 |         2.21 |
|  clk_core_BUFG          | swervolf/u_kalman/u_slave/reg_A[0]                                                                                                          | clk_gen/rst_core                                                 |               19 |             64 |         3.37 |
|  clk_core_BUFG          | swervolf/u_kalman/u_core/nr_x[63]_i_1_n_0                                                                                                   | clk_gen/o_rst_core_reg_2                                         |               22 |             64 |         2.91 |
|  clk_core_BUFG          | swervolf/rvtop/veer/dbg/dmcommand_reg/genblock.genblock.dff/genblock.dffs/dout_reg[0]_5                                                     | clk_gen/o_rst_core_reg_4                                         |               33 |             64 |         1.94 |
|  clk_core_BUFG          | swervolf/u_kalman/u_core/IKH[0]                                                                                                             | clk_gen/o_rst_core_reg_2                                         |               20 |             64 |         3.20 |
|  clk_core_BUFG          | swervolf/u_kalman/u_slave/reg_B[0]                                                                                                          | clk_gen/rst_core                                                 |               19 |             64 |         3.37 |
|  clk_core_BUFG          | swervolf/rvtop/veer/dbg/dmcommand_reg/genblock.genblock.dff/genblock.dffs/dout_reg[0]_1                                                     | clk_gen/o_rst_core_reg_4                                         |               33 |             64 |         1.94 |
|  clk_core_BUFG          | swervolf/u_kalman/u_slave/reg_R[0]                                                                                                          | clk_gen/rst_core                                                 |               18 |             64 |         3.56 |
|  clk_core_BUFG          | swervolf/u_kalman/u_slave/reg_ctrl[0]                                                                                                       | clk_gen/rst_core                                                 |               49 |             64 |         1.31 |
|  clk_core_BUFG          | swervolf/u_kalman/u_slave/s_arready1                                                                                                        | clk_gen/rst_core                                                 |               29 |             64 |         2.21 |
|  clk_core_BUFG          | swervolf/u_kalman/u_slave/reg_B[8][63]_i_1_n_0                                                                                              | clk_gen/rst_core                                                 |               28 |             64 |         2.29 |
|  clk_core_BUFG          | swervolf/u_kalman/u_slave/reg_B[6][63]_i_1_n_0                                                                                              | clk_gen/rst_core                                                 |               34 |             64 |         1.88 |
|  clk_core_BUFG          | swervolf/u_kalman/u_slave/reg_B[5][63]_i_1_n_0                                                                                              | clk_gen/rst_core                                                 |               26 |             64 |         2.46 |
|  clk_core_BUFG          | swervolf/u_kalman/u_slave/reg_B[4][63]_i_1_n_0                                                                                              | clk_gen/rst_core                                                 |               35 |             64 |         1.83 |
|  clk_core_BUFG          | swervolf/u_kalman/u_slave/reg_B[3][63]_i_1_n_0                                                                                              | clk_gen/rst_core                                                 |               30 |             64 |         2.13 |
|  clk_core_BUFG          | swervolf/u_kalman/u_slave/reg_B[2][63]_i_1_n_0                                                                                              | clk_gen/rst_core                                                 |               25 |             64 |         2.56 |
|  clk_core_BUFG          | swervolf/u_kalman/u_slave/reg_B[1][63]_i_1_n_0                                                                                              | clk_gen/rst_core                                                 |               32 |             64 |         2.00 |
|  clk_core_BUFG          | swervolf/u_kalman/u_slave/reg_A[3][63]_i_1_n_0                                                                                              | clk_gen/rst_core                                                 |               19 |             64 |         3.37 |
|  clk_core_BUFG          | swervolf/u_kalman/u_slave/reg_A[2][63]_i_1_n_0                                                                                              | clk_gen/rst_core                                                 |               20 |             64 |         3.20 |
|  clk_core_BUFG          | swervolf/u_kalman/u_slave/reg_A[1][63]_i_1_n_0                                                                                              | clk_gen/rst_core                                                 |               19 |             64 |         3.37 |
|  clk_core_BUFG          | swervolf/u_kalman/u_core/S_inv[0]                                                                                                           | clk_gen/o_rst_core_reg_2                                         |               27 |             64 |         2.37 |
|  ddr2/ldc/BUFG_1_0      | ddr2/ldc/sdram_phaseinjector0_rddata_status[31]_i_1_n_0                                                                                     | ddr2/ldc/FDPE_3_0                                                |               18 |             64 |         3.56 |
|  clk_core_BUFG          | swervolf/u_kalman/u_core/two_minus_sx_reg[0]                                                                                                | clk_gen/o_rst_core_reg_2                                         |               35 |             64 |         1.83 |
|  clk_core_BUFG          | swervolf/rvtop/veer/exu/i_div/i_new_4bit_div_fullshortq/i_misc_ff/genblock.genblock.dff/genblock.dffs/dout_reg[18]_3                        | clk_gen/o_rst_core_reg_1                                         |               34 |             65 |         1.91 |
|  clk_core_BUFG          | swervolf/rvtop/veer/ifu/mem_ctl/misc1_ff/genblock.dff/genblock.dffs/D[0]                                                                    | clk_gen/o_rst_core_reg_1                                         |               25 |             68 |         2.72 |
|  ddr2/ldc/BUFG_1_0      | cdc/i_axi_cdc/i_cdc_fifo_gray_r/i_src/gen_sync[0].i_sync/reg_q_reg[1]_0[0]                                                                  |                                                                  |               15 |             71 |         4.73 |
|  clk_core_BUFG          | cdc/i_axi_cdc/i_cdc_fifo_gray_r/i_dst/i_spill_register/gen_spill_reg.b_fill                                                                 | clk_gen/rst_core                                                 |               22 |             71 |         3.23 |
|  ddr2/ldc/BUFG_1_0      | cdc/i_axi_cdc/i_cdc_fifo_gray_r/i_src/gen_sync[0].i_sync/E[0]                                                                               |                                                                  |               16 |             71 |         4.44 |
|  clk_core_BUFG          | cdc/i_axi_cdc/i_cdc_fifo_gray_r/i_dst/i_spill_register/E[0]                                                                                 | clk_gen/rst_core                                                 |               21 |             73 |         3.48 |
|  clk_core_BUFG          | cdc/i_axi_cdc/i_cdc_fifo_gray_w/i_src/gen_sync[0].i_sync/E[0]                                                                               |                                                                  |               15 |             73 |         4.87 |
|  clk_core_BUFG          | cdc/i_axi_cdc/i_cdc_fifo_gray_w/i_src/gen_sync[0].i_sync/reg_q_reg[1]_0[0]                                                                  |                                                                  |               13 |             73 |         5.62 |
|  ddr2/ldc/BUFG_1_0      | cdc/i_axi_cdc/i_cdc_fifo_gray_w/i_dst/i_spill_register/gen_spill_reg.b_fill                                                                 | ddr2/ldc/FDPE_3_0                                                |               21 |             73 |         3.48 |
|  clk_core_BUFG          | swervolf/rvtop/veer/lsu/lsu_lsc_ctl/lsu_pkt_rff/dout_reg[0]_rep__1_3                                                                        | clk_gen/o_rst_core_reg_4                                         |               51 |             74 |         1.45 |
|  ddr2/ldc/BUFG_1_0      | cdc/i_axi_cdc/i_cdc_fifo_gray_w/i_dst/i_spill_register/E[0]                                                                                 | ddr2/ldc/FDPE_3_0                                                |               23 |             75 |         3.26 |
|  clk_core_BUFG          | swervolf/rvtop/veer/lsu/ecc/L2U_Plus1_0.ldst_sec_hi_rff/dout_reg[4]                                                                         | clk_gen/o_rst_core_reg_4                                         |               48 |             88 |         1.83 |
|  clk_core_BUFG          | swervolf/rvtop/veer/dec/tlu/mcgc_ff/genblock.genblock.dff/genblock.dffs/dec_data_en[0]                                                      | clk_gen/o_rst_core_reg_1                                         |               33 |             93 |         2.82 |
|  clk_core_BUFG          | swervolf/rvtop/veer/lsu/bus_intf/bus_buffer/genblk10[1].buf_sideeffectff/genblock.dffs/dout_reg[0]_0                                        | clk_gen/o_rst_core_reg_4                                         |               61 |             96 |         1.57 |
|  clk_core_BUFG          | swervolf/rvtop/veer/ifu/mem_ctl/ifu_pmu_sigs_ff/genblock.dff/genblock.dffs/fetch_bf_f_c1_clken                                              | clk_gen/o_rst_core_reg_1                                         |               21 |             97 |         4.62 |
|  clk_core_BUFG          | swervolf/rvtop/veer/dec/tlu/mstatus_ff/genblock.dff/genblock.dffs/dec_data_en[0]                                                            | clk_gen/o_rst_core_reg_1                                         |               45 |             98 |         2.18 |
|  clk_core_BUFG          | swervolf/rvtop/veer/dec/mul_p[valid]                                                                                                        | clk_gen/o_rst_core_reg_1                                         |               51 |            100 |         1.96 |
|  clk_core_BUFG          | swervolf/u_kalman/u_core/y_tilde[0]                                                                                                         | clk_gen/o_rst_core_reg_2                                         |               49 |            128 |         2.61 |
|  clk_core_BUFG          | swervolf/u_kalman/u_core/sx_pipe[0]                                                                                                         | clk_gen/o_rst_core_reg_2                                         |               37 |            128 |         3.46 |
|  clk_core_BUFG          | swervolf/rvtop/veer/ifu/i___129_n_0                                                                                                         | clk_gen/o_rst_core_reg_1                                         |               61 |            134 |         2.20 |
|  clk_core_BUFG          | swervolf/rvtop/veer/ifu/i___128_n_0                                                                                                         | clk_gen/o_rst_core_reg_1                                         |               66 |            134 |         2.03 |
|  clk_core_BUFG          | swervolf/rvtop/veer/ifu/aln/bundle1ff/dout_reg[6]_0                                                                                         | clk_gen/o_rst_core_reg_1                                         |               57 |            134 |         2.35 |
|  clk_core_BUFG          | swervolf/rvtop/mem/icache.icm/ic_data_inst/PACKED_1.BANKS_WAY[1].ECC0.size_256.WAYS.BYPASS[1].write_bypass_ff/write_bypass_en_ff[1]_1       | clk_gen/o_rst_core_reg_1                                         |               50 |            136 |         2.72 |
|  clk_core_BUFG          | swervolf/rvtop/mem/icache.icm/ic_data_inst/PACKED_1.BANKS_WAY[1].ECC0.size_256.WAYS.BYPASS[0].write_bypass_ff/write_bypass_en_ff[1]_0       | clk_gen/o_rst_core_reg_1                                         |               40 |            136 |         3.40 |
|  clk_core_BUFG          | swervolf/rvtop/mem/icache.icm/ic_data_inst/PACKED_1.BANKS_WAY[0].ECC0.size_256.WAYS.BYPASS[1].write_bypass_ff/write_bypass_en_ff[0]_1       | clk_gen/o_rst_core_reg_1                                         |               47 |            136 |         2.89 |
|  clk_core_BUFG          | swervolf/rvtop/mem/icache.icm/ic_data_inst/PACKED_1.BANKS_WAY[0].ECC0.size_256.WAYS.BYPASS[0].write_bypass_ff/write_bypass_en_ff[0]_0       | clk_gen/o_rst_core_reg_1                                         |               43 |            136 |         3.16 |
|  clk_core_BUFG          | swervolf/rvtop/veer/dec/tlu/dicawics_ff/genblock.genblock.dff/genblock.dffs/dout_reg[0]_0[0]                                                |                                                                  |               54 |            136 |         2.52 |
|  clk_core_BUFG          | swervolf/rvtop/veer/dec/tlu/dicawics_ff/genblock.genblock.dff/genblock.dffs/E[0]                                                            |                                                                  |               55 |            136 |         2.47 |
|  clk_core_BUFG          | swervolf/u_kalman/u_core/x_out[0]                                                                                                           | clk_gen/o_rst_core_reg_2                                         |               64 |            192 |         3.00 |
|  clk_core_BUFG          | swervolf/u_kalman/u_core/K_reg[0]                                                                                                           | clk_gen/o_rst_core_reg_2                                         |               59 |            192 |         3.25 |
|  clk_core_BUFG          |                                                                                                                                             | clk_gen/o_rst_core_reg_3                                         |               87 |            195 |         2.24 |
|  ddr2/ldc/BUFG_1_0      |                                                                                                                                             | ddr2/ldc/FDPE_3_0                                                |               94 |            230 |         2.45 |
|  clk_core_BUFG          | swervolf/u_kalman/u_core/ky_reg[0]                                                                                                          | clk_gen/o_rst_core_reg_2                                         |              118 |            321 |         2.72 |
|  clk_core_BUFG          | swervolf/u_kalman/u_core/u_gemm/a_k_mux[0][63]_i_1_n_0                                                                                      | clk_gen/o_rst_core_reg_2                                         |              126 |            384 |         3.05 |
|  clk_core_BUFG          | swervolf/u_kalman/u_core/u_gemm/a_k[0]                                                                                                      | clk_gen/o_rst_core_reg_2                                         |              133 |            385 |         2.89 |
|  clk_core_BUFG          |                                                                                                                                             | clk_gen/o_rst_core_reg_4                                         |              258 |            458 |         1.78 |
|  ddr2/ldc/BUFG_1_0      |                                                                                                                                             |                                                                  |              147 |            469 |         3.19 |
|  clk_core_BUFG          | swervolf/rvtop/veer/dec/tlu/dicawics_ff/genblock.genblock.dff/genblock.dffs/p_0_in                                                          |                                                                  |              136 |            544 |         4.00 |
|  clk_core_BUFG          | swervolf/rvtop/veer/dec/tlu/dicawics_ff/genblock.genblock.dff/genblock.dffs/p_0_in__0                                                       |                                                                  |              136 |            544 |         4.00 |
|  clk_core_BUFG          | swervolf/u_kalman/u_core/FSM_onehot_state_reg[50]_0[0]                                                                                      | clk_gen/o_rst_core_reg_2                                         |              201 |            576 |         2.87 |
|  clk_core_BUFG          | swervolf/u_kalman/u_core/u_gemm/mul_reg[0]                                                                                                  | clk_gen/o_rst_core_reg_2                                         |              183 |            576 |         3.15 |
|  clk_core_BUFG          | swervolf/u_kalman/u_core/u_gemm/gs_done                                                                                                     | clk_gen/o_rst_core_reg_2                                         |              257 |            576 |         2.24 |
|  clk_core_BUFG          | swervolf/u_kalman/u_core/u_gemm/acc[0][63]_i_1_n_0                                                                                          | clk_gen/o_rst_core_reg_2                                         |              257 |            576 |         2.24 |
|  clk_core_BUFG          |                                                                                                                                             | clk_gen/rst_core                                                 |              264 |            763 |         2.89 |
|  clk_core_BUFG          | swervolf/u_kalman/u_core/gs_A[0]                                                                                                            | clk_gen/o_rst_core_reg_2                                         |              264 |            769 |         2.91 |
|  clk_core_BUFG          |                                                                                                                                             | clk_gen/o_rst_core_reg_1                                         |              361 |            789 |         2.19 |
|  clk_core_BUFG          | swervolf/u_kalman/u_core/P_reg[0]                                                                                                           | clk_gen/o_rst_core_reg_2                                         |              269 |            832 |         3.09 |
|  clk_core_BUFG          |                                                                                                                                             |                                                                  |             1951 |           9262 |         4.75 |
+-------------------------+---------------------------------------------------------------------------------------------------------------------------------------------+------------------------------------------------------------------+------------------+----------------+--------------+


