Copyright 1986-2022 Xilinx, Inc. All Rights Reserved. Copyright 2022-2025 Advanced Micro Devices, Inc. All Rights Reserved.
-----------------------------------------------------------------------------------------------------------------------------------------------------------------------
| Tool Version : Vivado v.2025.2 (lin64) Build 6299465 Fri Nov 14 12:34:56 MST 2025
| Date         : Sat Jun  6 11:55:07 2026
| Host         : archlinux running 64-bit unknown
| Command      : report_methodology -file rvfpganexys_methodology_drc_routed.rpt -pb rvfpganexys_methodology_drc_routed.pb -rpx rvfpganexys_methodology_drc_routed.rpx
| Design       : rvfpganexys
| Device       : xc7a100tcsg324-1
| Speed File   : -1
| Design State : Fully Routed
-----------------------------------------------------------------------------------------------------------------------------------------------------------------------

Report Methodology

Table of Contents
-----------------
1. REPORT SUMMARY
2. REPORT DETAILS

1. REPORT SUMMARY
-----------------
            Netlist: netlist
          Floorplan: design_1
      Design limits: <entire design considered>
             Max checks: <unlimited>
             Checks found: 443
+-----------+------------------+------------------------------------------------+--------+
| Rule      | Severity         | Description                                    | Checks |
+-----------+------------------+------------------------------------------------+--------+
| TIMING-6  | Critical Warning | No common primary clock between related clocks | 2      |
| TIMING-7  | Critical Warning | No common node between related clocks          | 2      |
| TIMING-14 | Critical Warning | LUT on the clock tree                          | 3      |
| DPIR-1    | Warning          | Asynchronous driver check                      | 135    |
| LUTAR-1   | Warning          | LUT drives async reset alert                   | 6      |
| SYNTH-6   | Warning          | Timing of a RAM block might be sub-optimal     | 31     |
| SYNTH-9   | Warning          | Small multiplier                               | 85     |
| SYNTH-10  | Warning          | Wide multiplier                                | 140    |
| TIMING-9  | Warning          | Unknown CDC Logic                              | 1      |
| TIMING-18 | Warning          | Missing input or output delay                  | 22     |
| REQP-1959 | Advisory         | connects_SERDES_RST_driver_not_FF              | 16     |
+-----------+------------------+------------------------------------------------+--------+

2. REPORT DETAILS
-----------------
TIMING-6#1 Critical Warning
No common primary clock between related clocks  
The clocks clk_core and tck_dtmcs are related (timed together) but they have no common primary clock. The design could fail in hardware. To find a timing path between these clocks, run the following command: report_timing -from [get_clocks clk_core] -to [get_clocks tck_dtmcs]
Related violations: <none>

TIMING-6#2 Critical Warning
No common primary clock between related clocks  
The clocks tck_dtmcs and clk_core are related (timed together) but they have no common primary clock. The design could fail in hardware. To find a timing path between these clocks, run the following command: report_timing -from [get_clocks tck_dtmcs] -to [get_clocks clk_core]
Related violations: <none>

TIMING-7#1 Critical Warning
No common node between related clocks  
The clocks clk_core and tck_dtmcs are related (timed together) but they have no common node. The design could fail in hardware. To find a timing path between these clocks, run the following command: report_timing -from [get_clocks clk_core] -to [get_clocks tck_dtmcs]
Related violations: <none>

TIMING-7#2 Critical Warning
No common node between related clocks  
The clocks tck_dtmcs and clk_core are related (timed together) but they have no common node. The design could fail in hardware. To find a timing path between these clocks, run the following command: report_timing -from [get_clocks tck_dtmcs] -to [get_clocks clk_core]
Related violations: <none>

TIMING-14#1 Critical Warning
LUT on the clock tree  
The LUT clk_gen/swervolfn_0_54656_BUFG_inst_i_1 has been found on the clock tree. Run opt_design to optimize the clock trees, then re-run report_methodology. If LUT(s) are still present in the clock trees, modify the RTL or the synthesis options accordingly to move the clock gating logic to dedicated clock enable resources. Keep in mind that post-opt_design database cannot be used for pin-planning tasks
Related violations: <none>

TIMING-14#2 Critical Warning
LUT on the clock tree  
The LUT swervolf/timer_ptc/rptc_cntr[31]_i_8 has been found on the clock tree. Run opt_design to optimize the clock trees, then re-run report_methodology. If LUT(s) are still present in the clock trees, modify the RTL or the synthesis options accordingly to move the clock gating logic to dedicated clock enable resources. Keep in mind that post-opt_design database cannot be used for pin-planning tasks
Related violations: <none>

TIMING-14#3 Critical Warning
LUT on the clock tree  
The LUT swervolf/timer_ptc/rptc_lrc[31]_i_5 has been found on the clock tree. Run opt_design to optimize the clock trees, then re-run report_methodology. If LUT(s) are still present in the clock trees, modify the RTL or the synthesis options accordingly to move the clock gating logic to dedicated clock enable resources. Keep in mind that post-opt_design database cannot be used for pin-planning tasks
Related violations: <none>

DPIR-1#1 Warning
Asynchronous driver check  
DSP swervolf/rvtop/veer/exu/i_mul/prod_x0 input pin swervolf/rvtop/veer/exu/i_mul/prod_x0/A[0] is connected to registers with an asynchronous reset. This is preventing the possibility of merging these registers in to the DSP Block since the DSP block registers only possess synchronous reset capability.  It is suggested to recode or change these registers to remove the reset or use a synchronous reset to get the best optimization for performance, power and area.
Related violations: <none>

DPIR-1#2 Warning
Asynchronous driver check  
DSP swervolf/rvtop/veer/exu/i_mul/prod_x0 input pin swervolf/rvtop/veer/exu/i_mul/prod_x0/A[10] is connected to registers with an asynchronous reset. This is preventing the possibility of merging these registers in to the DSP Block since the DSP block registers only possess synchronous reset capability.  It is suggested to recode or change these registers to remove the reset or use a synchronous reset to get the best optimization for performance, power and area.
Related violations: <none>

DPIR-1#3 Warning
Asynchronous driver check  
DSP swervolf/rvtop/veer/exu/i_mul/prod_x0 input pin swervolf/rvtop/veer/exu/i_mul/prod_x0/A[11] is connected to registers with an asynchronous reset. This is preventing the possibility of merging these registers in to the DSP Block since the DSP block registers only possess synchronous reset capability.  It is suggested to recode or change these registers to remove the reset or use a synchronous reset to get the best optimization for performance, power and area.
Related violations: <none>

DPIR-1#4 Warning
Asynchronous driver check  
DSP swervolf/rvtop/veer/exu/i_mul/prod_x0 input pin swervolf/rvtop/veer/exu/i_mul/prod_x0/A[12] is connected to registers with an asynchronous reset. This is preventing the possibility of merging these registers in to the DSP Block since the DSP block registers only possess synchronous reset capability.  It is suggested to recode or change these registers to remove the reset or use a synchronous reset to get the best optimization for performance, power and area.
Related violations: <none>

DPIR-1#5 Warning
Asynchronous driver check  
DSP swervolf/rvtop/veer/exu/i_mul/prod_x0 input pin swervolf/rvtop/veer/exu/i_mul/prod_x0/A[13] is connected to registers with an asynchronous reset. This is preventing the possibility of merging these registers in to the DSP Block since the DSP block registers only possess synchronous reset capability.  It is suggested to recode or change these registers to remove the reset or use a synchronous reset to get the best optimization for performance, power and area.
Related violations: <none>

DPIR-1#6 Warning
Asynchronous driver check  
DSP swervolf/rvtop/veer/exu/i_mul/prod_x0 input pin swervolf/rvtop/veer/exu/i_mul/prod_x0/A[14] is connected to registers with an asynchronous reset. This is preventing the possibility of merging these registers in to the DSP Block since the DSP block registers only possess synchronous reset capability.  It is suggested to recode or change these registers to remove the reset or use a synchronous reset to get the best optimization for performance, power and area.
Related violations: <none>

DPIR-1#7 Warning
Asynchronous driver check  
DSP swervolf/rvtop/veer/exu/i_mul/prod_x0 input pin swervolf/rvtop/veer/exu/i_mul/prod_x0/A[15] is connected to registers with an asynchronous reset. This is preventing the possibility of merging these registers in to the DSP Block since the DSP block registers only possess synchronous reset capability.  It is suggested to recode or change these registers to remove the reset or use a synchronous reset to get the best optimization for performance, power and area.
Related violations: <none>

DPIR-1#8 Warning
Asynchronous driver check  
DSP swervolf/rvtop/veer/exu/i_mul/prod_x0 input pin swervolf/rvtop/veer/exu/i_mul/prod_x0/A[16] is connected to registers with an asynchronous reset. This is preventing the possibility of merging these registers in to the DSP Block since the DSP block registers only possess synchronous reset capability.  It is suggested to recode or change these registers to remove the reset or use a synchronous reset to get the best optimization for performance, power and area.
Related violations: <none>

DPIR-1#9 Warning
Asynchronous driver check  
DSP swervolf/rvtop/veer/exu/i_mul/prod_x0 input pin swervolf/rvtop/veer/exu/i_mul/prod_x0/A[1] is connected to registers with an asynchronous reset. This is preventing the possibility of merging these registers in to the DSP Block since the DSP block registers only possess synchronous reset capability.  It is suggested to recode or change these registers to remove the reset or use a synchronous reset to get the best optimization for performance, power and area.
Related violations: <none>

DPIR-1#10 Warning
Asynchronous driver check  
DSP swervolf/rvtop/veer/exu/i_mul/prod_x0 input pin swervolf/rvtop/veer/exu/i_mul/prod_x0/A[2] is connected to registers with an asynchronous reset. This is preventing the possibility of merging these registers in to the DSP Block since the DSP block registers only possess synchronous reset capability.  It is suggested to recode or change these registers to remove the reset or use a synchronous reset to get the best optimization for performance, power and area.
Related violations: <none>

DPIR-1#11 Warning
Asynchronous driver check  
DSP swervolf/rvtop/veer/exu/i_mul/prod_x0 input pin swervolf/rvtop/veer/exu/i_mul/prod_x0/A[3] is connected to registers with an asynchronous reset. This is preventing the possibility of merging these registers in to the DSP Block since the DSP block registers only possess synchronous reset capability.  It is suggested to recode or change these registers to remove the reset or use a synchronous reset to get the best optimization for performance, power and area.
Related violations: <none>

DPIR-1#12 Warning
Asynchronous driver check  
DSP swervolf/rvtop/veer/exu/i_mul/prod_x0 input pin swervolf/rvtop/veer/exu/i_mul/prod_x0/A[4] is connected to registers with an asynchronous reset. This is preventing the possibility of merging these registers in to the DSP Block since the DSP block registers only possess synchronous reset capability.  It is suggested to recode or change these registers to remove the reset or use a synchronous reset to get the best optimization for performance, power and area.
Related violations: <none>

DPIR-1#13 Warning
Asynchronous driver check  
DSP swervolf/rvtop/veer/exu/i_mul/prod_x0 input pin swervolf/rvtop/veer/exu/i_mul/prod_x0/A[5] is connected to registers with an asynchronous reset. This is preventing the possibility of merging these registers in to the DSP Block since the DSP block registers only possess synchronous reset capability.  It is suggested to recode or change these registers to remove the reset or use a synchronous reset to get the best optimization for performance, power and area.
Related violations: <none>

DPIR-1#14 Warning
Asynchronous driver check  
DSP swervolf/rvtop/veer/exu/i_mul/prod_x0 input pin swervolf/rvtop/veer/exu/i_mul/prod_x0/A[6] is connected to registers with an asynchronous reset. This is preventing the possibility of merging these registers in to the DSP Block since the DSP block registers only possess synchronous reset capability.  It is suggested to recode or change these registers to remove the reset or use a synchronous reset to get the best optimization for performance, power and area.
Related violations: <none>

DPIR-1#15 Warning
Asynchronous driver check  
DSP swervolf/rvtop/veer/exu/i_mul/prod_x0 input pin swervolf/rvtop/veer/exu/i_mul/prod_x0/A[7] is connected to registers with an asynchronous reset. This is preventing the possibility of merging these registers in to the DSP Block since the DSP block registers only possess synchronous reset capability.  It is suggested to recode or change these registers to remove the reset or use a synchronous reset to get the best optimization for performance, power and area.
Related violations: <none>

DPIR-1#16 Warning
Asynchronous driver check  
DSP swervolf/rvtop/veer/exu/i_mul/prod_x0 input pin swervolf/rvtop/veer/exu/i_mul/prod_x0/A[8] is connected to registers with an asynchronous reset. This is preventing the possibility of merging these registers in to the DSP Block since the DSP block registers only possess synchronous reset capability.  It is suggested to recode or change these registers to remove the reset or use a synchronous reset to get the best optimization for performance, power and area.
Related violations: <none>

DPIR-1#17 Warning
Asynchronous driver check  
DSP swervolf/rvtop/veer/exu/i_mul/prod_x0 input pin swervolf/rvtop/veer/exu/i_mul/prod_x0/A[9] is connected to registers with an asynchronous reset. This is preventing the possibility of merging these registers in to the DSP Block since the DSP block registers only possess synchronous reset capability.  It is suggested to recode or change these registers to remove the reset or use a synchronous reset to get the best optimization for performance, power and area.
Related violations: <none>

DPIR-1#18 Warning
Asynchronous driver check  
DSP swervolf/rvtop/veer/exu/i_mul/prod_x0 input pin swervolf/rvtop/veer/exu/i_mul/prod_x0/B[0] is connected to registers with an asynchronous reset. This is preventing the possibility of merging these registers in to the DSP Block since the DSP block registers only possess synchronous reset capability.  It is suggested to recode or change these registers to remove the reset or use a synchronous reset to get the best optimization for performance, power and area.
Related violations: <none>

DPIR-1#19 Warning
Asynchronous driver check  
DSP swervolf/rvtop/veer/exu/i_mul/prod_x0 input pin swervolf/rvtop/veer/exu/i_mul/prod_x0/B[10] is connected to registers with an asynchronous reset. This is preventing the possibility of merging these registers in to the DSP Block since the DSP block registers only possess synchronous reset capability.  It is suggested to recode or change these registers to remove the reset or use a synchronous reset to get the best optimization for performance, power and area.
Related violations: <none>

DPIR-1#20 Warning
Asynchronous driver check  
DSP swervolf/rvtop/veer/exu/i_mul/prod_x0 input pin swervolf/rvtop/veer/exu/i_mul/prod_x0/B[11] is connected to registers with an asynchronous reset. This is preventing the possibility of merging these registers in to the DSP Block since the DSP block registers only possess synchronous reset capability.  It is suggested to recode or change these registers to remove the reset or use a synchronous reset to get the best optimization for performance, power and area.
Related violations: <none>

DPIR-1#21 Warning
Asynchronous driver check  
DSP swervolf/rvtop/veer/exu/i_mul/prod_x0 input pin swervolf/rvtop/veer/exu/i_mul/prod_x0/B[12] is connected to registers with an asynchronous reset. This is preventing the possibility of merging these registers in to the DSP Block since the DSP block registers only possess synchronous reset capability.  It is suggested to recode or change these registers to remove the reset or use a synchronous reset to get the best optimization for performance, power and area.
Related violations: <none>

DPIR-1#22 Warning
Asynchronous driver check  
DSP swervolf/rvtop/veer/exu/i_mul/prod_x0 input pin swervolf/rvtop/veer/exu/i_mul/prod_x0/B[13] is connected to registers with an asynchronous reset. This is preventing the possibility of merging these registers in to the DSP Block since the DSP block registers only possess synchronous reset capability.  It is suggested to recode or change these registers to remove the reset or use a synchronous reset to get the best optimization for performance, power and area.
Related violations: <none>

DPIR-1#23 Warning
Asynchronous driver check  
DSP swervolf/rvtop/veer/exu/i_mul/prod_x0 input pin swervolf/rvtop/veer/exu/i_mul/prod_x0/B[14] is connected to registers with an asynchronous reset. This is preventing the possibility of merging these registers in to the DSP Block since the DSP block registers only possess synchronous reset capability.  It is suggested to recode or change these registers to remove the reset or use a synchronous reset to get the best optimization for performance, power and area.
Related violations: <none>

DPIR-1#24 Warning
Asynchronous driver check  
DSP swervolf/rvtop/veer/exu/i_mul/prod_x0 input pin swervolf/rvtop/veer/exu/i_mul/prod_x0/B[15] is connected to registers with an asynchronous reset. This is preventing the possibility of merging these registers in to the DSP Block since the DSP block registers only possess synchronous reset capability.  It is suggested to recode or change these registers to remove the reset or use a synchronous reset to get the best optimization for performance, power and area.
Related violations: <none>

DPIR-1#25 Warning
Asynchronous driver check  
DSP swervolf/rvtop/veer/exu/i_mul/prod_x0 input pin swervolf/rvtop/veer/exu/i_mul/prod_x0/B[16] is connected to registers with an asynchronous reset. This is preventing the possibility of merging these registers in to the DSP Block since the DSP block registers only possess synchronous reset capability.  It is suggested to recode or change these registers to remove the reset or use a synchronous reset to get the best optimization for performance, power and area.
Related violations: <none>

DPIR-1#26 Warning
Asynchronous driver check  
DSP swervolf/rvtop/veer/exu/i_mul/prod_x0 input pin swervolf/rvtop/veer/exu/i_mul/prod_x0/B[17] is connected to registers with an asynchronous reset. This is preventing the possibility of merging these registers in to the DSP Block since the DSP block registers only possess synchronous reset capability.  It is suggested to recode or change these registers to remove the reset or use a synchronous reset to get the best optimization for performance, power and area.
Related violations: <none>

DPIR-1#27 Warning
Asynchronous driver check  
DSP swervolf/rvtop/veer/exu/i_mul/prod_x0 input pin swervolf/rvtop/veer/exu/i_mul/prod_x0/B[1] is connected to registers with an asynchronous reset. This is preventing the possibility of merging these registers in to the DSP Block since the DSP block registers only possess synchronous reset capability.  It is suggested to recode or change these registers to remove the reset or use a synchronous reset to get the best optimization for performance, power and area.
Related violations: <none>

DPIR-1#28 Warning
Asynchronous driver check  
DSP swervolf/rvtop/veer/exu/i_mul/prod_x0 input pin swervolf/rvtop/veer/exu/i_mul/prod_x0/B[2] is connected to registers with an asynchronous reset. This is preventing the possibility of merging these registers in to the DSP Block since the DSP block registers only possess synchronous reset capability.  It is suggested to recode or change these registers to remove the reset or use a synchronous reset to get the best optimization for performance, power and area.
Related violations: <none>

DPIR-1#29 Warning
Asynchronous driver check  
DSP swervolf/rvtop/veer/exu/i_mul/prod_x0 input pin swervolf/rvtop/veer/exu/i_mul/prod_x0/B[3] is connected to registers with an asynchronous reset. This is preventing the possibility of merging these registers in to the DSP Block since the DSP block registers only possess synchronous reset capability.  It is suggested to recode or change these registers to remove the reset or use a synchronous reset to get the best optimization for performance, power and area.
Related violations: <none>

DPIR-1#30 Warning
Asynchronous driver check  
DSP swervolf/rvtop/veer/exu/i_mul/prod_x0 input pin swervolf/rvtop/veer/exu/i_mul/prod_x0/B[4] is connected to registers with an asynchronous reset. This is preventing the possibility of merging these registers in to the DSP Block since the DSP block registers only possess synchronous reset capability.  It is suggested to recode or change these registers to remove the reset or use a synchronous reset to get the best optimization for performance, power and area.
Related violations: <none>

DPIR-1#31 Warning
Asynchronous driver check  
DSP swervolf/rvtop/veer/exu/i_mul/prod_x0 input pin swervolf/rvtop/veer/exu/i_mul/prod_x0/B[5] is connected to registers with an asynchronous reset. This is preventing the possibility of merging these registers in to the DSP Block since the DSP block registers only possess synchronous reset capability.  It is suggested to recode or change these registers to remove the reset or use a synchronous reset to get the best optimization for performance, power and area.
Related violations: <none>

DPIR-1#32 Warning
Asynchronous driver check  
DSP swervolf/rvtop/veer/exu/i_mul/prod_x0 input pin swervolf/rvtop/veer/exu/i_mul/prod_x0/B[6] is connected to registers with an asynchronous reset. This is preventing the possibility of merging these registers in to the DSP Block since the DSP block registers only possess synchronous reset capability.  It is suggested to recode or change these registers to remove the reset or use a synchronous reset to get the best optimization for performance, power and area.
Related violations: <none>

DPIR-1#33 Warning
Asynchronous driver check  
DSP swervolf/rvtop/veer/exu/i_mul/prod_x0 input pin swervolf/rvtop/veer/exu/i_mul/prod_x0/B[7] is connected to registers with an asynchronous reset. This is preventing the possibility of merging these registers in to the DSP Block since the DSP block registers only possess synchronous reset capability.  It is suggested to recode or change these registers to remove the reset or use a synchronous reset to get the best optimization for performance, power and area.
Related violations: <none>

DPIR-1#34 Warning
Asynchronous driver check  
DSP swervolf/rvtop/veer/exu/i_mul/prod_x0 input pin swervolf/rvtop/veer/exu/i_mul/prod_x0/B[8] is connected to registers with an asynchronous reset. This is preventing the possibility of merging these registers in to the DSP Block since the DSP block registers only possess synchronous reset capability.  It is suggested to recode or change these registers to remove the reset or use a synchronous reset to get the best optimization for performance, power and area.
Related violations: <none>

DPIR-1#35 Warning
Asynchronous driver check  
DSP swervolf/rvtop/veer/exu/i_mul/prod_x0 input pin swervolf/rvtop/veer/exu/i_mul/prod_x0/B[9] is connected to registers with an asynchronous reset. This is preventing the possibility of merging these registers in to the DSP Block since the DSP block registers only possess synchronous reset capability.  It is suggested to recode or change these registers to remove the reset or use a synchronous reset to get the best optimization for performance, power and area.
Related violations: <none>

DPIR-1#36 Warning
Asynchronous driver check  
DSP swervolf/rvtop/veer/exu/i_mul/prod_x0__0 input pin swervolf/rvtop/veer/exu/i_mul/prod_x0__0/A[0] is connected to registers with an asynchronous reset. This is preventing the possibility of merging these registers in to the DSP Block since the DSP block registers only possess synchronous reset capability.  It is suggested to recode or change these registers to remove the reset or use a synchronous reset to get the best optimization for performance, power and area.
Related violations: <none>

DPIR-1#37 Warning
Asynchronous driver check  
DSP swervolf/rvtop/veer/exu/i_mul/prod_x0__0 input pin swervolf/rvtop/veer/exu/i_mul/prod_x0__0/A[10] is connected to registers with an asynchronous reset. This is preventing the possibility of merging these registers in to the DSP Block since the DSP block registers only possess synchronous reset capability.  It is suggested to recode or change these registers to remove the reset or use a synchronous reset to get the best optimization for performance, power and area.
Related violations: <none>

DPIR-1#38 Warning
Asynchronous driver check  
DSP swervolf/rvtop/veer/exu/i_mul/prod_x0__0 input pin swervolf/rvtop/veer/exu/i_mul/prod_x0__0/A[11] is connected to registers with an asynchronous reset. This is preventing the possibility of merging these registers in to the DSP Block since the DSP block registers only possess synchronous reset capability.  It is suggested to recode or change these registers to remove the reset or use a synchronous reset to get the best optimization for performance, power and area.
Related violations: <none>

DPIR-1#39 Warning
Asynchronous driver check  
DSP swervolf/rvtop/veer/exu/i_mul/prod_x0__0 input pin swervolf/rvtop/veer/exu/i_mul/prod_x0__0/A[12] is connected to registers with an asynchronous reset. This is preventing the possibility of merging these registers in to the DSP Block since the DSP block registers only possess synchronous reset capability.  It is suggested to recode or change these registers to remove the reset or use a synchronous reset to get the best optimization for performance, power and area.
Related violations: <none>

DPIR-1#40 Warning
Asynchronous driver check  
DSP swervolf/rvtop/veer/exu/i_mul/prod_x0__0 input pin swervolf/rvtop/veer/exu/i_mul/prod_x0__0/A[13] is connected to registers with an asynchronous reset. This is preventing the possibility of merging these registers in to the DSP Block since the DSP block registers only possess synchronous reset capability.  It is suggested to recode or change these registers to remove the reset or use a synchronous reset to get the best optimization for performance, power and area.
Related violations: <none>

DPIR-1#41 Warning
Asynchronous driver check  
DSP swervolf/rvtop/veer/exu/i_mul/prod_x0__0 input pin swervolf/rvtop/veer/exu/i_mul/prod_x0__0/A[14] is connected to registers with an asynchronous reset. This is preventing the possibility of merging these registers in to the DSP Block since the DSP block registers only possess synchronous reset capability.  It is suggested to recode or change these registers to remove the reset or use a synchronous reset to get the best optimization for performance, power and area.
Related violations: <none>

DPIR-1#42 Warning
Asynchronous driver check  
DSP swervolf/rvtop/veer/exu/i_mul/prod_x0__0 input pin swervolf/rvtop/veer/exu/i_mul/prod_x0__0/A[15] is connected to registers with an asynchronous reset. This is preventing the possibility of merging these registers in to the DSP Block since the DSP block registers only possess synchronous reset capability.  It is suggested to recode or change these registers to remove the reset or use a synchronous reset to get the best optimization for performance, power and area.
Related violations: <none>

DPIR-1#43 Warning
Asynchronous driver check  
DSP swervolf/rvtop/veer/exu/i_mul/prod_x0__0 input pin swervolf/rvtop/veer/exu/i_mul/prod_x0__0/A[16] is connected to registers with an asynchronous reset. This is preventing the possibility of merging these registers in to the DSP Block since the DSP block registers only possess synchronous reset capability.  It is suggested to recode or change these registers to remove the reset or use a synchronous reset to get the best optimization for performance, power and area.
Related violations: <none>

DPIR-1#44 Warning
Asynchronous driver check  
DSP swervolf/rvtop/veer/exu/i_mul/prod_x0__0 input pin swervolf/rvtop/veer/exu/i_mul/prod_x0__0/A[17] is connected to registers with an asynchronous reset. This is preventing the possibility of merging these registers in to the DSP Block since the DSP block registers only possess synchronous reset capability.  It is suggested to recode or change these registers to remove the reset or use a synchronous reset to get the best optimization for performance, power and area.
Related violations: <none>

DPIR-1#45 Warning
Asynchronous driver check  
DSP swervolf/rvtop/veer/exu/i_mul/prod_x0__0 input pin swervolf/rvtop/veer/exu/i_mul/prod_x0__0/A[18] is connected to registers with an asynchronous reset. This is preventing the possibility of merging these registers in to the DSP Block since the DSP block registers only possess synchronous reset capability.  It is suggested to recode or change these registers to remove the reset or use a synchronous reset to get the best optimization for performance, power and area.
Related violations: <none>

DPIR-1#46 Warning
Asynchronous driver check  
DSP swervolf/rvtop/veer/exu/i_mul/prod_x0__0 input pin swervolf/rvtop/veer/exu/i_mul/prod_x0__0/A[19] is connected to registers with an asynchronous reset. This is preventing the possibility of merging these registers in to the DSP Block since the DSP block registers only possess synchronous reset capability.  It is suggested to recode or change these registers to remove the reset or use a synchronous reset to get the best optimization for performance, power and area.
Related violations: <none>

DPIR-1#47 Warning
Asynchronous driver check  
DSP swervolf/rvtop/veer/exu/i_mul/prod_x0__0 input pin swervolf/rvtop/veer/exu/i_mul/prod_x0__0/A[1] is connected to registers with an asynchronous reset. This is preventing the possibility of merging these registers in to the DSP Block since the DSP block registers only possess synchronous reset capability.  It is suggested to recode or change these registers to remove the reset or use a synchronous reset to get the best optimization for performance, power and area.
Related violations: <none>

DPIR-1#48 Warning
Asynchronous driver check  
DSP swervolf/rvtop/veer/exu/i_mul/prod_x0__0 input pin swervolf/rvtop/veer/exu/i_mul/prod_x0__0/A[20] is connected to registers with an asynchronous reset. This is preventing the possibility of merging these registers in to the DSP Block since the DSP block registers only possess synchronous reset capability.  It is suggested to recode or change these registers to remove the reset or use a synchronous reset to get the best optimization for performance, power and area.
Related violations: <none>

DPIR-1#49 Warning
Asynchronous driver check  
DSP swervolf/rvtop/veer/exu/i_mul/prod_x0__0 input pin swervolf/rvtop/veer/exu/i_mul/prod_x0__0/A[21] is connected to registers with an asynchronous reset. This is preventing the possibility of merging these registers in to the DSP Block since the DSP block registers only possess synchronous reset capability.  It is suggested to recode or change these registers to remove the reset or use a synchronous reset to get the best optimization for performance, power and area.
Related violations: <none>

DPIR-1#50 Warning
Asynchronous driver check  
DSP swervolf/rvtop/veer/exu/i_mul/prod_x0__0 input pin swervolf/rvtop/veer/exu/i_mul/prod_x0__0/A[22] is connected to registers with an asynchronous reset. This is preventing the possibility of merging these registers in to the DSP Block since the DSP block registers only possess synchronous reset capability.  It is suggested to recode or change these registers to remove the reset or use a synchronous reset to get the best optimization for performance, power and area.
Related violations: <none>

DPIR-1#51 Warning
Asynchronous driver check  
DSP swervolf/rvtop/veer/exu/i_mul/prod_x0__0 input pin swervolf/rvtop/veer/exu/i_mul/prod_x0__0/A[23] is connected to registers with an asynchronous reset. This is preventing the possibility of merging these registers in to the DSP Block since the DSP block registers only possess synchronous reset capability.  It is suggested to recode or change these registers to remove the reset or use a synchronous reset to get the best optimization for performance, power and area.
Related violations: <none>

DPIR-1#52 Warning
Asynchronous driver check  
DSP swervolf/rvtop/veer/exu/i_mul/prod_x0__0 input pin swervolf/rvtop/veer/exu/i_mul/prod_x0__0/A[24] is connected to registers with an asynchronous reset. This is preventing the possibility of merging these registers in to the DSP Block since the DSP block registers only possess synchronous reset capability.  It is suggested to recode or change these registers to remove the reset or use a synchronous reset to get the best optimization for performance, power and area.
Related violations: <none>

DPIR-1#53 Warning
Asynchronous driver check  
DSP swervolf/rvtop/veer/exu/i_mul/prod_x0__0 input pin swervolf/rvtop/veer/exu/i_mul/prod_x0__0/A[25] is connected to registers with an asynchronous reset. This is preventing the possibility of merging these registers in to the DSP Block since the DSP block registers only possess synchronous reset capability.  It is suggested to recode or change these registers to remove the reset or use a synchronous reset to get the best optimization for performance, power and area.
Related violations: <none>

DPIR-1#54 Warning
Asynchronous driver check  
DSP swervolf/rvtop/veer/exu/i_mul/prod_x0__0 input pin swervolf/rvtop/veer/exu/i_mul/prod_x0__0/A[26] is connected to registers with an asynchronous reset. This is preventing the possibility of merging these registers in to the DSP Block since the DSP block registers only possess synchronous reset capability.  It is suggested to recode or change these registers to remove the reset or use a synchronous reset to get the best optimization for performance, power and area.
Related violations: <none>

DPIR-1#55 Warning
Asynchronous driver check  
DSP swervolf/rvtop/veer/exu/i_mul/prod_x0__0 input pin swervolf/rvtop/veer/exu/i_mul/prod_x0__0/A[27] is connected to registers with an asynchronous reset. This is preventing the possibility of merging these registers in to the DSP Block since the DSP block registers only possess synchronous reset capability.  It is suggested to recode or change these registers to remove the reset or use a synchronous reset to get the best optimization for performance, power and area.
Related violations: <none>

DPIR-1#56 Warning
Asynchronous driver check  
DSP swervolf/rvtop/veer/exu/i_mul/prod_x0__0 input pin swervolf/rvtop/veer/exu/i_mul/prod_x0__0/A[28] is connected to registers with an asynchronous reset. This is preventing the possibility of merging these registers in to the DSP Block since the DSP block registers only possess synchronous reset capability.  It is suggested to recode or change these registers to remove the reset or use a synchronous reset to get the best optimization for performance, power and area.
Related violations: <none>

DPIR-1#57 Warning
Asynchronous driver check  
DSP swervolf/rvtop/veer/exu/i_mul/prod_x0__0 input pin swervolf/rvtop/veer/exu/i_mul/prod_x0__0/A[29] is connected to registers with an asynchronous reset. This is preventing the possibility of merging these registers in to the DSP Block since the DSP block registers only possess synchronous reset capability.  It is suggested to recode or change these registers to remove the reset or use a synchronous reset to get the best optimization for performance, power and area.
Related violations: <none>

DPIR-1#58 Warning
Asynchronous driver check  
DSP swervolf/rvtop/veer/exu/i_mul/prod_x0__0 input pin swervolf/rvtop/veer/exu/i_mul/prod_x0__0/A[2] is connected to registers with an asynchronous reset. This is preventing the possibility of merging these registers in to the DSP Block since the DSP block registers only possess synchronous reset capability.  It is suggested to recode or change these registers to remove the reset or use a synchronous reset to get the best optimization for performance, power and area.
Related violations: <none>

DPIR-1#59 Warning
Asynchronous driver check  
DSP swervolf/rvtop/veer/exu/i_mul/prod_x0__0 input pin swervolf/rvtop/veer/exu/i_mul/prod_x0__0/A[3] is connected to registers with an asynchronous reset. This is preventing the possibility of merging these registers in to the DSP Block since the DSP block registers only possess synchronous reset capability.  It is suggested to recode or change these registers to remove the reset or use a synchronous reset to get the best optimization for performance, power and area.
Related violations: <none>

DPIR-1#60 Warning
Asynchronous driver check  
DSP swervolf/rvtop/veer/exu/i_mul/prod_x0__0 input pin swervolf/rvtop/veer/exu/i_mul/prod_x0__0/A[4] is connected to registers with an asynchronous reset. This is preventing the possibility of merging these registers in to the DSP Block since the DSP block registers only possess synchronous reset capability.  It is suggested to recode or change these registers to remove the reset or use a synchronous reset to get the best optimization for performance, power and area.
Related violations: <none>

DPIR-1#61 Warning
Asynchronous driver check  
DSP swervolf/rvtop/veer/exu/i_mul/prod_x0__0 input pin swervolf/rvtop/veer/exu/i_mul/prod_x0__0/A[5] is connected to registers with an asynchronous reset. This is preventing the possibility of merging these registers in to the DSP Block since the DSP block registers only possess synchronous reset capability.  It is suggested to recode or change these registers to remove the reset or use a synchronous reset to get the best optimization for performance, power and area.
Related violations: <none>

DPIR-1#62 Warning
Asynchronous driver check  
DSP swervolf/rvtop/veer/exu/i_mul/prod_x0__0 input pin swervolf/rvtop/veer/exu/i_mul/prod_x0__0/A[6] is connected to registers with an asynchronous reset. This is preventing the possibility of merging these registers in to the DSP Block since the DSP block registers only possess synchronous reset capability.  It is suggested to recode or change these registers to remove the reset or use a synchronous reset to get the best optimization for performance, power and area.
Related violations: <none>

DPIR-1#63 Warning
Asynchronous driver check  
DSP swervolf/rvtop/veer/exu/i_mul/prod_x0__0 input pin swervolf/rvtop/veer/exu/i_mul/prod_x0__0/A[7] is connected to registers with an asynchronous reset. This is preventing the possibility of merging these registers in to the DSP Block since the DSP block registers only possess synchronous reset capability.  It is suggested to recode or change these registers to remove the reset or use a synchronous reset to get the best optimization for performance, power and area.
Related violations: <none>

DPIR-1#64 Warning
Asynchronous driver check  
DSP swervolf/rvtop/veer/exu/i_mul/prod_x0__0 input pin swervolf/rvtop/veer/exu/i_mul/prod_x0__0/A[8] is connected to registers with an asynchronous reset. This is preventing the possibility of merging these registers in to the DSP Block since the DSP block registers only possess synchronous reset capability.  It is suggested to recode or change these registers to remove the reset or use a synchronous reset to get the best optimization for performance, power and area.
Related violations: <none>

DPIR-1#65 Warning
Asynchronous driver check  
DSP swervolf/rvtop/veer/exu/i_mul/prod_x0__0 input pin swervolf/rvtop/veer/exu/i_mul/prod_x0__0/A[9] is connected to registers with an asynchronous reset. This is preventing the possibility of merging these registers in to the DSP Block since the DSP block registers only possess synchronous reset capability.  It is suggested to recode or change these registers to remove the reset or use a synchronous reset to get the best optimization for performance, power and area.
Related violations: <none>

DPIR-1#66 Warning
Asynchronous driver check  
DSP swervolf/rvtop/veer/exu/i_mul/prod_x0__0 input pin swervolf/rvtop/veer/exu/i_mul/prod_x0__0/B[0] is connected to registers with an asynchronous reset. This is preventing the possibility of merging these registers in to the DSP Block since the DSP block registers only possess synchronous reset capability.  It is suggested to recode or change these registers to remove the reset or use a synchronous reset to get the best optimization for performance, power and area.
Related violations: <none>

DPIR-1#67 Warning
Asynchronous driver check  
DSP swervolf/rvtop/veer/exu/i_mul/prod_x0__0 input pin swervolf/rvtop/veer/exu/i_mul/prod_x0__0/B[10] is connected to registers with an asynchronous reset. This is preventing the possibility of merging these registers in to the DSP Block since the DSP block registers only possess synchronous reset capability.  It is suggested to recode or change these registers to remove the reset or use a synchronous reset to get the best optimization for performance, power and area.
Related violations: <none>

DPIR-1#68 Warning
Asynchronous driver check  
DSP swervolf/rvtop/veer/exu/i_mul/prod_x0__0 input pin swervolf/rvtop/veer/exu/i_mul/prod_x0__0/B[11] is connected to registers with an asynchronous reset. This is preventing the possibility of merging these registers in to the DSP Block since the DSP block registers only possess synchronous reset capability.  It is suggested to recode or change these registers to remove the reset or use a synchronous reset to get the best optimization for performance, power and area.
Related violations: <none>

DPIR-1#69 Warning
Asynchronous driver check  
DSP swervolf/rvtop/veer/exu/i_mul/prod_x0__0 input pin swervolf/rvtop/veer/exu/i_mul/prod_x0__0/B[12] is connected to registers with an asynchronous reset. This is preventing the possibility of merging these registers in to the DSP Block since the DSP block registers only possess synchronous reset capability.  It is suggested to recode or change these registers to remove the reset or use a synchronous reset to get the best optimization for performance, power and area.
Related violations: <none>

DPIR-1#70 Warning
Asynchronous driver check  
DSP swervolf/rvtop/veer/exu/i_mul/prod_x0__0 input pin swervolf/rvtop/veer/exu/i_mul/prod_x0__0/B[13] is connected to registers with an asynchronous reset. This is preventing the possibility of merging these registers in to the DSP Block since the DSP block registers only possess synchronous reset capability.  It is suggested to recode or change these registers to remove the reset or use a synchronous reset to get the best optimization for performance, power and area.
Related violations: <none>

DPIR-1#71 Warning
Asynchronous driver check  
DSP swervolf/rvtop/veer/exu/i_mul/prod_x0__0 input pin swervolf/rvtop/veer/exu/i_mul/prod_x0__0/B[14] is connected to registers with an asynchronous reset. This is preventing the possibility of merging these registers in to the DSP Block since the DSP block registers only possess synchronous reset capability.  It is suggested to recode or change these registers to remove the reset or use a synchronous reset to get the best optimization for performance, power and area.
Related violations: <none>

DPIR-1#72 Warning
Asynchronous driver check  
DSP swervolf/rvtop/veer/exu/i_mul/prod_x0__0 input pin swervolf/rvtop/veer/exu/i_mul/prod_x0__0/B[15] is connected to registers with an asynchronous reset. This is preventing the possibility of merging these registers in to the DSP Block since the DSP block registers only possess synchronous reset capability.  It is suggested to recode or change these registers to remove the reset or use a synchronous reset to get the best optimization for performance, power and area.
Related violations: <none>

DPIR-1#73 Warning
Asynchronous driver check  
DSP swervolf/rvtop/veer/exu/i_mul/prod_x0__0 input pin swervolf/rvtop/veer/exu/i_mul/prod_x0__0/B[16] is connected to registers with an asynchronous reset. This is preventing the possibility of merging these registers in to the DSP Block since the DSP block registers only possess synchronous reset capability.  It is suggested to recode or change these registers to remove the reset or use a synchronous reset to get the best optimization for performance, power and area.
Related violations: <none>

DPIR-1#74 Warning
Asynchronous driver check  
DSP swervolf/rvtop/veer/exu/i_mul/prod_x0__0 input pin swervolf/rvtop/veer/exu/i_mul/prod_x0__0/B[17] is connected to registers with an asynchronous reset. This is preventing the possibility of merging these registers in to the DSP Block since the DSP block registers only possess synchronous reset capability.  It is suggested to recode or change these registers to remove the reset or use a synchronous reset to get the best optimization for performance, power and area.
Related violations: <none>

DPIR-1#75 Warning
Asynchronous driver check  
DSP swervolf/rvtop/veer/exu/i_mul/prod_x0__0 input pin swervolf/rvtop/veer/exu/i_mul/prod_x0__0/B[1] is connected to registers with an asynchronous reset. This is preventing the possibility of merging these registers in to the DSP Block since the DSP block registers only possess synchronous reset capability.  It is suggested to recode or change these registers to remove the reset or use a synchronous reset to get the best optimization for performance, power and area.
Related violations: <none>

DPIR-1#76 Warning
Asynchronous driver check  
DSP swervolf/rvtop/veer/exu/i_mul/prod_x0__0 input pin swervolf/rvtop/veer/exu/i_mul/prod_x0__0/B[2] is connected to registers with an asynchronous reset. This is preventing the possibility of merging these registers in to the DSP Block since the DSP block registers only possess synchronous reset capability.  It is suggested to recode or change these registers to remove the reset or use a synchronous reset to get the best optimization for performance, power and area.
Related violations: <none>

DPIR-1#77 Warning
Asynchronous driver check  
DSP swervolf/rvtop/veer/exu/i_mul/prod_x0__0 input pin swervolf/rvtop/veer/exu/i_mul/prod_x0__0/B[3] is connected to registers with an asynchronous reset. This is preventing the possibility of merging these registers in to the DSP Block since the DSP block registers only possess synchronous reset capability.  It is suggested to recode or change these registers to remove the reset or use a synchronous reset to get the best optimization for performance, power and area.
Related violations: <none>

DPIR-1#78 Warning
Asynchronous driver check  
DSP swervolf/rvtop/veer/exu/i_mul/prod_x0__0 input pin swervolf/rvtop/veer/exu/i_mul/prod_x0__0/B[4] is connected to registers with an asynchronous reset. This is preventing the possibility of merging these registers in to the DSP Block since the DSP block registers only possess synchronous reset capability.  It is suggested to recode or change these registers to remove the reset or use a synchronous reset to get the best optimization for performance, power and area.
Related violations: <none>

DPIR-1#79 Warning
Asynchronous driver check  
DSP swervolf/rvtop/veer/exu/i_mul/prod_x0__0 input pin swervolf/rvtop/veer/exu/i_mul/prod_x0__0/B[5] is connected to registers with an asynchronous reset. This is preventing the possibility of merging these registers in to the DSP Block since the DSP block registers only possess synchronous reset capability.  It is suggested to recode or change these registers to remove the reset or use a synchronous reset to get the best optimization for performance, power and area.
Related violations: <none>

DPIR-1#80 Warning
Asynchronous driver check  
DSP swervolf/rvtop/veer/exu/i_mul/prod_x0__0 input pin swervolf/rvtop/veer/exu/i_mul/prod_x0__0/B[6] is connected to registers with an asynchronous reset. This is preventing the possibility of merging these registers in to the DSP Block since the DSP block registers only possess synchronous reset capability.  It is suggested to recode or change these registers to remove the reset or use a synchronous reset to get the best optimization for performance, power and area.
Related violations: <none>

DPIR-1#81 Warning
Asynchronous driver check  
DSP swervolf/rvtop/veer/exu/i_mul/prod_x0__0 input pin swervolf/rvtop/veer/exu/i_mul/prod_x0__0/B[7] is connected to registers with an asynchronous reset. This is preventing the possibility of merging these registers in to the DSP Block since the DSP block registers only possess synchronous reset capability.  It is suggested to recode or change these registers to remove the reset or use a synchronous reset to get the best optimization for performance, power and area.
Related violations: <none>

DPIR-1#82 Warning
Asynchronous driver check  
DSP swervolf/rvtop/veer/exu/i_mul/prod_x0__0 input pin swervolf/rvtop/veer/exu/i_mul/prod_x0__0/B[8] is connected to registers with an asynchronous reset. This is preventing the possibility of merging these registers in to the DSP Block since the DSP block registers only possess synchronous reset capability.  It is suggested to recode or change these registers to remove the reset or use a synchronous reset to get the best optimization for performance, power and area.
Related violations: <none>

DPIR-1#83 Warning
Asynchronous driver check  
DSP swervolf/rvtop/veer/exu/i_mul/prod_x0__0 input pin swervolf/rvtop/veer/exu/i_mul/prod_x0__0/B[9] is connected to registers with an asynchronous reset. This is preventing the possibility of merging these registers in to the DSP Block since the DSP block registers only possess synchronous reset capability.  It is suggested to recode or change these registers to remove the reset or use a synchronous reset to get the best optimization for performance, power and area.
Related violations: <none>

DPIR-1#84 Warning
Asynchronous driver check  
DSP swervolf/rvtop/veer/exu/i_mul/prod_x0__1 input pin swervolf/rvtop/veer/exu/i_mul/prod_x0__1/A[0] is connected to registers with an asynchronous reset. This is preventing the possibility of merging these registers in to the DSP Block since the DSP block registers only possess synchronous reset capability.  It is suggested to recode or change these registers to remove the reset or use a synchronous reset to get the best optimization for performance, power and area.
Related violations: <none>

DPIR-1#85 Warning
Asynchronous driver check  
DSP swervolf/rvtop/veer/exu/i_mul/prod_x0__1 input pin swervolf/rvtop/veer/exu/i_mul/prod_x0__1/A[10] is connected to registers with an asynchronous reset. This is preventing the possibility of merging these registers in to the DSP Block since the DSP block registers only possess synchronous reset capability.  It is suggested to recode or change these registers to remove the reset or use a synchronous reset to get the best optimization for performance, power and area.
Related violations: <none>

DPIR-1#86 Warning
Asynchronous driver check  
DSP swervolf/rvtop/veer/exu/i_mul/prod_x0__1 input pin swervolf/rvtop/veer/exu/i_mul/prod_x0__1/A[11] is connected to registers with an asynchronous reset. This is preventing the possibility of merging these registers in to the DSP Block since the DSP block registers only possess synchronous reset capability.  It is suggested to recode or change these registers to remove the reset or use a synchronous reset to get the best optimization for performance, power and area.
Related violations: <none>

DPIR-1#87 Warning
Asynchronous driver check  
DSP swervolf/rvtop/veer/exu/i_mul/prod_x0__1 input pin swervolf/rvtop/veer/exu/i_mul/prod_x0__1/A[12] is connected to registers with an asynchronous reset. This is preventing the possibility of merging these registers in to the DSP Block since the DSP block registers only possess synchronous reset capability.  It is suggested to recode or change these registers to remove the reset or use a synchronous reset to get the best optimization for performance, power and area.
Related violations: <none>

DPIR-1#88 Warning
Asynchronous driver check  
DSP swervolf/rvtop/veer/exu/i_mul/prod_x0__1 input pin swervolf/rvtop/veer/exu/i_mul/prod_x0__1/A[13] is connected to registers with an asynchronous reset. This is preventing the possibility of merging these registers in to the DSP Block since the DSP block registers only possess synchronous reset capability.  It is suggested to recode or change these registers to remove the reset or use a synchronous reset to get the best optimization for performance, power and area.
Related violations: <none>

DPIR-1#89 Warning
Asynchronous driver check  
DSP swervolf/rvtop/veer/exu/i_mul/prod_x0__1 input pin swervolf/rvtop/veer/exu/i_mul/prod_x0__1/A[14] is connected to registers with an asynchronous reset. This is preventing the possibility of merging these registers in to the DSP Block since the DSP block registers only possess synchronous reset capability.  It is suggested to recode or change these registers to remove the reset or use a synchronous reset to get the best optimization for performance, power and area.
Related violations: <none>

DPIR-1#90 Warning
Asynchronous driver check  
DSP swervolf/rvtop/veer/exu/i_mul/prod_x0__1 input pin swervolf/rvtop/veer/exu/i_mul/prod_x0__1/A[15] is connected to registers with an asynchronous reset. This is preventing the possibility of merging these registers in to the DSP Block since the DSP block registers only possess synchronous reset capability.  It is suggested to recode or change these registers to remove the reset or use a synchronous reset to get the best optimization for performance, power and area.
Related violations: <none>

DPIR-1#91 Warning
Asynchronous driver check  
DSP swervolf/rvtop/veer/exu/i_mul/prod_x0__1 input pin swervolf/rvtop/veer/exu/i_mul/prod_x0__1/A[16] is connected to registers with an asynchronous reset. This is preventing the possibility of merging these registers in to the DSP Block since the DSP block registers only possess synchronous reset capability.  It is suggested to recode or change these registers to remove the reset or use a synchronous reset to get the best optimization for performance, power and area.
Related violations: <none>

DPIR-1#92 Warning
Asynchronous driver check  
DSP swervolf/rvtop/veer/exu/i_mul/prod_x0__1 input pin swervolf/rvtop/veer/exu/i_mul/prod_x0__1/A[1] is connected to registers with an asynchronous reset. This is preventing the possibility of merging these registers in to the DSP Block since the DSP block registers only possess synchronous reset capability.  It is suggested to recode or change these registers to remove the reset or use a synchronous reset to get the best optimization for performance, power and area.
Related violations: <none>

DPIR-1#93 Warning
Asynchronous driver check  
DSP swervolf/rvtop/veer/exu/i_mul/prod_x0__1 input pin swervolf/rvtop/veer/exu/i_mul/prod_x0__1/A[2] is connected to registers with an asynchronous reset. This is preventing the possibility of merging these registers in to the DSP Block since the DSP block registers only possess synchronous reset capability.  It is suggested to recode or change these registers to remove the reset or use a synchronous reset to get the best optimization for performance, power and area.
Related violations: <none>

DPIR-1#94 Warning
Asynchronous driver check  
DSP swervolf/rvtop/veer/exu/i_mul/prod_x0__1 input pin swervolf/rvtop/veer/exu/i_mul/prod_x0__1/A[3] is connected to registers with an asynchronous reset. This is preventing the possibility of merging these registers in to the DSP Block since the DSP block registers only possess synchronous reset capability.  It is suggested to recode or change these registers to remove the reset or use a synchronous reset to get the best optimization for performance, power and area.
Related violations: <none>

DPIR-1#95 Warning
Asynchronous driver check  
DSP swervolf/rvtop/veer/exu/i_mul/prod_x0__1 input pin swervolf/rvtop/veer/exu/i_mul/prod_x0__1/A[4] is connected to registers with an asynchronous reset. This is preventing the possibility of merging these registers in to the DSP Block since the DSP block registers only possess synchronous reset capability.  It is suggested to recode or change these registers to remove the reset or use a synchronous reset to get the best optimization for performance, power and area.
Related violations: <none>

DPIR-1#96 Warning
Asynchronous driver check  
DSP swervolf/rvtop/veer/exu/i_mul/prod_x0__1 input pin swervolf/rvtop/veer/exu/i_mul/prod_x0__1/A[5] is connected to registers with an asynchronous reset. This is preventing the possibility of merging these registers in to the DSP Block since the DSP block registers only possess synchronous reset capability.  It is suggested to recode or change these registers to remove the reset or use a synchronous reset to get the best optimization for performance, power and area.
Related violations: <none>

DPIR-1#97 Warning
Asynchronous driver check  
DSP swervolf/rvtop/veer/exu/i_mul/prod_x0__1 input pin swervolf/rvtop/veer/exu/i_mul/prod_x0__1/A[6] is connected to registers with an asynchronous reset. This is preventing the possibility of merging these registers in to the DSP Block since the DSP block registers only possess synchronous reset capability.  It is suggested to recode or change these registers to remove the reset or use a synchronous reset to get the best optimization for performance, power and area.
Related violations: <none>

DPIR-1#98 Warning
Asynchronous driver check  
DSP swervolf/rvtop/veer/exu/i_mul/prod_x0__1 input pin swervolf/rvtop/veer/exu/i_mul/prod_x0__1/A[7] is connected to registers with an asynchronous reset. This is preventing the possibility of merging these registers in to the DSP Block since the DSP block registers only possess synchronous reset capability.  It is suggested to recode or change these registers to remove the reset or use a synchronous reset to get the best optimization for performance, power and area.
Related violations: <none>

DPIR-1#99 Warning
Asynchronous driver check  
DSP swervolf/rvtop/veer/exu/i_mul/prod_x0__1 input pin swervolf/rvtop/veer/exu/i_mul/prod_x0__1/A[8] is connected to registers with an asynchronous reset. This is preventing the possibility of merging these registers in to the DSP Block since the DSP block registers only possess synchronous reset capability.  It is suggested to recode or change these registers to remove the reset or use a synchronous reset to get the best optimization for performance, power and area.
Related violations: <none>

DPIR-1#100 Warning
Asynchronous driver check  
DSP swervolf/rvtop/veer/exu/i_mul/prod_x0__1 input pin swervolf/rvtop/veer/exu/i_mul/prod_x0__1/A[9] is connected to registers with an asynchronous reset. This is preventing the possibility of merging these registers in to the DSP Block since the DSP block registers only possess synchronous reset capability.  It is suggested to recode or change these registers to remove the reset or use a synchronous reset to get the best optimization for performance, power and area.
Related violations: <none>

DPIR-1#101 Warning
Asynchronous driver check  
DSP swervolf/rvtop/veer/exu/i_mul/prod_x0__1 input pin swervolf/rvtop/veer/exu/i_mul/prod_x0__1/B[0] is connected to registers with an asynchronous reset. This is preventing the possibility of merging these registers in to the DSP Block since the DSP block registers only possess synchronous reset capability.  It is suggested to recode or change these registers to remove the reset or use a synchronous reset to get the best optimization for performance, power and area.
Related violations: <none>

DPIR-1#102 Warning
Asynchronous driver check  
DSP swervolf/rvtop/veer/exu/i_mul/prod_x0__1 input pin swervolf/rvtop/veer/exu/i_mul/prod_x0__1/B[10] is connected to registers with an asynchronous reset. This is preventing the possibility of merging these registers in to the DSP Block since the DSP block registers only possess synchronous reset capability.  It is suggested to recode or change these registers to remove the reset or use a synchronous reset to get the best optimization for performance, power and area.
Related violations: <none>

DPIR-1#103 Warning
Asynchronous driver check  
DSP swervolf/rvtop/veer/exu/i_mul/prod_x0__1 input pin swervolf/rvtop/veer/exu/i_mul/prod_x0__1/B[11] is connected to registers with an asynchronous reset. This is preventing the possibility of merging these registers in to the DSP Block since the DSP block registers only possess synchronous reset capability.  It is suggested to recode or change these registers to remove the reset or use a synchronous reset to get the best optimization for performance, power and area.
Related violations: <none>

DPIR-1#104 Warning
Asynchronous driver check  
DSP swervolf/rvtop/veer/exu/i_mul/prod_x0__1 input pin swervolf/rvtop/veer/exu/i_mul/prod_x0__1/B[12] is connected to registers with an asynchronous reset. This is preventing the possibility of merging these registers in to the DSP Block since the DSP block registers only possess synchronous reset capability.  It is suggested to recode or change these registers to remove the reset or use a synchronous reset to get the best optimization for performance, power and area.
Related violations: <none>

DPIR-1#105 Warning
Asynchronous driver check  
DSP swervolf/rvtop/veer/exu/i_mul/prod_x0__1 input pin swervolf/rvtop/veer/exu/i_mul/prod_x0__1/B[13] is connected to registers with an asynchronous reset. This is preventing the possibility of merging these registers in to the DSP Block since the DSP block registers only possess synchronous reset capability.  It is suggested to recode or change these registers to remove the reset or use a synchronous reset to get the best optimization for performance, power and area.
Related violations: <none>

DPIR-1#106 Warning
Asynchronous driver check  
DSP swervolf/rvtop/veer/exu/i_mul/prod_x0__1 input pin swervolf/rvtop/veer/exu/i_mul/prod_x0__1/B[14] is connected to registers with an asynchronous reset. This is preventing the possibility of merging these registers in to the DSP Block since the DSP block registers only possess synchronous reset capability.  It is suggested to recode or change these registers to remove the reset or use a synchronous reset to get the best optimization for performance, power and area.
Related violations: <none>

DPIR-1#107 Warning
Asynchronous driver check  
DSP swervolf/rvtop/veer/exu/i_mul/prod_x0__1 input pin swervolf/rvtop/veer/exu/i_mul/prod_x0__1/B[15] is connected to registers with an asynchronous reset. This is preventing the possibility of merging these registers in to the DSP Block since the DSP block registers only possess synchronous reset capability.  It is suggested to recode or change these registers to remove the reset or use a synchronous reset to get the best optimization for performance, power and area.
Related violations: <none>

DPIR-1#108 Warning
Asynchronous driver check  
DSP swervolf/rvtop/veer/exu/i_mul/prod_x0__1 input pin swervolf/rvtop/veer/exu/i_mul/prod_x0__1/B[16] is connected to registers with an asynchronous reset. This is preventing the possibility of merging these registers in to the DSP Block since the DSP block registers only possess synchronous reset capability.  It is suggested to recode or change these registers to remove the reset or use a synchronous reset to get the best optimization for performance, power and area.
Related violations: <none>

DPIR-1#109 Warning
Asynchronous driver check  
DSP swervolf/rvtop/veer/exu/i_mul/prod_x0__1 input pin swervolf/rvtop/veer/exu/i_mul/prod_x0__1/B[1] is connected to registers with an asynchronous reset. This is preventing the possibility of merging these registers in to the DSP Block since the DSP block registers only possess synchronous reset capability.  It is suggested to recode or change these registers to remove the reset or use a synchronous reset to get the best optimization for performance, power and area.
Related violations: <none>

DPIR-1#110 Warning
Asynchronous driver check  
DSP swervolf/rvtop/veer/exu/i_mul/prod_x0__1 input pin swervolf/rvtop/veer/exu/i_mul/prod_x0__1/B[2] is connected to registers with an asynchronous reset. This is preventing the possibility of merging these registers in to the DSP Block since the DSP block registers only possess synchronous reset capability.  It is suggested to recode or change these registers to remove the reset or use a synchronous reset to get the best optimization for performance, power and area.
Related violations: <none>

DPIR-1#111 Warning
Asynchronous driver check  
DSP swervolf/rvtop/veer/exu/i_mul/prod_x0__1 input pin swervolf/rvtop/veer/exu/i_mul/prod_x0__1/B[3] is connected to registers with an asynchronous reset. This is preventing the possibility of merging these registers in to the DSP Block since the DSP block registers only possess synchronous reset capability.  It is suggested to recode or change these registers to remove the reset or use a synchronous reset to get the best optimization for performance, power and area.
Related violations: <none>

DPIR-1#112 Warning
Asynchronous driver check  
DSP swervolf/rvtop/veer/exu/i_mul/prod_x0__1 input pin swervolf/rvtop/veer/exu/i_mul/prod_x0__1/B[4] is connected to registers with an asynchronous reset. This is preventing the possibility of merging these registers in to the DSP Block since the DSP block registers only possess synchronous reset capability.  It is suggested to recode or change these registers to remove the reset or use a synchronous reset to get the best optimization for performance, power and area.
Related violations: <none>

DPIR-1#113 Warning
Asynchronous driver check  
DSP swervolf/rvtop/veer/exu/i_mul/prod_x0__1 input pin swervolf/rvtop/veer/exu/i_mul/prod_x0__1/B[5] is connected to registers with an asynchronous reset. This is preventing the possibility of merging these registers in to the DSP Block since the DSP block registers only possess synchronous reset capability.  It is suggested to recode or change these registers to remove the reset or use a synchronous reset to get the best optimization for performance, power and area.
Related violations: <none>

DPIR-1#114 Warning
Asynchronous driver check  
DSP swervolf/rvtop/veer/exu/i_mul/prod_x0__1 input pin swervolf/rvtop/veer/exu/i_mul/prod_x0__1/B[6] is connected to registers with an asynchronous reset. This is preventing the possibility of merging these registers in to the DSP Block since the DSP block registers only possess synchronous reset capability.  It is suggested to recode or change these registers to remove the reset or use a synchronous reset to get the best optimization for performance, power and area.
Related violations: <none>

DPIR-1#115 Warning
Asynchronous driver check  
DSP swervolf/rvtop/veer/exu/i_mul/prod_x0__1 input pin swervolf/rvtop/veer/exu/i_mul/prod_x0__1/B[7] is connected to registers with an asynchronous reset. This is preventing the possibility of merging these registers in to the DSP Block since the DSP block registers only possess synchronous reset capability.  It is suggested to recode or change these registers to remove the reset or use a synchronous reset to get the best optimization for performance, power and area.
Related violations: <none>

DPIR-1#116 Warning
Asynchronous driver check  
DSP swervolf/rvtop/veer/exu/i_mul/prod_x0__1 input pin swervolf/rvtop/veer/exu/i_mul/prod_x0__1/B[8] is connected to registers with an asynchronous reset. This is preventing the possibility of merging these registers in to the DSP Block since the DSP block registers only possess synchronous reset capability.  It is suggested to recode or change these registers to remove the reset or use a synchronous reset to get the best optimization for performance, power and area.
Related violations: <none>

DPIR-1#117 Warning
Asynchronous driver check  
DSP swervolf/rvtop/veer/exu/i_mul/prod_x0__1 input pin swervolf/rvtop/veer/exu/i_mul/prod_x0__1/B[9] is connected to registers with an asynchronous reset. This is preventing the possibility of merging these registers in to the DSP Block since the DSP block registers only possess synchronous reset capability.  It is suggested to recode or change these registers to remove the reset or use a synchronous reset to get the best optimization for performance, power and area.
Related violations: <none>

DPIR-1#118 Warning
Asynchronous driver check  
DSP swervolf/rvtop/veer/exu/i_mul/prod_x0__2 input pin swervolf/rvtop/veer/exu/i_mul/prod_x0__2/B[0] is connected to registers with an asynchronous reset. This is preventing the possibility of merging these registers in to the DSP Block since the DSP block registers only possess synchronous reset capability.  It is suggested to recode or change these registers to remove the reset or use a synchronous reset to get the best optimization for performance, power and area.
Related violations: <none>

DPIR-1#119 Warning
Asynchronous driver check  
DSP swervolf/rvtop/veer/exu/i_mul/prod_x0__2 input pin swervolf/rvtop/veer/exu/i_mul/prod_x0__2/B[10] is connected to registers with an asynchronous reset. This is preventing the possibility of merging these registers in to the DSP Block since the DSP block registers only possess synchronous reset capability.  It is suggested to recode or change these registers to remove the reset or use a synchronous reset to get the best optimization for performance, power and area.
Related violations: <none>

DPIR-1#120 Warning
Asynchronous driver check  
DSP swervolf/rvtop/veer/exu/i_mul/prod_x0__2 input pin swervolf/rvtop/veer/exu/i_mul/prod_x0__2/B[11] is connected to registers with an asynchronous reset. This is preventing the possibility of merging these registers in to the DSP Block since the DSP block registers only possess synchronous reset capability.  It is suggested to recode or change these registers to remove the reset or use a synchronous reset to get the best optimization for performance, power and area.
Related violations: <none>

DPIR-1#121 Warning
Asynchronous driver check  
DSP swervolf/rvtop/veer/exu/i_mul/prod_x0__2 input pin swervolf/rvtop/veer/exu/i_mul/prod_x0__2/B[12] is connected to registers with an asynchronous reset. This is preventing the possibility of merging these registers in to the DSP Block since the DSP block registers only possess synchronous reset capability.  It is suggested to recode or change these registers to remove the reset or use a synchronous reset to get the best optimization for performance, power and area.
Related violations: <none>

DPIR-1#122 Warning
Asynchronous driver check  
DSP swervolf/rvtop/veer/exu/i_mul/prod_x0__2 input pin swervolf/rvtop/veer/exu/i_mul/prod_x0__2/B[13] is connected to registers with an asynchronous reset. This is preventing the possibility of merging these registers in to the DSP Block since the DSP block registers only possess synchronous reset capability.  It is suggested to recode or change these registers to remove the reset or use a synchronous reset to get the best optimization for performance, power and area.
Related violations: <none>

DPIR-1#123 Warning
Asynchronous driver check  
DSP swervolf/rvtop/veer/exu/i_mul/prod_x0__2 input pin swervolf/rvtop/veer/exu/i_mul/prod_x0__2/B[14] is connected to registers with an asynchronous reset. This is preventing the possibility of merging these registers in to the DSP Block since the DSP block registers only possess synchronous reset capability.  It is suggested to recode or change these registers to remove the reset or use a synchronous reset to get the best optimization for performance, power and area.
Related violations: <none>

DPIR-1#124 Warning
Asynchronous driver check  
DSP swervolf/rvtop/veer/exu/i_mul/prod_x0__2 input pin swervolf/rvtop/veer/exu/i_mul/prod_x0__2/B[15] is connected to registers with an asynchronous reset. This is preventing the possibility of merging these registers in to the DSP Block since the DSP block registers only possess synchronous reset capability.  It is suggested to recode or change these registers to remove the reset or use a synchronous reset to get the best optimization for performance, power and area.
Related violations: <none>

DPIR-1#125 Warning
Asynchronous driver check  
DSP swervolf/rvtop/veer/exu/i_mul/prod_x0__2 input pin swervolf/rvtop/veer/exu/i_mul/prod_x0__2/B[16] is connected to registers with an asynchronous reset. This is preventing the possibility of merging these registers in to the DSP Block since the DSP block registers only possess synchronous reset capability.  It is suggested to recode or change these registers to remove the reset or use a synchronous reset to get the best optimization for performance, power and area.
Related violations: <none>

DPIR-1#126 Warning
Asynchronous driver check  
DSP swervolf/rvtop/veer/exu/i_mul/prod_x0__2 input pin swervolf/rvtop/veer/exu/i_mul/prod_x0__2/B[17] is connected to registers with an asynchronous reset. This is preventing the possibility of merging these registers in to the DSP Block since the DSP block registers only possess synchronous reset capability.  It is suggested to recode or change these registers to remove the reset or use a synchronous reset to get the best optimization for performance, power and area.
Related violations: <none>

DPIR-1#127 Warning
Asynchronous driver check  
DSP swervolf/rvtop/veer/exu/i_mul/prod_x0__2 input pin swervolf/rvtop/veer/exu/i_mul/prod_x0__2/B[1] is connected to registers with an asynchronous reset. This is preventing the possibility of merging these registers in to the DSP Block since the DSP block registers only possess synchronous reset capability.  It is suggested to recode or change these registers to remove the reset or use a synchronous reset to get the best optimization for performance, power and area.
Related violations: <none>

DPIR-1#128 Warning
Asynchronous driver check  
DSP swervolf/rvtop/veer/exu/i_mul/prod_x0__2 input pin swervolf/rvtop/veer/exu/i_mul/prod_x0__2/B[2] is connected to registers with an asynchronous reset. This is preventing the possibility of merging these registers in to the DSP Block since the DSP block registers only possess synchronous reset capability.  It is suggested to recode or change these registers to remove the reset or use a synchronous reset to get the best optimization for performance, power and area.
Related violations: <none>

DPIR-1#129 Warning
Asynchronous driver check  
DSP swervolf/rvtop/veer/exu/i_mul/prod_x0__2 input pin swervolf/rvtop/veer/exu/i_mul/prod_x0__2/B[3] is connected to registers with an asynchronous reset. This is preventing the possibility of merging these registers in to the DSP Block since the DSP block registers only possess synchronous reset capability.  It is suggested to recode or change these registers to remove the reset or use a synchronous reset to get the best optimization for performance, power and area.
Related violations: <none>

DPIR-1#130 Warning
Asynchronous driver check  
DSP swervolf/rvtop/veer/exu/i_mul/prod_x0__2 input pin swervolf/rvtop/veer/exu/i_mul/prod_x0__2/B[4] is connected to registers with an asynchronous reset. This is preventing the possibility of merging these registers in to the DSP Block since the DSP block registers only possess synchronous reset capability.  It is suggested to recode or change these registers to remove the reset or use a synchronous reset to get the best optimization for performance, power and area.
Related violations: <none>

DPIR-1#131 Warning
Asynchronous driver check  
DSP swervolf/rvtop/veer/exu/i_mul/prod_x0__2 input pin swervolf/rvtop/veer/exu/i_mul/prod_x0__2/B[5] is connected to registers with an asynchronous reset. This is preventing the possibility of merging these registers in to the DSP Block since the DSP block registers only possess synchronous reset capability.  It is suggested to recode or change these registers to remove the reset or use a synchronous reset to get the best optimization for performance, power and area.
Related violations: <none>

DPIR-1#132 Warning
Asynchronous driver check  
DSP swervolf/rvtop/veer/exu/i_mul/prod_x0__2 input pin swervolf/rvtop/veer/exu/i_mul/prod_x0__2/B[6] is connected to registers with an asynchronous reset. This is preventing the possibility of merging these registers in to the DSP Block since the DSP block registers only possess synchronous reset capability.  It is suggested to recode or change these registers to remove the reset or use a synchronous reset to get the best optimization for performance, power and area.
Related violations: <none>

DPIR-1#133 Warning
Asynchronous driver check  
DSP swervolf/rvtop/veer/exu/i_mul/prod_x0__2 input pin swervolf/rvtop/veer/exu/i_mul/prod_x0__2/B[7] is connected to registers with an asynchronous reset. This is preventing the possibility of merging these registers in to the DSP Block since the DSP block registers only possess synchronous reset capability.  It is suggested to recode or change these registers to remove the reset or use a synchronous reset to get the best optimization for performance, power and area.
Related violations: <none>

DPIR-1#134 Warning
Asynchronous driver check  
DSP swervolf/rvtop/veer/exu/i_mul/prod_x0__2 input pin swervolf/rvtop/veer/exu/i_mul/prod_x0__2/B[8] is connected to registers with an asynchronous reset. This is preventing the possibility of merging these registers in to the DSP Block since the DSP block registers only possess synchronous reset capability.  It is suggested to recode or change these registers to remove the reset or use a synchronous reset to get the best optimization for performance, power and area.
Related violations: <none>

DPIR-1#135 Warning
Asynchronous driver check  
DSP swervolf/rvtop/veer/exu/i_mul/prod_x0__2 input pin swervolf/rvtop/veer/exu/i_mul/prod_x0__2/B[9] is connected to registers with an asynchronous reset. This is preventing the possibility of merging these registers in to the DSP Block since the DSP block registers only possess synchronous reset capability.  It is suggested to recode or change these registers to remove the reset or use a synchronous reset to get the best optimization for performance, power and area.
Related violations: <none>

LUTAR-1#1 Warning
LUT drives async reset alert  
LUT cell clk_gen/FSM_onehot_state[23]_i_2, with 2 or more inputs, drives asynchronous preset/clear pin(s) swervolf/u_kalman/u_core/z_reg_reg[54]/CLR,
swervolf/u_kalman/u_core/z_reg_reg[55]/CLR,
swervolf/u_kalman/u_core/z_reg_reg[56]/CLR,
swervolf/u_kalman/u_core/z_reg_reg[57]/CLR,
swervolf/u_kalman/u_core/z_reg_reg[58]/CLR,
swervolf/u_kalman/u_core/z_reg_reg[59]/CLR,
swervolf/u_kalman/u_core/z_reg_reg[5]/CLR,
swervolf/u_kalman/u_core/z_reg_reg[60]/CLR,
swervolf/u_kalman/u_core/z_reg_reg[61]/CLR,
swervolf/u_kalman/u_core/z_reg_reg[62]/CLR,
swervolf/u_kalman/u_core/z_reg_reg[63]/CLR,
swervolf/u_kalman/u_core/z_reg_reg[6]/CLR,
swervolf/u_kalman/u_core/z_reg_reg[7]/CLR,
swervolf/u_kalman/u_core/z_reg_reg[8]/CLR,
swervolf/u_kalman/u_core/z_reg_reg[9]/CLR (the first 15 of 5971 listed). The LUT may glitch and trigger an unexpected reset, even if it is a properly timed path.
Related violations: <none>

LUTAR-1#2 Warning
LUT drives async reset alert  
LUT cell clk_gen/dout[0]_i_2__221, with 2 or more inputs, drives asynchronous preset/clear pin(s) swervolf/rvtop/veer/pic_ctrl_inst/SETREG[1].NON_ZERO_INT.gw_config_ff/genblock.dffs/dout_reg[1]/CLR,
swervolf/rvtop/veer/pic_ctrl_inst/SETREG[2].NON_ZERO_INT.gw_config_ff/genblock.dffs/dout_reg[0]/CLR,
swervolf/rvtop/veer/pic_ctrl_inst/SETREG[2].NON_ZERO_INT.gw_config_ff/genblock.dffs/dout_reg[1]/CLR,
swervolf/rvtop/veer/pic_ctrl_inst/SETREG[3].NON_ZERO_INT.gw_config_ff/genblock.dffs/dout_reg[0]/CLR,
swervolf/rvtop/veer/pic_ctrl_inst/SETREG[3].NON_ZERO_INT.gw_config_ff/genblock.dffs/dout_reg[1]/CLR,
swervolf/rvtop/veer/pic_ctrl_inst/SETREG[4].NON_ZERO_INT.gw_config_ff/genblock.dffs/dout_reg[0]/CLR,
swervolf/rvtop/veer/pic_ctrl_inst/SETREG[4].NON_ZERO_INT.gw_config_ff/genblock.dffs/dout_reg[1]/CLR,
swervolf/rvtop/veer/pic_ctrl_inst/SETREG[5].NON_ZERO_INT.gw_config_ff/genblock.dffs/dout_reg[0]/CLR,
swervolf/rvtop/veer/pic_ctrl_inst/SETREG[5].NON_ZERO_INT.gw_config_ff/genblock.dffs/dout_reg[1]/CLR,
swervolf/rvtop/veer/pic_ctrl_inst/SETREG[6].NON_ZERO_INT.gw_config_ff/genblock.dffs/dout_reg[0]/CLR,
swervolf/rvtop/veer/pic_ctrl_inst/SETREG[6].NON_ZERO_INT.gw_config_ff/genblock.dffs/dout_reg[1]/CLR,
swervolf/rvtop/veer/pic_ctrl_inst/SETREG[7].NON_ZERO_INT.gw_config_ff/genblock.dffs/dout_reg[0]/CLR,
swervolf/rvtop/veer/pic_ctrl_inst/SETREG[7].NON_ZERO_INT.gw_config_ff/genblock.dffs/dout_reg[1]/CLR,
swervolf/rvtop/veer/pic_ctrl_inst/SETREG[8].NON_ZERO_INT.gw_config_ff/genblock.dffs/dout_reg[0]/CLR,
swervolf/rvtop/veer/pic_ctrl_inst/SETREG[8].NON_ZERO_INT.gw_config_ff/genblock.dffs/dout_reg[1]/CLR
 (the first 15 of 1676 listed). The LUT may glitch and trigger an unexpected reset, even if it is a properly timed path.
Related violations: <none>

LUTAR-1#3 Warning
LUT drives async reset alert  
LUT cell clk_gen/dout[31]_i_2__95, with 2 or more inputs, drives asynchronous preset/clear pin(s) swervolf/rvtop/veer/ifu/mem_ctl/bus_cmd_beat_ff/genblock.dffs/genblock.dffs/dout_reg[0]/CLR,
swervolf/rvtop/veer/ifu/mem_ctl/bus_cmd_beat_ff/genblock.dffs/genblock.dffs/dout_reg[1]/CLR,
swervolf/rvtop/veer/ifu/mem_ctl/bus_cmd_beat_ff/genblock.dffs/genblock.dffs/dout_reg[2]/CLR,
swervolf/rvtop/veer/ifu/mem_ctl/icache_enabled.CLK_GRP_WAY_STATUS[6].WAY_STATUS[4].ic_way_status/genblock.dffs/genblock.dffs/dout_reg[0]/CLR,
swervolf/rvtop/veer/ifu/mem_ctl/icache_enabled.CLK_GRP_WAY_STATUS[6].WAY_STATUS[5].ic_way_status/genblock.dffs/genblock.dffs/dout_reg[0]/CLR,
swervolf/rvtop/veer/ifu/mem_ctl/icache_enabled.CLK_GRP_WAY_STATUS[6].WAY_STATUS[6].ic_way_status/genblock.dffs/genblock.dffs/dout_reg[0]/CLR,
swervolf/rvtop/veer/ifu/mem_ctl/icache_enabled.CLK_GRP_WAY_STATUS[6].WAY_STATUS[7].ic_way_status/genblock.dffs/genblock.dffs/dout_reg[0]/CLR,
swervolf/rvtop/veer/ifu/mem_ctl/icache_enabled.CLK_GRP_WAY_STATUS[7].WAY_STATUS[0].ic_way_status/genblock.dffs/genblock.dffs/dout_reg[0]/CLR,
swervolf/rvtop/veer/ifu/mem_ctl/icache_enabled.CLK_GRP_WAY_STATUS[7].WAY_STATUS[1].ic_way_status/genblock.dffs/genblock.dffs/dout_reg[0]/CLR,
swervolf/rvtop/veer/ifu/mem_ctl/icache_enabled.CLK_GRP_WAY_STATUS[7].WAY_STATUS[2].ic_way_status/genblock.dffs/genblock.dffs/dout_reg[0]/CLR,
swervolf/rvtop/veer/ifu/mem_ctl/icache_enabled.CLK_GRP_WAY_STATUS[7].WAY_STATUS[3].ic_way_status/genblock.dffs/genblock.dffs/dout_reg[0]/CLR,
swervolf/rvtop/veer/ifu/mem_ctl/icache_enabled.CLK_GRP_WAY_STATUS[7].WAY_STATUS[4].ic_way_status/genblock.dffs/genblock.dffs/dout_reg[0]/CLR,
swervolf/rvtop/veer/ifu/mem_ctl/icache_enabled.CLK_GRP_WAY_STATUS[7].WAY_STATUS[5].ic_way_status/genblock.dffs/genblock.dffs/dout_reg[0]/CLR,
swervolf/rvtop/veer/ifu/mem_ctl/icache_enabled.CLK_GRP_WAY_STATUS[7].WAY_STATUS[6].ic_way_status/genblock.dffs/genblock.dffs/dout_reg[0]/CLR,
swervolf/rvtop/veer/ifu/mem_ctl/icache_enabled.CLK_GRP_WAY_STATUS[7].WAY_STATUS[7].ic_way_status/genblock.dffs/genblock.dffs/dout_reg[0]/CLR
 (the first 15 of 6403 listed). The LUT may glitch and trigger an unexpected reset, even if it is a properly timed path.
Related violations: <none>

LUTAR-1#4 Warning
LUT drives async reset alert  
LUT cell clk_gen/dout[31]_i_2__96, with 2 or more inputs, drives asynchronous preset/clear pin(s) swervolf/rvtop/veer/dbg/dbg_abstractauto_reg/genblock.dffs/dout_reg[0]/CLR,
swervolf/rvtop/veer/dbg/dbg_abstractauto_reg/genblock.dffs/dout_reg[1]/CLR,
swervolf/rvtop/veer/dbg/dmcontrolff/genblock.dffs/dout_reg[0]/CLR,
swervolf/rvtop/veer/dbg/dmcontrolff/genblock.dffs/dout_reg[2]/CLR,
swervolf/rvtop/veer/dbg/dmcontrolff/genblock.dffs/dout_reg[3]/CLR,
swervolf/rvtop/veer/dbg/sb_state_reg/genblock.dffs/dout_reg[0]/CLR,
swervolf/rvtop/veer/dbg/sb_state_reg/genblock.dffs/dout_reg[1]/CLR,
swervolf/rvtop/veer/dbg/sb_state_reg/genblock.dffs/dout_reg[2]/CLR,
swervolf/rvtop/veer/dbg/sb_state_reg/genblock.dffs/dout_reg[3]/CLR,
swervolf/rvtop/veer/dbg/sbcs_error_reg/genblock.dffs/dout_reg[0]/CLR,
swervolf/rvtop/veer/dbg/sbcs_error_reg/genblock.dffs/dout_reg[1]/CLR,
swervolf/rvtop/veer/dbg/sbcs_error_reg/genblock.dffs/dout_reg[2]/CLR,
swervolf/rvtop/veer/dbg/sbcs_misc_reg/genblock.dffs/dout_reg[2]/CLR,
swervolf/rvtop/veer/dbg/sbcs_misc_reg/genblock.dffs/dout_reg[3]/CLR,
swervolf/rvtop/veer/dbg/sbcs_misc_reg/genblock.dffs/dout_reg[4]/CLR
 (the first 15 of 253 listed). The LUT may glitch and trigger an unexpected reset, even if it is a properly timed path.
Related violations: <none>

LUTAR-1#5 Warning
LUT drives async reset alert  
LUT cell ddr2/ldc/OSERDESE2_i_1, with 2 or more inputs, drives asynchronous preset/clear pin(s) ddr2/ldc/ISERDESE2_1/RST, ddr2/ldc/ISERDESE2_10/RST,
ddr2/ldc/ISERDESE2_11/RST, ddr2/ldc/ISERDESE2_12/RST,
ddr2/ldc/ISERDESE2_13/RST, ddr2/ldc/ISERDESE2_14/RST,
ddr2/ldc/ISERDESE2_15/RST, ddr2/ldc/ISERDESE2_2/RST,
ddr2/ldc/ISERDESE2_3/RST, ddr2/ldc/ISERDESE2_4/RST,
ddr2/ldc/ISERDESE2_5/RST, ddr2/ldc/ISERDESE2_6/RST,
ddr2/ldc/ISERDESE2_7/RST, ddr2/ldc/ISERDESE2_8/RST,
ddr2/ldc/ISERDESE2_9/RST (the first 15 of 16 listed). The LUT may glitch and trigger an unexpected reset, even if it is a properly timed path.
Related violations: <none>

LUTAR-1#6 Warning
LUT drives async reset alert  
LUT cell swervolf/rvtop/veer/dbg/dmcontrolff/genblock.dffs/dout[3]_i_3__57, with 2 or more inputs, drives asynchronous preset/clear pin(s) swervolf/rvtop/veer/dbg/dbg_state_reg/genblock.dffs/dout_reg[0]/CLR,
swervolf/rvtop/veer/dbg/dbg_state_reg/genblock.dffs/dout_reg[1]/CLR,
swervolf/rvtop/veer/dbg/dbg_state_reg/genblock.dffs/dout_reg[2]/CLR
swervolf/rvtop/veer/dbg/dbg_state_reg/genblock.dffs/dout_reg[3]/CLR. The LUT may glitch and trigger an unexpected reset, even if it is a properly timed path.
Related violations: <none>

SYNTH-6#1 Warning
Timing of a RAM block might be sub-optimal  
The timing for the instance ddr2/ldc/mem_1_reg_0, implemented as a RAM block, might be sub-optimal as no output register was merged into the block.
Related violations: <none>

SYNTH-6#2 Warning
Timing of a RAM block might be sub-optimal  
The timing for the instance ddr2/ldc/mem_1_reg_1, implemented as a RAM block, might be sub-optimal as no output register was merged into the block.
Related violations: <none>

SYNTH-6#3 Warning
Timing of a RAM block might be sub-optimal  
The timing for the instance ddr2/ldc/memdat_reg_0, implemented as a RAM block, might be sub-optimal as no output register was merged into the block.
Related violations: <none>

SYNTH-6#4 Warning
Timing of a RAM block might be sub-optimal  
The timing for the instance ddr2/ldc/memdat_reg_1, implemented as a RAM block, might be sub-optimal as no output register was merged into the block.
Related violations: <none>

SYNTH-6#5 Warning
Timing of a RAM block might be sub-optimal  
The timing for the instance ddr2/ldc/memdat_reg_2, implemented as a RAM block, might be sub-optimal as no output register was merged into the block.
Related violations: <none>

SYNTH-6#6 Warning
Timing of a RAM block might be sub-optimal  
The timing for the instance ddr2/ldc/memdat_reg_3, implemented as a RAM block, might be sub-optimal as no output register was merged into the block.
Related violations: <none>

SYNTH-6#7 Warning
Timing of a RAM block might be sub-optimal  
The timing for the instance ddr2/ldc/memdat_reg_4, implemented as a RAM block, might be sub-optimal as no output register was merged into the block.
Related violations: <none>

SYNTH-6#8 Warning
Timing of a RAM block might be sub-optimal  
The timing for the instance ddr2/ldc/memdat_reg_5, implemented as a RAM block, might be sub-optimal as no output register was merged into the block.
Related violations: <none>

SYNTH-6#9 Warning
Timing of a RAM block might be sub-optimal  
The timing for the instance ddr2/ldc/memdat_reg_6, implemented as a RAM block, might be sub-optimal as no output register was merged into the block.
Related violations: <none>

SYNTH-6#10 Warning
Timing of a RAM block might be sub-optimal  
The timing for the instance ddr2/ldc/memdat_reg_7, implemented as a RAM block, might be sub-optimal as no output register was merged into the block.
Related violations: <none>

SYNTH-6#11 Warning
Timing of a RAM block might be sub-optimal  
The timing for the instance ddr2/ldc/serv_rf_top/rf_ram/memory_reg, implemented as a RAM block, might be sub-optimal as no output register was merged into the block.
Related violations: <none>

SYNTH-6#12 Warning
Timing of a RAM block might be sub-optimal  
The timing for the instance ddr2/ldc/storage_10_reg_0, implemented as a RAM block, might be sub-optimal as no output register was merged into the block.
Related violations: <none>

SYNTH-6#13 Warning
Timing of a RAM block might be sub-optimal  
The timing for the instance ddr2/ldc/storage_10_reg_1, implemented as a RAM block, might be sub-optimal as no output register was merged into the block.
Related violations: <none>

SYNTH-6#14 Warning
Timing of a RAM block might be sub-optimal  
The timing for the instance ddr2/ldc/storage_13_reg, implemented as a RAM block, might be sub-optimal as no output register was merged into the block.
Related violations: <none>

SYNTH-6#15 Warning
Timing of a RAM block might be sub-optimal  
The timing for the instance swervolf/bootrom/ram/mem_reg, implemented as a RAM block, might be sub-optimal as no output register was merged into the block.
Related violations: <none>

SYNTH-6#16 Warning
Timing of a RAM block might be sub-optimal  
The timing for the instance swervolf/rvtop/mem/Gen_dccm_enable.dccm/mem_bank[0].dccm.dccm_bank/ram_core_reg_0, implemented as a RAM block, might be sub-optimal as no output register was merged into the block.
Related violations: <none>

SYNTH-6#17 Warning
Timing of a RAM block might be sub-optimal  
The timing for the instance swervolf/rvtop/mem/Gen_dccm_enable.dccm/mem_bank[0].dccm.dccm_bank/ram_core_reg_1, implemented as a RAM block, might be sub-optimal as no output register was merged into the block.
Related violations: <none>

SYNTH-6#18 Warning
Timing of a RAM block might be sub-optimal  
The timing for the instance swervolf/rvtop/mem/Gen_dccm_enable.dccm/mem_bank[1].dccm.dccm_bank/ram_core_reg_0, implemented as a RAM block, might be sub-optimal as no output register was merged into the block.
Related violations: <none>

SYNTH-6#19 Warning
Timing of a RAM block might be sub-optimal  
The timing for the instance swervolf/rvtop/mem/Gen_dccm_enable.dccm/mem_bank[1].dccm.dccm_bank/ram_core_reg_1, implemented as a RAM block, might be sub-optimal as no output register was merged into the block.
Related violations: <none>

SYNTH-6#20 Warning
Timing of a RAM block might be sub-optimal  
The timing for the instance swervolf/rvtop/mem/Gen_dccm_enable.dccm/mem_bank[2].dccm.dccm_bank/ram_core_reg_0, implemented as a RAM block, might be sub-optimal as no output register was merged into the block.
Related violations: <none>

SYNTH-6#21 Warning
Timing of a RAM block might be sub-optimal  
The timing for the instance swervolf/rvtop/mem/Gen_dccm_enable.dccm/mem_bank[2].dccm.dccm_bank/ram_core_reg_1, implemented as a RAM block, might be sub-optimal as no output register was merged into the block.
Related violations: <none>

SYNTH-6#22 Warning
Timing of a RAM block might be sub-optimal  
The timing for the instance swervolf/rvtop/mem/Gen_dccm_enable.dccm/mem_bank[3].dccm.dccm_bank/ram_core_reg_0, implemented as a RAM block, might be sub-optimal as no output register was merged into the block.
Related violations: <none>

SYNTH-6#23 Warning
Timing of a RAM block might be sub-optimal  
The timing for the instance swervolf/rvtop/mem/Gen_dccm_enable.dccm/mem_bank[3].dccm.dccm_bank/ram_core_reg_1, implemented as a RAM block, might be sub-optimal as no output register was merged into the block.
Related violations: <none>

SYNTH-6#24 Warning
Timing of a RAM block might be sub-optimal  
The timing for the instance swervolf/rvtop/mem/iccm.iccm/mem_bank[0].iccm.iccm_bank/ram_core_reg_0, implemented as a RAM block, might be sub-optimal as no output register was merged into the block.
Related violations: <none>

SYNTH-6#25 Warning
Timing of a RAM block might be sub-optimal  
The timing for the instance swervolf/rvtop/mem/iccm.iccm/mem_bank[0].iccm.iccm_bank/ram_core_reg_1, implemented as a RAM block, might be sub-optimal as no output register was merged into the block.
Related violations: <none>

SYNTH-6#26 Warning
Timing of a RAM block might be sub-optimal  
The timing for the instance swervolf/rvtop/mem/iccm.iccm/mem_bank[1].iccm.iccm_bank/ram_core_reg_0, implemented as a RAM block, might be sub-optimal as no output register was merged into the block.
Related violations: <none>

SYNTH-6#27 Warning
Timing of a RAM block might be sub-optimal  
The timing for the instance swervolf/rvtop/mem/iccm.iccm/mem_bank[1].iccm.iccm_bank/ram_core_reg_1, implemented as a RAM block, might be sub-optimal as no output register was merged into the block.
Related violations: <none>

SYNTH-6#28 Warning
Timing of a RAM block might be sub-optimal  
The timing for the instance swervolf/rvtop/mem/iccm.iccm/mem_bank[2].iccm.iccm_bank/ram_core_reg_0, implemented as a RAM block, might be sub-optimal as no output register was merged into the block.
Related violations: <none>

SYNTH-6#29 Warning
Timing of a RAM block might be sub-optimal  
The timing for the instance swervolf/rvtop/mem/iccm.iccm/mem_bank[2].iccm.iccm_bank/ram_core_reg_1, implemented as a RAM block, might be sub-optimal as no output register was merged into the block.
Related violations: <none>

SYNTH-6#30 Warning
Timing of a RAM block might be sub-optimal  
The timing for the instance swervolf/rvtop/mem/iccm.iccm/mem_bank[3].iccm.iccm_bank/ram_core_reg_0, implemented as a RAM block, might be sub-optimal as no output register was merged into the block.
Related violations: <none>

SYNTH-6#31 Warning
Timing of a RAM block might be sub-optimal  
The timing for the instance swervolf/rvtop/mem/iccm.iccm/mem_bank[3].iccm.iccm_bank/ram_core_reg_1, implemented as a RAM block, might be sub-optimal as no output register was merged into the block.
Related violations: <none>

SYNTH-9#1 Warning
Small multiplier  
Detected multiplier at gen_row[0].gen_col[0].u_mul/s1_product_reg[11]_i_1 of size 20x3, it is implemented as LUTs due to its small size. To force the multiplier onto a DSP block, use the USE_DSP48 attribute.
Related violations: <none>

SYNTH-9#2 Warning
Small multiplier  
Detected multiplier at gen_row[0].gen_col[0].u_mul/s1_product_reg[15]_i_1 of size 20x3, it is implemented as LUTs due to its small size. To force the multiplier onto a DSP block, use the USE_DSP48 attribute.
Related violations: <none>

SYNTH-9#3 Warning
Small multiplier  
Detected multiplier at gen_row[0].gen_col[0].u_mul/s1_product_reg[19]_i_1 of size 20x3, it is implemented as LUTs due to its small size. To force the multiplier onto a DSP block, use the USE_DSP48 attribute.
Related violations: <none>

SYNTH-9#4 Warning
Small multiplier  
Detected multiplier at gen_row[0].gen_col[0].u_mul/s1_product_reg[3]_i_1 of size 20x3, it is implemented as LUTs due to its small size. To force the multiplier onto a DSP block, use the USE_DSP48 attribute.
Related violations: <none>

SYNTH-9#5 Warning
Small multiplier  
Detected multiplier at gen_row[0].gen_col[0].u_mul/s1_product_reg[7]_i_1 of size 20x3, it is implemented as LUTs due to its small size. To force the multiplier onto a DSP block, use the USE_DSP48 attribute.
Related violations: <none>

SYNTH-9#6 Warning
Small multiplier  
Detected multiplier at gen_row[0].gen_col[1].u_mul/s1_product_reg[11]_i_1 of size 20x3, it is implemented as LUTs due to its small size. To force the multiplier onto a DSP block, use the USE_DSP48 attribute.
Related violations: <none>

SYNTH-9#7 Warning
Small multiplier  
Detected multiplier at gen_row[0].gen_col[1].u_mul/s1_product_reg[15]_i_1 of size 20x3, it is implemented as LUTs due to its small size. To force the multiplier onto a DSP block, use the USE_DSP48 attribute.
Related violations: <none>

SYNTH-9#8 Warning
Small multiplier  
Detected multiplier at gen_row[0].gen_col[1].u_mul/s1_product_reg[19]_i_1 of size 20x3, it is implemented as LUTs due to its small size. To force the multiplier onto a DSP block, use the USE_DSP48 attribute.
Related violations: <none>

SYNTH-9#9 Warning
Small multiplier  
Detected multiplier at gen_row[0].gen_col[1].u_mul/s1_product_reg[3]_i_1 of size 20x3, it is implemented as LUTs due to its small size. To force the multiplier onto a DSP block, use the USE_DSP48 attribute.
Related violations: <none>

SYNTH-9#10 Warning
Small multiplier  
Detected multiplier at gen_row[0].gen_col[1].u_mul/s1_product_reg[7]_i_1 of size 20x3, it is implemented as LUTs due to its small size. To force the multiplier onto a DSP block, use the USE_DSP48 attribute.
Related violations: <none>

SYNTH-9#11 Warning
Small multiplier  
Detected multiplier at gen_row[0].gen_col[2].u_mul/s1_product_reg[11]_i_1 of size 20x3, it is implemented as LUTs due to its small size. To force the multiplier onto a DSP block, use the USE_DSP48 attribute.
Related violations: <none>

SYNTH-9#12 Warning
Small multiplier  
Detected multiplier at gen_row[0].gen_col[2].u_mul/s1_product_reg[15]_i_1 of size 20x3, it is implemented as LUTs due to its small size. To force the multiplier onto a DSP block, use the USE_DSP48 attribute.
Related violations: <none>

SYNTH-9#13 Warning
Small multiplier  
Detected multiplier at gen_row[0].gen_col[2].u_mul/s1_product_reg[19]_i_1 of size 20x3, it is implemented as LUTs due to its small size. To force the multiplier onto a DSP block, use the USE_DSP48 attribute.
Related violations: <none>

SYNTH-9#14 Warning
Small multiplier  
Detected multiplier at gen_row[0].gen_col[2].u_mul/s1_product_reg[3]_i_1 of size 20x3, it is implemented as LUTs due to its small size. To force the multiplier onto a DSP block, use the USE_DSP48 attribute.
Related violations: <none>

SYNTH-9#15 Warning
Small multiplier  
Detected multiplier at gen_row[0].gen_col[2].u_mul/s1_product_reg[7]_i_1 of size 20x3, it is implemented as LUTs due to its small size. To force the multiplier onto a DSP block, use the USE_DSP48 attribute.
Related violations: <none>

SYNTH-9#16 Warning
Small multiplier  
Detected multiplier at gen_row[1].gen_col[0].u_mul/s1_product_reg[11]_i_1 of size 20x3, it is implemented as LUTs due to its small size. To force the multiplier onto a DSP block, use the USE_DSP48 attribute.
Related violations: <none>

SYNTH-9#17 Warning
Small multiplier  
Detected multiplier at gen_row[1].gen_col[0].u_mul/s1_product_reg[15]_i_1 of size 20x3, it is implemented as LUTs due to its small size. To force the multiplier onto a DSP block, use the USE_DSP48 attribute.
Related violations: <none>

SYNTH-9#18 Warning
Small multiplier  
Detected multiplier at gen_row[1].gen_col[0].u_mul/s1_product_reg[19]_i_1 of size 20x3, it is implemented as LUTs due to its small size. To force the multiplier onto a DSP block, use the USE_DSP48 attribute.
Related violations: <none>

SYNTH-9#19 Warning
Small multiplier  
Detected multiplier at gen_row[1].gen_col[0].u_mul/s1_product_reg[3]_i_1 of size 20x3, it is implemented as LUTs due to its small size. To force the multiplier onto a DSP block, use the USE_DSP48 attribute.
Related violations: <none>

SYNTH-9#20 Warning
Small multiplier  
Detected multiplier at gen_row[1].gen_col[0].u_mul/s1_product_reg[7]_i_1 of size 20x3, it is implemented as LUTs due to its small size. To force the multiplier onto a DSP block, use the USE_DSP48 attribute.
Related violations: <none>

SYNTH-9#21 Warning
Small multiplier  
Detected multiplier at gen_row[1].gen_col[1].u_mul/s1_product_reg[11]_i_1 of size 20x3, it is implemented as LUTs due to its small size. To force the multiplier onto a DSP block, use the USE_DSP48 attribute.
Related violations: <none>

SYNTH-9#22 Warning
Small multiplier  
Detected multiplier at gen_row[1].gen_col[1].u_mul/s1_product_reg[15]_i_1 of size 20x3, it is implemented as LUTs due to its small size. To force the multiplier onto a DSP block, use the USE_DSP48 attribute.
Related violations: <none>

SYNTH-9#23 Warning
Small multiplier  
Detected multiplier at gen_row[1].gen_col[1].u_mul/s1_product_reg[19]_i_1 of size 20x3, it is implemented as LUTs due to its small size. To force the multiplier onto a DSP block, use the USE_DSP48 attribute.
Related violations: <none>

SYNTH-9#24 Warning
Small multiplier  
Detected multiplier at gen_row[1].gen_col[1].u_mul/s1_product_reg[3]_i_1 of size 20x3, it is implemented as LUTs due to its small size. To force the multiplier onto a DSP block, use the USE_DSP48 attribute.
Related violations: <none>

SYNTH-9#25 Warning
Small multiplier  
Detected multiplier at gen_row[1].gen_col[1].u_mul/s1_product_reg[7]_i_1 of size 20x3, it is implemented as LUTs due to its small size. To force the multiplier onto a DSP block, use the USE_DSP48 attribute.
Related violations: <none>

SYNTH-9#26 Warning
Small multiplier  
Detected multiplier at gen_row[1].gen_col[2].u_mul/s1_product_reg[11]_i_1 of size 20x3, it is implemented as LUTs due to its small size. To force the multiplier onto a DSP block, use the USE_DSP48 attribute.
Related violations: <none>

SYNTH-9#27 Warning
Small multiplier  
Detected multiplier at gen_row[1].gen_col[2].u_mul/s1_product_reg[15]_i_1 of size 20x3, it is implemented as LUTs due to its small size. To force the multiplier onto a DSP block, use the USE_DSP48 attribute.
Related violations: <none>

SYNTH-9#28 Warning
Small multiplier  
Detected multiplier at gen_row[1].gen_col[2].u_mul/s1_product_reg[19]_i_1 of size 20x3, it is implemented as LUTs due to its small size. To force the multiplier onto a DSP block, use the USE_DSP48 attribute.
Related violations: <none>

SYNTH-9#29 Warning
Small multiplier  
Detected multiplier at gen_row[1].gen_col[2].u_mul/s1_product_reg[3]_i_1 of size 20x3, it is implemented as LUTs due to its small size. To force the multiplier onto a DSP block, use the USE_DSP48 attribute.
Related violations: <none>

SYNTH-9#30 Warning
Small multiplier  
Detected multiplier at gen_row[1].gen_col[2].u_mul/s1_product_reg[7]_i_1 of size 20x3, it is implemented as LUTs due to its small size. To force the multiplier onto a DSP block, use the USE_DSP48 attribute.
Related violations: <none>

SYNTH-9#31 Warning
Small multiplier  
Detected multiplier at gen_row[2].gen_col[0].u_mul/s1_product_reg[11]_i_1 of size 20x3, it is implemented as LUTs due to its small size. To force the multiplier onto a DSP block, use the USE_DSP48 attribute.
Related violations: <none>

SYNTH-9#32 Warning
Small multiplier  
Detected multiplier at gen_row[2].gen_col[0].u_mul/s1_product_reg[15]_i_1 of size 20x3, it is implemented as LUTs due to its small size. To force the multiplier onto a DSP block, use the USE_DSP48 attribute.
Related violations: <none>

SYNTH-9#33 Warning
Small multiplier  
Detected multiplier at gen_row[2].gen_col[0].u_mul/s1_product_reg[19]_i_1 of size 20x3, it is implemented as LUTs due to its small size. To force the multiplier onto a DSP block, use the USE_DSP48 attribute.
Related violations: <none>

SYNTH-9#34 Warning
Small multiplier  
Detected multiplier at gen_row[2].gen_col[0].u_mul/s1_product_reg[3]_i_1 of size 20x3, it is implemented as LUTs due to its small size. To force the multiplier onto a DSP block, use the USE_DSP48 attribute.
Related violations: <none>

SYNTH-9#35 Warning
Small multiplier  
Detected multiplier at gen_row[2].gen_col[0].u_mul/s1_product_reg[7]_i_1 of size 20x3, it is implemented as LUTs due to its small size. To force the multiplier onto a DSP block, use the USE_DSP48 attribute.
Related violations: <none>

SYNTH-9#36 Warning
Small multiplier  
Detected multiplier at gen_row[2].gen_col[1].u_mul/s1_product_reg[11]_i_1 of size 20x3, it is implemented as LUTs due to its small size. To force the multiplier onto a DSP block, use the USE_DSP48 attribute.
Related violations: <none>

SYNTH-9#37 Warning
Small multiplier  
Detected multiplier at gen_row[2].gen_col[1].u_mul/s1_product_reg[15]_i_1 of size 20x3, it is implemented as LUTs due to its small size. To force the multiplier onto a DSP block, use the USE_DSP48 attribute.
Related violations: <none>

SYNTH-9#38 Warning
Small multiplier  
Detected multiplier at gen_row[2].gen_col[1].u_mul/s1_product_reg[19]_i_1 of size 20x3, it is implemented as LUTs due to its small size. To force the multiplier onto a DSP block, use the USE_DSP48 attribute.
Related violations: <none>

SYNTH-9#39 Warning
Small multiplier  
Detected multiplier at gen_row[2].gen_col[1].u_mul/s1_product_reg[3]_i_1 of size 20x3, it is implemented as LUTs due to its small size. To force the multiplier onto a DSP block, use the USE_DSP48 attribute.
Related violations: <none>

SYNTH-9#40 Warning
Small multiplier  
Detected multiplier at gen_row[2].gen_col[1].u_mul/s1_product_reg[7]_i_1 of size 20x3, it is implemented as LUTs due to its small size. To force the multiplier onto a DSP block, use the USE_DSP48 attribute.
Related violations: <none>

SYNTH-9#41 Warning
Small multiplier  
Detected multiplier at gen_row[2].gen_col[2].u_mul/s1_product_reg[11]_i_1 of size 20x3, it is implemented as LUTs due to its small size. To force the multiplier onto a DSP block, use the USE_DSP48 attribute.
Related violations: <none>

SYNTH-9#42 Warning
Small multiplier  
Detected multiplier at gen_row[2].gen_col[2].u_mul/s1_product_reg[15]_i_1 of size 20x3, it is implemented as LUTs due to its small size. To force the multiplier onto a DSP block, use the USE_DSP48 attribute.
Related violations: <none>

SYNTH-9#43 Warning
Small multiplier  
Detected multiplier at gen_row[2].gen_col[2].u_mul/s1_product_reg[19]_i_1 of size 20x3, it is implemented as LUTs due to its small size. To force the multiplier onto a DSP block, use the USE_DSP48 attribute.
Related violations: <none>

SYNTH-9#44 Warning
Small multiplier  
Detected multiplier at gen_row[2].gen_col[2].u_mul/s1_product_reg[3]_i_1 of size 20x3, it is implemented as LUTs due to its small size. To force the multiplier onto a DSP block, use the USE_DSP48 attribute.
Related violations: <none>

SYNTH-9#45 Warning
Small multiplier  
Detected multiplier at gen_row[2].gen_col[2].u_mul/s1_product_reg[7]_i_1 of size 20x3, it is implemented as LUTs due to its small size. To force the multiplier onto a DSP block, use the USE_DSP48 attribute.
Related violations: <none>

SYNTH-9#46 Warning
Small multiplier  
Detected multiplier at u_k0/s1_product_reg[11]_i_1 of size 20x3, it is implemented as LUTs due to its small size. To force the multiplier onto a DSP block, use the USE_DSP48 attribute.
Related violations: <none>

SYNTH-9#47 Warning
Small multiplier  
Detected multiplier at u_k0/s1_product_reg[15]_i_1 of size 20x3, it is implemented as LUTs due to its small size. To force the multiplier onto a DSP block, use the USE_DSP48 attribute.
Related violations: <none>

SYNTH-9#48 Warning
Small multiplier  
Detected multiplier at u_k0/s1_product_reg[19]_i_1 of size 20x3, it is implemented as LUTs due to its small size. To force the multiplier onto a DSP block, use the USE_DSP48 attribute.
Related violations: <none>

SYNTH-9#49 Warning
Small multiplier  
Detected multiplier at u_k0/s1_product_reg[3]_i_1 of size 20x3, it is implemented as LUTs due to its small size. To force the multiplier onto a DSP block, use the USE_DSP48 attribute.
Related violations: <none>

SYNTH-9#50 Warning
Small multiplier  
Detected multiplier at u_k0/s1_product_reg[7]_i_1 of size 20x3, it is implemented as LUTs due to its small size. To force the multiplier onto a DSP block, use the USE_DSP48 attribute.
Related violations: <none>

SYNTH-9#51 Warning
Small multiplier  
Detected multiplier at u_k1/s1_product_reg[11]_i_1 of size 20x3, it is implemented as LUTs due to its small size. To force the multiplier onto a DSP block, use the USE_DSP48 attribute.
Related violations: <none>

SYNTH-9#52 Warning
Small multiplier  
Detected multiplier at u_k1/s1_product_reg[15]_i_1 of size 20x3, it is implemented as LUTs due to its small size. To force the multiplier onto a DSP block, use the USE_DSP48 attribute.
Related violations: <none>

SYNTH-9#53 Warning
Small multiplier  
Detected multiplier at u_k1/s1_product_reg[19]_i_1 of size 20x3, it is implemented as LUTs due to its small size. To force the multiplier onto a DSP block, use the USE_DSP48 attribute.
Related violations: <none>

SYNTH-9#54 Warning
Small multiplier  
Detected multiplier at u_k1/s1_product_reg[3]_i_1 of size 20x3, it is implemented as LUTs due to its small size. To force the multiplier onto a DSP block, use the USE_DSP48 attribute.
Related violations: <none>

SYNTH-9#55 Warning
Small multiplier  
Detected multiplier at u_k1/s1_product_reg[7]_i_1 of size 20x3, it is implemented as LUTs due to its small size. To force the multiplier onto a DSP block, use the USE_DSP48 attribute.
Related violations: <none>

SYNTH-9#56 Warning
Small multiplier  
Detected multiplier at u_k2/s1_product_reg[11]_i_1 of size 20x3, it is implemented as LUTs due to its small size. To force the multiplier onto a DSP block, use the USE_DSP48 attribute.
Related violations: <none>

SYNTH-9#57 Warning
Small multiplier  
Detected multiplier at u_k2/s1_product_reg[15]_i_1 of size 20x3, it is implemented as LUTs due to its small size. To force the multiplier onto a DSP block, use the USE_DSP48 attribute.
Related violations: <none>

SYNTH-9#58 Warning
Small multiplier  
Detected multiplier at u_k2/s1_product_reg[19]_i_1 of size 20x3, it is implemented as LUTs due to its small size. To force the multiplier onto a DSP block, use the USE_DSP48 attribute.
Related violations: <none>

SYNTH-9#59 Warning
Small multiplier  
Detected multiplier at u_k2/s1_product_reg[3]_i_1 of size 20x3, it is implemented as LUTs due to its small size. To force the multiplier onto a DSP block, use the USE_DSP48 attribute.
Related violations: <none>

SYNTH-9#60 Warning
Small multiplier  
Detected multiplier at u_k2/s1_product_reg[7]_i_1 of size 20x3, it is implemented as LUTs due to its small size. To force the multiplier onto a DSP block, use the USE_DSP48 attribute.
Related violations: <none>

SYNTH-9#61 Warning
Small multiplier  
Detected multiplier at u_ky0/s1_product_reg[11]_i_1 of size 20x3, it is implemented as LUTs due to its small size. To force the multiplier onto a DSP block, use the USE_DSP48 attribute.
Related violations: <none>

SYNTH-9#62 Warning
Small multiplier  
Detected multiplier at u_ky0/s1_product_reg[15]_i_1 of size 20x3, it is implemented as LUTs due to its small size. To force the multiplier onto a DSP block, use the USE_DSP48 attribute.
Related violations: <none>

SYNTH-9#63 Warning
Small multiplier  
Detected multiplier at u_ky0/s1_product_reg[19]_i_1 of size 20x3, it is implemented as LUTs due to its small size. To force the multiplier onto a DSP block, use the USE_DSP48 attribute.
Related violations: <none>

SYNTH-9#64 Warning
Small multiplier  
Detected multiplier at u_ky0/s1_product_reg[3]_i_1 of size 20x3, it is implemented as LUTs due to its small size. To force the multiplier onto a DSP block, use the USE_DSP48 attribute.
Related violations: <none>

SYNTH-9#65 Warning
Small multiplier  
Detected multiplier at u_ky0/s1_product_reg[7]_i_1 of size 20x3, it is implemented as LUTs due to its small size. To force the multiplier onto a DSP block, use the USE_DSP48 attribute.
Related violations: <none>

SYNTH-9#66 Warning
Small multiplier  
Detected multiplier at u_ky1/s1_product_reg[11]_i_1 of size 20x3, it is implemented as LUTs due to its small size. To force the multiplier onto a DSP block, use the USE_DSP48 attribute.
Related violations: <none>

SYNTH-9#67 Warning
Small multiplier  
Detected multiplier at u_ky1/s1_product_reg[15]_i_1 of size 20x3, it is implemented as LUTs due to its small size. To force the multiplier onto a DSP block, use the USE_DSP48 attribute.
Related violations: <none>

SYNTH-9#68 Warning
Small multiplier  
Detected multiplier at u_ky1/s1_product_reg[19]_i_1 of size 20x3, it is implemented as LUTs due to its small size. To force the multiplier onto a DSP block, use the USE_DSP48 attribute.
Related violations: <none>

SYNTH-9#69 Warning
Small multiplier  
Detected multiplier at u_ky1/s1_product_reg[3]_i_1 of size 20x3, it is implemented as LUTs due to its small size. To force the multiplier onto a DSP block, use the USE_DSP48 attribute.
Related violations: <none>

SYNTH-9#70 Warning
Small multiplier  
Detected multiplier at u_ky1/s1_product_reg[7]_i_1 of size 20x3, it is implemented as LUTs due to its small size. To force the multiplier onto a DSP block, use the USE_DSP48 attribute.
Related violations: <none>

SYNTH-9#71 Warning
Small multiplier  
Detected multiplier at u_ky2/s1_product_reg[11]_i_1 of size 20x3, it is implemented as LUTs due to its small size. To force the multiplier onto a DSP block, use the USE_DSP48 attribute.
Related violations: <none>

SYNTH-9#72 Warning
Small multiplier  
Detected multiplier at u_ky2/s1_product_reg[15]_i_1 of size 20x3, it is implemented as LUTs due to its small size. To force the multiplier onto a DSP block, use the USE_DSP48 attribute.
Related violations: <none>

SYNTH-9#73 Warning
Small multiplier  
Detected multiplier at u_ky2/s1_product_reg[19]_i_1 of size 20x3, it is implemented as LUTs due to its small size. To force the multiplier onto a DSP block, use the USE_DSP48 attribute.
Related violations: <none>

SYNTH-9#74 Warning
Small multiplier  
Detected multiplier at u_ky2/s1_product_reg[3]_i_1 of size 20x3, it is implemented as LUTs due to its small size. To force the multiplier onto a DSP block, use the USE_DSP48 attribute.
Related violations: <none>

SYNTH-9#75 Warning
Small multiplier  
Detected multiplier at u_ky2/s1_product_reg[7]_i_1 of size 20x3, it is implemented as LUTs due to its small size. To force the multiplier onto a DSP block, use the USE_DSP48 attribute.
Related violations: <none>

SYNTH-9#76 Warning
Small multiplier  
Detected multiplier at u_nr_mul1/s1_product_reg[11]_i_1 of size 20x3, it is implemented as LUTs due to its small size. To force the multiplier onto a DSP block, use the USE_DSP48 attribute.
Related violations: <none>

SYNTH-9#77 Warning
Small multiplier  
Detected multiplier at u_nr_mul1/s1_product_reg[15]_i_1 of size 20x3, it is implemented as LUTs due to its small size. To force the multiplier onto a DSP block, use the USE_DSP48 attribute.
Related violations: <none>

SYNTH-9#78 Warning
Small multiplier  
Detected multiplier at u_nr_mul1/s1_product_reg[19]_i_1 of size 20x3, it is implemented as LUTs due to its small size. To force the multiplier onto a DSP block, use the USE_DSP48 attribute.
Related violations: <none>

SYNTH-9#79 Warning
Small multiplier  
Detected multiplier at u_nr_mul1/s1_product_reg[3]_i_1 of size 20x3, it is implemented as LUTs due to its small size. To force the multiplier onto a DSP block, use the USE_DSP48 attribute.
Related violations: <none>

SYNTH-9#80 Warning
Small multiplier  
Detected multiplier at u_nr_mul1/s1_product_reg[7]_i_1 of size 20x3, it is implemented as LUTs due to its small size. To force the multiplier onto a DSP block, use the USE_DSP48 attribute.
Related violations: <none>

SYNTH-9#81 Warning
Small multiplier  
Detected multiplier at u_nr_mul2/s1_product_reg[11]_i_1 of size 20x3, it is implemented as LUTs due to its small size. To force the multiplier onto a DSP block, use the USE_DSP48 attribute.
Related violations: <none>

SYNTH-9#82 Warning
Small multiplier  
Detected multiplier at u_nr_mul2/s1_product_reg[15]_i_1 of size 20x3, it is implemented as LUTs due to its small size. To force the multiplier onto a DSP block, use the USE_DSP48 attribute.
Related violations: <none>

SYNTH-9#83 Warning
Small multiplier  
Detected multiplier at u_nr_mul2/s1_product_reg[19]_i_1 of size 20x3, it is implemented as LUTs due to its small size. To force the multiplier onto a DSP block, use the USE_DSP48 attribute.
Related violations: <none>

SYNTH-9#84 Warning
Small multiplier  
Detected multiplier at u_nr_mul2/s1_product_reg[3]_i_1 of size 20x3, it is implemented as LUTs due to its small size. To force the multiplier onto a DSP block, use the USE_DSP48 attribute.
Related violations: <none>

SYNTH-9#85 Warning
Small multiplier  
Detected multiplier at u_nr_mul2/s1_product_reg[7]_i_1 of size 20x3, it is implemented as LUTs due to its small size. To force the multiplier onto a DSP block, use the USE_DSP48 attribute.
Related violations: <none>

SYNTH-10#1 Warning
Wide multiplier  
Detected multiplier at swervolf/rvtop/veer/exu/i_mul/prod_x0 of size 16x18, it is decomposed from a wide multipler into 4 DSP blocks.
Related violations: <none>

SYNTH-10#2 Warning
Wide multiplier  
Detected multiplier at swervolf/rvtop/veer/exu/i_mul/prod_x0__0 of size 16x16, it is decomposed from a wide multipler into 4 DSP blocks.
Related violations: <none>

SYNTH-10#3 Warning
Wide multiplier  
Detected multiplier at swervolf/rvtop/veer/exu/i_mul/prod_x0__1 of size 18x18, it is decomposed from a wide multipler into 4 DSP blocks.
Related violations: <none>

SYNTH-10#4 Warning
Wide multiplier  
Detected multiplier at swervolf/rvtop/veer/exu/i_mul/prod_x0__2 of size 18x16, it is decomposed from a wide multipler into 4 DSP blocks.
Related violations: <none>

SYNTH-10#5 Warning
Wide multiplier  
Detected multiplier at swervolf/u_kalman/u_core/u_gemm/gen_row[0].gen_col[0].u_mul/s1_product0 of size 18x20, it is decomposed from a wide multipler into 10 DSP blocks.
Related violations: <none>

SYNTH-10#6 Warning
Wide multiplier  
Detected multiplier at swervolf/u_kalman/u_core/u_gemm/gen_row[0].gen_col[0].u_mul/s1_product0__0 of size 20x18, it is decomposed from a wide multipler into 10 DSP blocks.
Related violations: <none>

SYNTH-10#7 Warning
Wide multiplier  
Detected multiplier at swervolf/u_kalman/u_core/u_gemm/gen_row[0].gen_col[0].u_mul/s1_product0__1 of size 18x20, it is decomposed from a wide multipler into 10 DSP blocks.
Related violations: <none>

SYNTH-10#8 Warning
Wide multiplier  
Detected multiplier at swervolf/u_kalman/u_core/u_gemm/gen_row[0].gen_col[0].u_mul/s1_product0__2 of size 18x18, it is decomposed from a wide multipler into 10 DSP blocks.
Related violations: <none>

SYNTH-10#9 Warning
Wide multiplier  
Detected multiplier at swervolf/u_kalman/u_core/u_gemm/gen_row[0].gen_col[0].u_mul/s1_product0__3 of size 18x18, it is decomposed from a wide multipler into 10 DSP blocks.
Related violations: <none>

SYNTH-10#10 Warning
Wide multiplier  
Detected multiplier at swervolf/u_kalman/u_core/u_gemm/gen_row[0].gen_col[0].u_mul/s1_product0__4 of size 18x18, it is decomposed from a wide multipler into 10 DSP blocks.
Related violations: <none>

SYNTH-10#11 Warning
Wide multiplier  
Detected multiplier at swervolf/u_kalman/u_core/u_gemm/gen_row[0].gen_col[0].u_mul/s1_product_reg__0 of size 20x18, it is decomposed from a wide multipler into 10 DSP blocks.
Related violations: <none>

SYNTH-10#12 Warning
Wide multiplier  
Detected multiplier at swervolf/u_kalman/u_core/u_gemm/gen_row[0].gen_col[0].u_mul/s1_product_reg__1 of size 18x18, it is decomposed from a wide multipler into 10 DSP blocks.
Related violations: <none>

SYNTH-10#13 Warning
Wide multiplier  
Detected multiplier at swervolf/u_kalman/u_core/u_gemm/gen_row[0].gen_col[1].u_mul/s1_product0 of size 18x20, it is decomposed from a wide multipler into 10 DSP blocks.
Related violations: <none>

SYNTH-10#14 Warning
Wide multiplier  
Detected multiplier at swervolf/u_kalman/u_core/u_gemm/gen_row[0].gen_col[1].u_mul/s1_product0__0 of size 20x18, it is decomposed from a wide multipler into 10 DSP blocks.
Related violations: <none>

SYNTH-10#15 Warning
Wide multiplier  
Detected multiplier at swervolf/u_kalman/u_core/u_gemm/gen_row[0].gen_col[1].u_mul/s1_product0__1 of size 18x20, it is decomposed from a wide multipler into 10 DSP blocks.
Related violations: <none>

SYNTH-10#16 Warning
Wide multiplier  
Detected multiplier at swervolf/u_kalman/u_core/u_gemm/gen_row[0].gen_col[1].u_mul/s1_product0__2 of size 18x18, it is decomposed from a wide multipler into 10 DSP blocks.
Related violations: <none>

SYNTH-10#17 Warning
Wide multiplier  
Detected multiplier at swervolf/u_kalman/u_core/u_gemm/gen_row[0].gen_col[1].u_mul/s1_product0__3 of size 18x18, it is decomposed from a wide multipler into 10 DSP blocks.
Related violations: <none>

SYNTH-10#18 Warning
Wide multiplier  
Detected multiplier at swervolf/u_kalman/u_core/u_gemm/gen_row[0].gen_col[1].u_mul/s1_product0__4 of size 18x18, it is decomposed from a wide multipler into 10 DSP blocks.
Related violations: <none>

SYNTH-10#19 Warning
Wide multiplier  
Detected multiplier at swervolf/u_kalman/u_core/u_gemm/gen_row[0].gen_col[1].u_mul/s1_product_reg__0 of size 20x18, it is decomposed from a wide multipler into 10 DSP blocks.
Related violations: <none>

SYNTH-10#20 Warning
Wide multiplier  
Detected multiplier at swervolf/u_kalman/u_core/u_gemm/gen_row[0].gen_col[1].u_mul/s1_product_reg__1 of size 18x18, it is decomposed from a wide multipler into 10 DSP blocks.
Related violations: <none>

SYNTH-10#21 Warning
Wide multiplier  
Detected multiplier at swervolf/u_kalman/u_core/u_gemm/gen_row[0].gen_col[2].u_mul/s1_product0 of size 18x20, it is decomposed from a wide multipler into 10 DSP blocks.
Related violations: <none>

SYNTH-10#22 Warning
Wide multiplier  
Detected multiplier at swervolf/u_kalman/u_core/u_gemm/gen_row[0].gen_col[2].u_mul/s1_product0__0 of size 20x18, it is decomposed from a wide multipler into 10 DSP blocks.
Related violations: <none>

SYNTH-10#23 Warning
Wide multiplier  
Detected multiplier at swervolf/u_kalman/u_core/u_gemm/gen_row[0].gen_col[2].u_mul/s1_product0__1 of size 18x20, it is decomposed from a wide multipler into 10 DSP blocks.
Related violations: <none>

SYNTH-10#24 Warning
Wide multiplier  
Detected multiplier at swervolf/u_kalman/u_core/u_gemm/gen_row[0].gen_col[2].u_mul/s1_product0__2 of size 18x18, it is decomposed from a wide multipler into 10 DSP blocks.
Related violations: <none>

SYNTH-10#25 Warning
Wide multiplier  
Detected multiplier at swervolf/u_kalman/u_core/u_gemm/gen_row[0].gen_col[2].u_mul/s1_product0__3 of size 18x18, it is decomposed from a wide multipler into 10 DSP blocks.
Related violations: <none>

SYNTH-10#26 Warning
Wide multiplier  
Detected multiplier at swervolf/u_kalman/u_core/u_gemm/gen_row[0].gen_col[2].u_mul/s1_product0__4 of size 18x18, it is decomposed from a wide multipler into 10 DSP blocks.
Related violations: <none>

SYNTH-10#27 Warning
Wide multiplier  
Detected multiplier at swervolf/u_kalman/u_core/u_gemm/gen_row[0].gen_col[2].u_mul/s1_product_reg__0 of size 20x18, it is decomposed from a wide multipler into 10 DSP blocks.
Related violations: <none>

SYNTH-10#28 Warning
Wide multiplier  
Detected multiplier at swervolf/u_kalman/u_core/u_gemm/gen_row[0].gen_col[2].u_mul/s1_product_reg__1 of size 18x18, it is decomposed from a wide multipler into 10 DSP blocks.
Related violations: <none>

SYNTH-10#29 Warning
Wide multiplier  
Detected multiplier at swervolf/u_kalman/u_core/u_gemm/gen_row[1].gen_col[0].u_mul/s1_product0 of size 18x20, it is decomposed from a wide multipler into 10 DSP blocks.
Related violations: <none>

SYNTH-10#30 Warning
Wide multiplier  
Detected multiplier at swervolf/u_kalman/u_core/u_gemm/gen_row[1].gen_col[0].u_mul/s1_product0__0 of size 20x18, it is decomposed from a wide multipler into 10 DSP blocks.
Related violations: <none>

SYNTH-10#31 Warning
Wide multiplier  
Detected multiplier at swervolf/u_kalman/u_core/u_gemm/gen_row[1].gen_col[0].u_mul/s1_product0__1 of size 18x20, it is decomposed from a wide multipler into 10 DSP blocks.
Related violations: <none>

SYNTH-10#32 Warning
Wide multiplier  
Detected multiplier at swervolf/u_kalman/u_core/u_gemm/gen_row[1].gen_col[0].u_mul/s1_product0__2 of size 18x18, it is decomposed from a wide multipler into 10 DSP blocks.
Related violations: <none>

SYNTH-10#33 Warning
Wide multiplier  
Detected multiplier at swervolf/u_kalman/u_core/u_gemm/gen_row[1].gen_col[0].u_mul/s1_product0__3 of size 18x18, it is decomposed from a wide multipler into 10 DSP blocks.
Related violations: <none>

SYNTH-10#34 Warning
Wide multiplier  
Detected multiplier at swervolf/u_kalman/u_core/u_gemm/gen_row[1].gen_col[0].u_mul/s1_product0__4 of size 18x18, it is decomposed from a wide multipler into 10 DSP blocks.
Related violations: <none>

SYNTH-10#35 Warning
Wide multiplier  
Detected multiplier at swervolf/u_kalman/u_core/u_gemm/gen_row[1].gen_col[0].u_mul/s1_product_reg__0 of size 20x18, it is decomposed from a wide multipler into 10 DSP blocks.
Related violations: <none>

SYNTH-10#36 Warning
Wide multiplier  
Detected multiplier at swervolf/u_kalman/u_core/u_gemm/gen_row[1].gen_col[0].u_mul/s1_product_reg__1 of size 18x18, it is decomposed from a wide multipler into 10 DSP blocks.
Related violations: <none>

SYNTH-10#37 Warning
Wide multiplier  
Detected multiplier at swervolf/u_kalman/u_core/u_gemm/gen_row[1].gen_col[1].u_mul/s1_product0 of size 18x20, it is decomposed from a wide multipler into 10 DSP blocks.
Related violations: <none>

SYNTH-10#38 Warning
Wide multiplier  
Detected multiplier at swervolf/u_kalman/u_core/u_gemm/gen_row[1].gen_col[1].u_mul/s1_product0__0 of size 20x18, it is decomposed from a wide multipler into 10 DSP blocks.
Related violations: <none>

SYNTH-10#39 Warning
Wide multiplier  
Detected multiplier at swervolf/u_kalman/u_core/u_gemm/gen_row[1].gen_col[1].u_mul/s1_product0__1 of size 18x20, it is decomposed from a wide multipler into 10 DSP blocks.
Related violations: <none>

SYNTH-10#40 Warning
Wide multiplier  
Detected multiplier at swervolf/u_kalman/u_core/u_gemm/gen_row[1].gen_col[1].u_mul/s1_product0__2 of size 18x18, it is decomposed from a wide multipler into 10 DSP blocks.
Related violations: <none>

SYNTH-10#41 Warning
Wide multiplier  
Detected multiplier at swervolf/u_kalman/u_core/u_gemm/gen_row[1].gen_col[1].u_mul/s1_product0__3 of size 18x18, it is decomposed from a wide multipler into 10 DSP blocks.
Related violations: <none>

SYNTH-10#42 Warning
Wide multiplier  
Detected multiplier at swervolf/u_kalman/u_core/u_gemm/gen_row[1].gen_col[1].u_mul/s1_product0__4 of size 18x18, it is decomposed from a wide multipler into 10 DSP blocks.
Related violations: <none>

SYNTH-10#43 Warning
Wide multiplier  
Detected multiplier at swervolf/u_kalman/u_core/u_gemm/gen_row[1].gen_col[1].u_mul/s1_product_reg__0 of size 20x18, it is decomposed from a wide multipler into 10 DSP blocks.
Related violations: <none>

SYNTH-10#44 Warning
Wide multiplier  
Detected multiplier at swervolf/u_kalman/u_core/u_gemm/gen_row[1].gen_col[1].u_mul/s1_product_reg__1 of size 18x18, it is decomposed from a wide multipler into 10 DSP blocks.
Related violations: <none>

SYNTH-10#45 Warning
Wide multiplier  
Detected multiplier at swervolf/u_kalman/u_core/u_gemm/gen_row[1].gen_col[2].u_mul/s1_product0 of size 18x20, it is decomposed from a wide multipler into 10 DSP blocks.
Related violations: <none>

SYNTH-10#46 Warning
Wide multiplier  
Detected multiplier at swervolf/u_kalman/u_core/u_gemm/gen_row[1].gen_col[2].u_mul/s1_product0__0 of size 20x18, it is decomposed from a wide multipler into 10 DSP blocks.
Related violations: <none>

SYNTH-10#47 Warning
Wide multiplier  
Detected multiplier at swervolf/u_kalman/u_core/u_gemm/gen_row[1].gen_col[2].u_mul/s1_product0__1 of size 18x20, it is decomposed from a wide multipler into 10 DSP blocks.
Related violations: <none>

SYNTH-10#48 Warning
Wide multiplier  
Detected multiplier at swervolf/u_kalman/u_core/u_gemm/gen_row[1].gen_col[2].u_mul/s1_product0__2 of size 18x18, it is decomposed from a wide multipler into 10 DSP blocks.
Related violations: <none>

SYNTH-10#49 Warning
Wide multiplier  
Detected multiplier at swervolf/u_kalman/u_core/u_gemm/gen_row[1].gen_col[2].u_mul/s1_product0__3 of size 18x18, it is decomposed from a wide multipler into 10 DSP blocks.
Related violations: <none>

SYNTH-10#50 Warning
Wide multiplier  
Detected multiplier at swervolf/u_kalman/u_core/u_gemm/gen_row[1].gen_col[2].u_mul/s1_product0__4 of size 18x18, it is decomposed from a wide multipler into 10 DSP blocks.
Related violations: <none>

SYNTH-10#51 Warning
Wide multiplier  
Detected multiplier at swervolf/u_kalman/u_core/u_gemm/gen_row[1].gen_col[2].u_mul/s1_product_reg__0 of size 20x18, it is decomposed from a wide multipler into 10 DSP blocks.
Related violations: <none>

SYNTH-10#52 Warning
Wide multiplier  
Detected multiplier at swervolf/u_kalman/u_core/u_gemm/gen_row[1].gen_col[2].u_mul/s1_product_reg__1 of size 18x18, it is decomposed from a wide multipler into 10 DSP blocks.
Related violations: <none>

SYNTH-10#53 Warning
Wide multiplier  
Detected multiplier at swervolf/u_kalman/u_core/u_gemm/gen_row[2].gen_col[0].u_mul/s1_product0 of size 18x20, it is decomposed from a wide multipler into 10 DSP blocks.
Related violations: <none>

SYNTH-10#54 Warning
Wide multiplier  
Detected multiplier at swervolf/u_kalman/u_core/u_gemm/gen_row[2].gen_col[0].u_mul/s1_product0__0 of size 20x18, it is decomposed from a wide multipler into 10 DSP blocks.
Related violations: <none>

SYNTH-10#55 Warning
Wide multiplier  
Detected multiplier at swervolf/u_kalman/u_core/u_gemm/gen_row[2].gen_col[0].u_mul/s1_product0__1 of size 18x20, it is decomposed from a wide multipler into 10 DSP blocks.
Related violations: <none>

SYNTH-10#56 Warning
Wide multiplier  
Detected multiplier at swervolf/u_kalman/u_core/u_gemm/gen_row[2].gen_col[0].u_mul/s1_product0__2 of size 18x18, it is decomposed from a wide multipler into 10 DSP blocks.
Related violations: <none>

SYNTH-10#57 Warning
Wide multiplier  
Detected multiplier at swervolf/u_kalman/u_core/u_gemm/gen_row[2].gen_col[0].u_mul/s1_product0__3 of size 18x18, it is decomposed from a wide multipler into 10 DSP blocks.
Related violations: <none>

SYNTH-10#58 Warning
Wide multiplier  
Detected multiplier at swervolf/u_kalman/u_core/u_gemm/gen_row[2].gen_col[0].u_mul/s1_product0__4 of size 18x18, it is decomposed from a wide multipler into 10 DSP blocks.
Related violations: <none>

SYNTH-10#59 Warning
Wide multiplier  
Detected multiplier at swervolf/u_kalman/u_core/u_gemm/gen_row[2].gen_col[0].u_mul/s1_product_reg__0 of size 20x18, it is decomposed from a wide multipler into 10 DSP blocks.
Related violations: <none>

SYNTH-10#60 Warning
Wide multiplier  
Detected multiplier at swervolf/u_kalman/u_core/u_gemm/gen_row[2].gen_col[0].u_mul/s1_product_reg__1 of size 18x18, it is decomposed from a wide multipler into 10 DSP blocks.
Related violations: <none>

SYNTH-10#61 Warning
Wide multiplier  
Detected multiplier at swervolf/u_kalman/u_core/u_gemm/gen_row[2].gen_col[1].u_mul/s1_product0 of size 18x20, it is decomposed from a wide multipler into 10 DSP blocks.
Related violations: <none>

SYNTH-10#62 Warning
Wide multiplier  
Detected multiplier at swervolf/u_kalman/u_core/u_gemm/gen_row[2].gen_col[1].u_mul/s1_product0__0 of size 20x18, it is decomposed from a wide multipler into 10 DSP blocks.
Related violations: <none>

SYNTH-10#63 Warning
Wide multiplier  
Detected multiplier at swervolf/u_kalman/u_core/u_gemm/gen_row[2].gen_col[1].u_mul/s1_product0__1 of size 18x20, it is decomposed from a wide multipler into 10 DSP blocks.
Related violations: <none>

SYNTH-10#64 Warning
Wide multiplier  
Detected multiplier at swervolf/u_kalman/u_core/u_gemm/gen_row[2].gen_col[1].u_mul/s1_product0__2 of size 18x18, it is decomposed from a wide multipler into 10 DSP blocks.
Related violations: <none>

SYNTH-10#65 Warning
Wide multiplier  
Detected multiplier at swervolf/u_kalman/u_core/u_gemm/gen_row[2].gen_col[1].u_mul/s1_product0__3 of size 18x18, it is decomposed from a wide multipler into 10 DSP blocks.
Related violations: <none>

SYNTH-10#66 Warning
Wide multiplier  
Detected multiplier at swervolf/u_kalman/u_core/u_gemm/gen_row[2].gen_col[1].u_mul/s1_product0__4 of size 18x18, it is decomposed from a wide multipler into 10 DSP blocks.
Related violations: <none>

SYNTH-10#67 Warning
Wide multiplier  
Detected multiplier at swervolf/u_kalman/u_core/u_gemm/gen_row[2].gen_col[1].u_mul/s1_product_reg__0 of size 20x18, it is decomposed from a wide multipler into 10 DSP blocks.
Related violations: <none>

SYNTH-10#68 Warning
Wide multiplier  
Detected multiplier at swervolf/u_kalman/u_core/u_gemm/gen_row[2].gen_col[1].u_mul/s1_product_reg__1 of size 18x18, it is decomposed from a wide multipler into 10 DSP blocks.
Related violations: <none>

SYNTH-10#69 Warning
Wide multiplier  
Detected multiplier at swervolf/u_kalman/u_core/u_gemm/gen_row[2].gen_col[2].u_mul/s1_product0 of size 18x20, it is decomposed from a wide multipler into 10 DSP blocks.
Related violations: <none>

SYNTH-10#70 Warning
Wide multiplier  
Detected multiplier at swervolf/u_kalman/u_core/u_gemm/gen_row[2].gen_col[2].u_mul/s1_product0__0 of size 20x18, it is decomposed from a wide multipler into 10 DSP blocks.
Related violations: <none>

SYNTH-10#71 Warning
Wide multiplier  
Detected multiplier at swervolf/u_kalman/u_core/u_gemm/gen_row[2].gen_col[2].u_mul/s1_product0__1 of size 18x20, it is decomposed from a wide multipler into 10 DSP blocks.
Related violations: <none>

SYNTH-10#72 Warning
Wide multiplier  
Detected multiplier at swervolf/u_kalman/u_core/u_gemm/gen_row[2].gen_col[2].u_mul/s1_product0__2 of size 18x18, it is decomposed from a wide multipler into 10 DSP blocks.
Related violations: <none>

SYNTH-10#73 Warning
Wide multiplier  
Detected multiplier at swervolf/u_kalman/u_core/u_gemm/gen_row[2].gen_col[2].u_mul/s1_product0__3 of size 18x18, it is decomposed from a wide multipler into 10 DSP blocks.
Related violations: <none>

SYNTH-10#74 Warning
Wide multiplier  
Detected multiplier at swervolf/u_kalman/u_core/u_gemm/gen_row[2].gen_col[2].u_mul/s1_product0__4 of size 18x18, it is decomposed from a wide multipler into 10 DSP blocks.
Related violations: <none>

SYNTH-10#75 Warning
Wide multiplier  
Detected multiplier at swervolf/u_kalman/u_core/u_gemm/gen_row[2].gen_col[2].u_mul/s1_product_reg__0 of size 20x18, it is decomposed from a wide multipler into 10 DSP blocks.
Related violations: <none>

SYNTH-10#76 Warning
Wide multiplier  
Detected multiplier at swervolf/u_kalman/u_core/u_gemm/gen_row[2].gen_col[2].u_mul/s1_product_reg__1 of size 18x18, it is decomposed from a wide multipler into 10 DSP blocks.
Related violations: <none>

SYNTH-10#77 Warning
Wide multiplier  
Detected multiplier at swervolf/u_kalman/u_core/u_k0/s1_product0 of size 18x20, it is decomposed from a wide multipler into 10 DSP blocks.
Related violations: <none>

SYNTH-10#78 Warning
Wide multiplier  
Detected multiplier at swervolf/u_kalman/u_core/u_k0/s1_product0__0 of size 20x18, it is decomposed from a wide multipler into 10 DSP blocks.
Related violations: <none>

SYNTH-10#79 Warning
Wide multiplier  
Detected multiplier at swervolf/u_kalman/u_core/u_k0/s1_product0__1 of size 18x20, it is decomposed from a wide multipler into 10 DSP blocks.
Related violations: <none>

SYNTH-10#80 Warning
Wide multiplier  
Detected multiplier at swervolf/u_kalman/u_core/u_k0/s1_product0__2 of size 18x18, it is decomposed from a wide multipler into 10 DSP blocks.
Related violations: <none>

SYNTH-10#81 Warning
Wide multiplier  
Detected multiplier at swervolf/u_kalman/u_core/u_k0/s1_product0__3 of size 18x18, it is decomposed from a wide multipler into 10 DSP blocks.
Related violations: <none>

SYNTH-10#82 Warning
Wide multiplier  
Detected multiplier at swervolf/u_kalman/u_core/u_k0/s1_product0__4 of size 18x18, it is decomposed from a wide multipler into 10 DSP blocks.
Related violations: <none>

SYNTH-10#83 Warning
Wide multiplier  
Detected multiplier at swervolf/u_kalman/u_core/u_k0/s1_product_reg__0 of size 20x18, it is decomposed from a wide multipler into 10 DSP blocks.
Related violations: <none>

SYNTH-10#84 Warning
Wide multiplier  
Detected multiplier at swervolf/u_kalman/u_core/u_k0/s1_product_reg__1 of size 18x18, it is decomposed from a wide multipler into 10 DSP blocks.
Related violations: <none>

SYNTH-10#85 Warning
Wide multiplier  
Detected multiplier at swervolf/u_kalman/u_core/u_k1/s1_product0 of size 18x20, it is decomposed from a wide multipler into 10 DSP blocks.
Related violations: <none>

SYNTH-10#86 Warning
Wide multiplier  
Detected multiplier at swervolf/u_kalman/u_core/u_k1/s1_product0__0 of size 20x18, it is decomposed from a wide multipler into 10 DSP blocks.
Related violations: <none>

SYNTH-10#87 Warning
Wide multiplier  
Detected multiplier at swervolf/u_kalman/u_core/u_k1/s1_product0__1 of size 18x20, it is decomposed from a wide multipler into 10 DSP blocks.
Related violations: <none>

SYNTH-10#88 Warning
Wide multiplier  
Detected multiplier at swervolf/u_kalman/u_core/u_k1/s1_product0__2 of size 18x18, it is decomposed from a wide multipler into 10 DSP blocks.
Related violations: <none>

SYNTH-10#89 Warning
Wide multiplier  
Detected multiplier at swervolf/u_kalman/u_core/u_k1/s1_product0__3 of size 18x18, it is decomposed from a wide multipler into 10 DSP blocks.
Related violations: <none>

SYNTH-10#90 Warning
Wide multiplier  
Detected multiplier at swervolf/u_kalman/u_core/u_k1/s1_product0__4 of size 18x18, it is decomposed from a wide multipler into 10 DSP blocks.
Related violations: <none>

SYNTH-10#91 Warning
Wide multiplier  
Detected multiplier at swervolf/u_kalman/u_core/u_k1/s1_product_reg__0 of size 20x18, it is decomposed from a wide multipler into 10 DSP blocks.
Related violations: <none>

SYNTH-10#92 Warning
Wide multiplier  
Detected multiplier at swervolf/u_kalman/u_core/u_k1/s1_product_reg__1 of size 18x18, it is decomposed from a wide multipler into 10 DSP blocks.
Related violations: <none>

SYNTH-10#93 Warning
Wide multiplier  
Detected multiplier at swervolf/u_kalman/u_core/u_k2/s1_product0 of size 18x20, it is decomposed from a wide multipler into 10 DSP blocks.
Related violations: <none>

SYNTH-10#94 Warning
Wide multiplier  
Detected multiplier at swervolf/u_kalman/u_core/u_k2/s1_product0__0 of size 20x18, it is decomposed from a wide multipler into 10 DSP blocks.
Related violations: <none>

SYNTH-10#95 Warning
Wide multiplier  
Detected multiplier at swervolf/u_kalman/u_core/u_k2/s1_product0__1 of size 18x20, it is decomposed from a wide multipler into 10 DSP blocks.
Related violations: <none>

SYNTH-10#96 Warning
Wide multiplier  
Detected multiplier at swervolf/u_kalman/u_core/u_k2/s1_product0__2 of size 18x18, it is decomposed from a wide multipler into 10 DSP blocks.
Related violations: <none>

SYNTH-10#97 Warning
Wide multiplier  
Detected multiplier at swervolf/u_kalman/u_core/u_k2/s1_product0__3 of size 18x18, it is decomposed from a wide multipler into 10 DSP blocks.
Related violations: <none>

SYNTH-10#98 Warning
Wide multiplier  
Detected multiplier at swervolf/u_kalman/u_core/u_k2/s1_product0__4 of size 18x18, it is decomposed from a wide multipler into 10 DSP blocks.
Related violations: <none>

SYNTH-10#99 Warning
Wide multiplier  
Detected multiplier at swervolf/u_kalman/u_core/u_k2/s1_product_reg__0 of size 20x18, it is decomposed from a wide multipler into 10 DSP blocks.
Related violations: <none>

SYNTH-10#100 Warning
Wide multiplier  
Detected multiplier at swervolf/u_kalman/u_core/u_k2/s1_product_reg__1 of size 18x18, it is decomposed from a wide multipler into 10 DSP blocks.
Related violations: <none>

SYNTH-10#101 Warning
Wide multiplier  
Detected multiplier at swervolf/u_kalman/u_core/u_ky0/s1_product0 of size 18x20, it is decomposed from a wide multipler into 10 DSP blocks.
Related violations: <none>

SYNTH-10#102 Warning
Wide multiplier  
Detected multiplier at swervolf/u_kalman/u_core/u_ky0/s1_product0__0 of size 20x18, it is decomposed from a wide multipler into 10 DSP blocks.
Related violations: <none>

SYNTH-10#103 Warning
Wide multiplier  
Detected multiplier at swervolf/u_kalman/u_core/u_ky0/s1_product0__1 of size 18x20, it is decomposed from a wide multipler into 10 DSP blocks.
Related violations: <none>

SYNTH-10#104 Warning
Wide multiplier  
Detected multiplier at swervolf/u_kalman/u_core/u_ky0/s1_product0__2 of size 18x18, it is decomposed from a wide multipler into 10 DSP blocks.
Related violations: <none>

SYNTH-10#105 Warning
Wide multiplier  
Detected multiplier at swervolf/u_kalman/u_core/u_ky0/s1_product0__3 of size 18x18, it is decomposed from a wide multipler into 10 DSP blocks.
Related violations: <none>

SYNTH-10#106 Warning
Wide multiplier  
Detected multiplier at swervolf/u_kalman/u_core/u_ky0/s1_product0__4 of size 18x18, it is decomposed from a wide multipler into 10 DSP blocks.
Related violations: <none>

SYNTH-10#107 Warning
Wide multiplier  
Detected multiplier at swervolf/u_kalman/u_core/u_ky0/s1_product_reg__0 of size 20x18, it is decomposed from a wide multipler into 10 DSP blocks.
Related violations: <none>

SYNTH-10#108 Warning
Wide multiplier  
Detected multiplier at swervolf/u_kalman/u_core/u_ky0/s1_product_reg__1 of size 18x18, it is decomposed from a wide multipler into 10 DSP blocks.
Related violations: <none>

SYNTH-10#109 Warning
Wide multiplier  
Detected multiplier at swervolf/u_kalman/u_core/u_ky1/s1_product0 of size 18x20, it is decomposed from a wide multipler into 10 DSP blocks.
Related violations: <none>

SYNTH-10#110 Warning
Wide multiplier  
Detected multiplier at swervolf/u_kalman/u_core/u_ky1/s1_product0__0 of size 20x18, it is decomposed from a wide multipler into 10 DSP blocks.
Related violations: <none>

SYNTH-10#111 Warning
Wide multiplier  
Detected multiplier at swervolf/u_kalman/u_core/u_ky1/s1_product0__1 of size 18x20, it is decomposed from a wide multipler into 10 DSP blocks.
Related violations: <none>

SYNTH-10#112 Warning
Wide multiplier  
Detected multiplier at swervolf/u_kalman/u_core/u_ky1/s1_product0__2 of size 18x18, it is decomposed from a wide multipler into 10 DSP blocks.
Related violations: <none>

SYNTH-10#113 Warning
Wide multiplier  
Detected multiplier at swervolf/u_kalman/u_core/u_ky1/s1_product0__3 of size 18x18, it is decomposed from a wide multipler into 10 DSP blocks.
Related violations: <none>

SYNTH-10#114 Warning
Wide multiplier  
Detected multiplier at swervolf/u_kalman/u_core/u_ky1/s1_product0__4 of size 18x18, it is decomposed from a wide multipler into 10 DSP blocks.
Related violations: <none>

SYNTH-10#115 Warning
Wide multiplier  
Detected multiplier at swervolf/u_kalman/u_core/u_ky1/s1_product_reg__0 of size 20x18, it is decomposed from a wide multipler into 10 DSP blocks.
Related violations: <none>

SYNTH-10#116 Warning
Wide multiplier  
Detected multiplier at swervolf/u_kalman/u_core/u_ky1/s1_product_reg__1 of size 18x18, it is decomposed from a wide multipler into 10 DSP blocks.
Related violations: <none>

SYNTH-10#117 Warning
Wide multiplier  
Detected multiplier at swervolf/u_kalman/u_core/u_ky2/s1_product0 of size 18x20, it is decomposed from a wide multipler into 10 DSP blocks.
Related violations: <none>

SYNTH-10#118 Warning
Wide multiplier  
Detected multiplier at swervolf/u_kalman/u_core/u_ky2/s1_product0__0 of size 20x18, it is decomposed from a wide multipler into 10 DSP blocks.
Related violations: <none>

SYNTH-10#119 Warning
Wide multiplier  
Detected multiplier at swervolf/u_kalman/u_core/u_ky2/s1_product0__1 of size 18x20, it is decomposed from a wide multipler into 10 DSP blocks.
Related violations: <none>

SYNTH-10#120 Warning
Wide multiplier  
Detected multiplier at swervolf/u_kalman/u_core/u_ky2/s1_product0__2 of size 18x18, it is decomposed from a wide multipler into 10 DSP blocks.
Related violations: <none>

SYNTH-10#121 Warning
Wide multiplier  
Detected multiplier at swervolf/u_kalman/u_core/u_ky2/s1_product0__3 of size 18x18, it is decomposed from a wide multipler into 10 DSP blocks.
Related violations: <none>

SYNTH-10#122 Warning
Wide multiplier  
Detected multiplier at swervolf/u_kalman/u_core/u_ky2/s1_product0__4 of size 18x18, it is decomposed from a wide multipler into 10 DSP blocks.
Related violations: <none>

SYNTH-10#123 Warning
Wide multiplier  
Detected multiplier at swervolf/u_kalman/u_core/u_ky2/s1_product_reg__0 of size 20x18, it is decomposed from a wide multipler into 10 DSP blocks.
Related violations: <none>

SYNTH-10#124 Warning
Wide multiplier  
Detected multiplier at swervolf/u_kalman/u_core/u_ky2/s1_product_reg__1 of size 18x18, it is decomposed from a wide multipler into 10 DSP blocks.
Related violations: <none>

SYNTH-10#125 Warning
Wide multiplier  
Detected multiplier at swervolf/u_kalman/u_core/u_nr_mul1/s1_product0 of size 18x20, it is decomposed from a wide multipler into 10 DSP blocks.
Related violations: <none>

SYNTH-10#126 Warning
Wide multiplier  
Detected multiplier at swervolf/u_kalman/u_core/u_nr_mul1/s1_product0__0 of size 20x18, it is decomposed from a wide multipler into 10 DSP blocks.
Related violations: <none>

SYNTH-10#127 Warning
Wide multiplier  
Detected multiplier at swervolf/u_kalman/u_core/u_nr_mul1/s1_product0__1 of size 18x20, it is decomposed from a wide multipler into 10 DSP blocks.
Related violations: <none>

SYNTH-10#128 Warning
Wide multiplier  
Detected multiplier at swervolf/u_kalman/u_core/u_nr_mul1/s1_product0__2 of size 18x18, it is decomposed from a wide multipler into 10 DSP blocks.
Related violations: <none>

SYNTH-10#129 Warning
Wide multiplier  
Detected multiplier at swervolf/u_kalman/u_core/u_nr_mul1/s1_product0__3 of size 18x18, it is decomposed from a wide multipler into 10 DSP blocks.
Related violations: <none>

SYNTH-10#130 Warning
Wide multiplier  
Detected multiplier at swervolf/u_kalman/u_core/u_nr_mul1/s1_product0__4 of size 18x18, it is decomposed from a wide multipler into 10 DSP blocks.
Related violations: <none>

SYNTH-10#131 Warning
Wide multiplier  
Detected multiplier at swervolf/u_kalman/u_core/u_nr_mul1/s1_product_reg__0 of size 20x18, it is decomposed from a wide multipler into 10 DSP blocks.
Related violations: <none>

SYNTH-10#132 Warning
Wide multiplier  
Detected multiplier at swervolf/u_kalman/u_core/u_nr_mul1/s1_product_reg__1 of size 18x18, it is decomposed from a wide multipler into 10 DSP blocks.
Related violations: <none>

SYNTH-10#133 Warning
Wide multiplier  
Detected multiplier at swervolf/u_kalman/u_core/u_nr_mul2/s1_product0 of size 18x20, it is decomposed from a wide multipler into 10 DSP blocks.
Related violations: <none>

SYNTH-10#134 Warning
Wide multiplier  
Detected multiplier at swervolf/u_kalman/u_core/u_nr_mul2/s1_product0__0 of size 20x18, it is decomposed from a wide multipler into 10 DSP blocks.
Related violations: <none>

SYNTH-10#135 Warning
Wide multiplier  
Detected multiplier at swervolf/u_kalman/u_core/u_nr_mul2/s1_product0__1 of size 18x20, it is decomposed from a wide multipler into 10 DSP blocks.
Related violations: <none>

SYNTH-10#136 Warning
Wide multiplier  
Detected multiplier at swervolf/u_kalman/u_core/u_nr_mul2/s1_product0__2 of size 18x18, it is decomposed from a wide multipler into 10 DSP blocks.
Related violations: <none>

SYNTH-10#137 Warning
Wide multiplier  
Detected multiplier at swervolf/u_kalman/u_core/u_nr_mul2/s1_product0__3 of size 18x18, it is decomposed from a wide multipler into 10 DSP blocks.
Related violations: <none>

SYNTH-10#138 Warning
Wide multiplier  
Detected multiplier at swervolf/u_kalman/u_core/u_nr_mul2/s1_product0__4 of size 18x18, it is decomposed from a wide multipler into 10 DSP blocks.
Related violations: <none>

SYNTH-10#139 Warning
Wide multiplier  
Detected multiplier at swervolf/u_kalman/u_core/u_nr_mul2/s1_product_reg__0 of size 20x18, it is decomposed from a wide multipler into 10 DSP blocks.
Related violations: <none>

SYNTH-10#140 Warning
Wide multiplier  
Detected multiplier at swervolf/u_kalman/u_core/u_nr_mul2/s1_product_reg__1 of size 18x18, it is decomposed from a wide multipler into 10 DSP blocks.
Related violations: <none>

TIMING-9#1 Warning
Unknown CDC Logic  
One or more asynchronous Clock Domain Crossing has been detected between 2 clock domains through a set_false_path or a set_clock_groups or set_max_delay -datapath_only constraint but no double-registers logic synchronizer has been found on the side of the capture clock. It is recommended to run report_cdc for a complete and detailed CDC coverage. Please consider using XPM_CDC to avoid Critical severities
Related violations: <none>

TIMING-18#1 Warning
Missing input or output delay  
An input delay is missing on i_uart_rx relative to the rising and/or falling clock edge(s) of sys_clk_pin.
Related violations: <none>

TIMING-18#2 Warning
Missing input or output delay  
An input delay is missing on rstn relative to the rising and/or falling clock edge(s) of sys_clk_pin.
Related violations: <none>

TIMING-18#3 Warning
Missing input or output delay  
An output delay is missing on ddram_dq[0] relative to the rising and/or falling clock edge(s) of sys_clk_pin.
Related violations: <none>

TIMING-18#4 Warning
Missing input or output delay  
An output delay is missing on ddram_dq[10] relative to the rising and/or falling clock edge(s) of sys_clk_pin.
Related violations: <none>

TIMING-18#5 Warning
Missing input or output delay  
An output delay is missing on ddram_dq[11] relative to the rising and/or falling clock edge(s) of sys_clk_pin.
Related violations: <none>

TIMING-18#6 Warning
Missing input or output delay  
An output delay is missing on ddram_dq[12] relative to the rising and/or falling clock edge(s) of sys_clk_pin.
Related violations: <none>

TIMING-18#7 Warning
Missing input or output delay  
An output delay is missing on ddram_dq[13] relative to the rising and/or falling clock edge(s) of sys_clk_pin.
Related violations: <none>

TIMING-18#8 Warning
Missing input or output delay  
An output delay is missing on ddram_dq[14] relative to the rising and/or falling clock edge(s) of sys_clk_pin.
Related violations: <none>

TIMING-18#9 Warning
Missing input or output delay  
An output delay is missing on ddram_dq[15] relative to the rising and/or falling clock edge(s) of sys_clk_pin.
Related violations: <none>

TIMING-18#10 Warning
Missing input or output delay  
An output delay is missing on ddram_dq[1] relative to the rising and/or falling clock edge(s) of sys_clk_pin.
Related violations: <none>

TIMING-18#11 Warning
Missing input or output delay  
An output delay is missing on ddram_dq[2] relative to the rising and/or falling clock edge(s) of sys_clk_pin.
Related violations: <none>

TIMING-18#12 Warning
Missing input or output delay  
An output delay is missing on ddram_dq[3] relative to the rising and/or falling clock edge(s) of sys_clk_pin.
Related violations: <none>

TIMING-18#13 Warning
Missing input or output delay  
An output delay is missing on ddram_dq[4] relative to the rising and/or falling clock edge(s) of sys_clk_pin.
Related violations: <none>

TIMING-18#14 Warning
Missing input or output delay  
An output delay is missing on ddram_dq[5] relative to the rising and/or falling clock edge(s) of sys_clk_pin.
Related violations: <none>

TIMING-18#15 Warning
Missing input or output delay  
An output delay is missing on ddram_dq[6] relative to the rising and/or falling clock edge(s) of sys_clk_pin.
Related violations: <none>

TIMING-18#16 Warning
Missing input or output delay  
An output delay is missing on ddram_dq[7] relative to the rising and/or falling clock edge(s) of sys_clk_pin.
Related violations: <none>

TIMING-18#17 Warning
Missing input or output delay  
An output delay is missing on ddram_dq[8] relative to the rising and/or falling clock edge(s) of sys_clk_pin.
Related violations: <none>

TIMING-18#18 Warning
Missing input or output delay  
An output delay is missing on ddram_dq[9] relative to the rising and/or falling clock edge(s) of sys_clk_pin.
Related violations: <none>

TIMING-18#19 Warning
Missing input or output delay  
An output delay is missing on ddram_dqs_n[0] relative to the rising and/or falling clock edge(s) of sys_clk_pin.
Related violations: <none>

TIMING-18#20 Warning
Missing input or output delay  
An output delay is missing on ddram_dqs_n[1] relative to the rising and/or falling clock edge(s) of sys_clk_pin.
Related violations: <none>

TIMING-18#21 Warning
Missing input or output delay  
An output delay is missing on ddram_dqs_p[0] relative to the rising and/or falling clock edge(s) of sys_clk_pin.
Related violations: <none>

TIMING-18#22 Warning
Missing input or output delay  
An output delay is missing on ddram_dqs_p[1] relative to the rising and/or falling clock edge(s) of sys_clk_pin.
Related violations: <none>

REQP-1959#1 Advisory
connects_SERDES_RST_driver_not_FF  
ddr2/ldc/ISERDESE2: The RST pin should only be driven by a Flip-flop.
Related violations: <none>

REQP-1959#2 Advisory
connects_SERDES_RST_driver_not_FF  
ddr2/ldc/ISERDESE2_10: The RST pin should only be driven by a Flip-flop.
Related violations: <none>

REQP-1959#3 Advisory
connects_SERDES_RST_driver_not_FF  
ddr2/ldc/ISERDESE2_11: The RST pin should only be driven by a Flip-flop.
Related violations: <none>

REQP-1959#4 Advisory
connects_SERDES_RST_driver_not_FF  
ddr2/ldc/ISERDESE2_12: The RST pin should only be driven by a Flip-flop.
Related violations: <none>

REQP-1959#5 Advisory
connects_SERDES_RST_driver_not_FF  
ddr2/ldc/ISERDESE2_13: The RST pin should only be driven by a Flip-flop.
Related violations: <none>

REQP-1959#6 Advisory
connects_SERDES_RST_driver_not_FF  
ddr2/ldc/ISERDESE2_14: The RST pin should only be driven by a Flip-flop.
Related violations: <none>

REQP-1959#7 Advisory
connects_SERDES_RST_driver_not_FF  
ddr2/ldc/ISERDESE2_15: The RST pin should only be driven by a Flip-flop.
Related violations: <none>

REQP-1959#8 Advisory
connects_SERDES_RST_driver_not_FF  
ddr2/ldc/ISERDESE2_1: The RST pin should only be driven by a Flip-flop.
Related violations: <none>

REQP-1959#9 Advisory
connects_SERDES_RST_driver_not_FF  
ddr2/ldc/ISERDESE2_2: The RST pin should only be driven by a Flip-flop.
Related violations: <none>

REQP-1959#10 Advisory
connects_SERDES_RST_driver_not_FF  
ddr2/ldc/ISERDESE2_3: The RST pin should only be driven by a Flip-flop.
Related violations: <none>

REQP-1959#11 Advisory
connects_SERDES_RST_driver_not_FF  
ddr2/ldc/ISERDESE2_4: The RST pin should only be driven by a Flip-flop.
Related violations: <none>

REQP-1959#12 Advisory
connects_SERDES_RST_driver_not_FF  
ddr2/ldc/ISERDESE2_5: The RST pin should only be driven by a Flip-flop.
Related violations: <none>

REQP-1959#13 Advisory
connects_SERDES_RST_driver_not_FF  
ddr2/ldc/ISERDESE2_6: The RST pin should only be driven by a Flip-flop.
Related violations: <none>

REQP-1959#14 Advisory
connects_SERDES_RST_driver_not_FF  
ddr2/ldc/ISERDESE2_7: The RST pin should only be driven by a Flip-flop.
Related violations: <none>

REQP-1959#15 Advisory
connects_SERDES_RST_driver_not_FF  
ddr2/ldc/ISERDESE2_8: The RST pin should only be driven by a Flip-flop.
Related violations: <none>

REQP-1959#16 Advisory
connects_SERDES_RST_driver_not_FF  
ddr2/ldc/ISERDESE2_9: The RST pin should only be driven by a Flip-flop.
Related violations: <none>


